benchmark_run_id,result_id,pred_id,dataset,variant,page_id,gt_id,entity_id,html_file,html_key,run_id,source,query,product_url,match_status,gt_name,gt_price,gt_price_state,pred_name,pred_price,name_ok,price_ok,price_presence_ok,unexpected_price_FP,name_similarity,price_error_signed,price_error_absolute,price_error_relative,price_error_relative_absolute,error_labels,notes,entity_TP,entity_FP,entity_FN,name_TP,name_FP,name_FN,price_TP,price_FP,price_FN,gt_meta__page_id,gt_meta__category,gt_meta__subcategory,gt_meta__name_gt,gt_meta__price_gt,gt_meta__product_url_gt,gt_meta__in_stock_gt,gt_meta__rating_gt,gt_meta__delivery_time_gt,gt_meta__region_gt,gt_meta__sku_gt,gt_meta__base_page_id,gt_meta__base_entity_id,gt_meta__html_file,gt_meta__mutation_axis,gt_meta__gt_id,gt_meta__source,gt_meta__run_id,gt_meta__query,gt_meta__annotation_status,gt_meta__is_product,gt_meta__gt_name,gt_meta__gt_price,gt_meta__product_url,gt_meta__notes,gt_meta__html_key,gt_meta__gt_price_state,manifest__dataset,manifest__html_file,manifest__html_key,manifest__run_id,manifest__source,manifest__html_path,manifest__page_url,manifest__source_url,manifest__query,manifest__location,manifest__route,manifest__artifact_kind,manifest__skip_reason,manifest__content_sha256,manifest__expected_sha256,page_meta__artifact_path,page_meta__base_page_id,page_meta__base_template,page_meta__benchmark_html_file,page_meta__category,page_meta__mutation_axis,page_meta__n_entities,page_meta__page_id,page_meta__page_url,page_meta__sha256,page_meta__source,page_meta__variant_idx
20261002T161451Z-d2eb76ee,original_fast-7ea3be668b7a51,original_fast-7ea3be668b7a51,synthetic,original_fast,syn-0001,gt-d3a4118972524f9e2b1f,syn-0001-e01,html/syn-0001.html,syn-0001.html,run-none1,synthetic-shop.local,,https://synthetic-shop.local/product/laser-level-01-01,matched_gt,Лазерный уровень ЛУ-360 Pro,12990,present,Лазерный уровень ЛУ-360 Pro,12990.0,1,1,1.0,0,1.0,0.0,0.0,0.0,0.0,,matched_gt; pipeline:generic:synthetic-shop.local,1,0,0,1,0,0,1,0,0,syn-0001,construction_instruments,construction_instruments,Лазерный уровень ЛУ-360 Pro,12990,https://synthetic-shop.local/product/laser-level-01-01,0,4.1,1–3 дня,Москва,SYN-01-01,syn-0001,syn-0001-e01,html/syn-0001.html,clean,gt-d3a4118972524f9e2b1f,synthetic-shop.local,run-none1,,,,Лазерный уровень ЛУ-360 Pro,12990,https://synthetic-shop.local/product/laser-level-01-01,,syn-0001.html,present,synthetic,html/syn-0001.html,syn-0001.html,run-none1,synthetic-shop.local,D:\Pet_Codes\science\article-price-tracker\synthetic\html\syn-0001.html,https://synthetic-shop.local/search/syn-0001,https://synthetic-shop.local/search/syn-0001,,,,raw_html,,042bf11721a916f4b44823fa2c6e53c79792cdc67fd710d1a07a0d97015c13a2,042bf11721a916f4b44823fa2c6e53c79792cdc67fd710d1a07a0d97015c13a2,html/syn-0001.html,syn-0001,jsonld_cards,html/syn-0001.html,construction_instruments,clean,5,syn-0001,https://synthetic-shop.local/search/syn-0001,042bf11721a916f4b44823fa2c6e53c79792cdc67fd710d1a07a0d97015c13a2,synthetic-shop.local,0
20261002T161451Z-d2eb76ee,original_fast-1462ff3af76115,original_fast-1462ff3af76115,synthetic,original_fast,syn-0001,gt-7c0689ca310457392ddc,syn-0001-e02,html/syn-0001.html,syn-0001.html,run-none1,synthetic-shop.local,,https://synthetic-shop.local/product/laser-rangefinder-01-02,matched_gt,Дальномер лазерный DM-80,7039,present,Дальномер лазерный DM-80,7039.0,1,1,1.0,0,1.0,0.0,0.0,0.0,0.0,,matched_gt; pipeline:generic:synthetic-shop.local,1,0,0,1,0,0,1,0,0,syn-0001,construction_instruments,construction_instruments,Дальномер лазерный DM-80,7039,https://synthetic-shop.local/product/laser-rangefinder-01-02,1,4.2,2–4 дня,Москва,SYN-01-02,syn-0001,syn-0001-e02,html/syn-0001.html,clean,gt-7c0689ca310457392ddc,synthetic-shop.local,run-none1,,,,Дальномер лазерный DM-80,7039,https://synthetic-shop.local/product/laser-rangefinder-01-02,,syn-0001.html,present,synthetic,html/syn-0001.html,syn-0001.html,run-none1,synthetic-shop.local,D:\Pet_Codes\science\article-price-tracker\synthetic\html\syn-0001.html,https://synthetic-shop.local/search/syn-0001,https://synthetic-shop.local/search/syn-0001,,,,raw_html,,042bf11721a916f4b44823fa2c6e53c79792cdc67fd710d1a07a0d97015c13a2,042bf11721a916f4b44823fa2c6e53c79792cdc67fd710d1a07a0d97015c13a2,html/syn-0001.html,syn-0001,jsonld_cards,html/syn-0001.html,construction_instruments,clean,5,syn-0001,https://synthetic-shop.local/search/syn-0001,042bf11721a916f4b44823fa2c6e53c79792cdc67fd710d1a07a0d97015c13a2,synthetic-shop.local,0
20261002T161451Z-d2eb76ee,original_fast-bf43f9a050d6b4,original_fast-bf43f9a050d6b4,synthetic,original_fast,syn-0001,gt-ecdeeb5d61972870008d,syn-0001-e03,html/syn-0001.html,syn-0001.html,run-none1,synthetic-shop.local,,https://synthetic-shop.local/product/multimeter-01-03,matched_gt,Мультиметр цифровой M830 Pro,1916,present,Мультиметр цифровой M830 Pro,1916.0,1,1,1.0,0,1.0,0.0,0.0,0.0,0.0,,matched_gt; pipeline:generic:synthetic-shop.local,1,0,0,1,0,0,1,0,0,syn-0001,construction_instruments,construction_instruments,Мультиметр цифровой M830 Pro,1916,https://synthetic-shop.local/product/multimeter-01-03,1,4.3,3–5 дня,Москва,SYN-01-03,syn-0001,syn-0001-e03,html/syn-0001.html,clean,gt-ecdeeb5d61972870008d,synthetic-shop.local,run-none1,,,,Мультиметр цифровой M830 Pro,1916,https://synthetic-shop.local/product/multimeter-01-03,,syn-0001.html,present,synthetic,html/syn-0001.html,syn-0001.html,run-none1,synthetic-shop.local,D:\Pet_Codes\science\article-price-tracker\synthetic\html\syn-0001.html,https://synthetic-shop.local/search/syn-0001,https://synthetic-shop.local/search/syn-0001,,,,raw_html,,042bf11721a916f4b44823fa2c6e53c79792cdc67fd710d1a07a0d97015c13a2,042bf11721a916f4b44823fa2c6e53c79792cdc67fd710d1a07a0d97015c13a2,html/syn-0001.html,syn-0001,jsonld_cards,html/syn-0001.html,construction_instruments,clean,5,syn-0001,https://synthetic-shop.local/search/syn-0001,042bf11721a916f4b44823fa2c6e53c79792cdc67fd710d1a07a0d97015c13a2,synthetic-shop.local,0
20261002T161451Z-d2eb76ee,original_fast-ab67526fb28e11,original_fast-ab67526fb28e11,synthetic,original_fast,syn-0001,gt-7e0bd1f55fb633b9df63,syn-0001-e05,html/syn-0001.html,syn-0001.html,run-none1,synthetic-shop.local,,https://synthetic-shop.local/product/optical-level-01-05,matched_gt,Нивелир оптический N-32,21490,present,Нивелир оптический N-32,21490.0,1,1,1.0,0,1.0,0.0,0.0,0.0,0.0,,matched_gt; pipeline:generic:synthetic-shop.local,1,0,0,1,0,0,1,0,0,syn-0001,construction_instruments,construction_instruments,Нивелир оптический N-32,21490,https://synthetic-shop.local/product/optical-level-01-05,1,4.5,2–3 дня,Москва,SYN-01-05,syn-0001,syn-0001-e05,html/syn-0001.html,clean,gt-7e0bd1f55fb633b9df63,synthetic-shop.local,run-none1,,,,Нивелир оптический N-32,21490,https://synthetic-shop.local/product/optical-level-01-05,,syn-0001.html,present,synthetic,html/syn-0001.html,syn-0001.html,run-none1,synthetic-shop.local,D:\Pet_Codes\science\article-price-tracker\synthetic\html\syn-0001.html,https://synthetic-shop.local/search/syn-0001,https://synthetic-shop.local/search/syn-0001,,,,raw_html,,042bf11721a916f4b44823fa2c6e53c79792cdc67fd710d1a07a0d97015c13a2,042bf11721a916f4b44823fa2c6e53c79792cdc67fd710d1a07a0d97015c13a2,html/syn-0001.html,syn-0001,jsonld_cards,html/syn-0001.html,construction_instruments,clean,5,syn-0001,https://synthetic-shop.local/search/syn-0001,042bf11721a916f4b44823fa2c6e53c79792cdc67fd710d1a07a0d97015c13a2,synthetic-shop.local,0
20261002T161451Z-d2eb76ee,original_fast-44fdeaf4974e50,original_fast-44fdeaf4974e50,synthetic,original_fast,syn-0001,gt-20dae6b4a418ab6b6ea0,syn-0001-e04,html/syn-0001.html,syn-0001.html,run-none1,synthetic-shop.local,,https://synthetic-shop.local/product/thermal-camera-01-04,matched_gt,Тепловизор строительный IR-256,43800,present,Тепловизор строительный IR-256,43800.0,1,1,1.0,0,1.0,0.0,0.0,0.0,0.0,,matched_gt; pipeline:generic:synthetic-shop.local,1,0,0,1,0,0,1,0,0,syn-0001,construction_instruments,construction_instruments,Тепловизор строительный IR-256,43800,https://synthetic-shop.local/product/thermal-camera-01-04,1,4.4,1–6 дня,Москва,SYN-01-04,syn-0001,syn-0001-e04,html/syn-0001.html,clean,gt-20dae6b4a418ab6b6ea0,synthetic-shop.local,run-none1,,,,Тепловизор строительный IR-256,43800,https://synthetic-shop.local/product/thermal-camera-01-04,,syn-0001.html,present,synthetic,html/syn-0001.html,syn-0001.html,run-none1,synthetic-shop.local,D:\Pet_Codes\science\article-price-tracker\synthetic\html\syn-0001.html,https://synthetic-shop.local/search/syn-0001,https://synthetic-shop.local/search/syn-0001,,,,raw_html,,042bf11721a916f4b44823fa2c6e53c79792cdc67fd710d1a07a0d97015c13a2,042bf11721a916f4b44823fa2c6e53c79792cdc67fd710d1a07a0d97015c13a2,html/syn-0001.html,syn-0001,jsonld_cards,html/syn-0001.html,construction_instruments,clean,5,syn-0001,https://synthetic-shop.local/search/syn-0001,042bf11721a916f4b44823fa2c6e53c79792cdc67fd710d1a07a0d97015c13a2,synthetic-shop.local,0
20261002T161451Z-d2eb76ee,original_fast-a84f46e925978b,original_fast-a84f46e925978b,synthetic,original_fast,syn-0002,gt-f13ec39348cbf3834d9a,syn-0002-e04,html/syn-0002.html,syn-0002.html,run-none2,synthetic-shop.local,,https://synthetic-shop.local/product/anemometer-02-04,matched_gt,Анемометр цифровой AM-30,5290,present,Анемометр цифровой AM-30,5290.0,1,1,1.0,0,1.0,0.0,0.0,0.0,0.0,,matched_gt; pipeline:generic:synthetic-shop.local,1,0,0,1,0,0,1,0,0,syn-0002,construction_instruments,construction_instruments,Анемометр цифровой AM-30,5290,https://synthetic-shop.local/product/anemometer-02-04,1,4.5,2–3 дня,Москва,SYN-02-04,syn-0002,syn-0002-e04,html/syn-0002.html,clean,gt-f13ec39348cbf3834d9a,synthetic-shop.local,run-none2,,,,Анемометр цифровой AM-30,5290,https://synthetic-shop.local/product/anemometer-02-04,,syn-0002.html,present,synthetic,html/syn-0002.html,syn-0002.html,run-none2,synthetic-shop.local,D:\Pet_Codes\science\article-price-tracker\synthetic\html\syn-0002.html,https://synthetic-shop.local/search/syn-0002,https://synthetic-shop.local/search/syn-0002,,,,raw_html,,17171cd5fe8f684dba19ad574d83e75a9d92bf472d8e400e664e4d468aaab34e,17171cd5fe8f684dba19ad574d83e75a9d92bf472d8e400e664e4d468aaab34e,html/syn-0002.html,syn-0002,microdata_cards,html/syn-0002.html,construction_instruments,clean,5,syn-0002,https://synthetic-shop.local/search/syn-0002,17171cd5fe8f684dba19ad574d83e75a9d92bf472d8e400e664e4d468aaab34e,synthetic-shop.local,0
20261002T161451Z-d2eb76ee,original_fast-1075cba755a195,original_fast-1075cba755a195,synthetic,original_fast,syn-0002,gt-75b01fd8b5bccfa23edf,syn-0002-e02,html/syn-0002.html,syn-0002.html,run-none2,synthetic-shop.local,,https://synthetic-shop.local/product/optical-level-02-02,matched_gt,Нивелир оптический N-32,21790,present,Нивелир оптический N-32,21790.0,1,1,1.0,0,1.0,0.0,0.0,0.0,0.0,,matched_gt; pipeline:generic:synthetic-shop.local,1,0,0,1,0,0,1,0,0,syn-0002,construction_instruments,construction_instruments,Нивелир оптический N-32,21790,https://synthetic-shop.local/product/optical-level-02-02,1,4.3,3–5 дня,Москва,SYN-02-02,syn-0002,syn-0002-e02,html/syn-0002.html,clean,gt-75b01fd8b5bccfa23edf,synthetic-shop.local,run-none2,,,,Нивелир оптический N-32,21790,https://synthetic-shop.local/product/optical-level-02-02,,syn-0002.html,present,synthetic,html/syn-0002.html,syn-0002.html,run-none2,synthetic-shop.local,D:\Pet_Codes\science\article-price-tracker\synthetic\html\syn-0002.html,https://synthetic-shop.local/search/syn-0002,https://synthetic-shop.local/search/syn-0002,,,,raw_html,,17171cd5fe8f684dba19ad574d83e75a9d92bf472d8e400e664e4d468aaab34e,17171cd5fe8f684dba19ad574d83e75a9d92bf472d8e400e664e4d468aaab34e,html/syn-0002.html,syn-0002,microdata_cards,html/syn-0002.html,construction_instruments,clean,5,syn-0002,https://synthetic-shop.local/search/syn-0002,17171cd5fe8f684dba19ad574d83e75a9d92bf472d8e400e664e4d468aaab34e,synthetic-shop.local,0
20261002T161451Z-d2eb76ee,original_fast-086b8134c340bf,original_fast-086b8134c340bf,synthetic,original_fast,syn-0002,gt-711f8053b98609aa46d3,syn-0002-e05,html/syn-0002.html,syn-0002.html,run-none2,synthetic-shop.local,,https://synthetic-shop.local/product/pyrometer-02-05,matched_gt,Пирометр инфракрасный IR-900,3514,present,Пирометр инфракрасный IR-900,3514.0,1,1,1.0,0,1.0,0.0,0.0,0.0,0.0,,matched_gt; pipeline:generic:synthetic-shop.local,1,0,0,1,0,0,1,0,0,syn-0002,construction_instruments,construction_instruments,Пирометр инфракрасный IR-900,3514,https://synthetic-shop.local/product/pyrometer-02-05,1,4.6,3–4 дня,Москва,SYN-02-05,syn-0002,syn-0002-e05,html/syn-0002.html,clean,gt-711f8053b98609aa46d3,synthetic-shop.local,run-none2,,,,Пирометр инфракрасный IR-900,3514,https://synthetic-shop.local/product/pyrometer-02-05,,syn-0002.html,present,synthetic,html/syn-0002.html,syn-0002.html,run-none2,synthetic-shop.local,D:\Pet_Codes\science\article-price-tracker\synthetic\html\syn-0002.html,https://synthetic-shop.local/search/syn-0002,https://synthetic-shop.local/search/syn-0002,,,,raw_html,,17171cd5fe8f684dba19ad574d83e75a9d92bf472d8e400e664e4d468aaab34e,17171cd5fe8f684dba19ad574d83e75a9d92bf472d8e400e664e4d468aaab34e,html/syn-0002.html,syn-0002,microdata_cards,html/syn-0002.html,construction_instruments,clean,5,syn-0002,https://synthetic-shop.local/search/syn-0002,17171cd5fe8f684dba19ad574d83e75a9d92bf472d8e400e664e4d468aaab34e,synthetic-shop.local,0
20261002T161451Z-d2eb76ee,original_fast-fa0103bad45283,original_fast-fa0103bad45283,synthetic,original_fast,syn-0002,gt-734be3b9a4b8ca4c77e9,syn-0002-e01,html/syn-0002.html,syn-0002.html,run-none2,synthetic-shop.local,,https://synthetic-shop.local/product/thermal-camera-02-01,matched_gt,Тепловизор строительный IR-256,43200,present,Тепловизор строительный IR-256,43200.0,1,1,1.0,0,1.0,0.0,0.0,0.0,0.0,,matched_gt; pipeline:generic:synthetic-shop.local,1,0,0,1,0,0,1,0,0,syn-0002,construction_instruments,construction_instruments,Тепловизор строительный IR-256,43200,https://synthetic-shop.local/product/thermal-camera-02-01,1,4.2,2–4 дня,Москва,SYN-02-01,syn-0002,syn-0002-e01,html/syn-0002.html,clean,gt-734be3b9a4b8ca4c77e9,synthetic-shop.local,run-none2,,,,Тепловизор строительный IR-256,43200,https://synthetic-shop.local/product/thermal-camera-02-01,,syn-0002.html,present,synthetic,html/syn-0002.html,syn-0002.html,run-none2,synthetic-shop.local,D:\Pet_Codes\science\article-price-tracker\synthetic\html\syn-0002.html,https://synthetic-shop.local/search/syn-0002,https://synthetic-shop.local/search/syn-0002,,,,raw_html,,17171cd5fe8f684dba19ad574d83e75a9d92bf472d8e400e664e4d468aaab34e,17171cd5fe8f684dba19ad574d83e75a9d92bf472d8e400e664e4d468aaab34e,html/syn-0002.html,syn-0002,microdata_cards,html/syn-0002.html,construction_instruments,clean,5,syn-0002,https://synthetic-shop.local/search/syn-0002,17171cd5fe8f684dba19ad574d83e75a9d92bf472d8e400e664e4d468aaab34e,synthetic-shop.local,0
20261002T161451Z-d2eb76ee,original_fast-4ea633e59a30d7,original_fast-4ea633e59a30d7,synthetic,original_fast,syn-0002,gt-1cc27f8ce29473cba62f,syn-0002-e03,html/syn-0002.html,syn-0002.html,run-none2,synthetic-shop.local,,https://synthetic-shop.local/product/wall-scanner-02-03,matched_gt,Детектор скрытой проводки WallScan 5,4686,present,Детектор скрытой проводки WallScan 5,4686.0,1,1,1.0,0,1.0,0.0,0.0,0.0,0.0,,matched_gt; pipeline:generic:synthetic-shop.local,1,0,0,1,0,0,1,0,0,syn-0002,construction_instruments,construction_instruments,Детектор скрытой проводки WallScan 5,4686,https://synthetic-shop.local/product/wall-scanner-02-03,1,4.4,1–6 дня,Москва,SYN-02-03,syn-0002,syn-0002-e03,html/syn-0002.html,clean,gt-1cc27f8ce29473cba62f,synthetic-shop.local,run-none2,,,,Детектор скрытой проводки WallScan 5,4686,https://synthetic-shop.local/product/wall-scanner-02-03,,syn-0002.html,present,synthetic,html/syn-0002.html,syn-0002.html,run-none2,synthetic-shop.local,D:\Pet_Codes\science\article-price-tracker\synthetic\html\syn-0002.html,https://synthetic-shop.local/search/syn-0002,https://synthetic-shop.local/search/syn-0002,,,,raw_html,,17171cd5fe8f684dba19ad574d83e75a9d92bf472d8e400e664e4d468aaab34e,17171cd5fe8f684dba19ad574d83e75a9d92bf472d8e400e664e4d468aaab34e,html/syn-0002.html,syn-0002,microdata_cards,html/syn-0002.html,construction_instruments,clean,5,syn-0002,https://synthetic-shop.local/search/syn-0002,17171cd5fe8f684dba19ad574d83e75a9d92bf472d8e400e664e4d468aaab34e,synthetic-shop.local,0
20261002T161451Z-d2eb76ee,original_fast-1d52dd3ccdbe2c,original_fast-1d52dd3ccdbe2c,synthetic,original_fast,syn-0003,gt-ecb49e75cbeb5d96d003,syn-0003-e01,html/syn-0003.html,syn-0003.html,run-none3,synthetic-shop.local,,https://synthetic-shop.local/product/anemometer-03-01,matched_gt,Анемометр цифровой AM-30,5364,present,Анемометр цифровой AM-30,5364.0,1,1,1.0,0,1.0,0.0,0.0,0.0,0.0,,matched_gt; pipeline:generic:synthetic-shop.local,1,0,0,1,0,0,1,0,0,syn-0003,construction_instruments,construction_instruments,Анемометр цифровой AM-30,5364,https://synthetic-shop.local/product/anemometer-03-01,1,4.3,3–5 дня,Москва,SYN-03-01,syn-0003,syn-0003-e01,html/syn-0003.html,clean,gt-ecb49e75cbeb5d96d003,synthetic-shop.local,run-none3,,,,Анемометр цифровой AM-30,5364,https://synthetic-shop.local/product/anemometer-03-01,,syn-0003.html,present,synthetic,html/syn-0003.html,syn-0003.html,run-none3,synthetic-shop.local,D:\Pet_Codes\science\article-price-tracker\synthetic\html\syn-0003.html,https://synthetic-shop.local/search/syn-0003,https://synthetic-shop.local/search/syn-0003,,,,raw_html,,2301e0f464903c9280169092611c0194aa8f79300de653a0b6005af1bf5eae85,2301e0f464903c9280169092611c0194aa8f79300de653a0b6005af1bf5eae85,html/syn-0003.html,syn-0003,plain_cards,html/syn-0003.html,construction_instruments,clean,5,syn-0003,https://synthetic-shop.local/search/syn-0003,2301e0f464903c9280169092611c0194aa8f79300de653a0b6005af1bf5eae85,synthetic-shop.local,0
20261002T161451Z-d2eb76ee,original_fast-a63060e830acc3,original_fast-a63060e830acc3,synthetic,original_fast,syn-0003,gt-462f8f165f82260133cf,syn-0003-e03,html/syn-0003.html,syn-0003.html,run-none3,synthetic-shop.local,,https://synthetic-shop.local/product/coating-gauge-03-03,matched_gt,Толщиномер покрытий CT-1200,8990,present,Толщиномер покрытий CT-1200,8990.0,1,1,1.0,0,1.0,0.0,0.0,0.0,0.0,,matched_gt; pipeline:generic:synthetic-shop.local,1,0,0,1,0,0,1,0,0,syn-0003,construction_instruments,construction_instruments,Толщиномер покрытий CT-1200,8990,https://synthetic-shop.local/product/coating-gauge-03-03,1,4.5,2–3 дня,Москва,SYN-03-03,syn-0003,syn-0003-e03,html/syn-0003.html,clean,gt-462f8f165f82260133cf,synthetic-shop.local,run-none3,,,,Толщиномер покрытий CT-1200,8990,https://synthetic-shop.local/product/coating-gauge-03-03,,syn-0003.html,present,synthetic,html/syn-0003.html,syn-0003.html,run-none3,synthetic-shop.local,D:\Pet_Codes\science\article-price-tracker\synthetic\html\syn-0003.html,https://synthetic-shop.local/search/syn-0003,https://synthetic-shop.local/search/syn-0003,,,,raw_html,,2301e0f464903c9280169092611c0194aa8f79300de653a0b6005af1bf5eae85,2301e0f464903c9280169092611c0194aa8f79300de653a0b6005af1bf5eae85,html/syn-0003.html,syn-0003,plain_cards,html/syn-0003.html,construction_instruments,clean,5,syn-0003,https://synthetic-shop.local/search/syn-0003,2301e0f464903c9280169092611c0194aa8f79300de653a0b6005af1bf5eae85,synthetic-shop.local,0
20261002T161451Z-d2eb76ee,original_fast-274fb58ab63d7a,original_fast-274fb58ab63d7a,synthetic,original_fast,syn-0003,gt-80bd9eab869b3a2b33c2,syn-0003-e04,html/syn-0003.html,syn-0003.html,run-none3,synthetic-shop.local,,https://synthetic-shop.local/product/megohmmeter-03-04,matched_gt,Мегаомметр цифровой MI-1000,16102,present,Мегаомметр цифровой MI-1000,16102.0,1,1,1.0,0,1.0,0.0,0.0,0.0,0.0,,matched_gt; pipeline:generic:synthetic-shop.local,1,0,0,1,0,0,1,0,0,syn-0003,construction_instruments,construction_instruments,Мегаомметр цифровой MI-1000,16102,https://synthetic-shop.local/product/megohmmeter-03-04,1,4.6,3–4 дня,Москва,SYN-03-04,syn-0003,syn-0003-e04,html/syn-0003.html,clean,gt-80bd9eab869b3a2b33c2,synthetic-shop.local,run-none3,,,,Мегаомметр цифровой MI-1000,16102,https://synthetic-shop.local/product/megohmmeter-03-04,,syn-0003.html,present,synthetic,html/syn-0003.html,syn-0003.html,run-none3,synthetic-shop.local,D:\Pet_Codes\science\article-price-tracker\synthetic\html\syn-0003.html,https://synthetic-shop.local/search/syn-0003,https://synthetic-shop.local/search/syn-0003,,,,raw_html,,2301e0f464903c9280169092611c0194aa8f79300de653a0b6005af1bf5eae85,2301e0f464903c9280169092611c0194aa8f79300de653a0b6005af1bf5eae85,html/syn-0003.html,syn-0003,plain_cards,html/syn-0003.html,construction_instruments,clean,5,syn-0003,https://synthetic-shop.local/search/syn-0003,2301e0f464903c9280169092611c0194aa8f79300de653a0b6005af1bf5eae85,synthetic-shop.local,0
20261002T161451Z-d2eb76ee,original_fast-44e88573c7b767,original_fast-44e88573c7b767,synthetic,original_fast,syn-0003,gt-807791f7813b4ebba757,syn-0003-e02,html/syn-0003.html,syn-0003.html,run-none3,synthetic-shop.local,,https://synthetic-shop.local/product/pyrometer-03-02,matched_gt,Пирометр инфракрасный IR-900,3562,present,Пирометр инфракрасный IR-900,3562.0,1,1,1.0,0,1.0,0.0,0.0,0.0,0.0,,matched_gt; pipeline:generic:synthetic-shop.local,1,0,0,1,0,0,1,0,0,syn-0003,construction_instruments,construction_instruments,Пирометр инфракрасный IR-900,3562,https://synthetic-shop.local/product/pyrometer-03-02,1,4.4,1–6 дня,Москва,SYN-03-02,syn-0003,syn-0003-e02,html/syn-0003.html,clean,gt-807791f7813b4ebba757,synthetic-shop.local,run-none3,,,,Пирометр инфракрасный IR-900,3562,https://synthetic-shop.local/product/pyrometer-03-02,,syn-0003.html,present,synthetic,html/syn-0003.html,syn-0003.html,run-none3,synthetic-shop.local,D:\Pet_Codes\science\article-price-tracker\synthetic\html\syn-0003.html,https://synthetic-shop.local/search/syn-0003,https://synthetic-shop.local/search/syn-0003,,,,raw_html,,2301e0f464903c9280169092611c0194aa8f79300de653a0b6005af1bf5eae85,2301e0f464903c9280169092611c0194aa8f79300de653a0b6005af1bf5eae85,html/syn-0003.html,syn-0003,plain_cards,html/syn-0003.html,construction_instruments,clean,5,syn-0003,https://synthetic-shop.local/search/syn-0003,2301e0f464903c9280169092611c0194aa8f79300de653a0b6005af1bf5eae85,synthetic-shop.local,0
20261002T161451Z-d2eb76ee,original_fast-4fb1b7b1bffbb3,original_fast-4fb1b7b1bffbb3,synthetic,original_fast,syn-0003,gt-8c0511cfaa723f81918b,syn-0003-e05,html/syn-0003.html,syn-0003.html,run-none3,synthetic-shop.local,,https://synthetic-shop.local/product/socket-tester-03-05,matched_gt,Тестер розеток и УЗО ST-8,1816,present,Тестер розеток и УЗО ST-8,1816.0,1,1,1.0,0,1.0,0.0,0.0,0.0,0.0,,matched_gt; pipeline:generic:synthetic-shop.local,1,0,0,1,0,0,1,0,0,syn-0003,construction_instruments,construction_instruments,Тестер розеток и УЗО ST-8,1816,https://synthetic-shop.local/product/socket-tester-03-05,1,4.7,1–5 дня,Москва,SYN-03-05,syn-0003,syn-0003-e05,html/syn-0003.html,clean,gt-8c0511cfaa723f81918b,synthetic-shop.local,run-none3,,,,Тестер розеток и УЗО ST-8,1816,https://synthetic-shop.local/product/socket-tester-03-05,,syn-0003.html,present,synthetic,html/syn-0003.html,syn-0003.html,run-none3,synthetic-shop.local,D:\Pet_Codes\science\article-price-tracker\synthetic\html\syn-0003.html,https://synthetic-shop.local/search/syn-0003,https://synthetic-shop.local/search/syn-0003,,,,raw_html,,2301e0f464903c9280169092611c0194aa8f79300de653a0b6005af1bf5eae85,2301e0f464903c9280169092611c0194aa8f79300de653a0b6005af1bf5eae85,html/syn-0003.html,syn-0003,plain_cards,html/syn-0003.html,construction_instruments,clean,5,syn-0003,https://synthetic-shop.local/search/syn-0003,2301e0f464903c9280169092611c0194aa8f79300de653a0b6005af1bf5eae85,synthetic-shop.local,0
20261002T161451Z-d2eb76ee,original_fast-6b669e690cf518,original_fast-6b669e690cf518,synthetic,original_fast,syn-0004,gt-ea08119e0e5b8fd16a0b,syn-0004-e05,html/syn-0004.html,syn-0004.html,run-none4,synthetic-shop.local,,https://synthetic-shop.local/product/clamp-meter-04-05,matched_gt,Клещи токовые CM-600,6625,present,Клещи токовые CM-600,6625.0,1,1,1.0,0,1.0,0.0,0.0,0.0,0.0,,matched_gt; pipeline:generic:synthetic-shop.local,1,0,0,1,0,0,1,0,0,syn-0004,construction_instruments,construction_instruments,Клещи токовые CM-600,6625,https://synthetic-shop.local/product/clamp-meter-04-05,0,4.8,2–6 дня,Москва,SYN-04-05,syn-0004,syn-0004-e05,html/syn-0004.html,clean,gt-ea08119e0e5b8fd16a0b,synthetic-shop.local,run-none4,,,,Клещи токовые CM-600,6625,https://synthetic-shop.local/product/clamp-meter-04-05,,syn-0004.html,present,synthetic,html/syn-0004.html,syn-0004.html,run-none4,synthetic-shop.local,D:\Pet_Codes\science\article-price-tracker\synthetic\html\syn-0004.html,https://synthetic-shop.local/search/syn-0004,https://synthetic-shop.local/search/syn-0004,,,,raw_html,,c6a75e9a0b34798d4cfba731e855798cae0181bb21b7e5fa2c01ba4460c82609,c6a75e9a0b34798d4cfba731e855798cae0181bb21b7e5fa2c01ba4460c82609,html/syn-0004.html,syn-0004,embedded_state,html/syn-0004.html,construction_instruments,clean,5,syn-0004,https://synthetic-shop.local/search/syn-0004,c6a75e9a0b34798d4cfba731e855798cae0181bb21b7e5fa2c01ba4460c82609,synthetic-shop.local,0
20261002T161451Z-d2eb76ee,original_fast-ede8d28e19640b,original_fast-ede8d28e19640b,synthetic,original_fast,syn-0004,gt-5bef3e67e4478c6adb09,syn-0004-e03,html/syn-0004.html,syn-0004.html,run-none4,synthetic-shop.local,,https://synthetic-shop.local/product/luxmeter-04-03,matched_gt,Люксметр LX-1010,3011,present,Люксметр LX-1010,3011.0,1,1,1.0,0,1.0,0.0,0.0,0.0,0.0,,matched_gt; pipeline:generic:synthetic-shop.local,1,0,0,1,0,0,1,0,0,syn-0004,construction_instruments,construction_instruments,Люксметр LX-1010,3011,https://synthetic-shop.local/product/luxmeter-04-03,1,4.6,3–4 дня,Москва,SYN-04-03,syn-0004,syn-0004-e03,html/syn-0004.html,clean,gt-5bef3e67e4478c6adb09,synthetic-shop.local,run-none4,,,,Люксметр LX-1010,3011,https://synthetic-shop.local/product/luxmeter-04-03,,syn-0004.html,present,synthetic,html/syn-0004.html,syn-0004.html,run-none4,synthetic-shop.local,D:\Pet_Codes\science\article-price-tracker\synthetic\html\syn-0004.html,https://synthetic-shop.local/search/syn-0004,https://synthetic-shop.local/search/syn-0004,,,,raw_html,,c6a75e9a0b34798d4cfba731e855798cae0181bb21b7e5fa2c01ba4460c82609,c6a75e9a0b34798d4cfba731e855798cae0181bb21b7e5fa2c01ba4460c82609,html/syn-0004.html,syn-0004,embedded_state,html/syn-0004.html,construction_instruments,clean,5,syn-0004,https://synthetic-shop.local/search/syn-0004,c6a75e9a0b34798d4cfba731e855798cae0181bb21b7e5fa2c01ba4460c82609,synthetic-shop.local,0
20261002T161451Z-d2eb76ee,original_fast-0d67a1145fe8c0,original_fast-0d67a1145fe8c0,synthetic,original_fast,syn-0004,gt-8504b3edbc2727bff70f,syn-0004-e01,html/syn-0004.html,syn-0004.html,run-none4,synthetic-shop.local,,https://synthetic-shop.local/product/megohmmeter-04-01,matched_gt,Мегаомметр цифровой MI-1000,16326,present,Мегаомметр цифровой MI-1000,16326.0,1,1,1.0,0,1.0,0.0,0.0,0.0,0.0,,matched_gt; pipeline:generic:synthetic-shop.local,1,0,0,1,0,0,1,0,0,syn-0004,construction_instruments,construction_instruments,Мегаомметр цифровой MI-1000,16326,https://synthetic-shop.local/product/megohmmeter-04-01,1,4.4,1–6 дня,Москва,SYN-04-01,syn-0004,syn-0004-e01,html/syn-0004.html,clean,gt-8504b3edbc2727bff70f,synthetic-shop.local,run-none4,,,,Мегаомметр цифровой MI-1000,16326,https://synthetic-shop.local/product/megohmmeter-04-01,,syn-0004.html,present,synthetic,html/syn-0004.html,syn-0004.html,run-none4,synthetic-shop.local,D:\Pet_Codes\science\article-price-tracker\synthetic\html\syn-0004.html,https://synthetic-shop.local/search/syn-0004,https://synthetic-shop.local/search/syn-0004,,,,raw_html,,c6a75e9a0b34798d4cfba731e855798cae0181bb21b7e5fa2c01ba4460c82609,c6a75e9a0b34798d4cfba731e855798cae0181bb21b7e5fa2c01ba4460c82609,html/syn-0004.html,syn-0004,embedded_state,html/syn-0004.html,construction_instruments,clean,5,syn-0004,https://synthetic-shop.local/search/syn-0004,c6a75e9a0b34798d4cfba731e855798cae0181bb21b7e5fa2c01ba4460c82609,synthetic-shop.local,0
20261002T161451Z-d2eb76ee,original_fast-ce92c2a2fdd3f5,original_fast-ce92c2a2fdd3f5,synthetic,original_fast,syn-0004,gt-d90946c8e16668ff30b3,syn-0004-e04,html/syn-0004.html,syn-0004.html,run-none4,synthetic-shop.local,,https://synthetic-shop.local/product/moisture-meter-04-04,matched_gt,Влагомер древесины WM-2,3234,present,Влагомер древесины WM-2,3234.0,1,1,1.0,0,1.0,0.0,0.0,0.0,0.0,,matched_gt; pipeline:generic:synthetic-shop.local,1,0,0,1,0,0,1,0,0,syn-0004,construction_instruments,construction_instruments,Влагомер древесины WM-2,3234,https://synthetic-shop.local/product/moisture-meter-04-04,1,4.7,1–5 дня,Москва,SYN-04-04,syn-0004,syn-0004-e04,html/syn-0004.html,clean,gt-d90946c8e16668ff30b3,synthetic-shop.local,run-none4,,,,Влагомер древесины WM-2,3234,https://synthetic-shop.local/product/moisture-meter-04-04,,syn-0004.html,present,synthetic,html/syn-0004.html,syn-0004.html,run-none4,synthetic-shop.local,D:\Pet_Codes\science\article-price-tracker\synthetic\html\syn-0004.html,https://synthetic-shop.local/search/syn-0004,https://synthetic-shop.local/search/syn-0004,,,,raw_html,,c6a75e9a0b34798d4cfba731e855798cae0181bb21b7e5fa2c01ba4460c82609,c6a75e9a0b34798d4cfba731e855798cae0181bb21b7e5fa2c01ba4460c82609,html/syn-0004.html,syn-0004,embedded_state,html/syn-0004.html,construction_instruments,clean,5,syn-0004,https://synthetic-shop.local/search/syn-0004,c6a75e9a0b34798d4cfba731e855798cae0181bb21b7e5fa2c01ba4460c82609,synthetic-shop.local,0
20261002T161451Z-d2eb76ee,original_fast-4d5b1ceffe5dbf,original_fast-4d5b1ceffe5dbf,synthetic,original_fast,syn-0004,gt-50be9b0813bf6930835c,syn-0004-e02,html/syn-0004.html,syn-0004.html,run-none4,synthetic-shop.local,,https://synthetic-shop.local/product/socket-tester-04-02,matched_gt,Тестер розеток и УЗО ST-8,1790,present,Тестер розеток и УЗО ST-8,1790.0,1,1,1.0,0,1.0,0.0,0.0,0.0,0.0,,matched_gt; pipeline:generic:synthetic-shop.local,1,0,0,1,0,0,1,0,0,syn-0004,construction_instruments,construction_instruments,Тестер розеток и УЗО ST-8,1790,https://synthetic-shop.local/product/socket-tester-04-02,1,4.5,2–3 дня,Москва,SYN-04-02,syn-0004,syn-0004-e02,html/syn-0004.html,clean,gt-50be9b0813bf6930835c,synthetic-shop.local,run-none4,,,,Тестер розеток и УЗО ST-8,1790,https://synthetic-shop.local/product/socket-tester-04-02,,syn-0004.html,present,synthetic,html/syn-0004.html,syn-0004.html,run-none4,synthetic-shop.local,D:\Pet_Codes\science\article-price-tracker\synthetic\html\syn-0004.html,https://synthetic-shop.local/search/syn-0004,https://synthetic-shop.local/search/syn-0004,,,,raw_html,,c6a75e9a0b34798d4cfba731e855798cae0181bb21b7e5fa2c01ba4460c82609,c6a75e9a0b34798d4cfba731e855798cae0181bb21b7e5fa2c01ba4460c82609,html/syn-0004.html,syn-0004,embedded_state,html/syn-0004.html,construction_instruments,clean,5,syn-0004,https://synthetic-shop.local/search/syn-0004,c6a75e9a0b34798d4cfba731e855798cae0181bb21b7e5fa2c01ba4460c82609,synthetic-shop.local,0
20261002T161451Z-d2eb76ee,original_fast-0c14b1feabb5b3,,synthetic,original_fast,syn-0005,gt-9feffded54f82d9bbab9,syn-0005-e03,html/syn-0005.html,syn-0005.html,run-none5,synthetic-shop.local,,https://synthetic-shop.local/product/angle-meter-05-03,missing_prediction,Угломер электронный AG-360,3844,present,,,0,0,,0,,,,,,missing_entity,missing_prediction,0,0,1,0,0,1,0,0,1,syn-0005,construction_instruments,construction_instruments,Угломер электронный AG-360,3844,https://synthetic-shop.local/product/angle-meter-05-03,1,4.7,1–5 дня,Москва,SYN-05-03,syn-0005,syn-0005-e03,html/syn-0005.html,clean,gt-9feffded54f82d9bbab9,synthetic-shop.local,run-none5,,,,Угломер электронный AG-360,3844,https://synthetic-shop.local/product/angle-meter-05-03,,syn-0005.html,present,synthetic,html/syn-0005.html,syn-0005.html,run-none5,synthetic-shop.local,D:\Pet_Codes\science\article-price-tracker\synthetic\html\syn-0005.html,https://synthetic-shop.local/search/syn-0005,https://synthetic-shop.local/search/syn-0005,,,,raw_html,,087db53f8eff747307ac34667ca34ce250061e2d91f75acbcae4077b5222f9a4,087db53f8eff747307ac34667ca34ce250061e2d91f75acbcae4077b5222f9a4,html/syn-0005.html,syn-0005,detail_grid,html/syn-0005.html,construction_instruments,clean,5,syn-0005,https://synthetic-shop.local/search/syn-0005,087db53f8eff747307ac34667ca34ce250061e2d91f75acbcae4077b5222f9a4,synthetic-shop.local,0
20261002T161451Z-d2eb76ee,original_fast-31ff23d6053aef,,synthetic,original_fast,syn-0005,gt-9ef1621fc0f565dc9bbe,syn-0005-e02,html/syn-0005.html,syn-0005.html,run-none5,synthetic-shop.local,,https://synthetic-shop.local/product/clamp-meter-05-02,missing_prediction,Клещи токовые CM-600,6535,present,,,0,0,,0,,,,,,missing_entity,missing_prediction,0,0,1,0,0,1,0,0,1,syn-0005,construction_instruments,construction_instruments,Клещи токовые CM-600,6535,https://synthetic-shop.local/product/clamp-meter-05-02,1,4.6,3–4 дня,Москва,SYN-05-02,syn-0005,syn-0005-e02,html/syn-0005.html,clean,gt-9ef1621fc0f565dc9bbe,synthetic-shop.local,run-none5,,,,Клещи токовые CM-600,6535,https://synthetic-shop.local/product/clamp-meter-05-02,,syn-0005.html,present,synthetic,html/syn-0005.html,syn-0005.html,run-none5,synthetic-shop.local,D:\Pet_Codes\science\article-price-tracker\synthetic\html\syn-0005.html,https://synthetic-shop.local/search/syn-0005,https://synthetic-shop.local/search/syn-0005,,,,raw_html,,087db53f8eff747307ac34667ca34ce250061e2d91f75acbcae4077b5222f9a4,087db53f8eff747307ac34667ca34ce250061e2d91f75acbcae4077b5222f9a4,html/syn-0005.html,syn-0005,detail_grid,html/syn-0005.html,construction_instruments,clean,5,syn-0005,https://synthetic-shop.local/search/syn-0005,087db53f8eff747307ac34667ca34ce250061e2d91f75acbcae4077b5222f9a4,synthetic-shop.local,0
20261002T161451Z-d2eb76ee,original_fast-e4f8edf84c2842,,synthetic,original_fast,syn-0005,gt-366d5849313c6817c602,syn-0005-e04,html/syn-0005.html,syn-0005.html,run-none5,synthetic-shop.local,,https://synthetic-shop.local/product/laser-level-05-04,missing_prediction,Лазерный уровень ЛУ-360 Pro,13263,present,,,0,0,,0,,,,,,missing_entity,missing_prediction,0,0,1,0,0,1,0,0,1,syn-0005,construction_instruments,construction_instruments,Лазерный уровень ЛУ-360 Pro,13263,https://synthetic-shop.local/product/laser-level-05-04,0,4.8,2–6 дня,Москва,SYN-05-04,syn-0005,syn-0005-e04,html/syn-0005.html,clean,gt-366d5849313c6817c602,synthetic-shop.local,run-none5,,,,Лазерный уровень ЛУ-360 Pro,13263,https://synthetic-shop.local/product/laser-level-05-04,,syn-0005.html,present,synthetic,html/syn-0005.html,syn-0005.html,run-none5,synthetic-shop.local,D:\Pet_Codes\science\article-price-tracker\synthetic\html\syn-0005.html,https://synthetic-shop.local/search/syn-0005,https://synthetic-shop.local/search/syn-0005,,,,raw_html,,087db53f8eff747307ac34667ca34ce250061e2d91f75acbcae4077b5222f9a4,087db53f8eff747307ac34667ca34ce250061e2d91f75acbcae4077b5222f9a4,html/syn-0005.html,syn-0005,detail_grid,html/syn-0005.html,construction_instruments,clean,5,syn-0005,https://synthetic-shop.local/search/syn-0005,087db53f8eff747307ac34667ca34ce250061e2d91f75acbcae4077b5222f9a4,synthetic-shop.local,0
20261002T161451Z-d2eb76ee,original_fast-3c1b3b67773b2d,,synthetic,original_fast,syn-0005,gt-e75e5e7210259c78535b,syn-0005-e05,html/syn-0005.html,syn-0005.html,run-none5,synthetic-shop.local,,https://synthetic-shop.local/product/laser-rangefinder-05-05,missing_prediction,Дальномер лазерный DM-80,6990,present,,,0,0,,0,,,,,,missing_entity,missing_prediction,0,0,1,0,0,1,0,0,1,syn-0005,construction_instruments,construction_instruments,Дальномер лазерный DM-80,6990,https://synthetic-shop.local/product/laser-rangefinder-05-05,1,4.9,3–3 дня,Москва,SYN-05-05,syn-0005,syn-0005-e05,html/syn-0005.html,clean,gt-e75e5e7210259c78535b,synthetic-shop.local,run-none5,,,,Дальномер лазерный DM-80,6990,https://synthetic-shop.local/product/laser-rangefinder-05-05,,syn-0005.html,present,synthetic,html/syn-0005.html,syn-0005.html,run-none5,synthetic-shop.local,D:\Pet_Codes\science\article-price-tracker\synthetic\html\syn-0005.html,https://synthetic-shop.local/search/syn-0005,https://synthetic-shop.local/search/syn-0005,,,,raw_html,,087db53f8eff747307ac34667ca34ce250061e2d91f75acbcae4077b5222f9a4,087db53f8eff747307ac34667ca34ce250061e2d91f75acbcae4077b5222f9a4,html/syn-0005.html,syn-0005,detail_grid,html/syn-0005.html,construction_instruments,clean,5,syn-0005,https://synthetic-shop.local/search/syn-0005,087db53f8eff747307ac34667ca34ce250061e2d91f75acbcae4077b5222f9a4,synthetic-shop.local,0
20261002T161451Z-d2eb76ee,original_fast-215a82878914fd,,synthetic,original_fast,syn-0005,gt-3d39e0711ae8d2b30c4f,syn-0005-e01,html/syn-0005.html,syn-0005.html,run-none5,synthetic-shop.local,,https://synthetic-shop.local/product/moisture-meter-05-01,missing_prediction,Влагомер древесины WM-2,3190,present,,,0,0,,0,,,,,,missing_entity,missing_prediction,0,0,1,0,0,1,0,0,1,syn-0005,construction_instruments,construction_instruments,Влагомер древесины WM-2,3190,https://synthetic-shop.local/product/moisture-meter-05-01,1,4.5,2–3 дня,Москва,SYN-05-01,syn-0005,syn-0005-e01,html/syn-0005.html,clean,gt-3d39e0711ae8d2b30c4f,synthetic-shop.local,run-none5,,,,Влагомер древесины WM-2,3190,https://synthetic-shop.local/product/moisture-meter-05-01,,syn-0005.html,present,synthetic,html/syn-0005.html,syn-0005.html,run-none5,synthetic-shop.local,D:\Pet_Codes\science\article-price-tracker\synthetic\html\syn-0005.html,https://synthetic-shop.local/search/syn-0005,https://synthetic-shop.local/search/syn-0005,,,,raw_html,,087db53f8eff747307ac34667ca34ce250061e2d91f75acbcae4077b5222f9a4,087db53f8eff747307ac34667ca34ce250061e2d91f75acbcae4077b5222f9a4,html/syn-0005.html,syn-0005,detail_grid,html/syn-0005.html,construction_instruments,clean,5,syn-0005,https://synthetic-shop.local/search/syn-0005,087db53f8eff747307ac34667ca34ce250061e2d91f75acbcae4077b5222f9a4,synthetic-shop.local,0
20261002T161451Z-d2eb76ee,original_fast-885de0ee55c7e1,,synthetic,original_fast,syn-0006,gt-cf309e193a3528642ce6,syn-0006-e01,html/syn-0006.html,syn-0006.html,run-none6,synthetic-shop.local,,https://synthetic-shop.local/product/laser-level-06-01,missing_prediction,Лазерный уровень ЛУ-360 Pro,13081,present,,,0,0,,0,,,,,,missing_entity,missing_prediction,0,0,1,0,0,1,0,0,1,syn-0006,construction_instruments,construction_instruments,Лазерный уровень ЛУ-360 Pro,13081,https://synthetic-shop.local/product/laser-level-06-01,1,4.6,3–4 дня,Москва,SYN-06-01,syn-0006,syn-0006-e01,html/syn-0006.html,clean,gt-cf309e193a3528642ce6,synthetic-shop.local,run-none6,,,,Лазерный уровень ЛУ-360 Pro,13081,https://synthetic-shop.local/product/laser-level-06-01,,syn-0006.html,present,synthetic,html/syn-0006.html,syn-0006.html,run-none6,synthetic-shop.local,D:\Pet_Codes\science\article-price-tracker\synthetic\html\syn-0006.html,https://synthetic-shop.local/search/syn-0006,https://synthetic-shop.local/search/syn-0006,,,,raw_html,,9b7b25c4281a844d83d16da90a89fbbe20097ece3cd07208317d741a79a41972,9b7b25c4281a844d83d16da90a89fbbe20097ece3cd07208317d741a79a41972,html/syn-0006.html,syn-0006,table_listing,html/syn-0006.html,construction_instruments,clean,5,syn-0006,https://synthetic-shop.local/search/syn-0006,9b7b25c4281a844d83d16da90a89fbbe20097ece3cd07208317d741a79a41972,synthetic-shop.local,0
20261002T161451Z-d2eb76ee,original_fast-39c5974737840c,,synthetic,original_fast,syn-0006,gt-2a68fcdeefbf9469cf18,syn-0006-e02,html/syn-0006.html,syn-0006.html,run-none6,synthetic-shop.local,,https://synthetic-shop.local/product/laser-rangefinder-06-02,missing_prediction,Дальномер лазерный DM-80,7088,present,,,0,0,,0,,,,,,missing_entity,missing_prediction,0,0,1,0,0,1,0,0,1,syn-0006,construction_instruments,construction_instruments,Дальномер лазерный DM-80,7088,https://synthetic-shop.local/product/laser-rangefinder-06-02,1,4.7,1–5 дня,Москва,SYN-06-02,syn-0006,syn-0006-e02,html/syn-0006.html,clean,gt-2a68fcdeefbf9469cf18,synthetic-shop.local,run-none6,,,,Дальномер лазерный DM-80,7088,https://synthetic-shop.local/product/laser-rangefinder-06-02,,syn-0006.html,present,synthetic,html/syn-0006.html,syn-0006.html,run-none6,synthetic-shop.local,D:\Pet_Codes\science\article-price-tracker\synthetic\html\syn-0006.html,https://synthetic-shop.local/search/syn-0006,https://synthetic-shop.local/search/syn-0006,,,,raw_html,,9b7b25c4281a844d83d16da90a89fbbe20097ece3cd07208317d741a79a41972,9b7b25c4281a844d83d16da90a89fbbe20097ece3cd07208317d741a79a41972,html/syn-0006.html,syn-0006,table_listing,html/syn-0006.html,construction_instruments,clean,5,syn-0006,https://synthetic-shop.local/search/syn-0006,9b7b25c4281a844d83d16da90a89fbbe20097ece3cd07208317d741a79a41972,synthetic-shop.local,0
20261002T161451Z-d2eb76ee,original_fast-66ef9ba61d546d,,synthetic,original_fast,syn-0006,gt-cd9c1707608e0ed54ecd,syn-0006-e03,html/syn-0006.html,syn-0006.html,run-none6,synthetic-shop.local,,https://synthetic-shop.local/product/multimeter-06-03,missing_prediction,Мультиметр цифровой M830 Pro,1929,present,,,0,0,,0,,,,,,missing_entity,missing_prediction,0,0,1,0,0,1,0,0,1,syn-0006,construction_instruments,construction_instruments,Мультиметр цифровой M830 Pro,1929,https://synthetic-shop.local/product/multimeter-06-03,0,4.8,2–6 дня,Москва,SYN-06-03,syn-0006,syn-0006-e03,html/syn-0006.html,clean,gt-cd9c1707608e0ed54ecd,synthetic-shop.local,run-none6,,,,Мультиметр цифровой M830 Pro,1929,https://synthetic-shop.local/product/multimeter-06-03,,syn-0006.html,present,synthetic,html/syn-0006.html,syn-0006.html,run-none6,synthetic-shop.local,D:\Pet_Codes\science\article-price-tracker\synthetic\html\syn-0006.html,https://synthetic-shop.local/search/syn-0006,https://synthetic-shop.local/search/syn-0006,,,,raw_html,,9b7b25c4281a844d83d16da90a89fbbe20097ece3cd07208317d741a79a41972,9b7b25c4281a844d83d16da90a89fbbe20097ece3cd07208317d741a79a41972,html/syn-0006.html,syn-0006,table_listing,html/syn-0006.html,construction_instruments,clean,5,syn-0006,https://synthetic-shop.local/search/syn-0006,9b7b25c4281a844d83d16da90a89fbbe20097ece3cd07208317d741a79a41972,synthetic-shop.local,0
20261002T161451Z-d2eb76ee,original_fast-dc65b7b0e44a2e,,synthetic,original_fast,syn-0006,gt-dd965fd8c7ef6475a705,syn-0006-e05,html/syn-0006.html,syn-0006.html,run-none6,synthetic-shop.local,,https://synthetic-shop.local/product/optical-level-06-05,missing_prediction,Нивелир оптический N-32,21640,present,,,0,0,,0,,,,,,missing_entity,missing_prediction,0,0,1,0,0,1,0,0,1,syn-0006,construction_instruments,construction_instruments,Нивелир оптический N-32,21640,https://synthetic-shop.local/product/optical-level-06-05,1,4.1,1–4 дня,Москва,SYN-06-05,syn-0006,syn-0006-e05,html/syn-0006.html,clean,gt-dd965fd8c7ef6475a705,synthetic-shop.local,run-none6,,,,Нивелир оптический N-32,21640,https://synthetic-shop.local/product/optical-level-06-05,,syn-0006.html,present,synthetic,html/syn-0006.html,syn-0006.html,run-none6,synthetic-shop.local,D:\Pet_Codes\science\article-price-tracker\synthetic\html\syn-0006.html,https://synthetic-shop.local/search/syn-0006,https://synthetic-shop.local/search/syn-0006,,,,raw_html,,9b7b25c4281a844d83d16da90a89fbbe20097ece3cd07208317d741a79a41972,9b7b25c4281a844d83d16da90a89fbbe20097ece3cd07208317d741a79a41972,html/syn-0006.html,syn-0006,table_listing,html/syn-0006.html,construction_instruments,clean,5,syn-0006,https://synthetic-shop.local/search/syn-0006,9b7b25c4281a844d83d16da90a89fbbe20097ece3cd07208317d741a79a41972,synthetic-shop.local,0
20261002T161451Z-d2eb76ee,original_fast-f026ef282f56d3,,synthetic,original_fast,syn-0006,gt-e4fcbd7b03a868db3919,syn-0006-e04,html/syn-0006.html,syn-0006.html,run-none6,synthetic-shop.local,,https://synthetic-shop.local/product/thermal-camera-06-04,missing_prediction,Тепловизор строительный IR-256,42900,present,,,0,0,,0,,,,,,missing_entity,missing_prediction,0,0,1,0,0,1,0,0,1,syn-0006,construction_instruments,construction_instruments,Тепловизор строительный IR-256,42900,https://synthetic-shop.local/product/thermal-camera-06-04,1,4.9,3–3 дня,Москва,SYN-06-04,syn-0006,syn-0006-e04,html/syn-0006.html,clean,gt-e4fcbd7b03a868db3919,synthetic-shop.local,run-none6,,,,Тепловизор строительный IR-256,42900,https://synthetic-shop.local/product/thermal-camera-06-04,,syn-0006.html,present,synthetic,html/syn-0006.html,syn-0006.html,run-none6,synthetic-shop.local,D:\Pet_Codes\science\article-price-tracker\synthetic\html\syn-0006.html,https://synthetic-shop.local/search/syn-0006,https://synthetic-shop.local/search/syn-0006,,,,raw_html,,9b7b25c4281a844d83d16da90a89fbbe20097ece3cd07208317d741a79a41972,9b7b25c4281a844d83d16da90a89fbbe20097ece3cd07208317d741a79a41972,html/syn-0006.html,syn-0006,table_listing,html/syn-0006.html,construction_instruments,clean,5,syn-0006,https://synthetic-shop.local/search/syn-0006,9b7b25c4281a844d83d16da90a89fbbe20097ece3cd07208317d741a79a41972,synthetic-shop.local,0
20261002T161451Z-d2eb76ee,original_fast-a99739c7224458,original_fast-a99739c7224458,synthetic,original_fast,syn-0007,gt-6ddb68a0752bfd91e21d,syn-0007-e04,html/syn-0007.html,syn-0007.html,run-none7,synthetic-shop.local,,https://synthetic-shop.local/product/anemometer-07-04,matched_gt,Анемометр цифровой AM-30,5327,present,Анемометр цифровой AM-30,5327.0,1,1,1.0,0,1.0,0.0,0.0,0.0,0.0,,matched_gt; pipeline:generic:synthetic-shop.local,1,0,0,1,0,0,1,0,0,syn-0007,construction_instruments,construction_instruments,Анемометр цифровой AM-30,5327,https://synthetic-shop.local/product/anemometer-07-04,1,4.1,1–4 дня,Москва,SYN-07-04,syn-0007,syn-0007-e04,html/syn-0007.html,clean,gt-6ddb68a0752bfd91e21d,synthetic-shop.local,run-none7,,,,Анемометр цифровой AM-30,5327,https://synthetic-shop.local/product/anemometer-07-04,,syn-0007.html,present,synthetic,html/syn-0007.html,syn-0007.html,run-none7,synthetic-shop.local,D:\Pet_Codes\science\article-price-tracker\synthetic\html\syn-0007.html,https://synthetic-shop.local/search/syn-0007,https://synthetic-shop.local/search/syn-0007,,,,raw_html,,c579269483f7ea8e2e5913c682f17dd9213c078160dd246a383e07d4ea7ba72b,c579269483f7ea8e2e5913c682f17dd9213c078160dd246a383e07d4ea7ba72b,html/syn-0007.html,syn-0007,semantic_articles,html/syn-0007.html,construction_instruments,clean,5,syn-0007,https://synthetic-shop.local/search/syn-0007,c579269483f7ea8e2e5913c682f17dd9213c078160dd246a383e07d4ea7ba72b,synthetic-shop.local,0
20261002T161451Z-d2eb76ee,original_fast-538298281f91ff,original_fast-538298281f91ff,synthetic,original_fast,syn-0007,gt-6eaca0fcd066eea3926a,syn-0007-e02,html/syn-0007.html,syn-0007.html,run-none7,synthetic-shop.local,,https://synthetic-shop.local/product/optical-level-07-02,matched_gt,Нивелир оптический N-32,21940,present,Нивелир оптический N-32,21940.0,1,1,1.0,0,1.0,0.0,0.0,0.0,0.0,,matched_gt; pipeline:generic:synthetic-shop.local,1,0,0,1,0,0,1,0,0,syn-0007,construction_instruments,construction_instruments,Нивелир оптический N-32,21940,https://synthetic-shop.local/product/optical-level-07-02,0,4.8,2–6 дня,Москва,SYN-07-02,syn-0007,syn-0007-e02,html/syn-0007.html,clean,gt-6eaca0fcd066eea3926a,synthetic-shop.local,run-none7,,,,Нивелир оптический N-32,21940,https://synthetic-shop.local/product/optical-level-07-02,,syn-0007.html,present,synthetic,html/syn-0007.html,syn-0007.html,run-none7,synthetic-shop.local,D:\Pet_Codes\science\article-price-tracker\synthetic\html\syn-0007.html,https://synthetic-shop.local/search/syn-0007,https://synthetic-shop.local/search/syn-0007,,,,raw_html,,c579269483f7ea8e2e5913c682f17dd9213c078160dd246a383e07d4ea7ba72b,c579269483f7ea8e2e5913c682f17dd9213c078160dd246a383e07d4ea7ba72b,html/syn-0007.html,syn-0007,semantic_articles,html/syn-0007.html,construction_instruments,clean,5,syn-0007,https://synthetic-shop.local/search/syn-0007,c579269483f7ea8e2e5913c682f17dd9213c078160dd246a383e07d4ea7ba72b,synthetic-shop.local,0
20261002T161451Z-d2eb76ee,original_fast-770bcd13c89382,original_fast-770bcd13c89382,synthetic,original_fast,syn-0007,gt-41b21952426b0be5fa6d,syn-0007-e05,html/syn-0007.html,syn-0007.html,run-none7,synthetic-shop.local,,https://synthetic-shop.local/product/pyrometer-07-05,matched_gt,Пирометр инфракрасный IR-900,3538,present,Пирометр инфракрасный IR-900,3538.0,1,1,1.0,0,1.0,0.0,0.0,0.0,0.0,,matched_gt; pipeline:generic:synthetic-shop.local,1,0,0,1,0,0,1,0,0,syn-0007,construction_instruments,construction_instruments,Пирометр инфракрасный IR-900,3538,https://synthetic-shop.local/product/pyrometer-07-05,1,4.2,2–5 дня,Москва,SYN-07-05,syn-0007,syn-0007-e05,html/syn-0007.html,clean,gt-41b21952426b0be5fa6d,synthetic-shop.local,run-none7,,,,Пирометр инфракрасный IR-900,3538,https://synthetic-shop.local/product/pyrometer-07-05,,syn-0007.html,present,synthetic,html/syn-0007.html,syn-0007.html,run-none7,synthetic-shop.local,D:\Pet_Codes\science\article-price-tracker\synthetic\html\syn-0007.html,https://synthetic-shop.local/search/syn-0007,https://synthetic-shop.local/search/syn-0007,,,,raw_html,,c579269483f7ea8e2e5913c682f17dd9213c078160dd246a383e07d4ea7ba72b,c579269483f7ea8e2e5913c682f17dd9213c078160dd246a383e07d4ea7ba72b,html/syn-0007.html,syn-0007,semantic_articles,html/syn-0007.html,construction_instruments,clean,5,syn-0007,https://synthetic-shop.local/search/syn-0007,c579269483f7ea8e2e5913c682f17dd9213c078160dd246a383e07d4ea7ba72b,synthetic-shop.local,0
20261002T161451Z-d2eb76ee,original_fast-a20009f8e0ffbd,original_fast-a20009f8e0ffbd,synthetic,original_fast,syn-0007,gt-4a48f9732c83c1100e64,syn-0007-e01,html/syn-0007.html,syn-0007.html,run-none7,synthetic-shop.local,,https://synthetic-shop.local/product/thermal-camera-07-01,matched_gt,Тепловизор строительный IR-256,43500,present,Тепловизор строительный IR-256,43500.0,1,1,1.0,0,1.0,0.0,0.0,0.0,0.0,,matched_gt; pipeline:generic:synthetic-shop.local,1,0,0,1,0,0,1,0,0,syn-0007,construction_instruments,construction_instruments,Тепловизор строительный IR-256,43500,https://synthetic-shop.local/product/thermal-camera-07-01,1,4.7,1–5 дня,Москва,SYN-07-01,syn-0007,syn-0007-e01,html/syn-0007.html,clean,gt-4a48f9732c83c1100e64,synthetic-shop.local,run-none7,,,,Тепловизор строительный IR-256,43500,https://synthetic-shop.local/product/thermal-camera-07-01,,syn-0007.html,present,synthetic,html/syn-0007.html,syn-0007.html,run-none7,synthetic-shop.local,D:\Pet_Codes\science\article-price-tracker\synthetic\html\syn-0007.html,https://synthetic-shop.local/search/syn-0007,https://synthetic-shop.local/search/syn-0007,,,,raw_html,,c579269483f7ea8e2e5913c682f17dd9213c078160dd246a383e07d4ea7ba72b,c579269483f7ea8e2e5913c682f17dd9213c078160dd246a383e07d4ea7ba72b,html/syn-0007.html,syn-0007,semantic_articles,html/syn-0007.html,construction_instruments,clean,5,syn-0007,https://synthetic-shop.local/search/syn-0007,c579269483f7ea8e2e5913c682f17dd9213c078160dd246a383e07d4ea7ba72b,synthetic-shop.local,0
20261002T161451Z-d2eb76ee,original_fast-ad012bbdc8a476,original_fast-ad012bbdc8a476,synthetic,original_fast,syn-0007,gt-ce86ef7d2b7602757c1f,syn-0007-e03,html/syn-0007.html,syn-0007.html,run-none7,synthetic-shop.local,,https://synthetic-shop.local/product/wall-scanner-07-03,matched_gt,Детектор скрытой проводки WallScan 5,4590,present,Детектор скрытой проводки WallScan 5,4590.0,1,1,1.0,0,1.0,0.0,0.0,0.0,0.0,,matched_gt; pipeline:generic:synthetic-shop.local,1,0,0,1,0,0,1,0,0,syn-0007,construction_instruments,construction_instruments,Детектор скрытой проводки WallScan 5,4590,https://synthetic-shop.local/product/wall-scanner-07-03,1,4.9,3–3 дня,Москва,SYN-07-03,syn-0007,syn-0007-e03,html/syn-0007.html,clean,gt-ce86ef7d2b7602757c1f,synthetic-shop.local,run-none7,,,,Детектор скрытой проводки WallScan 5,4590,https://synthetic-shop.local/product/wall-scanner-07-03,,syn-0007.html,present,synthetic,html/syn-0007.html,syn-0007.html,run-none7,synthetic-shop.local,D:\Pet_Codes\science\article-price-tracker\synthetic\html\syn-0007.html,https://synthetic-shop.local/search/syn-0007,https://synthetic-shop.local/search/syn-0007,,,,raw_html,,c579269483f7ea8e2e5913c682f17dd9213c078160dd246a383e07d4ea7ba72b,c579269483f7ea8e2e5913c682f17dd9213c078160dd246a383e07d4ea7ba72b,html/syn-0007.html,syn-0007,semantic_articles,html/syn-0007.html,construction_instruments,clean,5,syn-0007,https://synthetic-shop.local/search/syn-0007,c579269483f7ea8e2e5913c682f17dd9213c078160dd246a383e07d4ea7ba72b,synthetic-shop.local,0
20261002T161451Z-d2eb76ee,original_fast-009cba6ca28205,,synthetic,original_fast,syn-0008,gt-75fb4fd43a051e891511,syn-0008-e01,html/syn-0008.html,syn-0008.html,run-none8,synthetic-shop.local,,https://synthetic-shop.local/product/anemometer-08-01,missing_prediction,Анемометр цифровой AM-30,5401,present,,,0,0,,0,,,,,,missing_entity,missing_prediction,0,0,1,0,0,1,0,0,1,syn-0008,construction_instruments,construction_instruments,Анемометр цифровой AM-30,5401,https://synthetic-shop.local/product/anemometer-08-01,0,4.8,2–6 дня,Москва,SYN-08-01,syn-0008,syn-0008-e01,html/syn-0008.html,clean,gt-75fb4fd43a051e891511,synthetic-shop.local,run-none8,,,,Анемометр цифровой AM-30,5401,https://synthetic-shop.local/product/anemometer-08-01,,syn-0008.html,present,synthetic,html/syn-0008.html,syn-0008.html,run-none8,synthetic-shop.local,D:\Pet_Codes\science\article-price-tracker\synthetic\html\syn-0008.html,https://synthetic-shop.local/search/syn-0008,https://synthetic-shop.local/search/syn-0008,,,,raw_html,,ac570442bf23f8c22894c4eb47973dace2e0b1709c1d8c1dd7d340029bb6bdea,ac570442bf23f8c22894c4eb47973dace2e0b1709c1d8c1dd7d340029bb6bdea,html/syn-0008.html,syn-0008,data_attrs,html/syn-0008.html,construction_instruments,clean,5,syn-0008,https://synthetic-shop.local/search/syn-0008,ac570442bf23f8c22894c4eb47973dace2e0b1709c1d8c1dd7d340029bb6bdea,synthetic-shop.local,0
20261002T161451Z-d2eb76ee,original_fast-6a9a894af18d6a,,synthetic,original_fast,syn-0008,gt-19e84c8d47089602ac45,syn-0008-e03,html/syn-0008.html,syn-0008.html,run-none8,synthetic-shop.local,,https://synthetic-shop.local/product/coating-gauge-08-03,missing_prediction,Толщиномер покрытий CT-1200,9053,present,,,0,0,,0,,,,,,missing_entity,missing_prediction,0,0,1,0,0,1,0,0,1,syn-0008,construction_instruments,construction_instruments,Толщиномер покрытий CT-1200,9053,https://synthetic-shop.local/product/coating-gauge-08-03,1,4.1,1–4 дня,Москва,SYN-08-03,syn-0008,syn-0008-e03,html/syn-0008.html,clean,gt-19e84c8d47089602ac45,synthetic-shop.local,run-none8,,,,Толщиномер покрытий CT-1200,9053,https://synthetic-shop.local/product/coating-gauge-08-03,,syn-0008.html,present,synthetic,html/syn-0008.html,syn-0008.html,run-none8,synthetic-shop.local,D:\Pet_Codes\science\article-price-tracker\synthetic\html\syn-0008.html,https://synthetic-shop.local/search/syn-0008,https://synthetic-shop.local/search/syn-0008,,,,raw_html,,ac570442bf23f8c22894c4eb47973dace2e0b1709c1d8c1dd7d340029bb6bdea,ac570442bf23f8c22894c4eb47973dace2e0b1709c1d8c1dd7d340029bb6bdea,html/syn-0008.html,syn-0008,data_attrs,html/syn-0008.html,construction_instruments,clean,5,syn-0008,https://synthetic-shop.local/search/syn-0008,ac570442bf23f8c22894c4eb47973dace2e0b1709c1d8c1dd7d340029bb6bdea,synthetic-shop.local,0
20261002T161451Z-d2eb76ee,original_fast-249a5586c279c2,,synthetic,original_fast,syn-0008,gt-8ee380a2f1c9410d1299,syn-0008-e04,html/syn-0008.html,syn-0008.html,run-none8,synthetic-shop.local,,https://synthetic-shop.local/product/megohmmeter-08-04,missing_prediction,Мегаомметр цифровой MI-1000,16214,present,,,0,0,,0,,,,,,missing_entity,missing_prediction,0,0,1,0,0,1,0,0,1,syn-0008,construction_instruments,construction_instruments,Мегаомметр цифровой MI-1000,16214,https://synthetic-shop.local/product/megohmmeter-08-04,1,4.2,2–5 дня,Москва,SYN-08-04,syn-0008,syn-0008-e04,html/syn-0008.html,clean,gt-8ee380a2f1c9410d1299,synthetic-shop.local,run-none8,,,,Мегаомметр цифровой MI-1000,16214,https://synthetic-shop.local/product/megohmmeter-08-04,,syn-0008.html,present,synthetic,html/syn-0008.html,syn-0008.html,run-none8,synthetic-shop.local,D:\Pet_Codes\science\article-price-tracker\synthetic\html\syn-0008.html,https://synthetic-shop.local/search/syn-0008,https://synthetic-shop.local/search/syn-0008,,,,raw_html,,ac570442bf23f8c22894c4eb47973dace2e0b1709c1d8c1dd7d340029bb6bdea,ac570442bf23f8c22894c4eb47973dace2e0b1709c1d8c1dd7d340029bb6bdea,html/syn-0008.html,syn-0008,data_attrs,html/syn-0008.html,construction_instruments,clean,5,syn-0008,https://synthetic-shop.local/search/syn-0008,ac570442bf23f8c22894c4eb47973dace2e0b1709c1d8c1dd7d340029bb6bdea,synthetic-shop.local,0
20261002T161451Z-d2eb76ee,original_fast-f8e14087a0ef5f,,synthetic,original_fast,syn-0008,gt-28467db6ff8747309e9e,syn-0008-e02,html/syn-0008.html,syn-0008.html,run-none8,synthetic-shop.local,,https://synthetic-shop.local/product/pyrometer-08-02,missing_prediction,Пирометр инфракрасный IR-900,3490,present,,,0,0,,0,,,,,,missing_entity,missing_prediction,0,0,1,0,0,1,0,0,1,syn-0008,construction_instruments,construction_instruments,Пирометр инфракрасный IR-900,3490,https://synthetic-shop.local/product/pyrometer-08-02,1,4.9,3–3 дня,Москва,SYN-08-02,syn-0008,syn-0008-e02,html/syn-0008.html,clean,gt-28467db6ff8747309e9e,synthetic-shop.local,run-none8,,,,Пирометр инфракрасный IR-900,3490,https://synthetic-shop.local/product/pyrometer-08-02,,syn-0008.html,present,synthetic,html/syn-0008.html,syn-0008.html,run-none8,synthetic-shop.local,D:\Pet_Codes\science\article-price-tracker\synthetic\html\syn-0008.html,https://synthetic-shop.local/search/syn-0008,https://synthetic-shop.local/search/syn-0008,,,,raw_html,,ac570442bf23f8c22894c4eb47973dace2e0b1709c1d8c1dd7d340029bb6bdea,ac570442bf23f8c22894c4eb47973dace2e0b1709c1d8c1dd7d340029bb6bdea,html/syn-0008.html,syn-0008,data_attrs,html/syn-0008.html,construction_instruments,clean,5,syn-0008,https://synthetic-shop.local/search/syn-0008,ac570442bf23f8c22894c4eb47973dace2e0b1709c1d8c1dd7d340029bb6bdea,synthetic-shop.local,0
20261002T161451Z-d2eb76ee,original_fast-2b03b09fe211e4,,synthetic,original_fast,syn-0008,gt-05ecc785392f4d300cfa,syn-0008-e05,html/syn-0008.html,syn-0008.html,run-none8,synthetic-shop.local,,https://synthetic-shop.local/product/socket-tester-08-05,missing_prediction,Тестер розеток и УЗО ST-8,1829,present,,,0,0,,0,,,,,,missing_entity,missing_prediction,0,0,1,0,0,1,0,0,1,syn-0008,construction_instruments,construction_instruments,Тестер розеток и УЗО ST-8,1829,https://synthetic-shop.local/product/socket-tester-08-05,1,4.3,3–6 дня,Москва,SYN-08-05,syn-0008,syn-0008-e05,html/syn-0008.html,clean,gt-05ecc785392f4d300cfa,synthetic-shop.local,run-none8,,,,Тестер розеток и УЗО ST-8,1829,https://synthetic-shop.local/product/socket-tester-08-05,,syn-0008.html,present,synthetic,html/syn-0008.html,syn-0008.html,run-none8,synthetic-shop.local,D:\Pet_Codes\science\article-price-tracker\synthetic\html\syn-0008.html,https://synthetic-shop.local/search/syn-0008,https://synthetic-shop.local/search/syn-0008,,,,raw_html,,ac570442bf23f8c22894c4eb47973dace2e0b1709c1d8c1dd7d340029bb6bdea,ac570442bf23f8c22894c4eb47973dace2e0b1709c1d8c1dd7d340029bb6bdea,html/syn-0008.html,syn-0008,data_attrs,html/syn-0008.html,construction_instruments,clean,5,syn-0008,https://synthetic-shop.local/search/syn-0008,ac570442bf23f8c22894c4eb47973dace2e0b1709c1d8c1dd7d340029bb6bdea,synthetic-shop.local,0
20261002T161451Z-d2eb76ee,original_fast-1319758c5b53f2,,synthetic,original_fast,syn-0009,gt-2ef335245296822fb66e,syn-0009-e05,html/syn-0009.html,syn-0009.html,run-none9,synthetic-shop.local,,https://synthetic-shop.local/product/clamp-meter-09-05,missing_prediction,Клещи токовые CM-600,6490,present,,,0,0,,0,,,,,,missing_entity,missing_prediction,0,0,1,0,0,1,0,0,1,syn-0009,construction_instruments,construction_instruments,Клещи токовые CM-600,6490,https://synthetic-shop.local/product/clamp-meter-09-05,1,4.4,1–3 дня,Москва,SYN-09-05,syn-0009,syn-0009-e05,html/syn-0009.html,clean,gt-2ef335245296822fb66e,synthetic-shop.local,run-none9,,,,Клещи токовые CM-600,6490,https://synthetic-shop.local/product/clamp-meter-09-05,,syn-0009.html,present,synthetic,html/syn-0009.html,syn-0009.html,run-none9,synthetic-shop.local,D:\Pet_Codes\science\article-price-tracker\synthetic\html\syn-0009.html,https://synthetic-shop.local/search/syn-0009,https://synthetic-shop.local/search/syn-0009,,,,raw_html,,cd74ad50c209da1e63b8cf432203de06e9f766c9925f9cb93ba74aac26309e91,cd74ad50c209da1e63b8cf432203de06e9f766c9925f9cb93ba74aac26309e91,html/syn-0009.html,syn-0009,nested_cards,html/syn-0009.html,construction_instruments,clean,5,syn-0009,https://synthetic-shop.local/search/syn-0009,cd74ad50c209da1e63b8cf432203de06e9f766c9925f9cb93ba74aac26309e91,synthetic-shop.local,0
20261002T161451Z-d2eb76ee,original_fast-47453cebe3d68f,,synthetic,original_fast,syn-0009,gt-1b50a95d7f7b576b4e17,syn-0009-e03,html/syn-0009.html,syn-0009.html,run-none9,synthetic-shop.local,,https://synthetic-shop.local/product/luxmeter-09-03,missing_prediction,Люксметр LX-1010,3032,present,,,0,0,,0,,,,,,missing_entity,missing_prediction,0,0,1,0,0,1,0,0,1,syn-0009,construction_instruments,construction_instruments,Люксметр LX-1010,3032,https://synthetic-shop.local/product/luxmeter-09-03,1,4.2,2–5 дня,Москва,SYN-09-03,syn-0009,syn-0009-e03,html/syn-0009.html,clean,gt-1b50a95d7f7b576b4e17,synthetic-shop.local,run-none9,,,,Люксметр LX-1010,3032,https://synthetic-shop.local/product/luxmeter-09-03,,syn-0009.html,present,synthetic,html/syn-0009.html,syn-0009.html,run-none9,synthetic-shop.local,D:\Pet_Codes\science\article-price-tracker\synthetic\html\syn-0009.html,https://synthetic-shop.local/search/syn-0009,https://synthetic-shop.local/search/syn-0009,,,,raw_html,,cd74ad50c209da1e63b8cf432203de06e9f766c9925f9cb93ba74aac26309e91,cd74ad50c209da1e63b8cf432203de06e9f766c9925f9cb93ba74aac26309e91,html/syn-0009.html,syn-0009,nested_cards,html/syn-0009.html,construction_instruments,clean,5,syn-0009,https://synthetic-shop.local/search/syn-0009,cd74ad50c209da1e63b8cf432203de06e9f766c9925f9cb93ba74aac26309e91,synthetic-shop.local,0
20261002T161451Z-d2eb76ee,original_fast-7b48a230f3d1a5,,synthetic,original_fast,syn-0009,gt-ed74bbae1dfaf7eea157,syn-0009-e01,html/syn-0009.html,syn-0009.html,run-none9,synthetic-shop.local,,https://synthetic-shop.local/product/megohmmeter-09-01,missing_prediction,Мегаомметр цифровой MI-1000,15990,present,,,0,0,,0,,,,,,missing_entity,missing_prediction,0,0,1,0,0,1,0,0,1,syn-0009,construction_instruments,construction_instruments,Мегаомметр цифровой MI-1000,15990,https://synthetic-shop.local/product/megohmmeter-09-01,1,4.9,3–3 дня,Москва,SYN-09-01,syn-0009,syn-0009-e01,html/syn-0009.html,clean,gt-ed74bbae1dfaf7eea157,synthetic-shop.local,run-none9,,,,Мегаомметр цифровой MI-1000,15990,https://synthetic-shop.local/product/megohmmeter-09-01,,syn-0009.html,present,synthetic,html/syn-0009.html,syn-0009.html,run-none9,synthetic-shop.local,D:\Pet_Codes\science\article-price-tracker\synthetic\html\syn-0009.html,https://synthetic-shop.local/search/syn-0009,https://synthetic-shop.local/search/syn-0009,,,,raw_html,,cd74ad50c209da1e63b8cf432203de06e9f766c9925f9cb93ba74aac26309e91,cd74ad50c209da1e63b8cf432203de06e9f766c9925f9cb93ba74aac26309e91,html/syn-0009.html,syn-0009,nested_cards,html/syn-0009.html,construction_instruments,clean,5,syn-0009,https://synthetic-shop.local/search/syn-0009,cd74ad50c209da1e63b8cf432203de06e9f766c9925f9cb93ba74aac26309e91,synthetic-shop.local,0
20261002T161451Z-d2eb76ee,original_fast-f99cb24f23c5ea,,synthetic,original_fast,syn-0009,gt-cb1d4661eff41c20b9c2,syn-0009-e04,html/syn-0009.html,syn-0009.html,run-none9,synthetic-shop.local,,https://synthetic-shop.local/product/moisture-meter-09-04,missing_prediction,Влагомер древесины WM-2,3256,present,,,0,0,,0,,,,,,missing_entity,missing_prediction,0,0,1,0,0,1,0,0,1,syn-0009,construction_instruments,construction_instruments,Влагомер древесины WM-2,3256,https://synthetic-shop.local/product/moisture-meter-09-04,1,4.3,3–6 дня,Москва,SYN-09-04,syn-0009,syn-0009-e04,html/syn-0009.html,clean,gt-cb1d4661eff41c20b9c2,synthetic-shop.local,run-none9,,,,Влагомер древесины WM-2,3256,https://synthetic-shop.local/product/moisture-meter-09-04,,syn-0009.html,present,synthetic,html/syn-0009.html,syn-0009.html,run-none9,synthetic-shop.local,D:\Pet_Codes\science\article-price-tracker\synthetic\html\syn-0009.html,https://synthetic-shop.local/search/syn-0009,https://synthetic-shop.local/search/syn-0009,,,,raw_html,,cd74ad50c209da1e63b8cf432203de06e9f766c9925f9cb93ba74aac26309e91,cd74ad50c209da1e63b8cf432203de06e9f766c9925f9cb93ba74aac26309e91,html/syn-0009.html,syn-0009,nested_cards,html/syn-0009.html,construction_instruments,clean,5,syn-0009,https://synthetic-shop.local/search/syn-0009,cd74ad50c209da1e63b8cf432203de06e9f766c9925f9cb93ba74aac26309e91,synthetic-shop.local,0
20261002T161451Z-d2eb76ee,original_fast-afc3f76495bb40,,synthetic,original_fast,syn-0009,gt-f5bb448ae53b5862fb8a,syn-0009-e02,html/syn-0009.html,syn-0009.html,run-none9,synthetic-shop.local,,https://synthetic-shop.local/product/socket-tester-09-02,missing_prediction,Тестер розеток и УЗО ST-8,1803,present,,,0,0,,0,,,,,,missing_entity,missing_prediction,0,0,1,0,0,1,0,0,1,syn-0009,construction_instruments,construction_instruments,Тестер розеток и УЗО ST-8,1803,https://synthetic-shop.local/product/socket-tester-09-02,1,4.1,1–4 дня,Москва,SYN-09-02,syn-0009,syn-0009-e02,html/syn-0009.html,clean,gt-f5bb448ae53b5862fb8a,synthetic-shop.local,run-none9,,,,Тестер розеток и УЗО ST-8,1803,https://synthetic-shop.local/product/socket-tester-09-02,,syn-0009.html,present,synthetic,html/syn-0009.html,syn-0009.html,run-none9,synthetic-shop.local,D:\Pet_Codes\science\article-price-tracker\synthetic\html\syn-0009.html,https://synthetic-shop.local/search/syn-0009,https://synthetic-shop.local/search/syn-0009,,,,raw_html,,cd74ad50c209da1e63b8cf432203de06e9f766c9925f9cb93ba74aac26309e91,cd74ad50c209da1e63b8cf432203de06e9f766c9925f9cb93ba74aac26309e91,html/syn-0009.html,syn-0009,nested_cards,html/syn-0009.html,construction_instruments,clean,5,syn-0009,https://synthetic-shop.local/search/syn-0009,cd74ad50c209da1e63b8cf432203de06e9f766c9925f9cb93ba74aac26309e91,synthetic-shop.local,0
20261002T161451Z-d2eb76ee,original_fast-48cb4f0dea1483,original_fast-48cb4f0dea1483,synthetic,original_fast,syn-0010,gt-8e1523ab306d42bcc240,syn-0010-e03,html/syn-0010.html,syn-0010.html,run-none10,synthetic-shop.local,,https://synthetic-shop.local/product/angle-meter-10-03,matched_gt,Угломер электронный AG-360,3871,present,Угломер электронный AG-360,3871.0,1,1,1.0,0,1.0,0.0,0.0,0.0,0.0,,matched_gt; pipeline:generic:synthetic-shop.local,1,0,0,1,0,0,1,0,0,syn-0010,construction_instruments,construction_instruments,Угломер электронный AG-360,3871,https://synthetic-shop.local/product/angle-meter-10-03,1,4.3,3–6 дня,Москва,SYN-10-03,syn-0010,syn-0010-e03,html/syn-0010.html,clean,gt-8e1523ab306d42bcc240,synthetic-shop.local,run-none10,,,,Угломер электронный AG-360,3871,https://synthetic-shop.local/product/angle-meter-10-03,,syn-0010.html,present,synthetic,html/syn-0010.html,syn-0010.html,run-none10,synthetic-shop.local,D:\Pet_Codes\science\article-price-tracker\synthetic\html\syn-0010.html,https://synthetic-shop.local/search/syn-0010,https://synthetic-shop.local/search/syn-0010,,,,raw_html,,e2a3a0c3d6c9bead5145b76ea6ce4095449e6dfd6bd96c194343235353ba1162,e2a3a0c3d6c9bead5145b76ea6ce4095449e6dfd6bd96c194343235353ba1162,html/syn-0010.html,syn-0010,mixed_markup,html/syn-0010.html,construction_instruments,clean,5,syn-0010,https://synthetic-shop.local/search/syn-0010,e2a3a0c3d6c9bead5145b76ea6ce4095449e6dfd6bd96c194343235353ba1162,synthetic-shop.local,0
20261002T161451Z-d2eb76ee,original_fast-192a348d0da0fa,original_fast-192a348d0da0fa,synthetic,original_fast,syn-0010,gt-d094d2e6d58743d842ea,syn-0010-e02,html/syn-0010.html,syn-0010.html,run-none10,synthetic-shop.local,,https://synthetic-shop.local/product/clamp-meter-10-02,matched_gt,Клещи токовые CM-600,6580,present,Клещи токовые CM-600,6580.0,1,1,1.0,0,1.0,0.0,0.0,0.0,0.0,,matched_gt; pipeline:generic:synthetic-shop.local,1,0,0,1,0,0,1,0,0,syn-0010,construction_instruments,construction_instruments,Клещи токовые CM-600,6580,https://synthetic-shop.local/product/clamp-meter-10-02,1,4.2,2–5 дня,Москва,SYN-10-02,syn-0010,syn-0010-e02,html/syn-0010.html,clean,gt-d094d2e6d58743d842ea,synthetic-shop.local,run-none10,,,,Клещи токовые CM-600,6580,https://synthetic-shop.local/product/clamp-meter-10-02,,syn-0010.html,present,synthetic,html/syn-0010.html,syn-0010.html,run-none10,synthetic-shop.local,D:\Pet_Codes\science\article-price-tracker\synthetic\html\syn-0010.html,https://synthetic-shop.local/search/syn-0010,https://synthetic-shop.local/search/syn-0010,,,,raw_html,,e2a3a0c3d6c9bead5145b76ea6ce4095449e6dfd6bd96c194343235353ba1162,e2a3a0c3d6c9bead5145b76ea6ce4095449e6dfd6bd96c194343235353ba1162,html/syn-0010.html,syn-0010,mixed_markup,html/syn-0010.html,construction_instruments,clean,5,syn-0010,https://synthetic-shop.local/search/syn-0010,e2a3a0c3d6c9bead5145b76ea6ce4095449e6dfd6bd96c194343235353ba1162,synthetic-shop.local,0
20261002T161451Z-d2eb76ee,original_fast-a41ae5d96ceb31,original_fast-a41ae5d96ceb31,synthetic,original_fast,syn-0010,gt-5b99b2e8723bc339a288,syn-0010-e04,html/syn-0010.html,syn-0010.html,run-none10,synthetic-shop.local,,https://synthetic-shop.local/product/laser-level-10-04,matched_gt,Лазерный уровень ЛУ-360 Pro,12990,present,Лазерный уровень ЛУ-360 Pro,12990.0,1,1,1.0,0,1.0,0.0,0.0,0.0,0.0,,matched_gt; pipeline:generic:synthetic-shop.local,1,0,0,1,0,0,1,0,0,syn-0010,construction_instruments,construction_instruments,Лазерный уровень ЛУ-360 Pro,12990,https://synthetic-shop.local/product/laser-level-10-04,1,4.4,1–3 дня,Москва,SYN-10-04,syn-0010,syn-0010-e04,html/syn-0010.html,clean,gt-5b99b2e8723bc339a288,synthetic-shop.local,run-none10,,,,Лазерный уровень ЛУ-360 Pro,12990,https://synthetic-shop.local/product/laser-level-10-04,,syn-0010.html,present,synthetic,html/syn-0010.html,syn-0010.html,run-none10,synthetic-shop.local,D:\Pet_Codes\science\article-price-tracker\synthetic\html\syn-0010.html,https://synthetic-shop.local/search/syn-0010,https://synthetic-shop.local/search/syn-0010,,,,raw_html,,e2a3a0c3d6c9bead5145b76ea6ce4095449e6dfd6bd96c194343235353ba1162,e2a3a0c3d6c9bead5145b76ea6ce4095449e6dfd6bd96c194343235353ba1162,html/syn-0010.html,syn-0010,mixed_markup,html/syn-0010.html,construction_instruments,clean,5,syn-0010,https://synthetic-shop.local/search/syn-0010,e2a3a0c3d6c9bead5145b76ea6ce4095449e6dfd6bd96c194343235353ba1162,synthetic-shop.local,0
20261002T161451Z-d2eb76ee,original_fast-3501f3e27faba3,original_fast-3501f3e27faba3,synthetic,original_fast,syn-0010,gt-7ef331e977b61403ef7f,syn-0010-e05,html/syn-0010.html,syn-0010.html,run-none10,synthetic-shop.local,,https://synthetic-shop.local/product/laser-rangefinder-10-05,matched_gt,Дальномер лазерный DM-80,7039,present,Дальномер лазерный DM-80,7039.0,1,1,1.0,0,1.0,0.0,0.0,0.0,0.0,,matched_gt; pipeline:generic:synthetic-shop.local,1,0,0,1,0,0,1,0,0,syn-0010,construction_instruments,construction_instruments,Дальномер лазерный DM-80,7039,https://synthetic-shop.local/product/laser-rangefinder-10-05,1,4.5,2–4 дня,Москва,SYN-10-05,syn-0010,syn-0010-e05,html/syn-0010.html,clean,gt-7ef331e977b61403ef7f,synthetic-shop.local,run-none10,,,,Дальномер лазерный DM-80,7039,https://synthetic-shop.local/product/laser-rangefinder-10-05,,syn-0010.html,present,synthetic,html/syn-0010.html,syn-0010.html,run-none10,synthetic-shop.local,D:\Pet_Codes\science\article-price-tracker\synthetic\html\syn-0010.html,https://synthetic-shop.local/search/syn-0010,https://synthetic-shop.local/search/syn-0010,,,,raw_html,,e2a3a0c3d6c9bead5145b76ea6ce4095449e6dfd6bd96c194343235353ba1162,e2a3a0c3d6c9bead5145b76ea6ce4095449e6dfd6bd96c194343235353ba1162,html/syn-0010.html,syn-0010,mixed_markup,html/syn-0010.html,construction_instruments,clean,5,syn-0010,https://synthetic-shop.local/search/syn-0010,e2a3a0c3d6c9bead5145b76ea6ce4095449e6dfd6bd96c194343235353ba1162,synthetic-shop.local,0
20261002T161451Z-d2eb76ee,original_fast-d0a30b17b60533,original_fast-d0a30b17b60533,synthetic,original_fast,syn-0010,gt-d10add0c2bcb05ec1cfb,syn-0010-e01,html/syn-0010.html,syn-0010.html,run-none10,synthetic-shop.local,,https://synthetic-shop.local/product/moisture-meter-10-01,matched_gt,Влагомер древесины WM-2,3212,present,Влагомер древесины WM-2,3212.0,1,1,1.0,0,1.0,0.0,0.0,0.0,0.0,,matched_gt; pipeline:generic:synthetic-shop.local,1,0,0,1,0,0,1,0,0,syn-0010,construction_instruments,construction_instruments,Влагомер древесины WM-2,3212,https://synthetic-shop.local/product/moisture-meter-10-01,1,4.1,1–4 дня,Москва,SYN-10-01,syn-0010,syn-0010-e01,html/syn-0010.html,clean,gt-d10add0c2bcb05ec1cfb,synthetic-shop.local,run-none10,,,,Влагомер древесины WM-2,3212,https://synthetic-shop.local/product/moisture-meter-10-01,,syn-0010.html,present,synthetic,html/syn-0010.html,syn-0010.html,run-none10,synthetic-shop.local,D:\Pet_Codes\science\article-price-tracker\synthetic\html\syn-0010.html,https://synthetic-shop.local/search/syn-0010,https://synthetic-shop.local/search/syn-0010,,,,raw_html,,e2a3a0c3d6c9bead5145b76ea6ce4095449e6dfd6bd96c194343235353ba1162,e2a3a0c3d6c9bead5145b76ea6ce4095449e6dfd6bd96c194343235353ba1162,html/syn-0010.html,syn-0010,mixed_markup,html/syn-0010.html,construction_instruments,clean,5,syn-0010,https://synthetic-shop.local/search/syn-0010,e2a3a0c3d6c9bead5145b76ea6ce4095449e6dfd6bd96c194343235353ba1162,synthetic-shop.local,0
20261002T161451Z-d2eb76ee,original_fast-f53ef71c13216e,original_fast-f53ef71c13216e,synthetic,original_fast,syn-0011,gt-09676a3a35db09422fca,syn-0011-e01,html/syn-0011.html,syn-0011.html,run-none11,synthetic-shop.local,,https://synthetic-shop.local/product/a4-paper-11-01,matched_gt,Бумага офисная A4 80 г/м² 500 листов,599,present,Бумага офисная A4 80 г/м² 500 листов,599.0,1,1,1.0,0,1.0,0.0,0.0,0.0,0.0,,matched_gt; pipeline:generic:synthetic-shop.local,1,0,0,1,0,0,1,0,0,syn-0011,stationery,stationery,Бумага офисная A4 80 г/м² 500 листов,599,https://synthetic-shop.local/product/a4-paper-11-01,1,4.2,2–5 дня,Москва,SYN-11-01,syn-0011,syn-0011-e01,html/syn-0011.html,clean,gt-09676a3a35db09422fca,synthetic-shop.local,run-none11,,,,Бумага офисная A4 80 г/м² 500 листов,599,https://synthetic-shop.local/product/a4-paper-11-01,,syn-0011.html,present,synthetic,html/syn-0011.html,syn-0011.html,run-none11,synthetic-shop.local,D:\Pet_Codes\science\article-price-tracker\synthetic\html\syn-0011.html,https://synthetic-shop.local/search/syn-0011,https://synthetic-shop.local/search/syn-0011,,,,raw_html,,1b101a835ea51eca17f4e257e6a05e12147cd02760fd0a9579ca18fdacf5fd67,1b101a835ea51eca17f4e257e6a05e12147cd02760fd0a9579ca18fdacf5fd67,html/syn-0011.html,syn-0011,jsonld_cards,html/syn-0011.html,stationery,clean,5,syn-0011,https://synthetic-shop.local/search/syn-0011,1b101a835ea51eca17f4e257e6a05e12147cd02760fd0a9579ca18fdacf5fd67,synthetic-shop.local,0
20261002T161451Z-d2eb76ee,original_fast-119d5952de6ebb,original_fast-119d5952de6ebb,synthetic,original_fast,syn-0011,gt-d1a56fd59e76893d9aa8,syn-0011-e04,html/syn-0011.html,syn-0011.html,run-none11,synthetic-shop.local,,https://synthetic-shop.local/product/gel-pen-11-04,matched_gt,Ручка гелевая синяя 0.5 мм,89,present,Ручка гелевая синяя 0.5 мм,89.0,1,1,1.0,0,1.0,0.0,0.0,0.0,0.0,,matched_gt; pipeline:generic:synthetic-shop.local,1,0,0,1,0,0,1,0,0,syn-0011,stationery,stationery,Ручка гелевая синяя 0.5 мм,89,https://synthetic-shop.local/product/gel-pen-11-04,1,4.5,2–4 дня,Москва,SYN-11-04,syn-0011,syn-0011-e04,html/syn-0011.html,clean,gt-d1a56fd59e76893d9aa8,synthetic-shop.local,run-none11,,,,Ручка гелевая синяя 0.5 мм,89,https://synthetic-shop.local/product/gel-pen-11-04,,syn-0011.html,present,synthetic,html/syn-0011.html,syn-0011.html,run-none11,synthetic-shop.local,D:\Pet_Codes\science\article-price-tracker\synthetic\html\syn-0011.html,https://synthetic-shop.local/search/syn-0011,https://synthetic-shop.local/search/syn-0011,,,,raw_html,,1b101a835ea51eca17f4e257e6a05e12147cd02760fd0a9579ca18fdacf5fd67,1b101a835ea51eca17f4e257e6a05e12147cd02760fd0a9579ca18fdacf5fd67,html/syn-0011.html,syn-0011,jsonld_cards,html/syn-0011.html,stationery,clean,5,syn-0011,https://synthetic-shop.local/search/syn-0011,1b101a835ea51eca17f4e257e6a05e12147cd02760fd0a9579ca18fdacf5fd67,synthetic-shop.local,0
20261002T161451Z-d2eb76ee,original_fast-a86715964b1aab,original_fast-a86715964b1aab,synthetic,original_fast,syn-0011,gt-e3f4f587c292a773a7ff,syn-0011-e02,html/syn-0011.html,syn-0011.html,run-none11,synthetic-shop.local,,https://synthetic-shop.local/product/lever-arch-11-02,matched_gt,Папка-регистратор 75 мм синяя,379,present,Папка-регистратор 75 мм синяя,379.0,1,1,1.0,0,1.0,0.0,0.0,0.0,0.0,,matched_gt; pipeline:generic:synthetic-shop.local,1,0,0,1,0,0,1,0,0,syn-0011,stationery,stationery,Папка-регистратор 75 мм синяя,379,https://synthetic-shop.local/product/lever-arch-11-02,1,4.3,3–6 дня,Москва,SYN-11-02,syn-0011,syn-0011-e02,html/syn-0011.html,clean,gt-e3f4f587c292a773a7ff,synthetic-shop.local,run-none11,,,,Папка-регистратор 75 мм синяя,379,https://synthetic-shop.local/product/lever-arch-11-02,,syn-0011.html,present,synthetic,html/syn-0011.html,syn-0011.html,run-none11,synthetic-shop.local,D:\Pet_Codes\science\article-price-tracker\synthetic\html\syn-0011.html,https://synthetic-shop.local/search/syn-0011,https://synthetic-shop.local/search/syn-0011,,,,raw_html,,1b101a835ea51eca17f4e257e6a05e12147cd02760fd0a9579ca18fdacf5fd67,1b101a835ea51eca17f4e257e6a05e12147cd02760fd0a9579ca18fdacf5fd67,html/syn-0011.html,syn-0011,jsonld_cards,html/syn-0011.html,stationery,clean,5,syn-0011,https://synthetic-shop.local/search/syn-0011,1b101a835ea51eca17f4e257e6a05e12147cd02760fd0a9579ca18fdacf5fd67,synthetic-shop.local,0
20261002T161451Z-d2eb76ee,original_fast-a794be50c2e77d,original_fast-a794be50c2e77d,synthetic,original_fast,syn-0011,gt-e8f28f40d6e4ba0014f2,syn-0011-e03,html/syn-0011.html,syn-0011.html,run-none11,synthetic-shop.local,,https://synthetic-shop.local/product/permanent-marker-11-03,matched_gt,Маркер перманентный чёрный 2 мм,89,present,Маркер перманентный чёрный 2 мм,89.0,1,1,1.0,0,1.0,0.0,0.0,0.0,0.0,,matched_gt; pipeline:generic:synthetic-shop.local,1,0,0,1,0,0,1,0,0,syn-0011,stationery,stationery,Маркер перманентный чёрный 2 мм,89,https://synthetic-shop.local/product/permanent-marker-11-03,1,4.4,1–3 дня,Москва,SYN-11-03,syn-0011,syn-0011-e03,html/syn-0011.html,clean,gt-e8f28f40d6e4ba0014f2,synthetic-shop.local,run-none11,,,,Маркер перманентный чёрный 2 мм,89,https://synthetic-shop.local/product/permanent-marker-11-03,,syn-0011.html,present,synthetic,html/syn-0011.html,syn-0011.html,run-none11,synthetic-shop.local,D:\Pet_Codes\science\article-price-tracker\synthetic\html\syn-0011.html,https://synthetic-shop.local/search/syn-0011,https://synthetic-shop.local/search/syn-0011,,,,raw_html,,1b101a835ea51eca17f4e257e6a05e12147cd02760fd0a9579ca18fdacf5fd67,1b101a835ea51eca17f4e257e6a05e12147cd02760fd0a9579ca18fdacf5fd67,html/syn-0011.html,syn-0011,jsonld_cards,html/syn-0011.html,stationery,clean,5,syn-0011,https://synthetic-shop.local/search/syn-0011,1b101a835ea51eca17f4e257e6a05e12147cd02760fd0a9579ca18fdacf5fd67,synthetic-shop.local,0
20261002T161451Z-d2eb76ee,original_fast-41f70f312b792f,original_fast-41f70f312b792f,synthetic,original_fast,syn-0011,gt-c3d7affe301892c94c6d,syn-0011-e05,html/syn-0011.html,syn-0011.html,run-none11,synthetic-shop.local,,https://synthetic-shop.local/product/staples-11-05,matched_gt,Скобы для степлера №24/6 1000 шт,139,present,Скобы для степлера №24/6 1000 шт,139.0,1,1,1.0,0,1.0,0.0,0.0,0.0,0.0,,matched_gt; pipeline:generic:synthetic-shop.local,1,0,0,1,0,0,1,0,0,syn-0011,stationery,stationery,Скобы для степлера №24/6 1000 шт,139,https://synthetic-shop.local/product/staples-11-05,0,4.6,3–5 дня,Москва,SYN-11-05,syn-0011,syn-0011-e05,html/syn-0011.html,clean,gt-c3d7affe301892c94c6d,synthetic-shop.local,run-none11,,,,Скобы для степлера №24/6 1000 шт,139,https://synthetic-shop.local/product/staples-11-05,,syn-0011.html,present,synthetic,html/syn-0011.html,syn-0011.html,run-none11,synthetic-shop.local,D:\Pet_Codes\science\article-price-tracker\synthetic\html\syn-0011.html,https://synthetic-shop.local/search/syn-0011,https://synthetic-shop.local/search/syn-0011,,,,raw_html,,1b101a835ea51eca17f4e257e6a05e12147cd02760fd0a9579ca18fdacf5fd67,1b101a835ea51eca17f4e257e6a05e12147cd02760fd0a9579ca18fdacf5fd67,html/syn-0011.html,syn-0011,jsonld_cards,html/syn-0011.html,stationery,clean,5,syn-0011,https://synthetic-shop.local/search/syn-0011,1b101a835ea51eca17f4e257e6a05e12147cd02760fd0a9579ca18fdacf5fd67,synthetic-shop.local,0
20261002T161451Z-d2eb76ee,original_fast-8855e85c63db83,original_fast-8855e85c63db83,synthetic,original_fast,syn-0012,gt-d188550af0f4fed7551c,syn-0012-e01,html/syn-0012.html,syn-0012.html,run-none12,synthetic-shop.local,,https://synthetic-shop.local/product/gel-pen-12-01,matched_gt,Ручка гелевая синяя 0.5 мм,109,present,Ручка гелевая синяя 0.5 мм,109.0,1,1,1.0,0,1.0,0.0,0.0,0.0,0.0,,matched_gt; pipeline:generic:synthetic-shop.local,1,0,0,1,0,0,1,0,0,syn-0012,stationery,stationery,Ручка гелевая синяя 0.5 мм,109,https://synthetic-shop.local/product/gel-pen-12-01,1,4.3,3–6 дня,Москва,SYN-12-01,syn-0012,syn-0012-e01,html/syn-0012.html,clean,gt-d188550af0f4fed7551c,synthetic-shop.local,run-none12,,,,Ручка гелевая синяя 0.5 мм,109,https://synthetic-shop.local/product/gel-pen-12-01,,syn-0012.html,present,synthetic,html/syn-0012.html,syn-0012.html,run-none12,synthetic-shop.local,D:\Pet_Codes\science\article-price-tracker\synthetic\html\syn-0012.html,https://synthetic-shop.local/search/syn-0012,https://synthetic-shop.local/search/syn-0012,,,,raw_html,,c2120581712d9404a9be023519eaad2b6e9c389d10004d4550b7e97ae92bdf8d,c2120581712d9404a9be023519eaad2b6e9c389d10004d4550b7e97ae92bdf8d,html/syn-0012.html,syn-0012,microdata_cards,html/syn-0012.html,stationery,clean,5,syn-0012,https://synthetic-shop.local/search/syn-0012,c2120581712d9404a9be023519eaad2b6e9c389d10004d4550b7e97ae92bdf8d,synthetic-shop.local,0
20261002T161451Z-d2eb76ee,original_fast-8552eb6e54a9ba,original_fast-8552eb6e54a9ba,synthetic,original_fast,syn-0012,gt-575315a0d1012db7b2b8,syn-0012-e05,html/syn-0012.html,syn-0012.html,run-none12,synthetic-shop.local,,https://synthetic-shop.local/product/glue-stick-12-05,matched_gt,Клей-карандаш 21 г,169,present,Клей-карандаш 21 г,169.0,1,1,1.0,0,1.0,0.0,0.0,0.0,0.0,,matched_gt; pipeline:generic:synthetic-shop.local,1,0,0,1,0,0,1,0,0,syn-0012,stationery,stationery,Клей-карандаш 21 г,169,https://synthetic-shop.local/product/glue-stick-12-05,1,4.7,1–6 дня,Москва,SYN-12-05,syn-0012,syn-0012-e05,html/syn-0012.html,clean,gt-575315a0d1012db7b2b8,synthetic-shop.local,run-none12,,,,Клей-карандаш 21 г,169,https://synthetic-shop.local/product/glue-stick-12-05,,syn-0012.html,present,synthetic,html/syn-0012.html,syn-0012.html,run-none12,synthetic-shop.local,D:\Pet_Codes\science\article-price-tracker\synthetic\html\syn-0012.html,https://synthetic-shop.local/search/syn-0012,https://synthetic-shop.local/search/syn-0012,,,,raw_html,,c2120581712d9404a9be023519eaad2b6e9c389d10004d4550b7e97ae92bdf8d,c2120581712d9404a9be023519eaad2b6e9c389d10004d4550b7e97ae92bdf8d,html/syn-0012.html,syn-0012,microdata_cards,html/syn-0012.html,stationery,clean,5,syn-0012,https://synthetic-shop.local/search/syn-0012,c2120581712d9404a9be023519eaad2b6e9c389d10004d4550b7e97ae92bdf8d,synthetic-shop.local,0
20261002T161451Z-d2eb76ee,original_fast-cebabfd27f24ae,original_fast-cebabfd27f24ae,synthetic,original_fast,syn-0012,gt-70cba3d7bd31dcbdc4a1,syn-0012-e04,html/syn-0012.html,syn-0012.html,run-none12,synthetic-shop.local,,https://synthetic-shop.local/product/labels-12-04,matched_gt,Этикетки самоклеящиеся 70×37 мм,669,present,Этикетки самоклеящиеся 70×37 мм,669.0,1,1,1.0,0,1.0,0.0,0.0,0.0,0.0,,matched_gt; pipeline:generic:synthetic-shop.local,1,0,0,1,0,0,1,0,0,syn-0012,stationery,stationery,Этикетки самоклеящиеся 70×37 мм,669,https://synthetic-shop.local/product/labels-12-04,0,4.6,3–5 дня,Москва,SYN-12-04,syn-0012,syn-0012-e04,html/syn-0012.html,clean,gt-70cba3d7bd31dcbdc4a1,synthetic-shop.local,run-none12,,,,Этикетки самоклеящиеся 70×37 мм,669,https://synthetic-shop.local/product/labels-12-04,,syn-0012.html,present,synthetic,html/syn-0012.html,syn-0012.html,run-none12,synthetic-shop.local,D:\Pet_Codes\science\article-price-tracker\synthetic\html\syn-0012.html,https://synthetic-shop.local/search/syn-0012,https://synthetic-shop.local/search/syn-0012,,,,raw_html,,c2120581712d9404a9be023519eaad2b6e9c389d10004d4550b7e97ae92bdf8d,c2120581712d9404a9be023519eaad2b6e9c389d10004d4550b7e97ae92bdf8d,html/syn-0012.html,syn-0012,microdata_cards,html/syn-0012.html,stationery,clean,5,syn-0012,https://synthetic-shop.local/search/syn-0012,c2120581712d9404a9be023519eaad2b6e9c389d10004d4550b7e97ae92bdf8d,synthetic-shop.local,0
20261002T161451Z-d2eb76ee,original_fast-43a36d999074e5,original_fast-43a36d999074e5,synthetic,original_fast,syn-0012,gt-8d2dc9d6ef5f9b056985,syn-0012-e03,html/syn-0012.html,syn-0012.html,run-none12,synthetic-shop.local,,https://synthetic-shop.local/product/notebook-a5-12-03,matched_gt,Блокнот A5 96 листов клетка,299,present,Блокнот A5 96 листов клетка,299.0,1,1,1.0,0,1.0,0.0,0.0,0.0,0.0,,matched_gt; pipeline:generic:synthetic-shop.local,1,0,0,1,0,0,1,0,0,syn-0012,stationery,stationery,Блокнот A5 96 листов клетка,299,https://synthetic-shop.local/product/notebook-a5-12-03,1,4.5,2–4 дня,Москва,SYN-12-03,syn-0012,syn-0012-e03,html/syn-0012.html,clean,gt-8d2dc9d6ef5f9b056985,synthetic-shop.local,run-none12,,,,Блокнот A5 96 листов клетка,299,https://synthetic-shop.local/product/notebook-a5-12-03,,syn-0012.html,present,synthetic,html/syn-0012.html,syn-0012.html,run-none12,synthetic-shop.local,D:\Pet_Codes\science\article-price-tracker\synthetic\html\syn-0012.html,https://synthetic-shop.local/search/syn-0012,https://synthetic-shop.local/search/syn-0012,,,,raw_html,,c2120581712d9404a9be023519eaad2b6e9c389d10004d4550b7e97ae92bdf8d,c2120581712d9404a9be023519eaad2b6e9c389d10004d4550b7e97ae92bdf8d,html/syn-0012.html,syn-0012,microdata_cards,html/syn-0012.html,stationery,clean,5,syn-0012,https://synthetic-shop.local/search/syn-0012,c2120581712d9404a9be023519eaad2b6e9c389d10004d4550b7e97ae92bdf8d,synthetic-shop.local,0
20261002T161451Z-d2eb76ee,original_fast-f3372d51f9ab1c,original_fast-f3372d51f9ab1c,synthetic,original_fast,syn-0012,gt-0c158da0de43e468089a,syn-0012-e02,html/syn-0012.html,syn-0012.html,run-none12,synthetic-shop.local,,https://synthetic-shop.local/product/staples-12-02,matched_gt,Скобы для степлера №24/6 1000 шт,119,present,Скобы для степлера №24/6 1000 шт,119.0,1,1,1.0,0,1.0,0.0,0.0,0.0,0.0,,matched_gt; pipeline:generic:synthetic-shop.local,1,0,0,1,0,0,1,0,0,syn-0012,stationery,stationery,Скобы для степлера №24/6 1000 шт,119,https://synthetic-shop.local/product/staples-12-02,1,4.4,1–3 дня,Москва,SYN-12-02,syn-0012,syn-0012-e02,html/syn-0012.html,clean,gt-0c158da0de43e468089a,synthetic-shop.local,run-none12,,,,Скобы для степлера №24/6 1000 шт,119,https://synthetic-shop.local/product/staples-12-02,,syn-0012.html,present,synthetic,html/syn-0012.html,syn-0012.html,run-none12,synthetic-shop.local,D:\Pet_Codes\science\article-price-tracker\synthetic\html\syn-0012.html,https://synthetic-shop.local/search/syn-0012,https://synthetic-shop.local/search/syn-0012,,,,raw_html,,c2120581712d9404a9be023519eaad2b6e9c389d10004d4550b7e97ae92bdf8d,c2120581712d9404a9be023519eaad2b6e9c389d10004d4550b7e97ae92bdf8d,html/syn-0012.html,syn-0012,microdata_cards,html/syn-0012.html,stationery,clean,5,syn-0012,https://synthetic-shop.local/search/syn-0012,c2120581712d9404a9be023519eaad2b6e9c389d10004d4550b7e97ae92bdf8d,synthetic-shop.local,0
20261002T161451Z-d2eb76ee,original_fast-8ab9f01f733c2f,original_fast-8ab9f01f733c2f,synthetic,original_fast,syn-0013,gt-4179185338f9610ff92e,syn-0013-e05,html/syn-0013.html,syn-0013.html,run-none13,synthetic-shop.local,,https://synthetic-shop.local/product/a4-paper-13-05,matched_gt,Бумага офисная A4 80 г/м² 500 листов,579,present,Бумага офисная A4 80 г/м² 500 листов,579.0,1,1,1.0,0,1.0,0.0,0.0,0.0,0.0,,matched_gt; pipeline:generic:synthetic-shop.local,1,0,0,1,0,0,1,0,0,syn-0013,stationery,stationery,Бумага офисная A4 80 г/м² 500 листов,579,https://synthetic-shop.local/product/a4-paper-13-05,1,4.8,2–3 дня,Москва,SYN-13-05,syn-0013,syn-0013-e05,html/syn-0013.html,clean,gt-4179185338f9610ff92e,synthetic-shop.local,run-none13,,,,Бумага офисная A4 80 г/м² 500 листов,579,https://synthetic-shop.local/product/a4-paper-13-05,,syn-0013.html,present,synthetic,html/syn-0013.html,syn-0013.html,run-none13,synthetic-shop.local,D:\Pet_Codes\science\article-price-tracker\synthetic\html\syn-0013.html,https://synthetic-shop.local/search/syn-0013,https://synthetic-shop.local/search/syn-0013,,,,raw_html,,96525783d033d80e925c77df8e64c934e8f4a411e257330e53ccb230b65f16bc,96525783d033d80e925c77df8e64c934e8f4a411e257330e53ccb230b65f16bc,html/syn-0013.html,syn-0013,plain_cards,html/syn-0013.html,stationery,clean,5,syn-0013,https://synthetic-shop.local/search/syn-0013,96525783d033d80e925c77df8e64c934e8f4a411e257330e53ccb230b65f16bc,synthetic-shop.local,0
20261002T161451Z-d2eb76ee,original_fast-a58415136b0bbc,original_fast-a58415136b0bbc,synthetic,original_fast,syn-0013,gt-7d1cb160764783b93f09,syn-0013-e04,html/syn-0013.html,syn-0013.html,run-none13,synthetic-shop.local,,https://synthetic-shop.local/product/correction-tape-13-04,matched_gt,Корректирующая лента 5 мм × 8 м,209,present,Корректирующая лента 5 мм × 8 м,209.0,1,1,1.0,0,1.0,0.0,0.0,0.0,0.0,,matched_gt; pipeline:generic:synthetic-shop.local,1,0,0,1,0,0,1,0,0,syn-0013,stationery,stationery,Корректирующая лента 5 мм × 8 м,209,https://synthetic-shop.local/product/correction-tape-13-04,1,4.7,1–6 дня,Москва,SYN-13-04,syn-0013,syn-0013-e04,html/syn-0013.html,clean,gt-7d1cb160764783b93f09,synthetic-shop.local,run-none13,,,,Корректирующая лента 5 мм × 8 м,209,https://synthetic-shop.local/product/correction-tape-13-04,,syn-0013.html,present,synthetic,html/syn-0013.html,syn-0013.html,run-none13,synthetic-shop.local,D:\Pet_Codes\science\article-price-tracker\synthetic\html\syn-0013.html,https://synthetic-shop.local/search/syn-0013,https://synthetic-shop.local/search/syn-0013,,,,raw_html,,96525783d033d80e925c77df8e64c934e8f4a411e257330e53ccb230b65f16bc,96525783d033d80e925c77df8e64c934e8f4a411e257330e53ccb230b65f16bc,html/syn-0013.html,syn-0013,plain_cards,html/syn-0013.html,stationery,clean,5,syn-0013,https://synthetic-shop.local/search/syn-0013,96525783d033d80e925c77df8e64c934e8f4a411e257330e53ccb230b65f16bc,synthetic-shop.local,0
20261002T161451Z-d2eb76ee,original_fast-e25c5592074efa,original_fast-e25c5592074efa,synthetic,original_fast,syn-0013,gt-ab8ecfeb6d5228c1d6ad,syn-0013-e02,html/syn-0013.html,syn-0013.html,run-none13,synthetic-shop.local,,https://synthetic-shop.local/product/glue-stick-13-02,matched_gt,Клей-карандаш 21 г,149,present,Клей-карандаш 21 г,149.0,1,1,1.0,0,1.0,0.0,0.0,0.0,0.0,,matched_gt; pipeline:generic:synthetic-shop.local,1,0,0,1,0,0,1,0,0,syn-0013,stationery,stationery,Клей-карандаш 21 г,149,https://synthetic-shop.local/product/glue-stick-13-02,1,4.5,2–4 дня,Москва,SYN-13-02,syn-0013,syn-0013-e02,html/syn-0013.html,clean,gt-ab8ecfeb6d5228c1d6ad,synthetic-shop.local,run-none13,,,,Клей-карандаш 21 г,149,https://synthetic-shop.local/product/glue-stick-13-02,,syn-0013.html,present,synthetic,html/syn-0013.html,syn-0013.html,run-none13,synthetic-shop.local,D:\Pet_Codes\science\article-price-tracker\synthetic\html\syn-0013.html,https://synthetic-shop.local/search/syn-0013,https://synthetic-shop.local/search/syn-0013,,,,raw_html,,96525783d033d80e925c77df8e64c934e8f4a411e257330e53ccb230b65f16bc,96525783d033d80e925c77df8e64c934e8f4a411e257330e53ccb230b65f16bc,html/syn-0013.html,syn-0013,plain_cards,html/syn-0013.html,stationery,clean,5,syn-0013,https://synthetic-shop.local/search/syn-0013,96525783d033d80e925c77df8e64c934e8f4a411e257330e53ccb230b65f16bc,synthetic-shop.local,0
20261002T161451Z-d2eb76ee,original_fast-12a1239137d389,original_fast-12a1239137d389,synthetic,original_fast,syn-0013,gt-27f3798eb2f499379a42,syn-0013-e01,html/syn-0013.html,syn-0013.html,run-none13,synthetic-shop.local,,https://synthetic-shop.local/product/labels-13-01,matched_gt,Этикетки самоклеящиеся 70×37 мм,649,present,Этикетки самоклеящиеся 70×37 мм,649.0,1,1,1.0,0,1.0,0.0,0.0,0.0,0.0,,matched_gt; pipeline:generic:synthetic-shop.local,1,0,0,1,0,0,1,0,0,syn-0013,stationery,stationery,Этикетки самоклеящиеся 70×37 мм,649,https://synthetic-shop.local/product/labels-13-01,1,4.4,1–3 дня,Москва,SYN-13-01,syn-0013,syn-0013-e01,html/syn-0013.html,clean,gt-27f3798eb2f499379a42,synthetic-shop.local,run-none13,,,,Этикетки самоклеящиеся 70×37 мм,649,https://synthetic-shop.local/product/labels-13-01,,syn-0013.html,present,synthetic,html/syn-0013.html,syn-0013.html,run-none13,synthetic-shop.local,D:\Pet_Codes\science\article-price-tracker\synthetic\html\syn-0013.html,https://synthetic-shop.local/search/syn-0013,https://synthetic-shop.local/search/syn-0013,,,,raw_html,,96525783d033d80e925c77df8e64c934e8f4a411e257330e53ccb230b65f16bc,96525783d033d80e925c77df8e64c934e8f4a411e257330e53ccb230b65f16bc,html/syn-0013.html,syn-0013,plain_cards,html/syn-0013.html,stationery,clean,5,syn-0013,https://synthetic-shop.local/search/syn-0013,96525783d033d80e925c77df8e64c934e8f4a411e257330e53ccb230b65f16bc,synthetic-shop.local,0
20261002T161451Z-d2eb76ee,original_fast-d9399f27dc221d,original_fast-d9399f27dc221d,synthetic,original_fast,syn-0013,gt-9a3dd944784d91c1a4e5,syn-0013-e03,html/syn-0013.html,syn-0013.html,run-none13,synthetic-shop.local,,https://synthetic-shop.local/product/sheet-protectors-13-03,matched_gt,Файл-вкладыш A4 100 шт,519,present,Файл-вкладыш A4 100 шт,519.0,1,1,1.0,0,1.0,0.0,0.0,0.0,0.0,,matched_gt; pipeline:generic:synthetic-shop.local,1,0,0,1,0,0,1,0,0,syn-0013,stationery,stationery,Файл-вкладыш A4 100 шт,519,https://synthetic-shop.local/product/sheet-protectors-13-03,0,4.6,3–5 дня,Москва,SYN-13-03,syn-0013,syn-0013-e03,html/syn-0013.html,clean,gt-9a3dd944784d91c1a4e5,synthetic-shop.local,run-none13,,,,Файл-вкладыш A4 100 шт,519,https://synthetic-shop.local/product/sheet-protectors-13-03,,syn-0013.html,present,synthetic,html/syn-0013.html,syn-0013.html,run-none13,synthetic-shop.local,D:\Pet_Codes\science\article-price-tracker\synthetic\html\syn-0013.html,https://synthetic-shop.local/search/syn-0013,https://synthetic-shop.local/search/syn-0013,,,,raw_html,,96525783d033d80e925c77df8e64c934e8f4a411e257330e53ccb230b65f16bc,96525783d033d80e925c77df8e64c934e8f4a411e257330e53ccb230b65f16bc,html/syn-0013.html,syn-0013,plain_cards,html/syn-0013.html,stationery,clean,5,syn-0013,https://synthetic-shop.local/search/syn-0013,96525783d033d80e925c77df8e64c934e8f4a411e257330e53ccb230b65f16bc,synthetic-shop.local,0
20261002T161451Z-d2eb76ee,original_fast-dcefdce50b2f2d,original_fast-dcefdce50b2f2d,synthetic,original_fast,syn-0014,gt-c6f764188f8fb5782673,syn-0014-e02,html/syn-0014.html,syn-0014.html,run-none14,synthetic-shop.local,,https://synthetic-shop.local/product/a4-paper-14-02,matched_gt,Бумага офисная A4 80 г/м² 500 листов,599,present,Бумага офисная A4 80 г/м² 500 листов,599.0,1,1,1.0,0,1.0,0.0,0.0,0.0,0.0,,matched_gt; pipeline:generic:synthetic-shop.local,1,0,0,1,0,0,1,0,0,syn-0014,stationery,stationery,Бумага офисная A4 80 г/м² 500 листов,599,https://synthetic-shop.local/product/a4-paper-14-02,0,4.6,3–5 дня,Москва,SYN-14-02,syn-0014,syn-0014-e02,html/syn-0014.html,clean,gt-c6f764188f8fb5782673,synthetic-shop.local,run-none14,,,,Бумага офисная A4 80 г/м² 500 листов,599,https://synthetic-shop.local/product/a4-paper-14-02,,syn-0014.html,present,synthetic,html/syn-0014.html,syn-0014.html,run-none14,synthetic-shop.local,D:\Pet_Codes\science\article-price-tracker\synthetic\html\syn-0014.html,https://synthetic-shop.local/search/syn-0014,https://synthetic-shop.local/search/syn-0014,,,,raw_html,,d8fd4647d23861dbfb551654ae88f620f03f24331e875f172050d59808534dca,d8fd4647d23861dbfb551654ae88f620f03f24331e875f172050d59808534dca,html/syn-0014.html,syn-0014,embedded_state,html/syn-0014.html,stationery,clean,5,syn-0014,https://synthetic-shop.local/search/syn-0014,d8fd4647d23861dbfb551654ae88f620f03f24331e875f172050d59808534dca,synthetic-shop.local,0
20261002T161451Z-d2eb76ee,original_fast-9b22aa51368914,original_fast-9b22aa51368914,synthetic,original_fast,syn-0014,gt-eba07503a08f9268279c,syn-0014-e01,html/syn-0014.html,syn-0014.html,run-none14,synthetic-shop.local,,https://synthetic-shop.local/product/correction-tape-14-01,matched_gt,Корректирующая лента 5 мм × 8 м,189,present,Корректирующая лента 5 мм × 8 м,189.0,1,1,1.0,0,1.0,0.0,0.0,0.0,0.0,,matched_gt; pipeline:generic:synthetic-shop.local,1,0,0,1,0,0,1,0,0,syn-0014,stationery,stationery,Корректирующая лента 5 мм × 8 м,189,https://synthetic-shop.local/product/correction-tape-14-01,1,4.5,2–4 дня,Москва,SYN-14-01,syn-0014,syn-0014-e01,html/syn-0014.html,clean,gt-eba07503a08f9268279c,synthetic-shop.local,run-none14,,,,Корректирующая лента 5 мм × 8 м,189,https://synthetic-shop.local/product/correction-tape-14-01,,syn-0014.html,present,synthetic,html/syn-0014.html,syn-0014.html,run-none14,synthetic-shop.local,D:\Pet_Codes\science\article-price-tracker\synthetic\html\syn-0014.html,https://synthetic-shop.local/search/syn-0014,https://synthetic-shop.local/search/syn-0014,,,,raw_html,,d8fd4647d23861dbfb551654ae88f620f03f24331e875f172050d59808534dca,d8fd4647d23861dbfb551654ae88f620f03f24331e875f172050d59808534dca,html/syn-0014.html,syn-0014,embedded_state,html/syn-0014.html,stationery,clean,5,syn-0014,https://synthetic-shop.local/search/syn-0014,d8fd4647d23861dbfb551654ae88f620f03f24331e875f172050d59808534dca,synthetic-shop.local,0
20261002T161451Z-d2eb76ee,original_fast-800fedb4dff854,original_fast-800fedb4dff854,synthetic,original_fast,syn-0014,gt-23540a1347fc3ce347cb,syn-0014-e05,html/syn-0014.html,syn-0014.html,run-none14,synthetic-shop.local,,https://synthetic-shop.local/product/gel-pen-14-05,matched_gt,Ручка гелевая синяя 0.5 мм,89,present,Ручка гелевая синяя 0.5 мм,89.0,1,1,1.0,0,1.0,0.0,0.0,0.0,0.0,,matched_gt; pipeline:generic:synthetic-shop.local,1,0,0,1,0,0,1,0,0,syn-0014,stationery,stationery,Ручка гелевая синяя 0.5 мм,89,https://synthetic-shop.local/product/gel-pen-14-05,1,4.9,3–4 дня,Москва,SYN-14-05,syn-0014,syn-0014-e05,html/syn-0014.html,clean,gt-23540a1347fc3ce347cb,synthetic-shop.local,run-none14,,,,Ручка гелевая синяя 0.5 мм,89,https://synthetic-shop.local/product/gel-pen-14-05,,syn-0014.html,present,synthetic,html/syn-0014.html,syn-0014.html,run-none14,synthetic-shop.local,D:\Pet_Codes\science\article-price-tracker\synthetic\html\syn-0014.html,https://synthetic-shop.local/search/syn-0014,https://synthetic-shop.local/search/syn-0014,,,,raw_html,,d8fd4647d23861dbfb551654ae88f620f03f24331e875f172050d59808534dca,d8fd4647d23861dbfb551654ae88f620f03f24331e875f172050d59808534dca,html/syn-0014.html,syn-0014,embedded_state,html/syn-0014.html,stationery,clean,5,syn-0014,https://synthetic-shop.local/search/syn-0014,d8fd4647d23861dbfb551654ae88f620f03f24331e875f172050d59808534dca,synthetic-shop.local,0
20261002T161451Z-d2eb76ee,original_fast-204ff8b7e5da64,original_fast-204ff8b7e5da64,synthetic,original_fast,syn-0014,gt-64cfd063db53827aadab,syn-0014-e03,html/syn-0014.html,syn-0014.html,run-none14,synthetic-shop.local,,https://synthetic-shop.local/product/lever-arch-14-03,matched_gt,Папка-регистратор 75 мм синяя,379,present,Папка-регистратор 75 мм синяя,379.0,1,1,1.0,0,1.0,0.0,0.0,0.0,0.0,,matched_gt; pipeline:generic:synthetic-shop.local,1,0,0,1,0,0,1,0,0,syn-0014,stationery,stationery,Папка-регистратор 75 мм синяя,379,https://synthetic-shop.local/product/lever-arch-14-03,1,4.7,1–6 дня,Москва,SYN-14-03,syn-0014,syn-0014-e03,html/syn-0014.html,clean,gt-64cfd063db53827aadab,synthetic-shop.local,run-none14,,,,Папка-регистратор 75 мм синяя,379,https://synthetic-shop.local/product/lever-arch-14-03,,syn-0014.html,present,synthetic,html/syn-0014.html,syn-0014.html,run-none14,synthetic-shop.local,D:\Pet_Codes\science\article-price-tracker\synthetic\html\syn-0014.html,https://synthetic-shop.local/search/syn-0014,https://synthetic-shop.local/search/syn-0014,,,,raw_html,,d8fd4647d23861dbfb551654ae88f620f03f24331e875f172050d59808534dca,d8fd4647d23861dbfb551654ae88f620f03f24331e875f172050d59808534dca,html/syn-0014.html,syn-0014,embedded_state,html/syn-0014.html,stationery,clean,5,syn-0014,https://synthetic-shop.local/search/syn-0014,d8fd4647d23861dbfb551654ae88f620f03f24331e875f172050d59808534dca,synthetic-shop.local,0
20261002T161451Z-d2eb76ee,original_fast-7c731e58c3001a,original_fast-7c731e58c3001a,synthetic,original_fast,syn-0014,gt-c7f33955fe201fa6166f,syn-0014-e04,html/syn-0014.html,syn-0014.html,run-none14,synthetic-shop.local,,https://synthetic-shop.local/product/permanent-marker-14-04,matched_gt,Маркер перманентный чёрный 2 мм,89,present,Маркер перманентный чёрный 2 мм,89.0,1,1,1.0,0,1.0,0.0,0.0,0.0,0.0,,matched_gt; pipeline:generic:synthetic-shop.local,1,0,0,1,0,0,1,0,0,syn-0014,stationery,stationery,Маркер перманентный чёрный 2 мм,89,https://synthetic-shop.local/product/permanent-marker-14-04,1,4.8,2–3 дня,Москва,SYN-14-04,syn-0014,syn-0014-e04,html/syn-0014.html,clean,gt-c7f33955fe201fa6166f,synthetic-shop.local,run-none14,,,,Маркер перманентный чёрный 2 мм,89,https://synthetic-shop.local/product/permanent-marker-14-04,,syn-0014.html,present,synthetic,html/syn-0014.html,syn-0014.html,run-none14,synthetic-shop.local,D:\Pet_Codes\science\article-price-tracker\synthetic\html\syn-0014.html,https://synthetic-shop.local/search/syn-0014,https://synthetic-shop.local/search/syn-0014,,,,raw_html,,d8fd4647d23861dbfb551654ae88f620f03f24331e875f172050d59808534dca,d8fd4647d23861dbfb551654ae88f620f03f24331e875f172050d59808534dca,html/syn-0014.html,syn-0014,embedded_state,html/syn-0014.html,stationery,clean,5,syn-0014,https://synthetic-shop.local/search/syn-0014,d8fd4647d23861dbfb551654ae88f620f03f24331e875f172050d59808534dca,synthetic-shop.local,0
20261002T161451Z-d2eb76ee,original_fast-0e3e1e79174d4e,,synthetic,original_fast,syn-0015,gt-968b3438474cf2db9339,syn-0015-e03,html/syn-0015.html,syn-0015.html,run-none15,synthetic-shop.local,,https://synthetic-shop.local/product/mechanical-keyboard-15-03,missing_prediction,Клавиатура механическая USB,6490,present,,,0,0,,0,,,,,,missing_entity,missing_prediction,0,0,1,0,0,1,0,0,1,syn-0015,electronics,electronics,Клавиатура механическая USB,6490,https://synthetic-shop.local/product/mechanical-keyboard-15-03,1,4.8,2–3 дня,Москва,SYN-15-03,syn-0015,syn-0015-e03,html/syn-0015.html,clean,gt-968b3438474cf2db9339,synthetic-shop.local,run-none15,,,,Клавиатура механическая USB,6490,https://synthetic-shop.local/product/mechanical-keyboard-15-03,,syn-0015.html,present,synthetic,html/syn-0015.html,syn-0015.html,run-none15,synthetic-shop.local,D:\Pet_Codes\science\article-price-tracker\synthetic\html\syn-0015.html,https://synthetic-shop.local/search/syn-0015,https://synthetic-shop.local/search/syn-0015,,,,raw_html,,2c98b87c8d128dc6cca9f010f3843a723fd33ddec1bdab9c7a240dfffb49f4e5,2c98b87c8d128dc6cca9f010f3843a723fd33ddec1bdab9c7a240dfffb49f4e5,html/syn-0015.html,syn-0015,detail_grid,html/syn-0015.html,electronics,clean,5,syn-0015,https://synthetic-shop.local/search/syn-0015,2c98b87c8d128dc6cca9f010f3843a723fd33ddec1bdab9c7a240dfffb49f4e5,synthetic-shop.local,0
20261002T161451Z-d2eb76ee,original_fast-bd27b098474468,,synthetic,original_fast,syn-0015,gt-e595bf0813c72252afe7,syn-0015-e01,html/syn-0015.html,syn-0015.html,run-none15,synthetic-shop.local,,https://synthetic-shop.local/product/monitor-27-15-01,missing_prediction,Монитор 27″ IPS QHD 165 Гц,29396,present,,,0,0,,0,,,,,,missing_entity,missing_prediction,0,0,1,0,0,1,0,0,1,syn-0015,electronics,electronics,Монитор 27″ IPS QHD 165 Гц,29396,https://synthetic-shop.local/product/monitor-27-15-01,0,4.6,3–5 дня,Москва,SYN-15-01,syn-0015,syn-0015-e01,html/syn-0015.html,clean,gt-e595bf0813c72252afe7,synthetic-shop.local,run-none15,,,,Монитор 27″ IPS QHD 165 Гц,29396,https://synthetic-shop.local/product/monitor-27-15-01,,syn-0015.html,present,synthetic,html/syn-0015.html,syn-0015.html,run-none15,synthetic-shop.local,D:\Pet_Codes\science\article-price-tracker\synthetic\html\syn-0015.html,https://synthetic-shop.local/search/syn-0015,https://synthetic-shop.local/search/syn-0015,,,,raw_html,,2c98b87c8d128dc6cca9f010f3843a723fd33ddec1bdab9c7a240dfffb49f4e5,2c98b87c8d128dc6cca9f010f3843a723fd33ddec1bdab9c7a240dfffb49f4e5,html/syn-0015.html,syn-0015,detail_grid,html/syn-0015.html,electronics,clean,5,syn-0015,https://synthetic-shop.local/search/syn-0015,2c98b87c8d128dc6cca9f010f3843a723fd33ddec1bdab9c7a240dfffb49f4e5,synthetic-shop.local,0
20261002T161451Z-d2eb76ee,original_fast-f400214d747f84,,synthetic,original_fast,syn-0015,gt-7bd82e9570a7f1c5e573,syn-0015-e04,html/syn-0015.html,syn-0015.html,run-none15,synthetic-shop.local,,https://synthetic-shop.local/product/portable-ssd-15-04,missing_prediction,Внешний SSD 2 ТБ USB-C,17109,present,,,0,0,,0,,,,,,missing_entity,missing_prediction,0,0,1,0,0,1,0,0,1,syn-0015,electronics,electronics,Внешний SSD 2 ТБ USB-C,17109,https://synthetic-shop.local/product/portable-ssd-15-04,1,4.9,3–4 дня,Москва,SYN-15-04,syn-0015,syn-0015-e04,html/syn-0015.html,clean,gt-7bd82e9570a7f1c5e573,synthetic-shop.local,run-none15,,,,Внешний SSD 2 ТБ USB-C,17109,https://synthetic-shop.local/product/portable-ssd-15-04,,syn-0015.html,present,synthetic,html/syn-0015.html,syn-0015.html,run-none15,synthetic-shop.local,D:\Pet_Codes\science\article-price-tracker\synthetic\html\syn-0015.html,https://synthetic-shop.local/search/syn-0015,https://synthetic-shop.local/search/syn-0015,,,,raw_html,,2c98b87c8d128dc6cca9f010f3843a723fd33ddec1bdab9c7a240dfffb49f4e5,2c98b87c8d128dc6cca9f010f3843a723fd33ddec1bdab9c7a240dfffb49f4e5,html/syn-0015.html,syn-0015,detail_grid,html/syn-0015.html,electronics,clean,5,syn-0015,https://synthetic-shop.local/search/syn-0015,2c98b87c8d128dc6cca9f010f3843a723fd33ddec1bdab9c7a240dfffb49f4e5,synthetic-shop.local,0
20261002T161451Z-d2eb76ee,original_fast-faa3922e238c14,,synthetic,original_fast,syn-0015,gt-264114a9db4ab4f7910f,syn-0015-e02,html/syn-0015.html,syn-0015.html,run-none15,synthetic-shop.local,,https://synthetic-shop.local/product/ups-1000-15-02,missing_prediction,Источник бесперебойного питания 1000 ВА,12242,present,,,0,0,,0,,,,,,missing_entity,missing_prediction,0,0,1,0,0,1,0,0,1,syn-0015,electronics,electronics,Источник бесперебойного питания 1000 ВА,12242,https://synthetic-shop.local/product/ups-1000-15-02,1,4.7,1–6 дня,Москва,SYN-15-02,syn-0015,syn-0015-e02,html/syn-0015.html,clean,gt-264114a9db4ab4f7910f,synthetic-shop.local,run-none15,,,,Источник бесперебойного питания 1000 ВА,12242,https://synthetic-shop.local/product/ups-1000-15-02,,syn-0015.html,present,synthetic,html/syn-0015.html,syn-0015.html,run-none15,synthetic-shop.local,D:\Pet_Codes\science\article-price-tracker\synthetic\html\syn-0015.html,https://synthetic-shop.local/search/syn-0015,https://synthetic-shop.local/search/syn-0015,,,,raw_html,,2c98b87c8d128dc6cca9f010f3843a723fd33ddec1bdab9c7a240dfffb49f4e5,2c98b87c8d128dc6cca9f010f3843a723fd33ddec1bdab9c7a240dfffb49f4e5,html/syn-0015.html,syn-0015,detail_grid,html/syn-0015.html,electronics,clean,5,syn-0015,https://synthetic-shop.local/search/syn-0015,2c98b87c8d128dc6cca9f010f3843a723fd33ddec1bdab9c7a240dfffb49f4e5,synthetic-shop.local,0
20261002T161451Z-d2eb76ee,original_fast-4a77341f5392f3,,synthetic,original_fast,syn-0015,gt-1c66cc4a92eec54d0432,syn-0015-e05,html/syn-0015.html,syn-0015.html,run-none15,synthetic-shop.local,,https://synthetic-shop.local/product/webcam-15-05,missing_prediction,Веб-камера Full HD 1080p,4046,present,,,0,0,,0,,,,,,missing_entity,missing_prediction,0,0,1,0,0,1,0,0,1,syn-0015,electronics,electronics,Веб-камера Full HD 1080p,4046,https://synthetic-shop.local/product/webcam-15-05,1,4.1,1–5 дня,Москва,SYN-15-05,syn-0015,syn-0015-e05,html/syn-0015.html,clean,gt-1c66cc4a92eec54d0432,synthetic-shop.local,run-none15,,,,Веб-камера Full HD 1080p,4046,https://synthetic-shop.local/product/webcam-15-05,,syn-0015.html,present,synthetic,html/syn-0015.html,syn-0015.html,run-none15,synthetic-shop.local,D:\Pet_Codes\science\article-price-tracker\synthetic\html\syn-0015.html,https://synthetic-shop.local/search/syn-0015,https://synthetic-shop.local/search/syn-0015,,,,raw_html,,2c98b87c8d128dc6cca9f010f3843a723fd33ddec1bdab9c7a240dfffb49f4e5,2c98b87c8d128dc6cca9f010f3843a723fd33ddec1bdab9c7a240dfffb49f4e5,html/syn-0015.html,syn-0015,detail_grid,html/syn-0015.html,electronics,clean,5,syn-0015,https://synthetic-shop.local/search/syn-0015,2c98b87c8d128dc6cca9f010f3843a723fd33ddec1bdab9c7a240dfffb49f4e5,synthetic-shop.local,0
20261002T161451Z-d2eb76ee,original_fast-90b10491552384,,synthetic,original_fast,syn-0016,gt-abd51d2eb3d90985f977,syn-0016-e04,html/syn-0016.html,syn-0016.html,run-none16,synthetic-shop.local,,https://synthetic-shop.local/product/mini-pc-16-04,missing_prediction,Мини-ПК 16 ГБ / 512 ГБ,36494,present,,,0,0,,0,,,,,,missing_entity,missing_prediction,0,0,1,0,0,1,0,0,1,syn-0016,electronics,electronics,Мини-ПК 16 ГБ / 512 ГБ,36494,https://synthetic-shop.local/product/mini-pc-16-04,1,4.1,1–5 дня,Москва,SYN-16-04,syn-0016,syn-0016-e04,html/syn-0016.html,clean,gt-abd51d2eb3d90985f977,synthetic-shop.local,run-none16,,,,Мини-ПК 16 ГБ / 512 ГБ,36494,https://synthetic-shop.local/product/mini-pc-16-04,,syn-0016.html,present,synthetic,html/syn-0016.html,syn-0016.html,run-none16,synthetic-shop.local,D:\Pet_Codes\science\article-price-tracker\synthetic\html\syn-0016.html,https://synthetic-shop.local/search/syn-0016,https://synthetic-shop.local/search/syn-0016,,,,raw_html,,9f64af28cc7b2bf8d3a866c6def7e77a3fd33ee48d10a84ce4be9ec6cee97d9d,9f64af28cc7b2bf8d3a866c6def7e77a3fd33ee48d10a84ce4be9ec6cee97d9d,html/syn-0016.html,syn-0016,table_listing,html/syn-0016.html,electronics,clean,5,syn-0016,https://synthetic-shop.local/search/syn-0016,9f64af28cc7b2bf8d3a866c6def7e77a3fd33ee48d10a84ce4be9ec6cee97d9d,synthetic-shop.local,0
20261002T161451Z-d2eb76ee,original_fast-edc18d9c47c1db,,synthetic,original_fast,syn-0016,gt-1e798148de91d99b05f6,syn-0016-e01,html/syn-0016.html,syn-0016.html,run-none16,synthetic-shop.local,,https://synthetic-shop.local/product/portable-ssd-16-01,missing_prediction,Внешний SSD 2 ТБ USB-C,17347,present,,,0,0,,0,,,,,,missing_entity,missing_prediction,0,0,1,0,0,1,0,0,1,syn-0016,electronics,electronics,Внешний SSD 2 ТБ USB-C,17347,https://synthetic-shop.local/product/portable-ssd-16-01,1,4.7,1–6 дня,Москва,SYN-16-01,syn-0016,syn-0016-e01,html/syn-0016.html,clean,gt-1e798148de91d99b05f6,synthetic-shop.local,run-none16,,,,Внешний SSD 2 ТБ USB-C,17347,https://synthetic-shop.local/product/portable-ssd-16-01,,syn-0016.html,present,synthetic,html/syn-0016.html,syn-0016.html,run-none16,synthetic-shop.local,D:\Pet_Codes\science\article-price-tracker\synthetic\html\syn-0016.html,https://synthetic-shop.local/search/syn-0016,https://synthetic-shop.local/search/syn-0016,,,,raw_html,,9f64af28cc7b2bf8d3a866c6def7e77a3fd33ee48d10a84ce4be9ec6cee97d9d,9f64af28cc7b2bf8d3a866c6def7e77a3fd33ee48d10a84ce4be9ec6cee97d9d,html/syn-0016.html,syn-0016,table_listing,html/syn-0016.html,electronics,clean,5,syn-0016,https://synthetic-shop.local/search/syn-0016,9f64af28cc7b2bf8d3a866c6def7e77a3fd33ee48d10a84ce4be9ec6cee97d9d,synthetic-shop.local,0
20261002T161451Z-d2eb76ee,original_fast-0ddda1f7813a2c,,synthetic,original_fast,syn-0016,gt-dfce91bdaa8e25f91f95,syn-0016-e03,html/syn-0016.html,syn-0016.html,run-none16,synthetic-shop.local,,https://synthetic-shop.local/product/switch-8p-16-03,missing_prediction,Коммутатор 8-портовый Gigabit,4622,present,,,0,0,,0,,,,,,missing_entity,missing_prediction,0,0,1,0,0,1,0,0,1,syn-0016,electronics,electronics,Коммутатор 8-портовый Gigabit,4622,https://synthetic-shop.local/product/switch-8p-16-03,1,4.9,3–4 дня,Москва,SYN-16-03,syn-0016,syn-0016-e03,html/syn-0016.html,clean,gt-dfce91bdaa8e25f91f95,synthetic-shop.local,run-none16,,,,Коммутатор 8-портовый Gigabit,4622,https://synthetic-shop.local/product/switch-8p-16-03,,syn-0016.html,present,synthetic,html/syn-0016.html,syn-0016.html,run-none16,synthetic-shop.local,D:\Pet_Codes\science\article-price-tracker\synthetic\html\syn-0016.html,https://synthetic-shop.local/search/syn-0016,https://synthetic-shop.local/search/syn-0016,,,,raw_html,,9f64af28cc7b2bf8d3a866c6def7e77a3fd33ee48d10a84ce4be9ec6cee97d9d,9f64af28cc7b2bf8d3a866c6def7e77a3fd33ee48d10a84ce4be9ec6cee97d9d,html/syn-0016.html,syn-0016,table_listing,html/syn-0016.html,electronics,clean,5,syn-0016,https://synthetic-shop.local/search/syn-0016,9f64af28cc7b2bf8d3a866c6def7e77a3fd33ee48d10a84ce4be9ec6cee97d9d,synthetic-shop.local,0
20261002T161451Z-d2eb76ee,original_fast-0b1e0115eff53a,,synthetic,original_fast,syn-0016,gt-46720e0e89db8ecd8375,syn-0016-e05,html/syn-0016.html,syn-0016.html,run-none16,synthetic-shop.local,,https://synthetic-shop.local/product/usb-headset-16-05,missing_prediction,Наушники USB с микрофоном,3053,present,,,0,0,,0,,,,,,missing_entity,missing_prediction,0,0,1,0,0,1,0,0,1,syn-0016,electronics,electronics,Наушники USB с микрофоном,3053,https://synthetic-shop.local/product/usb-headset-16-05,1,4.2,2–6 дня,Москва,SYN-16-05,syn-0016,syn-0016-e05,html/syn-0016.html,clean,gt-46720e0e89db8ecd8375,synthetic-shop.local,run-none16,,,,Наушники USB с микрофоном,3053,https://synthetic-shop.local/product/usb-headset-16-05,,syn-0016.html,present,synthetic,html/syn-0016.html,syn-0016.html,run-none16,synthetic-shop.local,D:\Pet_Codes\science\article-price-tracker\synthetic\html\syn-0016.html,https://synthetic-shop.local/search/syn-0016,https://synthetic-shop.local/search/syn-0016,,,,raw_html,,9f64af28cc7b2bf8d3a866c6def7e77a3fd33ee48d10a84ce4be9ec6cee97d9d,9f64af28cc7b2bf8d3a866c6def7e77a3fd33ee48d10a84ce4be9ec6cee97d9d,html/syn-0016.html,syn-0016,table_listing,html/syn-0016.html,electronics,clean,5,syn-0016,https://synthetic-shop.local/search/syn-0016,9f64af28cc7b2bf8d3a866c6def7e77a3fd33ee48d10a84ce4be9ec6cee97d9d,synthetic-shop.local,0
20261002T161451Z-d2eb76ee,original_fast-7e41a331555800,,synthetic,original_fast,syn-0016,gt-0a325ebab72634370037,syn-0016-e02,html/syn-0016.html,syn-0016.html,run-none16,synthetic-shop.local,,https://synthetic-shop.local/product/webcam-16-02,missing_prediction,Веб-камера Full HD 1080p,3990,present,,,0,0,,0,,,,,,missing_entity,missing_prediction,0,0,1,0,0,1,0,0,1,syn-0016,electronics,electronics,Веб-камера Full HD 1080p,3990,https://synthetic-shop.local/product/webcam-16-02,1,4.8,2–3 дня,Москва,SYN-16-02,syn-0016,syn-0016-e02,html/syn-0016.html,clean,gt-0a325ebab72634370037,synthetic-shop.local,run-none16,,,,Веб-камера Full HD 1080p,3990,https://synthetic-shop.local/product/webcam-16-02,,syn-0016.html,present,synthetic,html/syn-0016.html,syn-0016.html,run-none16,synthetic-shop.local,D:\Pet_Codes\science\article-price-tracker\synthetic\html\syn-0016.html,https://synthetic-shop.local/search/syn-0016,https://synthetic-shop.local/search/syn-0016,,,,raw_html,,9f64af28cc7b2bf8d3a866c6def7e77a3fd33ee48d10a84ce4be9ec6cee97d9d,9f64af28cc7b2bf8d3a866c6def7e77a3fd33ee48d10a84ce4be9ec6cee97d9d,html/syn-0016.html,syn-0016,table_listing,html/syn-0016.html,electronics,clean,5,syn-0016,https://synthetic-shop.local/search/syn-0016,9f64af28cc7b2bf8d3a866c6def7e77a3fd33ee48d10a84ce4be9ec6cee97d9d,synthetic-shop.local,0
20261002T161451Z-d2eb76ee,original_fast-cc2fbde9d41777,original_fast-cc2fbde9d41777,synthetic,original_fast,syn-0017,gt-f3be33576c6e408e4e97,syn-0017-e01,html/syn-0017.html,syn-0017.html,run-none17,synthetic-shop.local,,https://synthetic-shop.local/product/mini-pc-17-01,matched_gt,Мини-ПК 16 ГБ / 512 ГБ,35990,present,Мини-ПК 16 ГБ / 512 ГБ,35990.0,1,1,1.0,0,1.0,0.0,0.0,0.0,0.0,,matched_gt; pipeline:generic:synthetic-shop.local,1,0,0,1,0,0,1,0,0,syn-0017,electronics,electronics,Мини-ПК 16 ГБ / 512 ГБ,35990,https://synthetic-shop.local/product/mini-pc-17-01,1,4.8,2–3 дня,Москва,SYN-17-01,syn-0017,syn-0017-e01,html/syn-0017.html,clean,gt-f3be33576c6e408e4e97,synthetic-shop.local,run-none17,,,,Мини-ПК 16 ГБ / 512 ГБ,35990,https://synthetic-shop.local/product/mini-pc-17-01,,syn-0017.html,present,synthetic,html/syn-0017.html,syn-0017.html,run-none17,synthetic-shop.local,D:\Pet_Codes\science\article-price-tracker\synthetic\html\syn-0017.html,https://synthetic-shop.local/search/syn-0017,https://synthetic-shop.local/search/syn-0017,,,,raw_html,,868e08818aa93ea36254f0981c9d22a965f12bc62a5d6b9c183210be8c4c64ee,868e08818aa93ea36254f0981c9d22a965f12bc62a5d6b9c183210be8c4c64ee,html/syn-0017.html,syn-0017,semantic_articles,html/syn-0017.html,electronics,clean,5,syn-0017,https://synthetic-shop.local/search/syn-0017,868e08818aa93ea36254f0981c9d22a965f12bc62a5d6b9c183210be8c4c64ee,synthetic-shop.local,0
20261002T161451Z-d2eb76ee,original_fast-7ac1fe0f8783fe,original_fast-7ac1fe0f8783fe,synthetic,original_fast,syn-0017,gt-ab638406c3f8c431a2e9,syn-0017-e05,html/syn-0017.html,syn-0017.html,run-none17,synthetic-shop.local,,https://synthetic-shop.local/product/monitor-27-17-05,matched_gt,Монитор 27″ IPS QHD 165 Гц,28990,present,Монитор 27″ IPS QHD 165 Гц,28990.0,1,1,1.0,0,1.0,0.0,0.0,0.0,0.0,,matched_gt; pipeline:generic:synthetic-shop.local,1,0,0,1,0,0,1,0,0,syn-0017,electronics,electronics,Монитор 27″ IPS QHD 165 Гц,28990,https://synthetic-shop.local/product/monitor-27-17-05,1,4.3,3–3 дня,Москва,SYN-17-05,syn-0017,syn-0017-e05,html/syn-0017.html,clean,gt-ab638406c3f8c431a2e9,synthetic-shop.local,run-none17,,,,Монитор 27″ IPS QHD 165 Гц,28990,https://synthetic-shop.local/product/monitor-27-17-05,,syn-0017.html,present,synthetic,html/syn-0017.html,syn-0017.html,run-none17,synthetic-shop.local,D:\Pet_Codes\science\article-price-tracker\synthetic\html\syn-0017.html,https://synthetic-shop.local/search/syn-0017,https://synthetic-shop.local/search/syn-0017,,,,raw_html,,868e08818aa93ea36254f0981c9d22a965f12bc62a5d6b9c183210be8c4c64ee,868e08818aa93ea36254f0981c9d22a965f12bc62a5d6b9c183210be8c4c64ee,html/syn-0017.html,syn-0017,semantic_articles,html/syn-0017.html,electronics,clean,5,syn-0017,https://synthetic-shop.local/search/syn-0017,868e08818aa93ea36254f0981c9d22a965f12bc62a5d6b9c183210be8c4c64ee,synthetic-shop.local,0
20261002T161451Z-d2eb76ee,original_fast-001118414c709c,original_fast-001118414c709c,synthetic,original_fast,syn-0017,gt-e7880bb84de635de223e,syn-0017-e03,html/syn-0017.html,syn-0017.html,run-none17,synthetic-shop.local,,https://synthetic-shop.local/product/ssd-1tb-17-03,matched_gt,SSD накопитель 1 ТБ NVMe PCIe 4.0,8608,present,SSD накопитель 1 ТБ NVMe PCIe 4.0,8608.0,1,1,1.0,0,1.0,0.0,0.0,0.0,0.0,,matched_gt; pipeline:generic:synthetic-shop.local,1,0,0,1,0,0,1,0,0,syn-0017,electronics,electronics,SSD накопитель 1 ТБ NVMe PCIe 4.0,8608,https://synthetic-shop.local/product/ssd-1tb-17-03,1,4.1,1–5 дня,Москва,SYN-17-03,syn-0017,syn-0017-e03,html/syn-0017.html,clean,gt-e7880bb84de635de223e,synthetic-shop.local,run-none17,,,,SSD накопитель 1 ТБ NVMe PCIe 4.0,8608,https://synthetic-shop.local/product/ssd-1tb-17-03,,syn-0017.html,present,synthetic,html/syn-0017.html,syn-0017.html,run-none17,synthetic-shop.local,D:\Pet_Codes\science\article-price-tracker\synthetic\html\syn-0017.html,https://synthetic-shop.local/search/syn-0017,https://synthetic-shop.local/search/syn-0017,,,,raw_html,,868e08818aa93ea36254f0981c9d22a965f12bc62a5d6b9c183210be8c4c64ee,868e08818aa93ea36254f0981c9d22a965f12bc62a5d6b9c183210be8c4c64ee,html/syn-0017.html,syn-0017,semantic_articles,html/syn-0017.html,electronics,clean,5,syn-0017,https://synthetic-shop.local/search/syn-0017,868e08818aa93ea36254f0981c9d22a965f12bc62a5d6b9c183210be8c4c64ee,synthetic-shop.local,0
20261002T161451Z-d2eb76ee,original_fast-3c781422dbc455,original_fast-3c781422dbc455,synthetic,original_fast,syn-0017,gt-c6a5f8a46e888e693f31,syn-0017-e02,html/syn-0017.html,syn-0017.html,run-none17,synthetic-shop.local,,https://synthetic-shop.local/product/usb-headset-17-02,matched_gt,Наушники USB с микрофоном,3011,present,Наушники USB с микрофоном,3011.0,1,1,1.0,0,1.0,0.0,0.0,0.0,0.0,,matched_gt; pipeline:generic:synthetic-shop.local,1,0,0,1,0,0,1,0,0,syn-0017,electronics,electronics,Наушники USB с микрофоном,3011,https://synthetic-shop.local/product/usb-headset-17-02,1,4.9,3–4 дня,Москва,SYN-17-02,syn-0017,syn-0017-e02,html/syn-0017.html,clean,gt-c6a5f8a46e888e693f31,synthetic-shop.local,run-none17,,,,Наушники USB с микрофоном,3011,https://synthetic-shop.local/product/usb-headset-17-02,,syn-0017.html,present,synthetic,html/syn-0017.html,syn-0017.html,run-none17,synthetic-shop.local,D:\Pet_Codes\science\article-price-tracker\synthetic\html\syn-0017.html,https://synthetic-shop.local/search/syn-0017,https://synthetic-shop.local/search/syn-0017,,,,raw_html,,868e08818aa93ea36254f0981c9d22a965f12bc62a5d6b9c183210be8c4c64ee,868e08818aa93ea36254f0981c9d22a965f12bc62a5d6b9c183210be8c4c64ee,html/syn-0017.html,syn-0017,semantic_articles,html/syn-0017.html,electronics,clean,5,syn-0017,https://synthetic-shop.local/search/syn-0017,868e08818aa93ea36254f0981c9d22a965f12bc62a5d6b9c183210be8c4c64ee,synthetic-shop.local,0
20261002T161451Z-d2eb76ee,original_fast-580530ca1fc932,original_fast-580530ca1fc932,synthetic,original_fast,syn-0017,gt-21db3aed400a7ab86933,syn-0017-e04,html/syn-0017.html,syn-0017.html,run-none17,synthetic-shop.local,,https://synthetic-shop.local/product/wifi-router-17-04,matched_gt,Маршрутизатор Wi‑Fi 6 AX3000,7137,present,Маршрутизатор Wi‑Fi 6 AX3000,7137.0,1,1,1.0,0,1.0,0.0,0.0,0.0,0.0,,matched_gt; pipeline:generic:synthetic-shop.local,1,0,0,1,0,0,1,0,0,syn-0017,electronics,electronics,Маршрутизатор Wi‑Fi 6 AX3000,7137,https://synthetic-shop.local/product/wifi-router-17-04,1,4.2,2–6 дня,Москва,SYN-17-04,syn-0017,syn-0017-e04,html/syn-0017.html,clean,gt-21db3aed400a7ab86933,synthetic-shop.local,run-none17,,,,Маршрутизатор Wi‑Fi 6 AX3000,7137,https://synthetic-shop.local/product/wifi-router-17-04,,syn-0017.html,present,synthetic,html/syn-0017.html,syn-0017.html,run-none17,synthetic-shop.local,D:\Pet_Codes\science\article-price-tracker\synthetic\html\syn-0017.html,https://synthetic-shop.local/search/syn-0017,https://synthetic-shop.local/search/syn-0017,,,,raw_html,,868e08818aa93ea36254f0981c9d22a965f12bc62a5d6b9c183210be8c4c64ee,868e08818aa93ea36254f0981c9d22a965f12bc62a5d6b9c183210be8c4c64ee,html/syn-0017.html,syn-0017,semantic_articles,html/syn-0017.html,electronics,clean,5,syn-0017,https://synthetic-shop.local/search/syn-0017,868e08818aa93ea36254f0981c9d22a965f12bc62a5d6b9c183210be8c4c64ee,synthetic-shop.local,0
20261002T161451Z-d2eb76ee,original_fast-e644059468fb9a,,synthetic,original_fast,syn-0018,gt-0b4d9b1f955d8aef3d01,syn-0018-e04,html/syn-0018.html,syn-0018.html,run-none18,synthetic-shop.local,,https://synthetic-shop.local/product/mechanical-keyboard-18-04,missing_prediction,Клавиатура механическая USB,6490,present,,,0,0,,0,,,,,,missing_entity,missing_prediction,0,0,1,0,0,1,0,0,1,syn-0018,electronics,electronics,Клавиатура механическая USB,6490,https://synthetic-shop.local/product/mechanical-keyboard-18-04,1,4.3,3–3 дня,Москва,SYN-18-04,syn-0018,syn-0018-e04,html/syn-0018.html,clean,gt-0b4d9b1f955d8aef3d01,synthetic-shop.local,run-none18,,,,Клавиатура механическая USB,6490,https://synthetic-shop.local/product/mechanical-keyboard-18-04,,syn-0018.html,present,synthetic,html/syn-0018.html,syn-0018.html,run-none18,synthetic-shop.local,D:\Pet_Codes\science\article-price-tracker\synthetic\html\syn-0018.html,https://synthetic-shop.local/search/syn-0018,https://synthetic-shop.local/search/syn-0018,,,,raw_html,,bd41b7bb50eb5e91dfcc033bbd3f5f2b0b4e31ba5b40fd5ce1ce939709fc6070,bd41b7bb50eb5e91dfcc033bbd3f5f2b0b4e31ba5b40fd5ce1ce939709fc6070,html/syn-0018.html,syn-0018,data_attrs,html/syn-0018.html,electronics,clean,5,syn-0018,https://synthetic-shop.local/search/syn-0018,bd41b7bb50eb5e91dfcc033bbd3f5f2b0b4e31ba5b40fd5ce1ce939709fc6070,synthetic-shop.local,0
20261002T161451Z-d2eb76ee,original_fast-f59595d43d99d9,,synthetic,original_fast,syn-0018,gt-c393f8bf13d924c65224,syn-0018-e02,html/syn-0018.html,syn-0018.html,run-none18,synthetic-shop.local,,https://synthetic-shop.local/product/monitor-27-18-02,missing_prediction,Монитор 27″ IPS QHD 165 Гц,29396,present,,,0,0,,0,,,,,,missing_entity,missing_prediction,0,0,1,0,0,1,0,0,1,syn-0018,electronics,electronics,Монитор 27″ IPS QHD 165 Гц,29396,https://synthetic-shop.local/product/monitor-27-18-02,1,4.1,1–5 дня,Москва,SYN-18-02,syn-0018,syn-0018-e02,html/syn-0018.html,clean,gt-c393f8bf13d924c65224,synthetic-shop.local,run-none18,,,,Монитор 27″ IPS QHD 165 Гц,29396,https://synthetic-shop.local/product/monitor-27-18-02,,syn-0018.html,present,synthetic,html/syn-0018.html,syn-0018.html,run-none18,synthetic-shop.local,D:\Pet_Codes\science\article-price-tracker\synthetic\html\syn-0018.html,https://synthetic-shop.local/search/syn-0018,https://synthetic-shop.local/search/syn-0018,,,,raw_html,,bd41b7bb50eb5e91dfcc033bbd3f5f2b0b4e31ba5b40fd5ce1ce939709fc6070,bd41b7bb50eb5e91dfcc033bbd3f5f2b0b4e31ba5b40fd5ce1ce939709fc6070,html/syn-0018.html,syn-0018,data_attrs,html/syn-0018.html,electronics,clean,5,syn-0018,https://synthetic-shop.local/search/syn-0018,bd41b7bb50eb5e91dfcc033bbd3f5f2b0b4e31ba5b40fd5ce1ce939709fc6070,synthetic-shop.local,0
20261002T161451Z-d2eb76ee,original_fast-744b913657d96f,,synthetic,original_fast,syn-0018,gt-a1b1497ac0f82dfc32b4,syn-0018-e05,html/syn-0018.html,syn-0018.html,run-none18,synthetic-shop.local,,https://synthetic-shop.local/product/portable-ssd-18-05,missing_prediction,Внешний SSD 2 ТБ USB-C,17109,present,,,0,0,,0,,,,,,missing_entity,missing_prediction,0,0,1,0,0,1,0,0,1,syn-0018,electronics,electronics,Внешний SSD 2 ТБ USB-C,17109,https://synthetic-shop.local/product/portable-ssd-18-05,0,4.4,1–4 дня,Москва,SYN-18-05,syn-0018,syn-0018-e05,html/syn-0018.html,clean,gt-a1b1497ac0f82dfc32b4,synthetic-shop.local,run-none18,,,,Внешний SSD 2 ТБ USB-C,17109,https://synthetic-shop.local/product/portable-ssd-18-05,,syn-0018.html,present,synthetic,html/syn-0018.html,syn-0018.html,run-none18,synthetic-shop.local,D:\Pet_Codes\science\article-price-tracker\synthetic\html\syn-0018.html,https://synthetic-shop.local/search/syn-0018,https://synthetic-shop.local/search/syn-0018,,,,raw_html,,bd41b7bb50eb5e91dfcc033bbd3f5f2b0b4e31ba5b40fd5ce1ce939709fc6070,bd41b7bb50eb5e91dfcc033bbd3f5f2b0b4e31ba5b40fd5ce1ce939709fc6070,html/syn-0018.html,syn-0018,data_attrs,html/syn-0018.html,electronics,clean,5,syn-0018,https://synthetic-shop.local/search/syn-0018,bd41b7bb50eb5e91dfcc033bbd3f5f2b0b4e31ba5b40fd5ce1ce939709fc6070,synthetic-shop.local,0
20261002T161451Z-d2eb76ee,original_fast-974840027f1fff,,synthetic,original_fast,syn-0018,gt-60cf4da4d69a3bd5c06c,syn-0018-e03,html/syn-0018.html,syn-0018.html,run-none18,synthetic-shop.local,,https://synthetic-shop.local/product/ups-1000-18-03,missing_prediction,Источник бесперебойного питания 1000 ВА,12242,present,,,0,0,,0,,,,,,missing_entity,missing_prediction,0,0,1,0,0,1,0,0,1,syn-0018,electronics,electronics,Источник бесперебойного питания 1000 ВА,12242,https://synthetic-shop.local/product/ups-1000-18-03,1,4.2,2–6 дня,Москва,SYN-18-03,syn-0018,syn-0018-e03,html/syn-0018.html,clean,gt-60cf4da4d69a3bd5c06c,synthetic-shop.local,run-none18,,,,Источник бесперебойного питания 1000 ВА,12242,https://synthetic-shop.local/product/ups-1000-18-03,,syn-0018.html,present,synthetic,html/syn-0018.html,syn-0018.html,run-none18,synthetic-shop.local,D:\Pet_Codes\science\article-price-tracker\synthetic\html\syn-0018.html,https://synthetic-shop.local/search/syn-0018,https://synthetic-shop.local/search/syn-0018,,,,raw_html,,bd41b7bb50eb5e91dfcc033bbd3f5f2b0b4e31ba5b40fd5ce1ce939709fc6070,bd41b7bb50eb5e91dfcc033bbd3f5f2b0b4e31ba5b40fd5ce1ce939709fc6070,html/syn-0018.html,syn-0018,data_attrs,html/syn-0018.html,electronics,clean,5,syn-0018,https://synthetic-shop.local/search/syn-0018,bd41b7bb50eb5e91dfcc033bbd3f5f2b0b4e31ba5b40fd5ce1ce939709fc6070,synthetic-shop.local,0
20261002T161451Z-d2eb76ee,original_fast-615f30ff9ad21a,,synthetic,original_fast,syn-0018,gt-09eb47d73ee8022d5a09,syn-0018-e01,html/syn-0018.html,syn-0018.html,run-none18,synthetic-shop.local,,https://synthetic-shop.local/product/wifi-router-18-01,missing_prediction,Маршрутизатор Wi‑Fi 6 AX3000,7039,present,,,0,0,,0,,,,,,missing_entity,missing_prediction,0,0,1,0,0,1,0,0,1,syn-0018,electronics,electronics,Маршрутизатор Wi‑Fi 6 AX3000,7039,https://synthetic-shop.local/product/wifi-router-18-01,1,4.9,3–4 дня,Москва,SYN-18-01,syn-0018,syn-0018-e01,html/syn-0018.html,clean,gt-09eb47d73ee8022d5a09,synthetic-shop.local,run-none18,,,,Маршрутизатор Wi‑Fi 6 AX3000,7039,https://synthetic-shop.local/product/wifi-router-18-01,,syn-0018.html,present,synthetic,html/syn-0018.html,syn-0018.html,run-none18,synthetic-shop.local,D:\Pet_Codes\science\article-price-tracker\synthetic\html\syn-0018.html,https://synthetic-shop.local/search/syn-0018,https://synthetic-shop.local/search/syn-0018,,,,raw_html,,bd41b7bb50eb5e91dfcc033bbd3f5f2b0b4e31ba5b40fd5ce1ce939709fc6070,bd41b7bb50eb5e91dfcc033bbd3f5f2b0b4e31ba5b40fd5ce1ce939709fc6070,html/syn-0018.html,syn-0018,data_attrs,html/syn-0018.html,electronics,clean,5,syn-0018,https://synthetic-shop.local/search/syn-0018,bd41b7bb50eb5e91dfcc033bbd3f5f2b0b4e31ba5b40fd5ce1ce939709fc6070,synthetic-shop.local,0
20261002T161451Z-d2eb76ee,original_fast-15c9d4a7d3f168,,synthetic,original_fast,syn-0019,gt-588bd80de857e718cc1d,syn-0019-e03,html/syn-0019.html,syn-0019.html,run-none19,synthetic-shop.local,,https://synthetic-shop.local/product/glass-cleaner-19-03,missing_prediction,Очиститель стекол концентрат 1 л,690,present,,,0,0,,0,,,,,,missing_entity,missing_prediction,0,0,1,0,0,1,0,0,1,syn-0019,other,household_chemicals,Очиститель стекол концентрат 1 л,690,https://synthetic-shop.local/product/glass-cleaner-19-03,1,4.3,3–3 дня,Москва,SYN-19-03,syn-0019,syn-0019-e03,html/syn-0019.html,clean,gt-588bd80de857e718cc1d,synthetic-shop.local,run-none19,,,,Очиститель стекол концентрат 1 л,690,https://synthetic-shop.local/product/glass-cleaner-19-03,,syn-0019.html,present,synthetic,html/syn-0019.html,syn-0019.html,run-none19,synthetic-shop.local,D:\Pet_Codes\science\article-price-tracker\synthetic\html\syn-0019.html,https://synthetic-shop.local/search/syn-0019,https://synthetic-shop.local/search/syn-0019,,,,raw_html,,9709ea835b8d713c84edea5827a86e1924e609efb3b7265dab53f2a7f45355cd,9709ea835b8d713c84edea5827a86e1924e609efb3b7265dab53f2a7f45355cd,html/syn-0019.html,syn-0019,nested_cards,html/syn-0019.html,other,clean,5,syn-0019,https://synthetic-shop.local/search/syn-0019,9709ea835b8d713c84edea5827a86e1924e609efb3b7265dab53f2a7f45355cd,synthetic-shop.local,0
20261002T161451Z-d2eb76ee,original_fast-8e9cb0778522b3,,synthetic,original_fast,syn-0019,gt-dee453101c30dd892148,syn-0019-e02,html/syn-0019.html,syn-0019.html,run-none19,synthetic-shop.local,,https://synthetic-shop.local/product/liquid-soap-19-02,missing_prediction,Мыло жидкое профессиональное 5 л,1020,present,,,0,0,,0,,,,,,missing_entity,missing_prediction,0,0,1,0,0,1,0,0,1,syn-0019,other,household_chemicals,Мыло жидкое профессиональное 5 л,1020,https://synthetic-shop.local/product/liquid-soap-19-02,1,4.2,2–6 дня,Москва,SYN-19-02,syn-0019,syn-0019-e02,html/syn-0019.html,clean,gt-dee453101c30dd892148,synthetic-shop.local,run-none19,,,,Мыло жидкое профессиональное 5 л,1020,https://synthetic-shop.local/product/liquid-soap-19-02,,syn-0019.html,present,synthetic,html/syn-0019.html,syn-0019.html,run-none19,synthetic-shop.local,D:\Pet_Codes\science\article-price-tracker\synthetic\html\syn-0019.html,https://synthetic-shop.local/search/syn-0019,https://synthetic-shop.local/search/syn-0019,,,,raw_html,,9709ea835b8d713c84edea5827a86e1924e609efb3b7265dab53f2a7f45355cd,9709ea835b8d713c84edea5827a86e1924e609efb3b7265dab53f2a7f45355cd,html/syn-0019.html,syn-0019,nested_cards,html/syn-0019.html,other,clean,5,syn-0019,https://synthetic-shop.local/search/syn-0019,9709ea835b8d713c84edea5827a86e1924e609efb3b7265dab53f2a7f45355cd,synthetic-shop.local,0
20261002T161451Z-d2eb76ee,original_fast-ab258f6d2f8eee,,synthetic,original_fast,syn-0019,gt-949aa198292ad678ae15,syn-0019-e04,html/syn-0019.html,syn-0019.html,run-none19,synthetic-shop.local,,https://synthetic-shop.local/product/nitrile-gloves-19-04,missing_prediction,Перчатки защитные нитриловые 100 шт,1500,present,,,0,0,,0,,,,,,missing_entity,missing_prediction,0,0,1,0,0,1,0,0,1,syn-0019,other,ppe,Перчатки защитные нитриловые 100 шт,1500,https://synthetic-shop.local/product/nitrile-gloves-19-04,0,4.4,1–4 дня,Москва,SYN-19-04,syn-0019,syn-0019-e04,html/syn-0019.html,clean,gt-949aa198292ad678ae15,synthetic-shop.local,run-none19,,,,Перчатки защитные нитриловые 100 шт,1500,https://synthetic-shop.local/product/nitrile-gloves-19-04,,syn-0019.html,present,synthetic,html/syn-0019.html,syn-0019.html,run-none19,synthetic-shop.local,D:\Pet_Codes\science\article-price-tracker\synthetic\html\syn-0019.html,https://synthetic-shop.local/search/syn-0019,https://synthetic-shop.local/search/syn-0019,,,,raw_html,,9709ea835b8d713c84edea5827a86e1924e609efb3b7265dab53f2a7f45355cd,9709ea835b8d713c84edea5827a86e1924e609efb3b7265dab53f2a7f45355cd,html/syn-0019.html,syn-0019,nested_cards,html/syn-0019.html,other,clean,5,syn-0019,https://synthetic-shop.local/search/syn-0019,9709ea835b8d713c84edea5827a86e1924e609efb3b7265dab53f2a7f45355cd,synthetic-shop.local,0
20261002T161451Z-d2eb76ee,original_fast-512753d62ecf50,,synthetic,original_fast,syn-0019,gt-b9ae08ca94f1782ae32a,syn-0019-e05,html/syn-0019.html,syn-0019.html,run-none19,synthetic-shop.local,,https://synthetic-shop.local/product/respirator-ffp2-19-05,missing_prediction,Респиратор складной FFP2 10 шт,1210,present,,,0,0,,0,,,,,,missing_entity,missing_prediction,0,0,1,0,0,1,0,0,1,syn-0019,other,ppe,Респиратор складной FFP2 10 шт,1210,https://synthetic-shop.local/product/respirator-ffp2-19-05,1,4.5,2–5 дня,Москва,SYN-19-05,syn-0019,syn-0019-e05,html/syn-0019.html,clean,gt-b9ae08ca94f1782ae32a,synthetic-shop.local,run-none19,,,,Респиратор складной FFP2 10 шт,1210,https://synthetic-shop.local/product/respirator-ffp2-19-05,,syn-0019.html,present,synthetic,html/syn-0019.html,syn-0019.html,run-none19,synthetic-shop.local,D:\Pet_Codes\science\article-price-tracker\synthetic\html\syn-0019.html,https://synthetic-shop.local/search/syn-0019,https://synthetic-shop.local/search/syn-0019,,,,raw_html,,9709ea835b8d713c84edea5827a86e1924e609efb3b7265dab53f2a7f45355cd,9709ea835b8d713c84edea5827a86e1924e609efb3b7265dab53f2a7f45355cd,html/syn-0019.html,syn-0019,nested_cards,html/syn-0019.html,other,clean,5,syn-0019,https://synthetic-shop.local/search/syn-0019,9709ea835b8d713c84edea5827a86e1924e609efb3b7265dab53f2a7f45355cd,synthetic-shop.local,0
20261002T161451Z-d2eb76ee,original_fast-9e41ed1da8a852,,synthetic,original_fast,syn-0019,gt-7d1b04a21059091332db,syn-0019-e01,html/syn-0019.html,syn-0019.html,run-none19,synthetic-shop.local,,https://synthetic-shop.local/product/surface-cleaner-19-01,missing_prediction,Средство для очистки поверхностей 5 л,1310,present,,,0,0,,0,,,,,,missing_entity,missing_prediction,0,0,1,0,0,1,0,0,1,syn-0019,other,household_chemicals,Средство для очистки поверхностей 5 л,1310,https://synthetic-shop.local/product/surface-cleaner-19-01,1,4.1,1–5 дня,Москва,SYN-19-01,syn-0019,syn-0019-e01,html/syn-0019.html,clean,gt-7d1b04a21059091332db,synthetic-shop.local,run-none19,,,,Средство для очистки поверхностей 5 л,1310,https://synthetic-shop.local/product/surface-cleaner-19-01,,syn-0019.html,present,synthetic,html/syn-0019.html,syn-0019.html,run-none19,synthetic-shop.local,D:\Pet_Codes\science\article-price-tracker\synthetic\html\syn-0019.html,https://synthetic-shop.local/search/syn-0019,https://synthetic-shop.local/search/syn-0019,,,,raw_html,,9709ea835b8d713c84edea5827a86e1924e609efb3b7265dab53f2a7f45355cd,9709ea835b8d713c84edea5827a86e1924e609efb3b7265dab53f2a7f45355cd,html/syn-0019.html,syn-0019,nested_cards,html/syn-0019.html,other,clean,5,syn-0019,https://synthetic-shop.local/search/syn-0019,9709ea835b8d713c84edea5827a86e1924e609efb3b7265dab53f2a7f45355cd,synthetic-shop.local,0
20261002T161451Z-d2eb76ee,original_fast-6bbd0abf301716,original_fast-6bbd0abf301716,synthetic,original_fast,syn-0020,gt-e1fe1f0af9a2917ca37d,syn-0020-e05,html/syn-0020.html,syn-0020.html,run-none20,synthetic-shop.local,,https://synthetic-shop.local/product/bucket-12l-20-05,matched_gt,Ведро пластиковое 12 л с крышкой,520,present,Ведро пластиковое 12 л с крышкой,520.0,1,1,1.0,0,1.0,0.0,0.0,0.0,0.0,,matched_gt; pipeline:generic:synthetic-shop.local,1,0,0,1,0,0,1,0,0,syn-0020,other,containers,Ведро пластиковое 12 л с крышкой,520,https://synthetic-shop.local/product/bucket-12l-20-05,1,4.6,3–6 дня,Москва,SYN-20-05,syn-0020,syn-0020-e05,html/syn-0020.html,clean,gt-e1fe1f0af9a2917ca37d,synthetic-shop.local,run-none20,,,,Ведро пластиковое 12 л с крышкой,520,https://synthetic-shop.local/product/bucket-12l-20-05,,syn-0020.html,present,synthetic,html/syn-0020.html,syn-0020.html,run-none20,synthetic-shop.local,D:\Pet_Codes\science\article-price-tracker\synthetic\html\syn-0020.html,https://synthetic-shop.local/search/syn-0020,https://synthetic-shop.local/search/syn-0020,,,,raw_html,,85aedb3ad9545a37caa15a2b67f2f85b84c9c0ee549b7fa030def253f77f2c13,85aedb3ad9545a37caa15a2b67f2f85b84c9c0ee549b7fa030def253f77f2c13,html/syn-0020.html,syn-0020,mixed_markup,html/syn-0020.html,other,clean,5,syn-0020,https://synthetic-shop.local/search/syn-0020,85aedb3ad9545a37caa15a2b67f2f85b84c9c0ee549b7fa030def253f77f2c13,synthetic-shop.local,0
20261002T161451Z-d2eb76ee,original_fast-ed9a921f2f12b6,original_fast-ed9a921f2f12b6,synthetic,original_fast,syn-0020,gt-9941848427d96341af34,syn-0020-e04,html/syn-0020.html,syn-0020.html,run-none20,synthetic-shop.local,,https://synthetic-shop.local/product/canister-20l-20-04,matched_gt,Канистра 20 л пищевая,1110,present,Канистра 20 л пищевая,1110.0,1,1,1.0,0,1.0,0.0,0.0,0.0,0.0,,matched_gt; pipeline:generic:synthetic-shop.local,1,0,0,1,0,0,1,0,0,syn-0020,other,containers,Канистра 20 л пищевая,1110,https://synthetic-shop.local/product/canister-20l-20-04,1,4.5,2–5 дня,Москва,SYN-20-04,syn-0020,syn-0020-e04,html/syn-0020.html,clean,gt-9941848427d96341af34,synthetic-shop.local,run-none20,,,,Канистра 20 л пищевая,1110,https://synthetic-shop.local/product/canister-20l-20-04,,syn-0020.html,present,synthetic,html/syn-0020.html,syn-0020.html,run-none20,synthetic-shop.local,D:\Pet_Codes\science\article-price-tracker\synthetic\html\syn-0020.html,https://synthetic-shop.local/search/syn-0020,https://synthetic-shop.local/search/syn-0020,,,,raw_html,,85aedb3ad9545a37caa15a2b67f2f85b84c9c0ee549b7fa030def253f77f2c13,85aedb3ad9545a37caa15a2b67f2f85b84c9c0ee549b7fa030def253f77f2c13,html/syn-0020.html,syn-0020,mixed_markup,html/syn-0020.html,other,clean,5,syn-0020,https://synthetic-shop.local/search/syn-0020,85aedb3ad9545a37caa15a2b67f2f85b84c9c0ee549b7fa030def253f77f2c13,synthetic-shop.local,0
20261002T161451Z-d2eb76ee,original_fast-50c508380ad7fe,original_fast-50c508380ad7fe,synthetic,original_fast,syn-0020,gt-77d0c3a61fd0b5623ba3,syn-0020-e02,html/syn-0020.html,syn-0020.html,run-none20,synthetic-shop.local,,https://synthetic-shop.local/product/container-45l-20-02,matched_gt,Контейнер пластиковый 45 л с крышкой,1890,present,Контейнер пластиковый 45 л с крышкой,1890.0,1,1,1.0,0,1.0,0.0,0.0,0.0,0.0,,matched_gt; pipeline:generic:synthetic-shop.local,1,0,0,1,0,0,1,0,0,syn-0020,other,containers,Контейнер пластиковый 45 л с крышкой,1890,https://synthetic-shop.local/product/container-45l-20-02,1,4.3,3–3 дня,Москва,SYN-20-02,syn-0020,syn-0020-e02,html/syn-0020.html,clean,gt-77d0c3a61fd0b5623ba3,synthetic-shop.local,run-none20,,,,Контейнер пластиковый 45 л с крышкой,1890,https://synthetic-shop.local/product/container-45l-20-02,,syn-0020.html,present,synthetic,html/syn-0020.html,syn-0020.html,run-none20,synthetic-shop.local,D:\Pet_Codes\science\article-price-tracker\synthetic\html\syn-0020.html,https://synthetic-shop.local/search/syn-0020,https://synthetic-shop.local/search/syn-0020,,,,raw_html,,85aedb3ad9545a37caa15a2b67f2f85b84c9c0ee549b7fa030def253f77f2c13,85aedb3ad9545a37caa15a2b67f2f85b84c9c0ee549b7fa030def253f77f2c13,html/syn-0020.html,syn-0020,mixed_markup,html/syn-0020.html,other,clean,5,syn-0020,https://synthetic-shop.local/search/syn-0020,85aedb3ad9545a37caa15a2b67f2f85b84c9c0ee549b7fa030def253f77f2c13,synthetic-shop.local,0
20261002T161451Z-d2eb76ee,original_fast-0ac1f17b519126,original_fast-0ac1f17b519126,synthetic,original_fast,syn-0020,gt-1b3c346282ac3986409e,syn-0020-e01,html/syn-0020.html,syn-0020.html,run-none20,synthetic-shop.local,,https://synthetic-shop.local/product/safety-glasses-20-01,matched_gt,Очки защитные прозрачные,620,present,Очки защитные прозрачные,620.0,1,1,1.0,0,1.0,0.0,0.0,0.0,0.0,,matched_gt; pipeline:generic:synthetic-shop.local,1,0,0,1,0,0,1,0,0,syn-0020,other,ppe,Очки защитные прозрачные,620,https://synthetic-shop.local/product/safety-glasses-20-01,1,4.2,2–6 дня,Москва,SYN-20-01,syn-0020,syn-0020-e01,html/syn-0020.html,clean,gt-1b3c346282ac3986409e,synthetic-shop.local,run-none20,,,,Очки защитные прозрачные,620,https://synthetic-shop.local/product/safety-glasses-20-01,,syn-0020.html,present,synthetic,html/syn-0020.html,syn-0020.html,run-none20,synthetic-shop.local,D:\Pet_Codes\science\article-price-tracker\synthetic\html\syn-0020.html,https://synthetic-shop.local/search/syn-0020,https://synthetic-shop.local/search/syn-0020,,,,raw_html,,85aedb3ad9545a37caa15a2b67f2f85b84c9c0ee549b7fa030def253f77f2c13,85aedb3ad9545a37caa15a2b67f2f85b84c9c0ee549b7fa030def253f77f2c13,html/syn-0020.html,syn-0020,mixed_markup,html/syn-0020.html,other,clean,5,syn-0020,https://synthetic-shop.local/search/syn-0020,85aedb3ad9545a37caa15a2b67f2f85b84c9c0ee549b7fa030def253f77f2c13,synthetic-shop.local,0
20261002T161451Z-d2eb76ee,original_fast-de6662b6d8bb54,original_fast-de6662b6d8bb54,synthetic,original_fast,syn-0020,gt-c6d3520d7d9339ae0549,syn-0020-e03,html/syn-0020.html,syn-0020.html,run-none20,synthetic-shop.local,,https://synthetic-shop.local/product/warehouse-box-20-03,matched_gt,Ящик складской 600×400×220 мм,2507,present,Ящик складской 600×400×220 мм,2507.0,1,1,1.0,0,1.0,0.0,0.0,0.0,0.0,,matched_gt; pipeline:generic:synthetic-shop.local,1,0,0,1,0,0,1,0,0,syn-0020,other,containers,Ящик складской 600×400×220 мм,2507,https://synthetic-shop.local/product/warehouse-box-20-03,0,4.4,1–4 дня,Москва,SYN-20-03,syn-0020,syn-0020-e03,html/syn-0020.html,clean,gt-c6d3520d7d9339ae0549,synthetic-shop.local,run-none20,,,,Ящик складской 600×400×220 мм,2507,https://synthetic-shop.local/product/warehouse-box-20-03,,syn-0020.html,present,synthetic,html/syn-0020.html,syn-0020.html,run-none20,synthetic-shop.local,D:\Pet_Codes\science\article-price-tracker\synthetic\html\syn-0020.html,https://synthetic-shop.local/search/syn-0020,https://synthetic-shop.local/search/syn-0020,,,,raw_html,,85aedb3ad9545a37caa15a2b67f2f85b84c9c0ee549b7fa030def253f77f2c13,85aedb3ad9545a37caa15a2b67f2f85b84c9c0ee549b7fa030def253f77f2c13,html/syn-0020.html,syn-0020,mixed_markup,html/syn-0020.html,other,clean,5,syn-0020,https://synthetic-shop.local/search/syn-0020,85aedb3ad9545a37caa15a2b67f2f85b84c9c0ee549b7fa030def253f77f2c13,synthetic-shop.local,0
20261002T161451Z-d2eb76ee,original_fast_query-ded3d1abbf48f4,original_fast_query-ded3d1abbf48f4,synthetic,original_fast_query,syn-0001,gt-d3a4118972524f9e2b1f,syn-0001-e01,html/syn-0001.html,syn-0001.html,run-none1,synthetic-shop.local,,https://synthetic-shop.local/product/laser-level-01-01,matched_gt,Лазерный уровень ЛУ-360 Pro,12990,present,Лазерный уровень ЛУ-360 Pro,12990.0,1,1,1.0,0,1.0,0.0,0.0,0.0,0.0,,matched_gt; pipeline:generic:synthetic-shop.local,1,0,0,1,0,0,1,0,0,syn-0001,construction_instruments,construction_instruments,Лазерный уровень ЛУ-360 Pro,12990,https://synthetic-shop.local/product/laser-level-01-01,0,4.1,1–3 дня,Москва,SYN-01-01,syn-0001,syn-0001-e01,html/syn-0001.html,clean,gt-d3a4118972524f9e2b1f,synthetic-shop.local,run-none1,,,,Лазерный уровень ЛУ-360 Pro,12990,https://synthetic-shop.local/product/laser-level-01-01,,syn-0001.html,present,synthetic,html/syn-0001.html,syn-0001.html,run-none1,synthetic-shop.local,D:\Pet_Codes\science\article-price-tracker\synthetic\html\syn-0001.html,https://synthetic-shop.local/search/syn-0001,https://synthetic-shop.local/search/syn-0001,,,,raw_html,,042bf11721a916f4b44823fa2c6e53c79792cdc67fd710d1a07a0d97015c13a2,042bf11721a916f4b44823fa2c6e53c79792cdc67fd710d1a07a0d97015c13a2,html/syn-0001.html,syn-0001,jsonld_cards,html/syn-0001.html,construction_instruments,clean,5,syn-0001,https://synthetic-shop.local/search/syn-0001,042bf11721a916f4b44823fa2c6e53c79792cdc67fd710d1a07a0d97015c13a2,synthetic-shop.local,0
20261002T161451Z-d2eb76ee,original_fast_query-c2bede4b846bfd,original_fast_query-c2bede4b846bfd,synthetic,original_fast_query,syn-0001,gt-7c0689ca310457392ddc,syn-0001-e02,html/syn-0001.html,syn-0001.html,run-none1,synthetic-shop.local,,https://synthetic-shop.local/product/laser-rangefinder-01-02,matched_gt,Дальномер лазерный DM-80,7039,present,Дальномер лазерный DM-80,7039.0,1,1,1.0,0,1.0,0.0,0.0,0.0,0.0,,matched_gt; pipeline:generic:synthetic-shop.local,1,0,0,1,0,0,1,0,0,syn-0001,construction_instruments,construction_instruments,Дальномер лазерный DM-80,7039,https://synthetic-shop.local/product/laser-rangefinder-01-02,1,4.2,2–4 дня,Москва,SYN-01-02,syn-0001,syn-0001-e02,html/syn-0001.html,clean,gt-7c0689ca310457392ddc,synthetic-shop.local,run-none1,,,,Дальномер лазерный DM-80,7039,https://synthetic-shop.local/product/laser-rangefinder-01-02,,syn-0001.html,present,synthetic,html/syn-0001.html,syn-0001.html,run-none1,synthetic-shop.local,D:\Pet_Codes\science\article-price-tracker\synthetic\html\syn-0001.html,https://synthetic-shop.local/search/syn-0001,https://synthetic-shop.local/search/syn-0001,,,,raw_html,,042bf11721a916f4b44823fa2c6e53c79792cdc67fd710d1a07a0d97015c13a2,042bf11721a916f4b44823fa2c6e53c79792cdc67fd710d1a07a0d97015c13a2,html/syn-0001.html,syn-0001,jsonld_cards,html/syn-0001.html,construction_instruments,clean,5,syn-0001,https://synthetic-shop.local/search/syn-0001,042bf11721a916f4b44823fa2c6e53c79792cdc67fd710d1a07a0d97015c13a2,synthetic-shop.local,0
20261002T161451Z-d2eb76ee,original_fast_query-7216172da0eb09,original_fast_query-7216172da0eb09,synthetic,original_fast_query,syn-0001,gt-ecdeeb5d61972870008d,syn-0001-e03,html/syn-0001.html,syn-0001.html,run-none1,synthetic-shop.local,,https://synthetic-shop.local/product/multimeter-01-03,matched_gt,Мультиметр цифровой M830 Pro,1916,present,Мультиметр цифровой M830 Pro,1916.0,1,1,1.0,0,1.0,0.0,0.0,0.0,0.0,,matched_gt; pipeline:generic:synthetic-shop.local,1,0,0,1,0,0,1,0,0,syn-0001,construction_instruments,construction_instruments,Мультиметр цифровой M830 Pro,1916,https://synthetic-shop.local/product/multimeter-01-03,1,4.3,3–5 дня,Москва,SYN-01-03,syn-0001,syn-0001-e03,html/syn-0001.html,clean,gt-ecdeeb5d61972870008d,synthetic-shop.local,run-none1,,,,Мультиметр цифровой M830 Pro,1916,https://synthetic-shop.local/product/multimeter-01-03,,syn-0001.html,present,synthetic,html/syn-0001.html,syn-0001.html,run-none1,synthetic-shop.local,D:\Pet_Codes\science\article-price-tracker\synthetic\html\syn-0001.html,https://synthetic-shop.local/search/syn-0001,https://synthetic-shop.local/search/syn-0001,,,,raw_html,,042bf11721a916f4b44823fa2c6e53c79792cdc67fd710d1a07a0d97015c13a2,042bf11721a916f4b44823fa2c6e53c79792cdc67fd710d1a07a0d97015c13a2,html/syn-0001.html,syn-0001,jsonld_cards,html/syn-0001.html,construction_instruments,clean,5,syn-0001,https://synthetic-shop.local/search/syn-0001,042bf11721a916f4b44823fa2c6e53c79792cdc67fd710d1a07a0d97015c13a2,synthetic-shop.local,0
20261002T161451Z-d2eb76ee,original_fast_query-eb207c0b85d515,original_fast_query-eb207c0b85d515,synthetic,original_fast_query,syn-0001,gt-7e0bd1f55fb633b9df63,syn-0001-e05,html/syn-0001.html,syn-0001.html,run-none1,synthetic-shop.local,,https://synthetic-shop.local/product/optical-level-01-05,matched_gt,Нивелир оптический N-32,21490,present,Нивелир оптический N-32,21490.0,1,1,1.0,0,1.0,0.0,0.0,0.0,0.0,,matched_gt; pipeline:generic:synthetic-shop.local,1,0,0,1,0,0,1,0,0,syn-0001,construction_instruments,construction_instruments,Нивелир оптический N-32,21490,https://synthetic-shop.local/product/optical-level-01-05,1,4.5,2–3 дня,Москва,SYN-01-05,syn-0001,syn-0001-e05,html/syn-0001.html,clean,gt-7e0bd1f55fb633b9df63,synthetic-shop.local,run-none1,,,,Нивелир оптический N-32,21490,https://synthetic-shop.local/product/optical-level-01-05,,syn-0001.html,present,synthetic,html/syn-0001.html,syn-0001.html,run-none1,synthetic-shop.local,D:\Pet_Codes\science\article-price-tracker\synthetic\html\syn-0001.html,https://synthetic-shop.local/search/syn-0001,https://synthetic-shop.local/search/syn-0001,,,,raw_html,,042bf11721a916f4b44823fa2c6e53c79792cdc67fd710d1a07a0d97015c13a2,042bf11721a916f4b44823fa2c6e53c79792cdc67fd710d1a07a0d97015c13a2,html/syn-0001.html,syn-0001,jsonld_cards,html/syn-0001.html,construction_instruments,clean,5,syn-0001,https://synthetic-shop.local/search/syn-0001,042bf11721a916f4b44823fa2c6e53c79792cdc67fd710d1a07a0d97015c13a2,synthetic-shop.local,0
20261002T161451Z-d2eb76ee,original_fast_query-5d1e7a1db45c15,original_fast_query-5d1e7a1db45c15,synthetic,original_fast_query,syn-0001,gt-20dae6b4a418ab6b6ea0,syn-0001-e04,html/syn-0001.html,syn-0001.html,run-none1,synthetic-shop.local,,https://synthetic-shop.local/product/thermal-camera-01-04,matched_gt,Тепловизор строительный IR-256,43800,present,Тепловизор строительный IR-256,43800.0,1,1,1.0,0,1.0,0.0,0.0,0.0,0.0,,matched_gt; pipeline:generic:synthetic-shop.local,1,0,0,1,0,0,1,0,0,syn-0001,construction_instruments,construction_instruments,Тепловизор строительный IR-256,43800,https://synthetic-shop.local/product/thermal-camera-01-04,1,4.4,1–6 дня,Москва,SYN-01-04,syn-0001,syn-0001-e04,html/syn-0001.html,clean,gt-20dae6b4a418ab6b6ea0,synthetic-shop.local,run-none1,,,,Тепловизор строительный IR-256,43800,https://synthetic-shop.local/product/thermal-camera-01-04,,syn-0001.html,present,synthetic,html/syn-0001.html,syn-0001.html,run-none1,synthetic-shop.local,D:\Pet_Codes\science\article-price-tracker\synthetic\html\syn-0001.html,https://synthetic-shop.local/search/syn-0001,https://synthetic-shop.local/search/syn-0001,,,,raw_html,,042bf11721a916f4b44823fa2c6e53c79792cdc67fd710d1a07a0d97015c13a2,042bf11721a916f4b44823fa2c6e53c79792cdc67fd710d1a07a0d97015c13a2,html/syn-0001.html,syn-0001,jsonld_cards,html/syn-0001.html,construction_instruments,clean,5,syn-0001,https://synthetic-shop.local/search/syn-0001,042bf11721a916f4b44823fa2c6e53c79792cdc67fd710d1a07a0d97015c13a2,synthetic-shop.local,0
20261002T161451Z-d2eb76ee,original_fast_query-8dcf79fa12be89,original_fast_query-8dcf79fa12be89,synthetic,original_fast_query,syn-0002,gt-f13ec39348cbf3834d9a,syn-0002-e04,html/syn-0002.html,syn-0002.html,run-none2,synthetic-shop.local,,https://synthetic-shop.local/product/anemometer-02-04,matched_gt,Анемометр цифровой AM-30,5290,present,Анемометр цифровой AM-30,5290.0,1,1,1.0,0,1.0,0.0,0.0,0.0,0.0,,matched_gt; pipeline:generic:synthetic-shop.local,1,0,0,1,0,0,1,0,0,syn-0002,construction_instruments,construction_instruments,Анемометр цифровой AM-30,5290,https://synthetic-shop.local/product/anemometer-02-04,1,4.5,2–3 дня,Москва,SYN-02-04,syn-0002,syn-0002-e04,html/syn-0002.html,clean,gt-f13ec39348cbf3834d9a,synthetic-shop.local,run-none2,,,,Анемометр цифровой AM-30,5290,https://synthetic-shop.local/product/anemometer-02-04,,syn-0002.html,present,synthetic,html/syn-0002.html,syn-0002.html,run-none2,synthetic-shop.local,D:\Pet_Codes\science\article-price-tracker\synthetic\html\syn-0002.html,https://synthetic-shop.local/search/syn-0002,https://synthetic-shop.local/search/syn-0002,,,,raw_html,,17171cd5fe8f684dba19ad574d83e75a9d92bf472d8e400e664e4d468aaab34e,17171cd5fe8f684dba19ad574d83e75a9d92bf472d8e400e664e4d468aaab34e,html/syn-0002.html,syn-0002,microdata_cards,html/syn-0002.html,construction_instruments,clean,5,syn-0002,https://synthetic-shop.local/search/syn-0002,17171cd5fe8f684dba19ad574d83e75a9d92bf472d8e400e664e4d468aaab34e,synthetic-shop.local,0
20261002T161451Z-d2eb76ee,original_fast_query-71d2df92ec8382,original_fast_query-71d2df92ec8382,synthetic,original_fast_query,syn-0002,gt-75b01fd8b5bccfa23edf,syn-0002-e02,html/syn-0002.html,syn-0002.html,run-none2,synthetic-shop.local,,https://synthetic-shop.local/product/optical-level-02-02,matched_gt,Нивелир оптический N-32,21790,present,Нивелир оптический N-32,21790.0,1,1,1.0,0,1.0,0.0,0.0,0.0,0.0,,matched_gt; pipeline:generic:synthetic-shop.local,1,0,0,1,0,0,1,0,0,syn-0002,construction_instruments,construction_instruments,Нивелир оптический N-32,21790,https://synthetic-shop.local/product/optical-level-02-02,1,4.3,3–5 дня,Москва,SYN-02-02,syn-0002,syn-0002-e02,html/syn-0002.html,clean,gt-75b01fd8b5bccfa23edf,synthetic-shop.local,run-none2,,,,Нивелир оптический N-32,21790,https://synthetic-shop.local/product/optical-level-02-02,,syn-0002.html,present,synthetic,html/syn-0002.html,syn-0002.html,run-none2,synthetic-shop.local,D:\Pet_Codes\science\article-price-tracker\synthetic\html\syn-0002.html,https://synthetic-shop.local/search/syn-0002,https://synthetic-shop.local/search/syn-0002,,,,raw_html,,17171cd5fe8f684dba19ad574d83e75a9d92bf472d8e400e664e4d468aaab34e,17171cd5fe8f684dba19ad574d83e75a9d92bf472d8e400e664e4d468aaab34e,html/syn-0002.html,syn-0002,microdata_cards,html/syn-0002.html,construction_instruments,clean,5,syn-0002,https://synthetic-shop.local/search/syn-0002,17171cd5fe8f684dba19ad574d83e75a9d92bf472d8e400e664e4d468aaab34e,synthetic-shop.local,0
20261002T161451Z-d2eb76ee,original_fast_query-036aca85990232,original_fast_query-036aca85990232,synthetic,original_fast_query,syn-0002,gt-711f8053b98609aa46d3,syn-0002-e05,html/syn-0002.html,syn-0002.html,run-none2,synthetic-shop.local,,https://synthetic-shop.local/product/pyrometer-02-05,matched_gt,Пирометр инфракрасный IR-900,3514,present,Пирометр инфракрасный IR-900,3514.0,1,1,1.0,0,1.0,0.0,0.0,0.0,0.0,,matched_gt; pipeline:generic:synthetic-shop.local,1,0,0,1,0,0,1,0,0,syn-0002,construction_instruments,construction_instruments,Пирометр инфракрасный IR-900,3514,https://synthetic-shop.local/product/pyrometer-02-05,1,4.6,3–4 дня,Москва,SYN-02-05,syn-0002,syn-0002-e05,html/syn-0002.html,clean,gt-711f8053b98609aa46d3,synthetic-shop.local,run-none2,,,,Пирометр инфракрасный IR-900,3514,https://synthetic-shop.local/product/pyrometer-02-05,,syn-0002.html,present,synthetic,html/syn-0002.html,syn-0002.html,run-none2,synthetic-shop.local,D:\Pet_Codes\science\article-price-tracker\synthetic\html\syn-0002.html,https://synthetic-shop.local/search/syn-0002,https://synthetic-shop.local/search/syn-0002,,,,raw_html,,17171cd5fe8f684dba19ad574d83e75a9d92bf472d8e400e664e4d468aaab34e,17171cd5fe8f684dba19ad574d83e75a9d92bf472d8e400e664e4d468aaab34e,html/syn-0002.html,syn-0002,microdata_cards,html/syn-0002.html,construction_instruments,clean,5,syn-0002,https://synthetic-shop.local/search/syn-0002,17171cd5fe8f684dba19ad574d83e75a9d92bf472d8e400e664e4d468aaab34e,synthetic-shop.local,0
20261002T161451Z-d2eb76ee,original_fast_query-21a97acb6075c4,original_fast_query-21a97acb6075c4,synthetic,original_fast_query,syn-0002,gt-734be3b9a4b8ca4c77e9,syn-0002-e01,html/syn-0002.html,syn-0002.html,run-none2,synthetic-shop.local,,https://synthetic-shop.local/product/thermal-camera-02-01,matched_gt,Тепловизор строительный IR-256,43200,present,Тепловизор строительный IR-256,43200.0,1,1,1.0,0,1.0,0.0,0.0,0.0,0.0,,matched_gt; pipeline:generic:synthetic-shop.local,1,0,0,1,0,0,1,0,0,syn-0002,construction_instruments,construction_instruments,Тепловизор строительный IR-256,43200,https://synthetic-shop.local/product/thermal-camera-02-01,1,4.2,2–4 дня,Москва,SYN-02-01,syn-0002,syn-0002-e01,html/syn-0002.html,clean,gt-734be3b9a4b8ca4c77e9,synthetic-shop.local,run-none2,,,,Тепловизор строительный IR-256,43200,https://synthetic-shop.local/product/thermal-camera-02-01,,syn-0002.html,present,synthetic,html/syn-0002.html,syn-0002.html,run-none2,synthetic-shop.local,D:\Pet_Codes\science\article-price-tracker\synthetic\html\syn-0002.html,https://synthetic-shop.local/search/syn-0002,https://synthetic-shop.local/search/syn-0002,,,,raw_html,,17171cd5fe8f684dba19ad574d83e75a9d92bf472d8e400e664e4d468aaab34e,17171cd5fe8f684dba19ad574d83e75a9d92bf472d8e400e664e4d468aaab34e,html/syn-0002.html,syn-0002,microdata_cards,html/syn-0002.html,construction_instruments,clean,5,syn-0002,https://synthetic-shop.local/search/syn-0002,17171cd5fe8f684dba19ad574d83e75a9d92bf472d8e400e664e4d468aaab34e,synthetic-shop.local,0
20261002T161451Z-d2eb76ee,original_fast_query-3578eea6cfaa4a,original_fast_query-3578eea6cfaa4a,synthetic,original_fast_query,syn-0002,gt-1cc27f8ce29473cba62f,syn-0002-e03,html/syn-0002.html,syn-0002.html,run-none2,synthetic-shop.local,,https://synthetic-shop.local/product/wall-scanner-02-03,matched_gt,Детектор скрытой проводки WallScan 5,4686,present,Детектор скрытой проводки WallScan 5,4686.0,1,1,1.0,0,1.0,0.0,0.0,0.0,0.0,,matched_gt; pipeline:generic:synthetic-shop.local,1,0,0,1,0,0,1,0,0,syn-0002,construction_instruments,construction_instruments,Детектор скрытой проводки WallScan 5,4686,https://synthetic-shop.local/product/wall-scanner-02-03,1,4.4,1–6 дня,Москва,SYN-02-03,syn-0002,syn-0002-e03,html/syn-0002.html,clean,gt-1cc27f8ce29473cba62f,synthetic-shop.local,run-none2,,,,Детектор скрытой проводки WallScan 5,4686,https://synthetic-shop.local/product/wall-scanner-02-03,,syn-0002.html,present,synthetic,html/syn-0002.html,syn-0002.html,run-none2,synthetic-shop.local,D:\Pet_Codes\science\article-price-tracker\synthetic\html\syn-0002.html,https://synthetic-shop.local/search/syn-0002,https://synthetic-shop.local/search/syn-0002,,,,raw_html,,17171cd5fe8f684dba19ad574d83e75a9d92bf472d8e400e664e4d468aaab34e,17171cd5fe8f684dba19ad574d83e75a9d92bf472d8e400e664e4d468aaab34e,html/syn-0002.html,syn-0002,microdata_cards,html/syn-0002.html,construction_instruments,clean,5,syn-0002,https://synthetic-shop.local/search/syn-0002,17171cd5fe8f684dba19ad574d83e75a9d92bf472d8e400e664e4d468aaab34e,synthetic-shop.local,0
20261002T161451Z-d2eb76ee,original_fast_query-3dfbf6ca9669cc,original_fast_query-3dfbf6ca9669cc,synthetic,original_fast_query,syn-0003,gt-ecb49e75cbeb5d96d003,syn-0003-e01,html/syn-0003.html,syn-0003.html,run-none3,synthetic-shop.local,,https://synthetic-shop.local/product/anemometer-03-01,matched_gt,Анемометр цифровой AM-30,5364,present,Анемометр цифровой AM-30,5364.0,1,1,1.0,0,1.0,0.0,0.0,0.0,0.0,,matched_gt; pipeline:generic:synthetic-shop.local,1,0,0,1,0,0,1,0,0,syn-0003,construction_instruments,construction_instruments,Анемометр цифровой AM-30,5364,https://synthetic-shop.local/product/anemometer-03-01,1,4.3,3–5 дня,Москва,SYN-03-01,syn-0003,syn-0003-e01,html/syn-0003.html,clean,gt-ecb49e75cbeb5d96d003,synthetic-shop.local,run-none3,,,,Анемометр цифровой AM-30,5364,https://synthetic-shop.local/product/anemometer-03-01,,syn-0003.html,present,synthetic,html/syn-0003.html,syn-0003.html,run-none3,synthetic-shop.local,D:\Pet_Codes\science\article-price-tracker\synthetic\html\syn-0003.html,https://synthetic-shop.local/search/syn-0003,https://synthetic-shop.local/search/syn-0003,,,,raw_html,,2301e0f464903c9280169092611c0194aa8f79300de653a0b6005af1bf5eae85,2301e0f464903c9280169092611c0194aa8f79300de653a0b6005af1bf5eae85,html/syn-0003.html,syn-0003,plain_cards,html/syn-0003.html,construction_instruments,clean,5,syn-0003,https://synthetic-shop.local/search/syn-0003,2301e0f464903c9280169092611c0194aa8f79300de653a0b6005af1bf5eae85,synthetic-shop.local,0
20261002T161451Z-d2eb76ee,original_fast_query-0d35ab4aeb1f48,original_fast_query-0d35ab4aeb1f48,synthetic,original_fast_query,syn-0003,gt-462f8f165f82260133cf,syn-0003-e03,html/syn-0003.html,syn-0003.html,run-none3,synthetic-shop.local,,https://synthetic-shop.local/product/coating-gauge-03-03,matched_gt,Толщиномер покрытий CT-1200,8990,present,Толщиномер покрытий CT-1200,8990.0,1,1,1.0,0,1.0,0.0,0.0,0.0,0.0,,matched_gt; pipeline:generic:synthetic-shop.local,1,0,0,1,0,0,1,0,0,syn-0003,construction_instruments,construction_instruments,Толщиномер покрытий CT-1200,8990,https://synthetic-shop.local/product/coating-gauge-03-03,1,4.5,2–3 дня,Москва,SYN-03-03,syn-0003,syn-0003-e03,html/syn-0003.html,clean,gt-462f8f165f82260133cf,synthetic-shop.local,run-none3,,,,Толщиномер покрытий CT-1200,8990,https://synthetic-shop.local/product/coating-gauge-03-03,,syn-0003.html,present,synthetic,html/syn-0003.html,syn-0003.html,run-none3,synthetic-shop.local,D:\Pet_Codes\science\article-price-tracker\synthetic\html\syn-0003.html,https://synthetic-shop.local/search/syn-0003,https://synthetic-shop.local/search/syn-0003,,,,raw_html,,2301e0f464903c9280169092611c0194aa8f79300de653a0b6005af1bf5eae85,2301e0f464903c9280169092611c0194aa8f79300de653a0b6005af1bf5eae85,html/syn-0003.html,syn-0003,plain_cards,html/syn-0003.html,construction_instruments,clean,5,syn-0003,https://synthetic-shop.local/search/syn-0003,2301e0f464903c9280169092611c0194aa8f79300de653a0b6005af1bf5eae85,synthetic-shop.local,0
20261002T161451Z-d2eb76ee,original_fast_query-21c3a8f3bc9bb8,original_fast_query-21c3a8f3bc9bb8,synthetic,original_fast_query,syn-0003,gt-80bd9eab869b3a2b33c2,syn-0003-e04,html/syn-0003.html,syn-0003.html,run-none3,synthetic-shop.local,,https://synthetic-shop.local/product/megohmmeter-03-04,matched_gt,Мегаомметр цифровой MI-1000,16102,present,Мегаомметр цифровой MI-1000,16102.0,1,1,1.0,0,1.0,0.0,0.0,0.0,0.0,,matched_gt; pipeline:generic:synthetic-shop.local,1,0,0,1,0,0,1,0,0,syn-0003,construction_instruments,construction_instruments,Мегаомметр цифровой MI-1000,16102,https://synthetic-shop.local/product/megohmmeter-03-04,1,4.6,3–4 дня,Москва,SYN-03-04,syn-0003,syn-0003-e04,html/syn-0003.html,clean,gt-80bd9eab869b3a2b33c2,synthetic-shop.local,run-none3,,,,Мегаомметр цифровой MI-1000,16102,https://synthetic-shop.local/product/megohmmeter-03-04,,syn-0003.html,present,synthetic,html/syn-0003.html,syn-0003.html,run-none3,synthetic-shop.local,D:\Pet_Codes\science\article-price-tracker\synthetic\html\syn-0003.html,https://synthetic-shop.local/search/syn-0003,https://synthetic-shop.local/search/syn-0003,,,,raw_html,,2301e0f464903c9280169092611c0194aa8f79300de653a0b6005af1bf5eae85,2301e0f464903c9280169092611c0194aa8f79300de653a0b6005af1bf5eae85,html/syn-0003.html,syn-0003,plain_cards,html/syn-0003.html,construction_instruments,clean,5,syn-0003,https://synthetic-shop.local/search/syn-0003,2301e0f464903c9280169092611c0194aa8f79300de653a0b6005af1bf5eae85,synthetic-shop.local,0
20261002T161451Z-d2eb76ee,original_fast_query-03b419e55040bc,original_fast_query-03b419e55040bc,synthetic,original_fast_query,syn-0003,gt-807791f7813b4ebba757,syn-0003-e02,html/syn-0003.html,syn-0003.html,run-none3,synthetic-shop.local,,https://synthetic-shop.local/product/pyrometer-03-02,matched_gt,Пирометр инфракрасный IR-900,3562,present,Пирометр инфракрасный IR-900,3562.0,1,1,1.0,0,1.0,0.0,0.0,0.0,0.0,,matched_gt; pipeline:generic:synthetic-shop.local,1,0,0,1,0,0,1,0,0,syn-0003,construction_instruments,construction_instruments,Пирометр инфракрасный IR-900,3562,https://synthetic-shop.local/product/pyrometer-03-02,1,4.4,1–6 дня,Москва,SYN-03-02,syn-0003,syn-0003-e02,html/syn-0003.html,clean,gt-807791f7813b4ebba757,synthetic-shop.local,run-none3,,,,Пирометр инфракрасный IR-900,3562,https://synthetic-shop.local/product/pyrometer-03-02,,syn-0003.html,present,synthetic,html/syn-0003.html,syn-0003.html,run-none3,synthetic-shop.local,D:\Pet_Codes\science\article-price-tracker\synthetic\html\syn-0003.html,https://synthetic-shop.local/search/syn-0003,https://synthetic-shop.local/search/syn-0003,,,,raw_html,,2301e0f464903c9280169092611c0194aa8f79300de653a0b6005af1bf5eae85,2301e0f464903c9280169092611c0194aa8f79300de653a0b6005af1bf5eae85,html/syn-0003.html,syn-0003,plain_cards,html/syn-0003.html,construction_instruments,clean,5,syn-0003,https://synthetic-shop.local/search/syn-0003,2301e0f464903c9280169092611c0194aa8f79300de653a0b6005af1bf5eae85,synthetic-shop.local,0
20261002T161451Z-d2eb76ee,original_fast_query-b485f3c4af2e7b,original_fast_query-b485f3c4af2e7b,synthetic,original_fast_query,syn-0003,gt-8c0511cfaa723f81918b,syn-0003-e05,html/syn-0003.html,syn-0003.html,run-none3,synthetic-shop.local,,https://synthetic-shop.local/product/socket-tester-03-05,matched_gt,Тестер розеток и УЗО ST-8,1816,present,Тестер розеток и УЗО ST-8,1816.0,1,1,1.0,0,1.0,0.0,0.0,0.0,0.0,,matched_gt; pipeline:generic:synthetic-shop.local,1,0,0,1,0,0,1,0,0,syn-0003,construction_instruments,construction_instruments,Тестер розеток и УЗО ST-8,1816,https://synthetic-shop.local/product/socket-tester-03-05,1,4.7,1–5 дня,Москва,SYN-03-05,syn-0003,syn-0003-e05,html/syn-0003.html,clean,gt-8c0511cfaa723f81918b,synthetic-shop.local,run-none3,,,,Тестер розеток и УЗО ST-8,1816,https://synthetic-shop.local/product/socket-tester-03-05,,syn-0003.html,present,synthetic,html/syn-0003.html,syn-0003.html,run-none3,synthetic-shop.local,D:\Pet_Codes\science\article-price-tracker\synthetic\html\syn-0003.html,https://synthetic-shop.local/search/syn-0003,https://synthetic-shop.local/search/syn-0003,,,,raw_html,,2301e0f464903c9280169092611c0194aa8f79300de653a0b6005af1bf5eae85,2301e0f464903c9280169092611c0194aa8f79300de653a0b6005af1bf5eae85,html/syn-0003.html,syn-0003,plain_cards,html/syn-0003.html,construction_instruments,clean,5,syn-0003,https://synthetic-shop.local/search/syn-0003,2301e0f464903c9280169092611c0194aa8f79300de653a0b6005af1bf5eae85,synthetic-shop.local,0
20261002T161451Z-d2eb76ee,original_fast_query-da80b3d2f64ab2,original_fast_query-da80b3d2f64ab2,synthetic,original_fast_query,syn-0004,gt-ea08119e0e5b8fd16a0b,syn-0004-e05,html/syn-0004.html,syn-0004.html,run-none4,synthetic-shop.local,,https://synthetic-shop.local/product/clamp-meter-04-05,matched_gt,Клещи токовые CM-600,6625,present,Клещи токовые CM-600,6625.0,1,1,1.0,0,1.0,0.0,0.0,0.0,0.0,,matched_gt; pipeline:generic:synthetic-shop.local,1,0,0,1,0,0,1,0,0,syn-0004,construction_instruments,construction_instruments,Клещи токовые CM-600,6625,https://synthetic-shop.local/product/clamp-meter-04-05,0,4.8,2–6 дня,Москва,SYN-04-05,syn-0004,syn-0004-e05,html/syn-0004.html,clean,gt-ea08119e0e5b8fd16a0b,synthetic-shop.local,run-none4,,,,Клещи токовые CM-600,6625,https://synthetic-shop.local/product/clamp-meter-04-05,,syn-0004.html,present,synthetic,html/syn-0004.html,syn-0004.html,run-none4,synthetic-shop.local,D:\Pet_Codes\science\article-price-tracker\synthetic\html\syn-0004.html,https://synthetic-shop.local/search/syn-0004,https://synthetic-shop.local/search/syn-0004,,,,raw_html,,c6a75e9a0b34798d4cfba731e855798cae0181bb21b7e5fa2c01ba4460c82609,c6a75e9a0b34798d4cfba731e855798cae0181bb21b7e5fa2c01ba4460c82609,html/syn-0004.html,syn-0004,embedded_state,html/syn-0004.html,construction_instruments,clean,5,syn-0004,https://synthetic-shop.local/search/syn-0004,c6a75e9a0b34798d4cfba731e855798cae0181bb21b7e5fa2c01ba4460c82609,synthetic-shop.local,0
20261002T161451Z-d2eb76ee,original_fast_query-cf65b45a8c38ff,original_fast_query-cf65b45a8c38ff,synthetic,original_fast_query,syn-0004,gt-5bef3e67e4478c6adb09,syn-0004-e03,html/syn-0004.html,syn-0004.html,run-none4,synthetic-shop.local,,https://synthetic-shop.local/product/luxmeter-04-03,matched_gt,Люксметр LX-1010,3011,present,Люксметр LX-1010,3011.0,1,1,1.0,0,1.0,0.0,0.0,0.0,0.0,,matched_gt; pipeline:generic:synthetic-shop.local,1,0,0,1,0,0,1,0,0,syn-0004,construction_instruments,construction_instruments,Люксметр LX-1010,3011,https://synthetic-shop.local/product/luxmeter-04-03,1,4.6,3–4 дня,Москва,SYN-04-03,syn-0004,syn-0004-e03,html/syn-0004.html,clean,gt-5bef3e67e4478c6adb09,synthetic-shop.local,run-none4,,,,Люксметр LX-1010,3011,https://synthetic-shop.local/product/luxmeter-04-03,,syn-0004.html,present,synthetic,html/syn-0004.html,syn-0004.html,run-none4,synthetic-shop.local,D:\Pet_Codes\science\article-price-tracker\synthetic\html\syn-0004.html,https://synthetic-shop.local/search/syn-0004,https://synthetic-shop.local/search/syn-0004,,,,raw_html,,c6a75e9a0b34798d4cfba731e855798cae0181bb21b7e5fa2c01ba4460c82609,c6a75e9a0b34798d4cfba731e855798cae0181bb21b7e5fa2c01ba4460c82609,html/syn-0004.html,syn-0004,embedded_state,html/syn-0004.html,construction_instruments,clean,5,syn-0004,https://synthetic-shop.local/search/syn-0004,c6a75e9a0b34798d4cfba731e855798cae0181bb21b7e5fa2c01ba4460c82609,synthetic-shop.local,0
20261002T161451Z-d2eb76ee,original_fast_query-d07f6c3b0ba253,original_fast_query-d07f6c3b0ba253,synthetic,original_fast_query,syn-0004,gt-8504b3edbc2727bff70f,syn-0004-e01,html/syn-0004.html,syn-0004.html,run-none4,synthetic-shop.local,,https://synthetic-shop.local/product/megohmmeter-04-01,matched_gt,Мегаомметр цифровой MI-1000,16326,present,Мегаомметр цифровой MI-1000,16326.0,1,1,1.0,0,1.0,0.0,0.0,0.0,0.0,,matched_gt; pipeline:generic:synthetic-shop.local,1,0,0,1,0,0,1,0,0,syn-0004,construction_instruments,construction_instruments,Мегаомметр цифровой MI-1000,16326,https://synthetic-shop.local/product/megohmmeter-04-01,1,4.4,1–6 дня,Москва,SYN-04-01,syn-0004,syn-0004-e01,html/syn-0004.html,clean,gt-8504b3edbc2727bff70f,synthetic-shop.local,run-none4,,,,Мегаомметр цифровой MI-1000,16326,https://synthetic-shop.local/product/megohmmeter-04-01,,syn-0004.html,present,synthetic,html/syn-0004.html,syn-0004.html,run-none4,synthetic-shop.local,D:\Pet_Codes\science\article-price-tracker\synthetic\html\syn-0004.html,https://synthetic-shop.local/search/syn-0004,https://synthetic-shop.local/search/syn-0004,,,,raw_html,,c6a75e9a0b34798d4cfba731e855798cae0181bb21b7e5fa2c01ba4460c82609,c6a75e9a0b34798d4cfba731e855798cae0181bb21b7e5fa2c01ba4460c82609,html/syn-0004.html,syn-0004,embedded_state,html/syn-0004.html,construction_instruments,clean,5,syn-0004,https://synthetic-shop.local/search/syn-0004,c6a75e9a0b34798d4cfba731e855798cae0181bb21b7e5fa2c01ba4460c82609,synthetic-shop.local,0
20261002T161451Z-d2eb76ee,original_fast_query-885099ac749f3e,original_fast_query-885099ac749f3e,synthetic,original_fast_query,syn-0004,gt-d90946c8e16668ff30b3,syn-0004-e04,html/syn-0004.html,syn-0004.html,run-none4,synthetic-shop.local,,https://synthetic-shop.local/product/moisture-meter-04-04,matched_gt,Влагомер древесины WM-2,3234,present,Влагомер древесины WM-2,3234.0,1,1,1.0,0,1.0,0.0,0.0,0.0,0.0,,matched_gt; pipeline:generic:synthetic-shop.local,1,0,0,1,0,0,1,0,0,syn-0004,construction_instruments,construction_instruments,Влагомер древесины WM-2,3234,https://synthetic-shop.local/product/moisture-meter-04-04,1,4.7,1–5 дня,Москва,SYN-04-04,syn-0004,syn-0004-e04,html/syn-0004.html,clean,gt-d90946c8e16668ff30b3,synthetic-shop.local,run-none4,,,,Влагомер древесины WM-2,3234,https://synthetic-shop.local/product/moisture-meter-04-04,,syn-0004.html,present,synthetic,html/syn-0004.html,syn-0004.html,run-none4,synthetic-shop.local,D:\Pet_Codes\science\article-price-tracker\synthetic\html\syn-0004.html,https://synthetic-shop.local/search/syn-0004,https://synthetic-shop.local/search/syn-0004,,,,raw_html,,c6a75e9a0b34798d4cfba731e855798cae0181bb21b7e5fa2c01ba4460c82609,c6a75e9a0b34798d4cfba731e855798cae0181bb21b7e5fa2c01ba4460c82609,html/syn-0004.html,syn-0004,embedded_state,html/syn-0004.html,construction_instruments,clean,5,syn-0004,https://synthetic-shop.local/search/syn-0004,c6a75e9a0b34798d4cfba731e855798cae0181bb21b7e5fa2c01ba4460c82609,synthetic-shop.local,0
20261002T161451Z-d2eb76ee,original_fast_query-e61ae571343f4d,original_fast_query-e61ae571343f4d,synthetic,original_fast_query,syn-0004,gt-50be9b0813bf6930835c,syn-0004-e02,html/syn-0004.html,syn-0004.html,run-none4,synthetic-shop.local,,https://synthetic-shop.local/product/socket-tester-04-02,matched_gt,Тестер розеток и УЗО ST-8,1790,present,Тестер розеток и УЗО ST-8,1790.0,1,1,1.0,0,1.0,0.0,0.0,0.0,0.0,,matched_gt; pipeline:generic:synthetic-shop.local,1,0,0,1,0,0,1,0,0,syn-0004,construction_instruments,construction_instruments,Тестер розеток и УЗО ST-8,1790,https://synthetic-shop.local/product/socket-tester-04-02,1,4.5,2–3 дня,Москва,SYN-04-02,syn-0004,syn-0004-e02,html/syn-0004.html,clean,gt-50be9b0813bf6930835c,synthetic-shop.local,run-none4,,,,Тестер розеток и УЗО ST-8,1790,https://synthetic-shop.local/product/socket-tester-04-02,,syn-0004.html,present,synthetic,html/syn-0004.html,syn-0004.html,run-none4,synthetic-shop.local,D:\Pet_Codes\science\article-price-tracker\synthetic\html\syn-0004.html,https://synthetic-shop.local/search/syn-0004,https://synthetic-shop.local/search/syn-0004,,,,raw_html,,c6a75e9a0b34798d4cfba731e855798cae0181bb21b7e5fa2c01ba4460c82609,c6a75e9a0b34798d4cfba731e855798cae0181bb21b7e5fa2c01ba4460c82609,html/syn-0004.html,syn-0004,embedded_state,html/syn-0004.html,construction_instruments,clean,5,syn-0004,https://synthetic-shop.local/search/syn-0004,c6a75e9a0b34798d4cfba731e855798cae0181bb21b7e5fa2c01ba4460c82609,synthetic-shop.local,0
20261002T161451Z-d2eb76ee,original_fast_query-eda4fb508473da,,synthetic,original_fast_query,syn-0005,gt-9feffded54f82d9bbab9,syn-0005-e03,html/syn-0005.html,syn-0005.html,run-none5,synthetic-shop.local,,https://synthetic-shop.local/product/angle-meter-05-03,missing_prediction,Угломер электронный AG-360,3844,present,,,0,0,,0,,,,,,missing_entity,missing_prediction,0,0,1,0,0,1,0,0,1,syn-0005,construction_instruments,construction_instruments,Угломер электронный AG-360,3844,https://synthetic-shop.local/product/angle-meter-05-03,1,4.7,1–5 дня,Москва,SYN-05-03,syn-0005,syn-0005-e03,html/syn-0005.html,clean,gt-9feffded54f82d9bbab9,synthetic-shop.local,run-none5,,,,Угломер электронный AG-360,3844,https://synthetic-shop.local/product/angle-meter-05-03,,syn-0005.html,present,synthetic,html/syn-0005.html,syn-0005.html,run-none5,synthetic-shop.local,D:\Pet_Codes\science\article-price-tracker\synthetic\html\syn-0005.html,https://synthetic-shop.local/search/syn-0005,https://synthetic-shop.local/search/syn-0005,,,,raw_html,,087db53f8eff747307ac34667ca34ce250061e2d91f75acbcae4077b5222f9a4,087db53f8eff747307ac34667ca34ce250061e2d91f75acbcae4077b5222f9a4,html/syn-0005.html,syn-0005,detail_grid,html/syn-0005.html,construction_instruments,clean,5,syn-0005,https://synthetic-shop.local/search/syn-0005,087db53f8eff747307ac34667ca34ce250061e2d91f75acbcae4077b5222f9a4,synthetic-shop.local,0
20261002T161451Z-d2eb76ee,original_fast_query-30ad2721a97f69,,synthetic,original_fast_query,syn-0005,gt-9ef1621fc0f565dc9bbe,syn-0005-e02,html/syn-0005.html,syn-0005.html,run-none5,synthetic-shop.local,,https://synthetic-shop.local/product/clamp-meter-05-02,missing_prediction,Клещи токовые CM-600,6535,present,,,0,0,,0,,,,,,missing_entity,missing_prediction,0,0,1,0,0,1,0,0,1,syn-0005,construction_instruments,construction_instruments,Клещи токовые CM-600,6535,https://synthetic-shop.local/product/clamp-meter-05-02,1,4.6,3–4 дня,Москва,SYN-05-02,syn-0005,syn-0005-e02,html/syn-0005.html,clean,gt-9ef1621fc0f565dc9bbe,synthetic-shop.local,run-none5,,,,Клещи токовые CM-600,6535,https://synthetic-shop.local/product/clamp-meter-05-02,,syn-0005.html,present,synthetic,html/syn-0005.html,syn-0005.html,run-none5,synthetic-shop.local,D:\Pet_Codes\science\article-price-tracker\synthetic\html\syn-0005.html,https://synthetic-shop.local/search/syn-0005,https://synthetic-shop.local/search/syn-0005,,,,raw_html,,087db53f8eff747307ac34667ca34ce250061e2d91f75acbcae4077b5222f9a4,087db53f8eff747307ac34667ca34ce250061e2d91f75acbcae4077b5222f9a4,html/syn-0005.html,syn-0005,detail_grid,html/syn-0005.html,construction_instruments,clean,5,syn-0005,https://synthetic-shop.local/search/syn-0005,087db53f8eff747307ac34667ca34ce250061e2d91f75acbcae4077b5222f9a4,synthetic-shop.local,0
20261002T161451Z-d2eb76ee,original_fast_query-7d9cd5c55874c5,,synthetic,original_fast_query,syn-0005,gt-366d5849313c6817c602,syn-0005-e04,html/syn-0005.html,syn-0005.html,run-none5,synthetic-shop.local,,https://synthetic-shop.local/product/laser-level-05-04,missing_prediction,Лазерный уровень ЛУ-360 Pro,13263,present,,,0,0,,0,,,,,,missing_entity,missing_prediction,0,0,1,0,0,1,0,0,1,syn-0005,construction_instruments,construction_instruments,Лазерный уровень ЛУ-360 Pro,13263,https://synthetic-shop.local/product/laser-level-05-04,0,4.8,2–6 дня,Москва,SYN-05-04,syn-0005,syn-0005-e04,html/syn-0005.html,clean,gt-366d5849313c6817c602,synthetic-shop.local,run-none5,,,,Лазерный уровень ЛУ-360 Pro,13263,https://synthetic-shop.local/product/laser-level-05-04,,syn-0005.html,present,synthetic,html/syn-0005.html,syn-0005.html,run-none5,synthetic-shop.local,D:\Pet_Codes\science\article-price-tracker\synthetic\html\syn-0005.html,https://synthetic-shop.local/search/syn-0005,https://synthetic-shop.local/search/syn-0005,,,,raw_html,,087db53f8eff747307ac34667ca34ce250061e2d91f75acbcae4077b5222f9a4,087db53f8eff747307ac34667ca34ce250061e2d91f75acbcae4077b5222f9a4,html/syn-0005.html,syn-0005,detail_grid,html/syn-0005.html,construction_instruments,clean,5,syn-0005,https://synthetic-shop.local/search/syn-0005,087db53f8eff747307ac34667ca34ce250061e2d91f75acbcae4077b5222f9a4,synthetic-shop.local,0
20261002T161451Z-d2eb76ee,original_fast_query-3109749041e4f7,,synthetic,original_fast_query,syn-0005,gt-e75e5e7210259c78535b,syn-0005-e05,html/syn-0005.html,syn-0005.html,run-none5,synthetic-shop.local,,https://synthetic-shop.local/product/laser-rangefinder-05-05,missing_prediction,Дальномер лазерный DM-80,6990,present,,,0,0,,0,,,,,,missing_entity,missing_prediction,0,0,1,0,0,1,0,0,1,syn-0005,construction_instruments,construction_instruments,Дальномер лазерный DM-80,6990,https://synthetic-shop.local/product/laser-rangefinder-05-05,1,4.9,3–3 дня,Москва,SYN-05-05,syn-0005,syn-0005-e05,html/syn-0005.html,clean,gt-e75e5e7210259c78535b,synthetic-shop.local,run-none5,,,,Дальномер лазерный DM-80,6990,https://synthetic-shop.local/product/laser-rangefinder-05-05,,syn-0005.html,present,synthetic,html/syn-0005.html,syn-0005.html,run-none5,synthetic-shop.local,D:\Pet_Codes\science\article-price-tracker\synthetic\html\syn-0005.html,https://synthetic-shop.local/search/syn-0005,https://synthetic-shop.local/search/syn-0005,,,,raw_html,,087db53f8eff747307ac34667ca34ce250061e2d91f75acbcae4077b5222f9a4,087db53f8eff747307ac34667ca34ce250061e2d91f75acbcae4077b5222f9a4,html/syn-0005.html,syn-0005,detail_grid,html/syn-0005.html,construction_instruments,clean,5,syn-0005,https://synthetic-shop.local/search/syn-0005,087db53f8eff747307ac34667ca34ce250061e2d91f75acbcae4077b5222f9a4,synthetic-shop.local,0
20261002T161451Z-d2eb76ee,original_fast_query-564f20ed77409f,,synthetic,original_fast_query,syn-0005,gt-3d39e0711ae8d2b30c4f,syn-0005-e01,html/syn-0005.html,syn-0005.html,run-none5,synthetic-shop.local,,https://synthetic-shop.local/product/moisture-meter-05-01,missing_prediction,Влагомер древесины WM-2,3190,present,,,0,0,,0,,,,,,missing_entity,missing_prediction,0,0,1,0,0,1,0,0,1,syn-0005,construction_instruments,construction_instruments,Влагомер древесины WM-2,3190,https://synthetic-shop.local/product/moisture-meter-05-01,1,4.5,2–3 дня,Москва,SYN-05-01,syn-0005,syn-0005-e01,html/syn-0005.html,clean,gt-3d39e0711ae8d2b30c4f,synthetic-shop.local,run-none5,,,,Влагомер древесины WM-2,3190,https://synthetic-shop.local/product/moisture-meter-05-01,,syn-0005.html,present,synthetic,html/syn-0005.html,syn-0005.html,run-none5,synthetic-shop.local,D:\Pet_Codes\science\article-price-tracker\synthetic\html\syn-0005.html,https://synthetic-shop.local/search/syn-0005,https://synthetic-shop.local/search/syn-0005,,,,raw_html,,087db53f8eff747307ac34667ca34ce250061e2d91f75acbcae4077b5222f9a4,087db53f8eff747307ac34667ca34ce250061e2d91f75acbcae4077b5222f9a4,html/syn-0005.html,syn-0005,detail_grid,html/syn-0005.html,construction_instruments,clean,5,syn-0005,https://synthetic-shop.local/search/syn-0005,087db53f8eff747307ac34667ca34ce250061e2d91f75acbcae4077b5222f9a4,synthetic-shop.local,0
20261002T161451Z-d2eb76ee,original_fast_query-d9fe3c1709c298,,synthetic,original_fast_query,syn-0006,gt-cf309e193a3528642ce6,syn-0006-e01,html/syn-0006.html,syn-0006.html,run-none6,synthetic-shop.local,,https://synthetic-shop.local/product/laser-level-06-01,missing_prediction,Лазерный уровень ЛУ-360 Pro,13081,present,,,0,0,,0,,,,,,missing_entity,missing_prediction,0,0,1,0,0,1,0,0,1,syn-0006,construction_instruments,construction_instruments,Лазерный уровень ЛУ-360 Pro,13081,https://synthetic-shop.local/product/laser-level-06-01,1,4.6,3–4 дня,Москва,SYN-06-01,syn-0006,syn-0006-e01,html/syn-0006.html,clean,gt-cf309e193a3528642ce6,synthetic-shop.local,run-none6,,,,Лазерный уровень ЛУ-360 Pro,13081,https://synthetic-shop.local/product/laser-level-06-01,,syn-0006.html,present,synthetic,html/syn-0006.html,syn-0006.html,run-none6,synthetic-shop.local,D:\Pet_Codes\science\article-price-tracker\synthetic\html\syn-0006.html,https://synthetic-shop.local/search/syn-0006,https://synthetic-shop.local/search/syn-0006,,,,raw_html,,9b7b25c4281a844d83d16da90a89fbbe20097ece3cd07208317d741a79a41972,9b7b25c4281a844d83d16da90a89fbbe20097ece3cd07208317d741a79a41972,html/syn-0006.html,syn-0006,table_listing,html/syn-0006.html,construction_instruments,clean,5,syn-0006,https://synthetic-shop.local/search/syn-0006,9b7b25c4281a844d83d16da90a89fbbe20097ece3cd07208317d741a79a41972,synthetic-shop.local,0
20261002T161451Z-d2eb76ee,original_fast_query-0f226c6466a226,,synthetic,original_fast_query,syn-0006,gt-2a68fcdeefbf9469cf18,syn-0006-e02,html/syn-0006.html,syn-0006.html,run-none6,synthetic-shop.local,,https://synthetic-shop.local/product/laser-rangefinder-06-02,missing_prediction,Дальномер лазерный DM-80,7088,present,,,0,0,,0,,,,,,missing_entity,missing_prediction,0,0,1,0,0,1,0,0,1,syn-0006,construction_instruments,construction_instruments,Дальномер лазерный DM-80,7088,https://synthetic-shop.local/product/laser-rangefinder-06-02,1,4.7,1–5 дня,Москва,SYN-06-02,syn-0006,syn-0006-e02,html/syn-0006.html,clean,gt-2a68fcdeefbf9469cf18,synthetic-shop.local,run-none6,,,,Дальномер лазерный DM-80,7088,https://synthetic-shop.local/product/laser-rangefinder-06-02,,syn-0006.html,present,synthetic,html/syn-0006.html,syn-0006.html,run-none6,synthetic-shop.local,D:\Pet_Codes\science\article-price-tracker\synthetic\html\syn-0006.html,https://synthetic-shop.local/search/syn-0006,https://synthetic-shop.local/search/syn-0006,,,,raw_html,,9b7b25c4281a844d83d16da90a89fbbe20097ece3cd07208317d741a79a41972,9b7b25c4281a844d83d16da90a89fbbe20097ece3cd07208317d741a79a41972,html/syn-0006.html,syn-0006,table_listing,html/syn-0006.html,construction_instruments,clean,5,syn-0006,https://synthetic-shop.local/search/syn-0006,9b7b25c4281a844d83d16da90a89fbbe20097ece3cd07208317d741a79a41972,synthetic-shop.local,0
20261002T161451Z-d2eb76ee,original_fast_query-c9d46728fe964d,,synthetic,original_fast_query,syn-0006,gt-cd9c1707608e0ed54ecd,syn-0006-e03,html/syn-0006.html,syn-0006.html,run-none6,synthetic-shop.local,,https://synthetic-shop.local/product/multimeter-06-03,missing_prediction,Мультиметр цифровой M830 Pro,1929,present,,,0,0,,0,,,,,,missing_entity,missing_prediction,0,0,1,0,0,1,0,0,1,syn-0006,construction_instruments,construction_instruments,Мультиметр цифровой M830 Pro,1929,https://synthetic-shop.local/product/multimeter-06-03,0,4.8,2–6 дня,Москва,SYN-06-03,syn-0006,syn-0006-e03,html/syn-0006.html,clean,gt-cd9c1707608e0ed54ecd,synthetic-shop.local,run-none6,,,,Мультиметр цифровой M830 Pro,1929,https://synthetic-shop.local/product/multimeter-06-03,,syn-0006.html,present,synthetic,html/syn-0006.html,syn-0006.html,run-none6,synthetic-shop.local,D:\Pet_Codes\science\article-price-tracker\synthetic\html\syn-0006.html,https://synthetic-shop.local/search/syn-0006,https://synthetic-shop.local/search/syn-0006,,,,raw_html,,9b7b25c4281a844d83d16da90a89fbbe20097ece3cd07208317d741a79a41972,9b7b25c4281a844d83d16da90a89fbbe20097ece3cd07208317d741a79a41972,html/syn-0006.html,syn-0006,table_listing,html/syn-0006.html,construction_instruments,clean,5,syn-0006,https://synthetic-shop.local/search/syn-0006,9b7b25c4281a844d83d16da90a89fbbe20097ece3cd07208317d741a79a41972,synthetic-shop.local,0
20261002T161451Z-d2eb76ee,original_fast_query-29f26a41a7e137,,synthetic,original_fast_query,syn-0006,gt-dd965fd8c7ef6475a705,syn-0006-e05,html/syn-0006.html,syn-0006.html,run-none6,synthetic-shop.local,,https://synthetic-shop.local/product/optical-level-06-05,missing_prediction,Нивелир оптический N-32,21640,present,,,0,0,,0,,,,,,missing_entity,missing_prediction,0,0,1,0,0,1,0,0,1,syn-0006,construction_instruments,construction_instruments,Нивелир оптический N-32,21640,https://synthetic-shop.local/product/optical-level-06-05,1,4.1,1–4 дня,Москва,SYN-06-05,syn-0006,syn-0006-e05,html/syn-0006.html,clean,gt-dd965fd8c7ef6475a705,synthetic-shop.local,run-none6,,,,Нивелир оптический N-32,21640,https://synthetic-shop.local/product/optical-level-06-05,,syn-0006.html,present,synthetic,html/syn-0006.html,syn-0006.html,run-none6,synthetic-shop.local,D:\Pet_Codes\science\article-price-tracker\synthetic\html\syn-0006.html,https://synthetic-shop.local/search/syn-0006,https://synthetic-shop.local/search/syn-0006,,,,raw_html,,9b7b25c4281a844d83d16da90a89fbbe20097ece3cd07208317d741a79a41972,9b7b25c4281a844d83d16da90a89fbbe20097ece3cd07208317d741a79a41972,html/syn-0006.html,syn-0006,table_listing,html/syn-0006.html,construction_instruments,clean,5,syn-0006,https://synthetic-shop.local/search/syn-0006,9b7b25c4281a844d83d16da90a89fbbe20097ece3cd07208317d741a79a41972,synthetic-shop.local,0
20261002T161451Z-d2eb76ee,original_fast_query-751143cb9b66bf,,synthetic,original_fast_query,syn-0006,gt-e4fcbd7b03a868db3919,syn-0006-e04,html/syn-0006.html,syn-0006.html,run-none6,synthetic-shop.local,,https://synthetic-shop.local/product/thermal-camera-06-04,missing_prediction,Тепловизор строительный IR-256,42900,present,,,0,0,,0,,,,,,missing_entity,missing_prediction,0,0,1,0,0,1,0,0,1,syn-0006,construction_instruments,construction_instruments,Тепловизор строительный IR-256,42900,https://synthetic-shop.local/product/thermal-camera-06-04,1,4.9,3–3 дня,Москва,SYN-06-04,syn-0006,syn-0006-e04,html/syn-0006.html,clean,gt-e4fcbd7b03a868db3919,synthetic-shop.local,run-none6,,,,Тепловизор строительный IR-256,42900,https://synthetic-shop.local/product/thermal-camera-06-04,,syn-0006.html,present,synthetic,html/syn-0006.html,syn-0006.html,run-none6,synthetic-shop.local,D:\Pet_Codes\science\article-price-tracker\synthetic\html\syn-0006.html,https://synthetic-shop.local/search/syn-0006,https://synthetic-shop.local/search/syn-0006,,,,raw_html,,9b7b25c4281a844d83d16da90a89fbbe20097ece3cd07208317d741a79a41972,9b7b25c4281a844d83d16da90a89fbbe20097ece3cd07208317d741a79a41972,html/syn-0006.html,syn-0006,table_listing,html/syn-0006.html,construction_instruments,clean,5,syn-0006,https://synthetic-shop.local/search/syn-0006,9b7b25c4281a844d83d16da90a89fbbe20097ece3cd07208317d741a79a41972,synthetic-shop.local,0
20261002T161451Z-d2eb76ee,original_fast_query-57aff82fd4846d,original_fast_query-57aff82fd4846d,synthetic,original_fast_query,syn-0007,gt-6ddb68a0752bfd91e21d,syn-0007-e04,html/syn-0007.html,syn-0007.html,run-none7,synthetic-shop.local,,https://synthetic-shop.local/product/anemometer-07-04,matched_gt,Анемометр цифровой AM-30,5327,present,Анемометр цифровой AM-30,5327.0,1,1,1.0,0,1.0,0.0,0.0,0.0,0.0,,matched_gt; pipeline:generic:synthetic-shop.local,1,0,0,1,0,0,1,0,0,syn-0007,construction_instruments,construction_instruments,Анемометр цифровой AM-30,5327,https://synthetic-shop.local/product/anemometer-07-04,1,4.1,1–4 дня,Москва,SYN-07-04,syn-0007,syn-0007-e04,html/syn-0007.html,clean,gt-6ddb68a0752bfd91e21d,synthetic-shop.local,run-none7,,,,Анемометр цифровой AM-30,5327,https://synthetic-shop.local/product/anemometer-07-04,,syn-0007.html,present,synthetic,html/syn-0007.html,syn-0007.html,run-none7,synthetic-shop.local,D:\Pet_Codes\science\article-price-tracker\synthetic\html\syn-0007.html,https://synthetic-shop.local/search/syn-0007,https://synthetic-shop.local/search/syn-0007,,,,raw_html,,c579269483f7ea8e2e5913c682f17dd9213c078160dd246a383e07d4ea7ba72b,c579269483f7ea8e2e5913c682f17dd9213c078160dd246a383e07d4ea7ba72b,html/syn-0007.html,syn-0007,semantic_articles,html/syn-0007.html,construction_instruments,clean,5,syn-0007,https://synthetic-shop.local/search/syn-0007,c579269483f7ea8e2e5913c682f17dd9213c078160dd246a383e07d4ea7ba72b,synthetic-shop.local,0
20261002T161451Z-d2eb76ee,original_fast_query-79a3c540079889,original_fast_query-79a3c540079889,synthetic,original_fast_query,syn-0007,gt-6eaca0fcd066eea3926a,syn-0007-e02,html/syn-0007.html,syn-0007.html,run-none7,synthetic-shop.local,,https://synthetic-shop.local/product/optical-level-07-02,matched_gt,Нивелир оптический N-32,21940,present,Нивелир оптический N-32,21940.0,1,1,1.0,0,1.0,0.0,0.0,0.0,0.0,,matched_gt; pipeline:generic:synthetic-shop.local,1,0,0,1,0,0,1,0,0,syn-0007,construction_instruments,construction_instruments,Нивелир оптический N-32,21940,https://synthetic-shop.local/product/optical-level-07-02,0,4.8,2–6 дня,Москва,SYN-07-02,syn-0007,syn-0007-e02,html/syn-0007.html,clean,gt-6eaca0fcd066eea3926a,synthetic-shop.local,run-none7,,,,Нивелир оптический N-32,21940,https://synthetic-shop.local/product/optical-level-07-02,,syn-0007.html,present,synthetic,html/syn-0007.html,syn-0007.html,run-none7,synthetic-shop.local,D:\Pet_Codes\science\article-price-tracker\synthetic\html\syn-0007.html,https://synthetic-shop.local/search/syn-0007,https://synthetic-shop.local/search/syn-0007,,,,raw_html,,c579269483f7ea8e2e5913c682f17dd9213c078160dd246a383e07d4ea7ba72b,c579269483f7ea8e2e5913c682f17dd9213c078160dd246a383e07d4ea7ba72b,html/syn-0007.html,syn-0007,semantic_articles,html/syn-0007.html,construction_instruments,clean,5,syn-0007,https://synthetic-shop.local/search/syn-0007,c579269483f7ea8e2e5913c682f17dd9213c078160dd246a383e07d4ea7ba72b,synthetic-shop.local,0
20261002T161451Z-d2eb76ee,original_fast_query-5072fcf1abf50b,original_fast_query-5072fcf1abf50b,synthetic,original_fast_query,syn-0007,gt-41b21952426b0be5fa6d,syn-0007-e05,html/syn-0007.html,syn-0007.html,run-none7,synthetic-shop.local,,https://synthetic-shop.local/product/pyrometer-07-05,matched_gt,Пирометр инфракрасный IR-900,3538,present,Пирометр инфракрасный IR-900,3538.0,1,1,1.0,0,1.0,0.0,0.0,0.0,0.0,,matched_gt; pipeline:generic:synthetic-shop.local,1,0,0,1,0,0,1,0,0,syn-0007,construction_instruments,construction_instruments,Пирометр инфракрасный IR-900,3538,https://synthetic-shop.local/product/pyrometer-07-05,1,4.2,2–5 дня,Москва,SYN-07-05,syn-0007,syn-0007-e05,html/syn-0007.html,clean,gt-41b21952426b0be5fa6d,synthetic-shop.local,run-none7,,,,Пирометр инфракрасный IR-900,3538,https://synthetic-shop.local/product/pyrometer-07-05,,syn-0007.html,present,synthetic,html/syn-0007.html,syn-0007.html,run-none7,synthetic-shop.local,D:\Pet_Codes\science\article-price-tracker\synthetic\html\syn-0007.html,https://synthetic-shop.local/search/syn-0007,https://synthetic-shop.local/search/syn-0007,,,,raw_html,,c579269483f7ea8e2e5913c682f17dd9213c078160dd246a383e07d4ea7ba72b,c579269483f7ea8e2e5913c682f17dd9213c078160dd246a383e07d4ea7ba72b,html/syn-0007.html,syn-0007,semantic_articles,html/syn-0007.html,construction_instruments,clean,5,syn-0007,https://synthetic-shop.local/search/syn-0007,c579269483f7ea8e2e5913c682f17dd9213c078160dd246a383e07d4ea7ba72b,synthetic-shop.local,0
20261002T161451Z-d2eb76ee,original_fast_query-5971aaaf04a01c,original_fast_query-5971aaaf04a01c,synthetic,original_fast_query,syn-0007,gt-4a48f9732c83c1100e64,syn-0007-e01,html/syn-0007.html,syn-0007.html,run-none7,synthetic-shop.local,,https://synthetic-shop.local/product/thermal-camera-07-01,matched_gt,Тепловизор строительный IR-256,43500,present,Тепловизор строительный IR-256,43500.0,1,1,1.0,0,1.0,0.0,0.0,0.0,0.0,,matched_gt; pipeline:generic:synthetic-shop.local,1,0,0,1,0,0,1,0,0,syn-0007,construction_instruments,construction_instruments,Тепловизор строительный IR-256,43500,https://synthetic-shop.local/product/thermal-camera-07-01,1,4.7,1–5 дня,Москва,SYN-07-01,syn-0007,syn-0007-e01,html/syn-0007.html,clean,gt-4a48f9732c83c1100e64,synthetic-shop.local,run-none7,,,,Тепловизор строительный IR-256,43500,https://synthetic-shop.local/product/thermal-camera-07-01,,syn-0007.html,present,synthetic,html/syn-0007.html,syn-0007.html,run-none7,synthetic-shop.local,D:\Pet_Codes\science\article-price-tracker\synthetic\html\syn-0007.html,https://synthetic-shop.local/search/syn-0007,https://synthetic-shop.local/search/syn-0007,,,,raw_html,,c579269483f7ea8e2e5913c682f17dd9213c078160dd246a383e07d4ea7ba72b,c579269483f7ea8e2e5913c682f17dd9213c078160dd246a383e07d4ea7ba72b,html/syn-0007.html,syn-0007,semantic_articles,html/syn-0007.html,construction_instruments,clean,5,syn-0007,https://synthetic-shop.local/search/syn-0007,c579269483f7ea8e2e5913c682f17dd9213c078160dd246a383e07d4ea7ba72b,synthetic-shop.local,0
20261002T161451Z-d2eb76ee,original_fast_query-e11599071e9122,original_fast_query-e11599071e9122,synthetic,original_fast_query,syn-0007,gt-ce86ef7d2b7602757c1f,syn-0007-e03,html/syn-0007.html,syn-0007.html,run-none7,synthetic-shop.local,,https://synthetic-shop.local/product/wall-scanner-07-03,matched_gt,Детектор скрытой проводки WallScan 5,4590,present,Детектор скрытой проводки WallScan 5,4590.0,1,1,1.0,0,1.0,0.0,0.0,0.0,0.0,,matched_gt; pipeline:generic:synthetic-shop.local,1,0,0,1,0,0,1,0,0,syn-0007,construction_instruments,construction_instruments,Детектор скрытой проводки WallScan 5,4590,https://synthetic-shop.local/product/wall-scanner-07-03,1,4.9,3–3 дня,Москва,SYN-07-03,syn-0007,syn-0007-e03,html/syn-0007.html,clean,gt-ce86ef7d2b7602757c1f,synthetic-shop.local,run-none7,,,,Детектор скрытой проводки WallScan 5,4590,https://synthetic-shop.local/product/wall-scanner-07-03,,syn-0007.html,present,synthetic,html/syn-0007.html,syn-0007.html,run-none7,synthetic-shop.local,D:\Pet_Codes\science\article-price-tracker\synthetic\html\syn-0007.html,https://synthetic-shop.local/search/syn-0007,https://synthetic-shop.local/search/syn-0007,,,,raw_html,,c579269483f7ea8e2e5913c682f17dd9213c078160dd246a383e07d4ea7ba72b,c579269483f7ea8e2e5913c682f17dd9213c078160dd246a383e07d4ea7ba72b,html/syn-0007.html,syn-0007,semantic_articles,html/syn-0007.html,construction_instruments,clean,5,syn-0007,https://synthetic-shop.local/search/syn-0007,c579269483f7ea8e2e5913c682f17dd9213c078160dd246a383e07d4ea7ba72b,synthetic-shop.local,0
20261002T161451Z-d2eb76ee,original_fast_query-1f0eb4818f6d90,,synthetic,original_fast_query,syn-0008,gt-75fb4fd43a051e891511,syn-0008-e01,html/syn-0008.html,syn-0008.html,run-none8,synthetic-shop.local,,https://synthetic-shop.local/product/anemometer-08-01,missing_prediction,Анемометр цифровой AM-30,5401,present,,,0,0,,0,,,,,,missing_entity,missing_prediction,0,0,1,0,0,1,0,0,1,syn-0008,construction_instruments,construction_instruments,Анемометр цифровой AM-30,5401,https://synthetic-shop.local/product/anemometer-08-01,0,4.8,2–6 дня,Москва,SYN-08-01,syn-0008,syn-0008-e01,html/syn-0008.html,clean,gt-75fb4fd43a051e891511,synthetic-shop.local,run-none8,,,,Анемометр цифровой AM-30,5401,https://synthetic-shop.local/product/anemometer-08-01,,syn-0008.html,present,synthetic,html/syn-0008.html,syn-0008.html,run-none8,synthetic-shop.local,D:\Pet_Codes\science\article-price-tracker\synthetic\html\syn-0008.html,https://synthetic-shop.local/search/syn-0008,https://synthetic-shop.local/search/syn-0008,,,,raw_html,,ac570442bf23f8c22894c4eb47973dace2e0b1709c1d8c1dd7d340029bb6bdea,ac570442bf23f8c22894c4eb47973dace2e0b1709c1d8c1dd7d340029bb6bdea,html/syn-0008.html,syn-0008,data_attrs,html/syn-0008.html,construction_instruments,clean,5,syn-0008,https://synthetic-shop.local/search/syn-0008,ac570442bf23f8c22894c4eb47973dace2e0b1709c1d8c1dd7d340029bb6bdea,synthetic-shop.local,0
20261002T161451Z-d2eb76ee,original_fast_query-68f8886f3271ed,,synthetic,original_fast_query,syn-0008,gt-19e84c8d47089602ac45,syn-0008-e03,html/syn-0008.html,syn-0008.html,run-none8,synthetic-shop.local,,https://synthetic-shop.local/product/coating-gauge-08-03,missing_prediction,Толщиномер покрытий CT-1200,9053,present,,,0,0,,0,,,,,,missing_entity,missing_prediction,0,0,1,0,0,1,0,0,1,syn-0008,construction_instruments,construction_instruments,Толщиномер покрытий CT-1200,9053,https://synthetic-shop.local/product/coating-gauge-08-03,1,4.1,1–4 дня,Москва,SYN-08-03,syn-0008,syn-0008-e03,html/syn-0008.html,clean,gt-19e84c8d47089602ac45,synthetic-shop.local,run-none8,,,,Толщиномер покрытий CT-1200,9053,https://synthetic-shop.local/product/coating-gauge-08-03,,syn-0008.html,present,synthetic,html/syn-0008.html,syn-0008.html,run-none8,synthetic-shop.local,D:\Pet_Codes\science\article-price-tracker\synthetic\html\syn-0008.html,https://synthetic-shop.local/search/syn-0008,https://synthetic-shop.local/search/syn-0008,,,,raw_html,,ac570442bf23f8c22894c4eb47973dace2e0b1709c1d8c1dd7d340029bb6bdea,ac570442bf23f8c22894c4eb47973dace2e0b1709c1d8c1dd7d340029bb6bdea,html/syn-0008.html,syn-0008,data_attrs,html/syn-0008.html,construction_instruments,clean,5,syn-0008,https://synthetic-shop.local/search/syn-0008,ac570442bf23f8c22894c4eb47973dace2e0b1709c1d8c1dd7d340029bb6bdea,synthetic-shop.local,0
20261002T161451Z-d2eb76ee,original_fast_query-cc57beb9ca0c76,,synthetic,original_fast_query,syn-0008,gt-8ee380a2f1c9410d1299,syn-0008-e04,html/syn-0008.html,syn-0008.html,run-none8,synthetic-shop.local,,https://synthetic-shop.local/product/megohmmeter-08-04,missing_prediction,Мегаомметр цифровой MI-1000,16214,present,,,0,0,,0,,,,,,missing_entity,missing_prediction,0,0,1,0,0,1,0,0,1,syn-0008,construction_instruments,construction_instruments,Мегаомметр цифровой MI-1000,16214,https://synthetic-shop.local/product/megohmmeter-08-04,1,4.2,2–5 дня,Москва,SYN-08-04,syn-0008,syn-0008-e04,html/syn-0008.html,clean,gt-8ee380a2f1c9410d1299,synthetic-shop.local,run-none8,,,,Мегаомметр цифровой MI-1000,16214,https://synthetic-shop.local/product/megohmmeter-08-04,,syn-0008.html,present,synthetic,html/syn-0008.html,syn-0008.html,run-none8,synthetic-shop.local,D:\Pet_Codes\science\article-price-tracker\synthetic\html\syn-0008.html,https://synthetic-shop.local/search/syn-0008,https://synthetic-shop.local/search/syn-0008,,,,raw_html,,ac570442bf23f8c22894c4eb47973dace2e0b1709c1d8c1dd7d340029bb6bdea,ac570442bf23f8c22894c4eb47973dace2e0b1709c1d8c1dd7d340029bb6bdea,html/syn-0008.html,syn-0008,data_attrs,html/syn-0008.html,construction_instruments,clean,5,syn-0008,https://synthetic-shop.local/search/syn-0008,ac570442bf23f8c22894c4eb47973dace2e0b1709c1d8c1dd7d340029bb6bdea,synthetic-shop.local,0
20261002T161451Z-d2eb76ee,original_fast_query-eb36d417575367,,synthetic,original_fast_query,syn-0008,gt-28467db6ff8747309e9e,syn-0008-e02,html/syn-0008.html,syn-0008.html,run-none8,synthetic-shop.local,,https://synthetic-shop.local/product/pyrometer-08-02,missing_prediction,Пирометр инфракрасный IR-900,3490,present,,,0,0,,0,,,,,,missing_entity,missing_prediction,0,0,1,0,0,1,0,0,1,syn-0008,construction_instruments,construction_instruments,Пирометр инфракрасный IR-900,3490,https://synthetic-shop.local/product/pyrometer-08-02,1,4.9,3–3 дня,Москва,SYN-08-02,syn-0008,syn-0008-e02,html/syn-0008.html,clean,gt-28467db6ff8747309e9e,synthetic-shop.local,run-none8,,,,Пирометр инфракрасный IR-900,3490,https://synthetic-shop.local/product/pyrometer-08-02,,syn-0008.html,present,synthetic,html/syn-0008.html,syn-0008.html,run-none8,synthetic-shop.local,D:\Pet_Codes\science\article-price-tracker\synthetic\html\syn-0008.html,https://synthetic-shop.local/search/syn-0008,https://synthetic-shop.local/search/syn-0008,,,,raw_html,,ac570442bf23f8c22894c4eb47973dace2e0b1709c1d8c1dd7d340029bb6bdea,ac570442bf23f8c22894c4eb47973dace2e0b1709c1d8c1dd7d340029bb6bdea,html/syn-0008.html,syn-0008,data_attrs,html/syn-0008.html,construction_instruments,clean,5,syn-0008,https://synthetic-shop.local/search/syn-0008,ac570442bf23f8c22894c4eb47973dace2e0b1709c1d8c1dd7d340029bb6bdea,synthetic-shop.local,0
20261002T161451Z-d2eb76ee,original_fast_query-68bdd4f737ec84,,synthetic,original_fast_query,syn-0008,gt-05ecc785392f4d300cfa,syn-0008-e05,html/syn-0008.html,syn-0008.html,run-none8,synthetic-shop.local,,https://synthetic-shop.local/product/socket-tester-08-05,missing_prediction,Тестер розеток и УЗО ST-8,1829,present,,,0,0,,0,,,,,,missing_entity,missing_prediction,0,0,1,0,0,1,0,0,1,syn-0008,construction_instruments,construction_instruments,Тестер розеток и УЗО ST-8,1829,https://synthetic-shop.local/product/socket-tester-08-05,1,4.3,3–6 дня,Москва,SYN-08-05,syn-0008,syn-0008-e05,html/syn-0008.html,clean,gt-05ecc785392f4d300cfa,synthetic-shop.local,run-none8,,,,Тестер розеток и УЗО ST-8,1829,https://synthetic-shop.local/product/socket-tester-08-05,,syn-0008.html,present,synthetic,html/syn-0008.html,syn-0008.html,run-none8,synthetic-shop.local,D:\Pet_Codes\science\article-price-tracker\synthetic\html\syn-0008.html,https://synthetic-shop.local/search/syn-0008,https://synthetic-shop.local/search/syn-0008,,,,raw_html,,ac570442bf23f8c22894c4eb47973dace2e0b1709c1d8c1dd7d340029bb6bdea,ac570442bf23f8c22894c4eb47973dace2e0b1709c1d8c1dd7d340029bb6bdea,html/syn-0008.html,syn-0008,data_attrs,html/syn-0008.html,construction_instruments,clean,5,syn-0008,https://synthetic-shop.local/search/syn-0008,ac570442bf23f8c22894c4eb47973dace2e0b1709c1d8c1dd7d340029bb6bdea,synthetic-shop.local,0
20261002T161451Z-d2eb76ee,original_fast_query-8f63fa5d85c2e2,,synthetic,original_fast_query,syn-0009,gt-2ef335245296822fb66e,syn-0009-e05,html/syn-0009.html,syn-0009.html,run-none9,synthetic-shop.local,,https://synthetic-shop.local/product/clamp-meter-09-05,missing_prediction,Клещи токовые CM-600,6490,present,,,0,0,,0,,,,,,missing_entity,missing_prediction,0,0,1,0,0,1,0,0,1,syn-0009,construction_instruments,construction_instruments,Клещи токовые CM-600,6490,https://synthetic-shop.local/product/clamp-meter-09-05,1,4.4,1–3 дня,Москва,SYN-09-05,syn-0009,syn-0009-e05,html/syn-0009.html,clean,gt-2ef335245296822fb66e,synthetic-shop.local,run-none9,,,,Клещи токовые CM-600,6490,https://synthetic-shop.local/product/clamp-meter-09-05,,syn-0009.html,present,synthetic,html/syn-0009.html,syn-0009.html,run-none9,synthetic-shop.local,D:\Pet_Codes\science\article-price-tracker\synthetic\html\syn-0009.html,https://synthetic-shop.local/search/syn-0009,https://synthetic-shop.local/search/syn-0009,,,,raw_html,,cd74ad50c209da1e63b8cf432203de06e9f766c9925f9cb93ba74aac26309e91,cd74ad50c209da1e63b8cf432203de06e9f766c9925f9cb93ba74aac26309e91,html/syn-0009.html,syn-0009,nested_cards,html/syn-0009.html,construction_instruments,clean,5,syn-0009,https://synthetic-shop.local/search/syn-0009,cd74ad50c209da1e63b8cf432203de06e9f766c9925f9cb93ba74aac26309e91,synthetic-shop.local,0
20261002T161451Z-d2eb76ee,original_fast_query-72dc6728005897,,synthetic,original_fast_query,syn-0009,gt-1b50a95d7f7b576b4e17,syn-0009-e03,html/syn-0009.html,syn-0009.html,run-none9,synthetic-shop.local,,https://synthetic-shop.local/product/luxmeter-09-03,missing_prediction,Люксметр LX-1010,3032,present,,,0,0,,0,,,,,,missing_entity,missing_prediction,0,0,1,0,0,1,0,0,1,syn-0009,construction_instruments,construction_instruments,Люксметр LX-1010,3032,https://synthetic-shop.local/product/luxmeter-09-03,1,4.2,2–5 дня,Москва,SYN-09-03,syn-0009,syn-0009-e03,html/syn-0009.html,clean,gt-1b50a95d7f7b576b4e17,synthetic-shop.local,run-none9,,,,Люксметр LX-1010,3032,https://synthetic-shop.local/product/luxmeter-09-03,,syn-0009.html,present,synthetic,html/syn-0009.html,syn-0009.html,run-none9,synthetic-shop.local,D:\Pet_Codes\science\article-price-tracker\synthetic\html\syn-0009.html,https://synthetic-shop.local/search/syn-0009,https://synthetic-shop.local/search/syn-0009,,,,raw_html,,cd74ad50c209da1e63b8cf432203de06e9f766c9925f9cb93ba74aac26309e91,cd74ad50c209da1e63b8cf432203de06e9f766c9925f9cb93ba74aac26309e91,html/syn-0009.html,syn-0009,nested_cards,html/syn-0009.html,construction_instruments,clean,5,syn-0009,https://synthetic-shop.local/search/syn-0009,cd74ad50c209da1e63b8cf432203de06e9f766c9925f9cb93ba74aac26309e91,synthetic-shop.local,0
20261002T161451Z-d2eb76ee,original_fast_query-3860fc908df306,,synthetic,original_fast_query,syn-0009,gt-ed74bbae1dfaf7eea157,syn-0009-e01,html/syn-0009.html,syn-0009.html,run-none9,synthetic-shop.local,,https://synthetic-shop.local/product/megohmmeter-09-01,missing_prediction,Мегаомметр цифровой MI-1000,15990,present,,,0,0,,0,,,,,,missing_entity,missing_prediction,0,0,1,0,0,1,0,0,1,syn-0009,construction_instruments,construction_instruments,Мегаомметр цифровой MI-1000,15990,https://synthetic-shop.local/product/megohmmeter-09-01,1,4.9,3–3 дня,Москва,SYN-09-01,syn-0009,syn-0009-e01,html/syn-0009.html,clean,gt-ed74bbae1dfaf7eea157,synthetic-shop.local,run-none9,,,,Мегаомметр цифровой MI-1000,15990,https://synthetic-shop.local/product/megohmmeter-09-01,,syn-0009.html,present,synthetic,html/syn-0009.html,syn-0009.html,run-none9,synthetic-shop.local,D:\Pet_Codes\science\article-price-tracker\synthetic\html\syn-0009.html,https://synthetic-shop.local/search/syn-0009,https://synthetic-shop.local/search/syn-0009,,,,raw_html,,cd74ad50c209da1e63b8cf432203de06e9f766c9925f9cb93ba74aac26309e91,cd74ad50c209da1e63b8cf432203de06e9f766c9925f9cb93ba74aac26309e91,html/syn-0009.html,syn-0009,nested_cards,html/syn-0009.html,construction_instruments,clean,5,syn-0009,https://synthetic-shop.local/search/syn-0009,cd74ad50c209da1e63b8cf432203de06e9f766c9925f9cb93ba74aac26309e91,synthetic-shop.local,0
20261002T161451Z-d2eb76ee,original_fast_query-c57b077f1595a6,,synthetic,original_fast_query,syn-0009,gt-cb1d4661eff41c20b9c2,syn-0009-e04,html/syn-0009.html,syn-0009.html,run-none9,synthetic-shop.local,,https://synthetic-shop.local/product/moisture-meter-09-04,missing_prediction,Влагомер древесины WM-2,3256,present,,,0,0,,0,,,,,,missing_entity,missing_prediction,0,0,1,0,0,1,0,0,1,syn-0009,construction_instruments,construction_instruments,Влагомер древесины WM-2,3256,https://synthetic-shop.local/product/moisture-meter-09-04,1,4.3,3–6 дня,Москва,SYN-09-04,syn-0009,syn-0009-e04,html/syn-0009.html,clean,gt-cb1d4661eff41c20b9c2,synthetic-shop.local,run-none9,,,,Влагомер древесины WM-2,3256,https://synthetic-shop.local/product/moisture-meter-09-04,,syn-0009.html,present,synthetic,html/syn-0009.html,syn-0009.html,run-none9,synthetic-shop.local,D:\Pet_Codes\science\article-price-tracker\synthetic\html\syn-0009.html,https://synthetic-shop.local/search/syn-0009,https://synthetic-shop.local/search/syn-0009,,,,raw_html,,cd74ad50c209da1e63b8cf432203de06e9f766c9925f9cb93ba74aac26309e91,cd74ad50c209da1e63b8cf432203de06e9f766c9925f9cb93ba74aac26309e91,html/syn-0009.html,syn-0009,nested_cards,html/syn-0009.html,construction_instruments,clean,5,syn-0009,https://synthetic-shop.local/search/syn-0009,cd74ad50c209da1e63b8cf432203de06e9f766c9925f9cb93ba74aac26309e91,synthetic-shop.local,0
20261002T161451Z-d2eb76ee,original_fast_query-26593973bb2aec,,synthetic,original_fast_query,syn-0009,gt-f5bb448ae53b5862fb8a,syn-0009-e02,html/syn-0009.html,syn-0009.html,run-none9,synthetic-shop.local,,https://synthetic-shop.local/product/socket-tester-09-02,missing_prediction,Тестер розеток и УЗО ST-8,1803,present,,,0,0,,0,,,,,,missing_entity,missing_prediction,0,0,1,0,0,1,0,0,1,syn-0009,construction_instruments,construction_instruments,Тестер розеток и УЗО ST-8,1803,https://synthetic-shop.local/product/socket-tester-09-02,1,4.1,1–4 дня,Москва,SYN-09-02,syn-0009,syn-0009-e02,html/syn-0009.html,clean,gt-f5bb448ae53b5862fb8a,synthetic-shop.local,run-none9,,,,Тестер розеток и УЗО ST-8,1803,https://synthetic-shop.local/product/socket-tester-09-02,,syn-0009.html,present,synthetic,html/syn-0009.html,syn-0009.html,run-none9,synthetic-shop.local,D:\Pet_Codes\science\article-price-tracker\synthetic\html\syn-0009.html,https://synthetic-shop.local/search/syn-0009,https://synthetic-shop.local/search/syn-0009,,,,raw_html,,cd74ad50c209da1e63b8cf432203de06e9f766c9925f9cb93ba74aac26309e91,cd74ad50c209da1e63b8cf432203de06e9f766c9925f9cb93ba74aac26309e91,html/syn-0009.html,syn-0009,nested_cards,html/syn-0009.html,construction_instruments,clean,5,syn-0009,https://synthetic-shop.local/search/syn-0009,cd74ad50c209da1e63b8cf432203de06e9f766c9925f9cb93ba74aac26309e91,synthetic-shop.local,0
20261002T161451Z-d2eb76ee,original_fast_query-82875ea7b8a3fa,original_fast_query-82875ea7b8a3fa,synthetic,original_fast_query,syn-0010,gt-8e1523ab306d42bcc240,syn-0010-e03,html/syn-0010.html,syn-0010.html,run-none10,synthetic-shop.local,,https://synthetic-shop.local/product/angle-meter-10-03,matched_gt,Угломер электронный AG-360,3871,present,Угломер электронный AG-360,3871.0,1,1,1.0,0,1.0,0.0,0.0,0.0,0.0,,matched_gt; pipeline:generic:synthetic-shop.local,1,0,0,1,0,0,1,0,0,syn-0010,construction_instruments,construction_instruments,Угломер электронный AG-360,3871,https://synthetic-shop.local/product/angle-meter-10-03,1,4.3,3–6 дня,Москва,SYN-10-03,syn-0010,syn-0010-e03,html/syn-0010.html,clean,gt-8e1523ab306d42bcc240,synthetic-shop.local,run-none10,,,,Угломер электронный AG-360,3871,https://synthetic-shop.local/product/angle-meter-10-03,,syn-0010.html,present,synthetic,html/syn-0010.html,syn-0010.html,run-none10,synthetic-shop.local,D:\Pet_Codes\science\article-price-tracker\synthetic\html\syn-0010.html,https://synthetic-shop.local/search/syn-0010,https://synthetic-shop.local/search/syn-0010,,,,raw_html,,e2a3a0c3d6c9bead5145b76ea6ce4095449e6dfd6bd96c194343235353ba1162,e2a3a0c3d6c9bead5145b76ea6ce4095449e6dfd6bd96c194343235353ba1162,html/syn-0010.html,syn-0010,mixed_markup,html/syn-0010.html,construction_instruments,clean,5,syn-0010,https://synthetic-shop.local/search/syn-0010,e2a3a0c3d6c9bead5145b76ea6ce4095449e6dfd6bd96c194343235353ba1162,synthetic-shop.local,0
20261002T161451Z-d2eb76ee,original_fast_query-eb1a5422689ba1,original_fast_query-eb1a5422689ba1,synthetic,original_fast_query,syn-0010,gt-d094d2e6d58743d842ea,syn-0010-e02,html/syn-0010.html,syn-0010.html,run-none10,synthetic-shop.local,,https://synthetic-shop.local/product/clamp-meter-10-02,matched_gt,Клещи токовые CM-600,6580,present,Клещи токовые CM-600,6580.0,1,1,1.0,0,1.0,0.0,0.0,0.0,0.0,,matched_gt; pipeline:generic:synthetic-shop.local,1,0,0,1,0,0,1,0,0,syn-0010,construction_instruments,construction_instruments,Клещи токовые CM-600,6580,https://synthetic-shop.local/product/clamp-meter-10-02,1,4.2,2–5 дня,Москва,SYN-10-02,syn-0010,syn-0010-e02,html/syn-0010.html,clean,gt-d094d2e6d58743d842ea,synthetic-shop.local,run-none10,,,,Клещи токовые CM-600,6580,https://synthetic-shop.local/product/clamp-meter-10-02,,syn-0010.html,present,synthetic,html/syn-0010.html,syn-0010.html,run-none10,synthetic-shop.local,D:\Pet_Codes\science\article-price-tracker\synthetic\html\syn-0010.html,https://synthetic-shop.local/search/syn-0010,https://synthetic-shop.local/search/syn-0010,,,,raw_html,,e2a3a0c3d6c9bead5145b76ea6ce4095449e6dfd6bd96c194343235353ba1162,e2a3a0c3d6c9bead5145b76ea6ce4095449e6dfd6bd96c194343235353ba1162,html/syn-0010.html,syn-0010,mixed_markup,html/syn-0010.html,construction_instruments,clean,5,syn-0010,https://synthetic-shop.local/search/syn-0010,e2a3a0c3d6c9bead5145b76ea6ce4095449e6dfd6bd96c194343235353ba1162,synthetic-shop.local,0
20261002T161451Z-d2eb76ee,original_fast_query-60e0c139f8cd26,original_fast_query-60e0c139f8cd26,synthetic,original_fast_query,syn-0010,gt-5b99b2e8723bc339a288,syn-0010-e04,html/syn-0010.html,syn-0010.html,run-none10,synthetic-shop.local,,https://synthetic-shop.local/product/laser-level-10-04,matched_gt,Лазерный уровень ЛУ-360 Pro,12990,present,Лазерный уровень ЛУ-360 Pro,12990.0,1,1,1.0,0,1.0,0.0,0.0,0.0,0.0,,matched_gt; pipeline:generic:synthetic-shop.local,1,0,0,1,0,0,1,0,0,syn-0010,construction_instruments,construction_instruments,Лазерный уровень ЛУ-360 Pro,12990,https://synthetic-shop.local/product/laser-level-10-04,1,4.4,1–3 дня,Москва,SYN-10-04,syn-0010,syn-0010-e04,html/syn-0010.html,clean,gt-5b99b2e8723bc339a288,synthetic-shop.local,run-none10,,,,Лазерный уровень ЛУ-360 Pro,12990,https://synthetic-shop.local/product/laser-level-10-04,,syn-0010.html,present,synthetic,html/syn-0010.html,syn-0010.html,run-none10,synthetic-shop.local,D:\Pet_Codes\science\article-price-tracker\synthetic\html\syn-0010.html,https://synthetic-shop.local/search/syn-0010,https://synthetic-shop.local/search/syn-0010,,,,raw_html,,e2a3a0c3d6c9bead5145b76ea6ce4095449e6dfd6bd96c194343235353ba1162,e2a3a0c3d6c9bead5145b76ea6ce4095449e6dfd6bd96c194343235353ba1162,html/syn-0010.html,syn-0010,mixed_markup,html/syn-0010.html,construction_instruments,clean,5,syn-0010,https://synthetic-shop.local/search/syn-0010,e2a3a0c3d6c9bead5145b76ea6ce4095449e6dfd6bd96c194343235353ba1162,synthetic-shop.local,0
20261002T161451Z-d2eb76ee,original_fast_query-fcef1d37fcd70e,original_fast_query-fcef1d37fcd70e,synthetic,original_fast_query,syn-0010,gt-7ef331e977b61403ef7f,syn-0010-e05,html/syn-0010.html,syn-0010.html,run-none10,synthetic-shop.local,,https://synthetic-shop.local/product/laser-rangefinder-10-05,matched_gt,Дальномер лазерный DM-80,7039,present,Дальномер лазерный DM-80,7039.0,1,1,1.0,0,1.0,0.0,0.0,0.0,0.0,,matched_gt; pipeline:generic:synthetic-shop.local,1,0,0,1,0,0,1,0,0,syn-0010,construction_instruments,construction_instruments,Дальномер лазерный DM-80,7039,https://synthetic-shop.local/product/laser-rangefinder-10-05,1,4.5,2–4 дня,Москва,SYN-10-05,syn-0010,syn-0010-e05,html/syn-0010.html,clean,gt-7ef331e977b61403ef7f,synthetic-shop.local,run-none10,,,,Дальномер лазерный DM-80,7039,https://synthetic-shop.local/product/laser-rangefinder-10-05,,syn-0010.html,present,synthetic,html/syn-0010.html,syn-0010.html,run-none10,synthetic-shop.local,D:\Pet_Codes\science\article-price-tracker\synthetic\html\syn-0010.html,https://synthetic-shop.local/search/syn-0010,https://synthetic-shop.local/search/syn-0010,,,,raw_html,,e2a3a0c3d6c9bead5145b76ea6ce4095449e6dfd6bd96c194343235353ba1162,e2a3a0c3d6c9bead5145b76ea6ce4095449e6dfd6bd96c194343235353ba1162,html/syn-0010.html,syn-0010,mixed_markup,html/syn-0010.html,construction_instruments,clean,5,syn-0010,https://synthetic-shop.local/search/syn-0010,e2a3a0c3d6c9bead5145b76ea6ce4095449e6dfd6bd96c194343235353ba1162,synthetic-shop.local,0
20261002T161451Z-d2eb76ee,original_fast_query-48829318682361,original_fast_query-48829318682361,synthetic,original_fast_query,syn-0010,gt-d10add0c2bcb05ec1cfb,syn-0010-e01,html/syn-0010.html,syn-0010.html,run-none10,synthetic-shop.local,,https://synthetic-shop.local/product/moisture-meter-10-01,matched_gt,Влагомер древесины WM-2,3212,present,Влагомер древесины WM-2,3212.0,1,1,1.0,0,1.0,0.0,0.0,0.0,0.0,,matched_gt; pipeline:generic:synthetic-shop.local,1,0,0,1,0,0,1,0,0,syn-0010,construction_instruments,construction_instruments,Влагомер древесины WM-2,3212,https://synthetic-shop.local/product/moisture-meter-10-01,1,4.1,1–4 дня,Москва,SYN-10-01,syn-0010,syn-0010-e01,html/syn-0010.html,clean,gt-d10add0c2bcb05ec1cfb,synthetic-shop.local,run-none10,,,,Влагомер древесины WM-2,3212,https://synthetic-shop.local/product/moisture-meter-10-01,,syn-0010.html,present,synthetic,html/syn-0010.html,syn-0010.html,run-none10,synthetic-shop.local,D:\Pet_Codes\science\article-price-tracker\synthetic\html\syn-0010.html,https://synthetic-shop.local/search/syn-0010,https://synthetic-shop.local/search/syn-0010,,,,raw_html,,e2a3a0c3d6c9bead5145b76ea6ce4095449e6dfd6bd96c194343235353ba1162,e2a3a0c3d6c9bead5145b76ea6ce4095449e6dfd6bd96c194343235353ba1162,html/syn-0010.html,syn-0010,mixed_markup,html/syn-0010.html,construction_instruments,clean,5,syn-0010,https://synthetic-shop.local/search/syn-0010,e2a3a0c3d6c9bead5145b76ea6ce4095449e6dfd6bd96c194343235353ba1162,synthetic-shop.local,0
20261002T161451Z-d2eb76ee,original_fast_query-07e904ce38f604,original_fast_query-07e904ce38f604,synthetic,original_fast_query,syn-0011,gt-09676a3a35db09422fca,syn-0011-e01,html/syn-0011.html,syn-0011.html,run-none11,synthetic-shop.local,,https://synthetic-shop.local/product/a4-paper-11-01,matched_gt,Бумага офисная A4 80 г/м² 500 листов,599,present,Бумага офисная A4 80 г/м² 500 листов,599.0,1,1,1.0,0,1.0,0.0,0.0,0.0,0.0,,matched_gt; pipeline:generic:synthetic-shop.local,1,0,0,1,0,0,1,0,0,syn-0011,stationery,stationery,Бумага офисная A4 80 г/м² 500 листов,599,https://synthetic-shop.local/product/a4-paper-11-01,1,4.2,2–5 дня,Москва,SYN-11-01,syn-0011,syn-0011-e01,html/syn-0011.html,clean,gt-09676a3a35db09422fca,synthetic-shop.local,run-none11,,,,Бумага офисная A4 80 г/м² 500 листов,599,https://synthetic-shop.local/product/a4-paper-11-01,,syn-0011.html,present,synthetic,html/syn-0011.html,syn-0011.html,run-none11,synthetic-shop.local,D:\Pet_Codes\science\article-price-tracker\synthetic\html\syn-0011.html,https://synthetic-shop.local/search/syn-0011,https://synthetic-shop.local/search/syn-0011,,,,raw_html,,1b101a835ea51eca17f4e257e6a05e12147cd02760fd0a9579ca18fdacf5fd67,1b101a835ea51eca17f4e257e6a05e12147cd02760fd0a9579ca18fdacf5fd67,html/syn-0011.html,syn-0011,jsonld_cards,html/syn-0011.html,stationery,clean,5,syn-0011,https://synthetic-shop.local/search/syn-0011,1b101a835ea51eca17f4e257e6a05e12147cd02760fd0a9579ca18fdacf5fd67,synthetic-shop.local,0
20261002T161451Z-d2eb76ee,original_fast_query-bf07499a171bd2,original_fast_query-bf07499a171bd2,synthetic,original_fast_query,syn-0011,gt-d1a56fd59e76893d9aa8,syn-0011-e04,html/syn-0011.html,syn-0011.html,run-none11,synthetic-shop.local,,https://synthetic-shop.local/product/gel-pen-11-04,matched_gt,Ручка гелевая синяя 0.5 мм,89,present,Ручка гелевая синяя 0.5 мм,89.0,1,1,1.0,0,1.0,0.0,0.0,0.0,0.0,,matched_gt; pipeline:generic:synthetic-shop.local,1,0,0,1,0,0,1,0,0,syn-0011,stationery,stationery,Ручка гелевая синяя 0.5 мм,89,https://synthetic-shop.local/product/gel-pen-11-04,1,4.5,2–4 дня,Москва,SYN-11-04,syn-0011,syn-0011-e04,html/syn-0011.html,clean,gt-d1a56fd59e76893d9aa8,synthetic-shop.local,run-none11,,,,Ручка гелевая синяя 0.5 мм,89,https://synthetic-shop.local/product/gel-pen-11-04,,syn-0011.html,present,synthetic,html/syn-0011.html,syn-0011.html,run-none11,synthetic-shop.local,D:\Pet_Codes\science\article-price-tracker\synthetic\html\syn-0011.html,https://synthetic-shop.local/search/syn-0011,https://synthetic-shop.local/search/syn-0011,,,,raw_html,,1b101a835ea51eca17f4e257e6a05e12147cd02760fd0a9579ca18fdacf5fd67,1b101a835ea51eca17f4e257e6a05e12147cd02760fd0a9579ca18fdacf5fd67,html/syn-0011.html,syn-0011,jsonld_cards,html/syn-0011.html,stationery,clean,5,syn-0011,https://synthetic-shop.local/search/syn-0011,1b101a835ea51eca17f4e257e6a05e12147cd02760fd0a9579ca18fdacf5fd67,synthetic-shop.local,0
20261002T161451Z-d2eb76ee,original_fast_query-8d63835fcbbfa1,original_fast_query-8d63835fcbbfa1,synthetic,original_fast_query,syn-0011,gt-e3f4f587c292a773a7ff,syn-0011-e02,html/syn-0011.html,syn-0011.html,run-none11,synthetic-shop.local,,https://synthetic-shop.local/product/lever-arch-11-02,matched_gt,Папка-регистратор 75 мм синяя,379,present,Папка-регистратор 75 мм синяя,379.0,1,1,1.0,0,1.0,0.0,0.0,0.0,0.0,,matched_gt; pipeline:generic:synthetic-shop.local,1,0,0,1,0,0,1,0,0,syn-0011,stationery,stationery,Папка-регистратор 75 мм синяя,379,https://synthetic-shop.local/product/lever-arch-11-02,1,4.3,3–6 дня,Москва,SYN-11-02,syn-0011,syn-0011-e02,html/syn-0011.html,clean,gt-e3f4f587c292a773a7ff,synthetic-shop.local,run-none11,,,,Папка-регистратор 75 мм синяя,379,https://synthetic-shop.local/product/lever-arch-11-02,,syn-0011.html,present,synthetic,html/syn-0011.html,syn-0011.html,run-none11,synthetic-shop.local,D:\Pet_Codes\science\article-price-tracker\synthetic\html\syn-0011.html,https://synthetic-shop.local/search/syn-0011,https://synthetic-shop.local/search/syn-0011,,,,raw_html,,1b101a835ea51eca17f4e257e6a05e12147cd02760fd0a9579ca18fdacf5fd67,1b101a835ea51eca17f4e257e6a05e12147cd02760fd0a9579ca18fdacf5fd67,html/syn-0011.html,syn-0011,jsonld_cards,html/syn-0011.html,stationery,clean,5,syn-0011,https://synthetic-shop.local/search/syn-0011,1b101a835ea51eca17f4e257e6a05e12147cd02760fd0a9579ca18fdacf5fd67,synthetic-shop.local,0
20261002T161451Z-d2eb76ee,original_fast_query-70e00cade843d2,original_fast_query-70e00cade843d2,synthetic,original_fast_query,syn-0011,gt-e8f28f40d6e4ba0014f2,syn-0011-e03,html/syn-0011.html,syn-0011.html,run-none11,synthetic-shop.local,,https://synthetic-shop.local/product/permanent-marker-11-03,matched_gt,Маркер перманентный чёрный 2 мм,89,present,Маркер перманентный чёрный 2 мм,89.0,1,1,1.0,0,1.0,0.0,0.0,0.0,0.0,,matched_gt; pipeline:generic:synthetic-shop.local,1,0,0,1,0,0,1,0,0,syn-0011,stationery,stationery,Маркер перманентный чёрный 2 мм,89,https://synthetic-shop.local/product/permanent-marker-11-03,1,4.4,1–3 дня,Москва,SYN-11-03,syn-0011,syn-0011-e03,html/syn-0011.html,clean,gt-e8f28f40d6e4ba0014f2,synthetic-shop.local,run-none11,,,,Маркер перманентный чёрный 2 мм,89,https://synthetic-shop.local/product/permanent-marker-11-03,,syn-0011.html,present,synthetic,html/syn-0011.html,syn-0011.html,run-none11,synthetic-shop.local,D:\Pet_Codes\science\article-price-tracker\synthetic\html\syn-0011.html,https://synthetic-shop.local/search/syn-0011,https://synthetic-shop.local/search/syn-0011,,,,raw_html,,1b101a835ea51eca17f4e257e6a05e12147cd02760fd0a9579ca18fdacf5fd67,1b101a835ea51eca17f4e257e6a05e12147cd02760fd0a9579ca18fdacf5fd67,html/syn-0011.html,syn-0011,jsonld_cards,html/syn-0011.html,stationery,clean,5,syn-0011,https://synthetic-shop.local/search/syn-0011,1b101a835ea51eca17f4e257e6a05e12147cd02760fd0a9579ca18fdacf5fd67,synthetic-shop.local,0
20261002T161451Z-d2eb76ee,original_fast_query-0e340891dbf75f,original_fast_query-0e340891dbf75f,synthetic,original_fast_query,syn-0011,gt-c3d7affe301892c94c6d,syn-0011-e05,html/syn-0011.html,syn-0011.html,run-none11,synthetic-shop.local,,https://synthetic-shop.local/product/staples-11-05,matched_gt,Скобы для степлера №24/6 1000 шт,139,present,Скобы для степлера №24/6 1000 шт,139.0,1,1,1.0,0,1.0,0.0,0.0,0.0,0.0,,matched_gt; pipeline:generic:synthetic-shop.local,1,0,0,1,0,0,1,0,0,syn-0011,stationery,stationery,Скобы для степлера №24/6 1000 шт,139,https://synthetic-shop.local/product/staples-11-05,0,4.6,3–5 дня,Москва,SYN-11-05,syn-0011,syn-0011-e05,html/syn-0011.html,clean,gt-c3d7affe301892c94c6d,synthetic-shop.local,run-none11,,,,Скобы для степлера №24/6 1000 шт,139,https://synthetic-shop.local/product/staples-11-05,,syn-0011.html,present,synthetic,html/syn-0011.html,syn-0011.html,run-none11,synthetic-shop.local,D:\Pet_Codes\science\article-price-tracker\synthetic\html\syn-0011.html,https://synthetic-shop.local/search/syn-0011,https://synthetic-shop.local/search/syn-0011,,,,raw_html,,1b101a835ea51eca17f4e257e6a05e12147cd02760fd0a9579ca18fdacf5fd67,1b101a835ea51eca17f4e257e6a05e12147cd02760fd0a9579ca18fdacf5fd67,html/syn-0011.html,syn-0011,jsonld_cards,html/syn-0011.html,stationery,clean,5,syn-0011,https://synthetic-shop.local/search/syn-0011,1b101a835ea51eca17f4e257e6a05e12147cd02760fd0a9579ca18fdacf5fd67,synthetic-shop.local,0
20261002T161451Z-d2eb76ee,original_fast_query-80baffadabdf09,original_fast_query-80baffadabdf09,synthetic,original_fast_query,syn-0012,gt-d188550af0f4fed7551c,syn-0012-e01,html/syn-0012.html,syn-0012.html,run-none12,synthetic-shop.local,,https://synthetic-shop.local/product/gel-pen-12-01,matched_gt,Ручка гелевая синяя 0.5 мм,109,present,Ручка гелевая синяя 0.5 мм,109.0,1,1,1.0,0,1.0,0.0,0.0,0.0,0.0,,matched_gt; pipeline:generic:synthetic-shop.local,1,0,0,1,0,0,1,0,0,syn-0012,stationery,stationery,Ручка гелевая синяя 0.5 мм,109,https://synthetic-shop.local/product/gel-pen-12-01,1,4.3,3–6 дня,Москва,SYN-12-01,syn-0012,syn-0012-e01,html/syn-0012.html,clean,gt-d188550af0f4fed7551c,synthetic-shop.local,run-none12,,,,Ручка гелевая синяя 0.5 мм,109,https://synthetic-shop.local/product/gel-pen-12-01,,syn-0012.html,present,synthetic,html/syn-0012.html,syn-0012.html,run-none12,synthetic-shop.local,D:\Pet_Codes\science\article-price-tracker\synthetic\html\syn-0012.html,https://synthetic-shop.local/search/syn-0012,https://synthetic-shop.local/search/syn-0012,,,,raw_html,,c2120581712d9404a9be023519eaad2b6e9c389d10004d4550b7e97ae92bdf8d,c2120581712d9404a9be023519eaad2b6e9c389d10004d4550b7e97ae92bdf8d,html/syn-0012.html,syn-0012,microdata_cards,html/syn-0012.html,stationery,clean,5,syn-0012,https://synthetic-shop.local/search/syn-0012,c2120581712d9404a9be023519eaad2b6e9c389d10004d4550b7e97ae92bdf8d,synthetic-shop.local,0
20261002T161451Z-d2eb76ee,original_fast_query-b382fa6e16be57,original_fast_query-b382fa6e16be57,synthetic,original_fast_query,syn-0012,gt-575315a0d1012db7b2b8,syn-0012-e05,html/syn-0012.html,syn-0012.html,run-none12,synthetic-shop.local,,https://synthetic-shop.local/product/glue-stick-12-05,matched_gt,Клей-карандаш 21 г,169,present,Клей-карандаш 21 г,169.0,1,1,1.0,0,1.0,0.0,0.0,0.0,0.0,,matched_gt; pipeline:generic:synthetic-shop.local,1,0,0,1,0,0,1,0,0,syn-0012,stationery,stationery,Клей-карандаш 21 г,169,https://synthetic-shop.local/product/glue-stick-12-05,1,4.7,1–6 дня,Москва,SYN-12-05,syn-0012,syn-0012-e05,html/syn-0012.html,clean,gt-575315a0d1012db7b2b8,synthetic-shop.local,run-none12,,,,Клей-карандаш 21 г,169,https://synthetic-shop.local/product/glue-stick-12-05,,syn-0012.html,present,synthetic,html/syn-0012.html,syn-0012.html,run-none12,synthetic-shop.local,D:\Pet_Codes\science\article-price-tracker\synthetic\html\syn-0012.html,https://synthetic-shop.local/search/syn-0012,https://synthetic-shop.local/search/syn-0012,,,,raw_html,,c2120581712d9404a9be023519eaad2b6e9c389d10004d4550b7e97ae92bdf8d,c2120581712d9404a9be023519eaad2b6e9c389d10004d4550b7e97ae92bdf8d,html/syn-0012.html,syn-0012,microdata_cards,html/syn-0012.html,stationery,clean,5,syn-0012,https://synthetic-shop.local/search/syn-0012,c2120581712d9404a9be023519eaad2b6e9c389d10004d4550b7e97ae92bdf8d,synthetic-shop.local,0
20261002T161451Z-d2eb76ee,original_fast_query-ff26499455c55f,original_fast_query-ff26499455c55f,synthetic,original_fast_query,syn-0012,gt-70cba3d7bd31dcbdc4a1,syn-0012-e04,html/syn-0012.html,syn-0012.html,run-none12,synthetic-shop.local,,https://synthetic-shop.local/product/labels-12-04,matched_gt,Этикетки самоклеящиеся 70×37 мм,669,present,Этикетки самоклеящиеся 70×37 мм,669.0,1,1,1.0,0,1.0,0.0,0.0,0.0,0.0,,matched_gt; pipeline:generic:synthetic-shop.local,1,0,0,1,0,0,1,0,0,syn-0012,stationery,stationery,Этикетки самоклеящиеся 70×37 мм,669,https://synthetic-shop.local/product/labels-12-04,0,4.6,3–5 дня,Москва,SYN-12-04,syn-0012,syn-0012-e04,html/syn-0012.html,clean,gt-70cba3d7bd31dcbdc4a1,synthetic-shop.local,run-none12,,,,Этикетки самоклеящиеся 70×37 мм,669,https://synthetic-shop.local/product/labels-12-04,,syn-0012.html,present,synthetic,html/syn-0012.html,syn-0012.html,run-none12,synthetic-shop.local,D:\Pet_Codes\science\article-price-tracker\synthetic\html\syn-0012.html,https://synthetic-shop.local/search/syn-0012,https://synthetic-shop.local/search/syn-0012,,,,raw_html,,c2120581712d9404a9be023519eaad2b6e9c389d10004d4550b7e97ae92bdf8d,c2120581712d9404a9be023519eaad2b6e9c389d10004d4550b7e97ae92bdf8d,html/syn-0012.html,syn-0012,microdata_cards,html/syn-0012.html,stationery,clean,5,syn-0012,https://synthetic-shop.local/search/syn-0012,c2120581712d9404a9be023519eaad2b6e9c389d10004d4550b7e97ae92bdf8d,synthetic-shop.local,0
20261002T161451Z-d2eb76ee,original_fast_query-2b4de0507a2108,original_fast_query-2b4de0507a2108,synthetic,original_fast_query,syn-0012,gt-8d2dc9d6ef5f9b056985,syn-0012-e03,html/syn-0012.html,syn-0012.html,run-none12,synthetic-shop.local,,https://synthetic-shop.local/product/notebook-a5-12-03,matched_gt,Блокнот A5 96 листов клетка,299,present,Блокнот A5 96 листов клетка,299.0,1,1,1.0,0,1.0,0.0,0.0,0.0,0.0,,matched_gt; pipeline:generic:synthetic-shop.local,1,0,0,1,0,0,1,0,0,syn-0012,stationery,stationery,Блокнот A5 96 листов клетка,299,https://synthetic-shop.local/product/notebook-a5-12-03,1,4.5,2–4 дня,Москва,SYN-12-03,syn-0012,syn-0012-e03,html/syn-0012.html,clean,gt-8d2dc9d6ef5f9b056985,synthetic-shop.local,run-none12,,,,Блокнот A5 96 листов клетка,299,https://synthetic-shop.local/product/notebook-a5-12-03,,syn-0012.html,present,synthetic,html/syn-0012.html,syn-0012.html,run-none12,synthetic-shop.local,D:\Pet_Codes\science\article-price-tracker\synthetic\html\syn-0012.html,https://synthetic-shop.local/search/syn-0012,https://synthetic-shop.local/search/syn-0012,,,,raw_html,,c2120581712d9404a9be023519eaad2b6e9c389d10004d4550b7e97ae92bdf8d,c2120581712d9404a9be023519eaad2b6e9c389d10004d4550b7e97ae92bdf8d,html/syn-0012.html,syn-0012,microdata_cards,html/syn-0012.html,stationery,clean,5,syn-0012,https://synthetic-shop.local/search/syn-0012,c2120581712d9404a9be023519eaad2b6e9c389d10004d4550b7e97ae92bdf8d,synthetic-shop.local,0
20261002T161451Z-d2eb76ee,original_fast_query-3d1d152a4d2adb,original_fast_query-3d1d152a4d2adb,synthetic,original_fast_query,syn-0012,gt-0c158da0de43e468089a,syn-0012-e02,html/syn-0012.html,syn-0012.html,run-none12,synthetic-shop.local,,https://synthetic-shop.local/product/staples-12-02,matched_gt,Скобы для степлера №24/6 1000 шт,119,present,Скобы для степлера №24/6 1000 шт,119.0,1,1,1.0,0,1.0,0.0,0.0,0.0,0.0,,matched_gt; pipeline:generic:synthetic-shop.local,1,0,0,1,0,0,1,0,0,syn-0012,stationery,stationery,Скобы для степлера №24/6 1000 шт,119,https://synthetic-shop.local/product/staples-12-02,1,4.4,1–3 дня,Москва,SYN-12-02,syn-0012,syn-0012-e02,html/syn-0012.html,clean,gt-0c158da0de43e468089a,synthetic-shop.local,run-none12,,,,Скобы для степлера №24/6 1000 шт,119,https://synthetic-shop.local/product/staples-12-02,,syn-0012.html,present,synthetic,html/syn-0012.html,syn-0012.html,run-none12,synthetic-shop.local,D:\Pet_Codes\science\article-price-tracker\synthetic\html\syn-0012.html,https://synthetic-shop.local/search/syn-0012,https://synthetic-shop.local/search/syn-0012,,,,raw_html,,c2120581712d9404a9be023519eaad2b6e9c389d10004d4550b7e97ae92bdf8d,c2120581712d9404a9be023519eaad2b6e9c389d10004d4550b7e97ae92bdf8d,html/syn-0012.html,syn-0012,microdata_cards,html/syn-0012.html,stationery,clean,5,syn-0012,https://synthetic-shop.local/search/syn-0012,c2120581712d9404a9be023519eaad2b6e9c389d10004d4550b7e97ae92bdf8d,synthetic-shop.local,0
20261002T161451Z-d2eb76ee,original_fast_query-63a9bafe212821,original_fast_query-63a9bafe212821,synthetic,original_fast_query,syn-0013,gt-4179185338f9610ff92e,syn-0013-e05,html/syn-0013.html,syn-0013.html,run-none13,synthetic-shop.local,,https://synthetic-shop.local/product/a4-paper-13-05,matched_gt,Бумага офисная A4 80 г/м² 500 листов,579,present,Бумага офисная A4 80 г/м² 500 листов,579.0,1,1,1.0,0,1.0,0.0,0.0,0.0,0.0,,matched_gt; pipeline:generic:synthetic-shop.local,1,0,0,1,0,0,1,0,0,syn-0013,stationery,stationery,Бумага офисная A4 80 г/м² 500 листов,579,https://synthetic-shop.local/product/a4-paper-13-05,1,4.8,2–3 дня,Москва,SYN-13-05,syn-0013,syn-0013-e05,html/syn-0013.html,clean,gt-4179185338f9610ff92e,synthetic-shop.local,run-none13,,,,Бумага офисная A4 80 г/м² 500 листов,579,https://synthetic-shop.local/product/a4-paper-13-05,,syn-0013.html,present,synthetic,html/syn-0013.html,syn-0013.html,run-none13,synthetic-shop.local,D:\Pet_Codes\science\article-price-tracker\synthetic\html\syn-0013.html,https://synthetic-shop.local/search/syn-0013,https://synthetic-shop.local/search/syn-0013,,,,raw_html,,96525783d033d80e925c77df8e64c934e8f4a411e257330e53ccb230b65f16bc,96525783d033d80e925c77df8e64c934e8f4a411e257330e53ccb230b65f16bc,html/syn-0013.html,syn-0013,plain_cards,html/syn-0013.html,stationery,clean,5,syn-0013,https://synthetic-shop.local/search/syn-0013,96525783d033d80e925c77df8e64c934e8f4a411e257330e53ccb230b65f16bc,synthetic-shop.local,0
20261002T161451Z-d2eb76ee,original_fast_query-4c3ab113c0e8cd,original_fast_query-4c3ab113c0e8cd,synthetic,original_fast_query,syn-0013,gt-7d1cb160764783b93f09,syn-0013-e04,html/syn-0013.html,syn-0013.html,run-none13,synthetic-shop.local,,https://synthetic-shop.local/product/correction-tape-13-04,matched_gt,Корректирующая лента 5 мм × 8 м,209,present,Корректирующая лента 5 мм × 8 м,209.0,1,1,1.0,0,1.0,0.0,0.0,0.0,0.0,,matched_gt; pipeline:generic:synthetic-shop.local,1,0,0,1,0,0,1,0,0,syn-0013,stationery,stationery,Корректирующая лента 5 мм × 8 м,209,https://synthetic-shop.local/product/correction-tape-13-04,1,4.7,1–6 дня,Москва,SYN-13-04,syn-0013,syn-0013-e04,html/syn-0013.html,clean,gt-7d1cb160764783b93f09,synthetic-shop.local,run-none13,,,,Корректирующая лента 5 мм × 8 м,209,https://synthetic-shop.local/product/correction-tape-13-04,,syn-0013.html,present,synthetic,html/syn-0013.html,syn-0013.html,run-none13,synthetic-shop.local,D:\Pet_Codes\science\article-price-tracker\synthetic\html\syn-0013.html,https://synthetic-shop.local/search/syn-0013,https://synthetic-shop.local/search/syn-0013,,,,raw_html,,96525783d033d80e925c77df8e64c934e8f4a411e257330e53ccb230b65f16bc,96525783d033d80e925c77df8e64c934e8f4a411e257330e53ccb230b65f16bc,html/syn-0013.html,syn-0013,plain_cards,html/syn-0013.html,stationery,clean,5,syn-0013,https://synthetic-shop.local/search/syn-0013,96525783d033d80e925c77df8e64c934e8f4a411e257330e53ccb230b65f16bc,synthetic-shop.local,0
20261002T161451Z-d2eb76ee,original_fast_query-f15463496adc0c,original_fast_query-f15463496adc0c,synthetic,original_fast_query,syn-0013,gt-ab8ecfeb6d5228c1d6ad,syn-0013-e02,html/syn-0013.html,syn-0013.html,run-none13,synthetic-shop.local,,https://synthetic-shop.local/product/glue-stick-13-02,matched_gt,Клей-карандаш 21 г,149,present,Клей-карандаш 21 г,149.0,1,1,1.0,0,1.0,0.0,0.0,0.0,0.0,,matched_gt; pipeline:generic:synthetic-shop.local,1,0,0,1,0,0,1,0,0,syn-0013,stationery,stationery,Клей-карандаш 21 г,149,https://synthetic-shop.local/product/glue-stick-13-02,1,4.5,2–4 дня,Москва,SYN-13-02,syn-0013,syn-0013-e02,html/syn-0013.html,clean,gt-ab8ecfeb6d5228c1d6ad,synthetic-shop.local,run-none13,,,,Клей-карандаш 21 г,149,https://synthetic-shop.local/product/glue-stick-13-02,,syn-0013.html,present,synthetic,html/syn-0013.html,syn-0013.html,run-none13,synthetic-shop.local,D:\Pet_Codes\science\article-price-tracker\synthetic\html\syn-0013.html,https://synthetic-shop.local/search/syn-0013,https://synthetic-shop.local/search/syn-0013,,,,raw_html,,96525783d033d80e925c77df8e64c934e8f4a411e257330e53ccb230b65f16bc,96525783d033d80e925c77df8e64c934e8f4a411e257330e53ccb230b65f16bc,html/syn-0013.html,syn-0013,plain_cards,html/syn-0013.html,stationery,clean,5,syn-0013,https://synthetic-shop.local/search/syn-0013,96525783d033d80e925c77df8e64c934e8f4a411e257330e53ccb230b65f16bc,synthetic-shop.local,0
20261002T161451Z-d2eb76ee,original_fast_query-17b4f2808d7d30,original_fast_query-17b4f2808d7d30,synthetic,original_fast_query,syn-0013,gt-27f3798eb2f499379a42,syn-0013-e01,html/syn-0013.html,syn-0013.html,run-none13,synthetic-shop.local,,https://synthetic-shop.local/product/labels-13-01,matched_gt,Этикетки самоклеящиеся 70×37 мм,649,present,Этикетки самоклеящиеся 70×37 мм,649.0,1,1,1.0,0,1.0,0.0,0.0,0.0,0.0,,matched_gt; pipeline:generic:synthetic-shop.local,1,0,0,1,0,0,1,0,0,syn-0013,stationery,stationery,Этикетки самоклеящиеся 70×37 мм,649,https://synthetic-shop.local/product/labels-13-01,1,4.4,1–3 дня,Москва,SYN-13-01,syn-0013,syn-0013-e01,html/syn-0013.html,clean,gt-27f3798eb2f499379a42,synthetic-shop.local,run-none13,,,,Этикетки самоклеящиеся 70×37 мм,649,https://synthetic-shop.local/product/labels-13-01,,syn-0013.html,present,synthetic,html/syn-0013.html,syn-0013.html,run-none13,synthetic-shop.local,D:\Pet_Codes\science\article-price-tracker\synthetic\html\syn-0013.html,https://synthetic-shop.local/search/syn-0013,https://synthetic-shop.local/search/syn-0013,,,,raw_html,,96525783d033d80e925c77df8e64c934e8f4a411e257330e53ccb230b65f16bc,96525783d033d80e925c77df8e64c934e8f4a411e257330e53ccb230b65f16bc,html/syn-0013.html,syn-0013,plain_cards,html/syn-0013.html,stationery,clean,5,syn-0013,https://synthetic-shop.local/search/syn-0013,96525783d033d80e925c77df8e64c934e8f4a411e257330e53ccb230b65f16bc,synthetic-shop.local,0
20261002T161451Z-d2eb76ee,original_fast_query-830d02e2476b56,original_fast_query-830d02e2476b56,synthetic,original_fast_query,syn-0013,gt-9a3dd944784d91c1a4e5,syn-0013-e03,html/syn-0013.html,syn-0013.html,run-none13,synthetic-shop.local,,https://synthetic-shop.local/product/sheet-protectors-13-03,matched_gt,Файл-вкладыш A4 100 шт,519,present,Файл-вкладыш A4 100 шт,519.0,1,1,1.0,0,1.0,0.0,0.0,0.0,0.0,,matched_gt; pipeline:generic:synthetic-shop.local,1,0,0,1,0,0,1,0,0,syn-0013,stationery,stationery,Файл-вкладыш A4 100 шт,519,https://synthetic-shop.local/product/sheet-protectors-13-03,0,4.6,3–5 дня,Москва,SYN-13-03,syn-0013,syn-0013-e03,html/syn-0013.html,clean,gt-9a3dd944784d91c1a4e5,synthetic-shop.local,run-none13,,,,Файл-вкладыш A4 100 шт,519,https://synthetic-shop.local/product/sheet-protectors-13-03,,syn-0013.html,present,synthetic,html/syn-0013.html,syn-0013.html,run-none13,synthetic-shop.local,D:\Pet_Codes\science\article-price-tracker\synthetic\html\syn-0013.html,https://synthetic-shop.local/search/syn-0013,https://synthetic-shop.local/search/syn-0013,,,,raw_html,,96525783d033d80e925c77df8e64c934e8f4a411e257330e53ccb230b65f16bc,96525783d033d80e925c77df8e64c934e8f4a411e257330e53ccb230b65f16bc,html/syn-0013.html,syn-0013,plain_cards,html/syn-0013.html,stationery,clean,5,syn-0013,https://synthetic-shop.local/search/syn-0013,96525783d033d80e925c77df8e64c934e8f4a411e257330e53ccb230b65f16bc,synthetic-shop.local,0
20261002T161451Z-d2eb76ee,original_fast_query-78911c5002ae24,original_fast_query-78911c5002ae24,synthetic,original_fast_query,syn-0014,gt-c6f764188f8fb5782673,syn-0014-e02,html/syn-0014.html,syn-0014.html,run-none14,synthetic-shop.local,,https://synthetic-shop.local/product/a4-paper-14-02,matched_gt,Бумага офисная A4 80 г/м² 500 листов,599,present,Бумага офисная A4 80 г/м² 500 листов,599.0,1,1,1.0,0,1.0,0.0,0.0,0.0,0.0,,matched_gt; pipeline:generic:synthetic-shop.local,1,0,0,1,0,0,1,0,0,syn-0014,stationery,stationery,Бумага офисная A4 80 г/м² 500 листов,599,https://synthetic-shop.local/product/a4-paper-14-02,0,4.6,3–5 дня,Москва,SYN-14-02,syn-0014,syn-0014-e02,html/syn-0014.html,clean,gt-c6f764188f8fb5782673,synthetic-shop.local,run-none14,,,,Бумага офисная A4 80 г/м² 500 листов,599,https://synthetic-shop.local/product/a4-paper-14-02,,syn-0014.html,present,synthetic,html/syn-0014.html,syn-0014.html,run-none14,synthetic-shop.local,D:\Pet_Codes\science\article-price-tracker\synthetic\html\syn-0014.html,https://synthetic-shop.local/search/syn-0014,https://synthetic-shop.local/search/syn-0014,,,,raw_html,,d8fd4647d23861dbfb551654ae88f620f03f24331e875f172050d59808534dca,d8fd4647d23861dbfb551654ae88f620f03f24331e875f172050d59808534dca,html/syn-0014.html,syn-0014,embedded_state,html/syn-0014.html,stationery,clean,5,syn-0014,https://synthetic-shop.local/search/syn-0014,d8fd4647d23861dbfb551654ae88f620f03f24331e875f172050d59808534dca,synthetic-shop.local,0
20261002T161451Z-d2eb76ee,original_fast_query-b83e58cb719fe2,original_fast_query-b83e58cb719fe2,synthetic,original_fast_query,syn-0014,gt-eba07503a08f9268279c,syn-0014-e01,html/syn-0014.html,syn-0014.html,run-none14,synthetic-shop.local,,https://synthetic-shop.local/product/correction-tape-14-01,matched_gt,Корректирующая лента 5 мм × 8 м,189,present,Корректирующая лента 5 мм × 8 м,189.0,1,1,1.0,0,1.0,0.0,0.0,0.0,0.0,,matched_gt; pipeline:generic:synthetic-shop.local,1,0,0,1,0,0,1,0,0,syn-0014,stationery,stationery,Корректирующая лента 5 мм × 8 м,189,https://synthetic-shop.local/product/correction-tape-14-01,1,4.5,2–4 дня,Москва,SYN-14-01,syn-0014,syn-0014-e01,html/syn-0014.html,clean,gt-eba07503a08f9268279c,synthetic-shop.local,run-none14,,,,Корректирующая лента 5 мм × 8 м,189,https://synthetic-shop.local/product/correction-tape-14-01,,syn-0014.html,present,synthetic,html/syn-0014.html,syn-0014.html,run-none14,synthetic-shop.local,D:\Pet_Codes\science\article-price-tracker\synthetic\html\syn-0014.html,https://synthetic-shop.local/search/syn-0014,https://synthetic-shop.local/search/syn-0014,,,,raw_html,,d8fd4647d23861dbfb551654ae88f620f03f24331e875f172050d59808534dca,d8fd4647d23861dbfb551654ae88f620f03f24331e875f172050d59808534dca,html/syn-0014.html,syn-0014,embedded_state,html/syn-0014.html,stationery,clean,5,syn-0014,https://synthetic-shop.local/search/syn-0014,d8fd4647d23861dbfb551654ae88f620f03f24331e875f172050d59808534dca,synthetic-shop.local,0
20261002T161451Z-d2eb76ee,original_fast_query-bcb4edb75d4aaf,original_fast_query-bcb4edb75d4aaf,synthetic,original_fast_query,syn-0014,gt-23540a1347fc3ce347cb,syn-0014-e05,html/syn-0014.html,syn-0014.html,run-none14,synthetic-shop.local,,https://synthetic-shop.local/product/gel-pen-14-05,matched_gt,Ручка гелевая синяя 0.5 мм,89,present,Ручка гелевая синяя 0.5 мм,89.0,1,1,1.0,0,1.0,0.0,0.0,0.0,0.0,,matched_gt; pipeline:generic:synthetic-shop.local,1,0,0,1,0,0,1,0,0,syn-0014,stationery,stationery,Ручка гелевая синяя 0.5 мм,89,https://synthetic-shop.local/product/gel-pen-14-05,1,4.9,3–4 дня,Москва,SYN-14-05,syn-0014,syn-0014-e05,html/syn-0014.html,clean,gt-23540a1347fc3ce347cb,synthetic-shop.local,run-none14,,,,Ручка гелевая синяя 0.5 мм,89,https://synthetic-shop.local/product/gel-pen-14-05,,syn-0014.html,present,synthetic,html/syn-0014.html,syn-0014.html,run-none14,synthetic-shop.local,D:\Pet_Codes\science\article-price-tracker\synthetic\html\syn-0014.html,https://synthetic-shop.local/search/syn-0014,https://synthetic-shop.local/search/syn-0014,,,,raw_html,,d8fd4647d23861dbfb551654ae88f620f03f24331e875f172050d59808534dca,d8fd4647d23861dbfb551654ae88f620f03f24331e875f172050d59808534dca,html/syn-0014.html,syn-0014,embedded_state,html/syn-0014.html,stationery,clean,5,syn-0014,https://synthetic-shop.local/search/syn-0014,d8fd4647d23861dbfb551654ae88f620f03f24331e875f172050d59808534dca,synthetic-shop.local,0
20261002T161451Z-d2eb76ee,original_fast_query-6ec6beb92b41b2,original_fast_query-6ec6beb92b41b2,synthetic,original_fast_query,syn-0014,gt-64cfd063db53827aadab,syn-0014-e03,html/syn-0014.html,syn-0014.html,run-none14,synthetic-shop.local,,https://synthetic-shop.local/product/lever-arch-14-03,matched_gt,Папка-регистратор 75 мм синяя,379,present,Папка-регистратор 75 мм синяя,379.0,1,1,1.0,0,1.0,0.0,0.0,0.0,0.0,,matched_gt; pipeline:generic:synthetic-shop.local,1,0,0,1,0,0,1,0,0,syn-0014,stationery,stationery,Папка-регистратор 75 мм синяя,379,https://synthetic-shop.local/product/lever-arch-14-03,1,4.7,1–6 дня,Москва,SYN-14-03,syn-0014,syn-0014-e03,html/syn-0014.html,clean,gt-64cfd063db53827aadab,synthetic-shop.local,run-none14,,,,Папка-регистратор 75 мм синяя,379,https://synthetic-shop.local/product/lever-arch-14-03,,syn-0014.html,present,synthetic,html/syn-0014.html,syn-0014.html,run-none14,synthetic-shop.local,D:\Pet_Codes\science\article-price-tracker\synthetic\html\syn-0014.html,https://synthetic-shop.local/search/syn-0014,https://synthetic-shop.local/search/syn-0014,,,,raw_html,,d8fd4647d23861dbfb551654ae88f620f03f24331e875f172050d59808534dca,d8fd4647d23861dbfb551654ae88f620f03f24331e875f172050d59808534dca,html/syn-0014.html,syn-0014,embedded_state,html/syn-0014.html,stationery,clean,5,syn-0014,https://synthetic-shop.local/search/syn-0014,d8fd4647d23861dbfb551654ae88f620f03f24331e875f172050d59808534dca,synthetic-shop.local,0
20261002T161451Z-d2eb76ee,original_fast_query-b7ea61ec2d3185,original_fast_query-b7ea61ec2d3185,synthetic,original_fast_query,syn-0014,gt-c7f33955fe201fa6166f,syn-0014-e04,html/syn-0014.html,syn-0014.html,run-none14,synthetic-shop.local,,https://synthetic-shop.local/product/permanent-marker-14-04,matched_gt,Маркер перманентный чёрный 2 мм,89,present,Маркер перманентный чёрный 2 мм,89.0,1,1,1.0,0,1.0,0.0,0.0,0.0,0.0,,matched_gt; pipeline:generic:synthetic-shop.local,1,0,0,1,0,0,1,0,0,syn-0014,stationery,stationery,Маркер перманентный чёрный 2 мм,89,https://synthetic-shop.local/product/permanent-marker-14-04,1,4.8,2–3 дня,Москва,SYN-14-04,syn-0014,syn-0014-e04,html/syn-0014.html,clean,gt-c7f33955fe201fa6166f,synthetic-shop.local,run-none14,,,,Маркер перманентный чёрный 2 мм,89,https://synthetic-shop.local/product/permanent-marker-14-04,,syn-0014.html,present,synthetic,html/syn-0014.html,syn-0014.html,run-none14,synthetic-shop.local,D:\Pet_Codes\science\article-price-tracker\synthetic\html\syn-0014.html,https://synthetic-shop.local/search/syn-0014,https://synthetic-shop.local/search/syn-0014,,,,raw_html,,d8fd4647d23861dbfb551654ae88f620f03f24331e875f172050d59808534dca,d8fd4647d23861dbfb551654ae88f620f03f24331e875f172050d59808534dca,html/syn-0014.html,syn-0014,embedded_state,html/syn-0014.html,stationery,clean,5,syn-0014,https://synthetic-shop.local/search/syn-0014,d8fd4647d23861dbfb551654ae88f620f03f24331e875f172050d59808534dca,synthetic-shop.local,0
20261002T161451Z-d2eb76ee,original_fast_query-bb3c9714c2e759,,synthetic,original_fast_query,syn-0015,gt-968b3438474cf2db9339,syn-0015-e03,html/syn-0015.html,syn-0015.html,run-none15,synthetic-shop.local,,https://synthetic-shop.local/product/mechanical-keyboard-15-03,missing_prediction,Клавиатура механическая USB,6490,present,,,0,0,,0,,,,,,missing_entity,missing_prediction,0,0,1,0,0,1,0,0,1,syn-0015,electronics,electronics,Клавиатура механическая USB,6490,https://synthetic-shop.local/product/mechanical-keyboard-15-03,1,4.8,2–3 дня,Москва,SYN-15-03,syn-0015,syn-0015-e03,html/syn-0015.html,clean,gt-968b3438474cf2db9339,synthetic-shop.local,run-none15,,,,Клавиатура механическая USB,6490,https://synthetic-shop.local/product/mechanical-keyboard-15-03,,syn-0015.html,present,synthetic,html/syn-0015.html,syn-0015.html,run-none15,synthetic-shop.local,D:\Pet_Codes\science\article-price-tracker\synthetic\html\syn-0015.html,https://synthetic-shop.local/search/syn-0015,https://synthetic-shop.local/search/syn-0015,,,,raw_html,,2c98b87c8d128dc6cca9f010f3843a723fd33ddec1bdab9c7a240dfffb49f4e5,2c98b87c8d128dc6cca9f010f3843a723fd33ddec1bdab9c7a240dfffb49f4e5,html/syn-0015.html,syn-0015,detail_grid,html/syn-0015.html,electronics,clean,5,syn-0015,https://synthetic-shop.local/search/syn-0015,2c98b87c8d128dc6cca9f010f3843a723fd33ddec1bdab9c7a240dfffb49f4e5,synthetic-shop.local,0
20261002T161451Z-d2eb76ee,original_fast_query-ea40f2e883ffa7,,synthetic,original_fast_query,syn-0015,gt-e595bf0813c72252afe7,syn-0015-e01,html/syn-0015.html,syn-0015.html,run-none15,synthetic-shop.local,,https://synthetic-shop.local/product/monitor-27-15-01,missing_prediction,Монитор 27″ IPS QHD 165 Гц,29396,present,,,0,0,,0,,,,,,missing_entity,missing_prediction,0,0,1,0,0,1,0,0,1,syn-0015,electronics,electronics,Монитор 27″ IPS QHD 165 Гц,29396,https://synthetic-shop.local/product/monitor-27-15-01,0,4.6,3–5 дня,Москва,SYN-15-01,syn-0015,syn-0015-e01,html/syn-0015.html,clean,gt-e595bf0813c72252afe7,synthetic-shop.local,run-none15,,,,Монитор 27″ IPS QHD 165 Гц,29396,https://synthetic-shop.local/product/monitor-27-15-01,,syn-0015.html,present,synthetic,html/syn-0015.html,syn-0015.html,run-none15,synthetic-shop.local,D:\Pet_Codes\science\article-price-tracker\synthetic\html\syn-0015.html,https://synthetic-shop.local/search/syn-0015,https://synthetic-shop.local/search/syn-0015,,,,raw_html,,2c98b87c8d128dc6cca9f010f3843a723fd33ddec1bdab9c7a240dfffb49f4e5,2c98b87c8d128dc6cca9f010f3843a723fd33ddec1bdab9c7a240dfffb49f4e5,html/syn-0015.html,syn-0015,detail_grid,html/syn-0015.html,electronics,clean,5,syn-0015,https://synthetic-shop.local/search/syn-0015,2c98b87c8d128dc6cca9f010f3843a723fd33ddec1bdab9c7a240dfffb49f4e5,synthetic-shop.local,0
20261002T161451Z-d2eb76ee,original_fast_query-ade8aa5e63a93c,,synthetic,original_fast_query,syn-0015,gt-7bd82e9570a7f1c5e573,syn-0015-e04,html/syn-0015.html,syn-0015.html,run-none15,synthetic-shop.local,,https://synthetic-shop.local/product/portable-ssd-15-04,missing_prediction,Внешний SSD 2 ТБ USB-C,17109,present,,,0,0,,0,,,,,,missing_entity,missing_prediction,0,0,1,0,0,1,0,0,1,syn-0015,electronics,electronics,Внешний SSD 2 ТБ USB-C,17109,https://synthetic-shop.local/product/portable-ssd-15-04,1,4.9,3–4 дня,Москва,SYN-15-04,syn-0015,syn-0015-e04,html/syn-0015.html,clean,gt-7bd82e9570a7f1c5e573,synthetic-shop.local,run-none15,,,,Внешний SSD 2 ТБ USB-C,17109,https://synthetic-shop.local/product/portable-ssd-15-04,,syn-0015.html,present,synthetic,html/syn-0015.html,syn-0015.html,run-none15,synthetic-shop.local,D:\Pet_Codes\science\article-price-tracker\synthetic\html\syn-0015.html,https://synthetic-shop.local/search/syn-0015,https://synthetic-shop.local/search/syn-0015,,,,raw_html,,2c98b87c8d128dc6cca9f010f3843a723fd33ddec1bdab9c7a240dfffb49f4e5,2c98b87c8d128dc6cca9f010f3843a723fd33ddec1bdab9c7a240dfffb49f4e5,html/syn-0015.html,syn-0015,detail_grid,html/syn-0015.html,electronics,clean,5,syn-0015,https://synthetic-shop.local/search/syn-0015,2c98b87c8d128dc6cca9f010f3843a723fd33ddec1bdab9c7a240dfffb49f4e5,synthetic-shop.local,0
20261002T161451Z-d2eb76ee,original_fast_query-e5f0e2e20b87d3,,synthetic,original_fast_query,syn-0015,gt-264114a9db4ab4f7910f,syn-0015-e02,html/syn-0015.html,syn-0015.html,run-none15,synthetic-shop.local,,https://synthetic-shop.local/product/ups-1000-15-02,missing_prediction,Источник бесперебойного питания 1000 ВА,12242,present,,,0,0,,0,,,,,,missing_entity,missing_prediction,0,0,1,0,0,1,0,0,1,syn-0015,electronics,electronics,Источник бесперебойного питания 1000 ВА,12242,https://synthetic-shop.local/product/ups-1000-15-02,1,4.7,1–6 дня,Москва,SYN-15-02,syn-0015,syn-0015-e02,html/syn-0015.html,clean,gt-264114a9db4ab4f7910f,synthetic-shop.local,run-none15,,,,Источник бесперебойного питания 1000 ВА,12242,https://synthetic-shop.local/product/ups-1000-15-02,,syn-0015.html,present,synthetic,html/syn-0015.html,syn-0015.html,run-none15,synthetic-shop.local,D:\Pet_Codes\science\article-price-tracker\synthetic\html\syn-0015.html,https://synthetic-shop.local/search/syn-0015,https://synthetic-shop.local/search/syn-0015,,,,raw_html,,2c98b87c8d128dc6cca9f010f3843a723fd33ddec1bdab9c7a240dfffb49f4e5,2c98b87c8d128dc6cca9f010f3843a723fd33ddec1bdab9c7a240dfffb49f4e5,html/syn-0015.html,syn-0015,detail_grid,html/syn-0015.html,electronics,clean,5,syn-0015,https://synthetic-shop.local/search/syn-0015,2c98b87c8d128dc6cca9f010f3843a723fd33ddec1bdab9c7a240dfffb49f4e5,synthetic-shop.local,0
20261002T161451Z-d2eb76ee,original_fast_query-d2fc3baa646004,,synthetic,original_fast_query,syn-0015,gt-1c66cc4a92eec54d0432,syn-0015-e05,html/syn-0015.html,syn-0015.html,run-none15,synthetic-shop.local,,https://synthetic-shop.local/product/webcam-15-05,missing_prediction,Веб-камера Full HD 1080p,4046,present,,,0,0,,0,,,,,,missing_entity,missing_prediction,0,0,1,0,0,1,0,0,1,syn-0015,electronics,electronics,Веб-камера Full HD 1080p,4046,https://synthetic-shop.local/product/webcam-15-05,1,4.1,1–5 дня,Москва,SYN-15-05,syn-0015,syn-0015-e05,html/syn-0015.html,clean,gt-1c66cc4a92eec54d0432,synthetic-shop.local,run-none15,,,,Веб-камера Full HD 1080p,4046,https://synthetic-shop.local/product/webcam-15-05,,syn-0015.html,present,synthetic,html/syn-0015.html,syn-0015.html,run-none15,synthetic-shop.local,D:\Pet_Codes\science\article-price-tracker\synthetic\html\syn-0015.html,https://synthetic-shop.local/search/syn-0015,https://synthetic-shop.local/search/syn-0015,,,,raw_html,,2c98b87c8d128dc6cca9f010f3843a723fd33ddec1bdab9c7a240dfffb49f4e5,2c98b87c8d128dc6cca9f010f3843a723fd33ddec1bdab9c7a240dfffb49f4e5,html/syn-0015.html,syn-0015,detail_grid,html/syn-0015.html,electronics,clean,5,syn-0015,https://synthetic-shop.local/search/syn-0015,2c98b87c8d128dc6cca9f010f3843a723fd33ddec1bdab9c7a240dfffb49f4e5,synthetic-shop.local,0
20261002T161451Z-d2eb76ee,original_fast_query-fc2de2ac7c75b6,,synthetic,original_fast_query,syn-0016,gt-abd51d2eb3d90985f977,syn-0016-e04,html/syn-0016.html,syn-0016.html,run-none16,synthetic-shop.local,,https://synthetic-shop.local/product/mini-pc-16-04,missing_prediction,Мини-ПК 16 ГБ / 512 ГБ,36494,present,,,0,0,,0,,,,,,missing_entity,missing_prediction,0,0,1,0,0,1,0,0,1,syn-0016,electronics,electronics,Мини-ПК 16 ГБ / 512 ГБ,36494,https://synthetic-shop.local/product/mini-pc-16-04,1,4.1,1–5 дня,Москва,SYN-16-04,syn-0016,syn-0016-e04,html/syn-0016.html,clean,gt-abd51d2eb3d90985f977,synthetic-shop.local,run-none16,,,,Мини-ПК 16 ГБ / 512 ГБ,36494,https://synthetic-shop.local/product/mini-pc-16-04,,syn-0016.html,present,synthetic,html/syn-0016.html,syn-0016.html,run-none16,synthetic-shop.local,D:\Pet_Codes\science\article-price-tracker\synthetic\html\syn-0016.html,https://synthetic-shop.local/search/syn-0016,https://synthetic-shop.local/search/syn-0016,,,,raw_html,,9f64af28cc7b2bf8d3a866c6def7e77a3fd33ee48d10a84ce4be9ec6cee97d9d,9f64af28cc7b2bf8d3a866c6def7e77a3fd33ee48d10a84ce4be9ec6cee97d9d,html/syn-0016.html,syn-0016,table_listing,html/syn-0016.html,electronics,clean,5,syn-0016,https://synthetic-shop.local/search/syn-0016,9f64af28cc7b2bf8d3a866c6def7e77a3fd33ee48d10a84ce4be9ec6cee97d9d,synthetic-shop.local,0
20261002T161451Z-d2eb76ee,original_fast_query-708b31453ab9b8,,synthetic,original_fast_query,syn-0016,gt-1e798148de91d99b05f6,syn-0016-e01,html/syn-0016.html,syn-0016.html,run-none16,synthetic-shop.local,,https://synthetic-shop.local/product/portable-ssd-16-01,missing_prediction,Внешний SSD 2 ТБ USB-C,17347,present,,,0,0,,0,,,,,,missing_entity,missing_prediction,0,0,1,0,0,1,0,0,1,syn-0016,electronics,electronics,Внешний SSD 2 ТБ USB-C,17347,https://synthetic-shop.local/product/portable-ssd-16-01,1,4.7,1–6 дня,Москва,SYN-16-01,syn-0016,syn-0016-e01,html/syn-0016.html,clean,gt-1e798148de91d99b05f6,synthetic-shop.local,run-none16,,,,Внешний SSD 2 ТБ USB-C,17347,https://synthetic-shop.local/product/portable-ssd-16-01,,syn-0016.html,present,synthetic,html/syn-0016.html,syn-0016.html,run-none16,synthetic-shop.local,D:\Pet_Codes\science\article-price-tracker\synthetic\html\syn-0016.html,https://synthetic-shop.local/search/syn-0016,https://synthetic-shop.local/search/syn-0016,,,,raw_html,,9f64af28cc7b2bf8d3a866c6def7e77a3fd33ee48d10a84ce4be9ec6cee97d9d,9f64af28cc7b2bf8d3a866c6def7e77a3fd33ee48d10a84ce4be9ec6cee97d9d,html/syn-0016.html,syn-0016,table_listing,html/syn-0016.html,electronics,clean,5,syn-0016,https://synthetic-shop.local/search/syn-0016,9f64af28cc7b2bf8d3a866c6def7e77a3fd33ee48d10a84ce4be9ec6cee97d9d,synthetic-shop.local,0
20261002T161451Z-d2eb76ee,original_fast_query-5721273a17ec38,,synthetic,original_fast_query,syn-0016,gt-dfce91bdaa8e25f91f95,syn-0016-e03,html/syn-0016.html,syn-0016.html,run-none16,synthetic-shop.local,,https://synthetic-shop.local/product/switch-8p-16-03,missing_prediction,Коммутатор 8-портовый Gigabit,4622,present,,,0,0,,0,,,,,,missing_entity,missing_prediction,0,0,1,0,0,1,0,0,1,syn-0016,electronics,electronics,Коммутатор 8-портовый Gigabit,4622,https://synthetic-shop.local/product/switch-8p-16-03,1,4.9,3–4 дня,Москва,SYN-16-03,syn-0016,syn-0016-e03,html/syn-0016.html,clean,gt-dfce91bdaa8e25f91f95,synthetic-shop.local,run-none16,,,,Коммутатор 8-портовый Gigabit,4622,https://synthetic-shop.local/product/switch-8p-16-03,,syn-0016.html,present,synthetic,html/syn-0016.html,syn-0016.html,run-none16,synthetic-shop.local,D:\Pet_Codes\science\article-price-tracker\synthetic\html\syn-0016.html,https://synthetic-shop.local/search/syn-0016,https://synthetic-shop.local/search/syn-0016,,,,raw_html,,9f64af28cc7b2bf8d3a866c6def7e77a3fd33ee48d10a84ce4be9ec6cee97d9d,9f64af28cc7b2bf8d3a866c6def7e77a3fd33ee48d10a84ce4be9ec6cee97d9d,html/syn-0016.html,syn-0016,table_listing,html/syn-0016.html,electronics,clean,5,syn-0016,https://synthetic-shop.local/search/syn-0016,9f64af28cc7b2bf8d3a866c6def7e77a3fd33ee48d10a84ce4be9ec6cee97d9d,synthetic-shop.local,0
20261002T161451Z-d2eb76ee,original_fast_query-58d82316163d29,,synthetic,original_fast_query,syn-0016,gt-46720e0e89db8ecd8375,syn-0016-e05,html/syn-0016.html,syn-0016.html,run-none16,synthetic-shop.local,,https://synthetic-shop.local/product/usb-headset-16-05,missing_prediction,Наушники USB с микрофоном,3053,present,,,0,0,,0,,,,,,missing_entity,missing_prediction,0,0,1,0,0,1,0,0,1,syn-0016,electronics,electronics,Наушники USB с микрофоном,3053,https://synthetic-shop.local/product/usb-headset-16-05,1,4.2,2–6 дня,Москва,SYN-16-05,syn-0016,syn-0016-e05,html/syn-0016.html,clean,gt-46720e0e89db8ecd8375,synthetic-shop.local,run-none16,,,,Наушники USB с микрофоном,3053,https://synthetic-shop.local/product/usb-headset-16-05,,syn-0016.html,present,synthetic,html/syn-0016.html,syn-0016.html,run-none16,synthetic-shop.local,D:\Pet_Codes\science\article-price-tracker\synthetic\html\syn-0016.html,https://synthetic-shop.local/search/syn-0016,https://synthetic-shop.local/search/syn-0016,,,,raw_html,,9f64af28cc7b2bf8d3a866c6def7e77a3fd33ee48d10a84ce4be9ec6cee97d9d,9f64af28cc7b2bf8d3a866c6def7e77a3fd33ee48d10a84ce4be9ec6cee97d9d,html/syn-0016.html,syn-0016,table_listing,html/syn-0016.html,electronics,clean,5,syn-0016,https://synthetic-shop.local/search/syn-0016,9f64af28cc7b2bf8d3a866c6def7e77a3fd33ee48d10a84ce4be9ec6cee97d9d,synthetic-shop.local,0
20261002T161451Z-d2eb76ee,original_fast_query-ff4f3322663e08,,synthetic,original_fast_query,syn-0016,gt-0a325ebab72634370037,syn-0016-e02,html/syn-0016.html,syn-0016.html,run-none16,synthetic-shop.local,,https://synthetic-shop.local/product/webcam-16-02,missing_prediction,Веб-камера Full HD 1080p,3990,present,,,0,0,,0,,,,,,missing_entity,missing_prediction,0,0,1,0,0,1,0,0,1,syn-0016,electronics,electronics,Веб-камера Full HD 1080p,3990,https://synthetic-shop.local/product/webcam-16-02,1,4.8,2–3 дня,Москва,SYN-16-02,syn-0016,syn-0016-e02,html/syn-0016.html,clean,gt-0a325ebab72634370037,synthetic-shop.local,run-none16,,,,Веб-камера Full HD 1080p,3990,https://synthetic-shop.local/product/webcam-16-02,,syn-0016.html,present,synthetic,html/syn-0016.html,syn-0016.html,run-none16,synthetic-shop.local,D:\Pet_Codes\science\article-price-tracker\synthetic\html\syn-0016.html,https://synthetic-shop.local/search/syn-0016,https://synthetic-shop.local/search/syn-0016,,,,raw_html,,9f64af28cc7b2bf8d3a866c6def7e77a3fd33ee48d10a84ce4be9ec6cee97d9d,9f64af28cc7b2bf8d3a866c6def7e77a3fd33ee48d10a84ce4be9ec6cee97d9d,html/syn-0016.html,syn-0016,table_listing,html/syn-0016.html,electronics,clean,5,syn-0016,https://synthetic-shop.local/search/syn-0016,9f64af28cc7b2bf8d3a866c6def7e77a3fd33ee48d10a84ce4be9ec6cee97d9d,synthetic-shop.local,0
20261002T161451Z-d2eb76ee,original_fast_query-e7f1c6a6bd7dda,original_fast_query-e7f1c6a6bd7dda,synthetic,original_fast_query,syn-0017,gt-f3be33576c6e408e4e97,syn-0017-e01,html/syn-0017.html,syn-0017.html,run-none17,synthetic-shop.local,,https://synthetic-shop.local/product/mini-pc-17-01,matched_gt,Мини-ПК 16 ГБ / 512 ГБ,35990,present,Мини-ПК 16 ГБ / 512 ГБ,35990.0,1,1,1.0,0,1.0,0.0,0.0,0.0,0.0,,matched_gt; pipeline:generic:synthetic-shop.local,1,0,0,1,0,0,1,0,0,syn-0017,electronics,electronics,Мини-ПК 16 ГБ / 512 ГБ,35990,https://synthetic-shop.local/product/mini-pc-17-01,1,4.8,2–3 дня,Москва,SYN-17-01,syn-0017,syn-0017-e01,html/syn-0017.html,clean,gt-f3be33576c6e408e4e97,synthetic-shop.local,run-none17,,,,Мини-ПК 16 ГБ / 512 ГБ,35990,https://synthetic-shop.local/product/mini-pc-17-01,,syn-0017.html,present,synthetic,html/syn-0017.html,syn-0017.html,run-none17,synthetic-shop.local,D:\Pet_Codes\science\article-price-tracker\synthetic\html\syn-0017.html,https://synthetic-shop.local/search/syn-0017,https://synthetic-shop.local/search/syn-0017,,,,raw_html,,868e08818aa93ea36254f0981c9d22a965f12bc62a5d6b9c183210be8c4c64ee,868e08818aa93ea36254f0981c9d22a965f12bc62a5d6b9c183210be8c4c64ee,html/syn-0017.html,syn-0017,semantic_articles,html/syn-0017.html,electronics,clean,5,syn-0017,https://synthetic-shop.local/search/syn-0017,868e08818aa93ea36254f0981c9d22a965f12bc62a5d6b9c183210be8c4c64ee,synthetic-shop.local,0
20261002T161451Z-d2eb76ee,original_fast_query-c8e4f6cb032536,original_fast_query-c8e4f6cb032536,synthetic,original_fast_query,syn-0017,gt-ab638406c3f8c431a2e9,syn-0017-e05,html/syn-0017.html,syn-0017.html,run-none17,synthetic-shop.local,,https://synthetic-shop.local/product/monitor-27-17-05,matched_gt,Монитор 27″ IPS QHD 165 Гц,28990,present,Монитор 27″ IPS QHD 165 Гц,28990.0,1,1,1.0,0,1.0,0.0,0.0,0.0,0.0,,matched_gt; pipeline:generic:synthetic-shop.local,1,0,0,1,0,0,1,0,0,syn-0017,electronics,electronics,Монитор 27″ IPS QHD 165 Гц,28990,https://synthetic-shop.local/product/monitor-27-17-05,1,4.3,3–3 дня,Москва,SYN-17-05,syn-0017,syn-0017-e05,html/syn-0017.html,clean,gt-ab638406c3f8c431a2e9,synthetic-shop.local,run-none17,,,,Монитор 27″ IPS QHD 165 Гц,28990,https://synthetic-shop.local/product/monitor-27-17-05,,syn-0017.html,present,synthetic,html/syn-0017.html,syn-0017.html,run-none17,synthetic-shop.local,D:\Pet_Codes\science\article-price-tracker\synthetic\html\syn-0017.html,https://synthetic-shop.local/search/syn-0017,https://synthetic-shop.local/search/syn-0017,,,,raw_html,,868e08818aa93ea36254f0981c9d22a965f12bc62a5d6b9c183210be8c4c64ee,868e08818aa93ea36254f0981c9d22a965f12bc62a5d6b9c183210be8c4c64ee,html/syn-0017.html,syn-0017,semantic_articles,html/syn-0017.html,electronics,clean,5,syn-0017,https://synthetic-shop.local/search/syn-0017,868e08818aa93ea36254f0981c9d22a965f12bc62a5d6b9c183210be8c4c64ee,synthetic-shop.local,0
20261002T161451Z-d2eb76ee,original_fast_query-e7f52fac18c01d,original_fast_query-e7f52fac18c01d,synthetic,original_fast_query,syn-0017,gt-e7880bb84de635de223e,syn-0017-e03,html/syn-0017.html,syn-0017.html,run-none17,synthetic-shop.local,,https://synthetic-shop.local/product/ssd-1tb-17-03,matched_gt,SSD накопитель 1 ТБ NVMe PCIe 4.0,8608,present,SSD накопитель 1 ТБ NVMe PCIe 4.0,8608.0,1,1,1.0,0,1.0,0.0,0.0,0.0,0.0,,matched_gt; pipeline:generic:synthetic-shop.local,1,0,0,1,0,0,1,0,0,syn-0017,electronics,electronics,SSD накопитель 1 ТБ NVMe PCIe 4.0,8608,https://synthetic-shop.local/product/ssd-1tb-17-03,1,4.1,1–5 дня,Москва,SYN-17-03,syn-0017,syn-0017-e03,html/syn-0017.html,clean,gt-e7880bb84de635de223e,synthetic-shop.local,run-none17,,,,SSD накопитель 1 ТБ NVMe PCIe 4.0,8608,https://synthetic-shop.local/product/ssd-1tb-17-03,,syn-0017.html,present,synthetic,html/syn-0017.html,syn-0017.html,run-none17,synthetic-shop.local,D:\Pet_Codes\science\article-price-tracker\synthetic\html\syn-0017.html,https://synthetic-shop.local/search/syn-0017,https://synthetic-shop.local/search/syn-0017,,,,raw_html,,868e08818aa93ea36254f0981c9d22a965f12bc62a5d6b9c183210be8c4c64ee,868e08818aa93ea36254f0981c9d22a965f12bc62a5d6b9c183210be8c4c64ee,html/syn-0017.html,syn-0017,semantic_articles,html/syn-0017.html,electronics,clean,5,syn-0017,https://synthetic-shop.local/search/syn-0017,868e08818aa93ea36254f0981c9d22a965f12bc62a5d6b9c183210be8c4c64ee,synthetic-shop.local,0
20261002T161451Z-d2eb76ee,original_fast_query-b24a51549531fd,original_fast_query-b24a51549531fd,synthetic,original_fast_query,syn-0017,gt-c6a5f8a46e888e693f31,syn-0017-e02,html/syn-0017.html,syn-0017.html,run-none17,synthetic-shop.local,,https://synthetic-shop.local/product/usb-headset-17-02,matched_gt,Наушники USB с микрофоном,3011,present,Наушники USB с микрофоном,3011.0,1,1,1.0,0,1.0,0.0,0.0,0.0,0.0,,matched_gt; pipeline:generic:synthetic-shop.local,1,0,0,1,0,0,1,0,0,syn-0017,electronics,electronics,Наушники USB с микрофоном,3011,https://synthetic-shop.local/product/usb-headset-17-02,1,4.9,3–4 дня,Москва,SYN-17-02,syn-0017,syn-0017-e02,html/syn-0017.html,clean,gt-c6a5f8a46e888e693f31,synthetic-shop.local,run-none17,,,,Наушники USB с микрофоном,3011,https://synthetic-shop.local/product/usb-headset-17-02,,syn-0017.html,present,synthetic,html/syn-0017.html,syn-0017.html,run-none17,synthetic-shop.local,D:\Pet_Codes\science\article-price-tracker\synthetic\html\syn-0017.html,https://synthetic-shop.local/search/syn-0017,https://synthetic-shop.local/search/syn-0017,,,,raw_html,,868e08818aa93ea36254f0981c9d22a965f12bc62a5d6b9c183210be8c4c64ee,868e08818aa93ea36254f0981c9d22a965f12bc62a5d6b9c183210be8c4c64ee,html/syn-0017.html,syn-0017,semantic_articles,html/syn-0017.html,electronics,clean,5,syn-0017,https://synthetic-shop.local/search/syn-0017,868e08818aa93ea36254f0981c9d22a965f12bc62a5d6b9c183210be8c4c64ee,synthetic-shop.local,0
20261002T161451Z-d2eb76ee,original_fast_query-998ebcef82a541,original_fast_query-998ebcef82a541,synthetic,original_fast_query,syn-0017,gt-21db3aed400a7ab86933,syn-0017-e04,html/syn-0017.html,syn-0017.html,run-none17,synthetic-shop.local,,https://synthetic-shop.local/product/wifi-router-17-04,matched_gt,Маршрутизатор Wi‑Fi 6 AX3000,7137,present,Маршрутизатор Wi‑Fi 6 AX3000,7137.0,1,1,1.0,0,1.0,0.0,0.0,0.0,0.0,,matched_gt; pipeline:generic:synthetic-shop.local,1,0,0,1,0,0,1,0,0,syn-0017,electronics,electronics,Маршрутизатор Wi‑Fi 6 AX3000,7137,https://synthetic-shop.local/product/wifi-router-17-04,1,4.2,2–6 дня,Москва,SYN-17-04,syn-0017,syn-0017-e04,html/syn-0017.html,clean,gt-21db3aed400a7ab86933,synthetic-shop.local,run-none17,,,,Маршрутизатор Wi‑Fi 6 AX3000,7137,https://synthetic-shop.local/product/wifi-router-17-04,,syn-0017.html,present,synthetic,html/syn-0017.html,syn-0017.html,run-none17,synthetic-shop.local,D:\Pet_Codes\science\article-price-tracker\synthetic\html\syn-0017.html,https://synthetic-shop.local/search/syn-0017,https://synthetic-shop.local/search/syn-0017,,,,raw_html,,868e08818aa93ea36254f0981c9d22a965f12bc62a5d6b9c183210be8c4c64ee,868e08818aa93ea36254f0981c9d22a965f12bc62a5d6b9c183210be8c4c64ee,html/syn-0017.html,syn-0017,semantic_articles,html/syn-0017.html,electronics,clean,5,syn-0017,https://synthetic-shop.local/search/syn-0017,868e08818aa93ea36254f0981c9d22a965f12bc62a5d6b9c183210be8c4c64ee,synthetic-shop.local,0
20261002T161451Z-d2eb76ee,original_fast_query-219278e13ea432,,synthetic,original_fast_query,syn-0018,gt-0b4d9b1f955d8aef3d01,syn-0018-e04,html/syn-0018.html,syn-0018.html,run-none18,synthetic-shop.local,,https://synthetic-shop.local/product/mechanical-keyboard-18-04,missing_prediction,Клавиатура механическая USB,6490,present,,,0,0,,0,,,,,,missing_entity,missing_prediction,0,0,1,0,0,1,0,0,1,syn-0018,electronics,electronics,Клавиатура механическая USB,6490,https://synthetic-shop.local/product/mechanical-keyboard-18-04,1,4.3,3–3 дня,Москва,SYN-18-04,syn-0018,syn-0018-e04,html/syn-0018.html,clean,gt-0b4d9b1f955d8aef3d01,synthetic-shop.local,run-none18,,,,Клавиатура механическая USB,6490,https://synthetic-shop.local/product/mechanical-keyboard-18-04,,syn-0018.html,present,synthetic,html/syn-0018.html,syn-0018.html,run-none18,synthetic-shop.local,D:\Pet_Codes\science\article-price-tracker\synthetic\html\syn-0018.html,https://synthetic-shop.local/search/syn-0018,https://synthetic-shop.local/search/syn-0018,,,,raw_html,,bd41b7bb50eb5e91dfcc033bbd3f5f2b0b4e31ba5b40fd5ce1ce939709fc6070,bd41b7bb50eb5e91dfcc033bbd3f5f2b0b4e31ba5b40fd5ce1ce939709fc6070,html/syn-0018.html,syn-0018,data_attrs,html/syn-0018.html,electronics,clean,5,syn-0018,https://synthetic-shop.local/search/syn-0018,bd41b7bb50eb5e91dfcc033bbd3f5f2b0b4e31ba5b40fd5ce1ce939709fc6070,synthetic-shop.local,0
20261002T161451Z-d2eb76ee,original_fast_query-f5a3fdc24e4a92,,synthetic,original_fast_query,syn-0018,gt-c393f8bf13d924c65224,syn-0018-e02,html/syn-0018.html,syn-0018.html,run-none18,synthetic-shop.local,,https://synthetic-shop.local/product/monitor-27-18-02,missing_prediction,Монитор 27″ IPS QHD 165 Гц,29396,present,,,0,0,,0,,,,,,missing_entity,missing_prediction,0,0,1,0,0,1,0,0,1,syn-0018,electronics,electronics,Монитор 27″ IPS QHD 165 Гц,29396,https://synthetic-shop.local/product/monitor-27-18-02,1,4.1,1–5 дня,Москва,SYN-18-02,syn-0018,syn-0018-e02,html/syn-0018.html,clean,gt-c393f8bf13d924c65224,synthetic-shop.local,run-none18,,,,Монитор 27″ IPS QHD 165 Гц,29396,https://synthetic-shop.local/product/monitor-27-18-02,,syn-0018.html,present,synthetic,html/syn-0018.html,syn-0018.html,run-none18,synthetic-shop.local,D:\Pet_Codes\science\article-price-tracker\synthetic\html\syn-0018.html,https://synthetic-shop.local/search/syn-0018,https://synthetic-shop.local/search/syn-0018,,,,raw_html,,bd41b7bb50eb5e91dfcc033bbd3f5f2b0b4e31ba5b40fd5ce1ce939709fc6070,bd41b7bb50eb5e91dfcc033bbd3f5f2b0b4e31ba5b40fd5ce1ce939709fc6070,html/syn-0018.html,syn-0018,data_attrs,html/syn-0018.html,electronics,clean,5,syn-0018,https://synthetic-shop.local/search/syn-0018,bd41b7bb50eb5e91dfcc033bbd3f5f2b0b4e31ba5b40fd5ce1ce939709fc6070,synthetic-shop.local,0
20261002T161451Z-d2eb76ee,original_fast_query-ed464ce360648d,,synthetic,original_fast_query,syn-0018,gt-a1b1497ac0f82dfc32b4,syn-0018-e05,html/syn-0018.html,syn-0018.html,run-none18,synthetic-shop.local,,https://synthetic-shop.local/product/portable-ssd-18-05,missing_prediction,Внешний SSD 2 ТБ USB-C,17109,present,,,0,0,,0,,,,,,missing_entity,missing_prediction,0,0,1,0,0,1,0,0,1,syn-0018,electronics,electronics,Внешний SSD 2 ТБ USB-C,17109,https://synthetic-shop.local/product/portable-ssd-18-05,0,4.4,1–4 дня,Москва,SYN-18-05,syn-0018,syn-0018-e05,html/syn-0018.html,clean,gt-a1b1497ac0f82dfc32b4,synthetic-shop.local,run-none18,,,,Внешний SSD 2 ТБ USB-C,17109,https://synthetic-shop.local/product/portable-ssd-18-05,,syn-0018.html,present,synthetic,html/syn-0018.html,syn-0018.html,run-none18,synthetic-shop.local,D:\Pet_Codes\science\article-price-tracker\synthetic\html\syn-0018.html,https://synthetic-shop.local/search/syn-0018,https://synthetic-shop.local/search/syn-0018,,,,raw_html,,bd41b7bb50eb5e91dfcc033bbd3f5f2b0b4e31ba5b40fd5ce1ce939709fc6070,bd41b7bb50eb5e91dfcc033bbd3f5f2b0b4e31ba5b40fd5ce1ce939709fc6070,html/syn-0018.html,syn-0018,data_attrs,html/syn-0018.html,electronics,clean,5,syn-0018,https://synthetic-shop.local/search/syn-0018,bd41b7bb50eb5e91dfcc033bbd3f5f2b0b4e31ba5b40fd5ce1ce939709fc6070,synthetic-shop.local,0
20261002T161451Z-d2eb76ee,original_fast_query-37db14e3796abb,,synthetic,original_fast_query,syn-0018,gt-60cf4da4d69a3bd5c06c,syn-0018-e03,html/syn-0018.html,syn-0018.html,run-none18,synthetic-shop.local,,https://synthetic-shop.local/product/ups-1000-18-03,missing_prediction,Источник бесперебойного питания 1000 ВА,12242,present,,,0,0,,0,,,,,,missing_entity,missing_prediction,0,0,1,0,0,1,0,0,1,syn-0018,electronics,electronics,Источник бесперебойного питания 1000 ВА,12242,https://synthetic-shop.local/product/ups-1000-18-03,1,4.2,2–6 дня,Москва,SYN-18-03,syn-0018,syn-0018-e03,html/syn-0018.html,clean,gt-60cf4da4d69a3bd5c06c,synthetic-shop.local,run-none18,,,,Источник бесперебойного питания 1000 ВА,12242,https://synthetic-shop.local/product/ups-1000-18-03,,syn-0018.html,present,synthetic,html/syn-0018.html,syn-0018.html,run-none18,synthetic-shop.local,D:\Pet_Codes\science\article-price-tracker\synthetic\html\syn-0018.html,https://synthetic-shop.local/search/syn-0018,https://synthetic-shop.local/search/syn-0018,,,,raw_html,,bd41b7bb50eb5e91dfcc033bbd3f5f2b0b4e31ba5b40fd5ce1ce939709fc6070,bd41b7bb50eb5e91dfcc033bbd3f5f2b0b4e31ba5b40fd5ce1ce939709fc6070,html/syn-0018.html,syn-0018,data_attrs,html/syn-0018.html,electronics,clean,5,syn-0018,https://synthetic-shop.local/search/syn-0018,bd41b7bb50eb5e91dfcc033bbd3f5f2b0b4e31ba5b40fd5ce1ce939709fc6070,synthetic-shop.local,0
20261002T161451Z-d2eb76ee,original_fast_query-da39fb0ab420fe,,synthetic,original_fast_query,syn-0018,gt-09eb47d73ee8022d5a09,syn-0018-e01,html/syn-0018.html,syn-0018.html,run-none18,synthetic-shop.local,,https://synthetic-shop.local/product/wifi-router-18-01,missing_prediction,Маршрутизатор Wi‑Fi 6 AX3000,7039,present,,,0,0,,0,,,,,,missing_entity,missing_prediction,0,0,1,0,0,1,0,0,1,syn-0018,electronics,electronics,Маршрутизатор Wi‑Fi 6 AX3000,7039,https://synthetic-shop.local/product/wifi-router-18-01,1,4.9,3–4 дня,Москва,SYN-18-01,syn-0018,syn-0018-e01,html/syn-0018.html,clean,gt-09eb47d73ee8022d5a09,synthetic-shop.local,run-none18,,,,Маршрутизатор Wi‑Fi 6 AX3000,7039,https://synthetic-shop.local/product/wifi-router-18-01,,syn-0018.html,present,synthetic,html/syn-0018.html,syn-0018.html,run-none18,synthetic-shop.local,D:\Pet_Codes\science\article-price-tracker\synthetic\html\syn-0018.html,https://synthetic-shop.local/search/syn-0018,https://synthetic-shop.local/search/syn-0018,,,,raw_html,,bd41b7bb50eb5e91dfcc033bbd3f5f2b0b4e31ba5b40fd5ce1ce939709fc6070,bd41b7bb50eb5e91dfcc033bbd3f5f2b0b4e31ba5b40fd5ce1ce939709fc6070,html/syn-0018.html,syn-0018,data_attrs,html/syn-0018.html,electronics,clean,5,syn-0018,https://synthetic-shop.local/search/syn-0018,bd41b7bb50eb5e91dfcc033bbd3f5f2b0b4e31ba5b40fd5ce1ce939709fc6070,synthetic-shop.local,0
20261002T161451Z-d2eb76ee,original_fast_query-d3196697c9d72e,,synthetic,original_fast_query,syn-0019,gt-588bd80de857e718cc1d,syn-0019-e03,html/syn-0019.html,syn-0019.html,run-none19,synthetic-shop.local,,https://synthetic-shop.local/product/glass-cleaner-19-03,missing_prediction,Очиститель стекол концентрат 1 л,690,present,,,0,0,,0,,,,,,missing_entity,missing_prediction,0,0,1,0,0,1,0,0,1,syn-0019,other,household_chemicals,Очиститель стекол концентрат 1 л,690,https://synthetic-shop.local/product/glass-cleaner-19-03,1,4.3,3–3 дня,Москва,SYN-19-03,syn-0019,syn-0019-e03,html/syn-0019.html,clean,gt-588bd80de857e718cc1d,synthetic-shop.local,run-none19,,,,Очиститель стекол концентрат 1 л,690,https://synthetic-shop.local/product/glass-cleaner-19-03,,syn-0019.html,present,synthetic,html/syn-0019.html,syn-0019.html,run-none19,synthetic-shop.local,D:\Pet_Codes\science\article-price-tracker\synthetic\html\syn-0019.html,https://synthetic-shop.local/search/syn-0019,https://synthetic-shop.local/search/syn-0019,,,,raw_html,,9709ea835b8d713c84edea5827a86e1924e609efb3b7265dab53f2a7f45355cd,9709ea835b8d713c84edea5827a86e1924e609efb3b7265dab53f2a7f45355cd,html/syn-0019.html,syn-0019,nested_cards,html/syn-0019.html,other,clean,5,syn-0019,https://synthetic-shop.local/search/syn-0019,9709ea835b8d713c84edea5827a86e1924e609efb3b7265dab53f2a7f45355cd,synthetic-shop.local,0
20261002T161451Z-d2eb76ee,original_fast_query-755b45db1baa21,,synthetic,original_fast_query,syn-0019,gt-dee453101c30dd892148,syn-0019-e02,html/syn-0019.html,syn-0019.html,run-none19,synthetic-shop.local,,https://synthetic-shop.local/product/liquid-soap-19-02,missing_prediction,Мыло жидкое профессиональное 5 л,1020,present,,,0,0,,0,,,,,,missing_entity,missing_prediction,0,0,1,0,0,1,0,0,1,syn-0019,other,household_chemicals,Мыло жидкое профессиональное 5 л,1020,https://synthetic-shop.local/product/liquid-soap-19-02,1,4.2,2–6 дня,Москва,SYN-19-02,syn-0019,syn-0019-e02,html/syn-0019.html,clean,gt-dee453101c30dd892148,synthetic-shop.local,run-none19,,,,Мыло жидкое профессиональное 5 л,1020,https://synthetic-shop.local/product/liquid-soap-19-02,,syn-0019.html,present,synthetic,html/syn-0019.html,syn-0019.html,run-none19,synthetic-shop.local,D:\Pet_Codes\science\article-price-tracker\synthetic\html\syn-0019.html,https://synthetic-shop.local/search/syn-0019,https://synthetic-shop.local/search/syn-0019,,,,raw_html,,9709ea835b8d713c84edea5827a86e1924e609efb3b7265dab53f2a7f45355cd,9709ea835b8d713c84edea5827a86e1924e609efb3b7265dab53f2a7f45355cd,html/syn-0019.html,syn-0019,nested_cards,html/syn-0019.html,other,clean,5,syn-0019,https://synthetic-shop.local/search/syn-0019,9709ea835b8d713c84edea5827a86e1924e609efb3b7265dab53f2a7f45355cd,synthetic-shop.local,0
20261002T161451Z-d2eb76ee,original_fast_query-44810ec7e9578c,,synthetic,original_fast_query,syn-0019,gt-949aa198292ad678ae15,syn-0019-e04,html/syn-0019.html,syn-0019.html,run-none19,synthetic-shop.local,,https://synthetic-shop.local/product/nitrile-gloves-19-04,missing_prediction,Перчатки защитные нитриловые 100 шт,1500,present,,,0,0,,0,,,,,,missing_entity,missing_prediction,0,0,1,0,0,1,0,0,1,syn-0019,other,ppe,Перчатки защитные нитриловые 100 шт,1500,https://synthetic-shop.local/product/nitrile-gloves-19-04,0,4.4,1–4 дня,Москва,SYN-19-04,syn-0019,syn-0019-e04,html/syn-0019.html,clean,gt-949aa198292ad678ae15,synthetic-shop.local,run-none19,,,,Перчатки защитные нитриловые 100 шт,1500,https://synthetic-shop.local/product/nitrile-gloves-19-04,,syn-0019.html,present,synthetic,html/syn-0019.html,syn-0019.html,run-none19,synthetic-shop.local,D:\Pet_Codes\science\article-price-tracker\synthetic\html\syn-0019.html,https://synthetic-shop.local/search/syn-0019,https://synthetic-shop.local/search/syn-0019,,,,raw_html,,9709ea835b8d713c84edea5827a86e1924e609efb3b7265dab53f2a7f45355cd,9709ea835b8d713c84edea5827a86e1924e609efb3b7265dab53f2a7f45355cd,html/syn-0019.html,syn-0019,nested_cards,html/syn-0019.html,other,clean,5,syn-0019,https://synthetic-shop.local/search/syn-0019,9709ea835b8d713c84edea5827a86e1924e609efb3b7265dab53f2a7f45355cd,synthetic-shop.local,0
20261002T161451Z-d2eb76ee,original_fast_query-f0d013cb0dbbf2,,synthetic,original_fast_query,syn-0019,gt-b9ae08ca94f1782ae32a,syn-0019-e05,html/syn-0019.html,syn-0019.html,run-none19,synthetic-shop.local,,https://synthetic-shop.local/product/respirator-ffp2-19-05,missing_prediction,Респиратор складной FFP2 10 шт,1210,present,,,0,0,,0,,,,,,missing_entity,missing_prediction,0,0,1,0,0,1,0,0,1,syn-0019,other,ppe,Респиратор складной FFP2 10 шт,1210,https://synthetic-shop.local/product/respirator-ffp2-19-05,1,4.5,2–5 дня,Москва,SYN-19-05,syn-0019,syn-0019-e05,html/syn-0019.html,clean,gt-b9ae08ca94f1782ae32a,synthetic-shop.local,run-none19,,,,Респиратор складной FFP2 10 шт,1210,https://synthetic-shop.local/product/respirator-ffp2-19-05,,syn-0019.html,present,synthetic,html/syn-0019.html,syn-0019.html,run-none19,synthetic-shop.local,D:\Pet_Codes\science\article-price-tracker\synthetic\html\syn-0019.html,https://synthetic-shop.local/search/syn-0019,https://synthetic-shop.local/search/syn-0019,,,,raw_html,,9709ea835b8d713c84edea5827a86e1924e609efb3b7265dab53f2a7f45355cd,9709ea835b8d713c84edea5827a86e1924e609efb3b7265dab53f2a7f45355cd,html/syn-0019.html,syn-0019,nested_cards,html/syn-0019.html,other,clean,5,syn-0019,https://synthetic-shop.local/search/syn-0019,9709ea835b8d713c84edea5827a86e1924e609efb3b7265dab53f2a7f45355cd,synthetic-shop.local,0
20261002T161451Z-d2eb76ee,original_fast_query-774554e45e2f9f,,synthetic,original_fast_query,syn-0019,gt-7d1b04a21059091332db,syn-0019-e01,html/syn-0019.html,syn-0019.html,run-none19,synthetic-shop.local,,https://synthetic-shop.local/product/surface-cleaner-19-01,missing_prediction,Средство для очистки поверхностей 5 л,1310,present,,,0,0,,0,,,,,,missing_entity,missing_prediction,0,0,1,0,0,1,0,0,1,syn-0019,other,household_chemicals,Средство для очистки поверхностей 5 л,1310,https://synthetic-shop.local/product/surface-cleaner-19-01,1,4.1,1–5 дня,Москва,SYN-19-01,syn-0019,syn-0019-e01,html/syn-0019.html,clean,gt-7d1b04a21059091332db,synthetic-shop.local,run-none19,,,,Средство для очистки поверхностей 5 л,1310,https://synthetic-shop.local/product/surface-cleaner-19-01,,syn-0019.html,present,synthetic,html/syn-0019.html,syn-0019.html,run-none19,synthetic-shop.local,D:\Pet_Codes\science\article-price-tracker\synthetic\html\syn-0019.html,https://synthetic-shop.local/search/syn-0019,https://synthetic-shop.local/search/syn-0019,,,,raw_html,,9709ea835b8d713c84edea5827a86e1924e609efb3b7265dab53f2a7f45355cd,9709ea835b8d713c84edea5827a86e1924e609efb3b7265dab53f2a7f45355cd,html/syn-0019.html,syn-0019,nested_cards,html/syn-0019.html,other,clean,5,syn-0019,https://synthetic-shop.local/search/syn-0019,9709ea835b8d713c84edea5827a86e1924e609efb3b7265dab53f2a7f45355cd,synthetic-shop.local,0
20261002T161451Z-d2eb76ee,original_fast_query-4fb71f943089eb,original_fast_query-4fb71f943089eb,synthetic,original_fast_query,syn-0020,gt-e1fe1f0af9a2917ca37d,syn-0020-e05,html/syn-0020.html,syn-0020.html,run-none20,synthetic-shop.local,,https://synthetic-shop.local/product/bucket-12l-20-05,matched_gt,Ведро пластиковое 12 л с крышкой,520,present,Ведро пластиковое 12 л с крышкой,520.0,1,1,1.0,0,1.0,0.0,0.0,0.0,0.0,,matched_gt; pipeline:generic:synthetic-shop.local,1,0,0,1,0,0,1,0,0,syn-0020,other,containers,Ведро пластиковое 12 л с крышкой,520,https://synthetic-shop.local/product/bucket-12l-20-05,1,4.6,3–6 дня,Москва,SYN-20-05,syn-0020,syn-0020-e05,html/syn-0020.html,clean,gt-e1fe1f0af9a2917ca37d,synthetic-shop.local,run-none20,,,,Ведро пластиковое 12 л с крышкой,520,https://synthetic-shop.local/product/bucket-12l-20-05,,syn-0020.html,present,synthetic,html/syn-0020.html,syn-0020.html,run-none20,synthetic-shop.local,D:\Pet_Codes\science\article-price-tracker\synthetic\html\syn-0020.html,https://synthetic-shop.local/search/syn-0020,https://synthetic-shop.local/search/syn-0020,,,,raw_html,,85aedb3ad9545a37caa15a2b67f2f85b84c9c0ee549b7fa030def253f77f2c13,85aedb3ad9545a37caa15a2b67f2f85b84c9c0ee549b7fa030def253f77f2c13,html/syn-0020.html,syn-0020,mixed_markup,html/syn-0020.html,other,clean,5,syn-0020,https://synthetic-shop.local/search/syn-0020,85aedb3ad9545a37caa15a2b67f2f85b84c9c0ee549b7fa030def253f77f2c13,synthetic-shop.local,0
20261002T161451Z-d2eb76ee,original_fast_query-d3a030b668cf96,original_fast_query-d3a030b668cf96,synthetic,original_fast_query,syn-0020,gt-9941848427d96341af34,syn-0020-e04,html/syn-0020.html,syn-0020.html,run-none20,synthetic-shop.local,,https://synthetic-shop.local/product/canister-20l-20-04,matched_gt,Канистра 20 л пищевая,1110,present,Канистра 20 л пищевая,1110.0,1,1,1.0,0,1.0,0.0,0.0,0.0,0.0,,matched_gt; pipeline:generic:synthetic-shop.local,1,0,0,1,0,0,1,0,0,syn-0020,other,containers,Канистра 20 л пищевая,1110,https://synthetic-shop.local/product/canister-20l-20-04,1,4.5,2–5 дня,Москва,SYN-20-04,syn-0020,syn-0020-e04,html/syn-0020.html,clean,gt-9941848427d96341af34,synthetic-shop.local,run-none20,,,,Канистра 20 л пищевая,1110,https://synthetic-shop.local/product/canister-20l-20-04,,syn-0020.html,present,synthetic,html/syn-0020.html,syn-0020.html,run-none20,synthetic-shop.local,D:\Pet_Codes\science\article-price-tracker\synthetic\html\syn-0020.html,https://synthetic-shop.local/search/syn-0020,https://synthetic-shop.local/search/syn-0020,,,,raw_html,,85aedb3ad9545a37caa15a2b67f2f85b84c9c0ee549b7fa030def253f77f2c13,85aedb3ad9545a37caa15a2b67f2f85b84c9c0ee549b7fa030def253f77f2c13,html/syn-0020.html,syn-0020,mixed_markup,html/syn-0020.html,other,clean,5,syn-0020,https://synthetic-shop.local/search/syn-0020,85aedb3ad9545a37caa15a2b67f2f85b84c9c0ee549b7fa030def253f77f2c13,synthetic-shop.local,0
20261002T161451Z-d2eb76ee,original_fast_query-ae855c182496e8,original_fast_query-ae855c182496e8,synthetic,original_fast_query,syn-0020,gt-77d0c3a61fd0b5623ba3,syn-0020-e02,html/syn-0020.html,syn-0020.html,run-none20,synthetic-shop.local,,https://synthetic-shop.local/product/container-45l-20-02,matched_gt,Контейнер пластиковый 45 л с крышкой,1890,present,Контейнер пластиковый 45 л с крышкой,1890.0,1,1,1.0,0,1.0,0.0,0.0,0.0,0.0,,matched_gt; pipeline:generic:synthetic-shop.local,1,0,0,1,0,0,1,0,0,syn-0020,other,containers,Контейнер пластиковый 45 л с крышкой,1890,https://synthetic-shop.local/product/container-45l-20-02,1,4.3,3–3 дня,Москва,SYN-20-02,syn-0020,syn-0020-e02,html/syn-0020.html,clean,gt-77d0c3a61fd0b5623ba3,synthetic-shop.local,run-none20,,,,Контейнер пластиковый 45 л с крышкой,1890,https://synthetic-shop.local/product/container-45l-20-02,,syn-0020.html,present,synthetic,html/syn-0020.html,syn-0020.html,run-none20,synthetic-shop.local,D:\Pet_Codes\science\article-price-tracker\synthetic\html\syn-0020.html,https://synthetic-shop.local/search/syn-0020,https://synthetic-shop.local/search/syn-0020,,,,raw_html,,85aedb3ad9545a37caa15a2b67f2f85b84c9c0ee549b7fa030def253f77f2c13,85aedb3ad9545a37caa15a2b67f2f85b84c9c0ee549b7fa030def253f77f2c13,html/syn-0020.html,syn-0020,mixed_markup,html/syn-0020.html,other,clean,5,syn-0020,https://synthetic-shop.local/search/syn-0020,85aedb3ad9545a37caa15a2b67f2f85b84c9c0ee549b7fa030def253f77f2c13,synthetic-shop.local,0
20261002T161451Z-d2eb76ee,original_fast_query-bc50ed32ec6701,original_fast_query-bc50ed32ec6701,synthetic,original_fast_query,syn-0020,gt-1b3c346282ac3986409e,syn-0020-e01,html/syn-0020.html,syn-0020.html,run-none20,synthetic-shop.local,,https://synthetic-shop.local/product/safety-glasses-20-01,matched_gt,Очки защитные прозрачные,620,present,Очки защитные прозрачные,620.0,1,1,1.0,0,1.0,0.0,0.0,0.0,0.0,,matched_gt; pipeline:generic:synthetic-shop.local,1,0,0,1,0,0,1,0,0,syn-0020,other,ppe,Очки защитные прозрачные,620,https://synthetic-shop.local/product/safety-glasses-20-01,1,4.2,2–6 дня,Москва,SYN-20-01,syn-0020,syn-0020-e01,html/syn-0020.html,clean,gt-1b3c346282ac3986409e,synthetic-shop.local,run-none20,,,,Очки защитные прозрачные,620,https://synthetic-shop.local/product/safety-glasses-20-01,,syn-0020.html,present,synthetic,html/syn-0020.html,syn-0020.html,run-none20,synthetic-shop.local,D:\Pet_Codes\science\article-price-tracker\synthetic\html\syn-0020.html,https://synthetic-shop.local/search/syn-0020,https://synthetic-shop.local/search/syn-0020,,,,raw_html,,85aedb3ad9545a37caa15a2b67f2f85b84c9c0ee549b7fa030def253f77f2c13,85aedb3ad9545a37caa15a2b67f2f85b84c9c0ee549b7fa030def253f77f2c13,html/syn-0020.html,syn-0020,mixed_markup,html/syn-0020.html,other,clean,5,syn-0020,https://synthetic-shop.local/search/syn-0020,85aedb3ad9545a37caa15a2b67f2f85b84c9c0ee549b7fa030def253f77f2c13,synthetic-shop.local,0
20261002T161451Z-d2eb76ee,original_fast_query-aea1d80d53db2e,original_fast_query-aea1d80d53db2e,synthetic,original_fast_query,syn-0020,gt-c6d3520d7d9339ae0549,syn-0020-e03,html/syn-0020.html,syn-0020.html,run-none20,synthetic-shop.local,,https://synthetic-shop.local/product/warehouse-box-20-03,matched_gt,Ящик складской 600×400×220 мм,2507,present,Ящик складской 600×400×220 мм,2507.0,1,1,1.0,0,1.0,0.0,0.0,0.0,0.0,,matched_gt; pipeline:generic:synthetic-shop.local,1,0,0,1,0,0,1,0,0,syn-0020,other,containers,Ящик складской 600×400×220 мм,2507,https://synthetic-shop.local/product/warehouse-box-20-03,0,4.4,1–4 дня,Москва,SYN-20-03,syn-0020,syn-0020-e03,html/syn-0020.html,clean,gt-c6d3520d7d9339ae0549,synthetic-shop.local,run-none20,,,,Ящик складской 600×400×220 мм,2507,https://synthetic-shop.local/product/warehouse-box-20-03,,syn-0020.html,present,synthetic,html/syn-0020.html,syn-0020.html,run-none20,synthetic-shop.local,D:\Pet_Codes\science\article-price-tracker\synthetic\html\syn-0020.html,https://synthetic-shop.local/search/syn-0020,https://synthetic-shop.local/search/syn-0020,,,,raw_html,,85aedb3ad9545a37caa15a2b67f2f85b84c9c0ee549b7fa030def253f77f2c13,85aedb3ad9545a37caa15a2b67f2f85b84c9c0ee549b7fa030def253f77f2c13,html/syn-0020.html,syn-0020,mixed_markup,html/syn-0020.html,other,clean,5,syn-0020,https://synthetic-shop.local/search/syn-0020,85aedb3ad9545a37caa15a2b67f2f85b84c9c0ee549b7fa030def253f77f2c13,synthetic-shop.local,0
