benchmark_run_id,dataset,variant,page_id,html_file,query,page_status,is_scored,gt_positive_count,prediction_count,matched_gt,missing_prediction,unmatched_prediction,page_has_products_ok,entity_TP,entity_FP,entity_FN,name_TP,name_FP,name_FN,price_TP,price_FP,price_FN,manifest__dataset,manifest__html_file,manifest__html_key,manifest__run_id,manifest__source,manifest__html_path,manifest__page_url,manifest__source_url,manifest__query,manifest__location,manifest__route,manifest__artifact_kind,manifest__skip_reason,manifest__content_sha256,manifest__expected_sha256,page_meta__abs_path,page_meta__app_blocked,page_meta__artifact_path,page_meta__benchmark_html_file,page_meta__block_detector,page_meta__blocked_markers,page_meta__captured_at,page_meta__char_len,page_meta__derived_collection_summary,page_meta__development_overlap_risk,page_meta__duplicate_of_page_id,page_meta__empty_result_reason,page_meta__exact_duplicate,page_meta__exclusion_reason,page_meta__include,page_meta__location,page_meta__metadata_is_blocked,page_meta__page_id,page_meta__page_kind,page_meta__page_url,page_meta__product_evidence,page_meta__provenance,page_meta__query,page_meta__route,page_meta__run_id,page_meta__sha256,page_meta__size_bytes,page_meta__small_html,page_meta__source,page_meta__source_url,page_meta__title,page_meta__tracking_url_present,source,run_id,location,route,extraction_status,html_read_ms,html_parse_ms,extract_ms,candidate_count,deduplicated_count,returned_count,candidate_limit_hit,error_type,error_message,error_traceback,original_status,replay_cached,shared_extraction_ms,query_filter_ms,timing_scope,gt_price_present_count,gt_price_absent_count,gt_price_unannotated_count,matched_name_similarity_mean,matched_price_MAE,matched_price_MAPE,unexpected_price_FP,page_TP,page_FP,page_FN,page_TN,entity_P,entity_R,entity_F1,name_P,name_R,name_F1,price_P,price_R,price_F1
20261002T161451Z-d2eb76ee,industrial,original_fast,dind-bigam.ru-4c31321224ca0dfb,html/bigam.ru-run-070e415b.html,дрель,positive,True,35.0,36.0,35,0,1,1.0,35,1,0,35,1,0,35,1,0,industrial,html/bigam.ru-run-070e415b.html,bigam.ru-run-070e415b.html,run-070e415b,bigam.ru,D:\Pet_Codes\science\article-price-tracker\industrial\html\bigam.ru-run-070e415b.html,https://bigam.ru,https://bigam.ru,дрель,Санкт-Петербург,shared_live_search,raw_html,,4c31321224ca0dfbca56e826bf58519584b6cbaccd7497bdc9f7a02ca8e4e614,4c31321224ca0dfbca56e826bf58519584b6cbaccd7497bdc9f7a02ca8e4e614,D:\Job_Codes\PriceTracker\.artifacts\collection\run-070e415b\bigam.ru.html,False,run-070e415b\bigam.ru.html,html/bigam.ru-run-070e415b.html,application_import,,2026-05-12T14:03:54.290886+00:00,498939,False,False,,,False,,True,Санкт-Петербург,,dind-bigam.ru-4c31321224ca0dfb,product_page_or_listing,https://bigam.ru,True,collection_run,дрель,shared_live_search,run-070e415b,4c31321224ca0dfbca56e826bf58519584b6cbaccd7497bdc9f7a02ca8e4e614,512585,False,bigam.ru,https://bigam.ru,"Бигам Москва | Интернет-магазин электроинструмента, бензоинструмента, строительной техники и оборудования",False,bigam.ru,run-070e415b,Санкт-Петербург,shared_live_search,ok,1.1998999999999853,,9003.0419,36.0,36.0,36.0,False,,,,ok,False,9003.0419,21.509299999999712,HTML parse + extraction; shared across modes,35,0,0,1.0,0.0,0.0,0,1,0,0,0,0.9722222222222222,1.0,0.9859154929577464,0.9722222222222222,1.0,0.9859154929577464,0.9722222222222222,1.0,0.9859154929577464
20261002T161451Z-d2eb76ee,industrial,original_fast,dind-bigam.ru-f2294a326cfcba05,html/bigam.ru-run-1a7ee5bc.html,дрель безударная,positive,True,35.0,37.0,35,0,2,1.0,35,2,0,35,2,0,35,2,0,industrial,html/bigam.ru-run-1a7ee5bc.html,bigam.ru-run-1a7ee5bc.html,run-1a7ee5bc,bigam.ru,D:\Pet_Codes\science\article-price-tracker\industrial\html\bigam.ru-run-1a7ee5bc.html,https://bigam.ru,https://bigam.ru,дрель безударная,Санкт-Петербург,shared_live_search,raw_html,,f2294a326cfcba050c38cb98d3f513dd7c976658736031a45ac57fe790070a2e,f2294a326cfcba050c38cb98d3f513dd7c976658736031a45ac57fe790070a2e,D:\Job_Codes\PriceTracker\.artifacts\collection\run-1a7ee5bc\bigam.ru.html,False,run-1a7ee5bc\bigam.ru.html,html/bigam.ru-run-1a7ee5bc.html,application_import,,2026-05-11T14:37:39.052186+00:00,470419,False,False,,,False,,True,Санкт-Петербург,,dind-bigam.ru-f2294a326cfcba05,product_page_or_listing,https://bigam.ru,True,collection_run,дрель безударная,shared_live_search,run-1a7ee5bc,f2294a326cfcba050c38cb98d3f513dd7c976658736031a45ac57fe790070a2e,484471,False,bigam.ru,https://bigam.ru,"Бигам Москва | Интернет-магазин электроинструмента, бензоинструмента, строительной техники и оборудования",False,bigam.ru,run-1a7ee5bc,Санкт-Петербург,shared_live_search,ok,0.9326999999993859,,4712.1855,37.0,37.0,37.0,False,,,,ok,False,4712.1855,3.9624000000003434,HTML parse + extraction; shared across modes,35,0,0,1.0,0.0,0.0,0,1,0,0,0,0.9459459459459459,1.0,0.9722222222222222,0.9459459459459459,1.0,0.9722222222222222,0.9459459459459459,1.0,0.9722222222222222
20261002T161451Z-d2eb76ee,industrial,original_fast,dind-bigam.ru-053b5e451a07d93b,html/bigam.ru-run-25730645.html,дрель безударная,positive,True,35.0,37.0,35,0,2,1.0,35,2,0,35,2,0,35,2,0,industrial,html/bigam.ru-run-25730645.html,bigam.ru-run-25730645.html,run-25730645,bigam.ru,D:\Pet_Codes\science\article-price-tracker\industrial\html\bigam.ru-run-25730645.html,https://bigam.ru,https://bigam.ru,дрель безударная,Санкт-Петербург,shared_live_search,raw_html,,053b5e451a07d93bbd6f4cbb3b055fcc53b5781b46e7f4260ffe20e9cd982610,053b5e451a07d93bbd6f4cbb3b055fcc53b5781b46e7f4260ffe20e9cd982610,D:\Job_Codes\PriceTracker\.artifacts\collection\run-25730645\bigam.ru.html,False,run-25730645\bigam.ru.html,html/bigam.ru-run-25730645.html,application_import,,2026-05-11T15:03:09.115814+00:00,469895,False,False,,,False,,True,Санкт-Петербург,,dind-bigam.ru-053b5e451a07d93b,product_page_or_listing,https://bigam.ru,True,collection_run,дрель безударная,shared_live_search,run-25730645,053b5e451a07d93bbd6f4cbb3b055fcc53b5781b46e7f4260ffe20e9cd982610,483954,False,bigam.ru,https://bigam.ru,"Бигам Москва | Интернет-магазин электроинструмента, бензоинструмента, строительной техники и оборудования",False,bigam.ru,run-25730645,Санкт-Петербург,shared_live_search,ok,1.0676000000003114,,4540.0713,37.0,37.0,37.0,False,,,,ok,False,4540.0713,3.6765999999988708,HTML parse + extraction; shared across modes,35,0,0,1.0,0.0,0.0,0,1,0,0,0,0.9459459459459459,1.0,0.9722222222222222,0.9459459459459459,1.0,0.9722222222222222,0.9459459459459459,1.0,0.9722222222222222
20261002T161451Z-d2eb76ee,industrial,original_fast,dind-bigam.ru-a17e0c3e4a6faaf2,html/bigam.ru-run-401e5667.html,дрель безударная,positive,True,35.0,37.0,35,0,2,1.0,35,2,0,35,2,0,35,2,0,industrial,html/bigam.ru-run-401e5667.html,bigam.ru-run-401e5667.html,run-401e5667,bigam.ru,D:\Pet_Codes\science\article-price-tracker\industrial\html\bigam.ru-run-401e5667.html,https://bigam.ru,https://bigam.ru,дрель безударная,Санкт-Петербург,shared_live_search,raw_html,,a17e0c3e4a6faaf2efe20211ba4c4ea594beacd9445198230b909a8462de91df,a17e0c3e4a6faaf2efe20211ba4c4ea594beacd9445198230b909a8462de91df,D:\Job_Codes\PriceTracker\.artifacts\collection\run-401e5667\bigam.ru.html,False,run-401e5667\bigam.ru.html,html/bigam.ru-run-401e5667.html,application_import,,2026-05-11T17:14:32.201353+00:00,467609,False,False,,,False,,True,Санкт-Петербург,,dind-bigam.ru-a17e0c3e4a6faaf2,product_page_or_listing,https://bigam.ru,True,collection_run,дрель безударная,shared_live_search,run-401e5667,a17e0c3e4a6faaf2efe20211ba4c4ea594beacd9445198230b909a8462de91df,481697,False,bigam.ru,https://bigam.ru,"Бигам Москва | Интернет-магазин электроинструмента, бензоинструмента, строительной техники и оборудования",False,bigam.ru,run-401e5667,Санкт-Петербург,shared_live_search,ok,0.8051999999988766,,4438.647399999998,37.0,37.0,37.0,False,,,,ok,False,4438.647399999998,3.6942000000017288,HTML parse + extraction; shared across modes,35,0,0,1.0,0.0,0.0,0,1,0,0,0,0.9459459459459459,1.0,0.9722222222222222,0.9459459459459459,1.0,0.9722222222222222,0.9459459459459459,1.0,0.9722222222222222
20261002T161451Z-d2eb76ee,industrial,original_fast,dind-bigam.ru-c6cf7468e0715e1f,html/bigam.ru-run-4671429e.html,пкалупдртдвлупат,positive,True,30.0,32.0,30,0,2,1.0,30,2,0,30,2,0,30,2,0,industrial,html/bigam.ru-run-4671429e.html,bigam.ru-run-4671429e.html,run-4671429e,bigam.ru,D:\Pet_Codes\science\article-price-tracker\industrial\html\bigam.ru-run-4671429e.html,https://bigam.ru,https://bigam.ru,пкалупдртдвлупат,Санкт-Петербург,shared_live_search,raw_html,,c6cf7468e0715e1f263ad2ff07bd463c9e16851bbd8648a679737e150bbc9fe9,c6cf7468e0715e1f263ad2ff07bd463c9e16851bbd8648a679737e150bbc9fe9,D:\Job_Codes\PriceTracker\.artifacts\collection\run-4671429e\bigam.ru.html,False,run-4671429e\bigam.ru.html,html/bigam.ru-run-4671429e.html,application_import,,2026-05-11T15:10:33.078829+00:00,455805,False,False,,,False,,True,Санкт-Петербург,,dind-bigam.ru-c6cf7468e0715e1f,product_page_or_listing,https://bigam.ru,True,collection_run,пкалупдртдвлупат,shared_live_search,run-4671429e,c6cf7468e0715e1f263ad2ff07bd463c9e16851bbd8648a679737e150bbc9fe9,469561,False,bigam.ru,https://bigam.ru,"Бигам Москва | Интернет-магазин электроинструмента, бензоинструмента, строительной техники и оборудования",False,bigam.ru,run-4671429e,Санкт-Петербург,shared_live_search,ok,0.8371000000006461,,3581.0129000000015,32.0,32.0,32.0,False,,,,ok,False,3581.0129000000015,4.196599999999307,HTML parse + extraction; shared across modes,30,0,0,1.0,0.0,0.0,0,1,0,0,0,0.9375,1.0,0.967741935483871,0.9375,1.0,0.967741935483871,0.9375,1.0,0.967741935483871
20261002T161451Z-d2eb76ee,industrial,original_fast,dind-bigam.ru-d64d3122a4ac0d62,html/bigam.ru-run-4d6dca4d.html,дрель безударная,positive,True,35.0,37.0,35,0,2,1.0,35,2,0,35,2,0,35,2,0,industrial,html/bigam.ru-run-4d6dca4d.html,bigam.ru-run-4d6dca4d.html,run-4d6dca4d,bigam.ru,D:\Pet_Codes\science\article-price-tracker\industrial\html\bigam.ru-run-4d6dca4d.html,https://bigam.ru,https://bigam.ru,дрель безударная,Санкт-Петербург,shared_live_search,raw_html,,d64d3122a4ac0d627b3c5b50a14977ff1185f14ace2dc76e80ce48a7d513e24d,d64d3122a4ac0d627b3c5b50a14977ff1185f14ace2dc76e80ce48a7d513e24d,D:\Job_Codes\PriceTracker\.artifacts\collection\run-4d6dca4d\bigam.ru.html,False,run-4d6dca4d\bigam.ru.html,html/bigam.ru-run-4d6dca4d.html,application_import,,2026-05-11T16:44:23.128101+00:00,467740,False,False,,,False,,True,Санкт-Петербург,,dind-bigam.ru-d64d3122a4ac0d62,product_page_or_listing,https://bigam.ru,True,collection_run,дрель безударная,shared_live_search,run-4d6dca4d,d64d3122a4ac0d627b3c5b50a14977ff1185f14ace2dc76e80ce48a7d513e24d,481752,False,bigam.ru,https://bigam.ru,"Бигам Москва | Интернет-магазин электроинструмента, бензоинструмента, строительной техники и оборудования",False,bigam.ru,run-4d6dca4d,Санкт-Петербург,shared_live_search,ok,0.9048000000002503,,4855.1119,37.0,37.0,37.0,False,,,,ok,False,4855.1119,3.745100000000093,HTML parse + extraction; shared across modes,35,0,0,1.0,0.0,0.0,0,1,0,0,0,0.9459459459459459,1.0,0.9722222222222222,0.9459459459459459,1.0,0.9722222222222222,0.9459459459459459,1.0,0.9722222222222222
20261002T161451Z-d2eb76ee,industrial,original_fast,dind-bigam.ru-9d6f5f15a221a4b8,html/bigam.ru-run-5ce6eea7.html,дрель makita,positive,True,15.0,17.0,15,0,2,1.0,15,2,0,15,2,0,15,2,0,industrial,html/bigam.ru-run-5ce6eea7.html,bigam.ru-run-5ce6eea7.html,run-5ce6eea7,bigam.ru,D:\Pet_Codes\science\article-price-tracker\industrial\html\bigam.ru-run-5ce6eea7.html,https://bigam.ru,https://bigam.ru,дрель makita,Санкт-Петербург,shared_live_search,raw_html,,9d6f5f15a221a4b824ce0b3a4c4635655e2cdc521bfe3c973aad9fe47536c860,9d6f5f15a221a4b824ce0b3a4c4635655e2cdc521bfe3c973aad9fe47536c860,D:\Job_Codes\PriceTracker\.artifacts\collection\run-5ce6eea7\bigam.ru.html,False,run-5ce6eea7\bigam.ru.html,html/bigam.ru-run-5ce6eea7.html,application_import,,2026-05-12T07:56:31.407937+00:00,434221,False,False,,,False,,True,Санкт-Петербург,,dind-bigam.ru-9d6f5f15a221a4b8,product_page_or_listing,https://bigam.ru,True,collection_run,дрель makita,shared_live_search,run-5ce6eea7,9d6f5f15a221a4b824ce0b3a4c4635655e2cdc521bfe3c973aad9fe47536c860,447245,False,bigam.ru,https://bigam.ru,"Бигам Москва | Интернет-магазин электроинструмента, бензоинструмента, строительной техники и оборудования",False,bigam.ru,run-5ce6eea7,Санкт-Петербург,shared_live_search,ok,1.3240000000005239,,3621.296599999998,17.0,17.0,17.0,False,,,,ok,False,3621.296599999998,1.8867000000027474,HTML parse + extraction; shared across modes,15,0,0,1.0,0.0,0.0,0,1,0,0,0,0.8823529411764706,1.0,0.9375,0.8823529411764706,1.0,0.9375,0.8823529411764706,1.0,0.9375
20261002T161451Z-d2eb76ee,industrial,original_fast,dind-bigam.ru-0b40accb7c68a78f,html/bigam.ru-run-8ce98d27.html,дрель безударная,positive,True,35.0,37.0,35,0,2,1.0,35,2,0,35,2,0,35,2,0,industrial,html/bigam.ru-run-8ce98d27.html,bigam.ru-run-8ce98d27.html,run-8ce98d27,bigam.ru,D:\Pet_Codes\science\article-price-tracker\industrial\html\bigam.ru-run-8ce98d27.html,https://bigam.ru,https://bigam.ru,дрель безударная,Санкт-Петербург,shared_live_search,raw_html,,0b40accb7c68a78f15f9bfb84c439310ac03a6b43559392fdae06801412b4749,0b40accb7c68a78f15f9bfb84c439310ac03a6b43559392fdae06801412b4749,D:\Job_Codes\PriceTracker\.artifacts\collection\run-8ce98d27\bigam.ru.html,False,run-8ce98d27\bigam.ru.html,html/bigam.ru-run-8ce98d27.html,application_import,,2026-05-11T14:10:14.662936+00:00,470205,False,False,,,False,,True,Санкт-Петербург,,dind-bigam.ru-0b40accb7c68a78f,product_page_or_listing,https://bigam.ru,True,collection_run,дрель безударная,shared_live_search,run-8ce98d27,0b40accb7c68a78f15f9bfb84c439310ac03a6b43559392fdae06801412b4749,484257,False,bigam.ru,https://bigam.ru,"Бигам Москва | Интернет-магазин электроинструмента, бензоинструмента, строительной техники и оборудования",False,bigam.ru,run-8ce98d27,Санкт-Петербург,shared_live_search,ok,1.5829000000012456,,4073.012999999999,37.0,37.0,37.0,False,,,,ok,False,4073.012999999999,4.877999999996973,HTML parse + extraction; shared across modes,35,0,0,1.0,0.0,0.0,0,1,0,0,0,0.9459459459459459,1.0,0.9722222222222222,0.9459459459459459,1.0,0.9722222222222222,0.9459459459459459,1.0,0.9722222222222222
20261002T161451Z-d2eb76ee,industrial,original_fast,dind-bigam.ru-924b98be2f260451,html/bigam.ru-run-a4614cf8.html,шуруповерт зубр,positive,True,35.0,37.0,35,0,2,1.0,35,2,0,35,2,0,35,2,0,industrial,html/bigam.ru-run-a4614cf8.html,bigam.ru-run-a4614cf8.html,run-a4614cf8,bigam.ru,D:\Pet_Codes\science\article-price-tracker\industrial\html\bigam.ru-run-a4614cf8.html,https://bigam.ru,https://bigam.ru,шуруповерт зубр,Санкт-Петербург,shared_live_search,raw_html,,924b98be2f26045165bfadb68dc9d751073cbf7429f889686cc3ee06be288650,924b98be2f26045165bfadb68dc9d751073cbf7429f889686cc3ee06be288650,D:\Job_Codes\PriceTracker\.artifacts\collection\run-a4614cf8\bigam.ru.html,False,run-a4614cf8\bigam.ru.html,html/bigam.ru-run-a4614cf8.html,application_import,,2026-05-13T06:04:03.207112+00:00,463800,False,False,,,False,,True,Санкт-Петербург,,dind-bigam.ru-924b98be2f260451,product_page_or_listing,https://bigam.ru,True,collection_run,шуруповерт зубр,shared_live_search,run-a4614cf8,924b98be2f26045165bfadb68dc9d751073cbf7429f889686cc3ee06be288650,477089,False,bigam.ru,https://bigam.ru,"Бигам Москва | Интернет-магазин электроинструмента, бензоинструмента, строительной техники и оборудования",False,bigam.ru,run-a4614cf8,Санкт-Петербург,shared_live_search,ok,12.769099999997707,,3902.9372000000003,37.0,37.0,37.0,False,,,,ok,False,3902.9372000000003,3.3201999999946565,HTML parse + extraction; shared across modes,35,0,0,1.0,0.0,0.0,0,1,0,0,0,0.9459459459459459,1.0,0.9722222222222222,0.9459459459459459,1.0,0.9722222222222222,0.9459459459459459,1.0,0.9722222222222222
20261002T161451Z-d2eb76ee,industrial,original_fast,dind-bigam.ru-28741ad7ac8f3e85,html/bigam.ru-run-c32f0a7d.html,дрель makita,positive,True,35.0,37.0,35,0,2,1.0,35,2,0,35,2,0,35,2,0,industrial,html/bigam.ru-run-c32f0a7d.html,bigam.ru-run-c32f0a7d.html,run-c32f0a7d,bigam.ru,D:\Pet_Codes\science\article-price-tracker\industrial\html\bigam.ru-run-c32f0a7d.html,https://bigam.ru,https://bigam.ru,дрель makita,Санкт-Петербург,shared_live_search,raw_html,,28741ad7ac8f3e858847ae9a8f667684756595b87fc6d624caa6d829f489be6b,28741ad7ac8f3e858847ae9a8f667684756595b87fc6d624caa6d829f489be6b,D:\Job_Codes\PriceTracker\.artifacts\collection\run-c32f0a7d\bigam.ru.html,False,run-c32f0a7d\bigam.ru.html,html/bigam.ru-run-c32f0a7d.html,application_import,,2026-05-12T08:00:18.748318+00:00,465274,False,False,,,False,,True,Санкт-Петербург,,dind-bigam.ru-28741ad7ac8f3e85,product_page_or_listing,https://bigam.ru,True,collection_run,дрель makita,shared_live_search,run-c32f0a7d,28741ad7ac8f3e858847ae9a8f667684756595b87fc6d624caa6d829f489be6b,479419,False,bigam.ru,https://bigam.ru,"Бигам Москва | Интернет-магазин электроинструмента, бензоинструмента, строительной техники и оборудования",False,bigam.ru,run-c32f0a7d,Санкт-Петербург,shared_live_search,ok,1.7654999999940628,,3991.681399999994,37.0,37.0,37.0,False,,,,ok,False,3991.681399999994,3.13810000000376,HTML parse + extraction; shared across modes,35,0,0,1.0,0.0,0.0,0,1,0,0,0,0.9459459459459459,1.0,0.9722222222222222,0.9459459459459459,1.0,0.9722222222222222,0.9459459459459459,1.0,0.9722222222222222
20261002T161451Z-d2eb76ee,industrial,original_fast,dind-bigam.ru-f9a11490fa2ea0fe,html/bigam.ru-run-d479cc88.html,дрель makita,positive,True,35.0,37.0,35,0,2,1.0,35,2,0,35,2,0,35,2,0,industrial,html/bigam.ru-run-d479cc88.html,bigam.ru-run-d479cc88.html,run-d479cc88,bigam.ru,D:\Pet_Codes\science\article-price-tracker\industrial\html\bigam.ru-run-d479cc88.html,https://bigam.ru,https://bigam.ru,дрель makita,Санкт-Петербург,shared_live_search,raw_html,,f9a11490fa2ea0feb63c0595ed9f455ad3ffc295fe29deac566eb5ffe215985a,f9a11490fa2ea0feb63c0595ed9f455ad3ffc295fe29deac566eb5ffe215985a,D:\Job_Codes\PriceTracker\.artifacts\collection\run-d479cc88\bigam.ru.html,False,run-d479cc88\bigam.ru.html,html/bigam.ru-run-d479cc88.html,application_import,,2026-05-13T05:04:02.502794+00:00,465142,False,False,,,False,,True,Санкт-Петербург,,dind-bigam.ru-f9a11490fa2ea0fe,product_page_or_listing,https://bigam.ru,True,collection_run,дрель makita,shared_live_search,run-d479cc88,f9a11490fa2ea0feb63c0595ed9f455ad3ffc295fe29deac566eb5ffe215985a,477938,False,bigam.ru,https://bigam.ru,"Бигам Москва | Интернет-магазин электроинструмента, бензоинструмента, строительной техники и оборудования",False,bigam.ru,run-d479cc88,Санкт-Петербург,shared_live_search,ok,1.7793000000019674,,4007.349200000004,37.0,37.0,37.0,False,,,,ok,False,4007.349200000004,2.7217000000018743,HTML parse + extraction; shared across modes,35,0,0,1.0,0.0,0.0,0,1,0,0,0,0.9459459459459459,1.0,0.9722222222222222,0.9459459459459459,1.0,0.9722222222222222,0.9459459459459459,1.0,0.9722222222222222
20261002T161451Z-d2eb76ee,industrial,original_fast,dind-bigam.ru-06af9e1233a99d5f,html/bigam.ru-run-e6a01e2a.html,дрель безударная,positive,True,35.0,37.0,35,0,2,1.0,35,2,0,35,2,0,35,2,0,industrial,html/bigam.ru-run-e6a01e2a.html,bigam.ru-run-e6a01e2a.html,run-e6a01e2a,bigam.ru,D:\Pet_Codes\science\article-price-tracker\industrial\html\bigam.ru-run-e6a01e2a.html,https://bigam.ru,https://bigam.ru,дрель безударная,Санкт-Петербург,shared_live_search,raw_html,,06af9e1233a99d5f62cf2a1c8475fee657016d3235e37c07a994bdb7dbca0fb7,06af9e1233a99d5f62cf2a1c8475fee657016d3235e37c07a994bdb7dbca0fb7,D:\Job_Codes\PriceTracker\.artifacts\collection\run-e6a01e2a\bigam.ru.html,False,run-e6a01e2a\bigam.ru.html,html/bigam.ru-run-e6a01e2a.html,application_import,,2026-05-11T16:06:53.848777+00:00,470598,False,False,,,False,,True,Санкт-Петербург,,dind-bigam.ru-06af9e1233a99d5f,product_page_or_listing,https://bigam.ru,True,collection_run,дрель безударная,shared_live_search,run-e6a01e2a,06af9e1233a99d5f62cf2a1c8475fee657016d3235e37c07a994bdb7dbca0fb7,484610,False,bigam.ru,https://bigam.ru,"Бигам Москва | Интернет-магазин электроинструмента, бензоинструмента, строительной техники и оборудования",False,bigam.ru,run-e6a01e2a,Санкт-Петербург,shared_live_search,ok,1.5987999999997555,,4013.1204999999973,37.0,37.0,37.0,False,,,,ok,False,4013.1204999999973,3.5385999999998603,HTML parse + extraction; shared across modes,35,0,0,1.0,0.0,0.0,0,1,0,0,0,0.9459459459459459,1.0,0.9722222222222222,0.9459459459459459,1.0,0.9722222222222222,0.9459459459459459,1.0,0.9722222222222222
20261002T161451Z-d2eb76ee,industrial,original_fast,dind-bigam.ru-989575fef6752559,html/bigam.ru-run-f440dfcf.html,шуруповёрт,positive,True,35.0,36.0,35,0,1,1.0,35,1,0,35,1,0,35,1,0,industrial,html/bigam.ru-run-f440dfcf.html,bigam.ru-run-f440dfcf.html,run-f440dfcf,bigam.ru,D:\Pet_Codes\science\article-price-tracker\industrial\html\bigam.ru-run-f440dfcf.html,https://bigam.ru,https://bigam.ru,шуруповёрт,Санкт-Петербург,shared_live_search,raw_html,,989575fef675255950a61b822c6a0a835d2a4051b5d13f3e1cb251118fdb09d1,989575fef675255950a61b822c6a0a835d2a4051b5d13f3e1cb251118fdb09d1,D:\Job_Codes\PriceTracker\.artifacts\collection\run-f440dfcf\bigam.ru.html,False,run-f440dfcf\bigam.ru.html,html/bigam.ru-run-f440dfcf.html,application_import,,2026-05-12T09:09:01.305506+00:00,503525,False,False,,,False,,True,Санкт-Петербург,,dind-bigam.ru-989575fef6752559,product_page_or_listing,https://bigam.ru,True,collection_run,шуруповёрт,shared_live_search,run-f440dfcf,989575fef675255950a61b822c6a0a835d2a4051b5d13f3e1cb251118fdb09d1,518235,False,bigam.ru,https://bigam.ru,"Бигам Москва | Интернет-магазин электроинструмента, бензоинструмента, строительной техники и оборудования",False,bigam.ru,run-f440dfcf,Санкт-Петербург,shared_live_search,ok,1.5263000000049942,,8608.229,36.0,36.0,36.0,False,,,,ok,False,8608.229,3.3438999999998487,HTML parse + extraction; shared across modes,35,0,0,1.0,0.0,0.0,0,1,0,0,0,0.9722222222222222,1.0,0.9859154929577464,0.9722222222222222,1.0,0.9859154929577464,0.9722222222222222,1.0,0.9859154929577464
20261002T161451Z-d2eb76ee,industrial,original_fast,dind-chipdip.ru-4f407af0c36f72b6,html/chipdip.ru-run-none1.html,aaa,positive,True,25.0,25.0,25,0,0,1.0,25,0,0,25,0,0,25,0,0,industrial,html/chipdip.ru-run-none1.html,chipdip.ru-run-none1.html,run-none1,chipdip.ru,D:\Pet_Codes\science\article-price-tracker\industrial\html\chipdip.ru-run-none1.html,https://www.chipdip.ru/search?searchtext=aaa,https://www.chipdip.ru/search?searchtext=aaa,aaa,,,raw_html,,4f407af0c36f72b68d86419e6e25f1e204d4abd0f131744af69d7d09051830b6,4f407af0c36f72b68d86419e6e25f1e204d4abd0f131744af69d7d09051830b6,D:\Job_Codes\PriceTracker\services\stealth-renderer\.artifacts\2026-05-07-sr-chipdip.ru\1778142348338-o89m7l\page.html,False,2026-05-07-sr-chipdip.ru\1778142348338-o89m7l\page.html,html/chipdip.ru-run-none1.html,application_import,,2026-05-07T08:26:06.906Z,107787,False,True,,,False,,True,,0.0,dind-chipdip.ru-4f407af0c36f72b6,product_page_or_listing,https://www.chipdip.ru/search?searchtext=aaa,True,stealth_renderer,aaa,,,4f407af0c36f72b68d86419e6e25f1e204d4abd0f131744af69d7d09051830b6,116291,False,chipdip.ru,https://www.chipdip.ru/search?searchtext=aaa,Результаты поиска «aaa»,False,chipdip.ru,run-none1,,,ok,0.9078000000008615,,6271.954299999998,25.0,25.0,25.0,False,,,,ok,False,6271.954299999998,2.2079999999987194,HTML parse + extraction; shared across modes,25,0,0,0.9915668788177888,0.0,0.0,0,1,0,0,0,1.0,1.0,1.0,1.0,1.0,1.0,1.0,1.0,1.0
20261002T161451Z-d2eb76ee,industrial,original_fast,dind-chipdip.ru-ac550c02e68937ba,html/chipdip.ru-run-4d6dca4d.html,дрель безударная,positive,True,21.0,21.0,21,0,0,1.0,21,0,0,21,0,0,21,0,0,industrial,html/chipdip.ru-run-4d6dca4d.html,chipdip.ru-run-4d6dca4d.html,run-4d6dca4d,chipdip.ru,D:\Pet_Codes\science\article-price-tracker\industrial\html\chipdip.ru-run-4d6dca4d.html,https://chipdip.ru,https://chipdip.ru,дрель безударная,Санкт-Петербург,shared_live_search,raw_html,,ac550c02e68937ba296d39c2bf6128a4a2cebc39e0f0e1ed8cab71082cb26cf4,ac550c02e68937ba296d39c2bf6128a4a2cebc39e0f0e1ed8cab71082cb26cf4,D:\Job_Codes\PriceTracker\.artifacts\collection\run-4d6dca4d\chipdip.ru.html,False,run-4d6dca4d\chipdip.ru.html,html/chipdip.ru-run-4d6dca4d.html,application_import,,2026-05-11T16:44:37.455611+00:00,87126,False,False,,,False,,True,Санкт-Петербург,,dind-chipdip.ru-ac550c02e68937ba,product_page_or_listing,https://chipdip.ru,True,collection_run,дрель безударная,shared_live_search,run-4d6dca4d,ac550c02e68937ba296d39c2bf6128a4a2cebc39e0f0e1ed8cab71082cb26cf4,93401,False,chipdip.ru,https://chipdip.ru,Результаты поиска «дрель безударная»,False,chipdip.ru,run-4d6dca4d,Санкт-Петербург,shared_live_search,ok,12.206300000005285,,2041.6165000000037,21.0,21.0,21.0,False,,,,ok,False,2041.6165000000037,2.0534000000043306,HTML parse + extraction; shared across modes,21,0,0,0.999003279015735,0.0,0.0,0,1,0,0,0,1.0,1.0,1.0,1.0,1.0,1.0,1.0,1.0,1.0
20261002T161451Z-d2eb76ee,industrial,original_fast,dind-chipdip.ru-abf1baaa6803c0b8,html/chipdip.ru-run-8f5bbe64.html,дрель безударная,positive,True,21.0,21.0,21,0,0,1.0,21,0,0,21,0,0,21,0,0,industrial,html/chipdip.ru-run-8f5bbe64.html,chipdip.ru-run-8f5bbe64.html,run-8f5bbe64,chipdip.ru,D:\Pet_Codes\science\article-price-tracker\industrial\html\chipdip.ru-run-8f5bbe64.html,https://chipdip.ru,https://chipdip.ru,дрель безударная,Санкт-Петербург,shared_live_search,raw_html,,abf1baaa6803c0b87b1af83402a02fa9936d5df1a478386944a05e5ed9342524,abf1baaa6803c0b87b1af83402a02fa9936d5df1a478386944a05e5ed9342524,D:\Job_Codes\PriceTracker\.artifacts\collection\run-8f5bbe64\chipdip.ru.html,False,run-8f5bbe64\chipdip.ru.html,html/chipdip.ru-run-8f5bbe64.html,application_import,,2026-05-11T15:31:40.300508+00:00,87470,False,False,,,False,,True,Санкт-Петербург,,dind-chipdip.ru-abf1baaa6803c0b8,product_page_or_listing,https://chipdip.ru,True,collection_run,дрель безударная,shared_live_search,run-8f5bbe64,abf1baaa6803c0b87b1af83402a02fa9936d5df1a478386944a05e5ed9342524,93964,False,chipdip.ru,https://chipdip.ru,Результаты поиска «дрель безударная»,False,chipdip.ru,run-8f5bbe64,Санкт-Петербург,shared_live_search,ok,0.8578999999881489,,2033.3755999999994,21.0,21.0,21.0,False,,,,ok,False,2033.3755999999994,2.659800000008545,HTML parse + extraction; shared across modes,21,0,0,0.999003279015735,0.0,0.0,0,1,0,0,0,1.0,1.0,1.0,1.0,1.0,1.0,1.0,1.0,1.0
20261002T161451Z-d2eb76ee,industrial,original_fast,dind-chipdip.ru-8ffd0822c0dc4d40,html/chipdip.ru-run-90f03fab.html,дрель безударная,positive,True,21.0,21.0,21,0,0,1.0,21,0,0,21,0,0,21,0,0,industrial,html/chipdip.ru-run-90f03fab.html,chipdip.ru-run-90f03fab.html,run-90f03fab,chipdip.ru,D:\Pet_Codes\science\article-price-tracker\industrial\html\chipdip.ru-run-90f03fab.html,https://chipdip.ru,https://chipdip.ru,дрель безударная,Санкт-Петербург,shared_live_search,raw_html,,8ffd0822c0dc4d406da9dc80779a91d730215999e9670861d1779c021ac80a1d,8ffd0822c0dc4d406da9dc80779a91d730215999e9670861d1779c021ac80a1d,D:\Job_Codes\PriceTracker\.artifacts\collection\run-90f03fab\chipdip.ru.html,False,run-90f03fab\chipdip.ru.html,html/chipdip.ru-run-90f03fab.html,application_import,,2026-05-11T15:38:03.365681+00:00,87126,False,False,,,False,,True,Санкт-Петербург,,dind-chipdip.ru-8ffd0822c0dc4d40,product_page_or_listing,https://chipdip.ru,True,collection_run,дрель безударная,shared_live_search,run-90f03fab,8ffd0822c0dc4d406da9dc80779a91d730215999e9670861d1779c021ac80a1d,93401,False,chipdip.ru,https://chipdip.ru,Результаты поиска «дрель безударная»,False,chipdip.ru,run-90f03fab,Санкт-Петербург,shared_live_search,ok,12.14770000000135,,1959.8913999999932,21.0,21.0,21.0,False,,,,ok,False,1959.8913999999932,2.1557000000029802,HTML parse + extraction; shared across modes,21,0,0,0.999003279015735,0.0,0.0,0,1,0,0,0,1.0,1.0,1.0,1.0,1.0,1.0,1.0,1.0,1.0
20261002T161451Z-d2eb76ee,industrial,original_fast,dind-chipdip.ru-0c732437ad22572f,html/chipdip.ru-run-c0047e44.html,дрель безударная,positive,True,21.0,21.0,21,0,0,1.0,21,0,0,21,0,0,21,0,0,industrial,html/chipdip.ru-run-c0047e44.html,chipdip.ru-run-c0047e44.html,run-c0047e44,chipdip.ru,D:\Pet_Codes\science\article-price-tracker\industrial\html\chipdip.ru-run-c0047e44.html,https://chipdip.ru,https://chipdip.ru,дрель безударная,Санкт-Петербург,shared_live_search,raw_html,,0c732437ad22572f75d9a3e6bb3a6ae7653b02b0219b415dda8eb2a70832c97a,0c732437ad22572f75d9a3e6bb3a6ae7653b02b0219b415dda8eb2a70832c97a,D:\Job_Codes\PriceTracker\.artifacts\collection\run-c0047e44\chipdip.ru.html,False,run-c0047e44\chipdip.ru.html,html/chipdip.ru-run-c0047e44.html,application_import,,2026-05-11T16:46:07.608065+00:00,87126,False,False,,,False,,True,Санкт-Петербург,,dind-chipdip.ru-0c732437ad22572f,product_page_or_listing,https://chipdip.ru,True,collection_run,дрель безударная,shared_live_search,run-c0047e44,0c732437ad22572f75d9a3e6bb3a6ae7653b02b0219b415dda8eb2a70832c97a,93401,False,chipdip.ru,https://chipdip.ru,Результаты поиска «дрель безударная»,False,chipdip.ru,run-c0047e44,Санкт-Петербург,shared_live_search,ok,12.635899999993853,,2051.526199999993,21.0,21.0,21.0,False,,,,ok,False,2051.526199999993,2.478499999997439,HTML parse + extraction; shared across modes,21,0,0,0.999003279015735,0.0,0.0,0,1,0,0,0,1.0,1.0,1.0,1.0,1.0,1.0,1.0,1.0,1.0
20261002T161451Z-d2eb76ee,industrial,original_fast,dind-chipdip.ru-c2479b21b1035e7c,html/chipdip.ru-run-dd921485.html,дрель безударная,positive,True,21.0,21.0,21,0,0,1.0,21,0,0,21,0,0,21,0,0,industrial,html/chipdip.ru-run-dd921485.html,chipdip.ru-run-dd921485.html,run-dd921485,chipdip.ru,D:\Pet_Codes\science\article-price-tracker\industrial\html\chipdip.ru-run-dd921485.html,https://chipdip.ru,https://chipdip.ru,дрель безударная,Санкт-Петербург,shared_live_search,raw_html,,c2479b21b1035e7c041009c17702c5dc530a1470fea0dd397391767242bd0e42,c2479b21b1035e7c041009c17702c5dc530a1470fea0dd397391767242bd0e42,D:\Job_Codes\PriceTracker\.artifacts\collection\run-dd921485\chipdip.ru.html,False,run-dd921485\chipdip.ru.html,html/chipdip.ru-run-dd921485.html,application_import,,2026-05-11T16:02:00.435369+00:00,87126,False,False,,,False,,True,Санкт-Петербург,,dind-chipdip.ru-c2479b21b1035e7c,product_page_or_listing,https://chipdip.ru,True,collection_run,дрель безударная,shared_live_search,run-dd921485,c2479b21b1035e7c041009c17702c5dc530a1470fea0dd397391767242bd0e42,93401,False,chipdip.ru,https://chipdip.ru,Результаты поиска «дрель безударная»,False,chipdip.ru,run-dd921485,Санкт-Петербург,shared_live_search,ok,13.187200000000303,,1970.6405999999988,21.0,21.0,21.0,False,,,,ok,False,1970.6405999999988,2.142999999996391,HTML parse + extraction; shared across modes,21,0,0,0.999003279015735,0.0,0.0,0,1,0,0,0,1.0,1.0,1.0,1.0,1.0,1.0,1.0,1.0,1.0
20261002T161451Z-d2eb76ee,industrial,original_fast,dind-chipdip.ru-976706e79c2f2987,html/chipdip.ru-run-e78490cf.html,дрель безударная,positive,True,21.0,21.0,21,0,0,1.0,21,0,0,21,0,0,21,0,0,industrial,html/chipdip.ru-run-e78490cf.html,chipdip.ru-run-e78490cf.html,run-e78490cf,chipdip.ru,D:\Pet_Codes\science\article-price-tracker\industrial\html\chipdip.ru-run-e78490cf.html,https://chipdip.ru,https://chipdip.ru,дрель безударная,Санкт-Петербург,shared_live_search,raw_html,,976706e79c2f29871ff7ae65c1ce8bae6fbd859e6dd36ac59812fda3a24605df,976706e79c2f29871ff7ae65c1ce8bae6fbd859e6dd36ac59812fda3a24605df,D:\Job_Codes\PriceTracker\.artifacts\collection\run-e78490cf\chipdip.ru.html,False,run-e78490cf\chipdip.ru.html,html/chipdip.ru-run-e78490cf.html,application_import,,2026-05-11T16:31:04.565420+00:00,87126,False,False,,,False,,True,Санкт-Петербург,,dind-chipdip.ru-976706e79c2f2987,product_page_or_listing,https://chipdip.ru,True,collection_run,дрель безударная,shared_live_search,run-e78490cf,976706e79c2f29871ff7ae65c1ce8bae6fbd859e6dd36ac59812fda3a24605df,93401,False,chipdip.ru,https://chipdip.ru,Результаты поиска «дрель безударная»,False,chipdip.ru,run-e78490cf,Санкт-Петербург,shared_live_search,ok,13.278900000004796,,2106.570200000002,21.0,21.0,21.0,False,,,,ok,False,2106.570200000002,2.0269999999873107,HTML parse + extraction; shared across modes,21,0,0,0.999003279015735,0.0,0.0,0,1,0,0,0,1.0,1.0,1.0,1.0,1.0,1.0,1.0,1.0,1.0
20261002T161451Z-d2eb76ee,industrial,original_fast,dind-citilink.ru-6930b865e4517478,html/citilink.ru-run-none1.html,монитор full hd,positive,True,36.0,36.0,36,0,0,1.0,36,0,0,36,0,0,36,0,0,industrial,html/citilink.ru-run-none1.html,citilink.ru-run-none1.html,run-none1,citilink.ru,D:\Pet_Codes\science\article-price-tracker\industrial\html\citilink.ru-run-none1.html,https://www.citilink.ru/search/?text=%D0%BC%D0%BE%D0%BD%D0%B8%D1%82%D0%BE%D1%80+full+hd,https://www.citilink.ru/search/?text=%D0%BC%D0%BE%D0%BD%D0%B8%D1%82%D0%BE%D1%80+full+hd,монитор full hd,,,raw_html,,6930b865e451747816d5ada7d69411f801f44a7ddfef09d600d4db1d085456f4,6930b865e451747816d5ada7d69411f801f44a7ddfef09d600d4db1d085456f4,D:\Job_Codes\PriceTracker\services\stealth-renderer\.artifacts\2026-05-05-sr-citilink.ru\1778005163581-u3xgw3\page.html,False,2026-05-05-sr-citilink.ru\1778005163581-u3xgw3\page.html,html/citilink.ru-run-none1.html,application_import,,2026-05-05T18:19:48.943Z,992813,False,True,,,False,,True,,0.0,dind-citilink.ru-6930b865e4517478,product_page_or_listing,https://www.citilink.ru/search/?text=%D0%BC%D0%BE%D0%BD%D0%B8%D1%82%D0%BE%D1%80+full+hd,True,stealth_renderer,монитор full hd,,,6930b865e451747816d5ada7d69411f801f44a7ddfef09d600d4db1d085456f4,999868,False,citilink.ru,https://www.citilink.ru/search/?text=%D0%BC%D0%BE%D0%BD%D0%B8%D1%82%D0%BE%D1%80+full+hd,монитор full hd - купить по низкой цене в Ситилинк,False,citilink.ru,run-none1,,,ok,15.253800000005867,,15761.270100000009,36.0,36.0,36.0,False,,,,ok,False,15761.270100000009,2.30460000000312,HTML parse + extraction; shared across modes,36,0,0,1.0,0.0,0.0,0,1,0,0,0,1.0,1.0,1.0,1.0,1.0,1.0,1.0,1.0,1.0
20261002T161451Z-d2eb76ee,industrial,original_fast,dind-citilink.ru-30da59eb4be8c8d4,html/citilink.ru-run-none2.html,ps 5,positive,True,36.0,36.0,36,0,0,1.0,36,0,0,36,0,0,36,0,0,industrial,html/citilink.ru-run-none2.html,citilink.ru-run-none2.html,run-none2,citilink.ru,D:\Pet_Codes\science\article-price-tracker\industrial\html\citilink.ru-run-none2.html,https://www.citilink.ru/search/?text=ps+5,https://www.citilink.ru/search/?text=ps+5,ps 5,,,raw_html,,30da59eb4be8c8d4c483de390873d4eff5f83316fd86c9f018fe4f90bbd56e15,30da59eb4be8c8d4c483de390873d4eff5f83316fd86c9f018fe4f90bbd56e15,D:\Job_Codes\PriceTracker\services\stealth-renderer\.artifacts\2026-05-06-sr-citilink.ru\1778061686194-7c3afe\page.html,False,2026-05-06-sr-citilink.ru\1778061686194-7c3afe\page.html,html/citilink.ru-run-none2.html,application_import,,2026-05-06T10:03:37.241Z,973133,False,True,,,False,,True,,0.0,dind-citilink.ru-30da59eb4be8c8d4,product_page_or_listing,https://www.citilink.ru/search/?text=ps+5,True,stealth_renderer,ps 5,,,30da59eb4be8c8d4c483de390873d4eff5f83316fd86c9f018fe4f90bbd56e15,981712,False,citilink.ru,https://www.citilink.ru/search/?text=ps+5,ps 5 - купить по низкой цене в Ситилинк,False,citilink.ru,run-none2,,,ok,2.274600000004284,,15082.090599999996,36.0,36.0,36.0,False,,,,ok,False,15082.090599999996,2.1330999999918276,HTML parse + extraction; shared across modes,36,0,0,1.0,0.0,0.0,0,1,0,0,0,1.0,1.0,1.0,1.0,1.0,1.0,1.0,1.0,1.0
20261002T161451Z-d2eb76ee,industrial,original_fast,dind-citilink.ru-fc3d83fa07e578d5,html/citilink.ru-run-none3.html,микроволновка,positive,True,36.0,36.0,36,0,0,1.0,36,0,0,36,0,0,36,0,0,industrial,html/citilink.ru-run-none3.html,citilink.ru-run-none3.html,run-none3,citilink.ru,D:\Pet_Codes\science\article-price-tracker\industrial\html\citilink.ru-run-none3.html,https://www.citilink.ru/search/?text=%D0%BC%D0%B8%D0%BA%D1%80%D0%BE%D0%B2%D0%BE%D0%BB%D0%BD%D0%BE%D0%B2%D0%BA%D0%B0,https://www.citilink.ru/search/?text=%D0%BC%D0%B8%D0%BA%D1%80%D0%BE%D0%B2%D0%BE%D0%BB%D0%BD%D0%BE%D0%B2%D0%BA%D0%B0,микроволновка,,,raw_html,,fc3d83fa07e578d56988b9c059310339393b79541e4350230db0d76fcc65fa24,fc3d83fa07e578d56988b9c059310339393b79541e4350230db0d76fcc65fa24,D:\Job_Codes\PriceTracker\services\stealth-renderer\.artifacts\2026-05-06-sr-citilink.ru\1778065806687-5j58w3\page.html,False,2026-05-06-sr-citilink.ru\1778065806687-5j58w3\page.html,html/citilink.ru-run-none3.html,application_import,,2026-05-06T11:10:32.369Z,1040480,False,True,,,False,,True,,0.0,dind-citilink.ru-fc3d83fa07e578d5,product_page_or_listing,https://www.citilink.ru/search/?text=%D0%BC%D0%B8%D0%BA%D1%80%D0%BE%D0%B2%D0%BE%D0%BB%D0%BD%D0%BE%D0%B2%D0%BA%D0%B0,True,stealth_renderer,микроволновка,,,fc3d83fa07e578d56988b9c059310339393b79541e4350230db0d76fcc65fa24,1054850,False,citilink.ru,https://www.citilink.ru/search/?text=%D0%BC%D0%B8%D0%BA%D1%80%D0%BE%D0%B2%D0%BE%D0%BB%D0%BD%D0%BE%D0%B2%D0%BA%D0%B0,микроволновка - купить по низкой цене в Ситилинк,False,citilink.ru,run-none3,,,ok,2.9474999999947613,,17065.828999999998,36.0,36.0,36.0,False,,,,ok,False,17065.828999999998,2.271100000012666,HTML parse + extraction; shared across modes,36,0,0,1.0,0.0,0.0,0,1,0,0,0,1.0,1.0,1.0,1.0,1.0,1.0,1.0,1.0,1.0
20261002T161451Z-d2eb76ee,industrial,original_fast,dind-citilink.ru-4ea974c7ea924633,html/citilink.ru-run-none4.html,электрическая зубная щётка,positive,True,36.0,36.0,36,0,0,1.0,36,0,0,36,0,0,36,0,0,industrial,html/citilink.ru-run-none4.html,citilink.ru-run-none4.html,run-none4,citilink.ru,D:\Pet_Codes\science\article-price-tracker\industrial\html\citilink.ru-run-none4.html,https://www.citilink.ru/search/?text=%D1%8D%D0%BB%D0%B5%D0%BA%D1%82%D1%80%D0%B8%D1%87%D0%B5%D1%81%D0%BA%D0%B0%D1%8F+%D0%B7%D1%83%D0%B1%D0%BD%D0%B0%D1%8F+%D1%89%D1%91%D1%82%D0%BA%D0%B0,https://www.citilink.ru/search/?text=%D1%8D%D0%BB%D0%B5%D0%BA%D1%82%D1%80%D0%B8%D1%87%D0%B5%D1%81%D0%BA%D0%B0%D1%8F+%D0%B7%D1%83%D0%B1%D0%BD%D0%B0%D1%8F+%D1%89%D1%91%D1%82%D0%BA%D0%B0,электрическая зубная щётка,,,raw_html,,4ea974c7ea92463391d8770d6afe54db617e22c3f487a06c3756fcc80d1d95f3,4ea974c7ea92463391d8770d6afe54db617e22c3f487a06c3756fcc80d1d95f3,D:\Job_Codes\PriceTracker\services\stealth-renderer\.artifacts\2026-05-06-sr-citilink.ru\1778068223065-4q6f8r\page.html,False,2026-05-06-sr-citilink.ru\1778068223065-4q6f8r\page.html,html/citilink.ru-run-none4.html,application_import,,2026-05-06T11:50:52.832Z,909688,False,True,,,False,,True,,0.0,dind-citilink.ru-4ea974c7ea924633,product_page_or_listing,https://www.citilink.ru/search/?text=%D1%8D%D0%BB%D0%B5%D0%BA%D1%82%D1%80%D0%B8%D1%87%D0%B5%D1%81%D0%BA%D0%B0%D1%8F+%D0%B7%D1%83%D0%B1%D0%BD%D0%B0%D1%8F+%D1%89%D1%91%D1%82%D0%BA%D0%B0,True,stealth_renderer,электрическая зубная щётка,,,4ea974c7ea92463391d8770d6afe54db617e22c3f487a06c3756fcc80d1d95f3,924536,False,citilink.ru,https://www.citilink.ru/search/?text=%D1%8D%D0%BB%D0%B5%D0%BA%D1%82%D1%80%D0%B8%D1%87%D0%B5%D1%81%D0%BA%D0%B0%D1%8F+%D0%B7%D1%83%D0%B1%D0%BD%D0%B0%D1%8F+%D1%89%D1%91%D1%82%D0%BA%D0%B0,электрическая зубная щётка - купить по низкой цене в Ситилинк,False,citilink.ru,run-none4,,,ok,13.428599999999278,,13424.227699999989,36.0,36.0,36.0,False,,,,ok,False,13424.227699999989,3.860899999999674,HTML parse + extraction; shared across modes,36,0,0,1.0,0.0,0.0,0,1,0,0,0,1.0,1.0,1.0,1.0,1.0,1.0,1.0,1.0,1.0
20261002T161451Z-d2eb76ee,industrial,original_fast,dind-citilink.ru-cda6466bd3c48b51,html/citilink.ru-run-none5.html,электрическая зубная щётка,positive,True,36.0,36.0,36,0,0,1.0,36,0,0,36,0,0,36,0,0,industrial,html/citilink.ru-run-none5.html,citilink.ru-run-none5.html,run-none5,citilink.ru,D:\Pet_Codes\science\article-price-tracker\industrial\html\citilink.ru-run-none5.html,https://www.citilink.ru/search/?text=%D1%8D%D0%BB%D0%B5%D0%BA%D1%82%D1%80%D0%B8%D1%87%D0%B5%D1%81%D0%BA%D0%B0%D1%8F+%D0%B7%D1%83%D0%B1%D0%BD%D0%B0%D1%8F+%D1%89%D1%91%D1%82%D0%BA%D0%B0,https://www.citilink.ru/search/?text=%D1%8D%D0%BB%D0%B5%D0%BA%D1%82%D1%80%D0%B8%D1%87%D0%B5%D1%81%D0%BA%D0%B0%D1%8F+%D0%B7%D1%83%D0%B1%D0%BD%D0%B0%D1%8F+%D1%89%D1%91%D1%82%D0%BA%D0%B0,электрическая зубная щётка,,,raw_html,,cda6466bd3c48b51c262835fd032bac88fa33f691f81c1dd36a83357d20600b2,cda6466bd3c48b51c262835fd032bac88fa33f691f81c1dd36a83357d20600b2,D:\Job_Codes\PriceTracker\services\stealth-renderer\.artifacts\2026-05-06-sr-citilink.ru\1778072625712-2rbw63\page.html,False,2026-05-06-sr-citilink.ru\1778072625712-2rbw63\page.html,html/citilink.ru-run-none5.html,application_import,,2026-05-06T13:04:18.178Z,917275,False,True,,,False,,True,,0.0,dind-citilink.ru-cda6466bd3c48b51,product_page_or_listing,https://www.citilink.ru/search/?text=%D1%8D%D0%BB%D0%B5%D0%BA%D1%82%D1%80%D0%B8%D1%87%D0%B5%D1%81%D0%BA%D0%B0%D1%8F+%D0%B7%D1%83%D0%B1%D0%BD%D0%B0%D1%8F+%D1%89%D1%91%D1%82%D0%BA%D0%B0,True,stealth_renderer,электрическая зубная щётка,,,cda6466bd3c48b51c262835fd032bac88fa33f691f81c1dd36a83357d20600b2,932350,False,citilink.ru,https://www.citilink.ru/search/?text=%D1%8D%D0%BB%D0%B5%D0%BA%D1%82%D1%80%D0%B8%D1%87%D0%B5%D1%81%D0%BA%D0%B0%D1%8F+%D0%B7%D1%83%D0%B1%D0%BD%D0%B0%D1%8F+%D1%89%D1%91%D1%82%D0%BA%D0%B0,электрическая зубная щётка - купить по низкой цене в Ситилинк,False,citilink.ru,run-none5,,,ok,14.606599999999162,,13527.365099999995,36.0,36.0,36.0,False,,,,ok,False,13527.365099999995,4.051199999987148,HTML parse + extraction; shared across modes,36,0,0,1.0,0.0,0.0,0,1,0,0,0,1.0,1.0,1.0,1.0,1.0,1.0,1.0,1.0,1.0
20261002T161451Z-d2eb76ee,industrial,original_fast,dind-citilink.ru-e2440ead0d4289d7,html/citilink.ru-run-none6.html,ноутбук 16 gb ram,positive,True,10.0,10.0,10,0,0,1.0,10,0,0,10,0,0,10,0,0,industrial,html/citilink.ru-run-none6.html,citilink.ru-run-none6.html,run-none6,citilink.ru,D:\Pet_Codes\science\article-price-tracker\industrial\html\citilink.ru-run-none6.html,https://www.citilink.ru/search/?text=%D0%BD%D0%BE%D1%83%D1%82%D0%B1%D1%83%D0%BA+16+gb+ram,https://www.citilink.ru/search/?text=%D0%BD%D0%BE%D1%83%D1%82%D0%B1%D1%83%D0%BA+16+gb+ram,ноутбук 16 gb ram,,,raw_html,,e2440ead0d4289d79836e602781d3fd226a73268ea2a47b01b42f14cc84a670f,e2440ead0d4289d79836e602781d3fd226a73268ea2a47b01b42f14cc84a670f,D:\Job_Codes\PriceTracker\services\stealth-renderer\.artifacts\2026-05-07-sr-citilink.ru\1778147827740-9ao254\page.html,False,2026-05-07-sr-citilink.ru\1778147827740-9ao254\page.html,html/citilink.ru-run-none6.html,application_import,,2026-05-07T09:57:37.590Z,575151,False,True,,,False,,True,,0.0,dind-citilink.ru-e2440ead0d4289d7,product_page_or_listing,https://www.citilink.ru/search/?text=%D0%BD%D0%BE%D1%83%D1%82%D0%B1%D1%83%D0%BA+16+gb+ram,True,stealth_renderer,ноутбук 16 gb ram,,,e2440ead0d4289d79836e602781d3fd226a73268ea2a47b01b42f14cc84a670f,580357,False,citilink.ru,https://www.citilink.ru/search/?text=%D0%BD%D0%BE%D1%83%D1%82%D0%B1%D1%83%D0%BA+16+gb+ram,ноутбук 16 gb ram - купить по низкой цене в Ситилинк,False,citilink.ru,run-none6,,,ok,14.142500000016298,,2432.4070000000065,10.0,10.0,10.0,False,,,,ok,False,2432.4070000000065,0.9794000000110827,HTML parse + extraction; shared across modes,10,0,0,1.0,0.0,0.0,0,1,0,0,0,1.0,1.0,1.0,1.0,1.0,1.0,1.0,1.0,1.0
20261002T161451Z-d2eb76ee,industrial,original_fast,dind-citilink.ru-fb08ef466206eb66,html/citilink.ru-run-none7.html,электрическая зубная щётка,positive,True,36.0,36.0,36,0,0,1.0,36,0,0,36,0,0,36,0,0,industrial,html/citilink.ru-run-none7.html,citilink.ru-run-none7.html,run-none7,citilink.ru,D:\Pet_Codes\science\article-price-tracker\industrial\html\citilink.ru-run-none7.html,https://www.citilink.ru/search/?text=%D1%8D%D0%BB%D0%B5%D0%BA%D1%82%D1%80%D0%B8%D1%87%D0%B5%D1%81%D0%BA%D0%B0%D1%8F+%D0%B7%D1%83%D0%B1%D0%BD%D0%B0%D1%8F+%D1%89%D1%91%D1%82%D0%BA%D0%B0,https://www.citilink.ru/search/?text=%D1%8D%D0%BB%D0%B5%D0%BA%D1%82%D1%80%D0%B8%D1%87%D0%B5%D1%81%D0%BA%D0%B0%D1%8F+%D0%B7%D1%83%D0%B1%D0%BD%D0%B0%D1%8F+%D1%89%D1%91%D1%82%D0%BA%D0%B0,электрическая зубная щётка,,,raw_html,,fb08ef466206eb66849ed4f63bea49d4d25ec95e1bf24ab35121c2c5576a5826,fb08ef466206eb66849ed4f63bea49d4d25ec95e1bf24ab35121c2c5576a5826,D:\Job_Codes\PriceTracker\services\stealth-renderer\.artifacts\2026-05-07-sr-citilink.ru\1778152006122-qntqzh\page.html,False,2026-05-07-sr-citilink.ru\1778152006122-qntqzh\page.html,html/citilink.ru-run-none7.html,application_import,,2026-05-07T11:07:19.382Z,934843,False,True,,,False,,True,,0.0,dind-citilink.ru-fb08ef466206eb66,product_page_or_listing,https://www.citilink.ru/search/?text=%D1%8D%D0%BB%D0%B5%D0%BA%D1%82%D1%80%D0%B8%D1%87%D0%B5%D1%81%D0%BA%D0%B0%D1%8F+%D0%B7%D1%83%D0%B1%D0%BD%D0%B0%D1%8F+%D1%89%D1%91%D1%82%D0%BA%D0%B0,True,stealth_renderer,электрическая зубная щётка,,,fb08ef466206eb66849ed4f63bea49d4d25ec95e1bf24ab35121c2c5576a5826,950002,False,citilink.ru,https://www.citilink.ru/search/?text=%D1%8D%D0%BB%D0%B5%D0%BA%D1%82%D1%80%D0%B8%D1%87%D0%B5%D1%81%D0%BA%D0%B0%D1%8F+%D0%B7%D1%83%D0%B1%D0%BD%D0%B0%D1%8F+%D1%89%D1%91%D1%82%D0%BA%D0%B0,электрическая зубная щётка - купить по низкой цене в Ситилинк,False,citilink.ru,run-none7,,,ok,2.547500000015134,,14138.863499999978,36.0,36.0,36.0,False,,,,ok,False,14138.863499999978,4.1639999999897555,HTML parse + extraction; shared across modes,36,0,0,1.0,0.0,0.0,0,1,0,0,0,1.0,1.0,1.0,1.0,1.0,1.0,1.0,1.0,1.0
20261002T161451Z-d2eb76ee,industrial,original_fast,dind-citilink.ru-c3b1bb2ebd5d428a,html/citilink.ru-run-none8.html,электрическая зубная щётка,positive,True,36.0,36.0,36,0,0,1.0,36,0,0,36,0,0,36,0,0,industrial,html/citilink.ru-run-none8.html,citilink.ru-run-none8.html,run-none8,citilink.ru,D:\Pet_Codes\science\article-price-tracker\industrial\html\citilink.ru-run-none8.html,https://www.citilink.ru/search/?text=%D1%8D%D0%BB%D0%B5%D0%BA%D1%82%D1%80%D0%B8%D1%87%D0%B5%D1%81%D0%BA%D0%B0%D1%8F+%D0%B7%D1%83%D0%B1%D0%BD%D0%B0%D1%8F+%D1%89%D1%91%D1%82%D0%BA%D0%B0,https://www.citilink.ru/search/?text=%D1%8D%D0%BB%D0%B5%D0%BA%D1%82%D1%80%D0%B8%D1%87%D0%B5%D1%81%D0%BA%D0%B0%D1%8F+%D0%B7%D1%83%D0%B1%D0%BD%D0%B0%D1%8F+%D1%89%D1%91%D1%82%D0%BA%D0%B0,электрическая зубная щётка,,,raw_html,,c3b1bb2ebd5d428ada22427d770b0fad20abd4d6b60b15d76ffdec7375e82fce,c3b1bb2ebd5d428ada22427d770b0fad20abd4d6b60b15d76ffdec7375e82fce,D:\Job_Codes\PriceTracker\services\stealth-renderer\.artifacts\2026-05-11-sr-citilink.ru\1778491336968-li5bog\page.html,False,2026-05-11-sr-citilink.ru\1778491336968-li5bog\page.html,html/citilink.ru-run-none8.html,application_import,,2026-05-11T09:22:38.892Z,930009,False,True,,,False,,True,,0.0,dind-citilink.ru-c3b1bb2ebd5d428a,product_page_or_listing,https://www.citilink.ru/search/?text=%D1%8D%D0%BB%D0%B5%D0%BA%D1%82%D1%80%D0%B8%D1%87%D0%B5%D1%81%D0%BA%D0%B0%D1%8F+%D0%B7%D1%83%D0%B1%D0%BD%D0%B0%D1%8F+%D1%89%D1%91%D1%82%D0%BA%D0%B0,True,stealth_renderer,электрическая зубная щётка,,,c3b1bb2ebd5d428ada22427d770b0fad20abd4d6b60b15d76ffdec7375e82fce,945329,False,citilink.ru,https://www.citilink.ru/search/?text=%D1%8D%D0%BB%D0%B5%D0%BA%D1%82%D1%80%D0%B8%D1%87%D0%B5%D1%81%D0%BA%D0%B0%D1%8F+%D0%B7%D1%83%D0%B1%D0%BD%D0%B0%D1%8F+%D1%89%D1%91%D1%82%D0%BA%D0%B0,электрическая зубная щётка - купить по низкой цене в Ситилинк,False,citilink.ru,run-none8,,,ok,2.3713000000279862,,13494.135899999994,36.0,36.0,36.0,False,,,,ok,False,13494.135899999994,3.9183999999950174,HTML parse + extraction; shared across modes,36,0,0,1.0,0.0,0.0,0,1,0,0,0,1.0,1.0,1.0,1.0,1.0,1.0,1.0,1.0,1.0
20261002T161451Z-d2eb76ee,industrial,original_fast,dind-citilink.ru-27ce607b67285dce,html/citilink.ru-run-none9.html,дрель безударная,positive,True,36.0,36.0,36,0,0,1.0,36,0,0,36,0,0,36,0,0,industrial,html/citilink.ru-run-none9.html,citilink.ru-run-none9.html,run-none9,citilink.ru,D:\Pet_Codes\science\article-price-tracker\industrial\html\citilink.ru-run-none9.html,https://www.citilink.ru/search/?text=%D0%B4%D1%80%D0%B5%D0%BB%D1%8C+%D0%B1%D0%B5%D0%B7%D1%83%D0%B4%D0%B0%D1%80%D0%BD%D0%B0%D1%8F,https://www.citilink.ru/search/?text=%D0%B4%D1%80%D0%B5%D0%BB%D1%8C+%D0%B1%D0%B5%D0%B7%D1%83%D0%B4%D0%B0%D1%80%D0%BD%D0%B0%D1%8F,дрель безударная,,,raw_html,,27ce607b67285dcedbcd1e43768c6271456cee3ceb99006545c23da1ee76a3d7,27ce607b67285dcedbcd1e43768c6271456cee3ceb99006545c23da1ee76a3d7,D:\Job_Codes\PriceTracker\services\stealth-renderer\.artifacts\2026-05-11-sr-citilink.ru\1778515630839-14vjuk\page.html,False,2026-05-11-sr-citilink.ru\1778515630839-14vjuk\page.html,html/citilink.ru-run-none9.html,application_import,,2026-05-11T16:07:49.918Z,921757,False,True,,,False,,True,,0.0,dind-citilink.ru-27ce607b67285dce,product_page_or_listing,https://www.citilink.ru/search/?text=%D0%B4%D1%80%D0%B5%D0%BB%D1%8C+%D0%B1%D0%B5%D0%B7%D1%83%D0%B4%D0%B0%D1%80%D0%BD%D0%B0%D1%8F,True,stealth_renderer,дрель безударная,,,27ce607b67285dcedbcd1e43768c6271456cee3ceb99006545c23da1ee76a3d7,930265,False,citilink.ru,https://www.citilink.ru/search/?text=%D0%B4%D1%80%D0%B5%D0%BB%D1%8C+%D0%B1%D0%B5%D0%B7%D1%83%D0%B4%D0%B0%D1%80%D0%BD%D0%B0%D1%8F,дрель безударная - купить по низкой цене в Ситилинк,False,citilink.ru,run-none9,,,ok,2.463099999993574,,14164.097100000014,36.0,36.0,36.0,False,,,,ok,False,14164.097100000014,2.440900000015972,HTML parse + extraction; shared across modes,36,0,0,1.0,0.0,0.0,0,1,0,0,0,1.0,1.0,1.0,1.0,1.0,1.0,1.0,1.0,1.0
20261002T161451Z-d2eb76ee,industrial,original_fast,dind-citilink.ru-abcfe4fb034ca5a2,html/citilink.ru-run-none10.html,дрель безударная,positive,True,36.0,36.0,36,0,0,1.0,36,0,0,36,0,0,36,0,0,industrial,html/citilink.ru-run-none10.html,citilink.ru-run-none10.html,run-none10,citilink.ru,D:\Pet_Codes\science\article-price-tracker\industrial\html\citilink.ru-run-none10.html,https://www.citilink.ru/search/?text=%D0%B4%D1%80%D0%B5%D0%BB%D1%8C+%D0%B1%D0%B5%D0%B7%D1%83%D0%B4%D0%B0%D1%80%D0%BD%D0%B0%D1%8F,https://www.citilink.ru/search/?text=%D0%B4%D1%80%D0%B5%D0%BB%D1%8C+%D0%B1%D0%B5%D0%B7%D1%83%D0%B4%D0%B0%D1%80%D0%BD%D0%B0%D1%8F,дрель безударная,,,raw_html,,abcfe4fb034ca5a2a371b953f69b96f7b15e0bb42e8ba6a1f16e6ed1d7399c70,abcfe4fb034ca5a2a371b953f69b96f7b15e0bb42e8ba6a1f16e6ed1d7399c70,D:\Job_Codes\PriceTracker\services\stealth-renderer\.artifacts\2026-05-11-sr-citilink.ru\1778517888335-4y1z6i\page.html,False,2026-05-11-sr-citilink.ru\1778517888335-4y1z6i\page.html,html/citilink.ru-run-none10.html,application_import,,2026-05-11T16:45:31.904Z,921692,False,True,,,False,,True,,0.0,dind-citilink.ru-abcfe4fb034ca5a2,product_page_or_listing,https://www.citilink.ru/search/?text=%D0%B4%D1%80%D0%B5%D0%BB%D1%8C+%D0%B1%D0%B5%D0%B7%D1%83%D0%B4%D0%B0%D1%80%D0%BD%D0%B0%D1%8F,True,stealth_renderer,дрель безударная,,,abcfe4fb034ca5a2a371b953f69b96f7b15e0bb42e8ba6a1f16e6ed1d7399c70,930200,False,citilink.ru,https://www.citilink.ru/search/?text=%D0%B4%D1%80%D0%B5%D0%BB%D1%8C+%D0%B1%D0%B5%D0%B7%D1%83%D0%B4%D0%B0%D1%80%D0%BD%D0%B0%D1%8F,дрель безударная - купить по низкой цене в Ситилинк,False,citilink.ru,run-none10,,,ok,2.6419999999925494,,13576.2267,36.0,36.0,36.0,False,,,,ok,False,13576.2267,1.7613999999884982,HTML parse + extraction; shared across modes,36,0,0,1.0,0.0,0.0,0,1,0,0,0,1.0,1.0,1.0,1.0,1.0,1.0,1.0,1.0,1.0
20261002T161451Z-d2eb76ee,industrial,original_fast,dind-citilink.ru-8f6401111a1db657,html/citilink.ru-run-none11.html,бензопила,positive,True,36.0,36.0,36,0,0,1.0,36,0,0,36,0,0,36,0,0,industrial,html/citilink.ru-run-none11.html,citilink.ru-run-none11.html,run-none11,citilink.ru,D:\Pet_Codes\science\article-price-tracker\industrial\html\citilink.ru-run-none11.html,https://www.citilink.ru/search/?text=%D0%B1%D0%B5%D0%BD%D0%B7%D0%BE%D0%BF%D0%B8%D0%BB%D0%B0,https://www.citilink.ru/search/?text=%D0%B1%D0%B5%D0%BD%D0%B7%D0%BE%D0%BF%D0%B8%D0%BB%D0%B0,бензопила,,,raw_html,,8f6401111a1db65764e8675a89ac3d2ebc6e9c754977e13ad80974b66bf10c09,8f6401111a1db65764e8675a89ac3d2ebc6e9c754977e13ad80974b66bf10c09,D:\Job_Codes\PriceTracker\services\stealth-renderer\.artifacts\2026-05-16-sr-citilink.ru\1778963698766-kwm3mj\page.html,False,2026-05-16-sr-citilink.ru\1778963698766-kwm3mj\page.html,html/citilink.ru-run-none11.html,application_import,,2026-05-16T20:35:28.594Z,1025638,False,True,,,False,,True,,0.0,dind-citilink.ru-8f6401111a1db657,product_page_or_listing,https://www.citilink.ru/search/?text=%D0%B1%D0%B5%D0%BD%D0%B7%D0%BE%D0%BF%D0%B8%D0%BB%D0%B0,True,stealth_renderer,бензопила,,,8f6401111a1db65764e8675a89ac3d2ebc6e9c754977e13ad80974b66bf10c09,1034236,False,citilink.ru,https://www.citilink.ru/search/?text=%D0%B1%D0%B5%D0%BD%D0%B7%D0%BE%D0%BF%D0%B8%D0%BB%D0%B0,бензопила - купить по низкой цене в Ситилинк,False,citilink.ru,run-none11,,,ok,13.953599999978906,,16634.190900000016,36.0,36.0,36.0,False,,,,ok,False,16634.190900000016,1.4587999999930616,HTML parse + extraction; shared across modes,36,0,0,1.0,0.0,0.0,0,1,0,0,0,1.0,1.0,1.0,1.0,1.0,1.0,1.0,1.0,1.0
20261002T161451Z-d2eb76ee,industrial,original_fast,dind-citilink.ru-10ed9d833757ff85,html/citilink.ru-run-none12.html,мышь проводная,positive,True,36.0,36.0,36,0,0,1.0,36,0,0,36,0,0,36,0,0,industrial,html/citilink.ru-run-none12.html,citilink.ru-run-none12.html,run-none12,citilink.ru,D:\Pet_Codes\science\article-price-tracker\industrial\html\citilink.ru-run-none12.html,https://www.citilink.ru/search/?text=%D0%BC%D1%8B%D1%88%D1%8C+%D0%BF%D1%80%D0%BE%D0%B2%D0%BE%D0%B4%D0%BD%D0%B0%D1%8F,https://www.citilink.ru/search/?text=%D0%BC%D1%8B%D1%88%D1%8C+%D0%BF%D1%80%D0%BE%D0%B2%D0%BE%D0%B4%D0%BD%D0%B0%D1%8F,мышь проводная,,,raw_html,,10ed9d833757ff858a4005fba21e3b6925f81dc77614dc2ba4fc00121149af84,10ed9d833757ff858a4005fba21e3b6925f81dc77614dc2ba4fc00121149af84,D:\Job_Codes\PriceTracker\services\stealth-renderer\.artifacts\2026-05-20-sr-citilink.ru\1779309613137-y220mu\page.html,False,2026-05-20-sr-citilink.ru\1779309613137-y220mu\page.html,html/citilink.ru-run-none12.html,application_import,,2026-05-20T20:40:41.885Z,1036522,False,True,,,False,,True,,0.0,dind-citilink.ru-10ed9d833757ff85,product_page_or_listing,https://www.citilink.ru/search/?text=%D0%BC%D1%8B%D1%88%D1%8C+%D0%BF%D1%80%D0%BE%D0%B2%D0%BE%D0%B4%D0%BD%D0%B0%D1%8F,True,stealth_renderer,мышь проводная,,,10ed9d833757ff858a4005fba21e3b6925f81dc77614dc2ba4fc00121149af84,1048273,False,citilink.ru,https://www.citilink.ru/search/?text=%D0%BC%D1%8B%D1%88%D1%8C+%D0%BF%D1%80%D0%BE%D0%B2%D0%BE%D0%B4%D0%BD%D0%B0%D1%8F,мышь проводная - купить по низкой цене в Ситилинк,False,citilink.ru,run-none12,,,ok,2.278099999995902,,16816.08619999999,36.0,36.0,36.0,False,,,,ok,False,16816.08619999999,2.980200000019977,HTML parse + extraction; shared across modes,36,0,0,1.0,0.0,0.0,0,1,0,0,0,1.0,1.0,1.0,1.0,1.0,1.0,1.0,1.0,1.0
20261002T161451Z-d2eb76ee,industrial,original_fast,dind-citilink.ru-c9c5ca4bf5e41894,html/citilink.ru-run-none13.html,мышь проводная,positive,True,36.0,36.0,36,0,0,1.0,36,0,0,36,0,0,36,0,0,industrial,html/citilink.ru-run-none13.html,citilink.ru-run-none13.html,run-none13,citilink.ru,D:\Pet_Codes\science\article-price-tracker\industrial\html\citilink.ru-run-none13.html,https://www.citilink.ru/search/?text=%D0%BC%D1%8B%D1%88%D1%8C+%D0%BF%D1%80%D0%BE%D0%B2%D0%BE%D0%B4%D0%BD%D0%B0%D1%8F,https://www.citilink.ru/search/?text=%D0%BC%D1%8B%D1%88%D1%8C+%D0%BF%D1%80%D0%BE%D0%B2%D0%BE%D0%B4%D0%BD%D0%B0%D1%8F,мышь проводная,,,raw_html,,c9c5ca4bf5e41894c2620ac3546dd4d9451351272f0a4db332f54e5f524a5b37,c9c5ca4bf5e41894c2620ac3546dd4d9451351272f0a4db332f54e5f524a5b37,D:\Job_Codes\PriceTracker\services\stealth-renderer\.artifacts\2026-05-20-sr-citilink.ru\1779309618603-nxydta\page.html,False,2026-05-20-sr-citilink.ru\1779309618603-nxydta\page.html,html/citilink.ru-run-none13.html,application_import,,2026-05-20T20:40:42.889Z,1029175,False,True,,,False,,True,,0.0,dind-citilink.ru-c9c5ca4bf5e41894,product_page_or_listing,https://www.citilink.ru/search/?text=%D0%BC%D1%8B%D1%88%D1%8C+%D0%BF%D1%80%D0%BE%D0%B2%D0%BE%D0%B4%D0%BD%D0%B0%D1%8F,True,stealth_renderer,мышь проводная,,,c9c5ca4bf5e41894c2620ac3546dd4d9451351272f0a4db332f54e5f524a5b37,1040914,False,citilink.ru,https://www.citilink.ru/search/?text=%D0%BC%D1%8B%D1%88%D1%8C+%D0%BF%D1%80%D0%BE%D0%B2%D0%BE%D0%B4%D0%BD%D0%B0%D1%8F,мышь проводная - купить по низкой цене в Ситилинк,False,citilink.ru,run-none13,,,ok,44.79130000001169,,17091.53020000001,36.0,36.0,36.0,False,,,,ok,False,17091.53020000001,2.663200000009965,HTML parse + extraction; shared across modes,36,0,0,1.0,0.0,0.0,0,1,0,0,0,1.0,1.0,1.0,1.0,1.0,1.0,1.0,1.0,1.0
20261002T161451Z-d2eb76ee,industrial,original_fast,dind-citilink.ru-c27eb4fecdbb44bb,html/citilink.ru-run-none14.html,канистра 20л,positive,True,6.0,6.0,6,0,0,1.0,6,0,0,6,0,0,6,0,0,industrial,html/citilink.ru-run-none14.html,citilink.ru-run-none14.html,run-none14,citilink.ru,D:\Pet_Codes\science\article-price-tracker\industrial\html\citilink.ru-run-none14.html,https://www.citilink.ru/search/?text=%D0%BA%D0%B0%D0%BD%D0%B8%D1%81%D1%82%D1%80%D0%B0+20%D0%BB,https://www.citilink.ru/search/?text=%D0%BA%D0%B0%D0%BD%D0%B8%D1%81%D1%82%D1%80%D0%B0+20%D0%BB,канистра 20л,,,raw_html,,c27eb4fecdbb44bb48a86f76b1118d01927efba74288c8dc60e7921f969158c5,c27eb4fecdbb44bb48a86f76b1118d01927efba74288c8dc60e7921f969158c5,D:\Job_Codes\PriceTracker\services\stealth-renderer\.artifacts\2026-06-01-sr-citilink.ru\1780320368572-53p9eb\page.html,False,2026-06-01-sr-citilink.ru\1780320368572-53p9eb\page.html,html/citilink.ru-run-none14.html,application_import,,2026-06-01T13:26:27.572Z,440884,False,True,,,False,,True,,0.0,dind-citilink.ru-c27eb4fecdbb44bb,product_page_or_listing,https://www.citilink.ru/search/?text=%D0%BA%D0%B0%D0%BD%D0%B8%D1%81%D1%82%D1%80%D0%B0+20%D0%BB,True,stealth_renderer,канистра 20л,,,c27eb4fecdbb44bb48a86f76b1118d01927efba74288c8dc60e7921f969158c5,443814,False,citilink.ru,https://www.citilink.ru/search/?text=%D0%BA%D0%B0%D0%BD%D0%B8%D1%81%D1%82%D1%80%D0%B0+20%D0%BB,канистра 20л - купить по низкой цене в Ситилинк,False,citilink.ru,run-none14,,,ok,13.822800000023562,,737.998900000006,6.0,6.0,6.0,False,,,,ok,False,737.998900000006,0.47649999998975545,HTML parse + extraction; shared across modes,6,0,0,1.0,0.0,0.0,0,1,0,0,0,1.0,1.0,1.0,1.0,1.0,1.0,1.0,1.0,1.0
20261002T161451Z-d2eb76ee,industrial,original_fast,dind-cnc.su-60ca64ff8b5db935,html/cnc.su-run-3e95d0c6.html,выаиырифл,negative,True,0.0,6.0,0,0,6,0.0,0,6,0,0,6,0,0,6,0,industrial,html/cnc.su-run-3e95d0c6.html,cnc.su-run-3e95d0c6.html,run-3e95d0c6,cnc.su,D:\Pet_Codes\science\article-price-tracker\industrial\html\cnc.su-run-3e95d0c6.html,https://cnc.su,https://cnc.su,выаиырифл,Санкт-Петербург,shared_live_search,raw_html,,60ca64ff8b5db935a5f767e66e733aeeaddd23926d9efe43ff28b009c840c584,60ca64ff8b5db935a5f767e66e733aeeaddd23926d9efe43ff28b009c840c584,D:\Job_Codes\PriceTracker\.artifacts\collection\run-3e95d0c6\cnc.su.html,False,run-3e95d0c6\cnc.su.html,html/cnc.su-run-3e95d0c6.html,application_import,,2026-05-11T15:29:49.788812+00:00,264377,False,False,,,False,,True,Санкт-Петербург,,dind-cnc.su-60ca64ff8b5db935,product_page_or_listing,https://cnc.su,True,collection_run,выаиырифл,shared_live_search,run-3e95d0c6,60ca64ff8b5db935a5f767e66e733aeeaddd23926d9efe43ff28b009c840c584,288570,False,cnc.su,https://cnc.su,Каталог инструмента и станочной оснастки | АВТОграф Инструментальные Решения,False,cnc.su,run-3e95d0c6,Санкт-Петербург,shared_live_search,ok,12.668100000009872,,28258.38990000001,6.0,6.0,6.0,False,,,,ok,False,28258.38990000001,0.32369999994989485,HTML parse + extraction; shared across modes,0,0,0,,,,0,0,1,0,0,0.0,0.0,0.0,0.0,0.0,0.0,0.0,0.0,0.0
20261002T161451Z-d2eb76ee,industrial,original_fast,dind-cnc.su-3651d593e610dc79,html/cnc.su-run-76db53a6.html,втулка,positive,True,20.0,26.0,20,0,6,1.0,20,6,0,20,6,0,20,6,0,industrial,html/cnc.su-run-76db53a6.html,cnc.su-run-76db53a6.html,run-76db53a6,cnc.su,D:\Pet_Codes\science\article-price-tracker\industrial\html\cnc.su-run-76db53a6.html,https://cnc.su,https://cnc.su,втулка,Санкт-Петербург,shared_live_search,raw_html,,3651d593e610dc7919f3d3a4e7e6e650a1b03ae56bf3ea6ab80bb1b8b7fa9fc6,3651d593e610dc7919f3d3a4e7e6e650a1b03ae56bf3ea6ab80bb1b8b7fa9fc6,D:\Job_Codes\PriceTracker\.artifacts\collection\run-76db53a6\cnc.su.html,False,run-76db53a6\cnc.su.html,html/cnc.su-run-76db53a6.html,application_import,,2026-05-11T15:22:48.029320+00:00,436537,False,False,,,False,,True,Санкт-Петербург,,dind-cnc.su-3651d593e610dc79,product_page_or_listing,https://cnc.su,True,collection_run,втулка,shared_live_search,run-76db53a6,3651d593e610dc7919f3d3a4e7e6e650a1b03ae56bf3ea6ab80bb1b8b7fa9fc6,469489,False,cnc.su,https://cnc.su,Каталог инструмента и станочной оснастки | АВТОграф Инструментальные Решения,False,cnc.su,run-76db53a6,Санкт-Петербург,shared_live_search,ok,13.93739999999525,,28914.205000000016,26.0,26.0,26.0,False,,,,ok,False,28914.205000000016,2.568299999984447,HTML parse + extraction; shared across modes,20,0,0,1.0,0.0,0.0,0,1,0,0,0,0.7692307692307693,1.0,0.8695652173913044,0.7692307692307693,1.0,0.8695652173913044,0.7692307692307693,1.0,0.8695652173913044
20261002T161451Z-d2eb76ee,industrial,original_fast,dind-cnc.su-aea17eda0f793a5b,html/cnc.su-run-7b56c8dd.html,втулка,positive,True,20.0,26.0,20,0,6,1.0,20,6,0,20,6,0,20,6,0,industrial,html/cnc.su-run-7b56c8dd.html,cnc.su-run-7b56c8dd.html,run-7b56c8dd,cnc.su,D:\Pet_Codes\science\article-price-tracker\industrial\html\cnc.su-run-7b56c8dd.html,https://cnc.su,https://cnc.su,втулка,Санкт-Петербург,shared_live_search,raw_html,,aea17eda0f793a5bc26d97fe6cee07b0103c21177b9b1f61267b2760b7874fb1,aea17eda0f793a5bc26d97fe6cee07b0103c21177b9b1f61267b2760b7874fb1,D:\Job_Codes\PriceTracker\.artifacts\collection\run-7b56c8dd\cnc.su.html,False,run-7b56c8dd\cnc.su.html,html/cnc.su-run-7b56c8dd.html,application_import,,2026-05-11T15:28:20.655443+00:00,436537,False,False,,,False,,True,Санкт-Петербург,,dind-cnc.su-aea17eda0f793a5b,product_page_or_listing,https://cnc.su,True,collection_run,втулка,shared_live_search,run-7b56c8dd,aea17eda0f793a5bc26d97fe6cee07b0103c21177b9b1f61267b2760b7874fb1,469489,False,cnc.su,https://cnc.su,Каталог инструмента и станочной оснастки | АВТОграф Инструментальные Решения,False,cnc.su,run-7b56c8dd,Санкт-Петербург,shared_live_search,ok,12.349000000045635,,28475.88770000002,26.0,26.0,26.0,False,,,,ok,False,28475.88770000002,2.4817999999504536,HTML parse + extraction; shared across modes,20,0,0,1.0,0.0,0.0,0,1,0,0,0,0.7692307692307693,1.0,0.8695652173913044,0.7692307692307693,1.0,0.8695652173913044,0.7692307692307693,1.0,0.8695652173913044
20261002T161451Z-d2eb76ee,industrial,original_fast,dind-cnc.su-cbe39bad76c5ee58,html/cnc.su-run-7efc742d.html,втулка,positive,True,20.0,26.0,20,0,6,1.0,20,6,0,20,6,0,20,6,0,industrial,html/cnc.su-run-7efc742d.html,cnc.su-run-7efc742d.html,run-7efc742d,cnc.su,D:\Pet_Codes\science\article-price-tracker\industrial\html\cnc.su-run-7efc742d.html,https://cnc.su,https://cnc.su,втулка,Санкт-Петербург,shared_live_search,raw_html,,cbe39bad76c5ee587fc6da45742e0bf7e7fe55174ed3d3a277611114f0083180,cbe39bad76c5ee587fc6da45742e0bf7e7fe55174ed3d3a277611114f0083180,D:\Job_Codes\PriceTracker\.artifacts\collection\run-7efc742d\cnc.su.html,False,run-7efc742d\cnc.su.html,html/cnc.su-run-7efc742d.html,application_import,,2026-05-11T15:12:50.084905+00:00,436537,False,False,,,False,,True,Санкт-Петербург,,dind-cnc.su-cbe39bad76c5ee58,product_page_or_listing,https://cnc.su,True,collection_run,втулка,shared_live_search,run-7efc742d,cbe39bad76c5ee587fc6da45742e0bf7e7fe55174ed3d3a277611114f0083180,469489,False,cnc.su,https://cnc.su,Каталог инструмента и станочной оснастки | АВТОграф Инструментальные Решения,False,cnc.su,run-7efc742d,Санкт-Петербург,shared_live_search,ok,41.89350000000559,,31093.011,26.0,26.0,26.0,False,,,,ok,False,31093.011,3.004799999995157,HTML parse + extraction; shared across modes,20,0,0,1.0,0.0,0.0,0,1,0,0,0,0.7692307692307693,1.0,0.8695652173913044,0.7692307692307693,1.0,0.8695652173913044,0.7692307692307693,1.0,0.8695652173913044
20261002T161451Z-d2eb76ee,industrial,original_fast,dind-dns-shop.ru-811008815de52c86,html/dns-shop.ru-run-none1.html,ps 5,positive,True,18.0,18.0,18,0,0,1.0,18,0,0,18,0,0,18,0,0,industrial,html/dns-shop.ru-run-none1.html,dns-shop.ru-run-none1.html,run-none1,dns-shop.ru,D:\Pet_Codes\science\article-price-tracker\industrial\html\dns-shop.ru-run-none1.html,https://www.dns-shop.ru/search/?q=ps+5&category=17a8978216404e77,https://www.dns-shop.ru/search/?q=ps+5&category=17a8978216404e77,ps 5,,,raw_html,,811008815de52c864df7f28c490ad9a5e4ef38e34ff2138ea778b93039d85999,811008815de52c864df7f28c490ad9a5e4ef38e34ff2138ea778b93039d85999,D:\Job_Codes\PriceTracker\services\stealth-renderer\.artifacts\2026-04-29-sr-dns-shop.ru\1777495559086-frfgq1\page.html,False,2026-04-29-sr-dns-shop.ru\1777495559086-frfgq1\page.html,html/dns-shop.ru-run-none1.html,application_import,,2026-04-29T20:46:37.872Z,268796,False,True,,,False,,True,,0.0,dind-dns-shop.ru-811008815de52c86,product_page_or_listing,https://www.dns-shop.ru/search/?q=ps+5&category=17a8978216404e77,True,stealth_renderer,ps 5,,,811008815de52c864df7f28c490ad9a5e4ef38e34ff2138ea778b93039d85999,290229,False,dns-shop.ru,https://www.dns-shop.ru/search/?q=ps+5&category=17a8978216404e77,ps 5 - DNS – интернет магазин цифровой и бытовой техники по доступным ценам.,False,dns-shop.ru,run-none1,,,ok,1.3656000000191852,,48.40050000004703,18.0,18.0,18.0,False,,,,ok,False,48.40050000004703,3.117999999958556,HTML parse + extraction; shared across modes,18,0,0,1.0,0.0,0.0,0,1,0,0,0,1.0,1.0,1.0,1.0,1.0,1.0,1.0,1.0,1.0
20261002T161451Z-d2eb76ee,industrial,original_fast,dind-dns-shop.ru-500c72a9307f6bee,html/dns-shop.ru-run-none2.html,ps 5,positive,True,18.0,18.0,18,0,0,1.0,18,0,0,18,0,0,18,0,0,industrial,html/dns-shop.ru-run-none2.html,dns-shop.ru-run-none2.html,run-none2,dns-shop.ru,D:\Pet_Codes\science\article-price-tracker\industrial\html\dns-shop.ru-run-none2.html,https://www.dns-shop.ru/search/?q=ps+5&category=17a8978216404e77,https://www.dns-shop.ru/search/?q=ps+5&category=17a8978216404e77,ps 5,,,raw_html,,500c72a9307f6bee53e8a8fa2b7625b7a6898b769124f09010c9d4dda0874758,500c72a9307f6bee53e8a8fa2b7625b7a6898b769124f09010c9d4dda0874758,D:\Job_Codes\PriceTracker\services\stealth-renderer\.artifacts\2026-04-29-sr-dns-shop.ru\1777495816631-aoopop\page.html,False,2026-04-29-sr-dns-shop.ru\1777495816631-aoopop\page.html,html/dns-shop.ru-run-none2.html,application_import,,2026-04-29T20:50:42.027Z,267577,False,True,,,False,,True,,0.0,dind-dns-shop.ru-500c72a9307f6bee,product_page_or_listing,https://www.dns-shop.ru/search/?q=ps+5&category=17a8978216404e77,True,stealth_renderer,ps 5,,,500c72a9307f6bee53e8a8fa2b7625b7a6898b769124f09010c9d4dda0874758,288727,False,dns-shop.ru,https://www.dns-shop.ru/search/?q=ps+5&category=17a8978216404e77,ps 5 - DNS – интернет магазин цифровой и бытовой техники по доступным ценам.,False,dns-shop.ru,run-none2,,,ok,1.4520999999949709,,35.08230000000913,18.0,18.0,18.0,False,,,,ok,False,35.08230000000913,2.8972000000067055,HTML parse + extraction; shared across modes,18,0,0,1.0,0.0,0.0,0,1,0,0,0,1.0,1.0,1.0,1.0,1.0,1.0,1.0,1.0,1.0
20261002T161451Z-d2eb76ee,industrial,original_fast,dind-dns-shop.ru-536061e6205968d4,html/dns-shop.ru-run-none3.html,ps 5,positive,True,18.0,18.0,18,0,0,1.0,18,0,0,18,0,0,18,0,0,industrial,html/dns-shop.ru-run-none3.html,dns-shop.ru-run-none3.html,run-none3,dns-shop.ru,D:\Pet_Codes\science\article-price-tracker\industrial\html\dns-shop.ru-run-none3.html,https://www.dns-shop.ru/search/?q=ps+5,https://www.dns-shop.ru/search/?q=ps+5,ps 5,,,raw_html,,536061e6205968d4b6d37e734348003adcc3ff97a3ee5797e4fc31cee52e668d,536061e6205968d4b6d37e734348003adcc3ff97a3ee5797e4fc31cee52e668d,D:\Job_Codes\PriceTracker\services\stealth-renderer\.artifacts\2026-04-30-sr-dns-shop.ru\1777535231010-em8h4b\page.html,False,2026-04-30-sr-dns-shop.ru\1777535231010-em8h4b\page.html,html/dns-shop.ru-run-none3.html,application_import,,2026-04-30T07:47:29.183Z,267046,False,True,,,False,,True,,0.0,dind-dns-shop.ru-536061e6205968d4,product_page_or_listing,https://www.dns-shop.ru/search/?q=ps+5,True,stealth_renderer,ps 5,,,536061e6205968d4b6d37e734348003adcc3ff97a3ee5797e4fc31cee52e668d,287979,False,dns-shop.ru,https://www.dns-shop.ru/search/?q=ps+5,ps 5 - DNS – интернет магазин цифровой и бытовой техники по доступным ценам.,False,dns-shop.ru,run-none3,,,ok,1.2393000000156462,,43.75229999999283,18.0,18.0,18.0,False,,,,ok,False,43.75229999999283,3.039600000018254,HTML parse + extraction; shared across modes,18,0,0,1.0,0.0,0.0,0,1,0,0,0,1.0,1.0,1.0,1.0,1.0,1.0,1.0,1.0,1.0
20261002T161451Z-d2eb76ee,industrial,original_fast,dind-dns-shop.ru-7933239bf3e50771,html/dns-shop.ru-run-none4.html,ps 5,positive,True,18.0,18.0,18,0,0,1.0,18,0,0,18,0,0,18,0,0,industrial,html/dns-shop.ru-run-none4.html,dns-shop.ru-run-none4.html,run-none4,dns-shop.ru,D:\Pet_Codes\science\article-price-tracker\industrial\html\dns-shop.ru-run-none4.html,https://www.dns-shop.ru/search/?q=ps+5&category=17a8978216404e77,https://www.dns-shop.ru/search/?q=ps+5&category=17a8978216404e77,ps 5,,,raw_html,,7933239bf3e50771a27fc36f98717c6dc2b1697cbd445ca104a7bd1c408398c3,7933239bf3e50771a27fc36f98717c6dc2b1697cbd445ca104a7bd1c408398c3,D:\Job_Codes\PriceTracker\services\stealth-renderer\.artifacts\2026-05-05-sr-dns-shop.ru\1778003412933-ji7cw8\page.html,False,2026-05-05-sr-dns-shop.ru\1778003412933-ji7cw8\page.html,html/dns-shop.ru-run-none4.html,application_import,,2026-05-05T17:50:29.667Z,268302,False,True,,,False,,True,,0.0,dind-dns-shop.ru-7933239bf3e50771,product_page_or_listing,https://www.dns-shop.ru/search/?q=ps+5&category=17a8978216404e77,True,stealth_renderer,ps 5,,,7933239bf3e50771a27fc36f98717c6dc2b1697cbd445ca104a7bd1c408398c3,289592,False,dns-shop.ru,https://www.dns-shop.ru/search/?q=ps+5&category=17a8978216404e77,ps 5 - DNS – интернет магазин цифровой и бытовой техники по доступным ценам.,False,dns-shop.ru,run-none4,,,ok,1.5945000000065193,,41.94130000000587,18.0,18.0,18.0,False,,,,ok,False,41.94130000000587,3.2947000000276603,HTML parse + extraction; shared across modes,18,0,0,1.0,0.0,0.0,0,1,0,0,0,1.0,1.0,1.0,1.0,1.0,1.0,1.0,1.0,1.0
20261002T161451Z-d2eb76ee,industrial,original_fast,dind-dns-shop.ru-85bc079e6fdf3596,html/dns-shop.ru-run-none5.html,монитор full hd,positive,True,18.0,18.0,18,0,0,1.0,18,0,0,18,0,0,18,0,0,industrial,html/dns-shop.ru-run-none5.html,dns-shop.ru-run-none5.html,run-none5,dns-shop.ru,D:\Pet_Codes\science\article-price-tracker\industrial\html\dns-shop.ru-run-none5.html,https://www.dns-shop.ru/search/?q=%D0%BC%D0%BE%D0%BD%D0%B8%D1%82%D0%BE%D1%80+full+hd,https://www.dns-shop.ru/search/?q=%D0%BC%D0%BE%D0%BD%D0%B8%D1%82%D0%BE%D1%80+full+hd,монитор full hd,,,raw_html,,85bc079e6fdf359672e517831d117968261b8d50757203f01f37cccdfc669af4,85bc079e6fdf359672e517831d117968261b8d50757203f01f37cccdfc669af4,D:\Job_Codes\PriceTracker\services\stealth-renderer\.artifacts\2026-05-05-sr-dns-shop.ru\1778005226884-lxq38q\page.html,False,2026-05-05-sr-dns-shop.ru\1778005226884-lxq38q\page.html,html/dns-shop.ru-run-none5.html,application_import,,2026-05-05T18:20:47.472Z,363657,False,True,,,False,,True,,0.0,dind-dns-shop.ru-85bc079e6fdf3596,product_page_or_listing,https://www.dns-shop.ru/search/?q=%D0%BC%D0%BE%D0%BD%D0%B8%D1%82%D0%BE%D1%80+full+hd,True,stealth_renderer,монитор full hd,,,85bc079e6fdf359672e517831d117968261b8d50757203f01f37cccdfc669af4,389286,False,dns-shop.ru,https://www.dns-shop.ru/search/?q=%D0%BC%D0%BE%D0%BD%D0%B8%D1%82%D0%BE%D1%80+full+hd,"Мониторы купить в интернет-магазине DNS. Мониторы цены, большой каталог, новинки. - страница 1 из 45",False,dns-shop.ru,run-none5,,,ok,1.4653999999864027,,77.89120000001276,18.0,18.0,18.0,False,,,,ok,False,77.89120000001276,2.8364000000292435,HTML parse + extraction; shared across modes,18,0,0,1.0,0.0,0.0,0,1,0,0,0,1.0,1.0,1.0,1.0,1.0,1.0,1.0,1.0,1.0
20261002T161451Z-d2eb76ee,industrial,original_fast,dind-dns-shop.ru-3febee92cb878873,html/dns-shop.ru-run-none6.html,монитор full hd,positive,True,18.0,18.0,18,0,0,1.0,18,0,0,18,0,0,18,0,0,industrial,html/dns-shop.ru-run-none6.html,dns-shop.ru-run-none6.html,run-none6,dns-shop.ru,D:\Pet_Codes\science\article-price-tracker\industrial\html\dns-shop.ru-run-none6.html,https://www.dns-shop.ru/catalog/17a8943716404e77/monitory/?q=%D0%BC%D0%BE%D0%BD%D0%B8%D1%82%D0%BE%D1%80+full+hd&stock=now-today-tomorrow-later-out_of_stock&order=popular,https://www.dns-shop.ru/catalog/17a8943716404e77/monitory/?q=%D0%BC%D0%BE%D0%BD%D0%B8%D1%82%D0%BE%D1%80+full+hd&stock=now-today-tomorrow-later-out_of_stock&order=popular,монитор full hd,,,raw_html,,3febee92cb8788739831087667a2ab0b4ef3f6493570e9afeb792b0a041f4c90,3febee92cb8788739831087667a2ab0b4ef3f6493570e9afeb792b0a041f4c90,D:\Job_Codes\PriceTracker\services\stealth-renderer\.artifacts\2026-05-05-sr-dns-shop.ru\1778005281499-77tdi7\page.html,False,2026-05-05-sr-dns-shop.ru\1778005281499-77tdi7\page.html,html/dns-shop.ru-run-none6.html,application_import,,2026-05-05T18:21:54.560Z,366296,False,True,,,False,,True,,0.0,dind-dns-shop.ru-3febee92cb878873,product_page_or_listing,https://www.dns-shop.ru/catalog/17a8943716404e77/monitory/?q=%D0%BC%D0%BE%D0%BD%D0%B8%D1%82%D0%BE%D1%80+full+hd&stock=now-today-tomorrow-later-out_of_stock&order=popular,True,stealth_renderer,монитор full hd,,,3febee92cb8788739831087667a2ab0b4ef3f6493570e9afeb792b0a041f4c90,391884,False,dns-shop.ru,https://www.dns-shop.ru/catalog/17a8943716404e77/monitory/?q=%D0%BC%D0%BE%D0%BD%D0%B8%D1%82%D0%BE%D1%80+full+hd&stock=now-today-tomorrow-later-out_of_stock&order=popular,"Мониторы купить в интернет-магазине DNS. Мониторы цены, большой каталог, новинки. - страница 1 из 45",False,dns-shop.ru,run-none6,,,ok,1.3426999999792315,,41.073899999959394,18.0,18.0,18.0,False,,,,ok,False,41.073899999959394,2.453899999964051,HTML parse + extraction; shared across modes,18,0,0,1.0,0.0,0.0,0,1,0,0,0,1.0,1.0,1.0,1.0,1.0,1.0,1.0,1.0,1.0
20261002T161451Z-d2eb76ee,industrial,original_fast,dind-dns-shop.ru-b6cad428c103f85e,html/dns-shop.ru-run-none7.html,консоль ps 4,positive,True,4.0,2.0,2,2,0,1.0,2,0,2,2,0,2,2,0,0,industrial,html/dns-shop.ru-run-none7.html,dns-shop.ru-run-none7.html,run-none7,dns-shop.ru,D:\Pet_Codes\science\article-price-tracker\industrial\html\dns-shop.ru-run-none7.html,https://www.dns-shop.ru/search/?q=%D0%BA%D0%BE%D0%BD%D1%81%D0%BE%D0%BB%D1%8C+ps+4&category=17a8978216404e77,https://www.dns-shop.ru/search/?q=%D0%BA%D0%BE%D0%BD%D1%81%D0%BE%D0%BB%D1%8C+ps+4&category=17a8978216404e77,консоль ps 4,,,raw_html,,b6cad428c103f85e3285d9b6d52632173b2b678ab895453b71990d0fc1917b33,b6cad428c103f85e3285d9b6d52632173b2b678ab895453b71990d0fc1917b33,D:\Job_Codes\PriceTracker\services\stealth-renderer\.artifacts\2026-05-05-sr-dns-shop.ru\1778005335213-yaphsw\page.html,False,2026-05-05-sr-dns-shop.ru\1778005335213-yaphsw\page.html,html/dns-shop.ru-run-none7.html,application_import,,2026-05-05T18:22:28.720Z,167988,False,True,,,False,,True,,0.0,dind-dns-shop.ru-b6cad428c103f85e,product_page_or_listing,https://www.dns-shop.ru/search/?q=%D0%BA%D0%BE%D0%BD%D1%81%D0%BE%D0%BB%D1%8C+ps+4&category=17a8978216404e77,True,stealth_renderer,консоль ps 4,,,b6cad428c103f85e3285d9b6d52632173b2b678ab895453b71990d0fc1917b33,186603,False,dns-shop.ru,https://www.dns-shop.ru/search/?q=%D0%BA%D0%BE%D0%BD%D1%81%D0%BE%D0%BB%D1%8C+ps+4&category=17a8978216404e77,консоль ps 4 - DNS – интернет магазин цифровой и бытовой техники по доступным ценам.,False,dns-shop.ru,run-none7,,,ok,0.9005999999935739,,14.541600000055041,2.0,2.0,2.0,False,,,,ok,False,14.541600000055041,0.42560000001685694,HTML parse + extraction; shared across modes,2,2,0,1.0,0.0,0.0,0,1,0,0,0,1.0,0.5,0.6666666666666666,1.0,0.5,0.6666666666666666,1.0,1.0,1.0
20261002T161451Z-d2eb76ee,industrial,original_fast,dind-dns-shop.ru-a3790a136022ceb0,html/dns-shop.ru-run-none8.html,консоль ps 4,positive,True,4.0,2.0,2,2,0,1.0,2,0,2,2,0,2,2,0,0,industrial,html/dns-shop.ru-run-none8.html,dns-shop.ru-run-none8.html,run-none8,dns-shop.ru,D:\Pet_Codes\science\article-price-tracker\industrial\html\dns-shop.ru-run-none8.html,https://www.dns-shop.ru/search/?q=%D0%BA%D0%BE%D0%BD%D1%81%D0%BE%D0%BB%D1%8C+ps+4&category=17a8978216404e77,https://www.dns-shop.ru/search/?q=%D0%BA%D0%BE%D0%BD%D1%81%D0%BE%D0%BB%D1%8C+ps+4&category=17a8978216404e77,консоль ps 4,,,raw_html,,a3790a136022ceb0e8cec9fe42ee32459c221ad7b42287172ec7fbebb1ff29d7,a3790a136022ceb0e8cec9fe42ee32459c221ad7b42287172ec7fbebb1ff29d7,D:\Job_Codes\PriceTracker\services\stealth-renderer\.artifacts\2026-05-05-sr-dns-shop.ru\1778005364860-xrmpjm\page.html,False,2026-05-05-sr-dns-shop.ru\1778005364860-xrmpjm\page.html,html/dns-shop.ru-run-none8.html,application_import,,2026-05-05T18:22:58.728Z,165017,False,True,,,False,,True,,0.0,dind-dns-shop.ru-a3790a136022ceb0,product_page_or_listing,https://www.dns-shop.ru/search/?q=%D0%BA%D0%BE%D0%BD%D1%81%D0%BE%D0%BB%D1%8C+ps+4&category=17a8978216404e77,True,stealth_renderer,консоль ps 4,,,a3790a136022ceb0e8cec9fe42ee32459c221ad7b42287172ec7fbebb1ff29d7,183622,False,dns-shop.ru,https://www.dns-shop.ru/search/?q=%D0%BA%D0%BE%D0%BD%D1%81%D0%BE%D0%BB%D1%8C+ps+4&category=17a8978216404e77,консоль ps 4 - DNS – интернет магазин цифровой и бытовой техники по доступным ценам.,False,dns-shop.ru,run-none8,,,ok,0.843700000026729,,29.659299999999348,2.0,2.0,2.0,False,,,,ok,False,29.659299999999348,0.37899999995715916,HTML parse + extraction; shared across modes,2,2,0,1.0,0.0,0.0,0,1,0,0,0,1.0,0.5,0.6666666666666666,1.0,0.5,0.6666666666666666,1.0,1.0,1.0
20261002T161451Z-d2eb76ee,industrial,original_fast,dind-dns-shop.ru-28746746c13ce562,html/dns-shop.ru-run-none9.html,гйемпад dualchock 4,positive,True,3.0,2.0,2,1,0,1.0,2,0,1,2,0,1,2,0,0,industrial,html/dns-shop.ru-run-none9.html,dns-shop.ru-run-none9.html,run-none9,dns-shop.ru,D:\Pet_Codes\science\article-price-tracker\industrial\html\dns-shop.ru-run-none9.html,https://www.dns-shop.ru/search/?q=%D0%B3%D0%B9%D0%B5%D0%BC%D0%BF%D0%B0%D0%B4+dualchock+4&category=eeb71609318f51e7,https://www.dns-shop.ru/search/?q=%D0%B3%D0%B9%D0%B5%D0%BC%D0%BF%D0%B0%D0%B4+dualchock+4&category=eeb71609318f51e7,гйемпад dualchock 4,,,raw_html,,28746746c13ce562773ac343dc64c2886b767aadb1451255188875c9962a9d4d,28746746c13ce562773ac343dc64c2886b767aadb1451255188875c9962a9d4d,D:\Job_Codes\PriceTracker\services\stealth-renderer\.artifacts\2026-05-05-sr-dns-shop.ru\1778009251386-uefqaw\page.html,False,2026-05-05-sr-dns-shop.ru\1778009251386-uefqaw\page.html,html/dns-shop.ru-run-none9.html,application_import,,2026-05-05T19:27:51.233Z,162503,False,True,,,False,,True,,0.0,dind-dns-shop.ru-28746746c13ce562,product_page_or_listing,https://www.dns-shop.ru/search/?q=%D0%B3%D0%B9%D0%B5%D0%BC%D0%BF%D0%B0%D0%B4+dualchock+4&category=eeb71609318f51e7,True,stealth_renderer,гйемпад dualchock 4,,,28746746c13ce562773ac343dc64c2886b767aadb1451255188875c9962a9d4d,181477,False,dns-shop.ru,https://www.dns-shop.ru/search/?q=%D0%B3%D0%B9%D0%B5%D0%BC%D0%BF%D0%B0%D0%B4+dualchock+4&category=eeb71609318f51e7,гйемпад dualchock 4 - DNS – интернет магазин цифровой и бытовой техники по доступным ценам.,False,dns-shop.ru,run-none9,,,ok,0.8759999999892898,,13.490099999995437,2.0,2.0,2.0,False,,,,ok,False,13.490099999995437,0.33609999995678663,HTML parse + extraction; shared across modes,2,1,0,1.0,0.0,0.0,0,1,0,0,0,1.0,0.6666666666666666,0.8,1.0,0.6666666666666666,0.8,1.0,1.0,1.0
20261002T161451Z-d2eb76ee,industrial,original_fast,dind-dns-shop.ru-771d6387f7b3c12b,html/dns-shop.ru-run-none10.html,dualshock 5,positive,True,18.0,18.0,18,0,0,1.0,18,0,0,18,0,0,18,0,0,industrial,html/dns-shop.ru-run-none10.html,dns-shop.ru-run-none10.html,run-none10,dns-shop.ru,D:\Pet_Codes\science\article-price-tracker\industrial\html\dns-shop.ru-run-none10.html,https://www.dns-shop.ru/search/?q=dualshock+5&category=33ddaa5f0e06c3d1,https://www.dns-shop.ru/search/?q=dualshock+5&category=33ddaa5f0e06c3d1,dualshock 5,,,raw_html,,771d6387f7b3c12bbaf0ede51627ee70fb361de8825d1cf711293bb7756eac2d,771d6387f7b3c12bbaf0ede51627ee70fb361de8825d1cf711293bb7756eac2d,D:\Job_Codes\PriceTracker\services\stealth-renderer\.artifacts\2026-05-05-sr-dns-shop.ru\1778009314339-q29hox\page.html,False,2026-05-05-sr-dns-shop.ru\1778009314339-q29hox\page.html,html/dns-shop.ru-run-none10.html,application_import,,2026-05-05T19:28:48.921Z,264328,False,True,,,False,,True,,0.0,dind-dns-shop.ru-771d6387f7b3c12b,product_page_or_listing,https://www.dns-shop.ru/search/?q=dualshock+5&category=33ddaa5f0e06c3d1,True,stealth_renderer,dualshock 5,,,771d6387f7b3c12bbaf0ede51627ee70fb361de8825d1cf711293bb7756eac2d,287872,False,dns-shop.ru,https://www.dns-shop.ru/search/?q=dualshock+5&category=33ddaa5f0e06c3d1,dualshock 5 - DNS – интернет магазин цифровой и бытовой техники по доступным ценам.,False,dns-shop.ru,run-none10,,,ok,1.01310000004014,,28.788000000000466,18.0,18.0,18.0,False,,,,ok,False,28.788000000000466,2.7041999999783,HTML parse + extraction; shared across modes,18,0,0,1.0,0.0,0.0,0,1,0,0,0,1.0,1.0,1.0,1.0,1.0,1.0,1.0,1.0,1.0
20261002T161451Z-d2eb76ee,industrial,original_fast,dind-dns-shop.ru-90440791218a97f4,html/dns-shop.ru-run-none11.html,ps 4,positive,True,4.0,2.0,2,2,0,1.0,2,0,2,2,0,2,2,0,0,industrial,html/dns-shop.ru-run-none11.html,dns-shop.ru-run-none11.html,run-none11,dns-shop.ru,D:\Pet_Codes\science\article-price-tracker\industrial\html\dns-shop.ru-run-none11.html,https://www.dns-shop.ru/search/?q=ps+4&category=17a8978216404e77,https://www.dns-shop.ru/search/?q=ps+4&category=17a8978216404e77,ps 4,,,raw_html,,90440791218a97f4b0bf112a7ff5c2162b900c90a80e72edf08cb6d2d68e2e0c,90440791218a97f4b0bf112a7ff5c2162b900c90a80e72edf08cb6d2d68e2e0c,D:\Job_Codes\PriceTracker\services\stealth-renderer\.artifacts\2026-05-05-sr-dns-shop.ru\1778009573204-pkhr0z\page.html,False,2026-05-05-sr-dns-shop.ru\1778009573204-pkhr0z\page.html,html/dns-shop.ru-run-none11.html,application_import,,2026-05-05T19:33:09.365Z,166430,False,True,,,False,,True,,0.0,dind-dns-shop.ru-90440791218a97f4,product_page_or_listing,https://www.dns-shop.ru/search/?q=ps+4&category=17a8978216404e77,True,stealth_renderer,ps 4,,,90440791218a97f4b0bf112a7ff5c2162b900c90a80e72edf08cb6d2d68e2e0c,184919,False,dns-shop.ru,https://www.dns-shop.ru/search/?q=ps+4&category=17a8978216404e77,ps 4 - DNS – интернет магазин цифровой и бытовой техники по доступным ценам.,False,dns-shop.ru,run-none11,,,ok,0.8291000000317581,,14.34429999999702,2.0,2.0,2.0,False,,,,ok,False,14.34429999999702,0.3713999999454245,HTML parse + extraction; shared across modes,2,2,0,1.0,0.0,0.0,0,1,0,0,0,1.0,0.5,0.6666666666666666,1.0,0.5,0.6666666666666666,1.0,1.0,1.0
20261002T161451Z-d2eb76ee,industrial,original_fast,dind-dns-shop.ru-92ce0999672a52ef,html/dns-shop.ru-run-none12.html,ps 4 консоль,positive,True,4.0,2.0,2,2,0,1.0,2,0,2,2,0,2,2,0,0,industrial,html/dns-shop.ru-run-none12.html,dns-shop.ru-run-none12.html,run-none12,dns-shop.ru,D:\Pet_Codes\science\article-price-tracker\industrial\html\dns-shop.ru-run-none12.html,https://www.dns-shop.ru/search/?q=ps+4+%D0%BA%D0%BE%D0%BD%D1%81%D0%BE%D0%BB%D1%8C&category=17a8978216404e77,https://www.dns-shop.ru/search/?q=ps+4+%D0%BA%D0%BE%D0%BD%D1%81%D0%BE%D0%BB%D1%8C&category=17a8978216404e77,ps 4 консоль,,,raw_html,,92ce0999672a52ef5091d2f2958267678e177c0b33f6c5bab367411cacecf716,92ce0999672a52ef5091d2f2958267678e177c0b33f6c5bab367411cacecf716,D:\Job_Codes\PriceTracker\services\stealth-renderer\.artifacts\2026-05-05-sr-dns-shop.ru\1778009624556-x22a73\page.html,False,2026-05-05-sr-dns-shop.ru\1778009624556-x22a73\page.html,html/dns-shop.ru-run-none12.html,application_import,,2026-05-05T19:33:59.484Z,165829,False,True,,,False,,True,,0.0,dind-dns-shop.ru-92ce0999672a52ef,product_page_or_listing,https://www.dns-shop.ru/search/?q=ps+4+%D0%BA%D0%BE%D0%BD%D1%81%D0%BE%D0%BB%D1%8C&category=17a8978216404e77,True,stealth_renderer,ps 4 консоль,,,92ce0999672a52ef5091d2f2958267678e177c0b33f6c5bab367411cacecf716,184487,False,dns-shop.ru,https://www.dns-shop.ru/search/?q=ps+4+%D0%BA%D0%BE%D0%BD%D1%81%D0%BE%D0%BB%D1%8C&category=17a8978216404e77,ps 4 консоль - DNS – интернет магазин цифровой и бытовой техники по доступным ценам.,False,dns-shop.ru,run-none12,,,ok,0.8277000000234693,,14.679899999988265,2.0,2.0,2.0,False,,,,ok,False,14.679899999988265,0.4088999999803491,HTML parse + extraction; shared across modes,2,2,0,1.0,0.0,0.0,0,1,0,0,0,1.0,0.5,0.6666666666666666,1.0,0.5,0.6666666666666666,1.0,1.0,1.0
20261002T161451Z-d2eb76ee,industrial,original_fast,dind-dns-shop.ru-af963fbfbb118c6f,html/dns-shop.ru-run-none13.html,nintendo switch 2,positive,True,2.0,2.0,2,0,0,1.0,2,0,0,2,0,0,2,0,0,industrial,html/dns-shop.ru-run-none13.html,dns-shop.ru-run-none13.html,run-none13,dns-shop.ru,D:\Pet_Codes\science\article-price-tracker\industrial\html\dns-shop.ru-run-none13.html,https://www.dns-shop.ru/search/?q=nintendo+switch+2&category=17a893cd16404e77,https://www.dns-shop.ru/search/?q=nintendo+switch+2&category=17a893cd16404e77,nintendo switch 2,,,raw_html,,af963fbfbb118c6f5a1df2f0026af10ed41366e6eef8ed0ce6cee78fadd37c87,af963fbfbb118c6f5a1df2f0026af10ed41366e6eef8ed0ce6cee78fadd37c87,D:\Job_Codes\PriceTracker\services\stealth-renderer\.artifacts\2026-05-05-sr-dns-shop.ru\1778010272600-pjudfl\page.html,False,2026-05-05-sr-dns-shop.ru\1778010272600-pjudfl\page.html,html/dns-shop.ru-run-none13.html,application_import,,2026-05-05T19:44:47.870Z,161291,False,True,,,False,,True,,0.0,dind-dns-shop.ru-af963fbfbb118c6f,product_page_or_listing,https://www.dns-shop.ru/search/?q=nintendo+switch+2&category=17a893cd16404e77,True,stealth_renderer,nintendo switch 2,,,af963fbfbb118c6f5a1df2f0026af10ed41366e6eef8ed0ce6cee78fadd37c87,179792,False,dns-shop.ru,https://www.dns-shop.ru/search/?q=nintendo+switch+2&category=17a893cd16404e77,nintendo switch 2 - DNS – интернет магазин цифровой и бытовой техники по доступным ценам.,False,dns-shop.ru,run-none13,,,ok,0.8469000000040978,,32.28260000003502,2.0,2.0,2.0,False,,,,ok,False,32.28260000003502,0.2937999999849126,HTML parse + extraction; shared across modes,2,0,0,1.0,0.0,0.0,0,1,0,0,0,1.0,1.0,1.0,1.0,1.0,1.0,1.0,1.0,1.0
20261002T161451Z-d2eb76ee,industrial,original_fast,dind-dns-shop.ru-fdefdf05ba85008a,html/dns-shop.ru-run-none14.html,ноутбук,positive,True,18.0,4.0,4,14,0,1.0,4,0,14,4,0,14,0,4,0,industrial,html/dns-shop.ru-run-none14.html,dns-shop.ru-run-none14.html,run-none14,dns-shop.ru,D:\Pet_Codes\science\article-price-tracker\industrial\html\dns-shop.ru-run-none14.html,https://www.dns-shop.ru/search/?q=%D0%BD%D0%BE%D1%83%D1%82%D0%B1%D1%83%D0%BA&category=17a892f816404e77,https://www.dns-shop.ru/search/?q=%D0%BD%D0%BE%D1%83%D1%82%D0%B1%D1%83%D0%BA&category=17a892f816404e77,ноутбук,,,raw_html,,fdefdf05ba85008aace956b6edd322315abab10371504f786f100883b7389e91,fdefdf05ba85008aace956b6edd322315abab10371504f786f100883b7389e91,D:\Job_Codes\PriceTracker\services\stealth-renderer\.artifacts\2026-05-07-sr-dns-shop.ru\1778131299596-6zwsee\page.html,False,2026-05-07-sr-dns-shop.ru\1778131299596-6zwsee\page.html,html/dns-shop.ru-run-none14.html,application_import,,2026-05-07T05:21:58.913Z,237906,False,True,,,False,,True,,0.0,dind-dns-shop.ru-fdefdf05ba85008a,product_page_or_listing,https://www.dns-shop.ru/search/?q=%D0%BD%D0%BE%D1%83%D1%82%D0%B1%D1%83%D0%BA&category=17a892f816404e77,True,stealth_renderer,ноутбук,,,fdefdf05ba85008aace956b6edd322315abab10371504f786f100883b7389e91,257378,False,dns-shop.ru,https://www.dns-shop.ru/search/?q=%D0%BD%D0%BE%D1%83%D1%82%D0%B1%D1%83%D0%BA&category=17a892f816404e77,ноутбук - DNS – интернет магазин цифровой и бытовой техники по доступным ценам.,False,dns-shop.ru,run-none14,,,ok,1.146100000012666,,8646.372499999998,4.0,4.0,4.0,False,,,,ok,False,8646.372499999998,0.5910999999614432,HTML parse + extraction; shared across modes,0,18,0,1.0,,,4,1,0,0,0,1.0,0.2222222222222222,0.3636363636363636,1.0,0.2222222222222222,0.3636363636363636,0.0,0.0,0.0
20261002T161451Z-d2eb76ee,industrial,original_fast,dind-dns-shop.ru-4a4e14f05378d4a5,html/dns-shop.ru-run-none15.html,ноутбук 16 gb ram,positive,True,7.0,1.0,1,6,0,1.0,1,0,6,1,0,6,0,1,0,industrial,html/dns-shop.ru-run-none15.html,dns-shop.ru-run-none15.html,run-none15,dns-shop.ru,D:\Pet_Codes\science\article-price-tracker\industrial\html\dns-shop.ru-run-none15.html,https://www.dns-shop.ru/catalog/17a9b91b16404e77/operativnaa-pamat-so-dimm/?q=%D0%BD%D0%BE%D1%83%D1%82%D0%B1%D1%83%D0%BA+16+gb+ram&stock=now-today-tomorrow-later-out_of_stock&order=popular,https://www.dns-shop.ru/catalog/17a9b91b16404e77/operativnaa-pamat-so-dimm/?q=%D0%BD%D0%BE%D1%83%D1%82%D0%B1%D1%83%D0%BA+16+gb+ram&stock=now-today-tomorrow-later-out_of_stock&order=popular,ноутбук 16 gb ram,,,raw_html,,4a4e14f05378d4a5f27b3e9921e000c950fcd2395460d41ae4b64c432b7361ef,4a4e14f05378d4a5f27b3e9921e000c950fcd2395460d41ae4b64c432b7361ef,D:\Job_Codes\PriceTracker\services\stealth-renderer\.artifacts\2026-05-07-sr-dns-shop.ru\1778147948923-bfs0w1\page.html,False,2026-05-07-sr-dns-shop.ru\1778147948923-bfs0w1\page.html,html/dns-shop.ru-run-none15.html,application_import,,2026-05-07T09:59:48.187Z,133336,False,True,,,False,,True,,0.0,dind-dns-shop.ru-4a4e14f05378d4a5,product_page_or_listing,https://www.dns-shop.ru/catalog/17a9b91b16404e77/operativnaa-pamat-so-dimm/?q=%D0%BD%D0%BE%D1%83%D1%82%D0%B1%D1%83%D0%BA+16+gb+ram&stock=now-today-tomorrow-later-out_of_stock&order=popular,True,stealth_renderer,ноутбук 16 gb ram,,,4a4e14f05378d4a5f27b3e9921e000c950fcd2395460d41ae4b64c432b7361ef,150842,False,dns-shop.ru,https://www.dns-shop.ru/catalog/17a9b91b16404e77/operativnaa-pamat-so-dimm/?q=%D0%BD%D0%BE%D1%83%D1%82%D0%B1%D1%83%D0%BA+16+gb+ram&stock=now-today-tomorrow-later-out_of_stock&order=popular,"Оперативная память SO-DIMM купить в интернет-магазине DNS. Оперативная память SO-DIMM цены, большой каталог, новинки. - страница 1 из 1",False,dns-shop.ru,run-none15,,,ok,13.541100000031292,,2713.9237999999896,2.0,1.0,1.0,False,,,,ok,False,2713.9237999999896,0.32900000002700835,HTML parse + extraction; shared across modes,0,7,0,1.0,,,1,1,0,0,0,1.0,0.14285714285714285,0.25,1.0,0.14285714285714285,0.25,0.0,0.0,0.0
20261002T161451Z-d2eb76ee,industrial,original_fast,dind-dns-shop.ru-564876217320f967,html/dns-shop.ru-run-none16.html,ноутбук 16 gb ram,positive,True,7.0,0.0,0,7,0,0.0,0,0,7,0,0,7,0,0,0,industrial,html/dns-shop.ru-run-none16.html,dns-shop.ru-run-none16.html,run-none16,dns-shop.ru,D:\Pet_Codes\science\article-price-tracker\industrial\html\dns-shop.ru-run-none16.html,https://www.dns-shop.ru/catalog/17a9b91b16404e77/operativnaa-pamat-so-dimm/?q=%D0%BD%D0%BE%D1%83%D1%82%D0%B1%D1%83%D0%BA+16+gb+ram&stock=now-today-tomorrow-later-out_of_stock&order=popular,https://www.dns-shop.ru/catalog/17a9b91b16404e77/operativnaa-pamat-so-dimm/?q=%D0%BD%D0%BE%D1%83%D1%82%D0%B1%D1%83%D0%BA+16+gb+ram&stock=now-today-tomorrow-later-out_of_stock&order=popular,ноутбук 16 gb ram,,,raw_html,,564876217320f96741ab5faa5b6f1b00b00de568cddd433c6b5aefd207c5ab8b,564876217320f96741ab5faa5b6f1b00b00de568cddd433c6b5aefd207c5ab8b,D:\Job_Codes\PriceTracker\services\stealth-renderer\.artifacts\2026-05-07-sr-dns-shop.ru\1778148111679-852tzl\page.html,False,2026-05-07-sr-dns-shop.ru\1778148111679-852tzl\page.html,html/dns-shop.ru-run-none16.html,application_import,,2026-05-07T10:02:10.424Z,67001,False,True,,,False,,True,,0.0,dind-dns-shop.ru-564876217320f967,product_page_or_listing,https://www.dns-shop.ru/catalog/17a9b91b16404e77/operativnaa-pamat-so-dimm/?q=%D0%BD%D0%BE%D1%83%D1%82%D0%B1%D1%83%D0%BA+16+gb+ram&stock=now-today-tomorrow-later-out_of_stock&order=popular,True,stealth_renderer,ноутбук 16 gb ram,,,564876217320f96741ab5faa5b6f1b00b00de568cddd433c6b5aefd207c5ab8b,74946,False,dns-shop.ru,https://www.dns-shop.ru/catalog/17a9b91b16404e77/operativnaa-pamat-so-dimm/?q=%D0%BD%D0%BE%D1%83%D1%82%D0%B1%D1%83%D0%BA+16+gb+ram&stock=now-today-tomorrow-later-out_of_stock&order=popular,"Оперативная память SO-DIMM купить в интернет-магазине DNS. Оперативная память SO-DIMM цены, большой каталог, новинки. - страница 1 из 1",False,dns-shop.ru,run-none16,,,ok,12.956899999990128,,1634.843200000003,0.0,0.0,0.0,False,,,,empty,False,1634.843200000003,0.09509999997681007,HTML parse + extraction; shared across modes,0,7,0,,,,0,0,0,1,0,0.0,0.0,0.0,0.0,0.0,0.0,0.0,0.0,0.0
20261002T161451Z-d2eb76ee,industrial,original_fast,dind-dns-shop.ru-46ebef5666c10c8e,html/dns-shop.ru-run-none17.html,ps 5,positive,True,18.0,18.0,18,0,0,1.0,18,0,0,18,0,0,18,0,0,industrial,html/dns-shop.ru-run-none17.html,dns-shop.ru-run-none17.html,run-none17,dns-shop.ru,D:\Pet_Codes\science\article-price-tracker\industrial\html\dns-shop.ru-run-none17.html,https://www.dns-shop.ru/search/?q=ps+5&category=17a8978216404e77,https://www.dns-shop.ru/search/?q=ps+5&category=17a8978216404e77,ps 5,,,raw_html,,46ebef5666c10c8e6cafdf4c4cab0308610c9d558368ee20971974636e5614fd,46ebef5666c10c8e6cafdf4c4cab0308610c9d558368ee20971974636e5614fd,D:\Job_Codes\PriceTracker\services\stealth-renderer\.artifacts\2026-05-11-sr-dns-shop.ru\1778512022635-0cu5qa\page.html,False,2026-05-11-sr-dns-shop.ru\1778512022635-0cu5qa\page.html,html/dns-shop.ru-run-none17.html,application_import,,2026-05-11T15:07:20.655Z,269719,False,True,,,False,,True,,0.0,dind-dns-shop.ru-46ebef5666c10c8e,product_page_or_listing,https://www.dns-shop.ru/search/?q=ps+5&category=17a8978216404e77,True,stealth_renderer,ps 5,,,46ebef5666c10c8e6cafdf4c4cab0308610c9d558368ee20971974636e5614fd,291275,False,dns-shop.ru,https://www.dns-shop.ru/search/?q=ps+5&category=17a8978216404e77,ps 5 - DNS – интернет магазин цифровой и бытовой техники по доступным ценам.,False,dns-shop.ru,run-none17,,,ok,1.3372000000090338,,30.369000000006054,18.0,18.0,18.0,False,,,,ok,False,30.369000000006054,2.182200000039302,HTML parse + extraction; shared across modes,18,0,0,1.0,0.0,0.0,0,1,0,0,0,1.0,1.0,1.0,1.0,1.0,1.0,1.0,1.0,1.0
20261002T161451Z-d2eb76ee,industrial,original_fast,dind-dns-shop.ru-3f4da6582900a525,html/dns-shop.ru-run-none18.html,дрель безударная,positive,True,18.0,18.0,18,0,0,1.0,18,0,0,18,0,0,18,0,0,industrial,html/dns-shop.ru-run-none18.html,dns-shop.ru-run-none18.html,run-none18,dns-shop.ru,D:\Pet_Codes\science\article-price-tracker\industrial\html\dns-shop.ru-run-none18.html,https://www.dns-shop.ru/search/?q=%D0%B4%D1%80%D0%B5%D0%BB%D1%8C+%D0%B1%D0%B5%D0%B7%D1%83%D0%B4%D0%B0%D1%80%D0%BD%D0%B0%D1%8F&category=17a9c58016404e77,https://www.dns-shop.ru/search/?q=%D0%B4%D1%80%D0%B5%D0%BB%D1%8C+%D0%B1%D0%B5%D0%B7%D1%83%D0%B4%D0%B0%D1%80%D0%BD%D0%B0%D1%8F&category=17a9c58016404e77,дрель безударная,,,raw_html,,3f4da6582900a5252b082589e0f8e46c7d34bb12136c809674d00b97f71016c7,3f4da6582900a5252b082589e0f8e46c7d34bb12136c809674d00b97f71016c7,D:\Job_Codes\PriceTracker\services\stealth-renderer\.artifacts\2026-05-11-sr-dns-shop.ru\1778512074139-jpf3nl\page.html,False,2026-05-11-sr-dns-shop.ru\1778512074139-jpf3nl\page.html,html/dns-shop.ru-run-none18.html,application_import,,2026-05-11T15:08:05.501Z,269909,False,True,,,False,,True,,0.0,dind-dns-shop.ru-3f4da6582900a525,product_page_or_listing,https://www.dns-shop.ru/search/?q=%D0%B4%D1%80%D0%B5%D0%BB%D1%8C+%D0%B1%D0%B5%D0%B7%D1%83%D0%B4%D0%B0%D1%80%D0%BD%D0%B0%D1%8F&category=17a9c58016404e77,True,stealth_renderer,дрель безударная,,,3f4da6582900a5252b082589e0f8e46c7d34bb12136c809674d00b97f71016c7,291906,False,dns-shop.ru,https://www.dns-shop.ru/search/?q=%D0%B4%D1%80%D0%B5%D0%BB%D1%8C+%D0%B1%D0%B5%D0%B7%D1%83%D0%B4%D0%B0%D1%80%D0%BD%D0%B0%D1%8F&category=17a9c58016404e77,дрель безударная - DNS – интернет магазин цифровой и бытовой техники по доступным ценам.,False,dns-shop.ru,run-none18,,,ok,1.1319999999832362,,38.1079000000027,18.0,18.0,18.0,False,,,,ok,False,38.1079000000027,2.3410999999614432,HTML parse + extraction; shared across modes,18,0,0,1.0,0.0,0.0,0,1,0,0,0,1.0,1.0,1.0,1.0,1.0,1.0,1.0,1.0,1.0
20261002T161451Z-d2eb76ee,industrial,original_fast,dind-dns-shop.ru-4d693e109b55f82a,html/dns-shop.ru-run-none19.html,дрель,positive,True,18.0,18.0,18,0,0,1.0,18,0,0,18,0,0,18,0,0,industrial,html/dns-shop.ru-run-none19.html,dns-shop.ru-run-none19.html,run-none19,dns-shop.ru,D:\Pet_Codes\science\article-price-tracker\industrial\html\dns-shop.ru-run-none19.html,https://www.dns-shop.ru/search/?q=%D0%B4%D1%80%D0%B5%D0%BB%D1%8C&category=17a9c58016404e77,https://www.dns-shop.ru/search/?q=%D0%B4%D1%80%D0%B5%D0%BB%D1%8C&category=17a9c58016404e77,дрель,,,raw_html,,4d693e109b55f82ac1e65bddce5bfa8a03763a40723a2877e1b075424d1ad431,4d693e109b55f82ac1e65bddce5bfa8a03763a40723a2877e1b075424d1ad431,D:\Job_Codes\PriceTracker\services\stealth-renderer\.artifacts\2026-05-11-sr-dns-shop.ru\1778512107730-5ka8j8\page.html,False,2026-05-11-sr-dns-shop.ru\1778512107730-5ka8j8\page.html,html/dns-shop.ru-run-none19.html,application_import,,2026-05-11T15:08:43.897Z,278184,False,True,,,False,,True,,0.0,dind-dns-shop.ru-4d693e109b55f82a,product_page_or_listing,https://www.dns-shop.ru/search/?q=%D0%B4%D1%80%D0%B5%D0%BB%D1%8C&category=17a9c58016404e77,True,stealth_renderer,дрель,,,4d693e109b55f82ac1e65bddce5bfa8a03763a40723a2877e1b075424d1ad431,300501,False,dns-shop.ru,https://www.dns-shop.ru/search/?q=%D0%B4%D1%80%D0%B5%D0%BB%D1%8C&category=17a9c58016404e77,дрель - DNS – интернет магазин цифровой и бытовой техники по доступным ценам.,False,dns-shop.ru,run-none19,,,ok,1.3373000000137836,,31.036399999982677,18.0,18.0,18.0,False,,,,ok,False,31.036399999982677,2.4932000000262633,HTML parse + extraction; shared across modes,18,0,0,1.0,0.0,0.0,0,1,0,0,0,1.0,1.0,1.0,1.0,1.0,1.0,1.0,1.0,1.0
20261002T161451Z-d2eb76ee,industrial,original_fast,dind-dns-shop.ru-ecbe705fe138bbfc,html/dns-shop.ru-run-none20.html,playstation 5 slim,positive,True,18.0,18.0,18,0,0,1.0,18,0,0,18,0,0,18,0,0,industrial,html/dns-shop.ru-run-none20.html,dns-shop.ru-run-none20.html,run-none20,dns-shop.ru,D:\Pet_Codes\science\article-price-tracker\industrial\html\dns-shop.ru-run-none20.html,https://www.dns-shop.ru/search/?q=playstation+5+slim&category=17a8978216404e77,https://www.dns-shop.ru/search/?q=playstation+5+slim&category=17a8978216404e77,playstation 5 slim,,,raw_html,,ecbe705fe138bbfc0c89fe504756366ab69f0e0b0e8f47dac84782baaa6f6fd1,ecbe705fe138bbfc0c89fe504756366ab69f0e0b0e8f47dac84782baaa6f6fd1,D:\Job_Codes\PriceTracker\services\stealth-renderer\.artifacts\2026-05-12-sr-dns-shop.ru\1778572228892-i0iltx\page.html,False,2026-05-12-sr-dns-shop.ru\1778572228892-i0iltx\page.html,html/dns-shop.ru-run-none20.html,application_import,,2026-05-12T07:50:42.845Z,266548,False,True,,,False,,True,,0.0,dind-dns-shop.ru-ecbe705fe138bbfc,product_page_or_listing,https://www.dns-shop.ru/search/?q=playstation+5+slim&category=17a8978216404e77,True,stealth_renderer,playstation 5 slim,,,ecbe705fe138bbfc0c89fe504756366ab69f0e0b0e8f47dac84782baaa6f6fd1,287944,False,dns-shop.ru,https://www.dns-shop.ru/search/?q=playstation+5+slim&category=17a8978216404e77,playstation 5 slim - DNS – интернет магазин цифровой и бытовой техники по доступным ценам.,False,dns-shop.ru,run-none20,,,ok,1.1132999999681488,,30.230600000009872,18.0,18.0,18.0,False,,,,ok,False,30.230600000009872,2.222399999969639,HTML parse + extraction; shared across modes,18,0,0,1.0,0.0,0.0,0,1,0,0,0,1.0,1.0,1.0,1.0,1.0,1.0,1.0,1.0,1.0
20261002T161451Z-d2eb76ee,industrial,original_fast,dind-dns-shop.ru-8115aee7bc53974a,html/dns-shop.ru-run-none21.html,,positive,True,18.0,18.0,18,0,0,1.0,18,0,0,18,0,0,18,0,0,industrial,html/dns-shop.ru-run-none21.html,dns-shop.ru-run-none21.html,run-none21,dns-shop.ru,D:\Pet_Codes\science\article-price-tracker\industrial\html\dns-shop.ru-run-none21.html,https://www.dns-shop.ru/catalog/17a9c6ec16404e77/surupoverty-dreli-surupoverty/?stock=now-today-tomorrow-later-out_of_stock&order=popular,https://www.dns-shop.ru/catalog/17a9c6ec16404e77/surupoverty-dreli-surupoverty/?stock=now-today-tomorrow-later-out_of_stock&order=popular,,,,raw_html,,8115aee7bc53974ad60fc20de57174ad8b4c76efb21ec29092ac84247a94e014,8115aee7bc53974ad60fc20de57174ad8b4c76efb21ec29092ac84247a94e014,D:\Job_Codes\PriceTracker\services\stealth-renderer\.artifacts\2026-05-12-sr-dns-shop.ru\1778579549482-knktqg\page.html,False,2026-05-12-sr-dns-shop.ru\1778579549482-knktqg\page.html,html/dns-shop.ru-run-none21.html,application_import,,2026-05-12T09:52:46.126Z,338180,False,True,,,False,,True,,0.0,dind-dns-shop.ru-8115aee7bc53974a,product_page_or_listing,https://www.dns-shop.ru/catalog/17a9c6ec16404e77/surupoverty-dreli-surupoverty/?stock=now-today-tomorrow-later-out_of_stock&order=popular,True,stealth_renderer,,,,8115aee7bc53974ad60fc20de57174ad8b4c76efb21ec29092ac84247a94e014,365516,False,dns-shop.ru,https://www.dns-shop.ru/catalog/17a9c6ec16404e77/surupoverty-dreli-surupoverty/?stock=now-today-tomorrow-later-out_of_stock&order=popular,"Шуруповерты, дрели-шуруповерты купить в интернет-магазине DNS. Шуруповерты, дрели-шуруповерты цены, большой каталог, новинки. - страница 1 из 51",False,dns-shop.ru,run-none21,,,ok,1.347200000018347,,48.351800000004005,18.0,18.0,18.0,False,,,,ok,False,48.351800000004005,0.004499999980907887,HTML parse + extraction; shared across modes,18,0,0,1.0,0.0,0.0,0,1,0,0,0,1.0,1.0,1.0,1.0,1.0,1.0,1.0,1.0,1.0
20261002T161451Z-d2eb76ee,industrial,original_fast,dind-dns-shop.ru-33bd96f05cc76522,html/dns-shop.ru-run-none22.html,смартфон honor,positive,True,18.0,18.0,18,0,0,1.0,18,0,0,18,0,0,18,0,0,industrial,html/dns-shop.ru-run-none22.html,dns-shop.ru-run-none22.html,run-none22,dns-shop.ru,D:\Pet_Codes\science\article-price-tracker\industrial\html\dns-shop.ru-run-none22.html,https://www.dns-shop.ru/search/?q=%D1%81%D0%BC%D0%B0%D1%80%D1%82%D1%84%D0%BE%D0%BD+honor&category=17a8a01d16404e77,https://www.dns-shop.ru/search/?q=%D1%81%D0%BC%D0%B0%D1%80%D1%82%D1%84%D0%BE%D0%BD+honor&category=17a8a01d16404e77,смартфон honor,,,raw_html,,33bd96f05cc765220f03f070649fc85e204f353d479f8710fbbf1c8fd4ce55f8,33bd96f05cc765220f03f070649fc85e204f353d479f8710fbbf1c8fd4ce55f8,D:\Job_Codes\PriceTracker\services\stealth-renderer\.artifacts\2026-05-12-sr-dns-shop.ru\1778587565031-nak600\page.html,False,2026-05-12-sr-dns-shop.ru\1778587565031-nak600\page.html,html/dns-shop.ru-run-none22.html,application_import,,2026-05-12T12:06:34.820Z,269187,False,True,,,False,,True,,0.0,dind-dns-shop.ru-33bd96f05cc76522,product_page_or_listing,https://www.dns-shop.ru/search/?q=%D1%81%D0%BC%D0%B0%D1%80%D1%82%D1%84%D0%BE%D0%BD+honor&category=17a8a01d16404e77,True,stealth_renderer,смартфон honor,,,33bd96f05cc765220f03f070649fc85e204f353d479f8710fbbf1c8fd4ce55f8,291025,False,dns-shop.ru,https://www.dns-shop.ru/search/?q=%D1%81%D0%BC%D0%B0%D1%80%D1%82%D1%84%D0%BE%D0%BD+honor&category=17a8a01d16404e77,смартфон honor - DNS – интернет магазин цифровой и бытовой техники по доступным ценам.,False,dns-shop.ru,run-none22,,,ok,1.392200000002049,,30.243000000016764,18.0,18.0,18.0,False,,,,ok,False,30.243000000016764,3.0945000000065193,HTML parse + extraction; shared across modes,18,0,0,1.0,0.0,0.0,0,1,0,0,0,1.0,1.0,1.0,1.0,1.0,1.0,1.0,1.0,1.0
20261002T161451Z-d2eb76ee,industrial,original_fast,dind-dns-shop.ru-fb02082707bf4363,html/dns-shop.ru-run-none23.html,ps 5,positive,True,18.0,18.0,18,0,0,1.0,18,0,0,18,0,0,18,0,0,industrial,html/dns-shop.ru-run-none23.html,dns-shop.ru-run-none23.html,run-none23,dns-shop.ru,D:\Pet_Codes\science\article-price-tracker\industrial\html\dns-shop.ru-run-none23.html,https://www.dns-shop.ru/search/?q=ps+5,https://www.dns-shop.ru/search/?q=ps+5,ps 5,,,raw_html,,fb02082707bf4363dca508a64afe0d7685f7e962cc7dd6b9750b2fd93200a5ee,fb02082707bf4363dca508a64afe0d7685f7e962cc7dd6b9750b2fd93200a5ee,D:\Job_Codes\PriceTracker\services\stealth-renderer\.artifacts\2026-05-15-sr-dns-shop.ru\1778880309033-dofzd6\page.html,False,2026-05-15-sr-dns-shop.ru\1778880309033-dofzd6\page.html,html/dns-shop.ru-run-none23.html,application_import,,2026-05-15T21:25:34.057Z,271677,False,True,,,False,,True,,0.0,dind-dns-shop.ru-fb02082707bf4363,product_page_or_listing,https://www.dns-shop.ru/search/?q=ps+5,True,stealth_renderer,ps 5,,,fb02082707bf4363dca508a64afe0d7685f7e962cc7dd6b9750b2fd93200a5ee,293393,False,dns-shop.ru,https://www.dns-shop.ru/search/?q=ps+5,ps 5 - DNS – интернет магазин цифровой и бытовой техники по доступным ценам.,False,dns-shop.ru,run-none23,,,ok,1.3721000000368804,,30.67469999997411,18.0,18.0,18.0,False,,,,ok,False,30.67469999997411,2.3616000000038184,HTML parse + extraction; shared across modes,18,0,0,1.0,0.0,0.0,0,1,0,0,0,1.0,1.0,1.0,1.0,1.0,1.0,1.0,1.0,1.0
20261002T161451Z-d2eb76ee,industrial,original_fast,dind-dns-shop.ru-b7113a7a9f8e538f,html/dns-shop.ru-run-none24.html,ps 5,positive,True,18.0,18.0,18,0,0,1.0,18,0,0,18,0,0,18,0,0,industrial,html/dns-shop.ru-run-none24.html,dns-shop.ru-run-none24.html,run-none24,dns-shop.ru,D:\Pet_Codes\science\article-price-tracker\industrial\html\dns-shop.ru-run-none24.html,https://www.dns-shop.ru/search/?q=ps+5&category=17a8978216404e77,https://www.dns-shop.ru/search/?q=ps+5&category=17a8978216404e77,ps 5,,,raw_html,,b7113a7a9f8e538f0403b8a0303dddcc091b1a7e9d668e6871cb241d7f764f69,b7113a7a9f8e538f0403b8a0303dddcc091b1a7e9d668e6871cb241d7f764f69,D:\Job_Codes\PriceTracker\services\stealth-renderer\.artifacts\2026-05-15-sr-dns-shop.ru\1778884953795-hw3u0w\page.html,False,2026-05-15-sr-dns-shop.ru\1778884953795-hw3u0w\page.html,html/dns-shop.ru-run-none24.html,application_import,,2026-05-15T22:42:54.394Z,270257,False,True,,,False,,True,,0.0,dind-dns-shop.ru-b7113a7a9f8e538f,product_page_or_listing,https://www.dns-shop.ru/search/?q=ps+5&category=17a8978216404e77,True,stealth_renderer,ps 5,,,b7113a7a9f8e538f0403b8a0303dddcc091b1a7e9d668e6871cb241d7f764f69,291882,False,dns-shop.ru,https://www.dns-shop.ru/search/?q=ps+5&category=17a8978216404e77,ps 5 - DNS – интернет магазин цифровой и бытовой техники по доступным ценам.,False,dns-shop.ru,run-none24,,,ok,1.338400000007823,,56.39399999997113,18.0,18.0,18.0,False,,,,ok,False,56.39399999997113,2.180400000012014,HTML parse + extraction; shared across modes,18,0,0,1.0,0.0,0.0,0,1,0,0,0,1.0,1.0,1.0,1.0,1.0,1.0,1.0,1.0,1.0
20261002T161451Z-d2eb76ee,industrial,original_fast,dind-dns-shop.ru-996bc94411949f8b,html/dns-shop.ru-run-none25.html,ps 5,positive,True,18.0,18.0,18,0,0,1.0,18,0,0,18,0,0,18,0,0,industrial,html/dns-shop.ru-run-none25.html,dns-shop.ru-run-none25.html,run-none25,dns-shop.ru,D:\Pet_Codes\science\article-price-tracker\industrial\html\dns-shop.ru-run-none25.html,https://www.dns-shop.ru/search/?q=ps+5&category=17a8978216404e77,https://www.dns-shop.ru/search/?q=ps+5&category=17a8978216404e77,ps 5,,,raw_html,,996bc94411949f8b7266eeec04253ab3b2072df3636f17faefa8314148620cd8,996bc94411949f8b7266eeec04253ab3b2072df3636f17faefa8314148620cd8,D:\Job_Codes\PriceTracker\services\stealth-renderer\.artifacts\2026-05-16-sr-dns-shop.ru\1778929052138-rla05b\page.html,False,2026-05-16-sr-dns-shop.ru\1778929052138-rla05b\page.html,html/dns-shop.ru-run-none25.html,application_import,,2026-05-16T10:57:48.708Z,276525,False,True,,,False,,True,,0.0,dind-dns-shop.ru-996bc94411949f8b,product_page_or_listing,https://www.dns-shop.ru/search/?q=ps+5&category=17a8978216404e77,True,stealth_renderer,ps 5,,,996bc94411949f8b7266eeec04253ab3b2072df3636f17faefa8314148620cd8,298420,False,dns-shop.ru,https://www.dns-shop.ru/search/?q=ps+5&category=17a8978216404e77,ps 5 - DNS – интернет магазин цифровой и бытовой техники по доступным ценам.,False,dns-shop.ru,run-none25,,,ok,1.332300000009127,,29.76869999995688,18.0,18.0,18.0,False,,,,ok,False,29.76869999995688,2.1596999999601394,HTML parse + extraction; shared across modes,18,0,0,1.0,0.0,0.0,0,1,0,0,0,1.0,1.0,1.0,1.0,1.0,1.0,1.0,1.0,1.0
20261002T161451Z-d2eb76ee,industrial,original_fast,dind-dns-shop.ru-aa82f882645785f9,html/dns-shop.ru-run-none26.html,dualshock 5,positive,True,18.0,18.0,18,0,0,1.0,18,0,0,18,0,0,18,0,0,industrial,html/dns-shop.ru-run-none26.html,dns-shop.ru-run-none26.html,run-none26,dns-shop.ru,D:\Pet_Codes\science\article-price-tracker\industrial\html\dns-shop.ru-run-none26.html,https://www.dns-shop.ru/search/?q=dualshock+5&category=33ddaa5f0e06c3d1,https://www.dns-shop.ru/search/?q=dualshock+5&category=33ddaa5f0e06c3d1,dualshock 5,,,raw_html,,aa82f882645785f9d930796e00a8f2b567205cc87d84e4c685dffc81db58d10b,aa82f882645785f9d930796e00a8f2b567205cc87d84e4c685dffc81db58d10b,D:\Job_Codes\PriceTracker\services\stealth-renderer\.artifacts\2026-05-16-sr-dns-shop.ru\1778931003893-cjul4g\page.html,False,2026-05-16-sr-dns-shop.ru\1778931003893-cjul4g\page.html,html/dns-shop.ru-run-none26.html,application_import,,2026-05-16T11:30:19.120Z,264682,False,True,,,False,,True,,0.0,dind-dns-shop.ru-aa82f882645785f9,product_page_or_listing,https://www.dns-shop.ru/search/?q=dualshock+5&category=33ddaa5f0e06c3d1,True,stealth_renderer,dualshock 5,,,aa82f882645785f9d930796e00a8f2b567205cc87d84e4c685dffc81db58d10b,288491,False,dns-shop.ru,https://www.dns-shop.ru/search/?q=dualshock+5&category=33ddaa5f0e06c3d1,dualshock 5 - DNS – интернет магазин цифровой и бытовой техники по доступным ценам.,False,dns-shop.ru,run-none26,,,ok,1.0250999999698251,,29.076199999952223,18.0,18.0,18.0,False,,,,ok,False,29.076199999952223,2.8442999999970198,HTML parse + extraction; shared across modes,18,0,0,1.0,0.0,0.0,0,1,0,0,0,1.0,1.0,1.0,1.0,1.0,1.0,1.0,1.0,1.0
20261002T161451Z-d2eb76ee,industrial,original_fast,dind-dns-shop.ru-ea90543385536fce,html/dns-shop.ru-run-none27.html,dualshock 5,positive,True,18.0,18.0,18,0,0,1.0,18,0,0,18,0,0,18,0,0,industrial,html/dns-shop.ru-run-none27.html,dns-shop.ru-run-none27.html,run-none27,dns-shop.ru,D:\Pet_Codes\science\article-price-tracker\industrial\html\dns-shop.ru-run-none27.html,https://www.dns-shop.ru/search/?q=dualshock+5&category=33ddaa5f0e06c3d1,https://www.dns-shop.ru/search/?q=dualshock+5&category=33ddaa5f0e06c3d1,dualshock 5,,,raw_html,,ea90543385536fce588e982dd8c236b79020e4dc9b93efd05f8c3b6c4b725a5a,ea90543385536fce588e982dd8c236b79020e4dc9b93efd05f8c3b6c4b725a5a,D:\Job_Codes\PriceTracker\services\stealth-renderer\.artifacts\2026-05-16-sr-dns-shop.ru\1778931723269-htx5ul\page.html,False,2026-05-16-sr-dns-shop.ru\1778931723269-htx5ul\page.html,html/dns-shop.ru-run-none27.html,application_import,,2026-05-16T11:42:22.205Z,266071,False,True,,,False,,True,,0.0,dind-dns-shop.ru-ea90543385536fce,product_page_or_listing,https://www.dns-shop.ru/search/?q=dualshock+5&category=33ddaa5f0e06c3d1,True,stealth_renderer,dualshock 5,,,ea90543385536fce588e982dd8c236b79020e4dc9b93efd05f8c3b6c4b725a5a,289925,False,dns-shop.ru,https://www.dns-shop.ru/search/?q=dualshock+5&category=33ddaa5f0e06c3d1,dualshock 5 - DNS – интернет магазин цифровой и бытовой техники по доступным ценам.,False,dns-shop.ru,run-none27,,,ok,1.0428000000538304,,45.65559999999823,18.0,18.0,18.0,False,,,,ok,False,45.65559999999823,2.846499999985099,HTML parse + extraction; shared across modes,18,0,0,1.0,0.0,0.0,0,1,0,0,0,1.0,1.0,1.0,1.0,1.0,1.0,1.0,1.0,1.0
20261002T161451Z-d2eb76ee,industrial,original_fast,dind-dns-shop.ru-434df911d8c9446c,html/dns-shop.ru-run-none28.html,dualshock 5,positive,True,18.0,18.0,18,0,0,1.0,18,0,0,18,0,0,18,0,0,industrial,html/dns-shop.ru-run-none28.html,dns-shop.ru-run-none28.html,run-none28,dns-shop.ru,D:\Pet_Codes\science\article-price-tracker\industrial\html\dns-shop.ru-run-none28.html,https://www.dns-shop.ru/search/?q=dualshock+5&category=33ddaa5f0e06c3d1,https://www.dns-shop.ru/search/?q=dualshock+5&category=33ddaa5f0e06c3d1,dualshock 5,,,raw_html,,434df911d8c9446c855503ec0cba806274c54b980e806c95f96a2a46fde4d17c,434df911d8c9446c855503ec0cba806274c54b980e806c95f96a2a46fde4d17c,D:\Job_Codes\PriceTracker\services\stealth-renderer\.artifacts\2026-05-16-sr-dns-shop.ru\1778936274543-moqia7\page.html,False,2026-05-16-sr-dns-shop.ru\1778936274543-moqia7\page.html,html/dns-shop.ru-run-none28.html,application_import,,2026-05-16T12:58:11.476Z,268359,False,True,,,False,,True,,0.0,dind-dns-shop.ru-434df911d8c9446c,product_page_or_listing,https://www.dns-shop.ru/search/?q=dualshock+5&category=33ddaa5f0e06c3d1,True,stealth_renderer,dualshock 5,,,434df911d8c9446c855503ec0cba806274c54b980e806c95f96a2a46fde4d17c,292281,False,dns-shop.ru,https://www.dns-shop.ru/search/?q=dualshock+5&category=33ddaa5f0e06c3d1,dualshock 5 - DNS – интернет магазин цифровой и бытовой техники по доступным ценам.,False,dns-shop.ru,run-none28,,,ok,1.1227000000071712,,28.900900000007823,18.0,18.0,18.0,False,,,,ok,False,28.900900000007823,2.9464000000152737,HTML parse + extraction; shared across modes,18,0,0,1.0,0.0,0.0,0,1,0,0,0,1.0,1.0,1.0,1.0,1.0,1.0,1.0,1.0,1.0
20261002T161451Z-d2eb76ee,industrial,original_fast,dind-dns-shop.ru-543d15ba7884e65d,html/dns-shop.ru-run-none29.html,dualshock 5,positive,True,18.0,18.0,18,0,0,1.0,18,0,0,18,0,0,18,0,0,industrial,html/dns-shop.ru-run-none29.html,dns-shop.ru-run-none29.html,run-none29,dns-shop.ru,D:\Pet_Codes\science\article-price-tracker\industrial\html\dns-shop.ru-run-none29.html,https://www.dns-shop.ru/search/?q=dualshock+5&category=33ddaa5f0e06c3d1,https://www.dns-shop.ru/search/?q=dualshock+5&category=33ddaa5f0e06c3d1,dualshock 5,,,raw_html,,543d15ba7884e65d45feb046c643a7e325789b61b3eddd1f4bcde465ec280fbc,543d15ba7884e65d45feb046c643a7e325789b61b3eddd1f4bcde465ec280fbc,D:\Job_Codes\PriceTracker\services\stealth-renderer\.artifacts\2026-05-16-sr-dns-shop.ru\1778948879081-0ropss\page.html,False,2026-05-16-sr-dns-shop.ru\1778948879081-0ropss\page.html,html/dns-shop.ru-run-none29.html,application_import,,2026-05-16T16:28:16.550Z,265470,False,True,,,False,,True,,0.0,dind-dns-shop.ru-543d15ba7884e65d,product_page_or_listing,https://www.dns-shop.ru/search/?q=dualshock+5&category=33ddaa5f0e06c3d1,True,stealth_renderer,dualshock 5,,,543d15ba7884e65d45feb046c643a7e325789b61b3eddd1f4bcde465ec280fbc,289274,False,dns-shop.ru,https://www.dns-shop.ru/search/?q=dualshock+5&category=33ddaa5f0e06c3d1,dualshock 5 - DNS – интернет магазин цифровой и бытовой техники по доступным ценам.,False,dns-shop.ru,run-none29,,,ok,1.023300000000745,,28.880200000014156,18.0,18.0,18.0,False,,,,ok,False,28.880200000014156,2.7645000000484288,HTML parse + extraction; shared across modes,18,0,0,1.0,0.0,0.0,0,1,0,0,0,1.0,1.0,1.0,1.0,1.0,1.0,1.0,1.0,1.0
20261002T161451Z-d2eb76ee,industrial,original_fast,dind-dns-shop.ru-f878c1c96441254e,html/dns-shop.ru-run-none30.html,dualshock 5,positive,True,18.0,18.0,18,0,0,1.0,18,0,0,18,0,0,18,0,0,industrial,html/dns-shop.ru-run-none30.html,dns-shop.ru-run-none30.html,run-none30,dns-shop.ru,D:\Pet_Codes\science\article-price-tracker\industrial\html\dns-shop.ru-run-none30.html,https://www.dns-shop.ru/search/?q=dualshock+5&category=33ddaa5f0e06c3d1,https://www.dns-shop.ru/search/?q=dualshock+5&category=33ddaa5f0e06c3d1,dualshock 5,,,raw_html,,f878c1c96441254e223a1234b69b4662343bdef595db79c93773ab72b38d1eec,f878c1c96441254e223a1234b69b4662343bdef595db79c93773ab72b38d1eec,D:\Job_Codes\PriceTracker\services\stealth-renderer\.artifacts\2026-05-16-sr-dns-shop.ru\1778949011095-x29ns2\page.html,False,2026-05-16-sr-dns-shop.ru\1778949011095-x29ns2\page.html,html/dns-shop.ru-run-none30.html,application_import,,2026-05-16T16:30:26.558Z,264993,False,True,,,False,,True,,0.0,dind-dns-shop.ru-f878c1c96441254e,product_page_or_listing,https://www.dns-shop.ru/search/?q=dualshock+5&category=33ddaa5f0e06c3d1,True,stealth_renderer,dualshock 5,,,f878c1c96441254e223a1234b69b4662343bdef595db79c93773ab72b38d1eec,288797,False,dns-shop.ru,https://www.dns-shop.ru/search/?q=dualshock+5&category=33ddaa5f0e06c3d1,dualshock 5 - DNS – интернет магазин цифровой и бытовой техники по доступным ценам.,False,dns-shop.ru,run-none30,,,ok,0.9968999999691732,,46.75289999996312,18.0,18.0,18.0,False,,,,ok,False,46.75289999996312,2.776499999978114,HTML parse + extraction; shared across modes,18,0,0,1.0,0.0,0.0,0,1,0,0,0,1.0,1.0,1.0,1.0,1.0,1.0,1.0,1.0,1.0
20261002T161451Z-d2eb76ee,industrial,original_fast,dind-dns-shop.ru-2198c54dfd3d2076,html/dns-shop.ru-run-none31.html,dualshock 5,positive,True,18.0,18.0,18,0,0,1.0,18,0,0,18,0,0,18,0,0,industrial,html/dns-shop.ru-run-none31.html,dns-shop.ru-run-none31.html,run-none31,dns-shop.ru,D:\Pet_Codes\science\article-price-tracker\industrial\html\dns-shop.ru-run-none31.html,https://www.dns-shop.ru/search/?q=dualshock+5&category=33ddaa5f0e06c3d1,https://www.dns-shop.ru/search/?q=dualshock+5&category=33ddaa5f0e06c3d1,dualshock 5,,,raw_html,,2198c54dfd3d20762130f9950ff6a53f3b0e0e3aedb2bc101f83de798834a4f7,2198c54dfd3d20762130f9950ff6a53f3b0e0e3aedb2bc101f83de798834a4f7,D:\Job_Codes\PriceTracker\services\stealth-renderer\.artifacts\2026-05-16-sr-dns-shop.ru\1778962085351-xu29xh\page.html,False,2026-05-16-sr-dns-shop.ru\1778962085351-xu29xh\page.html,html/dns-shop.ru-run-none31.html,application_import,,2026-05-16T20:08:22.382Z,264957,False,True,,,False,,True,,0.0,dind-dns-shop.ru-2198c54dfd3d2076,product_page_or_listing,https://www.dns-shop.ru/search/?q=dualshock+5&category=33ddaa5f0e06c3d1,True,stealth_renderer,dualshock 5,,,2198c54dfd3d20762130f9950ff6a53f3b0e0e3aedb2bc101f83de798834a4f7,288762,False,dns-shop.ru,https://www.dns-shop.ru/search/?q=dualshock+5&category=33ddaa5f0e06c3d1,dualshock 5 - DNS – интернет магазин цифровой и бытовой техники по доступным ценам.,False,dns-shop.ru,run-none31,,,ok,0.9785999999730848,,30.01560000004247,18.0,18.0,18.0,False,,,,ok,False,30.01560000004247,2.804199999955017,HTML parse + extraction; shared across modes,18,0,0,1.0,0.0,0.0,0,1,0,0,0,1.0,1.0,1.0,1.0,1.0,1.0,1.0,1.0,1.0
20261002T161451Z-d2eb76ee,industrial,original_fast,dind-dns-shop.ru-e8d091ebce0ef80f,html/dns-shop.ru-run-none32.html,бензопила,positive,True,18.0,18.0,18,0,0,1.0,18,0,0,18,0,0,18,0,0,industrial,html/dns-shop.ru-run-none32.html,dns-shop.ru-run-none32.html,run-none32,dns-shop.ru,D:\Pet_Codes\science\article-price-tracker\industrial\html\dns-shop.ru-run-none32.html,https://www.dns-shop.ru/search/?q=%D0%B1%D0%B5%D0%BD%D0%B7%D0%BE%D0%BF%D0%B8%D0%BB%D0%B0&category=17a9c8d816404e77,https://www.dns-shop.ru/search/?q=%D0%B1%D0%B5%D0%BD%D0%B7%D0%BE%D0%BF%D0%B8%D0%BB%D0%B0&category=17a9c8d816404e77,бензопила,,,raw_html,,e8d091ebce0ef80fe3cf1a2d767fb092ee9346e20afd2fad124a0082707c0200,e8d091ebce0ef80fe3cf1a2d767fb092ee9346e20afd2fad124a0082707c0200,D:\Job_Codes\PriceTracker\services\stealth-renderer\.artifacts\2026-05-16-sr-dns-shop.ru\1778962588296-ow7vtq\page.html,False,2026-05-16-sr-dns-shop.ru\1778962588296-ow7vtq\page.html,html/dns-shop.ru-run-none32.html,application_import,,2026-05-16T20:16:46.681Z,274095,False,True,,,False,,True,,0.0,dind-dns-shop.ru-e8d091ebce0ef80f,product_page_or_listing,https://www.dns-shop.ru/search/?q=%D0%B1%D0%B5%D0%BD%D0%B7%D0%BE%D0%BF%D0%B8%D0%BB%D0%B0&category=17a9c8d816404e77,True,stealth_renderer,бензопила,,,e8d091ebce0ef80fe3cf1a2d767fb092ee9346e20afd2fad124a0082707c0200,297147,False,dns-shop.ru,https://www.dns-shop.ru/search/?q=%D0%B1%D0%B5%D0%BD%D0%B7%D0%BE%D0%BF%D0%B8%D0%BB%D0%B0&category=17a9c8d816404e77,бензопила - DNS – интернет магазин цифровой и бытовой техники по доступным ценам.,False,dns-shop.ru,run-none32,,,ok,1.2519999999785796,,30.48090000002412,18.0,18.0,18.0,False,,,,ok,False,30.48090000002412,3.423300000024028,HTML parse + extraction; shared across modes,18,0,0,1.0,0.0,0.0,0,1,0,0,0,1.0,1.0,1.0,1.0,1.0,1.0,1.0,1.0,1.0
20261002T161451Z-d2eb76ee,industrial,original_fast,dind-dns-shop.ru-f2b4db0b14d601f5,html/dns-shop.ru-run-none33.html,dualshock 5,positive,True,18.0,18.0,18,0,0,1.0,18,0,0,18,0,0,18,0,0,industrial,html/dns-shop.ru-run-none33.html,dns-shop.ru-run-none33.html,run-none33,dns-shop.ru,D:\Pet_Codes\science\article-price-tracker\industrial\html\dns-shop.ru-run-none33.html,https://www.dns-shop.ru/search/?q=dualshock+5&category=33ddaa5f0e06c3d1,https://www.dns-shop.ru/search/?q=dualshock+5&category=33ddaa5f0e06c3d1,dualshock 5,,,raw_html,,f2b4db0b14d601f5cd6c2e0e0e5ea463beba98437120fdce253fc85d8710a65e,f2b4db0b14d601f5cd6c2e0e0e5ea463beba98437120fdce253fc85d8710a65e,D:\Job_Codes\PriceTracker\services\stealth-renderer\.artifacts\2026-05-22-sr-dns-shop.ru\1779449112387-atr6st\page.html,False,2026-05-22-sr-dns-shop.ru\1779449112387-atr6st\page.html,html/dns-shop.ru-run-none33.html,application_import,,2026-05-22T11:25:28.195Z,263951,False,True,,,False,,True,,0.0,dind-dns-shop.ru-f2b4db0b14d601f5,product_page_or_listing,https://www.dns-shop.ru/search/?q=dualshock+5&category=33ddaa5f0e06c3d1,True,stealth_renderer,dualshock 5,,,f2b4db0b14d601f5cd6c2e0e0e5ea463beba98437120fdce253fc85d8710a65e,287620,False,dns-shop.ru,https://www.dns-shop.ru/search/?q=dualshock+5&category=33ddaa5f0e06c3d1,dualshock 5 - DNS – интернет магазин цифровой и бытовой техники по доступным ценам.,False,dns-shop.ru,run-none33,,,ok,1.1054000000003725,,47.15189999999711,18.0,18.0,18.0,False,,,,ok,False,47.15189999999711,2.8500000000349246,HTML parse + extraction; shared across modes,18,0,0,1.0,0.0,0.0,0,1,0,0,0,1.0,1.0,1.0,1.0,1.0,1.0,1.0,1.0,1.0
20261002T161451Z-d2eb76ee,industrial,original_fast,dind-dns-shop.ru-c972a387a5634908,html/dns-shop.ru-run-none34.html,dualshock 5,positive,True,18.0,18.0,18,0,0,1.0,18,0,0,18,0,0,18,0,0,industrial,html/dns-shop.ru-run-none34.html,dns-shop.ru-run-none34.html,run-none34,dns-shop.ru,D:\Pet_Codes\science\article-price-tracker\industrial\html\dns-shop.ru-run-none34.html,https://www.dns-shop.ru/search/?q=dualshock+5&category=33ddaa5f0e06c3d1,https://www.dns-shop.ru/search/?q=dualshock+5&category=33ddaa5f0e06c3d1,dualshock 5,,,raw_html,,c972a387a56349084dc4502d07e09a7cc2c1b3acb1ab4dfdf95754e21ee97942,c972a387a56349084dc4502d07e09a7cc2c1b3acb1ab4dfdf95754e21ee97942,D:\Job_Codes\PriceTracker\services\stealth-renderer\.artifacts\2026-06-06-sr-dns-shop.ru\1780766971555-kri15y\page.html,False,2026-06-06-sr-dns-shop.ru\1780766971555-kri15y\page.html,html/dns-shop.ru-run-none34.html,application_import,,2026-06-06T17:30:10.767Z,267842,False,True,,,False,,True,,0.0,dind-dns-shop.ru-c972a387a5634908,product_page_or_listing,https://www.dns-shop.ru/search/?q=dualshock+5&category=33ddaa5f0e06c3d1,True,stealth_renderer,dualshock 5,,,c972a387a56349084dc4502d07e09a7cc2c1b3acb1ab4dfdf95754e21ee97942,291803,False,dns-shop.ru,https://www.dns-shop.ru/search/?q=dualshock+5&category=33ddaa5f0e06c3d1,dualshock 5 - DNS – интернет магазин цифровой и бытовой техники по доступным ценам.,False,dns-shop.ru,run-none34,,,ok,1.1913000000058673,,29.71590000001015,18.0,18.0,18.0,False,,,,ok,False,29.71590000001015,2.85820000001695,HTML parse + extraction; shared across modes,18,0,0,1.0,0.0,0.0,0,1,0,0,0,1.0,1.0,1.0,1.0,1.0,1.0,1.0,1.0,1.0
20261002T161451Z-d2eb76ee,industrial,original_fast,dind-dns-shop.ru-1daabf0100ef084e,html/dns-shop.ru-run-none35.html,dualshock 5,positive,True,18.0,18.0,18,0,0,1.0,18,0,0,18,0,0,18,0,0,industrial,html/dns-shop.ru-run-none35.html,dns-shop.ru-run-none35.html,run-none35,dns-shop.ru,D:\Pet_Codes\science\article-price-tracker\industrial\html\dns-shop.ru-run-none35.html,https://www.dns-shop.ru/search/?q=dualshock+5&category=33ddaa5f0e06c3d1,https://www.dns-shop.ru/search/?q=dualshock+5&category=33ddaa5f0e06c3d1,dualshock 5,,,raw_html,,1daabf0100ef084e458fb6c09953ad4aed1259e2e68898e9f6b8a89738cc7d81,1daabf0100ef084e458fb6c09953ad4aed1259e2e68898e9f6b8a89738cc7d81,D:\Job_Codes\PriceTracker\services\stealth-renderer\.artifacts\2026-06-06-sr-dns-shop.ru\1780771932740-0zeqo9\page.html,False,2026-06-06-sr-dns-shop.ru\1780771932740-0zeqo9\page.html,html/dns-shop.ru-run-none35.html,application_import,,2026-06-06T18:52:41.469Z,266529,False,True,,,False,,True,,0.0,dind-dns-shop.ru-1daabf0100ef084e,product_page_or_listing,https://www.dns-shop.ru/search/?q=dualshock+5&category=33ddaa5f0e06c3d1,True,stealth_renderer,dualshock 5,,,1daabf0100ef084e458fb6c09953ad4aed1259e2e68898e9f6b8a89738cc7d81,290508,False,dns-shop.ru,https://www.dns-shop.ru/search/?q=dualshock+5&category=33ddaa5f0e06c3d1,dualshock 5 - DNS – интернет магазин цифровой и бытовой техники по доступным ценам.,False,dns-shop.ru,run-none35,,,ok,1.0564000000013039,,29.06579999998212,18.0,18.0,18.0,False,,,,ok,False,29.06579999998212,2.7458999999798834,HTML parse + extraction; shared across modes,18,0,0,1.0,0.0,0.0,0,1,0,0,0,1.0,1.0,1.0,1.0,1.0,1.0,1.0,1.0,1.0
20261002T161451Z-d2eb76ee,industrial,original_fast,dind-dns-shop.ru-c540244729f3afe8,html/dns-shop.ru-run-none36.html,dualshock 5,positive,True,18.0,18.0,18,0,0,1.0,18,0,0,18,0,0,18,0,0,industrial,html/dns-shop.ru-run-none36.html,dns-shop.ru-run-none36.html,run-none36,dns-shop.ru,D:\Pet_Codes\science\article-price-tracker\industrial\html\dns-shop.ru-run-none36.html,https://www.dns-shop.ru/search/?q=dualshock+5&category=33ddaa5f0e06c3d1,https://www.dns-shop.ru/search/?q=dualshock+5&category=33ddaa5f0e06c3d1,dualshock 5,,,raw_html,,c540244729f3afe8848ebd8861a99ab97808b3a05be348025ccd5a04cdf72c07,c540244729f3afe8848ebd8861a99ab97808b3a05be348025ccd5a04cdf72c07,D:\Job_Codes\PriceTracker\services\stealth-renderer\.artifacts\2026-06-06-sr-dns-shop.ru\1780773006456-b8m2y9\page.html,False,2026-06-06-sr-dns-shop.ru\1780773006456-b8m2y9\page.html,html/dns-shop.ru-run-none36.html,application_import,,2026-06-06T19:10:31.317Z,263204,False,True,,,False,,True,,0.0,dind-dns-shop.ru-c540244729f3afe8,product_page_or_listing,https://www.dns-shop.ru/search/?q=dualshock+5&category=33ddaa5f0e06c3d1,True,stealth_renderer,dualshock 5,,,c540244729f3afe8848ebd8861a99ab97808b3a05be348025ccd5a04cdf72c07,287025,False,dns-shop.ru,https://www.dns-shop.ru/search/?q=dualshock+5&category=33ddaa5f0e06c3d1,dualshock 5 - DNS – интернет магазин цифровой и бытовой техники по доступным ценам.,False,dns-shop.ru,run-none36,,,ok,1.2950999999884516,,42.14470000000438,18.0,18.0,18.0,False,,,,ok,False,42.14470000000438,2.984500000020489,HTML parse + extraction; shared across modes,18,0,0,1.0,0.0,0.0,0,1,0,0,0,1.0,1.0,1.0,1.0,1.0,1.0,1.0,1.0,1.0
20261002T161451Z-d2eb76ee,industrial,original_fast,dind-dns-shop.ru-2824d29f205128a1,html/dns-shop.ru-run-none37.html,dualshock 5,positive,True,18.0,18.0,18,0,0,1.0,18,0,0,18,0,0,18,0,0,industrial,html/dns-shop.ru-run-none37.html,dns-shop.ru-run-none37.html,run-none37,dns-shop.ru,D:\Pet_Codes\science\article-price-tracker\industrial\html\dns-shop.ru-run-none37.html,https://www.dns-shop.ru/search/?q=dualshock+5&category=33ddaa5f0e06c3d1,https://www.dns-shop.ru/search/?q=dualshock+5&category=33ddaa5f0e06c3d1,dualshock 5,,,raw_html,,2824d29f205128a1aa80a305982640d817b7ee233ca8ff8ce0cadc887e02005f,2824d29f205128a1aa80a305982640d817b7ee233ca8ff8ce0cadc887e02005f,D:\Job_Codes\PriceTracker\services\stealth-renderer\.artifacts\2026-06-06-sr-dns-shop.ru\1780773360205-ues8f4\page.html,False,2026-06-06-sr-dns-shop.ru\1780773360205-ues8f4\page.html,html/dns-shop.ru-run-none37.html,application_import,,2026-06-06T19:16:25.186Z,264223,False,True,,,False,,True,,0.0,dind-dns-shop.ru-2824d29f205128a1,product_page_or_listing,https://www.dns-shop.ru/search/?q=dualshock+5&category=33ddaa5f0e06c3d1,True,stealth_renderer,dualshock 5,,,2824d29f205128a1aa80a305982640d817b7ee233ca8ff8ce0cadc887e02005f,288075,False,dns-shop.ru,https://www.dns-shop.ru/search/?q=dualshock+5&category=33ddaa5f0e06c3d1,dualshock 5 - DNS – интернет магазин цифровой и бытовой техники по доступным ценам.,False,dns-shop.ru,run-none37,,,ok,1.0033000000403263,,28.279099999985192,18.0,18.0,18.0,False,,,,ok,False,28.279099999985192,3.046299999987241,HTML parse + extraction; shared across modes,18,0,0,1.0,0.0,0.0,0,1,0,0,0,1.0,1.0,1.0,1.0,1.0,1.0,1.0,1.0,1.0
20261002T161451Z-d2eb76ee,industrial,original_fast,dind-dns-shop.ru-e46adc0c328cc286,html/dns-shop.ru-run-none38.html,dualshock 5,positive,True,18.0,18.0,18,0,0,1.0,18,0,0,18,0,0,18,0,0,industrial,html/dns-shop.ru-run-none38.html,dns-shop.ru-run-none38.html,run-none38,dns-shop.ru,D:\Pet_Codes\science\article-price-tracker\industrial\html\dns-shop.ru-run-none38.html,https://www.dns-shop.ru/search/?q=dualshock+5&category=33ddaa5f0e06c3d1,https://www.dns-shop.ru/search/?q=dualshock+5&category=33ddaa5f0e06c3d1,dualshock 5,,,raw_html,,e46adc0c328cc28659b06b5c273c3c82acd7c205d7ec091a4717b9a43303f606,e46adc0c328cc28659b06b5c273c3c82acd7c205d7ec091a4717b9a43303f606,D:\Job_Codes\PriceTracker\services\stealth-renderer\.artifacts\2026-06-06-sr-dns-shop.ru\1780774222472-icddcw\page.html,False,2026-06-06-sr-dns-shop.ru\1780774222472-icddcw\page.html,html/dns-shop.ru-run-none38.html,application_import,,2026-06-06T19:30:52.677Z,267184,False,True,,,False,,True,,0.0,dind-dns-shop.ru-e46adc0c328cc286,product_page_or_listing,https://www.dns-shop.ru/search/?q=dualshock+5&category=33ddaa5f0e06c3d1,True,stealth_renderer,dualshock 5,,,e46adc0c328cc28659b06b5c273c3c82acd7c205d7ec091a4717b9a43303f606,291127,False,dns-shop.ru,https://www.dns-shop.ru/search/?q=dualshock+5&category=33ddaa5f0e06c3d1,dualshock 5 - DNS – интернет магазин цифровой и бытовой техники по доступным ценам.,False,dns-shop.ru,run-none38,,,ok,1.0820999999996275,,29.38690000004135,18.0,18.0,18.0,False,,,,ok,False,29.38690000004135,2.960800000000745,HTML parse + extraction; shared across modes,18,0,0,1.0,0.0,0.0,0,1,0,0,0,1.0,1.0,1.0,1.0,1.0,1.0,1.0,1.0,1.0
20261002T161451Z-d2eb76ee,industrial,original_fast,dind-dns-shop.ru-f8afdc6ad037e786,html/dns-shop.ru-run-none39.html,dualshock 5,positive,True,18.0,18.0,18,0,0,1.0,18,0,0,18,0,0,18,0,0,industrial,html/dns-shop.ru-run-none39.html,dns-shop.ru-run-none39.html,run-none39,dns-shop.ru,D:\Pet_Codes\science\article-price-tracker\industrial\html\dns-shop.ru-run-none39.html,https://www.dns-shop.ru/search/?q=dualshock+5&category=33ddaa5f0e06c3d1,https://www.dns-shop.ru/search/?q=dualshock+5&category=33ddaa5f0e06c3d1,dualshock 5,,,raw_html,,f8afdc6ad037e78662f8dc3756fbe056d812911f189b30a824baa8ee04417a54,f8afdc6ad037e78662f8dc3756fbe056d812911f189b30a824baa8ee04417a54,D:\Job_Codes\PriceTracker\services\stealth-renderer\.artifacts\2026-06-06-sr-dns-shop.ru\1780776584162-v922iz\page.html,False,2026-06-06-sr-dns-shop.ru\1780776584162-v922iz\page.html,html/dns-shop.ru-run-none39.html,application_import,,2026-06-06T20:10:10.185Z,258928,False,True,,,False,,True,,0.0,dind-dns-shop.ru-f8afdc6ad037e786,product_page_or_listing,https://www.dns-shop.ru/search/?q=dualshock+5&category=33ddaa5f0e06c3d1,True,stealth_renderer,dualshock 5,,,f8afdc6ad037e78662f8dc3756fbe056d812911f189b30a824baa8ee04417a54,282696,False,dns-shop.ru,https://www.dns-shop.ru/search/?q=dualshock+5&category=33ddaa5f0e06c3d1,dualshock 5 - DNS – интернет магазин цифровой и бытовой техники по доступным ценам.,False,dns-shop.ru,run-none39,,,ok,1.0495999999693595,,44.10839999996824,18.0,18.0,18.0,False,,,,ok,False,44.10839999996824,2.769399999990128,HTML parse + extraction; shared across modes,18,0,0,1.0,0.0,0.0,0,1,0,0,0,1.0,1.0,1.0,1.0,1.0,1.0,1.0,1.0,1.0
20261002T161451Z-d2eb76ee,industrial,original_fast,dind-dns-shop.ru-5564a34319f17254,html/dns-shop.ru-run-none40.html,dualshock 5,positive,True,18.0,18.0,18,0,0,1.0,18,0,0,18,0,0,18,0,0,industrial,html/dns-shop.ru-run-none40.html,dns-shop.ru-run-none40.html,run-none40,dns-shop.ru,D:\Pet_Codes\science\article-price-tracker\industrial\html\dns-shop.ru-run-none40.html,https://www.dns-shop.ru/search/?q=dualshock+5&category=33ddaa5f0e06c3d1,https://www.dns-shop.ru/search/?q=dualshock+5&category=33ddaa5f0e06c3d1,dualshock 5,,,raw_html,,5564a34319f17254da60158365284a4faafb40b27209fbc672ae6ee3342e7977,5564a34319f17254da60158365284a4faafb40b27209fbc672ae6ee3342e7977,D:\Job_Codes\PriceTracker\services\stealth-renderer\.artifacts\2026-06-06-sr-dns-shop.ru\1780781525413-t4zvyo\page.html,False,2026-06-06-sr-dns-shop.ru\1780781525413-t4zvyo\page.html,html/dns-shop.ru-run-none40.html,application_import,,2026-06-06T21:32:29.977Z,263799,False,True,,,False,,True,,0.0,dind-dns-shop.ru-5564a34319f17254,product_page_or_listing,https://www.dns-shop.ru/search/?q=dualshock+5&category=33ddaa5f0e06c3d1,True,stealth_renderer,dualshock 5,,,5564a34319f17254da60158365284a4faafb40b27209fbc672ae6ee3342e7977,287619,False,dns-shop.ru,https://www.dns-shop.ru/search/?q=dualshock+5&category=33ddaa5f0e06c3d1,dualshock 5 - DNS – интернет магазин цифровой и бытовой техники по доступным ценам.,False,dns-shop.ru,run-none40,,,ok,1.0335000000195578,,29.07650000002468,18.0,18.0,18.0,False,,,,ok,False,29.07650000002468,2.992900000012014,HTML parse + extraction; shared across modes,18,0,0,1.0,0.0,0.0,0,1,0,0,0,1.0,1.0,1.0,1.0,1.0,1.0,1.0,1.0,1.0
20261002T161451Z-d2eb76ee,industrial,original_fast,dind-dns-shop.ru-f81b39d0b9945b9b,html/dns-shop.ru-run-none41.html,dualshock 5,positive,True,18.0,18.0,18,0,0,1.0,18,0,0,18,0,0,18,0,0,industrial,html/dns-shop.ru-run-none41.html,dns-shop.ru-run-none41.html,run-none41,dns-shop.ru,D:\Pet_Codes\science\article-price-tracker\industrial\html\dns-shop.ru-run-none41.html,https://www.dns-shop.ru/search/?q=dualshock+5&category=33ddaa5f0e06c3d1,https://www.dns-shop.ru/search/?q=dualshock+5&category=33ddaa5f0e06c3d1,dualshock 5,,,raw_html,,f81b39d0b9945b9b4d1b7ef6aee0913aea8ba933f4b70a5a5bc9b895f448abfd,f81b39d0b9945b9b4d1b7ef6aee0913aea8ba933f4b70a5a5bc9b895f448abfd,D:\Job_Codes\PriceTracker\services\stealth-renderer\.artifacts\2026-06-06-sr-dns-shop.ru\1780782397595-gyhtet\page.html,False,2026-06-06-sr-dns-shop.ru\1780782397595-gyhtet\page.html,html/dns-shop.ru-run-none41.html,application_import,,2026-06-06T21:47:04.889Z,258974,False,True,,,False,,True,,0.0,dind-dns-shop.ru-f81b39d0b9945b9b,product_page_or_listing,https://www.dns-shop.ru/search/?q=dualshock+5&category=33ddaa5f0e06c3d1,True,stealth_renderer,dualshock 5,,,f81b39d0b9945b9b4d1b7ef6aee0913aea8ba933f4b70a5a5bc9b895f448abfd,282740,False,dns-shop.ru,https://www.dns-shop.ru/search/?q=dualshock+5&category=33ddaa5f0e06c3d1,dualshock 5 - DNS – интернет магазин цифровой и бытовой техники по доступным ценам.,False,dns-shop.ru,run-none41,,,ok,1.243099999963306,,28.534299999999348,18.0,18.0,18.0,False,,,,ok,False,28.534299999999348,2.834499999997206,HTML parse + extraction; shared across modes,18,0,0,1.0,0.0,0.0,0,1,0,0,0,1.0,1.0,1.0,1.0,1.0,1.0,1.0,1.0,1.0
20261002T161451Z-d2eb76ee,industrial,original_fast,dind-dns-shop.ru-32b1fcaa3a2d2e3c,html/dns-shop.ru-run-none42.html,dualshock 5,positive,True,18.0,18.0,18,0,0,1.0,18,0,0,18,0,0,18,0,0,industrial,html/dns-shop.ru-run-none42.html,dns-shop.ru-run-none42.html,run-none42,dns-shop.ru,D:\Pet_Codes\science\article-price-tracker\industrial\html\dns-shop.ru-run-none42.html,https://www.dns-shop.ru/search/?q=dualshock+5&category=33ddaa5f0e06c3d1,https://www.dns-shop.ru/search/?q=dualshock+5&category=33ddaa5f0e06c3d1,dualshock 5,,,raw_html,,32b1fcaa3a2d2e3cd3741dd46589028690cd3824e32d7f19e4642a9b29d8ef73,32b1fcaa3a2d2e3cd3741dd46589028690cd3824e32d7f19e4642a9b29d8ef73,D:\Job_Codes\PriceTracker\services\stealth-renderer\.artifacts\2026-06-06-sr-dns-shop.ru\1780782968918-562x4n\page.html,False,2026-06-06-sr-dns-shop.ru\1780782968918-562x4n\page.html,html/dns-shop.ru-run-none42.html,application_import,,2026-06-06T21:56:43.415Z,266541,False,True,,,False,,True,,0.0,dind-dns-shop.ru-32b1fcaa3a2d2e3c,product_page_or_listing,https://www.dns-shop.ru/search/?q=dualshock+5&category=33ddaa5f0e06c3d1,True,stealth_renderer,dualshock 5,,,32b1fcaa3a2d2e3cd3741dd46589028690cd3824e32d7f19e4642a9b29d8ef73,290474,False,dns-shop.ru,https://www.dns-shop.ru/search/?q=dualshock+5&category=33ddaa5f0e06c3d1,dualshock 5 - DNS – интернет магазин цифровой и бытовой техники по доступным ценам.,False,dns-shop.ru,run-none42,,,ok,1.554100000008475,,42.648199999995995,18.0,18.0,18.0,False,,,,ok,False,42.648199999995995,2.820899999991525,HTML parse + extraction; shared across modes,18,0,0,1.0,0.0,0.0,0,1,0,0,0,1.0,1.0,1.0,1.0,1.0,1.0,1.0,1.0,1.0
20261002T161451Z-d2eb76ee,industrial,original_fast,dind-dns-shop.ru-b4e6fddfb8cc1f85,html/dns-shop.ru-run-none43.html,dualshock 5,positive,True,18.0,18.0,18,0,0,1.0,18,0,0,18,0,0,18,0,0,industrial,html/dns-shop.ru-run-none43.html,dns-shop.ru-run-none43.html,run-none43,dns-shop.ru,D:\Pet_Codes\science\article-price-tracker\industrial\html\dns-shop.ru-run-none43.html,https://www.dns-shop.ru/search/?q=dualshock+5&category=33ddaa5f0e06c3d1,https://www.dns-shop.ru/search/?q=dualshock+5&category=33ddaa5f0e06c3d1,dualshock 5,,,raw_html,,b4e6fddfb8cc1f85f621d0b65b45206199d70878ae9fbdc9f83f708fe681c7d4,b4e6fddfb8cc1f85f621d0b65b45206199d70878ae9fbdc9f83f708fe681c7d4,D:\Job_Codes\PriceTracker\services\stealth-renderer\.artifacts\2026-06-07-sr-dns-shop.ru\1780837622671-n0r5v5\page.html,False,2026-06-07-sr-dns-shop.ru\1780837622671-n0r5v5\page.html,html/dns-shop.ru-run-none43.html,application_import,,2026-06-07T13:07:45.066Z,267796,False,True,,,False,,True,,0.0,dind-dns-shop.ru-b4e6fddfb8cc1f85,product_page_or_listing,https://www.dns-shop.ru/search/?q=dualshock+5&category=33ddaa5f0e06c3d1,True,stealth_renderer,dualshock 5,,,b4e6fddfb8cc1f85f621d0b65b45206199d70878ae9fbdc9f83f708fe681c7d4,291733,False,dns-shop.ru,https://www.dns-shop.ru/search/?q=dualshock+5&category=33ddaa5f0e06c3d1,dualshock 5 - DNS – интернет магазин цифровой и бытовой техники по доступным ценам.,False,dns-shop.ru,run-none43,,,ok,1.1898999999975786,,30.596200000029057,18.0,18.0,18.0,False,,,,ok,False,30.596200000029057,2.8589999999967404,HTML parse + extraction; shared across modes,18,0,0,1.0,0.0,0.0,0,1,0,0,0,1.0,1.0,1.0,1.0,1.0,1.0,1.0,1.0,1.0
20261002T161451Z-d2eb76ee,industrial,original_fast,dind-dns-shop.ru-37f14821f393b029,html/dns-shop.ru-run-none44.html,dualshock 5,positive,True,18.0,18.0,18,0,0,1.0,18,0,0,18,0,0,18,0,0,industrial,html/dns-shop.ru-run-none44.html,dns-shop.ru-run-none44.html,run-none44,dns-shop.ru,D:\Pet_Codes\science\article-price-tracker\industrial\html\dns-shop.ru-run-none44.html,https://www.dns-shop.ru/search/?q=dualshock+5&category=33ddaa5f0e06c3d1,https://www.dns-shop.ru/search/?q=dualshock+5&category=33ddaa5f0e06c3d1,dualshock 5,,,raw_html,,37f14821f393b029035f38b7e27a5ce6fff90f4b03c5039dc9fa1002c9810d1a,37f14821f393b029035f38b7e27a5ce6fff90f4b03c5039dc9fa1002c9810d1a,D:\Job_Codes\PriceTracker\services\stealth-renderer\.artifacts\2026-06-07-sr-dns-shop.ru\1780839993664-suajo1\page.html,False,2026-06-07-sr-dns-shop.ru\1780839993664-suajo1\page.html,html/dns-shop.ru-run-none44.html,application_import,,2026-06-07T13:47:04.838Z,243962,False,True,,,False,,True,,0.0,dind-dns-shop.ru-37f14821f393b029,product_page_or_listing,https://www.dns-shop.ru/search/?q=dualshock+5&category=33ddaa5f0e06c3d1,True,stealth_renderer,dualshock 5,,,37f14821f393b029035f38b7e27a5ce6fff90f4b03c5039dc9fa1002c9810d1a,265007,False,dns-shop.ru,https://www.dns-shop.ru/search/?q=dualshock+5&category=33ddaa5f0e06c3d1,dualshock 5 - DNS – интернет магазин цифровой и бытовой техники по доступным ценам.,False,dns-shop.ru,run-none44,,,ok,1.206499999971129,,26.847999999998137,18.0,18.0,18.0,False,,,,ok,False,26.847999999998137,3.0305999999982305,HTML parse + extraction; shared across modes,18,0,0,1.0,0.0,0.0,0,1,0,0,0,1.0,1.0,1.0,1.0,1.0,1.0,1.0,1.0,1.0
20261002T161451Z-d2eb76ee,industrial,original_fast,dind-dns-shop.ru-2c7a29d35d5d4eaf,html/dns-shop.ru-run-none45.html,dualshock 5,positive,True,18.0,0.0,0,18,0,0.0,0,0,18,0,0,18,0,0,0,industrial,html/dns-shop.ru-run-none45.html,dns-shop.ru-run-none45.html,run-none45,dns-shop.ru,D:\Pet_Codes\science\article-price-tracker\industrial\html\dns-shop.ru-run-none45.html,https://www.dns-shop.ru/search/?q=dualshock+5,https://www.dns-shop.ru/search/?q=dualshock+5,dualshock 5,,,raw_html,,2c7a29d35d5d4eaf668df0be1e34241dcd6f32dd27328a1e4fe3f648193bda9f,2c7a29d35d5d4eaf668df0be1e34241dcd6f32dd27328a1e4fe3f648193bda9f,D:\Job_Codes\PriceTracker\services\stealth-renderer\.artifacts\2026-06-07-sr-dns-shop.ru\1780843011032-6uva8q\page.html,False,2026-06-07-sr-dns-shop.ru\1780843011032-6uva8q\page.html,html/dns-shop.ru-run-none45.html,application_import,,2026-06-07T14:37:01.574Z,153204,False,True,,,False,,True,,0.0,dind-dns-shop.ru-2c7a29d35d5d4eaf,product_page_or_listing,https://www.dns-shop.ru/search/?q=dualshock+5,True,stealth_renderer,dualshock 5,,,2c7a29d35d5d4eaf668df0be1e34241dcd6f32dd27328a1e4fe3f648193bda9f,171119,False,dns-shop.ru,https://www.dns-shop.ru/search/?q=dualshock+5,dualshock 5 - DNS – интернет магазин цифровой и бытовой техники по доступным ценам.,False,dns-shop.ru,run-none45,,,ok,1.2831000000005588,,12533.373100000026,0.0,0.0,0.0,False,,,,empty,False,12533.373100000026,0.04989999998360872,HTML parse + extraction; shared across modes,0,18,0,,,,0,0,0,1,0,0.0,0.0,0.0,0.0,0.0,0.0,0.0,0.0,0.0
20261002T161451Z-d2eb76ee,industrial,original_fast,dind-dns-shop.ru-9dd9c1645a03e017,html/dns-shop.ru-run-2fcceeba.html,шуруповёрт,positive,True,18.0,18.0,18,0,0,1.0,18,0,0,18,0,0,18,0,0,industrial,html/dns-shop.ru-run-2fcceeba.html,dns-shop.ru-run-2fcceeba.html,run-2fcceeba,dns-shop.ru,D:\Pet_Codes\science\article-price-tracker\industrial\html\dns-shop.ru-run-2fcceeba.html,https://dns-shop.ru,https://dns-shop.ru,шуруповёрт,"Nizhny Novgorod,Nizhny Novgorod Oblast,Russia",shared_live_search,raw_html,,9dd9c1645a03e017d634414a9aa2dabc7ba552f307f8e2e2c50be876be5f7870,9dd9c1645a03e017d634414a9aa2dabc7ba552f307f8e2e2c50be876be5f7870,D:\Job_Codes\PriceTracker\.artifacts\collection\run-2fcceeba\dns-shop.ru.html,False,run-2fcceeba\dns-shop.ru.html,html/dns-shop.ru-run-2fcceeba.html,application_import,,2026-05-12T09:52:48.194949+00:00,338388,False,False,,,False,,True,"Nizhny Novgorod,Nizhny Novgorod Oblast,Russia",,dind-dns-shop.ru-9dd9c1645a03e017,product_page_or_listing,https://dns-shop.ru,True,collection_run,шуруповёрт,shared_live_search,run-2fcceeba,9dd9c1645a03e017d634414a9aa2dabc7ba552f307f8e2e2c50be876be5f7870,365724,False,dns-shop.ru,https://dns-shop.ru,"Шуруповерты, дрели-шуруповерты купить в интернет-магазине DNS. Шуруповерты, дрели-шуруповерты цены, большой каталог, новинки. - страница 1 из 51",False,dns-shop.ru,run-2fcceeba,"Nizhny Novgorod,Nizhny Novgorod Oblast,Russia",shared_live_search,ok,13.14120000001276,,33.707600000023376,18.0,18.0,18.0,False,,,,ok,False,33.707600000023376,3.0203999999794178,HTML parse + extraction; shared across modes,18,0,0,1.0,0.0,0.0,0,1,0,0,0,1.0,1.0,1.0,1.0,1.0,1.0,1.0,1.0,1.0
20261002T161451Z-d2eb76ee,industrial,original_fast,dind-dns-shop.ru-7a35f41002832ba2,html/dns-shop.ru-run-4ae1c2e7.html,дрель,positive,True,18.0,18.0,18,0,0,1.0,18,0,0,18,0,0,18,0,0,industrial,html/dns-shop.ru-run-4ae1c2e7.html,dns-shop.ru-run-4ae1c2e7.html,run-4ae1c2e7,dns-shop.ru,D:\Pet_Codes\science\article-price-tracker\industrial\html\dns-shop.ru-run-4ae1c2e7.html,https://dns-shop.ru,https://dns-shop.ru,дрель,Санкт-Петербург,shared_live_search,raw_html,,7a35f41002832ba27f6b0f45b96b13760edd1686c8ad039ca38d70a57c9dfaac,7a35f41002832ba27f6b0f45b96b13760edd1686c8ad039ca38d70a57c9dfaac,D:\Job_Codes\PriceTracker\.artifacts\collection\run-4ae1c2e7\dns-shop.ru.html,False,run-4ae1c2e7\dns-shop.ru.html,html/dns-shop.ru-run-4ae1c2e7.html,application_import,,2026-05-11T15:08:45.210481+00:00,278347,False,False,,,False,,True,Санкт-Петербург,,dind-dns-shop.ru-7a35f41002832ba2,product_page_or_listing,https://dns-shop.ru,True,collection_run,дрель,shared_live_search,run-4ae1c2e7,7a35f41002832ba27f6b0f45b96b13760edd1686c8ad039ca38d70a57c9dfaac,300664,False,dns-shop.ru,https://dns-shop.ru,дрель - DNS – интернет магазин цифровой и бытовой техники по доступным ценам.,False,dns-shop.ru,run-4ae1c2e7,Санкт-Петербург,shared_live_search,ok,1.1744000000180677,,34.021600000036415,18.0,18.0,18.0,False,,,,ok,False,34.021600000036415,2.5262000000220723,HTML parse + extraction; shared across modes,18,0,0,1.0,0.0,0.0,0,1,0,0,0,1.0,1.0,1.0,1.0,1.0,1.0,1.0,1.0,1.0
20261002T161451Z-d2eb76ee,industrial,original_fast,dind-dns-shop.ru-b189120c5c34179d,html/dns-shop.ru-run-77ea1710.html,playstation 5 slim,positive,True,18.0,18.0,18,0,0,1.0,18,0,0,18,0,0,18,0,0,industrial,html/dns-shop.ru-run-77ea1710.html,dns-shop.ru-run-77ea1710.html,run-77ea1710,dns-shop.ru,D:\Pet_Codes\science\article-price-tracker\industrial\html\dns-shop.ru-run-77ea1710.html,https://dns-shop.ru,https://dns-shop.ru,playstation 5 slim,Санкт-Петербург,shared_live_search,raw_html,,b189120c5c34179d8d84eab1fc044f57321233fcd9f142b89fecb6ab2acf40e0,b189120c5c34179d8d84eab1fc044f57321233fcd9f142b89fecb6ab2acf40e0,D:\Job_Codes\PriceTracker\.artifacts\collection\run-77ea1710\dns-shop.ru.html,False,run-77ea1710\dns-shop.ru.html,html/dns-shop.ru-run-77ea1710.html,application_import,,2026-05-12T07:50:52.886070+00:00,266716,False,False,,,False,,True,Санкт-Петербург,,dind-dns-shop.ru-b189120c5c34179d,product_page_or_listing,https://dns-shop.ru,True,collection_run,playstation 5 slim,shared_live_search,run-77ea1710,b189120c5c34179d8d84eab1fc044f57321233fcd9f142b89fecb6ab2acf40e0,288112,False,dns-shop.ru,https://dns-shop.ru,playstation 5 slim - DNS – интернет магазин цифровой и бытовой техники по доступным ценам.,False,dns-shop.ru,run-77ea1710,Санкт-Петербург,shared_live_search,ok,1.1106000000145286,,28.492399999988265,18.0,18.0,18.0,False,,,,ok,False,28.492399999988265,2.298899999994319,HTML parse + extraction; shared across modes,18,0,0,1.0,0.0,0.0,0,1,0,0,0,1.0,1.0,1.0,1.0,1.0,1.0,1.0,1.0,1.0
20261002T161451Z-d2eb76ee,industrial,original_fast,dind-dns-shop.ru-74d2e0772b88cccb,html/dns-shop.ru-run-94fca290.html,смартфон honor,positive,True,18.0,18.0,18,0,0,1.0,18,0,0,18,0,0,18,0,0,industrial,html/dns-shop.ru-run-94fca290.html,dns-shop.ru-run-94fca290.html,run-94fca290,dns-shop.ru,D:\Pet_Codes\science\article-price-tracker\industrial\html\dns-shop.ru-run-94fca290.html,https://dns-shop.ru,https://dns-shop.ru,смартфон honor,Санкт-Петербург,shared_live_search,raw_html,,74d2e0772b88cccb15d520cb838d5b67d4f0ae0cf7cb08704ce3edf17e47854b,74d2e0772b88cccb15d520cb838d5b67d4f0ae0cf7cb08704ce3edf17e47854b,D:\Job_Codes\PriceTracker\.artifacts\collection\run-94fca290\dns-shop.ru.html,False,run-94fca290\dns-shop.ru.html,html/dns-shop.ru-run-94fca290.html,application_import,,2026-05-12T12:06:38.458345+00:00,269352,False,False,,,False,,True,Санкт-Петербург,,dind-dns-shop.ru-74d2e0772b88cccb,product_page_or_listing,https://dns-shop.ru,True,collection_run,смартфон honor,shared_live_search,run-94fca290,74d2e0772b88cccb15d520cb838d5b67d4f0ae0cf7cb08704ce3edf17e47854b,291190,False,dns-shop.ru,https://dns-shop.ru,смартфон honor - DNS – интернет магазин цифровой и бытовой техники по доступным ценам.,False,dns-shop.ru,run-94fca290,Санкт-Петербург,shared_live_search,ok,1.1418999999877997,,39.95569999999134,18.0,18.0,18.0,False,,,,ok,False,39.95569999999134,3.136999999987893,HTML parse + extraction; shared across modes,18,0,0,1.0,0.0,0.0,0,1,0,0,0,1.0,1.0,1.0,1.0,1.0,1.0,1.0,1.0,1.0
20261002T161451Z-d2eb76ee,industrial,original_fast,dind-dns-shop.ru-8b9ca76d14a1d9e1,html/dns-shop.ru-run-b346efa2.html,дрель безударная,positive,True,18.0,18.0,18,0,0,1.0,18,0,0,18,0,0,18,0,0,industrial,html/dns-shop.ru-run-b346efa2.html,dns-shop.ru-run-b346efa2.html,run-b346efa2,dns-shop.ru,D:\Pet_Codes\science\article-price-tracker\industrial\html\dns-shop.ru-run-b346efa2.html,https://dns-shop.ru,https://dns-shop.ru,дрель безударная,Санкт-Петербург,shared_live_search,raw_html,,8b9ca76d14a1d9e165262ce07912c19d9e013241a9613dcb1294a8b37a665bb0,8b9ca76d14a1d9e165262ce07912c19d9e013241a9613dcb1294a8b37a665bb0,D:\Job_Codes\PriceTracker\.artifacts\collection\run-b346efa2\dns-shop.ru.html,False,run-b346efa2\dns-shop.ru.html,html/dns-shop.ru-run-b346efa2.html,application_import,,2026-05-11T15:08:06.857443+00:00,270072,False,False,,,False,,True,Санкт-Петербург,,dind-dns-shop.ru-8b9ca76d14a1d9e1,product_page_or_listing,https://dns-shop.ru,True,collection_run,дрель безударная,shared_live_search,run-b346efa2,8b9ca76d14a1d9e165262ce07912c19d9e013241a9613dcb1294a8b37a665bb0,292069,False,dns-shop.ru,https://dns-shop.ru,дрель безударная - DNS – интернет магазин цифровой и бытовой техники по доступным ценам.,False,dns-shop.ru,run-b346efa2,Санкт-Петербург,shared_live_search,ok,1.1995000000461005,,29.902599999972153,18.0,18.0,18.0,False,,,,ok,False,29.902599999972153,2.73599999997532,HTML parse + extraction; shared across modes,18,0,0,1.0,0.0,0.0,0,1,0,0,0,1.0,1.0,1.0,1.0,1.0,1.0,1.0,1.0,1.0
20261002T161451Z-d2eb76ee,industrial,original_fast,dind-etm.ru-5ec13e2b305fa590,html/etm.ru-run-8dd91d0f.html,дрель безударная,positive,True,9.0,9.0,9,0,0,1.0,9,0,0,9,0,0,9,0,0,industrial,html/etm.ru-run-8dd91d0f.html,etm.ru-run-8dd91d0f.html,run-8dd91d0f,etm.ru,D:\Pet_Codes\science\article-price-tracker\industrial\html\etm.ru-run-8dd91d0f.html,https://etm.ru,https://etm.ru,дрель безударная,Санкт-Петербург,shared_live_search,raw_html,,5ec13e2b305fa5906a36590ee4fec04fcb2db93a538171eb9c8409afe927875f,5ec13e2b305fa5906a36590ee4fec04fcb2db93a538171eb9c8409afe927875f,D:\Job_Codes\PriceTracker\.artifacts\collection\run-8dd91d0f\etm.ru.html,False,run-8dd91d0f\etm.ru.html,html/etm.ru-run-8dd91d0f.html,application_import,,2026-05-11T17:16:52.641490+00:00,621991,False,False,,,False,,True,Санкт-Петербург,,dind-etm.ru-5ec13e2b305fa590,product_page_or_listing,https://etm.ru,True,collection_run,дрель безударная,shared_live_search,run-8dd91d0f,5ec13e2b305fa5906a36590ee4fec04fcb2db93a538171eb9c8409afe927875f,633350,False,etm.ru,https://etm.ru,Дрель безударная купить оптом и в розницу в интернет-магазине ЭТМ iPRO,False,etm.ru,run-8dd91d0f,Санкт-Петербург,shared_live_search,ok,1.48230000003241,,917.1721999999718,10.0,9.0,9.0,False,,,,ok,False,917.1721999999718,0.959499999997206,HTML parse + extraction; shared across modes,9,0,0,1.0,0.0,0.0,0,1,0,0,0,1.0,1.0,1.0,1.0,1.0,1.0,1.0,1.0,1.0
20261002T161451Z-d2eb76ee,industrial,original_fast,dind-etm.ru-ce65bfbecd538b17,html/etm.ru-run-b609a8c6.html,дрель ударная,positive,True,9.0,9.0,9,0,0,1.0,9,0,0,9,0,0,9,0,0,industrial,html/etm.ru-run-b609a8c6.html,etm.ru-run-b609a8c6.html,run-b609a8c6,etm.ru,D:\Pet_Codes\science\article-price-tracker\industrial\html\etm.ru-run-b609a8c6.html,https://etm.ru,https://etm.ru,дрель ударная,Санкт-Петербург,shared_live_search,raw_html,,ce65bfbecd538b173749bce1cc80a23f1ff5ce3777166a74d9666ef8565d01a6,ce65bfbecd538b173749bce1cc80a23f1ff5ce3777166a74d9666ef8565d01a6,D:\Job_Codes\PriceTracker\.artifacts\collection\run-b609a8c6\etm.ru.html,False,run-b609a8c6\etm.ru.html,html/etm.ru-run-b609a8c6.html,application_import,,2026-05-11T17:17:46.768602+00:00,646159,False,False,,,False,,True,Санкт-Петербург,,dind-etm.ru-ce65bfbecd538b17,product_page_or_listing,https://etm.ru,True,collection_run,дрель ударная,shared_live_search,run-b609a8c6,ce65bfbecd538b173749bce1cc80a23f1ff5ce3777166a74d9666ef8565d01a6,658572,False,etm.ru,https://etm.ru,Дрель ударная купить оптом и в розницу в интернет-магазине ЭТМ iPRO,False,etm.ru,run-b609a8c6,Санкт-Петербург,shared_live_search,ok,12.934000000008382,,1285.9750999999815,10.0,9.0,9.0,False,,,,ok,False,1285.9750999999815,0.9161999999778345,HTML parse + extraction; shared across modes,9,0,0,1.0,0.0,0.0,0,1,0,0,0,1.0,1.0,1.0,1.0,1.0,1.0,1.0,1.0,1.0
20261002T161451Z-d2eb76ee,industrial,original_fast,dind-hahn-kolb.ru-0b2260cfa1d12dea,html/hahn-kolb.ru-run-8238baa5.html,дрель безударная,missing_html,False,,,0,0,0,,0,0,0,0,0,0,0,0,0,industrial,html/hahn-kolb.ru-run-8238baa5.html,hahn-kolb.ru-run-8238baa5.html,run-8238baa5,hahn-kolb.ru,D:\Pet_Codes\science\article-price-tracker\industrial\html\hahn-kolb.ru-run-8238baa5.html,https://hahn-kolb.ru,https://hahn-kolb.ru,дрель безударная,Санкт-Петербург,shared_live_search,raw_html,missing_html,,0b2260cfa1d12dea4ca446d930e4896a9b598d69a6b2a1456f3946ef3d89c377,D:\Job_Codes\PriceTracker\.artifacts\collection\run-8238baa5\hahn-kolb.ru.html,False,run-8238baa5\hahn-kolb.ru.html,html/hahn-kolb.ru-run-8238baa5.html,application_import,,2026-05-11T13:36:10.198049+00:00,33751,False,False,,ru_no_products_matching_search,False,,True,Санкт-Петербург,,dind-hahn-kolb.ru-0b2260cfa1d12dea,empty_result,https://hahn-kolb.ru,False,collection_run,дрель безударная,shared_live_search,run-8238baa5,0b2260cfa1d12dea4ca446d930e4896a9b598d69a6b2a1456f3946ef3d89c377,37233,False,hahn-kolb.ru,https://hahn-kolb.ru,Поиск - дрель безударная,False,hahn-kolb.ru,run-8238baa5,Санкт-Петербург,shared_live_search,skipped,,,,,,,,,,,,,,,,0,0,0,,,,0,0,0,0,0,,,,,,,,,
20261002T161451Z-d2eb76ee,industrial,original_fast,dind-komus.ru-b05effd6532b7f9b,html/komus.ru-run-none1.html,карандаш,positive,True,30.0,27.0,27,3,0,1.0,27,0,3,27,0,3,18,9,12,industrial,html/komus.ru-run-none1.html,komus.ru-run-none1.html,run-none1,komus.ru,D:\Pet_Codes\science\article-price-tracker\industrial\html\komus.ru-run-none1.html,https://www.komus.ru/search?text=%D0%BA%D0%B0%D1%80%D0%B0%D0%BD%D0%B4%D0%B0%D1%88,https://www.komus.ru/search?text=%D0%BA%D0%B0%D1%80%D0%B0%D0%BD%D0%B4%D0%B0%D1%88,карандаш,,,raw_html,,b05effd6532b7f9b690431d701a7d3424071805ed280bb621b95d2f14fa0743d,b05effd6532b7f9b690431d701a7d3424071805ed280bb621b95d2f14fa0743d,D:\Job_Codes\PriceTracker\services\stealth-renderer\.artifacts\2026-05-04-sr-komus.ru\1777899625019-bd9tvk\page.html,False,2026-05-04-sr-komus.ru\1777899625019-bd9tvk\page.html,html/komus.ru-run-none1.html,application_import,,2026-05-04T13:00:55.248Z,725212,False,True,,,False,,True,,0.0,dind-komus.ru-b05effd6532b7f9b,product_page_or_listing,https://www.komus.ru/search?text=%D0%BA%D0%B0%D1%80%D0%B0%D0%BD%D0%B4%D0%B0%D1%88,True,stealth_renderer,карандаш,,,b05effd6532b7f9b690431d701a7d3424071805ed280bb621b95d2f14fa0743d,752820,False,komus.ru,https://www.komus.ru/search?text=%D0%BA%D0%B0%D1%80%D0%B0%D0%BD%D0%B4%D0%B0%D1%88,Вы искали карандаш | Сайт Комус,False,komus.ru,run-none1,,,ok,14.84020000003511,,6624.241399999999,27.0,27.0,27.0,False,,,,ok,False,6624.241399999999,2.8721999999834225,HTML parse + extraction; shared across modes,30,0,0,1.0,19378.792133333332,53.33662691025921,0,1,0,0,0,1.0,0.9,0.9473684210526316,1.0,0.9,0.9473684210526316,0.6666666666666666,0.6,0.631578947368421
20261002T161451Z-d2eb76ee,industrial,original_fast,dind-komus.ru-11490b3dd28bfa7d,html/komus.ru-run-none2.html,ручка гелевая,positive,True,30.0,27.0,27,3,0,1.0,27,0,3,27,0,3,22,5,8,industrial,html/komus.ru-run-none2.html,komus.ru-run-none2.html,run-none2,komus.ru,D:\Pet_Codes\science\article-price-tracker\industrial\html\komus.ru-run-none2.html,https://www.komus.ru/search/?text=%D1%80%D1%83%D1%87%D0%BA%D0%B0+%D0%B3%D0%B5%D0%BB%D0%B5%D0%B2%D0%B0%D1%8F,https://www.komus.ru/search/?text=%D1%80%D1%83%D1%87%D0%BA%D0%B0+%D0%B3%D0%B5%D0%BB%D0%B5%D0%B2%D0%B0%D1%8F,ручка гелевая,,,raw_html,,11490b3dd28bfa7de6cf29bf9c38b5ebf4349af16c8febe0f477380de24c361b,11490b3dd28bfa7de6cf29bf9c38b5ebf4349af16c8febe0f477380de24c361b,D:\Job_Codes\PriceTracker\services\stealth-renderer\.artifacts\2026-05-11-sr-komus.ru\1778520051230-3em0xv\page.html,False,2026-05-11-sr-komus.ru\1778520051230-3em0xv\page.html,html/komus.ru-run-none2.html,application_import,,2026-05-11T17:21:19.632Z,828076,False,True,,,False,,True,,0.0,dind-komus.ru-11490b3dd28bfa7d,product_page_or_listing,https://www.komus.ru/search/?text=%D1%80%D1%83%D1%87%D0%BA%D0%B0+%D0%B3%D0%B5%D0%BB%D0%B5%D0%B2%D0%B0%D1%8F,True,stealth_renderer,ручка гелевая,,,11490b3dd28bfa7de6cf29bf9c38b5ebf4349af16c8febe0f477380de24c361b,856206,False,komus.ru,https://www.komus.ru/search/?text=%D1%80%D1%83%D1%87%D0%BA%D0%B0+%D0%B3%D0%B5%D0%BB%D0%B5%D0%B2%D0%B0%D1%8F,Вы искали ручка гелевая | Сайт Комус,False,komus.ru,run-none2,,,ok,14.651399999973364,,7396.587300000014,27.0,27.0,27.0,False,,,,ok,False,7396.587300000014,3.2595999999903142,HTML parse + extraction; shared across modes,30,0,0,1.0,12600.562544444445,87.69159667112918,0,1,0,0,0,1.0,0.9,0.9473684210526316,1.0,0.9,0.9473684210526316,0.8148148148148148,0.7333333333333333,0.7719298245614035
20261002T161451Z-d2eb76ee,industrial,original_fast,dind-komus.ru-6ab2c63743e80fe2,html/komus.ru-run-none3.html,ручка гелевая,positive,True,30.0,27.0,27,3,0,1.0,27,0,3,27,0,3,22,5,8,industrial,html/komus.ru-run-none3.html,komus.ru-run-none3.html,run-none3,komus.ru,D:\Pet_Codes\science\article-price-tracker\industrial\html\komus.ru-run-none3.html,https://www.komus.ru/search/?text=%D1%80%D1%83%D1%87%D0%BA%D0%B0+%D0%B3%D0%B5%D0%BB%D0%B5%D0%B2%D0%B0%D1%8F,https://www.komus.ru/search/?text=%D1%80%D1%83%D1%87%D0%BA%D0%B0+%D0%B3%D0%B5%D0%BB%D0%B5%D0%B2%D0%B0%D1%8F,ручка гелевая,,,raw_html,,6ab2c63743e80fe2c598607e9a93e0e36cf50a646e9b2a6c3a72b15346f3b649,6ab2c63743e80fe2c598607e9a93e0e36cf50a646e9b2a6c3a72b15346f3b649,D:\Job_Codes\PriceTracker\services\stealth-renderer\.artifacts\2026-05-11-sr-komus.ru\1778520092426-o0b12w\page.html,False,2026-05-11-sr-komus.ru\1778520092426-o0b12w\page.html,html/komus.ru-run-none3.html,application_import,,2026-05-11T17:22:02.578Z,828095,False,True,,,False,,True,,0.0,dind-komus.ru-6ab2c63743e80fe2,product_page_or_listing,https://www.komus.ru/search/?text=%D1%80%D1%83%D1%87%D0%BA%D0%B0+%D0%B3%D0%B5%D0%BB%D0%B5%D0%B2%D0%B0%D1%8F,True,stealth_renderer,ручка гелевая,,,6ab2c63743e80fe2c598607e9a93e0e36cf50a646e9b2a6c3a72b15346f3b649,856225,False,komus.ru,https://www.komus.ru/search/?text=%D1%80%D1%83%D1%87%D0%BA%D0%B0+%D0%B3%D0%B5%D0%BB%D0%B5%D0%B2%D0%B0%D1%8F,Вы искали ручка гелевая | Сайт Комус,False,komus.ru,run-none3,,,ok,13.952999999979511,,7568.144499999995,27.0,27.0,27.0,False,,,,ok,False,7568.144499999995,3.310200000007171,HTML parse + extraction; shared across modes,30,0,0,1.0,12600.562544444445,87.69159667112918,0,1,0,0,0,1.0,0.9,0.9473684210526316,1.0,0.9,0.9473684210526316,0.8148148148148148,0.7333333333333333,0.7719298245614035
20261002T161451Z-d2eb76ee,industrial,original_fast,dind-komus.ru-6f7eb9ea777697b3,html/komus.ru-run-none4.html,ручка гелевая,positive,True,30.0,27.0,27,3,0,1.0,27,0,3,27,0,3,22,5,8,industrial,html/komus.ru-run-none4.html,komus.ru-run-none4.html,run-none4,komus.ru,D:\Pet_Codes\science\article-price-tracker\industrial\html\komus.ru-run-none4.html,https://www.komus.ru/search/?text=%D1%80%D1%83%D1%87%D0%BA%D0%B0+%D0%B3%D0%B5%D0%BB%D0%B5%D0%B2%D0%B0%D1%8F,https://www.komus.ru/search/?text=%D1%80%D1%83%D1%87%D0%BA%D0%B0+%D0%B3%D0%B5%D0%BB%D0%B5%D0%B2%D0%B0%D1%8F,ручка гелевая,,,raw_html,,6f7eb9ea777697b3b749cd1941bd5b5862af64a3a852fde6ce90115e2558057f,6f7eb9ea777697b3b749cd1941bd5b5862af64a3a852fde6ce90115e2558057f,D:\Job_Codes\PriceTracker\services\stealth-renderer\.artifacts\2026-05-11-sr-komus.ru\1778520238693-s86sit\page.html,False,2026-05-11-sr-komus.ru\1778520238693-s86sit\page.html,html/komus.ru-run-none4.html,application_import,,2026-05-11T17:24:30.356Z,834400,False,True,,,False,,True,,0.0,dind-komus.ru-6f7eb9ea777697b3,product_page_or_listing,https://www.komus.ru/search/?text=%D1%80%D1%83%D1%87%D0%BA%D0%B0+%D0%B3%D0%B5%D0%BB%D0%B5%D0%B2%D0%B0%D1%8F,True,stealth_renderer,ручка гелевая,,,6f7eb9ea777697b3b749cd1941bd5b5862af64a3a852fde6ce90115e2558057f,862600,False,komus.ru,https://www.komus.ru/search/?text=%D1%80%D1%83%D1%87%D0%BA%D0%B0+%D0%B3%D0%B5%D0%BB%D0%B5%D0%B2%D0%B0%D1%8F,Вы искали ручка гелевая | Сайт Комус,False,komus.ru,run-none4,,,ok,14.516300000017509,,7672.514900000009,27.0,27.0,27.0,False,,,,ok,False,7672.514900000009,3.236399999994319,HTML parse + extraction; shared across modes,30,0,0,1.0,12600.562544444445,87.69159667112918,0,1,0,0,0,1.0,0.9,0.9473684210526316,1.0,0.9,0.9473684210526316,0.8148148148148148,0.7333333333333333,0.7719298245614035
20261002T161451Z-d2eb76ee,industrial,original_fast,dind-komus.ru-2cf9855072dedf49,html/komus.ru-run-none5.html,ручка гелевая,positive,True,30.0,27.0,27,3,0,1.0,27,0,3,27,0,3,22,5,8,industrial,html/komus.ru-run-none5.html,komus.ru-run-none5.html,run-none5,komus.ru,D:\Pet_Codes\science\article-price-tracker\industrial\html\komus.ru-run-none5.html,https://www.komus.ru/search/?text=%D1%80%D1%83%D1%87%D0%BA%D0%B0+%D0%B3%D0%B5%D0%BB%D0%B5%D0%B2%D0%B0%D1%8F&qid=0847827062,https://www.komus.ru/search/?text=%D1%80%D1%83%D1%87%D0%BA%D0%B0+%D0%B3%D0%B5%D0%BB%D0%B5%D0%B2%D0%B0%D1%8F&qid=0847827062,ручка гелевая,,,raw_html,,2cf9855072dedf49c069942213292cca7ae4f439e4759892363f74023e14042b,2cf9855072dedf49c069942213292cca7ae4f439e4759892363f74023e14042b,D:\Job_Codes\PriceTracker\services\stealth-renderer\.artifacts\2026-05-11-sr-komus.ru\1778520280831-06q6ne\page.html,False,2026-05-11-sr-komus.ru\1778520280831-06q6ne\page.html,html/komus.ru-run-none5.html,application_import,,2026-05-11T17:25:02.897Z,824367,False,True,,,False,,True,,0.0,dind-komus.ru-2cf9855072dedf49,product_page_or_listing,https://www.komus.ru/search/?text=%D1%80%D1%83%D1%87%D0%BA%D0%B0+%D0%B3%D0%B5%D0%BB%D0%B5%D0%B2%D0%B0%D1%8F&qid=0847827062,True,stealth_renderer,ручка гелевая,,,2cf9855072dedf49c069942213292cca7ae4f439e4759892363f74023e14042b,852497,False,komus.ru,https://www.komus.ru/search/?text=%D1%80%D1%83%D1%87%D0%BA%D0%B0+%D0%B3%D0%B5%D0%BB%D0%B5%D0%B2%D0%B0%D1%8F&qid=0847827062,Вы искали ручка гелевая | Сайт Комус,False,komus.ru,run-none5,,,ok,14.623699999996461,,7363.1026999999885,27.0,27.0,27.0,False,,,,ok,False,7363.1026999999885,4.507500000006985,HTML parse + extraction; shared across modes,30,0,0,1.0,12600.562544444445,87.69159667112918,0,1,0,0,0,1.0,0.9,0.9473684210526316,1.0,0.9,0.9473684210526316,0.8148148148148148,0.7333333333333333,0.7719298245614035
20261002T161451Z-d2eb76ee,industrial,original_fast,dind-komus.ru-023e5ca676225909,html/komus.ru-run-none6.html,ручка гелевая,positive,True,30.0,27.0,27,3,0,1.0,27,0,3,27,0,3,22,5,8,industrial,html/komus.ru-run-none6.html,komus.ru-run-none6.html,run-none6,komus.ru,D:\Pet_Codes\science\article-price-tracker\industrial\html\komus.ru-run-none6.html,https://www.komus.ru/search/?text=%D1%80%D1%83%D1%87%D0%BA%D0%B0+%D0%B3%D0%B5%D0%BB%D0%B5%D0%B2%D0%B0%D1%8F,https://www.komus.ru/search/?text=%D1%80%D1%83%D1%87%D0%BA%D0%B0+%D0%B3%D0%B5%D0%BB%D0%B5%D0%B2%D0%B0%D1%8F,ручка гелевая,,,raw_html,,023e5ca67622590938ae1669dc5b07fbcfe69583c7fe37aabc002f4200764944,023e5ca67622590938ae1669dc5b07fbcfe69583c7fe37aabc002f4200764944,D:\Job_Codes\PriceTracker\services\stealth-renderer\.artifacts\2026-05-11-sr-komus.ru\1778520315723-9kr7mj\page.html,False,2026-05-11-sr-komus.ru\1778520315723-9kr7mj\page.html,html/komus.ru-run-none6.html,application_import,,2026-05-11T17:25:40.551Z,828089,False,True,,,False,,True,,0.0,dind-komus.ru-023e5ca676225909,product_page_or_listing,https://www.komus.ru/search/?text=%D1%80%D1%83%D1%87%D0%BA%D0%B0+%D0%B3%D0%B5%D0%BB%D0%B5%D0%B2%D0%B0%D1%8F,True,stealth_renderer,ручка гелевая,,,023e5ca67622590938ae1669dc5b07fbcfe69583c7fe37aabc002f4200764944,856219,False,komus.ru,https://www.komus.ru/search/?text=%D1%80%D1%83%D1%87%D0%BA%D0%B0+%D0%B3%D0%B5%D0%BB%D0%B5%D0%B2%D0%B0%D1%8F,Вы искали ручка гелевая | Сайт Комус,False,komus.ru,run-none6,,,ok,2.2207999999518506,,7409.4523000000045,27.0,27.0,27.0,False,,,,ok,False,7409.4523000000045,3.6273999999975786,HTML parse + extraction; shared across modes,30,0,0,1.0,12600.562544444445,87.69159667112918,0,1,0,0,0,1.0,0.9,0.9473684210526316,1.0,0.9,0.9473684210526316,0.8148148148148148,0.7333333333333333,0.7719298245614035
20261002T161451Z-d2eb76ee,industrial,original_fast,dind-komus.ru-58c1a96dda4c3778,html/komus.ru-run-none7.html,ручка гелевая,positive,True,30.0,27.0,27,3,0,1.0,27,0,3,27,0,3,22,5,8,industrial,html/komus.ru-run-none7.html,komus.ru-run-none7.html,run-none7,komus.ru,D:\Pet_Codes\science\article-price-tracker\industrial\html\komus.ru-run-none7.html,https://www.komus.ru/search/?text=%D1%80%D1%83%D1%87%D0%BA%D0%B0+%D0%B3%D0%B5%D0%BB%D0%B5%D0%B2%D0%B0%D1%8F,https://www.komus.ru/search/?text=%D1%80%D1%83%D1%87%D0%BA%D0%B0+%D0%B3%D0%B5%D0%BB%D0%B5%D0%B2%D0%B0%D1%8F,ручка гелевая,,,raw_html,,58c1a96dda4c3778a6472133bf16fecb96d8ed1432816a83c06da7f84844ff26,58c1a96dda4c3778a6472133bf16fecb96d8ed1432816a83c06da7f84844ff26,D:\Job_Codes\PriceTracker\services\stealth-renderer\.artifacts\2026-05-11-sr-komus.ru\1778520354030-1z5axs\page.html,False,2026-05-11-sr-komus.ru\1778520354030-1z5axs\page.html,html/komus.ru-run-none7.html,application_import,,2026-05-11T17:26:19.554Z,828105,False,True,,,False,,True,,0.0,dind-komus.ru-58c1a96dda4c3778,product_page_or_listing,https://www.komus.ru/search/?text=%D1%80%D1%83%D1%87%D0%BA%D0%B0+%D0%B3%D0%B5%D0%BB%D0%B5%D0%B2%D0%B0%D1%8F,True,stealth_renderer,ручка гелевая,,,58c1a96dda4c3778a6472133bf16fecb96d8ed1432816a83c06da7f84844ff26,856235,False,komus.ru,https://www.komus.ru/search/?text=%D1%80%D1%83%D1%87%D0%BA%D0%B0+%D0%B3%D0%B5%D0%BB%D0%B5%D0%B2%D0%B0%D1%8F,Вы искали ручка гелевая | Сайт Комус,False,komus.ru,run-none7,,,ok,13.019700000004377,,7418.905300000042,27.0,27.0,27.0,False,,,,ok,False,7418.905300000042,3.256500000017695,HTML parse + extraction; shared across modes,30,0,0,1.0,12600.562544444445,87.69159667112918,0,1,0,0,0,1.0,0.9,0.9473684210526316,1.0,0.9,0.9473684210526316,0.8148148148148148,0.7333333333333333,0.7719298245614035
20261002T161451Z-d2eb76ee,industrial,original_fast,dind-komus.ru-c0e90dc894a3f454,html/komus.ru-run-none8.html,ручка гелевая,negative,True,0.0,1.0,0,0,1,0.0,0,1,0,0,1,0,0,1,0,industrial,html/komus.ru-run-none8.html,komus.ru-run-none8.html,run-none8,komus.ru,D:\Pet_Codes\science\article-price-tracker\industrial\html\komus.ru-run-none8.html,https://www.komus.ru/search/?text=%D1%80%D1%83%D1%87%D0%BA%D0%B0+%D0%B3%D0%B5%D0%BB%D0%B5%D0%B2%D0%B0%D1%8F,https://www.komus.ru/search/?text=%D1%80%D1%83%D1%87%D0%BA%D0%B0+%D0%B3%D0%B5%D0%BB%D0%B5%D0%B2%D0%B0%D1%8F,ручка гелевая,,,raw_html,,c0e90dc894a3f4542ccc6c947f152146370967e6bd169455533d160d559e7845,c0e90dc894a3f4542ccc6c947f152146370967e6bd169455533d160d559e7845,D:\Job_Codes\PriceTracker\services\stealth-renderer\.artifacts\2026-05-11-sr-komus.ru\1778520388956-qq9wmi\page.html,False,2026-05-11-sr-komus.ru\1778520388956-qq9wmi\page.html,html/komus.ru-run-none8.html,application_import,,2026-05-11T17:26:53.939Z,228908,False,True,,,False,,True,,0.0,dind-komus.ru-c0e90dc894a3f454,product_page_or_listing,https://www.komus.ru/search/?text=%D1%80%D1%83%D1%87%D0%BA%D0%B0+%D0%B3%D0%B5%D0%BB%D0%B5%D0%B2%D0%B0%D1%8F,True,stealth_renderer,ручка гелевая,,,c0e90dc894a3f4542ccc6c947f152146370967e6bd169455533d160d559e7845,246569,False,komus.ru,https://www.komus.ru/search/?text=%D1%80%D1%83%D1%87%D0%BA%D0%B0+%D0%B3%D0%B5%D0%BB%D0%B5%D0%B2%D0%B0%D1%8F,Розыгрыш карт Комус при оплате онлайн | Сайт Комус,False,komus.ru,run-none8,,,ok,13.838200000056531,,1728.8408000000054,1.0,1.0,1.0,False,,,,ok,False,1728.8408000000054,0.21230000001378357,HTML parse + extraction; shared across modes,0,0,0,,,,0,0,1,0,0,0.0,0.0,0.0,0.0,0.0,0.0,0.0,0.0,0.0
20261002T161451Z-d2eb76ee,industrial,original_fast,dind-komus.ru-41d20e640e2f54ca,html/komus.ru-run-none9.html,ручка гелевая,positive,True,30.0,27.0,27,3,0,1.0,27,0,3,27,0,3,22,5,8,industrial,html/komus.ru-run-none9.html,komus.ru-run-none9.html,run-none9,komus.ru,D:\Pet_Codes\science\article-price-tracker\industrial\html\komus.ru-run-none9.html,https://www.komus.ru/search/?text=%D1%80%D1%83%D1%87%D0%BA%D0%B0+%D0%B3%D0%B5%D0%BB%D0%B5%D0%B2%D0%B0%D1%8F,https://www.komus.ru/search/?text=%D1%80%D1%83%D1%87%D0%BA%D0%B0+%D0%B3%D0%B5%D0%BB%D0%B5%D0%B2%D0%B0%D1%8F,ручка гелевая,,,raw_html,,41d20e640e2f54cac9acb367db63541a738632e443170d3e72de8867a488461d,41d20e640e2f54cac9acb367db63541a738632e443170d3e72de8867a488461d,D:\Job_Codes\PriceTracker\services\stealth-renderer\.artifacts\2026-05-11-sr-komus.ru\1778520419779-7j1eah\page.html,False,2026-05-11-sr-komus.ru\1778520419779-7j1eah\page.html,html/komus.ru-run-none9.html,application_import,,2026-05-11T17:27:25.293Z,834393,False,True,,,False,,True,,0.0,dind-komus.ru-41d20e640e2f54ca,product_page_or_listing,https://www.komus.ru/search/?text=%D1%80%D1%83%D1%87%D0%BA%D0%B0+%D0%B3%D0%B5%D0%BB%D0%B5%D0%B2%D0%B0%D1%8F,True,stealth_renderer,ручка гелевая,,,41d20e640e2f54cac9acb367db63541a738632e443170d3e72de8867a488461d,862593,False,komus.ru,https://www.komus.ru/search/?text=%D1%80%D1%83%D1%87%D0%BA%D0%B0+%D0%B3%D0%B5%D0%BB%D0%B5%D0%B2%D0%B0%D1%8F,Вы искали ручка гелевая | Сайт Комус,False,komus.ru,run-none9,,,ok,13.144800000009127,,7583.015500000038,27.0,27.0,27.0,False,,,,ok,False,7583.015500000038,3.2102999999769963,HTML parse + extraction; shared across modes,30,0,0,1.0,12600.562544444445,87.69159667112918,0,1,0,0,0,1.0,0.9,0.9473684210526316,1.0,0.9,0.9473684210526316,0.8148148148148148,0.7333333333333333,0.7719298245614035
20261002T161451Z-d2eb76ee,industrial,original_fast,dind-komus.ru-607c4231e49e9843,html/komus.ru-run-none10.html,ручка гелевая,positive,True,30.0,27.0,27,3,0,1.0,27,0,3,27,0,3,22,5,8,industrial,html/komus.ru-run-none10.html,komus.ru-run-none10.html,run-none10,komus.ru,D:\Pet_Codes\science\article-price-tracker\industrial\html\komus.ru-run-none10.html,https://www.komus.ru/search/?text=%D1%80%D1%83%D1%87%D0%BA%D0%B0+%D0%B3%D0%B5%D0%BB%D0%B5%D0%B2%D0%B0%D1%8F,https://www.komus.ru/search/?text=%D1%80%D1%83%D1%87%D0%BA%D0%B0+%D0%B3%D0%B5%D0%BB%D0%B5%D0%B2%D0%B0%D1%8F,ручка гелевая,,,raw_html,,607c4231e49e9843033eca6a0b913b54efa0759997993b3928c287f82861917f,607c4231e49e9843033eca6a0b913b54efa0759997993b3928c287f82861917f,D:\Job_Codes\PriceTracker\services\stealth-renderer\.artifacts\2026-05-11-sr-komus.ru\1778522232013-ugnkib\page.html,False,2026-05-11-sr-komus.ru\1778522232013-ugnkib\page.html,html/komus.ru-run-none10.html,application_import,,2026-05-11T17:57:40.602Z,828078,False,True,,,False,,True,,0.0,dind-komus.ru-607c4231e49e9843,product_page_or_listing,https://www.komus.ru/search/?text=%D1%80%D1%83%D1%87%D0%BA%D0%B0+%D0%B3%D0%B5%D0%BB%D0%B5%D0%B2%D0%B0%D1%8F,True,stealth_renderer,ручка гелевая,,,607c4231e49e9843033eca6a0b913b54efa0759997993b3928c287f82861917f,856208,False,komus.ru,https://www.komus.ru/search/?text=%D1%80%D1%83%D1%87%D0%BA%D0%B0+%D0%B3%D0%B5%D0%BB%D0%B5%D0%B2%D0%B0%D1%8F,Вы искали ручка гелевая | Сайт Комус,False,komus.ru,run-none10,,,ok,13.708699999959208,,7532.453000000038,27.0,27.0,27.0,False,,,,ok,False,7532.453000000038,3.231000000028871,HTML parse + extraction; shared across modes,30,0,0,1.0,12600.562544444445,87.69159667112918,0,1,0,0,0,1.0,0.9,0.9473684210526316,1.0,0.9,0.9473684210526316,0.8148148148148148,0.7333333333333333,0.7719298245614035
20261002T161451Z-d2eb76ee,industrial,original_fast,dind-komus.ru-cee4656ff9fe75f8,html/komus.ru-run-none11.html,ручка гелевая,positive,True,30.0,27.0,27,3,0,1.0,27,0,3,27,0,3,22,5,8,industrial,html/komus.ru-run-none11.html,komus.ru-run-none11.html,run-none11,komus.ru,D:\Pet_Codes\science\article-price-tracker\industrial\html\komus.ru-run-none11.html,https://www.komus.ru/search/?text=%D1%80%D1%83%D1%87%D0%BA%D0%B0+%D0%B3%D0%B5%D0%BB%D0%B5%D0%B2%D0%B0%D1%8F,https://www.komus.ru/search/?text=%D1%80%D1%83%D1%87%D0%BA%D0%B0+%D0%B3%D0%B5%D0%BB%D0%B5%D0%B2%D0%B0%D1%8F,ручка гелевая,,,raw_html,,cee4656ff9fe75f83081bff8ae595f29dacb375a51ecaa307aa3539fea4e9ad1,cee4656ff9fe75f83081bff8ae595f29dacb375a51ecaa307aa3539fea4e9ad1,D:\Job_Codes\PriceTracker\services\stealth-renderer\.artifacts\2026-05-11-sr-komus.ru\1778522273340-ilkkjy\page.html,False,2026-05-11-sr-komus.ru\1778522273340-ilkkjy\page.html,html/komus.ru-run-none11.html,application_import,,2026-05-11T17:58:16.209Z,828080,False,True,,,False,,True,,0.0,dind-komus.ru-cee4656ff9fe75f8,product_page_or_listing,https://www.komus.ru/search/?text=%D1%80%D1%83%D1%87%D0%BA%D0%B0+%D0%B3%D0%B5%D0%BB%D0%B5%D0%B2%D0%B0%D1%8F,True,stealth_renderer,ручка гелевая,,,cee4656ff9fe75f83081bff8ae595f29dacb375a51ecaa307aa3539fea4e9ad1,856210,False,komus.ru,https://www.komus.ru/search/?text=%D1%80%D1%83%D1%87%D0%BA%D0%B0+%D0%B3%D0%B5%D0%BB%D0%B5%D0%B2%D0%B0%D1%8F,Вы искали ручка гелевая | Сайт Комус,False,komus.ru,run-none11,,,ok,14.198099999979604,,7664.877700000012,27.0,27.0,27.0,False,,,,ok,False,7664.877700000012,3.198099999979604,HTML parse + extraction; shared across modes,30,0,0,1.0,12600.562544444445,87.69159667112918,0,1,0,0,0,1.0,0.9,0.9473684210526316,1.0,0.9,0.9473684210526316,0.8148148148148148,0.7333333333333333,0.7719298245614035
20261002T161451Z-d2eb76ee,industrial,original_fast,dind-komus.ru-329f550a6d3b95ff,html/komus.ru-run-none12.html,ручка гелевая,positive,True,30.0,27.0,27,3,0,1.0,27,0,3,27,0,3,22,5,8,industrial,html/komus.ru-run-none12.html,komus.ru-run-none12.html,run-none12,komus.ru,D:\Pet_Codes\science\article-price-tracker\industrial\html\komus.ru-run-none12.html,https://www.komus.ru/search/?text=%D1%80%D1%83%D1%87%D0%BA%D0%B0+%D0%B3%D0%B5%D0%BB%D0%B5%D0%B2%D0%B0%D1%8F,https://www.komus.ru/search/?text=%D1%80%D1%83%D1%87%D0%BA%D0%B0+%D0%B3%D0%B5%D0%BB%D0%B5%D0%B2%D0%B0%D1%8F,ручка гелевая,,,raw_html,,329f550a6d3b95ff6550acde02c3861ae4fd8b096ff87756951df8656b21a7f1,329f550a6d3b95ff6550acde02c3861ae4fd8b096ff87756951df8656b21a7f1,D:\Job_Codes\PriceTracker\services\stealth-renderer\.artifacts\2026-05-11-sr-komus.ru\1778522867446-2ay875\page.html,False,2026-05-11-sr-komus.ru\1778522867446-2ay875\page.html,html/komus.ru-run-none12.html,application_import,,2026-05-11T18:08:10.153Z,828082,False,True,,,False,,True,,0.0,dind-komus.ru-329f550a6d3b95ff,product_page_or_listing,https://www.komus.ru/search/?text=%D1%80%D1%83%D1%87%D0%BA%D0%B0+%D0%B3%D0%B5%D0%BB%D0%B5%D0%B2%D0%B0%D1%8F,True,stealth_renderer,ручка гелевая,,,329f550a6d3b95ff6550acde02c3861ae4fd8b096ff87756951df8656b21a7f1,856212,False,komus.ru,https://www.komus.ru/search/?text=%D1%80%D1%83%D1%87%D0%BA%D0%B0+%D0%B3%D0%B5%D0%BB%D0%B5%D0%B2%D0%B0%D1%8F,Вы искали ручка гелевая | Сайт Комус,False,komus.ru,run-none12,,,ok,1.9934999999823049,,7845.90750000003,27.0,27.0,27.0,False,,,,ok,False,7845.90750000003,3.2956000000122003,HTML parse + extraction; shared across modes,30,0,0,1.0,12600.562544444445,87.69159667112918,0,1,0,0,0,1.0,0.9,0.9473684210526316,1.0,0.9,0.9473684210526316,0.8148148148148148,0.7333333333333333,0.7719298245614035
20261002T161451Z-d2eb76ee,industrial,original_fast,dind-komus.ru-6f947666964b40f8,html/komus.ru-run-none13.html,ручка гелевая,positive,True,30.0,27.0,27,3,0,1.0,27,0,3,27,0,3,22,5,8,industrial,html/komus.ru-run-none13.html,komus.ru-run-none13.html,run-none13,komus.ru,D:\Pet_Codes\science\article-price-tracker\industrial\html\komus.ru-run-none13.html,https://www.komus.ru/search/?text=%D1%80%D1%83%D1%87%D0%BA%D0%B0+%D0%B3%D0%B5%D0%BB%D0%B5%D0%B2%D0%B0%D1%8F&qid=9249079526,https://www.komus.ru/search/?text=%D1%80%D1%83%D1%87%D0%BA%D0%B0+%D0%B3%D0%B5%D0%BB%D0%B5%D0%B2%D0%B0%D1%8F&qid=9249079526,ручка гелевая,,,raw_html,,6f947666964b40f81c299ae03b3d843686afd4ebed7684903da2cd3710c3ddc1,6f947666964b40f81c299ae03b3d843686afd4ebed7684903da2cd3710c3ddc1,D:\Job_Codes\PriceTracker\services\stealth-renderer\.artifacts\2026-05-11-sr-komus.ru\1778522899898-jrxxm5\page.html,False,2026-05-11-sr-komus.ru\1778522899898-jrxxm5\page.html,html/komus.ru-run-none13.html,application_import,,2026-05-11T18:08:39.776Z,841897,False,True,,,False,,True,,0.0,dind-komus.ru-6f947666964b40f8,product_page_or_listing,https://www.komus.ru/search/?text=%D1%80%D1%83%D1%87%D0%BA%D0%B0+%D0%B3%D0%B5%D0%BB%D0%B5%D0%B2%D0%B0%D1%8F&qid=9249079526,True,stealth_renderer,ручка гелевая,,,6f947666964b40f81c299ae03b3d843686afd4ebed7684903da2cd3710c3ddc1,871043,False,komus.ru,https://www.komus.ru/search/?text=%D1%80%D1%83%D1%87%D0%BA%D0%B0+%D0%B3%D0%B5%D0%BB%D0%B5%D0%B2%D0%B0%D1%8F&qid=9249079526,Вы искали ручка гелевая | Сайт Комус,False,komus.ru,run-none13,,,ok,2.943299999984447,,8559.461299999966,27.0,27.0,27.0,False,,,,ok,False,8559.461299999966,3.335999999952037,HTML parse + extraction; shared across modes,30,0,0,1.0,12600.562544444445,87.69159667112918,0,1,0,0,0,1.0,0.9,0.9473684210526316,1.0,0.9,0.9473684210526316,0.8148148148148148,0.7333333333333333,0.7719298245614035
20261002T161451Z-d2eb76ee,industrial,original_fast,dind-komus.ru-84cbf3c2771d2ecd,html/komus.ru-run-none14.html,ручка гелевая,positive,True,30.0,27.0,27,3,0,1.0,27,0,3,27,0,3,22,5,8,industrial,html/komus.ru-run-none14.html,komus.ru-run-none14.html,run-none14,komus.ru,D:\Pet_Codes\science\article-price-tracker\industrial\html\komus.ru-run-none14.html,https://www.komus.ru/search/?text=%D1%80%D1%83%D1%87%D0%BA%D0%B0+%D0%B3%D0%B5%D0%BB%D0%B5%D0%B2%D0%B0%D1%8F&qid=7537159397&listingMode=PLAIN,https://www.komus.ru/search/?text=%D1%80%D1%83%D1%87%D0%BA%D0%B0+%D0%B3%D0%B5%D0%BB%D0%B5%D0%B2%D0%B0%D1%8F&qid=7537159397&listingMode=PLAIN,ручка гелевая,,,raw_html,,84cbf3c2771d2ecd3d991511a9a8d2ed46ca723e7190be3701376b5f22c7af66,84cbf3c2771d2ecd3d991511a9a8d2ed46ca723e7190be3701376b5f22c7af66,D:\Job_Codes\PriceTracker\services\stealth-renderer\.artifacts\2026-05-11-sr-komus.ru\1778523079465-lwirrx\page.html,False,2026-05-11-sr-komus.ru\1778523079465-lwirrx\page.html,html/komus.ru-run-none14.html,application_import,,2026-05-11T18:11:39.488Z,828032,False,True,,,False,,True,,0.0,dind-komus.ru-84cbf3c2771d2ecd,product_page_or_listing,https://www.komus.ru/search/?text=%D1%80%D1%83%D1%87%D0%BA%D0%B0+%D0%B3%D0%B5%D0%BB%D0%B5%D0%B2%D0%B0%D1%8F&qid=7537159397&listingMode=PLAIN,True,stealth_renderer,ручка гелевая,,,84cbf3c2771d2ecd3d991511a9a8d2ed46ca723e7190be3701376b5f22c7af66,856162,False,komus.ru,https://www.komus.ru/search/?text=%D1%80%D1%83%D1%87%D0%BA%D0%B0+%D0%B3%D0%B5%D0%BB%D0%B5%D0%B2%D0%B0%D1%8F&qid=7537159397&listingMode=PLAIN,Вы искали ручка гелевая | Сайт Комус,False,komus.ru,run-none14,,,ok,13.861700000008568,,7481.5000999999465,27.0,27.0,27.0,False,,,,ok,False,7481.5000999999465,4.014099999971222,HTML parse + extraction; shared across modes,30,0,0,1.0,12600.562544444445,87.69159667112918,0,1,0,0,0,1.0,0.9,0.9473684210526316,1.0,0.9,0.9473684210526316,0.8148148148148148,0.7333333333333333,0.7719298245614035
20261002T161451Z-d2eb76ee,industrial,original_fast,dind-komus.ru-c4ec811f50b580fc,html/komus.ru-run-none15.html,ручка гелевая,positive,True,30.0,27.0,27,3,0,1.0,27,0,3,27,0,3,22,5,8,industrial,html/komus.ru-run-none15.html,komus.ru-run-none15.html,run-none15,komus.ru,D:\Pet_Codes\science\article-price-tracker\industrial\html\komus.ru-run-none15.html,https://www.komus.ru/search/?text=%D1%80%D1%83%D1%87%D0%BA%D0%B0+%D0%B3%D0%B5%D0%BB%D0%B5%D0%B2%D0%B0%D1%8F&qid=4324214800&listingMode=PLAIN,https://www.komus.ru/search/?text=%D1%80%D1%83%D1%87%D0%BA%D0%B0+%D0%B3%D0%B5%D0%BB%D0%B5%D0%B2%D0%B0%D1%8F&qid=4324214800&listingMode=PLAIN,ручка гелевая,,,raw_html,,c4ec811f50b580fc4878e0bf322135f10f8725ba81fb2e068ebafe15c5c9c6c8,c4ec811f50b580fc4878e0bf322135f10f8725ba81fb2e068ebafe15c5c9c6c8,D:\Job_Codes\PriceTracker\services\stealth-renderer\.artifacts\2026-05-11-sr-komus.ru\1778523108674-i4q2og\page.html,False,2026-05-11-sr-komus.ru\1778523108674-i4q2og\page.html,html/komus.ru-run-none15.html,application_import,,2026-05-11T18:12:11.285Z,828079,False,True,,,False,,True,,0.0,dind-komus.ru-c4ec811f50b580fc,product_page_or_listing,https://www.komus.ru/search/?text=%D1%80%D1%83%D1%87%D0%BA%D0%B0+%D0%B3%D0%B5%D0%BB%D0%B5%D0%B2%D0%B0%D1%8F&qid=4324214800&listingMode=PLAIN,True,stealth_renderer,ручка гелевая,,,c4ec811f50b580fc4878e0bf322135f10f8725ba81fb2e068ebafe15c5c9c6c8,856209,False,komus.ru,https://www.komus.ru/search/?text=%D1%80%D1%83%D1%87%D0%BA%D0%B0+%D0%B3%D0%B5%D0%BB%D0%B5%D0%B2%D0%B0%D1%8F&qid=4324214800&listingMode=PLAIN,Вы искали ручка гелевая | Сайт Комус,False,komus.ru,run-none15,,,ok,2.2405999999609776,,7399.19160000002,27.0,27.0,27.0,False,,,,ok,False,7399.19160000002,3.2778999999864027,HTML parse + extraction; shared across modes,30,0,0,1.0,12600.562544444445,87.69159667112918,0,1,0,0,0,1.0,0.9,0.9473684210526316,1.0,0.9,0.9473684210526316,0.8148148148148148,0.7333333333333333,0.7719298245614035
20261002T161451Z-d2eb76ee,industrial,original_fast,dind-komus.ru-7a31877560a20352,html/komus.ru-run-none16.html,ручка гелевая,positive,True,30.0,27.0,27,3,0,1.0,27,0,3,27,0,3,22,5,8,industrial,html/komus.ru-run-none16.html,komus.ru-run-none16.html,run-none16,komus.ru,D:\Pet_Codes\science\article-price-tracker\industrial\html\komus.ru-run-none16.html,https://www.komus.ru/search/?text=%D1%80%D1%83%D1%87%D0%BA%D0%B0+%D0%B3%D0%B5%D0%BB%D0%B5%D0%B2%D0%B0%D1%8F&qid=1600969827,https://www.komus.ru/search/?text=%D1%80%D1%83%D1%87%D0%BA%D0%B0+%D0%B3%D0%B5%D0%BB%D0%B5%D0%B2%D0%B0%D1%8F&qid=1600969827,ручка гелевая,,,raw_html,,7a31877560a203522859a78de3a90000e99cd52305b67ffae8a8cae2968e28c4,7a31877560a203522859a78de3a90000e99cd52305b67ffae8a8cae2968e28c4,D:\Job_Codes\PriceTracker\services\stealth-renderer\.artifacts\2026-05-11-sr-komus.ru\1778523530611-g56gmk\page.html,False,2026-05-11-sr-komus.ru\1778523530611-g56gmk\page.html,html/komus.ru-run-none16.html,application_import,,2026-05-11T18:19:13.877Z,828076,False,True,,,False,,True,,0.0,dind-komus.ru-7a31877560a20352,product_page_or_listing,https://www.komus.ru/search/?text=%D1%80%D1%83%D1%87%D0%BA%D0%B0+%D0%B3%D0%B5%D0%BB%D0%B5%D0%B2%D0%B0%D1%8F&qid=1600969827,True,stealth_renderer,ручка гелевая,,,7a31877560a203522859a78de3a90000e99cd52305b67ffae8a8cae2968e28c4,856206,False,komus.ru,https://www.komus.ru/search/?text=%D1%80%D1%83%D1%87%D0%BA%D0%B0+%D0%B3%D0%B5%D0%BB%D0%B5%D0%B2%D0%B0%D1%8F&qid=1600969827,Вы искали ручка гелевая | Сайт Комус,False,komus.ru,run-none16,,,ok,13.775599999993574,,7506.167400000035,27.0,27.0,27.0,False,,,,ok,False,7506.167400000035,3.2576999999582767,HTML parse + extraction; shared across modes,30,0,0,1.0,12600.562544444445,87.69159667112918,0,1,0,0,0,1.0,0.9,0.9473684210526316,1.0,0.9,0.9473684210526316,0.8148148148148148,0.7333333333333333,0.7719298245614035
20261002T161451Z-d2eb76ee,industrial,original_fast,dind-komus.ru-31fd7c045fb2ea41,html/komus.ru-run-none17.html,ручка гелевая,positive,True,30.0,27.0,27,3,0,1.0,27,0,3,27,0,3,22,5,8,industrial,html/komus.ru-run-none17.html,komus.ru-run-none17.html,run-none17,komus.ru,D:\Pet_Codes\science\article-price-tracker\industrial\html\komus.ru-run-none17.html,https://www.komus.ru/search/?text=%D1%80%D1%83%D1%87%D0%BA%D0%B0+%D0%B3%D0%B5%D0%BB%D0%B5%D0%B2%D0%B0%D1%8F&qid=3003386798,https://www.komus.ru/search/?text=%D1%80%D1%83%D1%87%D0%BA%D0%B0+%D0%B3%D0%B5%D0%BB%D0%B5%D0%B2%D0%B0%D1%8F&qid=3003386798,ручка гелевая,,,raw_html,,31fd7c045fb2ea41ce6f46536a30e8516fe2bb629b788bcaee0098c7643afab6,31fd7c045fb2ea41ce6f46536a30e8516fe2bb629b788bcaee0098c7643afab6,D:\Job_Codes\PriceTracker\services\stealth-renderer\.artifacts\2026-05-11-sr-komus.ru\1778523563378-4hgqnf\page.html,False,2026-05-11-sr-komus.ru\1778523563378-4hgqnf\page.html,html/komus.ru-run-none17.html,application_import,,2026-05-11T18:19:41.807Z,834373,False,True,,,False,,True,,0.0,dind-komus.ru-31fd7c045fb2ea41,product_page_or_listing,https://www.komus.ru/search/?text=%D1%80%D1%83%D1%87%D0%BA%D0%B0+%D0%B3%D0%B5%D0%BB%D0%B5%D0%B2%D0%B0%D1%8F&qid=3003386798,True,stealth_renderer,ручка гелевая,,,31fd7c045fb2ea41ce6f46536a30e8516fe2bb629b788bcaee0098c7643afab6,862573,False,komus.ru,https://www.komus.ru/search/?text=%D1%80%D1%83%D1%87%D0%BA%D0%B0+%D0%B3%D0%B5%D0%BB%D0%B5%D0%B2%D0%B0%D1%8F&qid=3003386798,Вы искали ручка гелевая | Сайт Комус,False,komus.ru,run-none17,,,ok,15.073399999993853,,7591.801100000041,27.0,27.0,27.0,False,,,,ok,False,7591.801100000041,3.2674000000115484,HTML parse + extraction; shared across modes,30,0,0,1.0,12600.562544444445,87.69159667112918,0,1,0,0,0,1.0,0.9,0.9473684210526316,1.0,0.9,0.9473684210526316,0.8148148148148148,0.7333333333333333,0.7719298245614035
20261002T161451Z-d2eb76ee,industrial,original_fast,dind-komus.ru-d35e011b185be0a6,html/komus.ru-run-none18.html,"gfhdmgjh,,jfgnb",negative,True,0.0,0.0,0,0,0,1.0,0,0,0,0,0,0,0,0,0,industrial,html/komus.ru-run-none18.html,komus.ru-run-none18.html,run-none18,komus.ru,D:\Pet_Codes\science\article-price-tracker\industrial\html\komus.ru-run-none18.html,"https://www.komus.ru/search?text=gfhdmgjh,,jfgnb&result=empty&qid=1328018485","https://www.komus.ru/search?text=gfhdmgjh,,jfgnb&result=empty&qid=1328018485","gfhdmgjh,,jfgnb",,,raw_html,,d35e011b185be0a6d74a94d3fbc068e3a1520829d75eaa6a814fd349eb41743d,d35e011b185be0a6d74a94d3fbc068e3a1520829d75eaa6a814fd349eb41743d,D:\Job_Codes\PriceTracker\services\stealth-renderer\.artifacts\2026-05-11-sr-komus.ru\1778523610593-8diuwz\page.html,False,2026-05-11-sr-komus.ru\1778523610593-8diuwz\page.html,html/komus.ru-run-none18.html,application_import,,2026-05-11T18:20:27.481Z,146590,False,True,,,False,,True,,0.0,dind-komus.ru-d35e011b185be0a6,product_page_or_listing,"https://www.komus.ru/search?text=gfhdmgjh,,jfgnb&result=empty&qid=1328018485",True,stealth_renderer,"gfhdmgjh,,jfgnb",,,d35e011b185be0a6d74a94d3fbc068e3a1520829d75eaa6a814fd349eb41743d,160790,False,komus.ru,"https://www.komus.ru/search?text=gfhdmgjh,,jfgnb&result=empty&qid=1328018485","Вы искали gfhdmgjh,,jfgnb | Сайт Комус",False,komus.ru,run-none18,,,ok,13.402999999932945,,1749.0744000000414,0.0,0.0,0.0,False,,,,empty,False,1749.0744000000414,0.03969999996479601,HTML parse + extraction; shared across modes,0,0,0,,,,0,0,0,0,1,0.0,0.0,0.0,0.0,0.0,0.0,0.0,0.0,0.0
20261002T161451Z-d2eb76ee,industrial,original_fast,dind-komus.ru-4ec3512b66f59759,html/komus.ru-run-none19.html,"gfhdmgjh,,jfgnb",negative,True,0.0,0.0,0,0,0,1.0,0,0,0,0,0,0,0,0,0,industrial,html/komus.ru-run-none19.html,komus.ru-run-none19.html,run-none19,komus.ru,D:\Pet_Codes\science\article-price-tracker\industrial\html\komus.ru-run-none19.html,https://www.komus.ru/search/?text=gfhdmgjh%2C%2Cjfgnb,https://www.komus.ru/search/?text=gfhdmgjh%2C%2Cjfgnb,"gfhdmgjh,,jfgnb",,,raw_html,,4ec3512b66f5975965cf323e6e8eff1e67865c98a1f4e9299ce8697258d2d647,4ec3512b66f5975965cf323e6e8eff1e67865c98a1f4e9299ce8697258d2d647,D:\Job_Codes\PriceTracker\services\stealth-renderer\.artifacts\2026-05-11-sr-komus.ru\1778523632701-9sn2do\page.html,False,2026-05-11-sr-komus.ru\1778523632701-9sn2do\page.html,html/komus.ru-run-none19.html,application_import,,2026-05-11T18:20:47.779Z,145422,False,True,,,False,,True,,0.0,dind-komus.ru-4ec3512b66f59759,product_page_or_listing,https://www.komus.ru/search/?text=gfhdmgjh%2C%2Cjfgnb,True,stealth_renderer,"gfhdmgjh,,jfgnb",,,4ec3512b66f5975965cf323e6e8eff1e67865c98a1f4e9299ce8697258d2d647,159529,False,komus.ru,https://www.komus.ru/search/?text=gfhdmgjh%2C%2Cjfgnb,"Вы искали gfhdmgjh,,jfgnb | Сайт Комус",False,komus.ru,run-none19,,,ok,13.795200000051409,,1652.2664999999106,0.0,0.0,0.0,False,,,,empty,False,1652.2664999999106,0.024299999931827188,HTML parse + extraction; shared across modes,0,0,0,,,,0,0,0,0,1,0.0,0.0,0.0,0.0,0.0,0.0,0.0,0.0,0.0
20261002T161451Z-d2eb76ee,industrial,original_fast,dind-komus.ru-f83a8cdb85dbe548,html/komus.ru-run-none20.html,гелевая ручка,positive,True,30.0,27.0,27,3,0,1.0,27,0,3,27,0,3,22,5,8,industrial,html/komus.ru-run-none20.html,komus.ru-run-none20.html,run-none20,komus.ru,D:\Pet_Codes\science\article-price-tracker\industrial\html\komus.ru-run-none20.html,https://www.komus.ru/search/?text=%D0%B3%D0%B5%D0%BB%D0%B5%D0%B2%D0%B0%D1%8F+%D1%80%D1%83%D1%87%D0%BA%D0%B0,https://www.komus.ru/search/?text=%D0%B3%D0%B5%D0%BB%D0%B5%D0%B2%D0%B0%D1%8F+%D1%80%D1%83%D1%87%D0%BA%D0%B0,гелевая ручка,,,raw_html,,f83a8cdb85dbe54877f7f08c7a2e4696e682fa02e04084472132f86c86d031b5,f83a8cdb85dbe54877f7f08c7a2e4696e682fa02e04084472132f86c86d031b5,D:\Job_Codes\PriceTracker\services\stealth-renderer\.artifacts\2026-05-16-sr-komus.ru\1778964656318-k7u1ma\page.html,False,2026-05-16-sr-komus.ru\1778964656318-k7u1ma\page.html,html/komus.ru-run-none20.html,application_import,,2026-05-16T20:51:17.770Z,846564,False,True,,,False,,True,,0.0,dind-komus.ru-f83a8cdb85dbe548,product_page_or_listing,https://www.komus.ru/search/?text=%D0%B3%D0%B5%D0%BB%D0%B5%D0%B2%D0%B0%D1%8F+%D1%80%D1%83%D1%87%D0%BA%D0%B0,True,stealth_renderer,гелевая ручка,,,f83a8cdb85dbe54877f7f08c7a2e4696e682fa02e04084472132f86c86d031b5,875781,False,komus.ru,https://www.komus.ru/search/?text=%D0%B3%D0%B5%D0%BB%D0%B5%D0%B2%D0%B0%D1%8F+%D1%80%D1%83%D1%87%D0%BA%D0%B0,Вы искали гелевая ручка | Сайт Комус,False,komus.ru,run-none20,,,ok,2.1062000000383705,,8429.832799999975,27.0,27.0,27.0,False,,,,ok,False,8429.832799999975,3.2661999999545515,HTML parse + extraction; shared across modes,30,0,0,1.0,12596.85884074074,87.69159667112918,0,1,0,0,0,1.0,0.9,0.9473684210526316,1.0,0.9,0.9473684210526316,0.8148148148148148,0.7333333333333333,0.7719298245614035
20261002T161451Z-d2eb76ee,industrial,original_fast,dind-komus.ru-fd526265f9a93c7c,html/komus.ru-run-437fc902.html,ручка гелевая,positive,True,30.0,27.0,27,3,0,1.0,27,0,3,27,0,3,22,5,8,industrial,html/komus.ru-run-437fc902.html,komus.ru-run-437fc902.html,run-437fc902,komus.ru,D:\Pet_Codes\science\article-price-tracker\industrial\html\komus.ru-run-437fc902.html,https://komus.ru,https://komus.ru,ручка гелевая,Санкт-Петербург,shared_live_search,raw_html,,fd526265f9a93c7cf2003b3120a68d527f95faadaa6d93e02d2633c21bfc5ecb,fd526265f9a93c7cf2003b3120a68d527f95faadaa6d93e02d2633c21bfc5ecb,D:\Job_Codes\PriceTracker\.artifacts\collection\run-437fc902\komus.ru.html,False,run-437fc902\komus.ru.html,html/komus.ru-run-437fc902.html,application_import,,2026-05-11T17:58:24.048939+00:00,832101,False,False,,,False,,True,Санкт-Петербург,,dind-komus.ru-fd526265f9a93c7c,product_page_or_listing,https://komus.ru,True,collection_run,ручка гелевая,shared_live_search,run-437fc902,fd526265f9a93c7cf2003b3120a68d527f95faadaa6d93e02d2633c21bfc5ecb,860231,False,komus.ru,https://komus.ru,Вы искали ручка гелевая | Сайт Комус,False,komus.ru,run-437fc902,Санкт-Петербург,shared_live_search,ok,2.7011000000638887,,7634.691500000074,27.0,27.0,27.0,False,,,,ok,False,7634.691500000074,4.346400000038557,HTML parse + extraction; shared across modes,30,0,0,1.0,12600.562544444445,87.69159667112918,0,1,0,0,0,1.0,0.9,0.9473684210526316,1.0,0.9,0.9473684210526316,0.8148148148148148,0.7333333333333333,0.7719298245614035
20261002T161451Z-d2eb76ee,industrial,original_fast,dind-komus.ru-45e1fc98edfd6da1,html/komus.ru-run-6628d12b.html,ручка гелевая,positive,True,30.0,27.0,27,3,0,1.0,27,0,3,27,0,3,22,5,8,industrial,html/komus.ru-run-6628d12b.html,komus.ru-run-6628d12b.html,run-6628d12b,komus.ru,D:\Pet_Codes\science\article-price-tracker\industrial\html\komus.ru-run-6628d12b.html,https://komus.ru,https://komus.ru,ручка гелевая,Санкт-Петербург,shared_live_search,raw_html,,45e1fc98edfd6da15879d4d2c2a3a622cc9fd6d0846199005b1e0ba5a2fc5f3b,45e1fc98edfd6da15879d4d2c2a3a622cc9fd6d0846199005b1e0ba5a2fc5f3b,D:\Job_Codes\PriceTracker\.artifacts\collection\run-6628d12b\komus.ru.html,False,run-6628d12b\komus.ru.html,html/komus.ru-run-6628d12b.html,application_import,,2026-05-11T18:08:44.088988+00:00,846277,False,False,,,False,,True,Санкт-Петербург,,dind-komus.ru-45e1fc98edfd6da1,product_page_or_listing,https://komus.ru,True,collection_run,ручка гелевая,shared_live_search,run-6628d12b,45e1fc98edfd6da15879d4d2c2a3a622cc9fd6d0846199005b1e0ba5a2fc5f3b,875423,False,komus.ru,https://komus.ru,Вы искали ручка гелевая | Сайт Комус,False,komus.ru,run-6628d12b,Санкт-Петербург,shared_live_search,ok,2.5274000000208616,,8512.504399999976,27.0,27.0,27.0,False,,,,ok,False,8512.504399999976,3.2692999999271706,HTML parse + extraction; shared across modes,30,0,0,1.0,12600.562544444445,87.69159667112918,0,1,0,0,0,1.0,0.9,0.9473684210526316,1.0,0.9,0.9473684210526316,0.8148148148148148,0.7333333333333333,0.7719298245614035
20261002T161451Z-d2eb76ee,industrial,original_fast,dind-komus.ru-e44491f1d0a00d59,html/komus.ru-run-98da06df.html,ручка гелевая,positive,True,30.0,27.0,27,3,0,1.0,27,0,3,27,0,3,22,5,8,industrial,html/komus.ru-run-98da06df.html,komus.ru-run-98da06df.html,run-98da06df,komus.ru,D:\Pet_Codes\science\article-price-tracker\industrial\html\komus.ru-run-98da06df.html,https://komus.ru,https://komus.ru,ручка гелевая,Санкт-Петербург,shared_live_search,raw_html,,e44491f1d0a00d5999c090853660ed344e9b8b13d53b799b174b84ecfcca87c1,e44491f1d0a00d5999c090853660ed344e9b8b13d53b799b174b84ecfcca87c1,D:\Job_Codes\PriceTracker\.artifacts\collection\run-98da06df\komus.ru.html,False,run-98da06df\komus.ru.html,html/komus.ru-run-98da06df.html,application_import,,2026-05-11T18:19:46.527358+00:00,832097,False,False,,,False,,True,Санкт-Петербург,,dind-komus.ru-e44491f1d0a00d59,product_page_or_listing,https://komus.ru,True,collection_run,ручка гелевая,shared_live_search,run-98da06df,e44491f1d0a00d5999c090853660ed344e9b8b13d53b799b174b84ecfcca87c1,860227,False,komus.ru,https://komus.ru,Вы искали ручка гелевая | Сайт Комус,False,komus.ru,run-98da06df,Санкт-Петербург,shared_live_search,ok,14.675900000031106,,7765.641900000046,27.0,27.0,27.0,False,,,,ok,False,7765.641900000046,3.2656000000424683,HTML parse + extraction; shared across modes,30,0,0,1.0,12600.562544444445,87.69159667112918,0,1,0,0,0,1.0,0.9,0.9473684210526316,1.0,0.9,0.9473684210526316,0.8148148148148148,0.7333333333333333,0.7719298245614035
20261002T161451Z-d2eb76ee,industrial,original_fast,dind-komus.ru-d039da717f66c987,html/komus.ru-run-daa9251b.html,ручка гелевая,positive,True,30.0,27.0,27,3,0,1.0,27,0,3,27,0,3,22,5,8,industrial,html/komus.ru-run-daa9251b.html,komus.ru-run-daa9251b.html,run-daa9251b,komus.ru,D:\Pet_Codes\science\article-price-tracker\industrial\html\komus.ru-run-daa9251b.html,https://komus.ru,https://komus.ru,ручка гелевая,Санкт-Петербург,shared_live_search,raw_html,,d039da717f66c987aa29a1f03de5f61fa3c79a1d4d6bc01ac36854070004c08d,d039da717f66c987aa29a1f03de5f61fa3c79a1d4d6bc01ac36854070004c08d,D:\Job_Codes\PriceTracker\.artifacts\collection\run-daa9251b\komus.ru.html,False,run-daa9251b\komus.ru.html,html/komus.ru-run-daa9251b.html,application_import,,2026-05-11T18:12:15.428865+00:00,832053,False,False,,,False,,True,Санкт-Петербург,,dind-komus.ru-d039da717f66c987,product_page_or_listing,https://komus.ru,True,collection_run,ручка гелевая,shared_live_search,run-daa9251b,d039da717f66c987aa29a1f03de5f61fa3c79a1d4d6bc01ac36854070004c08d,860183,False,komus.ru,https://komus.ru,Вы искали ручка гелевая | Сайт Комус,False,komus.ru,run-daa9251b,Санкт-Петербург,shared_live_search,ok,2.7158000000054017,,7506.414100000053,27.0,27.0,27.0,False,,,,ok,False,7506.414100000053,3.3675000000512227,HTML parse + extraction; shared across modes,30,0,0,1.0,12600.562544444445,87.69159667112918,0,1,0,0,0,1.0,0.9,0.9473684210526316,1.0,0.9,0.9473684210526316,0.8148148148148148,0.7333333333333333,0.7719298245614035
20261002T161451Z-d2eb76ee,industrial,original_fast,dind-komus.ru-e25d8f2aebb53e9c,html/komus.ru-run-db327323.html,"gfhdmgjh,,jfgnb",negative,True,0.0,0.0,0,0,0,1.0,0,0,0,0,0,0,0,0,0,industrial,html/komus.ru-run-db327323.html,komus.ru-run-db327323.html,run-db327323,komus.ru,D:\Pet_Codes\science\article-price-tracker\industrial\html\komus.ru-run-db327323.html,https://komus.ru,https://komus.ru,"gfhdmgjh,,jfgnb",Санкт-Петербург,shared_live_search,raw_html,,e25d8f2aebb53e9c32e26918aa5814c7769ea13fb81cffd3cc0a233c002ccd14,e25d8f2aebb53e9c32e26918aa5814c7769ea13fb81cffd3cc0a233c002ccd14,D:\Job_Codes\PriceTracker\.artifacts\collection\run-db327323\komus.ru.html,False,run-db327323\komus.ru.html,html/komus.ru-run-db327323.html,application_import,,2026-05-11T18:22:22.196562+00:00,149917,False,False,,,False,,True,Санкт-Петербург,,dind-komus.ru-e25d8f2aebb53e9c,product_page_or_listing,https://komus.ru,True,collection_run,"gfhdmgjh,,jfgnb",shared_live_search,run-db327323,e25d8f2aebb53e9c32e26918aa5814c7769ea13fb81cffd3cc0a233c002ccd14,164117,False,komus.ru,https://komus.ru,"Вы искали gfhdmgjh,,jfgnb | Сайт Комус",False,komus.ru,run-db327323,Санкт-Петербург,shared_live_search,ok,41.41899999999441,,1748.7173000000184,0.0,0.0,0.0,False,,,,empty,False,1748.7173000000184,0.02390000002924353,HTML parse + extraction; shared across modes,0,0,0,,,,0,0,0,0,1,0.0,0.0,0.0,0.0,0.0,0.0,0.0,0.0,0.0
20261002T161451Z-d2eb76ee,industrial,original_fast,dind-labirint.ru-21ac626ea371bd49,html/labirint.ru-run-168d58c6.html,Ведьмак,positive,True,60.0,58.0,58,2,0,1.0,58,0,2,58,0,2,34,24,12,industrial,html/labirint.ru-run-168d58c6.html,labirint.ru-run-168d58c6.html,run-168d58c6,labirint.ru,D:\Pet_Codes\science\article-price-tracker\industrial\html\labirint.ru-run-168d58c6.html,https://www.labirint.ru,https://www.labirint.ru,Ведьмак,Санкт-Петербург,shared_live_search,raw_html,,21ac626ea371bd49897c7d3ae46f9681e54a193ad19f636a3dda94dec8881df8,21ac626ea371bd49897c7d3ae46f9681e54a193ad19f636a3dda94dec8881df8,D:\Job_Codes\PriceTracker\.artifacts\collection\run-168d58c6\www.labirint.ru.html,False,run-168d58c6\www.labirint.ru.html,html/labirint.ru-run-168d58c6.html,application_import,,2026-05-13T12:14:55.088805+00:00,632506,False,False,,,False,,True,Санкт-Петербург,,dind-labirint.ru-21ac626ea371bd49,product_page_or_listing,https://www.labirint.ru,True,collection_run,Ведьмак,shared_live_search,run-168d58c6,21ac626ea371bd49897c7d3ae46f9681e54a193ad19f636a3dda94dec8881df8,676509,False,labirint.ru,https://www.labirint.ru,"Книжный интернет-магазин ЛАБИРИНТ: книжный магазин с лучшими ценами. Купить книги, фильмы, музыку, игры, программы и многое другое",False,labirint.ru,run-168d58c6,Санкт-Петербург,shared_live_search,ok,13.121500000008382,,1193.6526000000304,59.0,58.0,58.0,False,,,,ok,False,1193.6526000000304,2.680999999982305,HTML parse + extraction; shared across modes,46,14,0,1.0,209.97727272727272,0.29209704341887455,14,1,0,0,0,1.0,0.9666666666666667,0.983050847457627,1.0,0.9666666666666667,0.983050847457627,0.5862068965517241,0.7391304347826086,0.6538461538461539
20261002T161451Z-d2eb76ee,industrial,original_fast,dind-labirint.ru-4eb2fb8b1b347b32,html/labirint.ru-run-787cdb0e.html,Ведьмак,positive,True,60.0,58.0,58,2,0,1.0,58,0,2,58,0,2,34,24,12,industrial,html/labirint.ru-run-787cdb0e.html,labirint.ru-run-787cdb0e.html,run-787cdb0e,labirint.ru,D:\Pet_Codes\science\article-price-tracker\industrial\html\labirint.ru-run-787cdb0e.html,https://www.labirint.ru,https://www.labirint.ru,Ведьмак,Санкт-Петербург,shared_live_search,raw_html,,4eb2fb8b1b347b32232014ef724b8f399003008f7fd4a98cc1b0fbb1a6215429,4eb2fb8b1b347b32232014ef724b8f399003008f7fd4a98cc1b0fbb1a6215429,D:\Job_Codes\PriceTracker\.artifacts\collection\run-787cdb0e\www.labirint.ru.html,False,run-787cdb0e\www.labirint.ru.html,html/labirint.ru-run-787cdb0e.html,application_import,,2026-05-13T12:22:06.230500+00:00,632507,False,False,,,False,,True,Санкт-Петербург,,dind-labirint.ru-4eb2fb8b1b347b32,product_page_or_listing,https://www.labirint.ru,True,collection_run,Ведьмак,shared_live_search,run-787cdb0e,4eb2fb8b1b347b32232014ef724b8f399003008f7fd4a98cc1b0fbb1a6215429,676510,False,labirint.ru,https://www.labirint.ru,"Книжный интернет-магазин ЛАБИРИНТ: книжный магазин с лучшими ценами. Купить книги, фильмы, музыку, игры, программы и многое другое",False,labirint.ru,run-787cdb0e,Санкт-Петербург,shared_live_search,ok,12.61399999994319,,1139.2608999999939,59.0,58.0,58.0,False,,,,ok,False,1139.2608999999939,2.445600000093691,HTML parse + extraction; shared across modes,46,14,0,1.0,209.97727272727272,0.29209704341887455,14,1,0,0,0,1.0,0.9666666666666667,0.983050847457627,1.0,0.9666666666666667,0.983050847457627,0.5862068965517241,0.7391304347826086,0.6538461538461539
20261002T161451Z-d2eb76ee,industrial,original_fast,dind-labirint.ru-04ccf5be83eaa6ce,html/labirint.ru-run-99e5ac15.html,Властелин колец,positive,True,60.0,52.0,52,8,0,1.0,52,0,8,52,0,8,28,24,12,industrial,html/labirint.ru-run-99e5ac15.html,labirint.ru-run-99e5ac15.html,run-99e5ac15,labirint.ru,D:\Pet_Codes\science\article-price-tracker\industrial\html\labirint.ru-run-99e5ac15.html,https://www.labirint.ru,https://www.labirint.ru,Властелин колец,Санкт-Петербург,shared_live_search,raw_html,,04ccf5be83eaa6ce9b93df40ca8506b1890854bc497d631ae396333fe7f899fe,04ccf5be83eaa6ce9b93df40ca8506b1890854bc497d631ae396333fe7f899fe,D:\Job_Codes\PriceTracker\.artifacts\collection\run-99e5ac15\www.labirint.ru.html,False,run-99e5ac15\www.labirint.ru.html,html/labirint.ru-run-99e5ac15.html,application_import,,2026-05-13T12:36:27.742063+00:00,624200,False,False,,,False,,True,Санкт-Петербург,,dind-labirint.ru-04ccf5be83eaa6ce,product_page_or_listing,https://www.labirint.ru,True,collection_run,Властелин колец,shared_live_search,run-99e5ac15,04ccf5be83eaa6ce9b93df40ca8506b1890854bc497d631ae396333fe7f899fe,666539,False,labirint.ru,https://www.labirint.ru,"Книжный интернет-магазин ЛАБИРИНТ: книжный магазин с лучшими ценами. Купить книги, фильмы, музыку, игры, программы и многое другое",False,labirint.ru,run-99e5ac15,Санкт-Петербург,shared_live_search,ok,1.9257999999681488,,6132.867500000051,53.0,52.0,52.0,False,,,,ok,False,6132.867500000051,2.3037000000476837,HTML parse + extraction; shared across modes,40,20,0,1.0,129.7941176470588,0.17639477677833942,18,1,0,0,0,1.0,0.8666666666666667,0.9285714285714286,1.0,0.8666666666666667,0.9285714285714286,0.5384615384615384,0.7,0.608695652173913
20261002T161451Z-d2eb76ee,industrial,original_fast,dind-labirint.ru-017ca7137cd84dc1,html/labirint.ru-run-9e372646.html,Властелин колец,positive,True,60.0,52.0,52,8,0,1.0,52,0,8,52,0,8,28,24,12,industrial,html/labirint.ru-run-9e372646.html,labirint.ru-run-9e372646.html,run-9e372646,labirint.ru,D:\Pet_Codes\science\article-price-tracker\industrial\html\labirint.ru-run-9e372646.html,https://www.labirint.ru,https://www.labirint.ru,Властелин колец,Санкт-Петербург,shared_live_search,raw_html,,017ca7137cd84dc184a45c299847c2f377d218bea1010400516a1b784004ef21,017ca7137cd84dc184a45c299847c2f377d218bea1010400516a1b784004ef21,D:\Job_Codes\PriceTracker\.artifacts\collection\run-9e372646\www.labirint.ru.html,False,run-9e372646\www.labirint.ru.html,html/labirint.ru-run-9e372646.html,application_import,,2026-05-13T12:44:10.647847+00:00,624201,False,False,,,False,,True,Санкт-Петербург,,dind-labirint.ru-017ca7137cd84dc1,product_page_or_listing,https://www.labirint.ru,True,collection_run,Властелин колец,shared_live_search,run-9e372646,017ca7137cd84dc184a45c299847c2f377d218bea1010400516a1b784004ef21,666540,False,labirint.ru,https://www.labirint.ru,"Книжный интернет-магазин ЛАБИРИНТ: книжный магазин с лучшими ценами. Купить книги, фильмы, музыку, игры, программы и многое другое",False,labirint.ru,run-9e372646,Санкт-Петербург,shared_live_search,ok,12.490200000000186,,5937.7504999999655,53.0,52.0,52.0,False,,,,ok,False,5937.7504999999655,2.043100000009872,HTML parse + extraction; shared across modes,40,20,0,1.0,129.7941176470588,0.17639477677833942,18,1,0,0,0,1.0,0.8666666666666667,0.9285714285714286,1.0,0.8666666666666667,0.9285714285714286,0.5384615384615384,0.7,0.608695652173913
20261002T161451Z-d2eb76ee,industrial,original_fast,dind-labirint.ru-d92a0991b3f5fccd,html/labirint.ru-run-c23cbd90.html,1984,positive,True,60.0,31.0,30,30,1,1.0,30,1,30,30,1,30,20,11,40,industrial,html/labirint.ru-run-c23cbd90.html,labirint.ru-run-c23cbd90.html,run-c23cbd90,labirint.ru,D:\Pet_Codes\science\article-price-tracker\industrial\html\labirint.ru-run-c23cbd90.html,https://www.labirint.ru,https://www.labirint.ru,1984,Санкт-Петербург,shared_live_search,raw_html,,d92a0991b3f5fccd29b50b220989c6ca642d908e8cc1649f3ed11ffb10b6e8fc,d92a0991b3f5fccd29b50b220989c6ca642d908e8cc1649f3ed11ffb10b6e8fc,D:\Job_Codes\PriceTracker\.artifacts\collection\run-c23cbd90\www.labirint.ru.html,False,run-c23cbd90\www.labirint.ru.html,html/labirint.ru-run-c23cbd90.html,application_import,,2026-05-13T11:43:02.859987+00:00,630030,False,False,,,False,,True,Санкт-Петербург,,dind-labirint.ru-d92a0991b3f5fccd,product_page_or_listing,https://www.labirint.ru,True,collection_run,1984,shared_live_search,run-c23cbd90,d92a0991b3f5fccd29b50b220989c6ca642d908e8cc1649f3ed11ffb10b6e8fc,667811,False,labirint.ru,https://www.labirint.ru,"Книжный интернет-магазин ЛАБИРИНТ: книжный магазин с лучшими ценами. Купить книги, фильмы, музыку, игры, программы и многое другое",False,labirint.ru,run-c23cbd90,Санкт-Петербург,shared_live_search,ok,43.09999999997672,,3914.3884000000544,31.0,31.0,31.0,False,,,,ok,False,3914.3884000000544,0.9643999999389052,HTML parse + extraction; shared across modes,60,0,0,1.0,466.9,0.34061025282510393,0,1,0,0,0,0.967741935483871,0.5,0.6593406593406593,0.967741935483871,0.5,0.6593406593406593,0.6451612903225806,0.3333333333333333,0.4395604395604395
20261002T161451Z-d2eb76ee,industrial,original_fast,dind-labirint.ru-186be25179ff4d2f,html/labirint.ru-run-d035826a.html,1984,positive,True,60.0,31.0,30,30,1,1.0,30,1,30,30,1,30,20,11,40,industrial,html/labirint.ru-run-d035826a.html,labirint.ru-run-d035826a.html,run-d035826a,labirint.ru,D:\Pet_Codes\science\article-price-tracker\industrial\html\labirint.ru-run-d035826a.html,https://www.labirint.ru,https://www.labirint.ru,1984,Санкт-Петербург,shared_live_search,raw_html,,186be25179ff4d2fc2d8bb920469708429013a32a57b1698103a4dceb4c849f8,186be25179ff4d2fc2d8bb920469708429013a32a57b1698103a4dceb4c849f8,D:\Job_Codes\PriceTracker\.artifacts\collection\run-d035826a\www.labirint.ru.html,False,run-d035826a\www.labirint.ru.html,html/labirint.ru-run-d035826a.html,application_import,,2026-05-13T12:03:02.644094+00:00,630032,False,False,,,False,,True,Санкт-Петербург,,dind-labirint.ru-186be25179ff4d2f,product_page_or_listing,https://www.labirint.ru,True,collection_run,1984,shared_live_search,run-d035826a,186be25179ff4d2fc2d8bb920469708429013a32a57b1698103a4dceb4c849f8,667815,False,labirint.ru,https://www.labirint.ru,"Книжный интернет-магазин ЛАБИРИНТ: книжный магазин с лучшими ценами. Купить книги, фильмы, музыку, игры, программы и многое другое",False,labirint.ru,run-d035826a,Санкт-Петербург,shared_live_search,ok,14.916099999914877,,3919.5234000000637,31.0,31.0,31.0,False,,,,ok,False,3919.5234000000637,1.028400000068359,HTML parse + extraction; shared across modes,60,0,0,1.0,466.9,0.34061025282510393,0,1,0,0,0,0.967741935483871,0.5,0.6593406593406593,0.967741935483871,0.5,0.6593406593406593,0.6451612903225806,0.3333333333333333,0.4395604395604395
20261002T161451Z-d2eb76ee,industrial,original_fast,dind-labirint.ru-b5d7e810e7ca116a,html/labirint.ru-run-e4163107.html,Властелин колец,positive,True,60.0,52.0,52,8,0,1.0,52,0,8,52,0,8,28,24,12,industrial,html/labirint.ru-run-e4163107.html,labirint.ru-run-e4163107.html,run-e4163107,labirint.ru,D:\Pet_Codes\science\article-price-tracker\industrial\html\labirint.ru-run-e4163107.html,https://www.labirint.ru,https://www.labirint.ru,Властелин колец,Санкт-Петербург,shared_live_search,raw_html,,b5d7e810e7ca116a25d6fc2c64fd399c7c481a8e3c04db10608d551ceeb98ce9,b5d7e810e7ca116a25d6fc2c64fd399c7c481a8e3c04db10608d551ceeb98ce9,D:\Job_Codes\PriceTracker\.artifacts\collection\run-e4163107\www.labirint.ru.html,False,run-e4163107\www.labirint.ru.html,html/labirint.ru-run-e4163107.html,application_import,,2026-05-13T12:30:33.635381+00:00,624201,False,False,,,False,,True,Санкт-Петербург,,dind-labirint.ru-b5d7e810e7ca116a,product_page_or_listing,https://www.labirint.ru,True,collection_run,Властелин колец,shared_live_search,run-e4163107,b5d7e810e7ca116a25d6fc2c64fd399c7c481a8e3c04db10608d551ceeb98ce9,666540,False,labirint.ru,https://www.labirint.ru,"Книжный интернет-магазин ЛАБИРИНТ: книжный магазин с лучшими ценами. Купить книги, фильмы, музыку, игры, программы и многое другое",False,labirint.ru,run-e4163107,Санкт-Петербург,shared_live_search,ok,13.316699999966659,,5940.693299999926,53.0,52.0,52.0,False,,,,ok,False,5940.693299999926,2.023200000054203,HTML parse + extraction; shared across modes,40,20,0,1.0,129.7941176470588,0.17639477677833942,18,1,0,0,0,1.0,0.8666666666666667,0.9285714285714286,1.0,0.8666666666666667,0.9285714285714286,0.5384615384615384,0.7,0.608695652173913
20261002T161451Z-d2eb76ee,industrial,original_fast,dind-labirint.ru-a54655182aa1fecc,html/labirint.ru-run-ec02639a.html,1984,positive,True,60.0,31.0,30,30,1,1.0,30,1,30,30,1,30,20,11,40,industrial,html/labirint.ru-run-ec02639a.html,labirint.ru-run-ec02639a.html,run-ec02639a,labirint.ru,D:\Pet_Codes\science\article-price-tracker\industrial\html\labirint.ru-run-ec02639a.html,https://www.labirint.ru,https://www.labirint.ru,1984,Санкт-Петербург,shared_live_search,raw_html,,a54655182aa1feccff2a4aaa82863d6b420d3192594690d844d86f631d7be2a6,a54655182aa1feccff2a4aaa82863d6b420d3192594690d844d86f631d7be2a6,D:\Job_Codes\PriceTracker\.artifacts\collection\run-ec02639a\www.labirint.ru.html,False,run-ec02639a\www.labirint.ru.html,html/labirint.ru-run-ec02639a.html,application_import,,2026-05-13T11:53:11.327538+00:00,630028,False,False,,,False,,True,Санкт-Петербург,,dind-labirint.ru-a54655182aa1fecc,product_page_or_listing,https://www.labirint.ru,True,collection_run,1984,shared_live_search,run-ec02639a,a54655182aa1feccff2a4aaa82863d6b420d3192594690d844d86f631d7be2a6,667809,False,labirint.ru,https://www.labirint.ru,"Книжный интернет-магазин ЛАБИРИНТ: книжный магазин с лучшими ценами. Купить книги, фильмы, музыку, игры, программы и многое другое",False,labirint.ru,run-ec02639a,Санкт-Петербург,shared_live_search,ok,12.980600000009872,,3934.7959000000264,31.0,31.0,31.0,False,,,,ok,False,3934.7959000000264,1.3641000000061467,HTML parse + extraction; shared across modes,60,0,0,1.0,466.9,0.34061025282510393,0,1,0,0,0,0.967741935483871,0.5,0.6593406593406593,0.967741935483871,0.5,0.6593406593406593,0.6451612903225806,0.3333333333333333,0.4395604395604395
20261002T161451Z-d2eb76ee,industrial,original_fast,dind-lemanapro.ru-f0cfe5397616c775,html/lemanapro.ru-run-none1.html,дрель безударная,positive,True,60.0,60.0,60,0,0,1.0,60,0,0,60,0,0,53,7,7,industrial,html/lemanapro.ru-run-none1.html,lemanapro.ru-run-none1.html,run-none1,lemanapro.ru,D:\Pet_Codes\science\article-price-tracker\industrial\html\lemanapro.ru-run-none1.html,https://lemanapro.ru/search/?q=%D0%B4%D1%80%D0%B5%D0%BB%D1%8C+%D0%B1%D0%B5%D0%B7%D1%83%D0%B4%D0%B0%D1%80%D0%BD%D0%B0%D1%8F,https://lemanapro.ru/search/?q=%D0%B4%D1%80%D0%B5%D0%BB%D1%8C+%D0%B1%D0%B5%D0%B7%D1%83%D0%B4%D0%B0%D1%80%D0%BD%D0%B0%D1%8F,дрель безударная,,,raw_html,,f0cfe5397616c775783113205cf266a9360f25b0d1b8cd2efcda38f4886967cb,f0cfe5397616c775783113205cf266a9360f25b0d1b8cd2efcda38f4886967cb,D:\Job_Codes\PriceTracker\services\stealth-renderer\.artifacts\2026-05-11-sr-lemanapro.ru\1778523816919-ctsg4z\page.html,False,2026-05-11-sr-lemanapro.ru\1778523816919-ctsg4z\page.html,html/lemanapro.ru-run-none1.html,application_import,,2026-05-11T18:23:53.633Z,1410680,False,True,,,False,,True,,0.0,dind-lemanapro.ru-f0cfe5397616c775,product_page_or_listing,https://lemanapro.ru/search/?q=%D0%B4%D1%80%D0%B5%D0%BB%D1%8C+%D0%B1%D0%B5%D0%B7%D1%83%D0%B4%D0%B0%D1%80%D0%BD%D0%B0%D1%8F,True,stealth_renderer,дрель безударная,,,f0cfe5397616c775783113205cf266a9360f25b0d1b8cd2efcda38f4886967cb,1477645,False,lemanapro.ru,https://lemanapro.ru/search/?q=%D0%B4%D1%80%D0%B5%D0%BB%D1%8C+%D0%B1%D0%B5%D0%B7%D1%83%D0%B4%D0%B0%D1%80%D0%BD%D0%B0%D1%8F,Поиск – интернет-магазин Лемана ПРО в Москве,False,lemanapro.ru,run-none1,,,ok,15.273000000044703,,2109.7497999999905,60.0,60.0,60.0,False,,,,ok,False,2109.7497999999905,4.046399999991991,HTML parse + extraction; shared across modes,60,0,0,1.0,337.73333333333335,0.11597313831160622,0,1,0,0,0,1.0,1.0,1.0,1.0,1.0,1.0,0.8833333333333333,0.8833333333333333,0.8833333333333333
20261002T161451Z-d2eb76ee,industrial,original_fast,dind-lemanapro.ru-cf598f1239ed8afe,html/lemanapro.ru-run-none2.html,дрель безударная,positive,True,60.0,60.0,60,0,0,1.0,60,0,0,60,0,0,53,7,7,industrial,html/lemanapro.ru-run-none2.html,lemanapro.ru-run-none2.html,run-none2,lemanapro.ru,D:\Pet_Codes\science\article-price-tracker\industrial\html\lemanapro.ru-run-none2.html,https://lemanapro.ru/search/?q=%D0%B4%D1%80%D0%B5%D0%BB%D1%8C+%D0%B1%D0%B5%D0%B7%D1%83%D0%B4%D0%B0%D1%80%D0%BD%D0%B0%D1%8F,https://lemanapro.ru/search/?q=%D0%B4%D1%80%D0%B5%D0%BB%D1%8C+%D0%B1%D0%B5%D0%B7%D1%83%D0%B4%D0%B0%D1%80%D0%BD%D0%B0%D1%8F,дрель безударная,,,raw_html,,cf598f1239ed8afe9fd75cff1c5b8ce2821a793eb558717f18b788184b6fdf70,cf598f1239ed8afe9fd75cff1c5b8ce2821a793eb558717f18b788184b6fdf70,D:\Job_Codes\PriceTracker\services\stealth-renderer\.artifacts\2026-05-11-sr-lemanapro.ru\1778524143882-e3kmax\page.html,False,2026-05-11-sr-lemanapro.ru\1778524143882-e3kmax\page.html,html/lemanapro.ru-run-none2.html,application_import,,2026-05-11T18:29:27.176Z,1410680,False,True,,,False,,True,,0.0,dind-lemanapro.ru-cf598f1239ed8afe,product_page_or_listing,https://lemanapro.ru/search/?q=%D0%B4%D1%80%D0%B5%D0%BB%D1%8C+%D0%B1%D0%B5%D0%B7%D1%83%D0%B4%D0%B0%D1%80%D0%BD%D0%B0%D1%8F,True,stealth_renderer,дрель безударная,,,cf598f1239ed8afe9fd75cff1c5b8ce2821a793eb558717f18b788184b6fdf70,1477645,False,lemanapro.ru,https://lemanapro.ru/search/?q=%D0%B4%D1%80%D0%B5%D0%BB%D1%8C+%D0%B1%D0%B5%D0%B7%D1%83%D0%B4%D0%B0%D1%80%D0%BD%D0%B0%D1%8F,Поиск – интернет-магазин Лемана ПРО в Москве,False,lemanapro.ru,run-none2,,,ok,14.351099999970756,,1926.484999999986,60.0,60.0,60.0,False,,,,ok,False,1926.484999999986,3.802100000088103,HTML parse + extraction; shared across modes,60,0,0,1.0,337.73333333333335,0.11597313831160622,0,1,0,0,0,1.0,1.0,1.0,1.0,1.0,1.0,0.8833333333333333,0.8833333333333333,0.8833333333333333
20261002T161451Z-d2eb76ee,industrial,original_fast,dind-lemanapro.ru-fc39977cfc7e6c73,html/lemanapro.ru-run-none3.html,дрель ударная,positive,True,60.0,60.0,60,0,0,1.0,60,0,0,60,0,0,54,6,6,industrial,html/lemanapro.ru-run-none3.html,lemanapro.ru-run-none3.html,run-none3,lemanapro.ru,D:\Pet_Codes\science\article-price-tracker\industrial\html\lemanapro.ru-run-none3.html,https://lemanapro.ru/search/?q=%D0%B4%D1%80%D0%B5%D0%BB%D1%8C+%D1%83%D0%B4%D0%B0%D1%80%D0%BD%D0%B0%D1%8F,https://lemanapro.ru/search/?q=%D0%B4%D1%80%D0%B5%D0%BB%D1%8C+%D1%83%D0%B4%D0%B0%D1%80%D0%BD%D0%B0%D1%8F,дрель ударная,,,raw_html,,fc39977cfc7e6c730f475b56889cf826bb638d045b5b6e538a556004ee79ed12,fc39977cfc7e6c730f475b56889cf826bb638d045b5b6e538a556004ee79ed12,D:\Job_Codes\PriceTracker\services\stealth-renderer\.artifacts\2026-05-11-sr-lemanapro.ru\1778525899625-fhhwpw\page.html,False,2026-05-11-sr-lemanapro.ru\1778525899625-fhhwpw\page.html,html/lemanapro.ru-run-none3.html,application_import,,2026-05-11T18:58:40.899Z,1499044,False,True,,,False,,True,,0.0,dind-lemanapro.ru-fc39977cfc7e6c73,product_page_or_listing,https://lemanapro.ru/search/?q=%D0%B4%D1%80%D0%B5%D0%BB%D1%8C+%D1%83%D0%B4%D0%B0%D1%80%D0%BD%D0%B0%D1%8F,True,stealth_renderer,дрель ударная,,,fc39977cfc7e6c730f475b56889cf826bb638d045b5b6e538a556004ee79ed12,1568121,False,lemanapro.ru,https://lemanapro.ru/search/?q=%D0%B4%D1%80%D0%B5%D0%BB%D1%8C+%D1%83%D0%B4%D0%B0%D1%80%D0%BD%D0%B0%D1%8F,Поиск – интернет-магазин Лемана ПРО в Москве,False,lemanapro.ru,run-none3,,,ok,3.1299000000581145,,2055.2602999999654,60.0,60.0,60.0,False,,,,ok,False,2055.2602999999654,4.229799999971874,HTML parse + extraction; shared across modes,60,0,0,1.0,465.85,0.09950920196180238,0,1,0,0,0,1.0,1.0,1.0,1.0,1.0,1.0,0.9,0.9,0.9
20261002T161451Z-d2eb76ee,industrial,original_fast,dind-lemanapro.ru-4acdbb9eae290779,html/lemanapro.ru-run-none4.html,дрель ударная,positive,True,60.0,60.0,60,0,0,1.0,60,0,0,60,0,0,54,6,6,industrial,html/lemanapro.ru-run-none4.html,lemanapro.ru-run-none4.html,run-none4,lemanapro.ru,D:\Pet_Codes\science\article-price-tracker\industrial\html\lemanapro.ru-run-none4.html,https://lemanapro.ru/search/?q=%D0%B4%D1%80%D0%B5%D0%BB%D1%8C+%D1%83%D0%B4%D0%B0%D1%80%D0%BD%D0%B0%D1%8F,https://lemanapro.ru/search/?q=%D0%B4%D1%80%D0%B5%D0%BB%D1%8C+%D1%83%D0%B4%D0%B0%D1%80%D0%BD%D0%B0%D1%8F,дрель ударная,,,raw_html,,4acdbb9eae2907797971763c1cf4d7e31763d15d8bc69cfc46495ff49f20aadc,4acdbb9eae2907797971763c1cf4d7e31763d15d8bc69cfc46495ff49f20aadc,D:\Job_Codes\PriceTracker\services\stealth-renderer\.artifacts\2026-05-11-sr-lemanapro.ru\1778526147202-v3bc5f\page.html,False,2026-05-11-sr-lemanapro.ru\1778526147202-v3bc5f\page.html,html/lemanapro.ru-run-none4.html,application_import,,2026-05-11T19:02:45.899Z,1499044,False,True,,,False,,True,,0.0,dind-lemanapro.ru-4acdbb9eae290779,product_page_or_listing,https://lemanapro.ru/search/?q=%D0%B4%D1%80%D0%B5%D0%BB%D1%8C+%D1%83%D0%B4%D0%B0%D1%80%D0%BD%D0%B0%D1%8F,True,stealth_renderer,дрель ударная,,,4acdbb9eae2907797971763c1cf4d7e31763d15d8bc69cfc46495ff49f20aadc,1568121,False,lemanapro.ru,https://lemanapro.ru/search/?q=%D0%B4%D1%80%D0%B5%D0%BB%D1%8C+%D1%83%D0%B4%D0%B0%D1%80%D0%BD%D0%B0%D1%8F,Поиск – интернет-магазин Лемана ПРО в Москве,False,lemanapro.ru,run-none4,,,ok,3.6453000000910833,,1889.6472999999532,60.0,60.0,60.0,False,,,,ok,False,1889.6472999999532,4.23679999995511,HTML parse + extraction; shared across modes,60,0,0,1.0,465.85,0.09950920196180238,0,1,0,0,0,1.0,1.0,1.0,1.0,1.0,1.0,0.9,0.9,0.9
20261002T161451Z-d2eb76ee,industrial,original_fast,dind-lemanapro.ru-fab71c309af5505b,html/lemanapro.ru-run-none5.html,аывиваимвмви,negative,True,0.0,0.0,0,0,0,1.0,0,0,0,0,0,0,0,0,0,industrial,html/lemanapro.ru-run-none5.html,lemanapro.ru-run-none5.html,run-none5,lemanapro.ru,D:\Pet_Codes\science\article-price-tracker\industrial\html\lemanapro.ru-run-none5.html,https://lemanapro.ru/search/?q=%D0%B0%D1%8B%D0%B2%D0%B8%D0%B2%D0%B0%D0%B8%D0%BC%D0%B2%D0%BC%D0%B2%D0%B8,https://lemanapro.ru/search/?q=%D0%B0%D1%8B%D0%B2%D0%B8%D0%B2%D0%B0%D0%B8%D0%BC%D0%B2%D0%BC%D0%B2%D0%B8,аывиваимвмви,,,raw_html,,fab71c309af5505bfbac68e03fa42b1fd1818c4ff3de7e6c596b85c5c59db9d6,fab71c309af5505bfbac68e03fa42b1fd1818c4ff3de7e6c596b85c5c59db9d6,D:\Job_Codes\PriceTracker\services\stealth-renderer\.artifacts\2026-05-11-sr-lemanapro.ru\1778526473684-qlxtqi\page.html,False,2026-05-11-sr-lemanapro.ru\1778526473684-qlxtqi\page.html,html/lemanapro.ru-run-none5.html,application_import,,2026-05-11T19:08:10.948Z,317486,False,True,,,False,,True,,0.0,dind-lemanapro.ru-fab71c309af5505b,product_page_or_listing,https://lemanapro.ru/search/?q=%D0%B0%D1%8B%D0%B2%D0%B8%D0%B2%D0%B0%D0%B8%D0%BC%D0%B2%D0%BC%D0%B2%D0%B8,True,stealth_renderer,аывиваимвмви,,,fab71c309af5505bfbac68e03fa42b1fd1818c4ff3de7e6c596b85c5c59db9d6,326505,False,lemanapro.ru,https://lemanapro.ru/search/?q=%D0%B0%D1%8B%D0%B2%D0%B8%D0%B2%D0%B0%D0%B8%D0%BC%D0%B2%D0%BC%D0%B2%D0%B8,Поиск – интернет-магазин Лемана ПРО в Москве,False,lemanapro.ru,run-none5,,,ok,1.4683000000659376,,39.945300000021234,0.0,0.0,0.0,False,,,,empty,False,39.945300000021234,0.0748000000603497,HTML parse + extraction; shared across modes,0,0,0,,,,0,0,0,0,1,0.0,0.0,0.0,0.0,0.0,0.0,0.0,0.0,0.0
20261002T161451Z-d2eb76ee,industrial,original_fast,dind-lemanapro.ru-486c6fb5ef917f2b,html/lemanapro.ru-run-none6.html,дрель,positive,True,60.0,60.0,60,0,0,1.0,60,0,0,60,0,0,49,11,11,industrial,html/lemanapro.ru-run-none6.html,lemanapro.ru-run-none6.html,run-none6,lemanapro.ru,D:\Pet_Codes\science\article-price-tracker\industrial\html\lemanapro.ru-run-none6.html,https://lemanapro.ru/search/?q=%D0%B4%D1%80%D0%B5%D0%BB%D1%8C,https://lemanapro.ru/search/?q=%D0%B4%D1%80%D0%B5%D0%BB%D1%8C,дрель,,,raw_html,,486c6fb5ef917f2b3b119abc92e7ce4e06374c5ef771acde6de1a9f692b7bb89,486c6fb5ef917f2b3b119abc92e7ce4e06374c5ef771acde6de1a9f692b7bb89,D:\Job_Codes\PriceTracker\services\stealth-renderer\.artifacts\2026-05-12-sr-lemanapro.ru\1778571914231-x6u47c\page.html,False,2026-05-12-sr-lemanapro.ru\1778571914231-x6u47c\page.html,html/lemanapro.ru-run-none6.html,application_import,,2026-05-12T07:45:34.934Z,1542745,False,True,,,False,,True,,0.0,dind-lemanapro.ru-486c6fb5ef917f2b,product_page_or_listing,https://lemanapro.ru/search/?q=%D0%B4%D1%80%D0%B5%D0%BB%D1%8C,True,stealth_renderer,дрель,,,486c6fb5ef917f2b3b119abc92e7ce4e06374c5ef771acde6de1a9f692b7bb89,1615909,False,lemanapro.ru,https://lemanapro.ru/search/?q=%D0%B4%D1%80%D0%B5%D0%BB%D1%8C,Поиск – интернет-магазин Лемана ПРО в Москве,False,lemanapro.ru,run-none6,,,ok,3.062900000018999,,1982.3105000000214,60.0,60.0,60.0,False,,,,ok,False,1982.3105000000214,3.834499999997206,HTML parse + extraction; shared across modes,60,0,0,1.0,1253.05,0.1827748644193296,0,1,0,0,0,1.0,1.0,1.0,1.0,1.0,1.0,0.8166666666666667,0.8166666666666667,0.8166666666666667
20261002T161451Z-d2eb76ee,industrial,original_fast,dind-lemanapro.ru-09c3ea7e145206b2,html/lemanapro.ru-run-2e839b74.html,дрель,positive,True,60.0,60.0,60,0,0,1.0,60,0,0,60,0,0,49,11,11,industrial,html/lemanapro.ru-run-2e839b74.html,lemanapro.ru-run-2e839b74.html,run-2e839b74,lemanapro.ru,D:\Pet_Codes\science\article-price-tracker\industrial\html\lemanapro.ru-run-2e839b74.html,https://lemanapro.ru,https://lemanapro.ru,дрель,Санкт-Петербург,shared_live_search,raw_html,,09c3ea7e145206b28103eca0a9cb6e0f1a92f6854a59043d1b012b5a8b42d3da,09c3ea7e145206b28103eca0a9cb6e0f1a92f6854a59043d1b012b5a8b42d3da,D:\Job_Codes\PriceTracker\.artifacts\collection\run-2e839b74\lemanapro.ru.html,False,run-2e839b74\lemanapro.ru.html,html/lemanapro.ru-run-2e839b74.html,application_import,,2026-05-12T07:47:05.451794+00:00,1543159,False,False,,,False,,True,Санкт-Петербург,,dind-lemanapro.ru-09c3ea7e145206b2,product_page_or_listing,https://lemanapro.ru,True,collection_run,дрель,shared_live_search,run-2e839b74,09c3ea7e145206b28103eca0a9cb6e0f1a92f6854a59043d1b012b5a8b42d3da,1616323,False,lemanapro.ru,https://lemanapro.ru,Поиск – интернет-магазин Лемана ПРО в Москве,False,lemanapro.ru,run-2e839b74,Санкт-Петербург,shared_live_search,ok,14.782900000107475,,1933.4123999999138,60.0,60.0,60.0,False,,,,ok,False,1933.4123999999138,3.9144000000087544,HTML parse + extraction; shared across modes,60,0,0,1.0,1253.05,0.1827748644193296,0,1,0,0,0,1.0,1.0,1.0,1.0,1.0,1.0,0.8166666666666667,0.8166666666666667,0.8166666666666667
20261002T161451Z-d2eb76ee,industrial,original_fast,dind-lemanapro.ru-f525d96c96aaf6dc,html/lemanapro.ru-run-99b5ac8f.html,дрель безударная,positive,True,60.0,60.0,60,0,0,1.0,60,0,0,60,0,0,53,7,7,industrial,html/lemanapro.ru-run-99b5ac8f.html,lemanapro.ru-run-99b5ac8f.html,run-99b5ac8f,lemanapro.ru,D:\Pet_Codes\science\article-price-tracker\industrial\html\lemanapro.ru-run-99b5ac8f.html,https://lemanapro.ru,https://lemanapro.ru,дрель безударная,Санкт-Петербург,shared_live_search,raw_html,,f525d96c96aaf6dc13d64d813a3c0206dee52bb1b2a0c2d2e170d0d184557941,f525d96c96aaf6dc13d64d813a3c0206dee52bb1b2a0c2d2e170d0d184557941,D:\Job_Codes\PriceTracker\.artifacts\collection\run-99b5ac8f\lemanapro.ru.html,False,run-99b5ac8f\lemanapro.ru.html,html/lemanapro.ru-run-99b5ac8f.html,application_import,,2026-05-11T18:24:18.838334+00:00,1411094,False,False,,,False,,True,Санкт-Петербург,,dind-lemanapro.ru-f525d96c96aaf6dc,product_page_or_listing,https://lemanapro.ru,True,collection_run,дрель безударная,shared_live_search,run-99b5ac8f,f525d96c96aaf6dc13d64d813a3c0206dee52bb1b2a0c2d2e170d0d184557941,1478059,False,lemanapro.ru,https://lemanapro.ru,Поиск – интернет-магазин Лемана ПРО в Москве,False,lemanapro.ru,run-99b5ac8f,Санкт-Петербург,shared_live_search,ok,14.43819999997504,,1842.2587999999523,60.0,60.0,60.0,False,,,,ok,False,1842.2587999999523,3.741700000013225,HTML parse + extraction; shared across modes,60,0,0,1.0,337.73333333333335,0.11597313831160622,0,1,0,0,0,1.0,1.0,1.0,1.0,1.0,1.0,0.8833333333333333,0.8833333333333333,0.8833333333333333
20261002T161451Z-d2eb76ee,industrial,original_fast,dind-lemanapro.ru-df1069562cd0eec0,html/lemanapro.ru-run-ecee459d.html,аывиваимвмви,negative,True,0.0,0.0,0,0,0,1.0,0,0,0,0,0,0,0,0,0,industrial,html/lemanapro.ru-run-ecee459d.html,lemanapro.ru-run-ecee459d.html,run-ecee459d,lemanapro.ru,D:\Pet_Codes\science\article-price-tracker\industrial\html\lemanapro.ru-run-ecee459d.html,https://lemanapro.ru,https://lemanapro.ru,аывиваимвмви,Санкт-Петербург,shared_live_search,raw_html,,df1069562cd0eec0ea89c3325e3e787415368db72e4545a25b086e3053c629b7,df1069562cd0eec0ea89c3325e3e787415368db72e4545a25b086e3053c629b7,D:\Job_Codes\PriceTracker\.artifacts\collection\run-ecee459d\lemanapro.ru.html,False,run-ecee459d\lemanapro.ru.html,html/lemanapro.ru-run-ecee459d.html,application_import,,2026-05-11T19:08:12.446061+00:00,317900,False,False,,,False,,True,Санкт-Петербург,,dind-lemanapro.ru-df1069562cd0eec0,product_page_or_listing,https://lemanapro.ru,True,collection_run,аывиваимвмви,shared_live_search,run-ecee459d,df1069562cd0eec0ea89c3325e3e787415368db72e4545a25b086e3053c629b7,326919,False,lemanapro.ru,https://lemanapro.ru,Поиск – интернет-магазин Лемана ПРО в Москве,False,lemanapro.ru,run-ecee459d,Санкт-Петербург,shared_live_search,ok,1.226399999926798,,36.95319999998901,0.0,0.0,0.0,False,,,,empty,False,36.95319999998901,0.10779999999795109,HTML parse + extraction; shared across modes,0,0,0,,,,0,0,0,0,1,0.0,0.0,0.0,0.0,0.0,0.0,0.0,0.0,0.0
20261002T161451Z-d2eb76ee,industrial,original_fast,dind-lemanapro.ru-b9b4d6ef071bd3cd,html/lemanapro.ru-run-fac98328.html,дрель ударная,positive,True,60.0,60.0,60,0,0,1.0,60,0,0,60,0,0,54,6,6,industrial,html/lemanapro.ru-run-fac98328.html,lemanapro.ru-run-fac98328.html,run-fac98328,lemanapro.ru,D:\Pet_Codes\science\article-price-tracker\industrial\html\lemanapro.ru-run-fac98328.html,https://lemanapro.ru,https://lemanapro.ru,дрель ударная,Санкт-Петербург,shared_live_search,raw_html,,b9b4d6ef071bd3cd4aa2c73515158aa362c07e7385c5894267ef8a4b5e7958fe,b9b4d6ef071bd3cd4aa2c73515158aa362c07e7385c5894267ef8a4b5e7958fe,D:\Job_Codes\PriceTracker\.artifacts\collection\run-fac98328\lemanapro.ru.html,False,run-fac98328\lemanapro.ru.html,html/lemanapro.ru-run-fac98328.html,application_import,,2026-05-11T19:03:18.934756+00:00,1499458,False,False,,,False,,True,Санкт-Петербург,,dind-lemanapro.ru-b9b4d6ef071bd3cd,product_page_or_listing,https://lemanapro.ru,True,collection_run,дрель ударная,shared_live_search,run-fac98328,b9b4d6ef071bd3cd4aa2c73515158aa362c07e7385c5894267ef8a4b5e7958fe,1568535,False,lemanapro.ru,https://lemanapro.ru,Поиск – интернет-магазин Лемана ПРО в Москве,False,lemanapro.ru,run-fac98328,Санкт-Петербург,shared_live_search,ok,3.313700000056997,,1962.6565999999875,60.0,60.0,60.0,False,,,,ok,False,1962.6565999999875,4.544299999950454,HTML parse + extraction; shared across modes,60,0,0,1.0,465.85,0.09950920196180238,0,1,0,0,0,1.0,1.0,1.0,1.0,1.0,1.0,0.9,0.9,0.9
20261002T161451Z-d2eb76ee,industrial,original_fast,dind-lemanapro.ru-ecf8fe1428f45043,html/lemanapro.ru-run-fe1a35c2.html,дрель безударная,positive,True,60.0,60.0,60,0,0,1.0,60,0,0,60,0,0,53,7,7,industrial,html/lemanapro.ru-run-fe1a35c2.html,lemanapro.ru-run-fe1a35c2.html,run-fe1a35c2,lemanapro.ru,D:\Pet_Codes\science\article-price-tracker\industrial\html\lemanapro.ru-run-fe1a35c2.html,https://lemanapro.ru,https://lemanapro.ru,дрель безударная,Санкт-Петербург,shared_live_search,raw_html,,ecf8fe1428f450438e6349d8b75fa4b2bc9c0f080e6760af5b12f4c0cb86b5f1,ecf8fe1428f450438e6349d8b75fa4b2bc9c0f080e6760af5b12f4c0cb86b5f1,D:\Job_Codes\PriceTracker\.artifacts\collection\run-fe1a35c2\lemanapro.ru.html,False,run-fe1a35c2\lemanapro.ru.html,html/lemanapro.ru-run-fe1a35c2.html,application_import,,2026-05-11T18:50:28.949773+00:00,1411094,False,False,,,False,,True,Санкт-Петербург,,dind-lemanapro.ru-ecf8fe1428f45043,product_page_or_listing,https://lemanapro.ru,True,collection_run,дрель безударная,shared_live_search,run-fe1a35c2,ecf8fe1428f450438e6349d8b75fa4b2bc9c0f080e6760af5b12f4c0cb86b5f1,1478059,False,lemanapro.ru,https://lemanapro.ru,Поиск – интернет-магазин Лемана ПРО в Москве,False,lemanapro.ru,run-fe1a35c2,Санкт-Петербург,shared_live_search,ok,14.258000000030734,,1836.3203000000212,60.0,60.0,60.0,False,,,,ok,False,1836.3203000000212,3.6515000000363216,HTML parse + extraction; shared across modes,60,0,0,1.0,337.73333333333335,0.11597313831160622,0,1,0,0,0,1.0,1.0,1.0,1.0,1.0,1.0,0.8833333333333333,0.8833333333333333,0.8833333333333333
20261002T161451Z-d2eb76ee,industrial,original_fast,dind-market.yandex.ru-1b519c43e22aa033,html/market.yandex.ru-run-8d5e2489.html,шуруповёрт,positive,True,24.0,24.0,24,0,0,1.0,24,0,0,24,0,0,24,0,0,industrial,html/market.yandex.ru-run-8d5e2489.html,market.yandex.ru-run-8d5e2489.html,run-8d5e2489,market.yandex.ru,D:\Pet_Codes\science\article-price-tracker\industrial\html\market.yandex.ru-run-8d5e2489.html,https://market.yandex.ru,https://market.yandex.ru,шуруповёрт,"Nizhny Novgorod,Nizhny Novgorod Oblast,Russia",shared_live_search,raw_html,,1b519c43e22aa0333e410c0794f0db5b8f0bd411271ba852104d1f79098ef598,1b519c43e22aa0333e410c0794f0db5b8f0bd411271ba852104d1f79098ef598,D:\Job_Codes\PriceTracker\.artifacts\collection\run-8d5e2489\market.yandex.ru.html,False,run-8d5e2489\market.yandex.ru.html,html/market.yandex.ru-run-8d5e2489.html,application_import,,2026-05-12T09:55:17.738041+00:00,2725345,False,False,,,False,,True,"Nizhny Novgorod,Nizhny Novgorod Oblast,Russia",,dind-market.yandex.ru-1b519c43e22aa033,product_page_or_listing,https://market.yandex.ru,True,collection_run,шуруповёрт,shared_live_search,run-8d5e2489,1b519c43e22aa0333e410c0794f0db5b8f0bd411271ba852104d1f79098ef598,2770401,False,market.yandex.ru,https://market.yandex.ru,Шуруповёрт — купить по низкой цене на Яндекс Маркете,False,market.yandex.ru,run-8d5e2489,"Nizhny Novgorod,Nizhny Novgorod Oblast,Russia",shared_live_search,ok,17.41940000001341,,1046.059899999993,24.0,24.0,24.0,False,,,,ok,False,1046.059899999993,2.75089999998454,HTML parse + extraction; shared across modes,24,0,0,1.0,0.0,0.0,0,1,0,0,0,1.0,1.0,1.0,1.0,1.0,1.0,1.0,1.0,1.0
20261002T161451Z-d2eb76ee,industrial,original_fast,dind-market.yandex.ru-4a073eb1b3d67309,html/market.yandex.ru-run-a52ccc6b.html,столик журнальный,positive,True,24.0,24.0,24,0,0,1.0,24,0,0,24,0,0,24,0,0,industrial,html/market.yandex.ru-run-a52ccc6b.html,market.yandex.ru-run-a52ccc6b.html,run-a52ccc6b,market.yandex.ru,D:\Pet_Codes\science\article-price-tracker\industrial\html\market.yandex.ru-run-a52ccc6b.html,https://market.yandex.ru,https://market.yandex.ru,столик журнальный,"Nizhny Novgorod,Nizhny Novgorod Oblast,Russia",shared_live_search,raw_html,,4a073eb1b3d673091322fdf107fe15267f00d1ec7767b5576cc36734ca4e7f5e,4a073eb1b3d673091322fdf107fe15267f00d1ec7767b5576cc36734ca4e7f5e,D:\Job_Codes\PriceTracker\.artifacts\collection\run-a52ccc6b\market.yandex.ru.html,False,run-a52ccc6b\market.yandex.ru.html,html/market.yandex.ru-run-a52ccc6b.html,application_import,,2026-05-12T09:57:10.424828+00:00,2738303,False,False,,,False,,True,"Nizhny Novgorod,Nizhny Novgorod Oblast,Russia",,dind-market.yandex.ru-4a073eb1b3d67309,product_page_or_listing,https://market.yandex.ru,True,collection_run,столик журнальный,shared_live_search,run-a52ccc6b,4a073eb1b3d673091322fdf107fe15267f00d1ec7767b5576cc36734ca4e7f5e,2777900,False,market.yandex.ru,https://market.yandex.ru,Столик журнальный — купить по низкой цене на Яндекс Маркете,False,market.yandex.ru,run-a52ccc6b,"Nizhny Novgorod,Nizhny Novgorod Oblast,Russia",shared_live_search,ok,16.055999999982305,,1083.9440999999642,24.0,24.0,24.0,False,,,,ok,False,1083.9440999999642,3.050499999895692,HTML parse + extraction; shared across modes,24,0,0,1.0,0.0,0.0,0,1,0,0,0,1.0,1.0,1.0,1.0,1.0,1.0,1.0,1.0,1.0
20261002T161451Z-d2eb76ee,industrial,original_fast,dind-mvideo.ru-397d20ee85741495,html/mvideo.ru-run-none1.html,оперативная память 8 гб ddr 5,positive,True,40.0,40.0,40,0,0,1.0,40,0,0,40,0,0,40,0,0,industrial,html/mvideo.ru-run-none1.html,mvideo.ru-run-none1.html,run-none1,mvideo.ru,D:\Pet_Codes\science\article-price-tracker\industrial\html\mvideo.ru-run-none1.html,https://www.mvideo.ru/search?q=%D0%BE%D0%BF%D0%B5%D1%80%D0%B0%D1%82%D0%B8%D0%B2%D0%BD%D0%B0%D1%8F%20%D0%BF%D0%B0%D0%BC%D1%8F%D1%82%D1%8C%208%20%D0%B3%D0%B1%20ddr%205,https://www.mvideo.ru/search?q=%D0%BE%D0%BF%D0%B5%D1%80%D0%B0%D1%82%D0%B8%D0%B2%D0%BD%D0%B0%D1%8F%20%D0%BF%D0%B0%D0%BC%D1%8F%D1%82%D1%8C%208%20%D0%B3%D0%B1%20ddr%205,оперативная память 8 гб ddr 5,,,raw_html,,397d20ee8574149516726d0178a987c56e9c9314786aed05178c941cb33f92d1,397d20ee8574149516726d0178a987c56e9c9314786aed05178c941cb33f92d1,D:\Job_Codes\PriceTracker\services\stealth-renderer\.artifacts\2026-05-04-sr-mvideo.ru\1777873000142-g2ul3f\page.html,False,2026-05-04-sr-mvideo.ru\1777873000142-g2ul3f\page.html,html/mvideo.ru-run-none1.html,application_import,,2026-05-04T05:36:57.484Z,317379,False,True,,,False,,True,,0.0,dind-mvideo.ru-397d20ee85741495,product_page_or_listing,https://www.mvideo.ru/search?q=%D0%BE%D0%BF%D0%B5%D1%80%D0%B0%D1%82%D0%B8%D0%B2%D0%BD%D0%B0%D1%8F%20%D0%BF%D0%B0%D0%BC%D1%8F%D1%82%D1%8C%208%20%D0%B3%D0%B1%20ddr%205,True,stealth_renderer,оперативная память 8 гб ddr 5,,,397d20ee8574149516726d0178a987c56e9c9314786aed05178c941cb33f92d1,322404,False,mvideo.ru,https://www.mvideo.ru/search?q=%D0%BE%D0%BF%D0%B5%D1%80%D0%B0%D1%82%D0%B8%D0%B2%D0%BD%D0%B0%D1%8F%20%D0%BF%D0%B0%D0%BC%D1%8F%D1%82%D1%8C%208%20%D0%B3%D0%B1%20ddr%205,Поиск в М.видео - купить в интернет магазине М.Видео по выгодным ценам,False,mvideo.ru,run-none1,,,ok,13.360700000077486,,2669.250800000038,40.0,40.0,40.0,False,,,,ok,False,2669.250800000038,2.055900000035763,HTML parse + extraction; shared across modes,40,0,0,1.0,0.0,0.0,0,1,0,0,0,1.0,1.0,1.0,1.0,1.0,1.0,1.0,1.0,1.0
20261002T161451Z-d2eb76ee,industrial,original_fast,dind-mvideo.ru-c492b59ab5a30f12,html/mvideo.ru-run-none2.html,дрель безударная,positive,True,57.0,57.0,57,0,0,1.0,57,0,0,57,0,0,57,0,0,industrial,html/mvideo.ru-run-none2.html,mvideo.ru-run-none2.html,run-none2,mvideo.ru,D:\Pet_Codes\science\article-price-tracker\industrial\html\mvideo.ru-run-none2.html,https://www.mvideo.ru/search?q=%D0%B4%D1%80%D0%B5%D0%BB%D1%8C+%D0%B1%D0%B5%D0%B7%D1%83%D0%B4%D0%B0%D1%80%D0%BD%D0%B0%D1%8F,https://www.mvideo.ru/search?q=%D0%B4%D1%80%D0%B5%D0%BB%D1%8C+%D0%B1%D0%B5%D0%B7%D1%83%D0%B4%D0%B0%D1%80%D0%BD%D0%B0%D1%8F,дрель безударная,,,raw_html,,c492b59ab5a30f12d56e00ef50ccd370da5a0deda3c9ec3ef0599b700a184f49,c492b59ab5a30f12d56e00ef50ccd370da5a0deda3c9ec3ef0599b700a184f49,D:\Job_Codes\PriceTracker\services\stealth-renderer\.artifacts\2026-05-11-sr-mvideo.ru\1778526612369-hoasm1\page.html,False,2026-05-11-sr-mvideo.ru\1778526612369-hoasm1\page.html,html/mvideo.ru-run-none2.html,application_import,,2026-05-11T19:10:35.271Z,359395,False,True,,,False,,True,,0.0,dind-mvideo.ru-c492b59ab5a30f12,product_page_or_listing,https://www.mvideo.ru/search?q=%D0%B4%D1%80%D0%B5%D0%BB%D1%8C+%D0%B1%D0%B5%D0%B7%D1%83%D0%B4%D0%B0%D1%80%D0%BD%D0%B0%D1%8F,True,stealth_renderer,дрель безударная,,,c492b59ab5a30f12d56e00ef50ccd370da5a0deda3c9ec3ef0599b700a184f49,367202,False,mvideo.ru,https://www.mvideo.ru/search?q=%D0%B4%D1%80%D0%B5%D0%BB%D1%8C+%D0%B1%D0%B5%D0%B7%D1%83%D0%B4%D0%B0%D1%80%D0%BD%D0%B0%D1%8F,Поиск в М.видео - купить в интернет магазине М.Видео по выгодным ценам,False,mvideo.ru,run-none2,,,ok,42.974500000011176,,6023.804300000076,57.0,57.0,57.0,False,,,,ok,False,6023.804300000076,2.195600000093691,HTML parse + extraction; shared across modes,57,0,0,1.0,0.0,0.0,0,1,0,0,0,1.0,1.0,1.0,1.0,1.0,1.0,1.0,1.0,1.0
20261002T161451Z-d2eb76ee,industrial,original_fast,dind-mvideo.ru-151bf8cc328c4ddc,html/mvideo.ru-run-none3.html,дрель безударная,positive,True,57.0,57.0,57,0,0,1.0,57,0,0,57,0,0,57,0,0,industrial,html/mvideo.ru-run-none3.html,mvideo.ru-run-none3.html,run-none3,mvideo.ru,D:\Pet_Codes\science\article-price-tracker\industrial\html\mvideo.ru-run-none3.html,https://www.mvideo.ru/search?q=%D0%B4%D1%80%D0%B5%D0%BB%D1%8C+%D0%B1%D0%B5%D0%B7%D1%83%D0%B4%D0%B0%D1%80%D0%BD%D0%B0%D1%8F,https://www.mvideo.ru/search?q=%D0%B4%D1%80%D0%B5%D0%BB%D1%8C+%D0%B1%D0%B5%D0%B7%D1%83%D0%B4%D0%B0%D1%80%D0%BD%D0%B0%D1%8F,дрель безударная,,,raw_html,,151bf8cc328c4ddc7fea5d8c8b99db4c89028e0933bd68d12df83ad11d03fd9b,151bf8cc328c4ddc7fea5d8c8b99db4c89028e0933bd68d12df83ad11d03fd9b,D:\Job_Codes\PriceTracker\services\stealth-renderer\.artifacts\2026-05-11-sr-mvideo.ru\1778526650070-l4bwxv\page.html,False,2026-05-11-sr-mvideo.ru\1778526650070-l4bwxv\page.html,html/mvideo.ru-run-none3.html,application_import,,2026-05-11T19:11:08.876Z,359412,False,True,,,False,,True,,0.0,dind-mvideo.ru-151bf8cc328c4ddc,product_page_or_listing,https://www.mvideo.ru/search?q=%D0%B4%D1%80%D0%B5%D0%BB%D1%8C+%D0%B1%D0%B5%D0%B7%D1%83%D0%B4%D0%B0%D1%80%D0%BD%D0%B0%D1%8F,True,stealth_renderer,дрель безударная,,,151bf8cc328c4ddc7fea5d8c8b99db4c89028e0933bd68d12df83ad11d03fd9b,367219,False,mvideo.ru,https://www.mvideo.ru/search?q=%D0%B4%D1%80%D0%B5%D0%BB%D1%8C+%D0%B1%D0%B5%D0%B7%D1%83%D0%B4%D0%B0%D1%80%D0%BD%D0%B0%D1%8F,Поиск в М.видео - купить в интернет магазине М.Видео по выгодным ценам,False,mvideo.ru,run-none3,,,ok,14.152099999948405,,5954.977500000037,57.0,57.0,57.0,False,,,,ok,False,5954.977500000037,2.1429999999236315,HTML parse + extraction; shared across modes,57,0,0,1.0,0.0,0.0,0,1,0,0,0,1.0,1.0,1.0,1.0,1.0,1.0,1.0,1.0,1.0
20261002T161451Z-d2eb76ee,industrial,original_fast,dind-mvideo.ru-9b0cc1e81b38d9de,html/mvideo.ru-run-none4.html,дрель ударная,positive,True,53.0,53.0,53,0,0,1.0,53,0,0,53,0,0,53,0,0,industrial,html/mvideo.ru-run-none4.html,mvideo.ru-run-none4.html,run-none4,mvideo.ru,D:\Pet_Codes\science\article-price-tracker\industrial\html\mvideo.ru-run-none4.html,https://www.mvideo.ru/search?q=%D0%B4%D1%80%D0%B5%D0%BB%D1%8C+%D1%83%D0%B4%D0%B0%D1%80%D0%BD%D0%B0%D1%8F,https://www.mvideo.ru/search?q=%D0%B4%D1%80%D0%B5%D0%BB%D1%8C+%D1%83%D0%B4%D0%B0%D1%80%D0%BD%D0%B0%D1%8F,дрель ударная,,,raw_html,,9b0cc1e81b38d9de9c951e1e7b0744189158f5c4ad7c10b582ed6aac3b952a0a,9b0cc1e81b38d9de9c951e1e7b0744189158f5c4ad7c10b582ed6aac3b952a0a,D:\Job_Codes\PriceTracker\services\stealth-renderer\.artifacts\2026-05-11-sr-mvideo.ru\1778526873139-r8rc7j\page.html,False,2026-05-11-sr-mvideo.ru\1778526873139-r8rc7j\page.html,html/mvideo.ru-run-none4.html,application_import,,2026-05-11T19:14:55.689Z,344084,False,True,,,False,,True,,0.0,dind-mvideo.ru-9b0cc1e81b38d9de,product_page_or_listing,https://www.mvideo.ru/search?q=%D0%B4%D1%80%D0%B5%D0%BB%D1%8C+%D1%83%D0%B4%D0%B0%D1%80%D0%BD%D0%B0%D1%8F,True,stealth_renderer,дрель ударная,,,9b0cc1e81b38d9de9c951e1e7b0744189158f5c4ad7c10b582ed6aac3b952a0a,351051,False,mvideo.ru,https://www.mvideo.ru/search?q=%D0%B4%D1%80%D0%B5%D0%BB%D1%8C+%D1%83%D0%B4%D0%B0%D1%80%D0%BD%D0%B0%D1%8F,Поиск в М.видео - купить в интернет магазине М.Видео по выгодным ценам,False,mvideo.ru,run-none4,,,ok,13.741199999931268,,5184.620400000014,53.0,53.0,53.0,False,,,,ok,False,5184.620400000014,2.148399999947287,HTML parse + extraction; shared across modes,53,0,0,1.0,0.0,0.0,0,1,0,0,0,1.0,1.0,1.0,1.0,1.0,1.0,1.0,1.0,1.0
20261002T161451Z-d2eb76ee,industrial,original_fast,dind-mvideo.ru-e426af76efa6c0dd,html/mvideo.ru-run-none5.html,дрель ударная,positive,True,53.0,53.0,53,0,0,1.0,53,0,0,53,0,0,53,0,0,industrial,html/mvideo.ru-run-none5.html,mvideo.ru-run-none5.html,run-none5,mvideo.ru,D:\Pet_Codes\science\article-price-tracker\industrial\html\mvideo.ru-run-none5.html,https://www.mvideo.ru/search?q=%D0%B4%D1%80%D0%B5%D0%BB%D1%8C+%D1%83%D0%B4%D0%B0%D1%80%D0%BD%D0%B0%D1%8F,https://www.mvideo.ru/search?q=%D0%B4%D1%80%D0%B5%D0%BB%D1%8C+%D1%83%D0%B4%D0%B0%D1%80%D0%BD%D0%B0%D1%8F,дрель ударная,,,raw_html,,e426af76efa6c0dd5ac4011d8d9963a083809235c6d31df3c0330736f32e19ce,e426af76efa6c0dd5ac4011d8d9963a083809235c6d31df3c0330736f32e19ce,D:\Job_Codes\PriceTracker\services\stealth-renderer\.artifacts\2026-05-11-sr-mvideo.ru\1778526910433-3ue2ck\page.html,False,2026-05-11-sr-mvideo.ru\1778526910433-3ue2ck\page.html,html/mvideo.ru-run-none5.html,application_import,,2026-05-11T19:15:39.088Z,343307,False,True,,,False,,True,,0.0,dind-mvideo.ru-e426af76efa6c0dd,product_page_or_listing,https://www.mvideo.ru/search?q=%D0%B4%D1%80%D0%B5%D0%BB%D1%8C+%D1%83%D0%B4%D0%B0%D1%80%D0%BD%D0%B0%D1%8F,True,stealth_renderer,дрель ударная,,,e426af76efa6c0dd5ac4011d8d9963a083809235c6d31df3c0330736f32e19ce,350226,False,mvideo.ru,https://www.mvideo.ru/search?q=%D0%B4%D1%80%D0%B5%D0%BB%D1%8C+%D1%83%D0%B4%D0%B0%D1%80%D0%BD%D0%B0%D1%8F,Поиск в М.видео - купить в интернет магазине М.Видео по выгодным ценам,False,mvideo.ru,run-none5,,,ok,12.32620000001043,,5570.581399999908,53.0,53.0,53.0,False,,,,ok,False,5570.581399999908,2.2023000000044703,HTML parse + extraction; shared across modes,53,0,0,1.0,0.0,0.0,0,1,0,0,0,1.0,1.0,1.0,1.0,1.0,1.0,1.0,1.0,1.0
20261002T161451Z-d2eb76ee,industrial,original_fast,dind-mvideo.ru-f4739083601ea838,html/mvideo.ru-run-none6.html,дрель ударная,positive,True,53.0,53.0,53,0,0,1.0,53,0,0,53,0,0,53,0,0,industrial,html/mvideo.ru-run-none6.html,mvideo.ru-run-none6.html,run-none6,mvideo.ru,D:\Pet_Codes\science\article-price-tracker\industrial\html\mvideo.ru-run-none6.html,https://www.mvideo.ru/search?q=%D0%B4%D1%80%D0%B5%D0%BB%D1%8C+%D1%83%D0%B4%D0%B0%D1%80%D0%BD%D0%B0%D1%8F,https://www.mvideo.ru/search?q=%D0%B4%D1%80%D0%B5%D0%BB%D1%8C+%D1%83%D0%B4%D0%B0%D1%80%D0%BD%D0%B0%D1%8F,дрель ударная,,,raw_html,,f4739083601ea8382cd154efeef3a3ccb03cf4e46856f119073eaf0305362e95,f4739083601ea8382cd154efeef3a3ccb03cf4e46856f119073eaf0305362e95,D:\Job_Codes\PriceTracker\services\stealth-renderer\.artifacts\2026-05-11-sr-mvideo.ru\1778526976433-lrxrn5\page.html,False,2026-05-11-sr-mvideo.ru\1778526976433-lrxrn5\page.html,html/mvideo.ru-run-none6.html,application_import,,2026-05-11T19:16:35.405Z,343313,False,True,,,False,,True,,0.0,dind-mvideo.ru-f4739083601ea838,product_page_or_listing,https://www.mvideo.ru/search?q=%D0%B4%D1%80%D0%B5%D0%BB%D1%8C+%D1%83%D0%B4%D0%B0%D1%80%D0%BD%D0%B0%D1%8F,True,stealth_renderer,дрель ударная,,,f4739083601ea8382cd154efeef3a3ccb03cf4e46856f119073eaf0305362e95,350251,False,mvideo.ru,https://www.mvideo.ru/search?q=%D0%B4%D1%80%D0%B5%D0%BB%D1%8C+%D1%83%D0%B4%D0%B0%D1%80%D0%BD%D0%B0%D1%8F,Поиск в М.видео - купить в интернет магазине М.Видео по выгодным ценам,False,mvideo.ru,run-none6,,,ok,12.836300000082701,,5221.256199999945,53.0,53.0,53.0,False,,,,ok,False,5221.256199999945,2.330500000040047,HTML parse + extraction; shared across modes,53,0,0,1.0,0.0,0.0,0,1,0,0,0,1.0,1.0,1.0,1.0,1.0,1.0,1.0,1.0,1.0
20261002T161451Z-d2eb76ee,industrial,original_fast,dind-mvideo.ru-3e76af37ea2ac7ed,html/mvideo.ru-run-none7.html,дрель ударная,positive,True,53.0,53.0,53,0,0,1.0,53,0,0,53,0,0,53,0,0,industrial,html/mvideo.ru-run-none7.html,mvideo.ru-run-none7.html,run-none7,mvideo.ru,D:\Pet_Codes\science\article-price-tracker\industrial\html\mvideo.ru-run-none7.html,https://www.mvideo.ru/search?q=%D0%B4%D1%80%D0%B5%D0%BB%D1%8C+%D1%83%D0%B4%D0%B0%D1%80%D0%BD%D0%B0%D1%8F,https://www.mvideo.ru/search?q=%D0%B4%D1%80%D0%B5%D0%BB%D1%8C+%D1%83%D0%B4%D0%B0%D1%80%D0%BD%D0%B0%D1%8F,дрель ударная,,,raw_html,,3e76af37ea2ac7ede2882474a3a85661d58b5d60f312b92f7227c6e304f9b109,3e76af37ea2ac7ede2882474a3a85661d58b5d60f312b92f7227c6e304f9b109,D:\Job_Codes\PriceTracker\services\stealth-renderer\.artifacts\2026-05-11-sr-mvideo.ru\1778527034726-062wv0\page.html,False,2026-05-11-sr-mvideo.ru\1778527034726-062wv0\page.html,html/mvideo.ru-run-none7.html,application_import,,2026-05-11T19:17:36.052Z,342836,False,True,,,False,,True,,0.0,dind-mvideo.ru-3e76af37ea2ac7ed,product_page_or_listing,https://www.mvideo.ru/search?q=%D0%B4%D1%80%D0%B5%D0%BB%D1%8C+%D1%83%D0%B4%D0%B0%D1%80%D0%BD%D0%B0%D1%8F,True,stealth_renderer,дрель ударная,,,3e76af37ea2ac7ede2882474a3a85661d58b5d60f312b92f7227c6e304f9b109,349738,False,mvideo.ru,https://www.mvideo.ru/search?q=%D0%B4%D1%80%D0%B5%D0%BB%D1%8C+%D1%83%D0%B4%D0%B0%D1%80%D0%BD%D0%B0%D1%8F,Поиск в М.видео - купить в интернет магазине М.Видео по выгодным ценам,False,mvideo.ru,run-none7,,,ok,12.62140000006184,,5270.541900000069,53.0,53.0,53.0,False,,,,ok,False,5270.541900000069,2.2277999999932945,HTML parse + extraction; shared across modes,53,0,0,1.0,0.0,0.0,0,1,0,0,0,1.0,1.0,1.0,1.0,1.0,1.0,1.0,1.0,1.0
20261002T161451Z-d2eb76ee,industrial,original_fast,dind-mvideo.ru-e3c8a4d018d42c79,html/mvideo.ru-run-none8.html,gsdgsfdgfbd,negative,True,0.0,0.0,0,0,0,1.0,0,0,0,0,0,0,0,0,0,industrial,html/mvideo.ru-run-none8.html,mvideo.ru-run-none8.html,run-none8,mvideo.ru,D:\Pet_Codes\science\article-price-tracker\industrial\html\mvideo.ru-run-none8.html,https://www.mvideo.ru/no-search-results-bad,https://www.mvideo.ru/no-search-results-bad,gsdgsfdgfbd,,,raw_html,,e3c8a4d018d42c79b42dc62597ba8e4ea8a79992185d7e223ee389e9c29bc396,e3c8a4d018d42c79b42dc62597ba8e4ea8a79992185d7e223ee389e9c29bc396,D:\Job_Codes\PriceTracker\services\stealth-renderer\.artifacts\2026-05-11-sr-mvideo.ru\1778528069467-i31ur9\page.html,False,2026-05-11-sr-mvideo.ru\1778528069467-i31ur9\page.html,html/mvideo.ru-run-none8.html,application_import,,2026-05-11T19:34:45.139Z,198883,False,True,,,False,,True,,0.0,dind-mvideo.ru-e3c8a4d018d42c79,product_page_or_listing,https://www.mvideo.ru/no-search-results-bad,True,stealth_renderer,gsdgsfdgfbd,,,e3c8a4d018d42c79b42dc62597ba8e4ea8a79992185d7e223ee389e9c29bc396,200825,False,mvideo.ru,https://www.mvideo.ru/no-search-results-bad,gsdgsfdgfbd - купить в интернет магазине М.Видео по выгодным ценам,False,mvideo.ru,run-none8,,,ok,12.534899999969639,,28.55870000005234,0.0,0.0,0.0,False,,,,empty,False,28.55870000005234,0.03700000001117587,HTML parse + extraction; shared across modes,0,0,0,,,,0,0,0,0,1,0.0,0.0,0.0,0.0,0.0,0.0,0.0,0.0,0.0
20261002T161451Z-d2eb76ee,industrial,original_fast,dind-mvideo.ru-c964db29d85851de,html/mvideo.ru-run-none9.html,gsdgsfdgfbd,negative,True,0.0,0.0,0,0,0,1.0,0,0,0,0,0,0,0,0,0,industrial,html/mvideo.ru-run-none9.html,mvideo.ru-run-none9.html,run-none9,mvideo.ru,D:\Pet_Codes\science\article-price-tracker\industrial\html\mvideo.ru-run-none9.html,https://www.mvideo.ru/no-search-results-bad,https://www.mvideo.ru/no-search-results-bad,gsdgsfdgfbd,,,raw_html,,c964db29d85851de2a1d33359a9de15fd6d761e6cc6afc72dd381e1e3ccf70fa,c964db29d85851de2a1d33359a9de15fd6d761e6cc6afc72dd381e1e3ccf70fa,D:\Job_Codes\PriceTracker\services\stealth-renderer\.artifacts\2026-05-11-sr-mvideo.ru\1778528201366-n6c6hn\page.html,False,2026-05-11-sr-mvideo.ru\1778528201366-n6c6hn\page.html,html/mvideo.ru-run-none9.html,application_import,,2026-05-11T19:37:07.625Z,199321,False,True,,,False,,True,,0.0,dind-mvideo.ru-c964db29d85851de,product_page_or_listing,https://www.mvideo.ru/no-search-results-bad,True,stealth_renderer,gsdgsfdgfbd,,,c964db29d85851de2a1d33359a9de15fd6d761e6cc6afc72dd381e1e3ccf70fa,201263,False,mvideo.ru,https://www.mvideo.ru/no-search-results-bad,gsdgsfdgfbd - купить в интернет магазине М.Видео по выгодным ценам,False,mvideo.ru,run-none9,,,ok,1.1171000000322238,,31.49930000002496,0.0,0.0,0.0,False,,,,empty,False,31.49930000002496,0.045199999934993684,HTML parse + extraction; shared across modes,0,0,0,,,,0,0,0,0,1,0.0,0.0,0.0,0.0,0.0,0.0,0.0,0.0,0.0
20261002T161451Z-d2eb76ee,industrial,original_fast,dind-mvideo.ru-4c97407a7ea4c65d,html/mvideo.ru-run-none10.html,gsdgsfdgfbd,negative,True,0.0,0.0,0,0,0,1.0,0,0,0,0,0,0,0,0,0,industrial,html/mvideo.ru-run-none10.html,mvideo.ru-run-none10.html,run-none10,mvideo.ru,D:\Pet_Codes\science\article-price-tracker\industrial\html\mvideo.ru-run-none10.html,https://www.mvideo.ru/no-search-results-bad,https://www.mvideo.ru/no-search-results-bad,gsdgsfdgfbd,,,raw_html,,4c97407a7ea4c65dc13d9dd4860bef706c3d515bb792d85a23c10b18c1ac0bc1,4c97407a7ea4c65dc13d9dd4860bef706c3d515bb792d85a23c10b18c1ac0bc1,D:\Job_Codes\PriceTracker\services\stealth-renderer\.artifacts\2026-05-11-sr-mvideo.ru\1778529369018-tvs1z7\page.html,False,2026-05-11-sr-mvideo.ru\1778529369018-tvs1z7\page.html,html/mvideo.ru-run-none10.html,application_import,,2026-05-11T19:56:27.590Z,198896,False,True,,,False,,True,,0.0,dind-mvideo.ru-4c97407a7ea4c65d,product_page_or_listing,https://www.mvideo.ru/no-search-results-bad,True,stealth_renderer,gsdgsfdgfbd,,,4c97407a7ea4c65dc13d9dd4860bef706c3d515bb792d85a23c10b18c1ac0bc1,200838,False,mvideo.ru,https://www.mvideo.ru/no-search-results-bad,gsdgsfdgfbd - купить в интернет магазине М.Видео по выгодным ценам,False,mvideo.ru,run-none10,,,ok,1.1122000000905246,,27.362599999993108,0.0,0.0,0.0,False,,,,empty,False,27.362599999993108,0.02710000006482005,HTML parse + extraction; shared across modes,0,0,0,,,,0,0,0,0,1,0.0,0.0,0.0,0.0,0.0,0.0,0.0,0.0,0.0
20261002T161451Z-d2eb76ee,industrial,original_fast,dind-mvideo.ru-1dc9556f176f49b3,html/mvideo.ru-run-none11.html,gsdgsfdgfbd,negative,True,0.0,0.0,0,0,0,1.0,0,0,0,0,0,0,0,0,0,industrial,html/mvideo.ru-run-none11.html,mvideo.ru-run-none11.html,run-none11,mvideo.ru,D:\Pet_Codes\science\article-price-tracker\industrial\html\mvideo.ru-run-none11.html,https://www.mvideo.ru/no-search-results-bad,https://www.mvideo.ru/no-search-results-bad,gsdgsfdgfbd,,,raw_html,,1dc9556f176f49b36d37264744cd7ba1d64fdf7de4765597f73ff288cbdcfa7b,1dc9556f176f49b36d37264744cd7ba1d64fdf7de4765597f73ff288cbdcfa7b,D:\Job_Codes\PriceTracker\services\stealth-renderer\.artifacts\2026-05-11-sr-mvideo.ru\1778529565251-h6csnf\page.html,False,2026-05-11-sr-mvideo.ru\1778529565251-h6csnf\page.html,html/mvideo.ru-run-none11.html,application_import,,2026-05-11T19:59:48.741Z,198957,False,True,,,False,,True,,0.0,dind-mvideo.ru-1dc9556f176f49b3,product_page_or_listing,https://www.mvideo.ru/no-search-results-bad,True,stealth_renderer,gsdgsfdgfbd,,,1dc9556f176f49b36d37264744cd7ba1d64fdf7de4765597f73ff288cbdcfa7b,200899,False,mvideo.ru,https://www.mvideo.ru/no-search-results-bad,gsdgsfdgfbd - купить в интернет магазине М.Видео по выгодным ценам,False,mvideo.ru,run-none11,,,ok,0.9762000000337139,,26.3756000000285,0.0,0.0,0.0,False,,,,empty,False,26.3756000000285,0.047999999951571226,HTML parse + extraction; shared across modes,0,0,0,,,,0,0,0,0,1,0.0,0.0,0.0,0.0,0.0,0.0,0.0,0.0,0.0
20261002T161451Z-d2eb76ee,industrial,original_fast,dind-mvideo.ru-79ce14d153c633c2,html/mvideo.ru-run-82a41131.html,дрель ударная,positive,True,53.0,53.0,53,0,0,1.0,53,0,0,53,0,0,53,0,0,industrial,html/mvideo.ru-run-82a41131.html,mvideo.ru-run-82a41131.html,run-82a41131,mvideo.ru,D:\Pet_Codes\science\article-price-tracker\industrial\html\mvideo.ru-run-82a41131.html,https://mvideo.ru,https://mvideo.ru,дрель ударная,Санкт-Петербург,shared_live_search,raw_html,,79ce14d153c633c22a3a0de31ef71ec467e5344311755e75c88e683d5043fa63,79ce14d153c633c22a3a0de31ef71ec467e5344311755e75c88e683d5043fa63,D:\Job_Codes\PriceTracker\.artifacts\collection\run-82a41131\mvideo.ru.html,False,run-82a41131\mvideo.ru.html,html/mvideo.ru-run-82a41131.html,application_import,,2026-05-11T19:33:04.482674+00:00,376612,False,False,,,False,,True,Санкт-Петербург,,dind-mvideo.ru-79ce14d153c633c2,product_page_or_listing,https://mvideo.ru,True,collection_run,дрель ударная,shared_live_search,run-82a41131,79ce14d153c633c22a3a0de31ef71ec467e5344311755e75c88e683d5043fa63,384350,False,mvideo.ru,https://mvideo.ru,Поиск в М.видео - купить в интернет магазине М.Видео по выгодным ценам,False,mvideo.ru,run-82a41131,Санкт-Петербург,shared_live_search,ok,1.5118999999249354,,5389.852599999984,53.0,53.0,53.0,False,,,,ok,False,5389.852599999984,2.1980000000912696,HTML parse + extraction; shared across modes,53,0,0,1.0,0.0,0.0,0,1,0,0,0,1.0,1.0,1.0,1.0,1.0,1.0,1.0,1.0,1.0
20261002T161451Z-d2eb76ee,industrial,original_fast,dind-mvideo.ru-57409058dc51841b,html/mvideo.ru-run-bd396f4d.html,консоль ps5,positive,True,119.0,120.0,119,0,1,1.0,119,1,0,119,1,0,119,1,0,industrial,html/mvideo.ru-run-bd396f4d.html,mvideo.ru-run-bd396f4d.html,run-bd396f4d,mvideo.ru,D:\Pet_Codes\science\article-price-tracker\industrial\html\mvideo.ru-run-bd396f4d.html,https://mvideo.ru,https://mvideo.ru,консоль ps5,Санкт-Петербург,shared_live_search,raw_html,,57409058dc51841be1328f393851e65af2cdfa03f162d60c9e0e5bec81777dbd,57409058dc51841be1328f393851e65af2cdfa03f162d60c9e0e5bec81777dbd,D:\Job_Codes\PriceTracker\.artifacts\collection\run-bd396f4d\mvideo.ru.html,False,run-bd396f4d\mvideo.ru.html,html/mvideo.ru-run-bd396f4d.html,application_import,,2026-05-12T07:44:23.853739+00:00,597337,False,False,,,False,,True,Санкт-Петербург,,dind-mvideo.ru-57409058dc51841b,product_page_or_listing,https://mvideo.ru,True,collection_run,консоль ps5,shared_live_search,run-bd396f4d,57409058dc51841be1328f393851e65af2cdfa03f162d60c9e0e5bec81777dbd,616073,False,mvideo.ru,https://mvideo.ru,Поиск в М.видео - купить в интернет магазине М.Видео по выгодным ценам,False,mvideo.ru,run-bd396f4d,Санкт-Петербург,shared_live_search,ok,12.391499999910593,,27733.30039999995,120.0,120.0,120.0,False,,,,ok,False,27733.30039999995,6.4769999999552965,HTML parse + extraction; shared across modes,119,0,0,1.0,0.0,0.0,0,1,0,0,0,0.9916666666666667,1.0,0.99581589958159,0.9916666666666667,1.0,0.99581589958159,0.9916666666666667,1.0,0.99581589958159
20261002T161451Z-d2eb76ee,industrial,original_fast,dind-mvideo.ru-be793df4ca32b36e,html/mvideo.ru-run-f3583847.html,дрель,positive,True,114.0,114.0,114,0,0,1.0,114,0,0,114,0,0,114,0,0,industrial,html/mvideo.ru-run-f3583847.html,mvideo.ru-run-f3583847.html,run-f3583847,mvideo.ru,D:\Pet_Codes\science\article-price-tracker\industrial\html\mvideo.ru-run-f3583847.html,https://mvideo.ru,https://mvideo.ru,дрель,Санкт-Петербург,shared_live_search,raw_html,,be793df4ca32b36e149a40ded5e23a798941e588c20e9ed9490011b8c685f967,be793df4ca32b36e149a40ded5e23a798941e588c20e9ed9490011b8c685f967,D:\Job_Codes\PriceTracker\.artifacts\collection\run-f3583847\mvideo.ru.html,False,run-f3583847\mvideo.ru.html,html/mvideo.ru-run-f3583847.html,application_import,,2026-05-12T07:49:18.661602+00:00,564494,False,False,,,False,,True,Санкт-Петербург,,dind-mvideo.ru-be793df4ca32b36e,product_page_or_listing,https://mvideo.ru,True,collection_run,дрель,shared_live_search,run-f3583847,be793df4ca32b36e149a40ded5e23a798941e588c20e9ed9490011b8c685f967,580160,False,mvideo.ru,https://mvideo.ru,Поиск в М.видео - купить в интернет магазине М.Видео по выгодным ценам,False,mvideo.ru,run-f3583847,Санкт-Петербург,shared_live_search,ok,1.7656000000424683,,24771.409400000004,114.0,114.0,114.0,False,,,,ok,False,24771.409400000004,4.887400000006892,HTML parse + extraction; shared across modes,114,0,0,1.0,0.0,0.0,0,1,0,0,0,1.0,1.0,1.0,1.0,1.0,1.0,1.0,1.0,1.0
20261002T161451Z-d2eb76ee,industrial,original_fast,dind-oaopolimer.ru-b10d46a99fe3b34d,html/oaopolimer.ru-run-none1.html,ящик,positive,True,18.0,18.0,17,1,1,1.0,17,1,1,17,1,1,17,1,0,industrial,html/oaopolimer.ru-run-none1.html,oaopolimer.ru-run-none1.html,run-none1,oaopolimer.ru,D:\Pet_Codes\science\article-price-tracker\industrial\html\oaopolimer.ru-run-none1.html,https://oaopolimer.ru/search/?q=%d1%8f%d1%89%d0%b8%d0%ba,https://oaopolimer.ru/search/?q=%d1%8f%d1%89%d0%b8%d0%ba,ящик,,,raw_html,,b10d46a99fe3b34d7f1996fbcf8642bea0645ad32bc795a23b59c4fd5d57ef88,b10d46a99fe3b34d7f1996fbcf8642bea0645ad32bc795a23b59c4fd5d57ef88,D:\Job_Codes\PriceTracker\services\stealth-renderer\.artifacts\2026-05-11-sr-oaopolimer.ru\1778529776143-q520ey\page.html,False,2026-05-11-sr-oaopolimer.ru\1778529776143-q520ey\page.html,html/oaopolimer.ru-run-none1.html,application_import,,2026-05-11T20:03:14.039Z,73859,False,True,,,False,,True,,0.0,dind-oaopolimer.ru-b10d46a99fe3b34d,product_page_or_listing,https://oaopolimer.ru/search/?q=%d1%8f%d1%89%d0%b8%d0%ba,True,stealth_renderer,ящик,,,b10d46a99fe3b34d7f1996fbcf8642bea0645ad32bc795a23b59c4fd5d57ef88,77845,False,oaopolimer.ru,https://oaopolimer.ru/search/?q=%d1%8f%d1%89%d0%b8%d0%ba,Поиск товаров,False,oaopolimer.ru,run-none1,,,ok,42.37109999998938,,930.7550999999512,18.0,18.0,18.0,False,,,,ok,False,930.7550999999512,0.7965999998850748,HTML parse + extraction; shared across modes,17,1,0,1.0,0.0,0.0,0,1,0,0,0,0.9444444444444444,0.9444444444444444,0.9444444444444444,0.9444444444444444,0.9444444444444444,0.9444444444444444,0.9444444444444444,1.0,0.9714285714285714
20261002T161451Z-d2eb76ee,industrial,original_fast,dind-oaopolimer.ru-5b318217a3a3222c,html/oaopolimer.ru-run-none2.html,ящик,positive,True,18.0,18.0,17,1,1,1.0,17,1,1,17,1,1,17,1,0,industrial,html/oaopolimer.ru-run-none2.html,oaopolimer.ru-run-none2.html,run-none2,oaopolimer.ru,D:\Pet_Codes\science\article-price-tracker\industrial\html\oaopolimer.ru-run-none2.html,https://oaopolimer.ru/search/?q=%d1%8f%d1%89%d0%b8%d0%ba,https://oaopolimer.ru/search/?q=%d1%8f%d1%89%d0%b8%d0%ba,ящик,,,raw_html,,5b318217a3a3222c28a827384adeb180794e83f4003e0d859dd67e5cbca03d80,5b318217a3a3222c28a827384adeb180794e83f4003e0d859dd67e5cbca03d80,D:\Job_Codes\PriceTracker\services\stealth-renderer\.artifacts\2026-05-11-sr-oaopolimer.ru\1778529807809-djfixt\page.html,False,2026-05-11-sr-oaopolimer.ru\1778529807809-djfixt\page.html,html/oaopolimer.ru-run-none2.html,application_import,,2026-05-11T20:03:45.483Z,73858,False,True,,,False,,True,,0.0,dind-oaopolimer.ru-5b318217a3a3222c,product_page_or_listing,https://oaopolimer.ru/search/?q=%d1%8f%d1%89%d0%b8%d0%ba,True,stealth_renderer,ящик,,,5b318217a3a3222c28a827384adeb180794e83f4003e0d859dd67e5cbca03d80,77844,False,oaopolimer.ru,https://oaopolimer.ru/search/?q=%d1%8f%d1%89%d0%b8%d0%ba,Поиск товаров,False,oaopolimer.ru,run-none2,,,ok,11.915199999930337,,979.5080000000307,18.0,18.0,18.0,False,,,,ok,False,979.5080000000307,0.8216000000247732,HTML parse + extraction; shared across modes,17,1,0,1.0,0.0,0.0,0,1,0,0,0,0.9444444444444444,0.9444444444444444,0.9444444444444444,0.9444444444444444,0.9444444444444444,0.9444444444444444,0.9444444444444444,1.0,0.9714285714285714
20261002T161451Z-d2eb76ee,industrial,original_fast,dind-oaopolimer.ru-c8d55d81cc904ea3,html/oaopolimer.ru-run-none3.html,ящик,positive,True,18.0,18.0,17,1,1,1.0,17,1,1,17,1,1,17,1,0,industrial,html/oaopolimer.ru-run-none3.html,oaopolimer.ru-run-none3.html,run-none3,oaopolimer.ru,D:\Pet_Codes\science\article-price-tracker\industrial\html\oaopolimer.ru-run-none3.html,https://oaopolimer.ru/search/?q=%d1%8f%d1%89%d0%b8%d0%ba,https://oaopolimer.ru/search/?q=%d1%8f%d1%89%d0%b8%d0%ba,ящик,,,raw_html,,c8d55d81cc904ea364011750d6150e5e4a97a4767f55df44e8c056a97921e803,c8d55d81cc904ea364011750d6150e5e4a97a4767f55df44e8c056a97921e803,D:\Job_Codes\PriceTracker\services\stealth-renderer\.artifacts\2026-05-11-sr-oaopolimer.ru\1778530802245-ekatdp\page.html,False,2026-05-11-sr-oaopolimer.ru\1778530802245-ekatdp\page.html,html/oaopolimer.ru-run-none3.html,application_import,,2026-05-11T20:20:20.455Z,73859,False,True,,,False,,True,,0.0,dind-oaopolimer.ru-c8d55d81cc904ea3,product_page_or_listing,https://oaopolimer.ru/search/?q=%d1%8f%d1%89%d0%b8%d0%ba,True,stealth_renderer,ящик,,,c8d55d81cc904ea364011750d6150e5e4a97a4767f55df44e8c056a97921e803,77845,False,oaopolimer.ru,https://oaopolimer.ru/search/?q=%d1%8f%d1%89%d0%b8%d0%ba,Поиск товаров,False,oaopolimer.ru,run-none3,,,ok,13.437399999937043,,925.14300000004,18.0,18.0,18.0,False,,,,ok,False,925.14300000004,1.1378000000258908,HTML parse + extraction; shared across modes,17,1,0,1.0,0.0,0.0,0,1,0,0,0,0.9444444444444444,0.9444444444444444,0.9444444444444444,0.9444444444444444,0.9444444444444444,0.9444444444444444,0.9444444444444444,1.0,0.9714285714285714
20261002T161451Z-d2eb76ee,industrial,original_fast,dind-oaopolimer.ru-8109f11938b71aeb,html/oaopolimer.ru-run-none4.html,ящик,positive,True,18.0,18.0,17,1,1,1.0,17,1,1,17,1,1,17,1,0,industrial,html/oaopolimer.ru-run-none4.html,oaopolimer.ru-run-none4.html,run-none4,oaopolimer.ru,D:\Pet_Codes\science\article-price-tracker\industrial\html\oaopolimer.ru-run-none4.html,https://oaopolimer.ru/search/?q=%d1%8f%d1%89%d0%b8%d0%ba,https://oaopolimer.ru/search/?q=%d1%8f%d1%89%d0%b8%d0%ba,ящик,,,raw_html,,8109f11938b71aeb41ff9894a41e4ac14b50df1360158dd003bc48b881f8ed6d,8109f11938b71aeb41ff9894a41e4ac14b50df1360158dd003bc48b881f8ed6d,D:\Job_Codes\PriceTracker\services\stealth-renderer\.artifacts\2026-05-11-sr-oaopolimer.ru\1778531143131-x1kada\page.html,False,2026-05-11-sr-oaopolimer.ru\1778531143131-x1kada\page.html,html/oaopolimer.ru-run-none4.html,application_import,,2026-05-11T20:25:58.579Z,73859,False,True,,,False,,True,,0.0,dind-oaopolimer.ru-8109f11938b71aeb,product_page_or_listing,https://oaopolimer.ru/search/?q=%d1%8f%d1%89%d0%b8%d0%ba,True,stealth_renderer,ящик,,,8109f11938b71aeb41ff9894a41e4ac14b50df1360158dd003bc48b881f8ed6d,77845,False,oaopolimer.ru,https://oaopolimer.ru/search/?q=%d1%8f%d1%89%d0%b8%d0%ba,Поиск товаров,False,oaopolimer.ru,run-none4,,,ok,11.70589999994263,,923.7615999999689,18.0,18.0,18.0,False,,,,ok,False,923.7615999999689,0.7908000000752509,HTML parse + extraction; shared across modes,17,1,0,1.0,0.0,0.0,0,1,0,0,0,0.9444444444444444,0.9444444444444444,0.9444444444444444,0.9444444444444444,0.9444444444444444,0.9444444444444444,0.9444444444444444,1.0,0.9714285714285714
20261002T161451Z-d2eb76ee,industrial,original_fast,dind-oaopolimer.ru-2a0003d60012b8a6,html/oaopolimer.ru-run-none5.html,ящик,positive,True,18.0,18.0,17,1,1,1.0,17,1,1,17,1,1,17,1,0,industrial,html/oaopolimer.ru-run-none5.html,oaopolimer.ru-run-none5.html,run-none5,oaopolimer.ru,D:\Pet_Codes\science\article-price-tracker\industrial\html\oaopolimer.ru-run-none5.html,https://oaopolimer.ru/search/?q=%d1%8f%d1%89%d0%b8%d0%ba,https://oaopolimer.ru/search/?q=%d1%8f%d1%89%d0%b8%d0%ba,ящик,,,raw_html,,2a0003d60012b8a6d728b955fb71a8aab56a574bd23b4a6701a26d995d03f6f7,2a0003d60012b8a6d728b955fb71a8aab56a574bd23b4a6701a26d995d03f6f7,D:\Job_Codes\PriceTracker\services\stealth-renderer\.artifacts\2026-05-17-sr-oaopolimer.ru\1779050933220-3sfvdq\page.html,False,2026-05-17-sr-oaopolimer.ru\1779050933220-3sfvdq\page.html,html/oaopolimer.ru-run-none5.html,application_import,,2026-05-17T20:49:21.959Z,74948,False,True,,,False,,True,,0.0,dind-oaopolimer.ru-2a0003d60012b8a6,product_page_or_listing,https://oaopolimer.ru/search/?q=%d1%8f%d1%89%d0%b8%d0%ba,True,stealth_renderer,ящик,,,2a0003d60012b8a6d728b955fb71a8aab56a574bd23b4a6701a26d995d03f6f7,78935,False,oaopolimer.ru,https://oaopolimer.ru/search/?q=%d1%8f%d1%89%d0%b8%d0%ba,Поиск товаров,False,oaopolimer.ru,run-none5,,,ok,11.700699999928474,,933.2079999999842,18.0,18.0,18.0,False,,,,ok,False,933.2079999999842,0.7968000000109896,HTML parse + extraction; shared across modes,17,1,0,1.0,0.0,0.0,0,1,0,0,0,0.9444444444444444,0.9444444444444444,0.9444444444444444,0.9444444444444444,0.9444444444444444,0.9444444444444444,0.9444444444444444,1.0,0.9714285714285714
20261002T161451Z-d2eb76ee,industrial,original_fast,dind-oaopolimer.ru-02558b82bd865b0f,html/oaopolimer.ru-run-99bb6904.html,ящик,positive,True,18.0,18.0,17,1,1,1.0,17,1,1,17,1,1,17,1,0,industrial,html/oaopolimer.ru-run-99bb6904.html,oaopolimer.ru-run-99bb6904.html,run-99bb6904,oaopolimer.ru,D:\Pet_Codes\science\article-price-tracker\industrial\html\oaopolimer.ru-run-99bb6904.html,https://oaopolimer.ru,https://oaopolimer.ru,ящик,Санкт-Петербург,shared_live_search,raw_html,,02558b82bd865b0f9dbcf44b87e3a488f2abb3a228735e0c0713aaf5d2db7843,02558b82bd865b0f9dbcf44b87e3a488f2abb3a228735e0c0713aaf5d2db7843,D:\Job_Codes\PriceTracker\.artifacts\collection\run-99bb6904\oaopolimer.ru.html,False,run-99bb6904\oaopolimer.ru.html,html/oaopolimer.ru-run-99bb6904.html,application_import,,2026-05-11T20:26:00.311208+00:00,75414,False,False,,,False,,True,Санкт-Петербург,,dind-oaopolimer.ru-02558b82bd865b0f,product_page_or_listing,https://oaopolimer.ru,True,collection_run,ящик,shared_live_search,run-99bb6904,02558b82bd865b0f9dbcf44b87e3a488f2abb3a228735e0c0713aaf5d2db7843,79400,False,oaopolimer.ru,https://oaopolimer.ru,Поиск товаров,False,oaopolimer.ru,run-99bb6904,Санкт-Петербург,shared_live_search,ok,13.134099999908358,,941.8151000000071,18.0,18.0,18.0,False,,,,ok,False,941.8151000000071,0.9873999999836087,HTML parse + extraction; shared across modes,17,1,0,1.0,0.0,0.0,0,1,0,0,0,0.9444444444444444,0.9444444444444444,0.9444444444444444,0.9444444444444444,0.9444444444444444,0.9444444444444444,0.9444444444444444,1.0,0.9714285714285714
20261002T161451Z-d2eb76ee,industrial,original_fast,dind-oaopolimer.ru-a7c041cf2a18af01,html/oaopolimer.ru-run-bc19d776.html,ящик,positive,True,18.0,18.0,17,1,1,1.0,17,1,1,17,1,1,17,1,0,industrial,html/oaopolimer.ru-run-bc19d776.html,oaopolimer.ru-run-bc19d776.html,run-bc19d776,oaopolimer.ru,D:\Pet_Codes\science\article-price-tracker\industrial\html\oaopolimer.ru-run-bc19d776.html,https://oaopolimer.ru,https://oaopolimer.ru,ящик,Санкт-Петербург,shared_live_search,raw_html,,a7c041cf2a18af01d6d1a4184d23af23c4cfb58e35831cf35e57984958738726,a7c041cf2a18af01d6d1a4184d23af23c4cfb58e35831cf35e57984958738726,D:\Job_Codes\PriceTracker\.artifacts\collection\run-bc19d776\oaopolimer.ru.html,False,run-bc19d776\oaopolimer.ru.html,html/oaopolimer.ru-run-bc19d776.html,application_import,,2026-05-11T20:20:21.748180+00:00,75414,False,False,,,False,,True,Санкт-Петербург,,dind-oaopolimer.ru-a7c041cf2a18af01,product_page_or_listing,https://oaopolimer.ru,True,collection_run,ящик,shared_live_search,run-bc19d776,a7c041cf2a18af01d6d1a4184d23af23c4cfb58e35831cf35e57984958738726,79400,False,oaopolimer.ru,https://oaopolimer.ru,Поиск товаров,False,oaopolimer.ru,run-bc19d776,Санкт-Петербург,shared_live_search,ok,0.881400000071153,,928.3623000000371,18.0,18.0,18.0,False,,,,ok,False,928.3623000000371,0.7940999999409541,HTML parse + extraction; shared across modes,17,1,0,1.0,0.0,0.0,0,1,0,0,0,0.9444444444444444,0.9444444444444444,0.9444444444444444,0.9444444444444444,0.9444444444444444,0.9444444444444444,0.9444444444444444,1.0,0.9714285714285714
20261002T161451Z-d2eb76ee,industrial,original_fast,dind-officemag.ru-00d53e795579eb90,html/officemag.ru-run-none1.html,,positive,True,16.0,13.0,13,3,0,1.0,13,0,3,13,0,3,12,1,4,industrial,html/officemag.ru-run-none1.html,officemag.ru-run-none1.html,run-none1,officemag.ru,D:\Pet_Codes\science\article-price-tracker\industrial\html\officemag.ru-run-none1.html,https://www.officemag.ru/catalog/785/?Filter[PRICE][MIN_]=157&Filter[PRICE][MAX_]=1250&Filter[FACETS][423801][23]=%D0%904&search_redirect=1,https://www.officemag.ru/catalog/785/?Filter[PRICE][MIN_]=157&Filter[PRICE][MAX_]=1250&Filter[FACETS][423801][23]=%D0%904&search_redirect=1,,,,raw_html,,00d53e795579eb9041bb48d4cdddbc1ea12d9e92478ae4958b559e0ed198016e,00d53e795579eb9041bb48d4cdddbc1ea12d9e92478ae4958b559e0ed198016e,D:\Job_Codes\PriceTracker\services\stealth-renderer\.artifacts\2026-05-13-sr-officemag.ru\1778648963932-9nfq3r\page.html,False,2026-05-13-sr-officemag.ru\1778648963932-9nfq3r\page.html,html/officemag.ru-run-none1.html,application_import,,2026-05-13T05:09:37.752Z,616849,False,True,,,False,,True,,0.0,dind-officemag.ru-00d53e795579eb90,product_page_or_listing,https://www.officemag.ru/catalog/785/?Filter[PRICE][MIN_]=157&Filter[PRICE][MAX_]=1250&Filter[FACETS][423801][23]=%D0%904&search_redirect=1,True,stealth_renderer,,,,00d53e795579eb9041bb48d4cdddbc1ea12d9e92478ae4958b559e0ed198016e,644153,False,officemag.ru,https://www.officemag.ru/catalog/785/?Filter[PRICE][MIN_]=157&Filter[PRICE][MAX_]=1250&Filter[FACETS][423801][23]=%D0%904&search_redirect=1,"Купить бумагу офисную A4 и A3 в розницу и мелким оптом от производителя для печати на принтерах и мфу (белая 500 листов) - продажа бумаги для офисов по низкой цене в интернет-магазине Офисмаг. Дешево, доставка.",False,officemag.ru,run-none1,,,ok,13.895200000028126,,6236.116999999969,13.0,13.0,13.0,False,,,,ok,False,6236.116999999969,0.004099999903701246,HTML parse + extraction; shared across modes,16,0,0,0.992862807295797,11.008461538461539,0.021708232017632348,0,1,0,0,0,1.0,0.8125,0.896551724137931,1.0,0.8125,0.896551724137931,0.9230769230769231,0.75,0.8275862068965517
20261002T161451Z-d2eb76ee,industrial,original_fast,dind-officemag.ru-5e08817729b9c1b0,html/officemag.ru-run-none2.html,,positive,True,4.0,1.0,1,3,0,1.0,1,0,3,1,0,3,1,0,3,industrial,html/officemag.ru-run-none2.html,officemag.ru-run-none2.html,run-none2,officemag.ru,D:\Pet_Codes\science\article-price-tracker\industrial\html\officemag.ru-run-none2.html,https://www.officemag.ru/search/?q=,https://www.officemag.ru/search/?q=,,,,raw_html,,5e08817729b9c1b0e28513e7221d1318683e506fb44dabc162f658f0dc2abc66,5e08817729b9c1b0e28513e7221d1318683e506fb44dabc162f658f0dc2abc66,D:\Job_Codes\PriceTracker\services\stealth-renderer\.artifacts\2026-05-13-sr-officemag.ru\1778650028322-gayd0b\page.html,False,2026-05-13-sr-officemag.ru\1778650028322-gayd0b\page.html,html/officemag.ru-run-none2.html,application_import,,2026-05-13T05:27:26.259Z,252763,False,True,,,False,,True,,0.0,dind-officemag.ru-5e08817729b9c1b0,product_page_or_listing,https://www.officemag.ru/search/?q=,True,stealth_renderer,,,,5e08817729b9c1b0e28513e7221d1318683e506fb44dabc162f658f0dc2abc66,258931,False,officemag.ru,https://www.officemag.ru/search/?q=,Поиск,False,officemag.ru,run-none2,,,ok,13.409999999916181,,883.7286999999778,1.0,1.0,1.0,False,,,,ok,False,883.7286999999778,0.004100000020116568,HTML parse + extraction; shared across modes,4,0,0,0.8913043478260869,0.9500000000000455,0.0005536291849995894,0,1,0,0,0,1.0,0.25,0.4,1.0,0.25,0.4,1.0,0.25,0.4
20261002T161451Z-d2eb76ee,industrial,original_fast,dind-officemag.ru-beec12f6c9b66652,html/officemag.ru-run-none3.html,,positive,True,16.0,13.0,13,3,0,1.0,13,0,3,13,0,3,12,1,4,industrial,html/officemag.ru-run-none3.html,officemag.ru-run-none3.html,run-none3,officemag.ru,D:\Pet_Codes\science\article-price-tracker\industrial\html\officemag.ru-run-none3.html,https://www.officemag.ru/catalog/785/?Filter[PRICE][MIN_]=157&Filter[PRICE][MAX_]=1250&Filter[FACETS][423801][23]=%D0%904&search_redirect=1,https://www.officemag.ru/catalog/785/?Filter[PRICE][MIN_]=157&Filter[PRICE][MAX_]=1250&Filter[FACETS][423801][23]=%D0%904&search_redirect=1,,,,raw_html,,beec12f6c9b66652d03aa5bec871f8e865c44fcdf9e11a353950968c98f99ffa,beec12f6c9b66652d03aa5bec871f8e865c44fcdf9e11a353950968c98f99ffa,D:\Job_Codes\PriceTracker\services\stealth-renderer\.artifacts\2026-05-13-sr-officemag.ru\1778650258393-egaror\page.html,False,2026-05-13-sr-officemag.ru\1778650258393-egaror\page.html,html/officemag.ru-run-none3.html,application_import,,2026-05-13T05:31:15.960Z,615317,False,True,,,False,,True,,0.0,dind-officemag.ru-beec12f6c9b66652,product_page_or_listing,https://www.officemag.ru/catalog/785/?Filter[PRICE][MIN_]=157&Filter[PRICE][MAX_]=1250&Filter[FACETS][423801][23]=%D0%904&search_redirect=1,True,stealth_renderer,,,,beec12f6c9b66652d03aa5bec871f8e865c44fcdf9e11a353950968c98f99ffa,642276,False,officemag.ru,https://www.officemag.ru/catalog/785/?Filter[PRICE][MIN_]=157&Filter[PRICE][MAX_]=1250&Filter[FACETS][423801][23]=%D0%904&search_redirect=1,"Купить бумагу офисную A4 и A3 в розницу и мелким оптом от производителя для печати на принтерах и мфу (белая 500 листов) - продажа бумаги для офисов по низкой цене в интернет-магазине Офисмаг. Дешево, доставка.",False,officemag.ru,run-none3,,,ok,12.744599999976344,,6359.52489999996,13.0,13.0,13.0,False,,,,ok,False,6359.52489999996,0.004000000073574483,HTML parse + extraction; shared across modes,16,0,0,0.991638795986622,103.99615384615385,0.060605585154668754,0,1,0,0,0,1.0,0.8125,0.896551724137931,1.0,0.8125,0.896551724137931,0.9230769230769231,0.75,0.8275862068965517
20261002T161451Z-d2eb76ee,industrial,original_fast,dind-officemag.ru-b0ddf2fa010706d1,html/officemag.ru-run-none4.html,гелевая ручка,positive,True,24.0,21.0,21,3,0,1.0,21,0,3,21,0,3,20,1,4,industrial,html/officemag.ru-run-none4.html,officemag.ru-run-none4.html,run-none4,officemag.ru,D:\Pet_Codes\science\article-price-tracker\industrial\html\officemag.ru-run-none4.html,https://www.officemag.ru/search/?q=%D0%B3%D0%B5%D0%BB%D0%B5%D0%B2%D0%B0%D1%8F+%D1%80%D1%83%D1%87%D0%BA%D0%B0,https://www.officemag.ru/search/?q=%D0%B3%D0%B5%D0%BB%D0%B5%D0%B2%D0%B0%D1%8F+%D1%80%D1%83%D1%87%D0%BA%D0%B0,гелевая ручка,,,raw_html,,b0ddf2fa010706d165ca666f3d2134e6375719c306fd21291eee22c703606c4a,b0ddf2fa010706d165ca666f3d2134e6375719c306fd21291eee22c703606c4a,D:\Job_Codes\PriceTracker\services\stealth-renderer\.artifacts\2026-05-17-sr-officemag.ru\1779051225962-b467e9\page.html,False,2026-05-17-sr-officemag.ru\1779051225962-b467e9\page.html,html/officemag.ru-run-none4.html,application_import,,2026-05-17T20:54:10.318Z,797576,False,True,,,False,,True,,0.0,dind-officemag.ru-b0ddf2fa010706d1,product_page_or_listing,https://www.officemag.ru/search/?q=%D0%B3%D0%B5%D0%BB%D0%B5%D0%B2%D0%B0%D1%8F+%D1%80%D1%83%D1%87%D0%BA%D0%B0,True,stealth_renderer,гелевая ручка,,,b0ddf2fa010706d165ca666f3d2134e6375719c306fd21291eee22c703606c4a,834177,False,officemag.ru,https://www.officemag.ru/search/?q=%D0%B3%D0%B5%D0%BB%D0%B5%D0%B2%D0%B0%D1%8F+%D1%80%D1%83%D1%87%D0%BA%D0%B0,Вы искали гелевая ручка,False,officemag.ru,run-none4,,,ok,2.4486000000033528,,9030.28760000004,21.0,21.0,21.0,False,,,,ok,False,9030.28760000004,5.067299999995157,HTML parse + extraction; shared across modes,24,0,0,0.9954212454212454,56.15904761904763,0.04621611305614795,0,1,0,0,0,1.0,0.875,0.9333333333333333,1.0,0.875,0.9333333333333333,0.9523809523809523,0.8333333333333334,0.888888888888889
20261002T161451Z-d2eb76ee,industrial,original_fast,dind-officemag.ru-40809b5312781d55,html/officemag.ru-run-none5.html,ручка гелевая,positive,True,24.0,21.0,21,3,0,1.0,21,0,3,21,0,3,20,1,4,industrial,html/officemag.ru-run-none5.html,officemag.ru-run-none5.html,run-none5,officemag.ru,D:\Pet_Codes\science\article-price-tracker\industrial\html\officemag.ru-run-none5.html,https://www.officemag.ru/search/?q=%D1%80%D1%83%D1%87%D0%BA%D0%B0+%D0%B3%D0%B5%D0%BB%D0%B5%D0%B2%D0%B0%D1%8F,https://www.officemag.ru/search/?q=%D1%80%D1%83%D1%87%D0%BA%D0%B0+%D0%B3%D0%B5%D0%BB%D0%B5%D0%B2%D0%B0%D1%8F,ручка гелевая,,,raw_html,,40809b5312781d55fafeacb7d769ade8aaf7d104c2e489234836d5240bf0c4fb,40809b5312781d55fafeacb7d769ade8aaf7d104c2e489234836d5240bf0c4fb,D:\Job_Codes\PriceTracker\services\stealth-renderer\.artifacts\2026-05-18-sr-officemag.ru\1779101294788-idf9c2\page.html,False,2026-05-18-sr-officemag.ru\1779101294788-idf9c2\page.html,html/officemag.ru-run-none5.html,application_import,,2026-05-18T10:48:41.250Z,793236,False,True,,,False,,True,,0.0,dind-officemag.ru-40809b5312781d55,product_page_or_listing,https://www.officemag.ru/search/?q=%D1%80%D1%83%D1%87%D0%BA%D0%B0+%D0%B3%D0%B5%D0%BB%D0%B5%D0%B2%D0%B0%D1%8F,True,stealth_renderer,ручка гелевая,,,40809b5312781d55fafeacb7d769ade8aaf7d104c2e489234836d5240bf0c4fb,829060,False,officemag.ru,https://www.officemag.ru/search/?q=%D1%80%D1%83%D1%87%D0%BA%D0%B0+%D0%B3%D0%B5%D0%BB%D0%B5%D0%B2%D0%B0%D1%8F,Вы искали ручка гелевая,False,officemag.ru,run-none5,,,ok,14.633799999952316,,8984.66769999999,21.0,21.0,21.0,False,,,,ok,False,8984.66769999999,4.979599999962375,HTML parse + extraction; shared across modes,24,0,0,0.9954212454212454,56.15904761904763,0.04621611305614795,0,1,0,0,0,1.0,0.875,0.9333333333333333,1.0,0.875,0.9333333333333333,0.9523809523809523,0.8333333333333334,0.888888888888889
20261002T161451Z-d2eb76ee,industrial,original_fast,dind-officemag.ru-00c674729dcaa4ea,html/officemag.ru-run-2eca7e5f.html,бумага а4,positive,True,16.0,13.0,13,3,0,1.0,13,0,3,13,0,3,12,1,4,industrial,html/officemag.ru-run-2eca7e5f.html,officemag.ru-run-2eca7e5f.html,run-2eca7e5f,officemag.ru,D:\Pet_Codes\science\article-price-tracker\industrial\html\officemag.ru-run-2eca7e5f.html,https://officemag.ru,https://officemag.ru,бумага а4,Санкт-Петербург,shared_live_search,raw_html,,00c674729dcaa4ea2bc8765ab5ee6c2d31acade6c6f4e28366591b08740a2fab,00c674729dcaa4ea2bc8765ab5ee6c2d31acade6c6f4e28366591b08740a2fab,D:\Job_Codes\PriceTracker\.artifacts\collection\run-2eca7e5f\officemag.ru.html,False,run-2eca7e5f\officemag.ru.html,html/officemag.ru-run-2eca7e5f.html,application_import,,2026-05-13T05:31:17.335898+00:00,619275,False,False,,,False,,True,Санкт-Петербург,,dind-officemag.ru-00c674729dcaa4ea,product_page_or_listing,https://officemag.ru,True,collection_run,бумага а4,shared_live_search,run-2eca7e5f,00c674729dcaa4ea2bc8765ab5ee6c2d31acade6c6f4e28366591b08740a2fab,646234,False,officemag.ru,https://officemag.ru,"Купить бумагу офисную A4 и A3 в розницу и мелким оптом от производителя для печати на принтерах и мфу (белая 500 листов) - продажа бумаги для офисов по низкой цене в интернет-магазине Офисмаг. Дешево, доставка.",False,officemag.ru,run-2eca7e5f,Санкт-Петербург,shared_live_search,ok,41.57570000004489,,6277.971599999932,13.0,13.0,13.0,False,,,,ok,False,6277.971599999932,3.705599999986589,HTML parse + extraction; shared across modes,16,0,0,0.991638795986622,103.99615384615385,0.060605585154668754,0,1,0,0,0,1.0,0.8125,0.896551724137931,1.0,0.8125,0.896551724137931,0.9230769230769231,0.75,0.8275862068965517
20261002T161451Z-d2eb76ee,industrial,original_fast,dind-officemag.ru-1bea9ed185f4b328,html/officemag.ru-run-3d0f801a.html,бумага а4,positive,True,4.0,1.0,1,3,0,1.0,1,0,3,1,0,3,1,0,3,industrial,html/officemag.ru-run-3d0f801a.html,officemag.ru-run-3d0f801a.html,run-3d0f801a,officemag.ru,D:\Pet_Codes\science\article-price-tracker\industrial\html\officemag.ru-run-3d0f801a.html,https://officemag.ru,https://officemag.ru,бумага а4,Санкт-Петербург,shared_live_search,raw_html,,1bea9ed185f4b32872f4e66895bb73873633d2afe0c5f627a7994e0ecf9d104a,1bea9ed185f4b32872f4e66895bb73873633d2afe0c5f627a7994e0ecf9d104a,D:\Job_Codes\PriceTracker\.artifacts\collection\run-3d0f801a\officemag.ru.html,False,run-3d0f801a\officemag.ru.html,html/officemag.ru-run-3d0f801a.html,application_import,,2026-05-13T05:27:27.354908+00:00,254057,False,False,,,False,,True,Санкт-Петербург,,dind-officemag.ru-1bea9ed185f4b328,product_page_or_listing,https://officemag.ru,True,collection_run,бумага а4,shared_live_search,run-3d0f801a,1bea9ed185f4b32872f4e66895bb73873633d2afe0c5f627a7994e0ecf9d104a,260225,False,officemag.ru,https://officemag.ru,Поиск,False,officemag.ru,run-3d0f801a,Санкт-Петербург,shared_live_search,ok,42.2844000000041,,838.234999999986,1.0,1.0,1.0,False,,,,ok,False,838.234999999986,0.2207000000635162,HTML parse + extraction; shared across modes,4,0,0,0.8913043478260869,0.9500000000000455,0.0005536291849995894,0,1,0,0,0,1.0,0.25,0.4,1.0,0.25,0.4,1.0,0.25,0.4
20261002T161451Z-d2eb76ee,industrial,original_fast,dind-officemag.ru-892e0a35c31b5746,html/officemag.ru-run-ac6cc526.html,бумага а4,positive,True,16.0,13.0,13,3,0,1.0,13,0,3,13,0,3,12,1,4,industrial,html/officemag.ru-run-ac6cc526.html,officemag.ru-run-ac6cc526.html,run-ac6cc526,officemag.ru,D:\Pet_Codes\science\article-price-tracker\industrial\html\officemag.ru-run-ac6cc526.html,https://officemag.ru,https://officemag.ru,бумага а4,Санкт-Петербург,shared_live_search,raw_html,,892e0a35c31b5746f6c4f00ae057a7604589a27e3283384e0d5aef7557d3d490,892e0a35c31b5746f6c4f00ae057a7604589a27e3283384e0d5aef7557d3d490,D:\Job_Codes\PriceTracker\.artifacts\collection\run-ac6cc526\officemag.ru.html,False,run-ac6cc526\officemag.ru.html,html/officemag.ru-run-ac6cc526.html,application_import,,2026-05-13T05:09:40.254709+00:00,620833,False,False,,,False,,True,Санкт-Петербург,,dind-officemag.ru-892e0a35c31b5746,product_page_or_listing,https://officemag.ru,True,collection_run,бумага а4,shared_live_search,run-ac6cc526,892e0a35c31b5746f6c4f00ae057a7604589a27e3283384e0d5aef7557d3d490,648137,False,officemag.ru,https://officemag.ru,"Купить бумагу офисную A4 и A3 в розницу и мелким оптом от производителя для печати на принтерах и мфу (белая 500 листов) - продажа бумаги для офисов по низкой цене в интернет-магазине Офисмаг. Дешево, доставка.",False,officemag.ru,run-ac6cc526,Санкт-Петербург,shared_live_search,ok,12.82929999998305,,6297.238299999968,13.0,13.0,13.0,False,,,,ok,False,6297.238299999968,3.7135999999009073,HTML parse + extraction; shared across modes,16,0,0,0.992862807295797,11.008461538461539,0.021708232017632348,0,1,0,0,0,1.0,0.8125,0.896551724137931,1.0,0.8125,0.896551724137931,0.9230769230769231,0.75,0.8275862068965517
20261002T161451Z-d2eb76ee,industrial,original_fast,dind-ozon.ru-bef199bc4e3cafc8,html/ozon.ru-run-none1.html,ps 5,positive,True,24.0,24.0,24,0,0,1.0,24,0,0,24,0,0,24,0,0,industrial,html/ozon.ru-run-none1.html,ozon.ru-run-none1.html,run-none1,ozon.ru,D:\Pet_Codes\science\article-price-tracker\industrial\html\ozon.ru-run-none1.html,https://www.ozon.ru/search/?deny_category_prediction=true&from_global=true&text=ps+5,https://www.ozon.ru/search/?deny_category_prediction=true&from_global=true&text=ps+5,ps 5,,,raw_html,,bef199bc4e3cafc8ab4f7ad4fb05d2a856bd75d36d93884dc5abf8c27d076388,bef199bc4e3cafc8ab4f7ad4fb05d2a856bd75d36d93884dc5abf8c27d076388,D:\Job_Codes\PriceTracker\services\stealth-renderer\.artifacts\2026-04-30-sr-ozon.ru\1777535260719-h2mjej\page.html,False,2026-04-30-sr-ozon.ru\1777535260719-h2mjej\page.html,html/ozon.ru-run-none1.html,application_import,,2026-04-30T07:48:05.385Z,722798,False,True,,,False,,True,,0.0,dind-ozon.ru-bef199bc4e3cafc8,product_page_or_listing,https://www.ozon.ru/search/?deny_category_prediction=true&from_global=true&text=ps+5,True,stealth_renderer,ps 5,,,bef199bc4e3cafc8ab4f7ad4fb05d2a856bd75d36d93884dc5abf8c27d076388,729999,False,ozon.ru,https://www.ozon.ru/search/?deny_category_prediction=true&from_global=true&text=ps+5,ps 5 - купить на OZON,False,ozon.ru,run-none1,,,ok,14.3418000000529,,381.40850000001956,24.0,24.0,24.0,False,,,,ok,False,381.40850000001956,1.911599999992177,HTML parse + extraction; shared across modes,24,0,0,1.0,0.0,0.0,0,1,0,0,0,1.0,1.0,1.0,1.0,1.0,1.0,1.0,1.0,1.0
20261002T161451Z-d2eb76ee,industrial,original_fast,dind-ozon.ru-7b0cb8482987d4b1,html/ozon.ru-run-none2.html,ps 5,positive,True,24.0,24.0,24,0,0,1.0,24,0,0,24,0,0,24,0,0,industrial,html/ozon.ru-run-none2.html,ozon.ru-run-none2.html,run-none2,ozon.ru,D:\Pet_Codes\science\article-price-tracker\industrial\html\ozon.ru-run-none2.html,https://www.ozon.ru/search/?deny_category_prediction=true&from_global=true&text=ps+5,https://www.ozon.ru/search/?deny_category_prediction=true&from_global=true&text=ps+5,ps 5,,,raw_html,,7b0cb8482987d4b10e9064248d4e55413ca964ceb3dc5f4cf176b80973f1605d,7b0cb8482987d4b10e9064248d4e55413ca964ceb3dc5f4cf176b80973f1605d,D:\Job_Codes\PriceTracker\services\stealth-renderer\.artifacts\2026-05-03-sr-ozon.ru\1777810054701-zs4toq\page.html,False,2026-05-03-sr-ozon.ru\1777810054701-zs4toq\page.html,html/ozon.ru-run-none2.html,application_import,,2026-05-03T12:07:55.848Z,734923,False,True,,,False,,True,,0.0,dind-ozon.ru-7b0cb8482987d4b1,product_page_or_listing,https://www.ozon.ru/search/?deny_category_prediction=true&from_global=true&text=ps+5,True,stealth_renderer,ps 5,,,7b0cb8482987d4b10e9064248d4e55413ca964ceb3dc5f4cf176b80973f1605d,741857,False,ozon.ru,https://www.ozon.ru/search/?deny_category_prediction=true&from_global=true&text=ps+5,ps 5 - купить на OZON,False,ozon.ru,run-none2,,,ok,1.8360000000102445,,384.26450000004843,24.0,24.0,24.0,False,,,,ok,False,384.26450000004843,1.5497999999206513,HTML parse + extraction; shared across modes,24,0,0,1.0,0.0,0.0,0,1,0,0,0,1.0,1.0,1.0,1.0,1.0,1.0,1.0,1.0,1.0
20261002T161451Z-d2eb76ee,industrial,original_fast,dind-ozon.ru-4db869312af5e423,html/ozon.ru-run-none3.html,ps 5,positive,True,24.0,24.0,24,0,0,1.0,24,0,0,24,0,0,24,0,0,industrial,html/ozon.ru-run-none3.html,ozon.ru-run-none3.html,run-none3,ozon.ru,D:\Pet_Codes\science\article-price-tracker\industrial\html\ozon.ru-run-none3.html,https://www.ozon.ru/search/?deny_category_prediction=true&from_global=true&text=ps+5,https://www.ozon.ru/search/?deny_category_prediction=true&from_global=true&text=ps+5,ps 5,,,raw_html,,4db869312af5e42377eb451d02b27a21337cb5b17cf45bde3c12b1d4f09b7948,4db869312af5e42377eb451d02b27a21337cb5b17cf45bde3c12b1d4f09b7948,D:\Job_Codes\PriceTracker\services\stealth-renderer\.artifacts\2026-05-04-sr-ozon.ru\1777871148596-xd94a2\page.html,False,2026-05-04-sr-ozon.ru\1777871148596-xd94a2\page.html,html/ozon.ru-run-none3.html,application_import,,2026-05-04T05:06:09.988Z,733503,False,True,,,False,,True,,0.0,dind-ozon.ru-4db869312af5e423,product_page_or_listing,https://www.ozon.ru/search/?deny_category_prediction=true&from_global=true&text=ps+5,True,stealth_renderer,ps 5,,,4db869312af5e42377eb451d02b27a21337cb5b17cf45bde3c12b1d4f09b7948,740246,False,ozon.ru,https://www.ozon.ru/search/?deny_category_prediction=true&from_global=true&text=ps+5,ps 5 - купить на OZON,False,ozon.ru,run-none3,,,ok,13.43640000000596,,388.82279999996535,24.0,24.0,24.0,False,,,,ok,False,388.82279999996535,1.4525000000139698,HTML parse + extraction; shared across modes,24,0,0,1.0,0.0,0.0,0,1,0,0,0,1.0,1.0,1.0,1.0,1.0,1.0,1.0,1.0,1.0
20261002T161451Z-d2eb76ee,industrial,original_fast,dind-ozon.ru-d2cfdfef86ed8cff,html/ozon.ru-run-none4.html,ноутбук,positive,True,24.0,24.0,24,0,0,1.0,24,0,0,24,0,0,24,0,0,industrial,html/ozon.ru-run-none4.html,ozon.ru-run-none4.html,run-none4,ozon.ru,D:\Pet_Codes\science\article-price-tracker\industrial\html\ozon.ru-run-none4.html,https://www.ozon.ru/category/noutbuki-planshety-i-elektronnye-knigi-8730/?category_was_predicted=true&deny_category_prediction=true&text=%D0%BD%D0%BE%D1%83%D1%82%D0%B1%D1%83%D0%BA,https://www.ozon.ru/category/noutbuki-planshety-i-elektronnye-knigi-8730/?category_was_predicted=true&deny_category_prediction=true&text=%D0%BD%D0%BE%D1%83%D1%82%D0%B1%D1%83%D0%BA,ноутбук,,,raw_html,,d2cfdfef86ed8cff9a1bc5be6d7c477a66fc7c8d8f34a241ca01e64591995952,d2cfdfef86ed8cff9a1bc5be6d7c477a66fc7c8d8f34a241ca01e64591995952,D:\Job_Codes\PriceTracker\services\stealth-renderer\.artifacts\2026-05-07-sr-ozon.ru\1778140547394-oswi8u\page.html,False,2026-05-07-sr-ozon.ru\1778140547394-oswi8u\page.html,html/ozon.ru-run-none4.html,application_import,,2026-05-07T07:56:12.185Z,760905,False,True,,,False,,True,,0.0,dind-ozon.ru-d2cfdfef86ed8cff,product_page_or_listing,https://www.ozon.ru/category/noutbuki-planshety-i-elektronnye-knigi-8730/?category_was_predicted=true&deny_category_prediction=true&text=%D0%BD%D0%BE%D1%83%D1%82%D0%B1%D1%83%D0%BA,True,stealth_renderer,ноутбук,,,d2cfdfef86ed8cff9a1bc5be6d7c477a66fc7c8d8f34a241ca01e64591995952,770346,False,ozon.ru,https://www.ozon.ru/category/noutbuki-planshety-i-elektronnye-knigi-8730/?category_was_predicted=true&deny_category_prediction=true&text=%D0%BD%D0%BE%D1%83%D1%82%D0%B1%D1%83%D0%BA,ноутбук - купить на OZON,False,ozon.ru,run-none4,,,ok,14.591499999980442,,432.6844000000274,24.0,24.0,24.0,False,,,,ok,False,432.6844000000274,2.4921000000322238,HTML parse + extraction; shared across modes,24,0,0,1.0,0.0,0.0,0,1,0,0,0,1.0,1.0,1.0,1.0,1.0,1.0,1.0,1.0,1.0
20261002T161451Z-d2eb76ee,industrial,original_fast,dind-ozon.ru-0f7383450d9788c2,html/ozon.ru-run-none5.html,ноутбук 16 gb ram,positive,True,24.0,24.0,24,0,0,1.0,24,0,0,24,0,0,24,0,0,industrial,html/ozon.ru-run-none5.html,ozon.ru-run-none5.html,run-none5,ozon.ru,D:\Pet_Codes\science\article-price-tracker\industrial\html\ozon.ru-run-none5.html,https://www.ozon.ru/search/?from_global=true&text=%D0%BD%D0%BE%D1%83%D1%82%D0%B1%D1%83%D0%BA+16+gb+ram,https://www.ozon.ru/search/?from_global=true&text=%D0%BD%D0%BE%D1%83%D1%82%D0%B1%D1%83%D0%BA+16+gb+ram,ноутбук 16 gb ram,,,raw_html,,0f7383450d9788c2748a7191a7eaac4c225eddec1118124ca08169b3f5d07fcf,0f7383450d9788c2748a7191a7eaac4c225eddec1118124ca08169b3f5d07fcf,D:\Job_Codes\PriceTracker\services\stealth-renderer\.artifacts\2026-05-07-sr-ozon.ru\1778142352769-bgwogm\page.html,False,2026-05-07-sr-ozon.ru\1778142352769-bgwogm\page.html,html/ozon.ru-run-none5.html,application_import,,2026-05-07T08:26:12.329Z,709115,False,True,,,False,,True,,0.0,dind-ozon.ru-0f7383450d9788c2,product_page_or_listing,https://www.ozon.ru/search/?from_global=true&text=%D0%BD%D0%BE%D1%83%D1%82%D0%B1%D1%83%D0%BA+16+gb+ram,True,stealth_renderer,ноутбук 16 gb ram,,,0f7383450d9788c2748a7191a7eaac4c225eddec1118124ca08169b3f5d07fcf,716686,False,ozon.ru,https://www.ozon.ru/search/?from_global=true&text=%D0%BD%D0%BE%D1%83%D1%82%D0%B1%D1%83%D0%BA+16+gb+ram,ноутбук 16 gb ram - купить на OZON,False,ozon.ru,run-none5,,,ok,13.765799999935552,,405.9395999999251,24.0,24.0,24.0,False,,,,ok,False,405.9395999999251,3.454600000055507,HTML parse + extraction; shared across modes,24,0,0,1.0,0.0,0.0,0,1,0,0,0,1.0,1.0,1.0,1.0,1.0,1.0,1.0,1.0,1.0
20261002T161451Z-d2eb76ee,industrial,original_fast,dind-ozon.ru-ff95e1b297ba3635,html/ozon.ru-run-none6.html,ноутбук 16 gb ram,positive,True,24.0,24.0,24,0,0,1.0,24,0,0,24,0,0,24,0,0,industrial,html/ozon.ru-run-none6.html,ozon.ru-run-none6.html,run-none6,ozon.ru,D:\Pet_Codes\science\article-price-tracker\industrial\html\ozon.ru-run-none6.html,https://www.ozon.ru/search/?from_global=true&text=%D0%BD%D0%BE%D1%83%D1%82%D0%B1%D1%83%D0%BA+16+gb+ram,https://www.ozon.ru/search/?from_global=true&text=%D0%BD%D0%BE%D1%83%D1%82%D0%B1%D1%83%D0%BA+16+gb+ram,ноутбук 16 gb ram,,,raw_html,,ff95e1b297ba3635bfe6340acd1a4ad08bb4891522e35103c347cf3f8548ec7e,ff95e1b297ba3635bfe6340acd1a4ad08bb4891522e35103c347cf3f8548ec7e,D:\Job_Codes\PriceTracker\services\stealth-renderer\.artifacts\2026-05-07-sr-ozon.ru\1778142441372-b27wfb\page.html,False,2026-05-07-sr-ozon.ru\1778142441372-b27wfb\page.html,html/ozon.ru-run-none6.html,application_import,,2026-05-07T08:27:46.538Z,705888,False,True,,,False,,True,,0.0,dind-ozon.ru-ff95e1b297ba3635,product_page_or_listing,https://www.ozon.ru/search/?from_global=true&text=%D0%BD%D0%BE%D1%83%D1%82%D0%B1%D1%83%D0%BA+16+gb+ram,True,stealth_renderer,ноутбук 16 gb ram,,,ff95e1b297ba3635bfe6340acd1a4ad08bb4891522e35103c347cf3f8548ec7e,713382,False,ozon.ru,https://www.ozon.ru/search/?from_global=true&text=%D0%BD%D0%BE%D1%83%D1%82%D0%B1%D1%83%D0%BA+16+gb+ram,ноутбук 16 gb ram - купить на OZON,False,ozon.ru,run-none6,,,ok,2.0160000000614673,,404.28350000001956,24.0,24.0,24.0,False,,,,ok,False,404.28350000001956,3.3580000000074506,HTML parse + extraction; shared across modes,24,0,0,1.0,0.0,0.0,0,1,0,0,0,1.0,1.0,1.0,1.0,1.0,1.0,1.0,1.0,1.0
20261002T161451Z-d2eb76ee,industrial,original_fast,dind-ozon.ru-1ed0c2b94bc03684,html/ozon.ru-run-none7.html,ноутбук 16 gb ram,positive,True,16.0,16.0,16,0,0,1.0,16,0,0,16,0,0,16,0,0,industrial,html/ozon.ru-run-none7.html,ozon.ru-run-none7.html,run-none7,ozon.ru,D:\Pet_Codes\science\article-price-tracker\industrial\html\ozon.ru-run-none7.html,https://www.ozon.ru/search/?from_global=true&text=%D0%BD%D0%BE%D1%83%D1%82%D0%B1%D1%83%D0%BA+16+gb+ram,https://www.ozon.ru/search/?from_global=true&text=%D0%BD%D0%BE%D1%83%D1%82%D0%B1%D1%83%D0%BA+16+gb+ram,ноутбук 16 gb ram,,,raw_html,,1ed0c2b94bc03684fe2ed085832102b62941695f8596478398b856aaba042c0c,1ed0c2b94bc03684fe2ed085832102b62941695f8596478398b856aaba042c0c,D:\Job_Codes\PriceTracker\services\stealth-renderer\.artifacts\2026-05-07-sr-ozon.ru\1778148186135-dmo0xr\page.html,False,2026-05-07-sr-ozon.ru\1778148186135-dmo0xr\page.html,html/ozon.ru-run-none7.html,application_import,,2026-05-07T10:03:31.248Z,648583,False,True,,,False,,True,,0.0,dind-ozon.ru-1ed0c2b94bc03684,product_page_or_listing,https://www.ozon.ru/search/?from_global=true&text=%D0%BD%D0%BE%D1%83%D1%82%D0%B1%D1%83%D0%BA+16+gb+ram,True,stealth_renderer,ноутбук 16 gb ram,,,1ed0c2b94bc03684fe2ed085832102b62941695f8596478398b856aaba042c0c,655437,False,ozon.ru,https://www.ozon.ru/search/?from_global=true&text=%D0%BD%D0%BE%D1%83%D1%82%D0%B1%D1%83%D0%BA+16+gb+ram,ноутбук 16 gb ram - купить на OZON,False,ozon.ru,run-none7,,,ok,13.952999999979511,,315.33129999996163,16.0,16.0,16.0,False,,,,ok,False,315.33129999996163,2.3360000000102445,HTML parse + extraction; shared across modes,16,0,0,1.0,0.0,0.0,0,1,0,0,0,1.0,1.0,1.0,1.0,1.0,1.0,1.0,1.0,1.0
20261002T161451Z-d2eb76ee,industrial,original_fast,dind-ozon.ru-00fd247071d4b382,html/ozon.ru-run-none8.html,дрель makita,positive,True,24.0,24.0,24,0,0,1.0,24,0,0,24,0,0,24,0,0,industrial,html/ozon.ru-run-none8.html,ozon.ru-run-none8.html,run-none8,ozon.ru,D:\Pet_Codes\science\article-price-tracker\industrial\html\ozon.ru-run-none8.html,https://www.ozon.ru/category/elektroinstrumenty-9857/?category_was_predicted=true&deny_category_prediction=true&text=%D0%B4%D1%80%D0%B5%D0%BB%D1%8C+makita,https://www.ozon.ru/category/elektroinstrumenty-9857/?category_was_predicted=true&deny_category_prediction=true&text=%D0%B4%D1%80%D0%B5%D0%BB%D1%8C+makita,дрель makita,,,raw_html,,00fd247071d4b3820a26183f49d3e2dab98dd9dce2461ddcb3adc40e23ab2432,00fd247071d4b3820a26183f49d3e2dab98dd9dce2461ddcb3adc40e23ab2432,D:\Job_Codes\PriceTracker\services\stealth-renderer\.artifacts\2026-05-13-sr-ozon.ru\1778654315916-6su0c4\page.html,False,2026-05-13-sr-ozon.ru\1778654315916-6su0c4\page.html,html/ozon.ru-run-none8.html,application_import,,2026-05-13T06:38:56.437Z,719185,False,True,,,False,,True,,0.0,dind-ozon.ru-00fd247071d4b382,product_page_or_listing,https://www.ozon.ru/category/elektroinstrumenty-9857/?category_was_predicted=true&deny_category_prediction=true&text=%D0%B4%D1%80%D0%B5%D0%BB%D1%8C+makita,True,stealth_renderer,дрель makita,,,00fd247071d4b3820a26183f49d3e2dab98dd9dce2461ddcb3adc40e23ab2432,727364,False,ozon.ru,https://www.ozon.ru/category/elektroinstrumenty-9857/?category_was_predicted=true&deny_category_prediction=true&text=%D0%B4%D1%80%D0%B5%D0%BB%D1%8C+makita,дрель makita - купить на OZON,False,ozon.ru,run-none8,,,ok,13.367599999997765,,472.77430000004824,24.0,24.0,24.0,False,,,,ok,False,472.77430000004824,1.8290000000270084,HTML parse + extraction; shared across modes,24,0,0,1.0,0.0,0.0,0,1,0,0,0,1.0,1.0,1.0,1.0,1.0,1.0,1.0,1.0,1.0
20261002T161451Z-d2eb76ee,industrial,original_fast,dind-ozon.ru-7c09464ecd40c35c,html/ozon.ru-run-none9.html,дрель makita,positive,True,24.0,24.0,24,0,0,1.0,24,0,0,24,0,0,24,0,0,industrial,html/ozon.ru-run-none9.html,ozon.ru-run-none9.html,run-none9,ozon.ru,D:\Pet_Codes\science\article-price-tracker\industrial\html\ozon.ru-run-none9.html,https://www.ozon.ru/category/elektroinstrumenty-9857/?__rr=1&category_was_predicted=true&deny_category_prediction=true&text=%D0%B4%D1%80%D0%B5%D0%BB%D1%8C+makita,https://www.ozon.ru/category/elektroinstrumenty-9857/?__rr=1&category_was_predicted=true&deny_category_prediction=true&text=%D0%B4%D1%80%D0%B5%D0%BB%D1%8C+makita,дрель makita,,,raw_html,,7c09464ecd40c35c6b69a09e4073b1f7e359b1c386a22ee70138399e7af1f144,7c09464ecd40c35c6b69a09e4073b1f7e359b1c386a22ee70138399e7af1f144,D:\Job_Codes\PriceTracker\services\stealth-renderer\.artifacts\2026-05-13-sr-ozon.ru\1778654745868-j5vy1m\page.html,False,2026-05-13-sr-ozon.ru\1778654745868-j5vy1m\page.html,html/ozon.ru-run-none9.html,application_import,,2026-05-13T06:46:04.364Z,719844,False,True,,,False,,True,,0.0,dind-ozon.ru-7c09464ecd40c35c,product_page_or_listing,https://www.ozon.ru/category/elektroinstrumenty-9857/?__rr=1&category_was_predicted=true&deny_category_prediction=true&text=%D0%B4%D1%80%D0%B5%D0%BB%D1%8C+makita,True,stealth_renderer,дрель makita,,,7c09464ecd40c35c6b69a09e4073b1f7e359b1c386a22ee70138399e7af1f144,728072,False,ozon.ru,https://www.ozon.ru/category/elektroinstrumenty-9857/?__rr=1&category_was_predicted=true&deny_category_prediction=true&text=%D0%B4%D1%80%D0%B5%D0%BB%D1%8C+makita,дрель makita - купить на OZON,False,ozon.ru,run-none9,,,ok,2.035300000105053,,428.06440000003204,24.0,24.0,24.0,False,,,,ok,False,428.06440000003204,1.8382999999448657,HTML parse + extraction; shared across modes,24,0,0,1.0,0.0,0.0,0,1,0,0,0,1.0,1.0,1.0,1.0,1.0,1.0,1.0,1.0,1.0
20261002T161451Z-d2eb76ee,industrial,original_fast,dind-ozon.ru-bc3414059b042541,html/ozon.ru-run-none10.html,дрель makita,positive,True,24.0,24.0,24,0,0,1.0,24,0,0,24,0,0,24,0,0,industrial,html/ozon.ru-run-none10.html,ozon.ru-run-none10.html,run-none10,ozon.ru,D:\Pet_Codes\science\article-price-tracker\industrial\html\ozon.ru-run-none10.html,https://www.ozon.ru/category/elektroinstrumenty-9857/?category_was_predicted=true&deny_category_prediction=true&text=%D0%B4%D1%80%D0%B5%D0%BB%D1%8C+makita&__rr=1,https://www.ozon.ru/category/elektroinstrumenty-9857/?category_was_predicted=true&deny_category_prediction=true&text=%D0%B4%D1%80%D0%B5%D0%BB%D1%8C+makita&__rr=1,дрель makita,,,raw_html,,bc3414059b0425413caf291bf94c8f239965d22af06d216d48599610e986d94e,bc3414059b0425413caf291bf94c8f239965d22af06d216d48599610e986d94e,D:\Job_Codes\PriceTracker\services\stealth-renderer\.artifacts\2026-05-13-sr-ozon.ru\1778655366253-rmok9s\page.html,False,2026-05-13-sr-ozon.ru\1778655366253-rmok9s\page.html,html/ozon.ru-run-none10.html,application_import,,2026-05-13T06:56:44.748Z,721400,False,True,,,False,,True,,0.0,dind-ozon.ru-bc3414059b042541,product_page_or_listing,https://www.ozon.ru/category/elektroinstrumenty-9857/?category_was_predicted=true&deny_category_prediction=true&text=%D0%B4%D1%80%D0%B5%D0%BB%D1%8C+makita&__rr=1,True,stealth_renderer,дрель makita,,,bc3414059b0425413caf291bf94c8f239965d22af06d216d48599610e986d94e,729606,False,ozon.ru,https://www.ozon.ru/category/elektroinstrumenty-9857/?category_was_predicted=true&deny_category_prediction=true&text=%D0%B4%D1%80%D0%B5%D0%BB%D1%8C+makita&__rr=1,дрель makita - купить на OZON,False,ozon.ru,run-none10,,,ok,14.74640000006184,,403.9529999999795,24.0,24.0,24.0,False,,,,ok,False,403.9529999999795,1.8493000000016764,HTML parse + extraction; shared across modes,24,0,0,1.0,0.0,0.0,0,1,0,0,0,1.0,1.0,1.0,1.0,1.0,1.0,1.0,1.0,1.0
20261002T161451Z-d2eb76ee,industrial,original_fast,dind-ozon.ru-0af467e962767537,html/ozon.ru-run-none11.html,дрель безударная,positive,True,24.0,24.0,24,0,0,1.0,24,0,0,24,0,0,24,0,0,industrial,html/ozon.ru-run-none11.html,ozon.ru-run-none11.html,run-none11,ozon.ru,D:\Pet_Codes\science\article-price-tracker\industrial\html\ozon.ru-run-none11.html,https://www.ozon.ru/category/elektrodreli-9860/?category_was_predicted=true&deny_category_prediction=true&text=%D0%B4%D1%80%D0%B5%D0%BB%D1%8C+%D0%B1%D0%B5%D0%B7%D1%83%D0%B4%D0%B0%D1%80%D0%BD%D0%B0%D1%8F,https://www.ozon.ru/category/elektrodreli-9860/?category_was_predicted=true&deny_category_prediction=true&text=%D0%B4%D1%80%D0%B5%D0%BB%D1%8C+%D0%B1%D0%B5%D0%B7%D1%83%D0%B4%D0%B0%D1%80%D0%BD%D0%B0%D1%8F,дрель безударная,,,raw_html,,0af467e9627675374a03ec47294916003c95c395c3d242dca5450980698e5a34,0af467e9627675374a03ec47294916003c95c395c3d242dca5450980698e5a34,D:\Job_Codes\PriceTracker\services\stealth-renderer\.artifacts\2026-05-14-sr-ozon.ru\1778743825209-v0sn06\page.html,False,2026-05-14-sr-ozon.ru\1778743825209-v0sn06\page.html,html/ozon.ru-run-none11.html,application_import,,2026-05-14T07:30:52.837Z,765723,False,True,,,False,,True,,0.0,dind-ozon.ru-0af467e962767537,product_page_or_listing,https://www.ozon.ru/category/elektrodreli-9860/?category_was_predicted=true&deny_category_prediction=true&text=%D0%B4%D1%80%D0%B5%D0%BB%D1%8C+%D0%B1%D0%B5%D0%B7%D1%83%D0%B4%D0%B0%D1%80%D0%BD%D0%B0%D1%8F,True,stealth_renderer,дрель безударная,,,0af467e9627675374a03ec47294916003c95c395c3d242dca5450980698e5a34,775076,False,ozon.ru,https://www.ozon.ru/category/elektrodreli-9860/?category_was_predicted=true&deny_category_prediction=true&text=%D0%B4%D1%80%D0%B5%D0%BB%D1%8C+%D0%B1%D0%B5%D0%B7%D1%83%D0%B4%D0%B0%D1%80%D0%BD%D0%B0%D1%8F,дрель безударная - купить на OZON,False,ozon.ru,run-none11,,,ok,12.881999999983236,,434.5431000000099,24.0,24.0,24.0,False,,,,ok,False,434.5431000000099,2.1955999999772757,HTML parse + extraction; shared across modes,24,0,0,1.0,0.0,0.0,0,1,0,0,0,1.0,1.0,1.0,1.0,1.0,1.0,1.0,1.0,1.0
20261002T161451Z-d2eb76ee,industrial,original_fast,dind-ozon.ru-f0ada4e5d68779a7,html/ozon.ru-run-none12.html,бензопила,positive,True,24.0,24.0,24,0,0,1.0,24,0,0,24,0,0,24,0,0,industrial,html/ozon.ru-run-none12.html,ozon.ru-run-none12.html,run-none12,ozon.ru,D:\Pet_Codes\science\article-price-tracker\industrial\html\ozon.ru-run-none12.html,https://www.ozon.ru/search/?deny_category_prediction=true&from_global=true&text=%D0%B1%D0%B5%D0%BD%D0%B7%D0%BE%D0%BF%D0%B8%D0%BB%D0%B0&__rr=1,https://www.ozon.ru/search/?deny_category_prediction=true&from_global=true&text=%D0%B1%D0%B5%D0%BD%D0%B7%D0%BE%D0%BF%D0%B8%D0%BB%D0%B0&__rr=1,бензопила,,,raw_html,,f0ada4e5d68779a7a4864ab2c6e90c29964caeabca2e530224d0b787d6b18e1e,f0ada4e5d68779a7a4864ab2c6e90c29964caeabca2e530224d0b787d6b18e1e,D:\Job_Codes\PriceTracker\services\stealth-renderer\.artifacts\2026-05-18-sr-ozon.ru\1779102553217-ac4e8r\page.html,False,2026-05-18-sr-ozon.ru\1779102553217-ac4e8r\page.html,html/ozon.ru-run-none12.html,application_import,,2026-05-18T11:09:35.259Z,729107,False,True,,,False,,True,,0.0,dind-ozon.ru-f0ada4e5d68779a7,product_page_or_listing,https://www.ozon.ru/search/?deny_category_prediction=true&from_global=true&text=%D0%B1%D0%B5%D0%BD%D0%B7%D0%BE%D0%BF%D0%B8%D0%BB%D0%B0&__rr=1,True,stealth_renderer,бензопила,,,f0ada4e5d68779a7a4864ab2c6e90c29964caeabca2e530224d0b787d6b18e1e,736511,False,ozon.ru,https://www.ozon.ru/search/?deny_category_prediction=true&from_global=true&text=%D0%B1%D0%B5%D0%BD%D0%B7%D0%BE%D0%BF%D0%B8%D0%BB%D0%B0&__rr=1,бензопила - купить на OZON,False,ozon.ru,run-none12,,,ok,2.1138999999966472,,402.30870000005234,24.0,24.0,24.0,False,,,,ok,False,402.30870000005234,2.3845999999903142,HTML parse + extraction; shared across modes,24,0,0,1.0,0.0,0.0,0,1,0,0,0,1.0,1.0,1.0,1.0,1.0,1.0,1.0,1.0,1.0
20261002T161451Z-d2eb76ee,industrial,original_fast,dind-ozon.ru-0893ebc9dae9a0b6,html/ozon.ru-run-none13.html,дрель,positive,True,24.0,24.0,24,0,0,1.0,24,0,0,24,0,0,24,0,0,industrial,html/ozon.ru-run-none13.html,ozon.ru-run-none13.html,run-none13,ozon.ru,D:\Pet_Codes\science\article-price-tracker\industrial\html\ozon.ru-run-none13.html,https://www.ozon.ru/search/?deny_category_prediction=true&from_global=true&text=%D0%B4%D1%80%D0%B5%D0%BB%D1%8C,https://www.ozon.ru/search/?deny_category_prediction=true&from_global=true&text=%D0%B4%D1%80%D0%B5%D0%BB%D1%8C,дрель,,,raw_html,,0893ebc9dae9a0b60878d586f9affc9a58f1f1727429afe9abd89a96f75997f4,0893ebc9dae9a0b60878d586f9affc9a58f1f1727429afe9abd89a96f75997f4,D:\Job_Codes\PriceTracker\services\stealth-renderer\.artifacts\2026-05-18-sr-ozon.ru\1779103893805-8ihuii\page.html,False,2026-05-18-sr-ozon.ru\1779103893805-8ihuii\page.html,html/ozon.ru-run-none13.html,application_import,,2026-05-18T11:31:59.390Z,715558,False,True,,,False,,True,,0.0,dind-ozon.ru-0893ebc9dae9a0b6,product_page_or_listing,https://www.ozon.ru/search/?deny_category_prediction=true&from_global=true&text=%D0%B4%D1%80%D0%B5%D0%BB%D1%8C,True,stealth_renderer,дрель,,,0893ebc9dae9a0b60878d586f9affc9a58f1f1727429afe9abd89a96f75997f4,723042,False,ozon.ru,https://www.ozon.ru/search/?deny_category_prediction=true&from_global=true&text=%D0%B4%D1%80%D0%B5%D0%BB%D1%8C,дрель - купить на OZON,False,ozon.ru,run-none13,,,ok,12.776499999919906,,379.0193000000436,24.0,24.0,24.0,False,,,,ok,False,379.0193000000436,2.1381999999284744,HTML parse + extraction; shared across modes,24,0,0,1.0,0.0,0.0,0,1,0,0,0,1.0,1.0,1.0,1.0,1.0,1.0,1.0,1.0,1.0
20261002T161451Z-d2eb76ee,industrial,original_fast,dind-ozon.ru-9912b1cd9743ff61,html/ozon.ru-run-none14.html,дрель безударная,positive,True,24.0,24.0,24,0,0,1.0,24,0,0,24,0,0,24,0,0,industrial,html/ozon.ru-run-none14.html,ozon.ru-run-none14.html,run-none14,ozon.ru,D:\Pet_Codes\science\article-price-tracker\industrial\html\ozon.ru-run-none14.html,https://www.ozon.ru/search/?deny_category_prediction=true&from_global=true&text=%D0%B4%D1%80%D0%B5%D0%BB%D1%8C+%D0%B1%D0%B5%D0%B7%D1%83%D0%B4%D0%B0%D1%80%D0%BD%D0%B0%D1%8F,https://www.ozon.ru/search/?deny_category_prediction=true&from_global=true&text=%D0%B4%D1%80%D0%B5%D0%BB%D1%8C+%D0%B1%D0%B5%D0%B7%D1%83%D0%B4%D0%B0%D1%80%D0%BD%D0%B0%D1%8F,дрель безударная,,,raw_html,,9912b1cd9743ff613adc88696fdf95a504e5e940610c976491fd6ea47c114997,9912b1cd9743ff613adc88696fdf95a504e5e940610c976491fd6ea47c114997,D:\Job_Codes\PriceTracker\services\stealth-renderer\.artifacts\2026-05-18-sr-ozon.ru\1779103982290-skeo10\page.html,False,2026-05-18-sr-ozon.ru\1779103982290-skeo10\page.html,html/ozon.ru-run-none14.html,application_import,,2026-05-18T11:33:29.960Z,737988,False,True,,,False,,True,,0.0,dind-ozon.ru-9912b1cd9743ff61,product_page_or_listing,https://www.ozon.ru/search/?deny_category_prediction=true&from_global=true&text=%D0%B4%D1%80%D0%B5%D0%BB%D1%8C+%D0%B1%D0%B5%D0%B7%D1%83%D0%B4%D0%B0%D1%80%D0%BD%D0%B0%D1%8F,True,stealth_renderer,дрель безударная,,,9912b1cd9743ff613adc88696fdf95a504e5e940610c976491fd6ea47c114997,746122,False,ozon.ru,https://www.ozon.ru/search/?deny_category_prediction=true&from_global=true&text=%D0%B4%D1%80%D0%B5%D0%BB%D1%8C+%D0%B1%D0%B5%D0%B7%D1%83%D0%B4%D0%B0%D1%80%D0%BD%D0%B0%D1%8F,дрель безударная - купить на OZON,False,ozon.ru,run-none14,,,ok,14.86309999995865,,404.4629999999888,24.0,24.0,24.0,False,,,,ok,False,404.4629999999888,2.1084999999729916,HTML parse + extraction; shared across modes,24,0,0,1.0,0.0,0.0,0,1,0,0,0,1.0,1.0,1.0,1.0,1.0,1.0,1.0,1.0,1.0
20261002T161451Z-d2eb76ee,industrial,original_fast,dind-ozon.ru-c1c4d36f73fb1884,html/ozon.ru-run-none15.html,ps 5,positive,True,24.0,24.0,24,0,0,1.0,24,0,0,24,0,0,24,0,0,industrial,html/ozon.ru-run-none15.html,ozon.ru-run-none15.html,run-none15,ozon.ru,D:\Pet_Codes\science\article-price-tracker\industrial\html\ozon.ru-run-none15.html,https://www.ozon.ru/search/?deny_category_prediction=true&from_global=true&text=ps+5,https://www.ozon.ru/search/?deny_category_prediction=true&from_global=true&text=ps+5,ps 5,,,raw_html,,c1c4d36f73fb1884aeba2a487c6284ed6181b857c6ff287fff41b4904e0b7ec0,c1c4d36f73fb1884aeba2a487c6284ed6181b857c6ff287fff41b4904e0b7ec0,D:\Job_Codes\PriceTracker\services\stealth-renderer\.artifacts\2026-06-02-sr-ozon.ru\1780412219033-s2exv7\page.html,False,2026-06-02-sr-ozon.ru\1780412219033-s2exv7\page.html,html/ozon.ru-run-none15.html,application_import,,2026-06-02T14:57:30.524Z,682814,False,True,,,False,,True,,0.0,dind-ozon.ru-c1c4d36f73fb1884,product_page_or_listing,https://www.ozon.ru/search/?deny_category_prediction=true&from_global=true&text=ps+5,True,stealth_renderer,ps 5,,,c1c4d36f73fb1884aeba2a487c6284ed6181b857c6ff287fff41b4904e0b7ec0,689955,False,ozon.ru,https://www.ozon.ru/search/?deny_category_prediction=true&from_global=true&text=ps+5,ps 5 - купить на OZON,False,ozon.ru,run-none15,,,ok,1.875800000037998,,381.5910000000149,24.0,24.0,24.0,False,,,,ok,False,381.5910000000149,1.9156000000657514,HTML parse + extraction; shared across modes,24,0,0,1.0,0.0,0.0,0,1,0,0,0,1.0,1.0,1.0,1.0,1.0,1.0,1.0,1.0,1.0
20261002T161451Z-d2eb76ee,industrial,original_fast,dind-ozon.ru-8cf713849b5ae916,html/ozon.ru-run-none16.html,ps 5,positive,True,24.0,24.0,24,0,0,1.0,24,0,0,24,0,0,24,0,0,industrial,html/ozon.ru-run-none16.html,ozon.ru-run-none16.html,run-none16,ozon.ru,D:\Pet_Codes\science\article-price-tracker\industrial\html\ozon.ru-run-none16.html,https://www.ozon.ru/search/?deny_category_prediction=true&from_global=true&text=ps+5,https://www.ozon.ru/search/?deny_category_prediction=true&from_global=true&text=ps+5,ps 5,,,raw_html,,8cf713849b5ae9165b2c06605c1645d947b03e9ab0383ebd913b9a11729a837d,8cf713849b5ae9165b2c06605c1645d947b03e9ab0383ebd913b9a11729a837d,D:\Job_Codes\PriceTracker\services\stealth-renderer\.artifacts\2026-06-03-sr-ozon.ru\1780492695532-ea7wdc\page.html,False,2026-06-03-sr-ozon.ru\1780492695532-ea7wdc\page.html,html/ozon.ru-run-none16.html,application_import,,2026-06-03T13:18:37.888Z,684258,False,True,,,False,,True,,0.0,dind-ozon.ru-8cf713849b5ae916,product_page_or_listing,https://www.ozon.ru/search/?deny_category_prediction=true&from_global=true&text=ps+5,True,stealth_renderer,ps 5,,,8cf713849b5ae9165b2c06605c1645d947b03e9ab0383ebd913b9a11729a837d,691264,False,ozon.ru,https://www.ozon.ru/search/?deny_category_prediction=true&from_global=true&text=ps+5,ps 5 - купить на OZON,False,ozon.ru,run-none16,,,ok,13.042299999971874,,376.8685000000987,24.0,24.0,24.0,False,,,,ok,False,376.8685000000987,1.6212999999988824,HTML parse + extraction; shared across modes,24,0,0,1.0,0.0,0.0,0,1,0,0,0,1.0,1.0,1.0,1.0,1.0,1.0,1.0,1.0,1.0
20261002T161451Z-d2eb76ee,industrial,original_fast,dind-ozon.ru-ff68223ce1cea753,html/ozon.ru-run-none17.html,ps 5,positive,True,40.0,40.0,40,0,0,1.0,40,0,0,40,0,0,40,0,0,industrial,html/ozon.ru-run-none17.html,ozon.ru-run-none17.html,run-none17,ozon.ru,D:\Pet_Codes\science\article-price-tracker\industrial\html\ozon.ru-run-none17.html,https://www.ozon.ru/search/?deny_category_prediction=true&from_global=true&text=ps+5,https://www.ozon.ru/search/?deny_category_prediction=true&from_global=true&text=ps+5,ps 5,,,raw_html,,ff68223ce1cea75336b5936caaec7f4b670d112e98dd9c2bef98ae325fa35450,ff68223ce1cea75336b5936caaec7f4b670d112e98dd9c2bef98ae325fa35450,D:\Job_Codes\PriceTracker\services\stealth-renderer\.artifacts\2026-06-04-sr-ozon.ru\1780551432175-51yoe1\page.html,False,2026-06-04-sr-ozon.ru\1780551432175-51yoe1\page.html,html/ozon.ru-run-none17.html,application_import,,2026-06-04T05:37:53.962Z,835094,False,True,,,False,,True,,0.0,dind-ozon.ru-ff68223ce1cea753,product_page_or_listing,https://www.ozon.ru/search/?deny_category_prediction=true&from_global=true&text=ps+5,True,stealth_renderer,ps 5,,,ff68223ce1cea75336b5936caaec7f4b670d112e98dd9c2bef98ae325fa35450,844402,False,ozon.ru,https://www.ozon.ru/search/?deny_category_prediction=true&from_global=true&text=ps+5,ps 5 - купить на OZON,False,ozon.ru,run-none17,,,ok,14.57709999999497,,586.250299999956,40.0,40.0,40.0,False,,,,ok,False,586.250299999956,2.604300000006333,HTML parse + extraction; shared across modes,40,0,0,1.0,0.0,0.0,0,1,0,0,0,1.0,1.0,1.0,1.0,1.0,1.0,1.0,1.0,1.0
20261002T161451Z-d2eb76ee,industrial,original_fast,dind-ozon.ru-af96b2643001265b,html/ozon.ru-run-none18.html,ps 5,positive,True,24.0,24.0,24,0,0,1.0,24,0,0,24,0,0,24,0,0,industrial,html/ozon.ru-run-none18.html,ozon.ru-run-none18.html,run-none18,ozon.ru,D:\Pet_Codes\science\article-price-tracker\industrial\html\ozon.ru-run-none18.html,https://www.ozon.ru/search/?deny_category_prediction=true&from_global=true&text=ps+5,https://www.ozon.ru/search/?deny_category_prediction=true&from_global=true&text=ps+5,ps 5,,,raw_html,,af96b2643001265b509eadb3f82d949c923f72c77bfa647701c41e5a8763419c,af96b2643001265b509eadb3f82d949c923f72c77bfa647701c41e5a8763419c,D:\Job_Codes\PriceTracker\services\stealth-renderer\.artifacts\2026-06-04-sr-ozon.ru\1780557288704-kvxqgq\page.html,False,2026-06-04-sr-ozon.ru\1780557288704-kvxqgq\page.html,html/ozon.ru-run-none18.html,application_import,,2026-06-04T07:15:16.389Z,669963,False,True,,,False,,True,,0.0,dind-ozon.ru-af96b2643001265b,product_page_or_listing,https://www.ozon.ru/search/?deny_category_prediction=true&from_global=true&text=ps+5,True,stealth_renderer,ps 5,,,af96b2643001265b509eadb3f82d949c923f72c77bfa647701c41e5a8763419c,677018,False,ozon.ru,https://www.ozon.ru/search/?deny_category_prediction=true&from_global=true&text=ps+5,ps 5 - купить на OZON,False,ozon.ru,run-none18,,,ok,1.8212999999523163,,416.673300000024,24.0,24.0,24.0,False,,,,ok,False,416.673300000024,1.4844999999040738,HTML parse + extraction; shared across modes,24,0,0,1.0,0.0,0.0,0,1,0,0,0,1.0,1.0,1.0,1.0,1.0,1.0,1.0,1.0,1.0
20261002T161451Z-d2eb76ee,industrial,original_fast,dind-ozon.ru-b36c824831b3255e,html/ozon.ru-run-none19.html,ps 5,positive,True,24.0,24.0,24,0,0,1.0,24,0,0,24,0,0,24,0,0,industrial,html/ozon.ru-run-none19.html,ozon.ru-run-none19.html,run-none19,ozon.ru,D:\Pet_Codes\science\article-price-tracker\industrial\html\ozon.ru-run-none19.html,https://www.ozon.ru/search/?deny_category_prediction=true&from_global=true&text=ps+5,https://www.ozon.ru/search/?deny_category_prediction=true&from_global=true&text=ps+5,ps 5,,,raw_html,,b36c824831b3255e4664253d1a00a0e185422dc8e19884d69fc17c0b1ccdca99,b36c824831b3255e4664253d1a00a0e185422dc8e19884d69fc17c0b1ccdca99,D:\Job_Codes\PriceTracker\services\stealth-renderer\.artifacts\2026-06-04-sr-ozon.ru\1780575784332-d9mnbd\page.html,False,2026-06-04-sr-ozon.ru\1780575784332-d9mnbd\page.html,html/ozon.ru-run-none19.html,application_import,,2026-06-04T12:23:45.690Z,679664,False,True,,,False,,True,,0.0,dind-ozon.ru-b36c824831b3255e,product_page_or_listing,https://www.ozon.ru/search/?deny_category_prediction=true&from_global=true&text=ps+5,True,stealth_renderer,ps 5,,,b36c824831b3255e4664253d1a00a0e185422dc8e19884d69fc17c0b1ccdca99,686726,False,ozon.ru,https://www.ozon.ru/search/?deny_category_prediction=true&from_global=true&text=ps+5,ps 5 - купить на OZON,False,ozon.ru,run-none19,,,ok,13.859000000054948,,373.6755000000121,24.0,24.0,24.0,False,,,,ok,False,373.6755000000121,1.5143000000389293,HTML parse + extraction; shared across modes,24,0,0,1.0,0.0,0.0,0,1,0,0,0,1.0,1.0,1.0,1.0,1.0,1.0,1.0,1.0,1.0
20261002T161451Z-d2eb76ee,industrial,original_fast,dind-ozon.ru-c0e19b1385e2c08d,html/ozon.ru-run-none20.html,ps 5,positive,True,24.0,24.0,24,0,0,1.0,24,0,0,24,0,0,24,0,0,industrial,html/ozon.ru-run-none20.html,ozon.ru-run-none20.html,run-none20,ozon.ru,D:\Pet_Codes\science\article-price-tracker\industrial\html\ozon.ru-run-none20.html,https://www.ozon.ru/search/?deny_category_prediction=true&from_global=true&text=ps+5,https://www.ozon.ru/search/?deny_category_prediction=true&from_global=true&text=ps+5,ps 5,,,raw_html,,c0e19b1385e2c08d04ca98ae33f440cb6a812daf6d55afb1facdd58140012a51,c0e19b1385e2c08d04ca98ae33f440cb6a812daf6d55afb1facdd58140012a51,D:\Job_Codes\PriceTracker\services\stealth-renderer\.artifacts\2026-06-04-sr-ozon.ru\1780575968625-g867lk\page.html,False,2026-06-04-sr-ozon.ru\1780575968625-g867lk\page.html,html/ozon.ru-run-none20.html,application_import,,2026-06-04T12:26:37.294Z,679257,False,True,,,False,,True,,0.0,dind-ozon.ru-c0e19b1385e2c08d,product_page_or_listing,https://www.ozon.ru/search/?deny_category_prediction=true&from_global=true&text=ps+5,True,stealth_renderer,ps 5,,,c0e19b1385e2c08d04ca98ae33f440cb6a812daf6d55afb1facdd58140012a51,686303,False,ozon.ru,https://www.ozon.ru/search/?deny_category_prediction=true&from_global=true&text=ps+5,ps 5 - купить на OZON,False,ozon.ru,run-none20,,,ok,12.739000000059605,,368.40749999997206,24.0,24.0,24.0,False,,,,ok,False,368.40749999997206,1.5333000000100583,HTML parse + extraction; shared across modes,24,0,0,1.0,0.0,0.0,0,1,0,0,0,1.0,1.0,1.0,1.0,1.0,1.0,1.0,1.0,1.0
20261002T161451Z-d2eb76ee,industrial,original_fast,dind-ozon.ru-14349728faeae495,html/ozon.ru-run-none21.html,ps 5,positive,True,32.0,32.0,32,0,0,1.0,32,0,0,32,0,0,32,0,0,industrial,html/ozon.ru-run-none21.html,ozon.ru-run-none21.html,run-none21,ozon.ru,D:\Pet_Codes\science\article-price-tracker\industrial\html\ozon.ru-run-none21.html,https://www.ozon.ru/search/?deny_category_prediction=true&from_global=true&text=ps+5,https://www.ozon.ru/search/?deny_category_prediction=true&from_global=true&text=ps+5,ps 5,,,raw_html,,14349728faeae4959b213f9e109b40525b02bdf0d8066e134aae61575dc58cb0,14349728faeae4959b213f9e109b40525b02bdf0d8066e134aae61575dc58cb0,D:\Job_Codes\PriceTracker\services\stealth-renderer\.artifacts\2026-06-04-sr-ozon.ru\1780578427666-zngwoy\page.html,False,2026-06-04-sr-ozon.ru\1780578427666-zngwoy\page.html,html/ozon.ru-run-none21.html,application_import,,2026-06-04T13:08:03.416Z,735970,False,True,,,False,,True,,0.0,dind-ozon.ru-14349728faeae495,product_page_or_listing,https://www.ozon.ru/search/?deny_category_prediction=true&from_global=true&text=ps+5,True,stealth_renderer,ps 5,,,14349728faeae4959b213f9e109b40525b02bdf0d8066e134aae61575dc58cb0,743951,False,ozon.ru,https://www.ozon.ru/search/?deny_category_prediction=true&from_global=true&text=ps+5,ps 5 - купить на OZON,False,ozon.ru,run-none21,,,ok,13.170099999988452,,454.0551999999443,32.0,32.0,32.0,False,,,,ok,False,454.0551999999443,2.664100000052713,HTML parse + extraction; shared across modes,32,0,0,1.0,0.0,0.0,0,1,0,0,0,1.0,1.0,1.0,1.0,1.0,1.0,1.0,1.0,1.0
20261002T161451Z-d2eb76ee,industrial,original_fast,dind-ozon.ru-7fc3cd29b958b570,html/ozon.ru-run-none22.html,ps 5,positive,True,24.0,24.0,24,0,0,1.0,24,0,0,24,0,0,24,0,0,industrial,html/ozon.ru-run-none22.html,ozon.ru-run-none22.html,run-none22,ozon.ru,D:\Pet_Codes\science\article-price-tracker\industrial\html\ozon.ru-run-none22.html,https://www.ozon.ru/search/?deny_category_prediction=true&from_global=true&text=ps+5,https://www.ozon.ru/search/?deny_category_prediction=true&from_global=true&text=ps+5,ps 5,,,raw_html,,7fc3cd29b958b570a01ee8ced5a30bfe47b2efe7e82f4d953d8a4f767a09f242,7fc3cd29b958b570a01ee8ced5a30bfe47b2efe7e82f4d953d8a4f767a09f242,D:\Job_Codes\PriceTracker\services\stealth-renderer\.artifacts\2026-06-05-sr-ozon.ru\1780651528180-ycsdcl\page.html,False,2026-06-05-sr-ozon.ru\1780651528180-ycsdcl\page.html,html/ozon.ru-run-none22.html,application_import,,2026-06-05T09:25:55.759Z,743359,False,True,,,False,,True,,0.0,dind-ozon.ru-7fc3cd29b958b570,product_page_or_listing,https://www.ozon.ru/search/?deny_category_prediction=true&from_global=true&text=ps+5,True,stealth_renderer,ps 5,,,7fc3cd29b958b570a01ee8ced5a30bfe47b2efe7e82f4d953d8a4f767a09f242,750410,False,ozon.ru,https://www.ozon.ru/search/?deny_category_prediction=true&from_global=true&text=ps+5,ps 5 - купить на OZON,False,ozon.ru,run-none22,,,ok,14.561199999996461,,377.06440000003204,24.0,24.0,24.0,False,,,,ok,False,377.06440000003204,2.684999999939464,HTML parse + extraction; shared across modes,24,0,0,1.0,0.0,0.0,0,1,0,0,0,1.0,1.0,1.0,1.0,1.0,1.0,1.0,1.0,1.0
20261002T161451Z-d2eb76ee,industrial,original_fast,dind-ozon.ru-17ea1a246cc5c852,html/ozon.ru-run-none23.html,ps 5,positive,True,24.0,24.0,24,0,0,1.0,24,0,0,24,0,0,24,0,0,industrial,html/ozon.ru-run-none23.html,ozon.ru-run-none23.html,run-none23,ozon.ru,D:\Pet_Codes\science\article-price-tracker\industrial\html\ozon.ru-run-none23.html,https://www.ozon.ru/search/?deny_category_prediction=true&from_global=true&text=ps+5,https://www.ozon.ru/search/?deny_category_prediction=true&from_global=true&text=ps+5,ps 5,,,raw_html,,17ea1a246cc5c8520632cbeebab35890ebbf1a4bdaa0374435f6f69087b357b9,17ea1a246cc5c8520632cbeebab35890ebbf1a4bdaa0374435f6f69087b357b9,D:\Job_Codes\PriceTracker\services\stealth-renderer\.artifacts\2026-06-05-sr-ozon.ru\1780653240002-0azsxc\page.html,False,2026-06-05-sr-ozon.ru\1780653240002-0azsxc\page.html,html/ozon.ru-run-none23.html,application_import,,2026-06-05T09:54:24.449Z,739078,False,True,,,False,,True,,0.0,dind-ozon.ru-17ea1a246cc5c852,product_page_or_listing,https://www.ozon.ru/search/?deny_category_prediction=true&from_global=true&text=ps+5,True,stealth_renderer,ps 5,,,17ea1a246cc5c8520632cbeebab35890ebbf1a4bdaa0374435f6f69087b357b9,746091,False,ozon.ru,https://www.ozon.ru/search/?deny_category_prediction=true&from_global=true&text=ps+5,ps 5 - купить на OZON,False,ozon.ru,run-none23,,,ok,12.822900000028312,,370.02860000007786,24.0,24.0,24.0,False,,,,ok,False,370.02860000007786,1.7020000000484288,HTML parse + extraction; shared across modes,24,0,0,1.0,0.0,0.0,0,1,0,0,0,1.0,1.0,1.0,1.0,1.0,1.0,1.0,1.0,1.0
20261002T161451Z-d2eb76ee,industrial,original_fast,dind-ozon.ru-664876f2c1bfe726,html/ozon.ru-run-none24.html,ps 5,positive,True,20.0,20.0,20,0,0,1.0,20,0,0,20,0,0,20,0,0,industrial,html/ozon.ru-run-none24.html,ozon.ru-run-none24.html,run-none24,ozon.ru,D:\Pet_Codes\science\article-price-tracker\industrial\html\ozon.ru-run-none24.html,https://www.ozon.ru/search/?deny_category_prediction=true&from_global=true&text=ps+5,https://www.ozon.ru/search/?deny_category_prediction=true&from_global=true&text=ps+5,ps 5,,,raw_html,,664876f2c1bfe726cc1ff72ec6a2cb1c07411a83aab1e773ecb9c49b6672063e,664876f2c1bfe726cc1ff72ec6a2cb1c07411a83aab1e773ecb9c49b6672063e,D:\Job_Codes\PriceTracker\services\stealth-renderer\.artifacts\2026-06-05-sr-ozon.ru\1780657619178-f3wbji\page.html,False,2026-06-05-sr-ozon.ru\1780657619178-f3wbji\page.html,html/ozon.ru-run-none24.html,application_import,,2026-06-05T11:07:26.032Z,523938,False,True,,,False,,True,,0.0,dind-ozon.ru-664876f2c1bfe726,product_page_or_listing,https://www.ozon.ru/search/?deny_category_prediction=true&from_global=true&text=ps+5,True,stealth_renderer,ps 5,,,664876f2c1bfe726cc1ff72ec6a2cb1c07411a83aab1e773ecb9c49b6672063e,529580,False,ozon.ru,https://www.ozon.ru/search/?deny_category_prediction=true&from_global=true&text=ps+5,OZON маркетплейс – миллионы товаров по выгодным ценам,False,ozon.ru,run-none24,,,ok,13.194800000055693,,83.89049999997951,20.0,20.0,20.0,False,,,,ok,False,83.89049999997951,1.5791000000899658,HTML parse + extraction; shared across modes,20,0,0,1.0,0.0,0.0,0,1,0,0,0,1.0,1.0,1.0,1.0,1.0,1.0,1.0,1.0,1.0
20261002T161451Z-d2eb76ee,industrial,original_fast,dind-ozon.ru-030d0fbe4dcf938f,html/ozon.ru-run-none25.html,ps 5,positive,True,24.0,24.0,24,0,0,1.0,24,0,0,24,0,0,24,0,0,industrial,html/ozon.ru-run-none25.html,ozon.ru-run-none25.html,run-none25,ozon.ru,D:\Pet_Codes\science\article-price-tracker\industrial\html\ozon.ru-run-none25.html,https://www.ozon.ru/search/?deny_category_prediction=true&from_global=true&text=ps+5,https://www.ozon.ru/search/?deny_category_prediction=true&from_global=true&text=ps+5,ps 5,,,raw_html,,030d0fbe4dcf938f4a602873351cbf90d2552cf32cae38c496529e42f6401f33,030d0fbe4dcf938f4a602873351cbf90d2552cf32cae38c496529e42f6401f33,D:\Job_Codes\PriceTracker\services\stealth-renderer\.artifacts\2026-06-05-sr-ozon.ru\1780658471458-rg8zg6\page.html,False,2026-06-05-sr-ozon.ru\1780658471458-rg8zg6\page.html,html/ozon.ru-run-none25.html,application_import,,2026-06-05T11:21:39.839Z,753174,False,True,,,False,,True,,0.0,dind-ozon.ru-030d0fbe4dcf938f,product_page_or_listing,https://www.ozon.ru/search/?deny_category_prediction=true&from_global=true&text=ps+5,True,stealth_renderer,ps 5,,,030d0fbe4dcf938f4a602873351cbf90d2552cf32cae38c496529e42f6401f33,760070,False,ozon.ru,https://www.ozon.ru/search/?deny_category_prediction=true&from_global=true&text=ps+5,ps 5 - купить на OZON,False,ozon.ru,run-none25,,,ok,2.1472999999532476,,409.91440000000875,24.0,24.0,24.0,False,,,,ok,False,409.91440000000875,1.3697000000393018,HTML parse + extraction; shared across modes,24,0,0,1.0,0.0,0.0,0,1,0,0,0,1.0,1.0,1.0,1.0,1.0,1.0,1.0,1.0,1.0
20261002T161451Z-d2eb76ee,industrial,original_fast,dind-ozon.ru-2aee48801f977b0f,html/ozon.ru-run-none26.html,ps 5,positive,True,24.0,24.0,24,0,0,1.0,24,0,0,24,0,0,24,0,0,industrial,html/ozon.ru-run-none26.html,ozon.ru-run-none26.html,run-none26,ozon.ru,D:\Pet_Codes\science\article-price-tracker\industrial\html\ozon.ru-run-none26.html,https://www.ozon.ru/search/?deny_category_prediction=true&from_global=true&text=ps+5,https://www.ozon.ru/search/?deny_category_prediction=true&from_global=true&text=ps+5,ps 5,,,raw_html,,2aee48801f977b0fd821d1f8eb5493daedb2b66f3bb783c01ee96c308aacd274,2aee48801f977b0fd821d1f8eb5493daedb2b66f3bb783c01ee96c308aacd274,D:\Job_Codes\PriceTracker\services\stealth-renderer\.artifacts\2026-06-05-sr-ozon.ru\1780659029668-ww3mh8\page.html,False,2026-06-05-sr-ozon.ru\1780659029668-ww3mh8\page.html,html/ozon.ru-run-none26.html,application_import,,2026-06-05T11:30:58.148Z,737055,False,True,,,False,,True,,0.0,dind-ozon.ru-2aee48801f977b0f,product_page_or_listing,https://www.ozon.ru/search/?deny_category_prediction=true&from_global=true&text=ps+5,True,stealth_renderer,ps 5,,,2aee48801f977b0fd821d1f8eb5493daedb2b66f3bb783c01ee96c308aacd274,743974,False,ozon.ru,https://www.ozon.ru/search/?deny_category_prediction=true&from_global=true&text=ps+5,ps 5 - купить на OZON,False,ozon.ru,run-none26,,,ok,12.916399999987334,,374.90890000003856,24.0,24.0,24.0,False,,,,ok,False,374.90890000003856,2.075000000069849,HTML parse + extraction; shared across modes,24,0,0,1.0,0.0,0.0,0,1,0,0,0,1.0,1.0,1.0,1.0,1.0,1.0,1.0,1.0,1.0
20261002T161451Z-d2eb76ee,industrial,original_fast,dind-ozon.ru-981504bdf6f0c850,html/ozon.ru-run-none27.html,ps 5,positive,True,24.0,24.0,24,0,0,1.0,24,0,0,24,0,0,24,0,0,industrial,html/ozon.ru-run-none27.html,ozon.ru-run-none27.html,run-none27,ozon.ru,D:\Pet_Codes\science\article-price-tracker\industrial\html\ozon.ru-run-none27.html,https://www.ozon.ru/search/?deny_category_prediction=true&from_global=true&text=ps+5,https://www.ozon.ru/search/?deny_category_prediction=true&from_global=true&text=ps+5,ps 5,,,raw_html,,981504bdf6f0c85029de8279480f783e444618ecaf9d2c0705afd14d0392288a,981504bdf6f0c85029de8279480f783e444618ecaf9d2c0705afd14d0392288a,D:\Job_Codes\PriceTracker\services\stealth-renderer\.artifacts\2026-06-05-sr-ozon.ru\1780659595245-b4zq5m\page.html,False,2026-06-05-sr-ozon.ru\1780659595245-b4zq5m\page.html,html/ozon.ru-run-none27.html,application_import,,2026-06-05T11:40:24.125Z,755589,False,True,,,False,,True,,0.0,dind-ozon.ru-981504bdf6f0c850,product_page_or_listing,https://www.ozon.ru/search/?deny_category_prediction=true&from_global=true&text=ps+5,True,stealth_renderer,ps 5,,,981504bdf6f0c85029de8279480f783e444618ecaf9d2c0705afd14d0392288a,762601,False,ozon.ru,https://www.ozon.ru/search/?deny_category_prediction=true&from_global=true&text=ps+5,ps 5 - купить на OZON,False,ozon.ru,run-none27,,,ok,13.41780000005383,,386.907700000098,24.0,24.0,24.0,False,,,,ok,False,386.907700000098,1.3880000000353903,HTML parse + extraction; shared across modes,24,0,0,1.0,0.0,0.0,0,1,0,0,0,1.0,1.0,1.0,1.0,1.0,1.0,1.0,1.0,1.0
20261002T161451Z-d2eb76ee,industrial,original_fast,dind-ozon.ru-309ec1587fa9ccca,html/ozon.ru-run-none28.html,ps 5,positive,True,24.0,24.0,24,0,0,1.0,24,0,0,24,0,0,24,0,0,industrial,html/ozon.ru-run-none28.html,ozon.ru-run-none28.html,run-none28,ozon.ru,D:\Pet_Codes\science\article-price-tracker\industrial\html\ozon.ru-run-none28.html,https://www.ozon.ru/search/?deny_category_prediction=true&from_global=true&text=ps+5,https://www.ozon.ru/search/?deny_category_prediction=true&from_global=true&text=ps+5,ps 5,,,raw_html,,309ec1587fa9ccca4f1269b8c7d3dcde83314101e23af33ce3cf6af7fc8409b8,309ec1587fa9ccca4f1269b8c7d3dcde83314101e23af33ce3cf6af7fc8409b8,D:\Job_Codes\PriceTracker\services\stealth-renderer\.artifacts\2026-06-05-sr-ozon.ru\1780659767243-1pyaxz\page.html,False,2026-06-05-sr-ozon.ru\1780659767243-1pyaxz\page.html,html/ozon.ru-run-none28.html,application_import,,2026-06-05T11:43:15.526Z,740356,False,True,,,False,,True,,0.0,dind-ozon.ru-309ec1587fa9ccca,product_page_or_listing,https://www.ozon.ru/search/?deny_category_prediction=true&from_global=true&text=ps+5,True,stealth_renderer,ps 5,,,309ec1587fa9ccca4f1269b8c7d3dcde83314101e23af33ce3cf6af7fc8409b8,747353,False,ozon.ru,https://www.ozon.ru/search/?deny_category_prediction=true&from_global=true&text=ps+5,ps 5 - купить на OZON,False,ozon.ru,run-none28,,,ok,14.15700000000652,,421.0879999999888,24.0,24.0,24.0,False,,,,ok,False,421.0879999999888,1.605600000009872,HTML parse + extraction; shared across modes,24,0,0,1.0,0.0,0.0,0,1,0,0,0,1.0,1.0,1.0,1.0,1.0,1.0,1.0,1.0,1.0
20261002T161451Z-d2eb76ee,industrial,original_fast,dind-ozon.ru-f0c4de7b7d4ddccc,html/ozon.ru-run-none29.html,ps 5,positive,True,24.0,24.0,24,0,0,1.0,24,0,0,24,0,0,24,0,0,industrial,html/ozon.ru-run-none29.html,ozon.ru-run-none29.html,run-none29,ozon.ru,D:\Pet_Codes\science\article-price-tracker\industrial\html\ozon.ru-run-none29.html,https://www.ozon.ru/search/?deny_category_prediction=true&from_global=true&text=ps+5,https://www.ozon.ru/search/?deny_category_prediction=true&from_global=true&text=ps+5,ps 5,,,raw_html,,f0c4de7b7d4ddcccd12f616b272480a1d9104687a10ea451849dfc38cd79c591,f0c4de7b7d4ddcccd12f616b272480a1d9104687a10ea451849dfc38cd79c591,D:\Job_Codes\PriceTracker\services\stealth-renderer\.artifacts\2026-06-05-sr-ozon.ru\1780659907260-u50zbc\page.html,False,2026-06-05-sr-ozon.ru\1780659907260-u50zbc\page.html,html/ozon.ru-run-none29.html,application_import,,2026-06-05T11:45:36.459Z,751179,False,True,,,False,,True,,0.0,dind-ozon.ru-f0c4de7b7d4ddccc,product_page_or_listing,https://www.ozon.ru/search/?deny_category_prediction=true&from_global=true&text=ps+5,True,stealth_renderer,ps 5,,,f0c4de7b7d4ddcccd12f616b272480a1d9104687a10ea451849dfc38cd79c591,758151,False,ozon.ru,https://www.ozon.ru/search/?deny_category_prediction=true&from_global=true&text=ps+5,ps 5 - купить на OZON,False,ozon.ru,run-none29,,,ok,2.040599999949336,,382.1009999999078,24.0,24.0,24.0,False,,,,ok,False,382.1009999999078,1.4148000000277534,HTML parse + extraction; shared across modes,24,0,0,1.0,0.0,0.0,0,1,0,0,0,1.0,1.0,1.0,1.0,1.0,1.0,1.0,1.0,1.0
20261002T161451Z-d2eb76ee,industrial,original_fast,dind-ozon.ru-801ca96b303e9c70,html/ozon.ru-run-none30.html,ps 5,positive,True,30.0,30.0,30,0,0,1.0,30,0,0,30,0,0,30,0,0,industrial,html/ozon.ru-run-none30.html,ozon.ru-run-none30.html,run-none30,ozon.ru,D:\Pet_Codes\science\article-price-tracker\industrial\html\ozon.ru-run-none30.html,https://www.ozon.ru/search/?deny_category_prediction=true&from_global=true&text=ps+5&__rr=1,https://www.ozon.ru/search/?deny_category_prediction=true&from_global=true&text=ps+5&__rr=1,ps 5,,,raw_html,,801ca96b303e9c701e167c77c6e64e4995ef6470ae1385cbffd5b8b3d1f79ff9,801ca96b303e9c701e167c77c6e64e4995ef6470ae1385cbffd5b8b3d1f79ff9,D:\Job_Codes\PriceTracker\services\stealth-renderer\.artifacts\2026-06-05-sr-ozon.ru\1780660872168-lhqwrw\page.html,False,2026-06-05-sr-ozon.ru\1780660872168-lhqwrw\page.html,html/ozon.ru-run-none30.html,application_import,,2026-06-05T12:01:48.315Z,557535,False,True,,,False,,True,,0.0,dind-ozon.ru-801ca96b303e9c70,product_page_or_listing,https://www.ozon.ru/search/?deny_category_prediction=true&from_global=true&text=ps+5&__rr=1,True,stealth_renderer,ps 5,,,801ca96b303e9c701e167c77c6e64e4995ef6470ae1385cbffd5b8b3d1f79ff9,563367,False,ozon.ru,https://www.ozon.ru/search/?deny_category_prediction=true&from_global=true&text=ps+5&__rr=1,OZON маркетплейс – миллионы товаров по выгодным ценам,False,ozon.ru,run-none30,,,ok,13.226699999999255,,91.56059999996796,30.0,30.0,30.0,False,,,,ok,False,91.56059999996796,1.978000000002794,HTML parse + extraction; shared across modes,30,0,0,1.0,0.0,0.0,0,1,0,0,0,1.0,1.0,1.0,1.0,1.0,1.0,1.0,1.0,1.0
20261002T161451Z-d2eb76ee,industrial,original_fast,dind-ozon.ru-adcd554f73025799,html/ozon.ru-run-none31.html,ps 5,positive,True,24.0,24.0,24,0,0,1.0,24,0,0,24,0,0,24,0,0,industrial,html/ozon.ru-run-none31.html,ozon.ru-run-none31.html,run-none31,ozon.ru,D:\Pet_Codes\science\article-price-tracker\industrial\html\ozon.ru-run-none31.html,https://www.ozon.ru/search/?deny_category_prediction=true&from_global=true&text=ps+5,https://www.ozon.ru/search/?deny_category_prediction=true&from_global=true&text=ps+5,ps 5,,,raw_html,,adcd554f730257995ac97963b9e24b74478b010b9e4dfdc19c23f36018784d9c,adcd554f730257995ac97963b9e24b74478b010b9e4dfdc19c23f36018784d9c,D:\Job_Codes\PriceTracker\services\stealth-renderer\.artifacts\2026-06-05-sr-ozon.ru\1780661583086-i4o3f7\page.html,False,2026-06-05-sr-ozon.ru\1780661583086-i4o3f7\page.html,html/ozon.ru-run-none31.html,application_import,,2026-06-05T12:13:31.622Z,755536,False,True,,,False,,True,,0.0,dind-ozon.ru-adcd554f73025799,product_page_or_listing,https://www.ozon.ru/search/?deny_category_prediction=true&from_global=true&text=ps+5,True,stealth_renderer,ps 5,,,adcd554f730257995ac97963b9e24b74478b010b9e4dfdc19c23f36018784d9c,762533,False,ozon.ru,https://www.ozon.ru/search/?deny_category_prediction=true&from_global=true&text=ps+5,ps 5 - купить на OZON,False,ozon.ru,run-none31,,,ok,1.8489999999292195,,402.7282000000123,24.0,24.0,24.0,False,,,,ok,False,402.7282000000123,1.356900000013411,HTML parse + extraction; shared across modes,24,0,0,1.0,0.0,0.0,0,1,0,0,0,1.0,1.0,1.0,1.0,1.0,1.0,1.0,1.0,1.0
20261002T161451Z-d2eb76ee,industrial,original_fast,dind-ozon.ru-0f3fe0ffc5075f97,html/ozon.ru-run-none32.html,ps 5,positive,True,24.0,24.0,24,0,0,1.0,24,0,0,24,0,0,24,0,0,industrial,html/ozon.ru-run-none32.html,ozon.ru-run-none32.html,run-none32,ozon.ru,D:\Pet_Codes\science\article-price-tracker\industrial\html\ozon.ru-run-none32.html,https://www.ozon.ru/search/?deny_category_prediction=true&from_global=true&text=ps+5,https://www.ozon.ru/search/?deny_category_prediction=true&from_global=true&text=ps+5,ps 5,,,raw_html,,0f3fe0ffc5075f973c422dc59800807947b24b4758b72a88a42419356c95dcc0,0f3fe0ffc5075f973c422dc59800807947b24b4758b72a88a42419356c95dcc0,D:\Job_Codes\PriceTracker\services\stealth-renderer\.artifacts\2026-06-05-sr-ozon.ru\1780662439005-opvjk1\page.html,False,2026-06-05-sr-ozon.ru\1780662439005-opvjk1\page.html,html/ozon.ru-run-none32.html,application_import,,2026-06-05T12:27:45.227Z,751840,False,True,,,False,,True,,0.0,dind-ozon.ru-0f3fe0ffc5075f97,product_page_or_listing,https://www.ozon.ru/search/?deny_category_prediction=true&from_global=true&text=ps+5,True,stealth_renderer,ps 5,,,0f3fe0ffc5075f973c422dc59800807947b24b4758b72a88a42419356c95dcc0,758752,False,ozon.ru,https://www.ozon.ru/search/?deny_category_prediction=true&from_global=true&text=ps+5,ps 5 - купить на OZON,False,ozon.ru,run-none32,,,ok,1.9403999999631196,,370.139899999951,24.0,24.0,24.0,False,,,,ok,False,370.139899999951,1.3889000000199303,HTML parse + extraction; shared across modes,24,0,0,1.0,0.0,0.0,0,1,0,0,0,1.0,1.0,1.0,1.0,1.0,1.0,1.0,1.0,1.0
20261002T161451Z-d2eb76ee,industrial,original_fast,dind-ozon.ru-89cacbfd8e2ec95b,html/ozon.ru-run-none33.html,ps 5,positive,True,24.0,24.0,24,0,0,1.0,24,0,0,24,0,0,24,0,0,industrial,html/ozon.ru-run-none33.html,ozon.ru-run-none33.html,run-none33,ozon.ru,D:\Pet_Codes\science\article-price-tracker\industrial\html\ozon.ru-run-none33.html,https://www.ozon.ru/search/?deny_category_prediction=true&from_global=true&text=ps+5,https://www.ozon.ru/search/?deny_category_prediction=true&from_global=true&text=ps+5,ps 5,,,raw_html,,89cacbfd8e2ec95bc7143495ccd6e3c3fe2a7ee990a62217262765fa32458c2e,89cacbfd8e2ec95bc7143495ccd6e3c3fe2a7ee990a62217262765fa32458c2e,D:\Job_Codes\PriceTracker\services\stealth-renderer\.artifacts\2026-06-05-sr-ozon.ru\1780672247549-ybwccu\page.html,False,2026-06-05-sr-ozon.ru\1780672247549-ybwccu\page.html,html/ozon.ru-run-none33.html,application_import,,2026-06-05T15:11:30.262Z,746449,False,True,,,False,,True,,0.0,dind-ozon.ru-89cacbfd8e2ec95b,product_page_or_listing,https://www.ozon.ru/search/?deny_category_prediction=true&from_global=true&text=ps+5,True,stealth_renderer,ps 5,,,89cacbfd8e2ec95bc7143495ccd6e3c3fe2a7ee990a62217262765fa32458c2e,753654,False,ozon.ru,https://www.ozon.ru/search/?deny_category_prediction=true&from_global=true&text=ps+5,ps 5 - купить на OZON,False,ozon.ru,run-none33,,,ok,2.201200000010431,,379.3586999999825,24.0,24.0,24.0,False,,,,ok,False,379.3586999999825,1.5714000000152737,HTML parse + extraction; shared across modes,24,0,0,1.0,0.0,0.0,0,1,0,0,0,1.0,1.0,1.0,1.0,1.0,1.0,1.0,1.0,1.0
20261002T161451Z-d2eb76ee,industrial,original_fast,dind-ozon.ru-6574195d5864256d,html/ozon.ru-run-4f3eb2b3.html,дрель makita,positive,True,24.0,24.0,24,0,0,1.0,24,0,0,24,0,0,24,0,0,industrial,html/ozon.ru-run-4f3eb2b3.html,ozon.ru-run-4f3eb2b3.html,run-4f3eb2b3,ozon.ru,D:\Pet_Codes\science\article-price-tracker\industrial\html\ozon.ru-run-4f3eb2b3.html,https://www.ozon.ru,https://www.ozon.ru,дрель makita,Санкт-Петербург,shared_live_search,raw_html,,6574195d5864256d28ee08b941da7febe1490797ddebc14184a46893bd0980fd,6574195d5864256d28ee08b941da7febe1490797ddebc14184a46893bd0980fd,D:\Job_Codes\PriceTracker\.artifacts\collection\run-4f3eb2b3\ozon.ru.html,False,run-4f3eb2b3\ozon.ru.html,html/ozon.ru-run-4f3eb2b3.html,application_import,,2026-05-13T06:56:53.430018+00:00,722581,False,False,,,False,,True,Санкт-Петербург,,dind-ozon.ru-6574195d5864256d,product_page_or_listing,https://www.ozon.ru,True,collection_run,дрель makita,shared_live_search,run-4f3eb2b3,6574195d5864256d28ee08b941da7febe1490797ddebc14184a46893bd0980fd,730787,False,ozon.ru,https://www.ozon.ru,дрель makita - купить на OZON,False,ozon.ru,run-4f3eb2b3,Санкт-Петербург,shared_live_search,ok,14.716699999989942,,428.81569999991916,24.0,24.0,24.0,False,,,,ok,False,428.81569999991916,2.3040000000037253,HTML parse + extraction; shared across modes,24,0,0,1.0,0.0,0.0,0,1,0,0,0,1.0,1.0,1.0,1.0,1.0,1.0,1.0,1.0,1.0
20261002T161451Z-d2eb76ee,industrial,original_fast,dind-ozon.ru-40d639e4db2530b7,html/ozon.ru-run-5df0fc85.html,дрель makita,positive,True,24.0,24.0,24,0,0,1.0,24,0,0,24,0,0,24,0,0,industrial,html/ozon.ru-run-5df0fc85.html,ozon.ru-run-5df0fc85.html,run-5df0fc85,ozon.ru,D:\Pet_Codes\science\article-price-tracker\industrial\html\ozon.ru-run-5df0fc85.html,https://www.ozon.ru,https://www.ozon.ru,дрель makita,Санкт-Петербург,shared_live_search,raw_html,,40d639e4db2530b7f729ff316c8eecd41fef3ff707dcf912e32d936bce80b27c,40d639e4db2530b7f729ff316c8eecd41fef3ff707dcf912e32d936bce80b27c,D:\Job_Codes\PriceTracker\.artifacts\collection\run-5df0fc85\ozon.ru.html,False,run-5df0fc85\ozon.ru.html,html/ozon.ru-run-5df0fc85.html,application_import,,2026-05-13T06:46:12.947192+00:00,721025,False,False,,,False,,True,Санкт-Петербург,,dind-ozon.ru-40d639e4db2530b7,product_page_or_listing,https://www.ozon.ru,True,collection_run,дрель makita,shared_live_search,run-5df0fc85,40d639e4db2530b7f729ff316c8eecd41fef3ff707dcf912e32d936bce80b27c,729253,False,ozon.ru,https://www.ozon.ru,дрель makita - купить на OZON,False,ozon.ru,run-5df0fc85,Санкт-Петербург,shared_live_search,ok,13.852100000018254,,426.5991999999387,24.0,24.0,24.0,False,,,,ok,False,426.5991999999387,1.8942000000970438,HTML parse + extraction; shared across modes,24,0,0,1.0,0.0,0.0,0,1,0,0,0,1.0,1.0,1.0,1.0,1.0,1.0,1.0,1.0,1.0
20261002T161451Z-d2eb76ee,industrial,original_fast,dind-ozon.ru-9eaf36f7f4aa57b5,html/ozon.ru-run-7a5dc852.html,дрель makita,positive,True,24.0,24.0,24,0,0,1.0,24,0,0,24,0,0,24,0,0,industrial,html/ozon.ru-run-7a5dc852.html,ozon.ru-run-7a5dc852.html,run-7a5dc852,ozon.ru,D:\Pet_Codes\science\article-price-tracker\industrial\html\ozon.ru-run-7a5dc852.html,https://www.ozon.ru,https://www.ozon.ru,дрель makita,Санкт-Петербург,shared_live_search,raw_html,,9eaf36f7f4aa57b500940477ecd2a573c856bdee37ca68ec6bf6fe8e07f72181,9eaf36f7f4aa57b500940477ecd2a573c856bdee37ca68ec6bf6fe8e07f72181,D:\Job_Codes\PriceTracker\.artifacts\collection\run-7a5dc852\ozon.ru.html,False,run-7a5dc852\ozon.ru.html,html/ozon.ru-run-7a5dc852.html,application_import,,2026-05-13T06:39:01.206495+00:00,720366,False,False,,,False,,True,Санкт-Петербург,,dind-ozon.ru-9eaf36f7f4aa57b5,product_page_or_listing,https://www.ozon.ru,True,collection_run,дрель makita,shared_live_search,run-7a5dc852,9eaf36f7f4aa57b500940477ecd2a573c856bdee37ca68ec6bf6fe8e07f72181,728545,False,ozon.ru,https://www.ozon.ru,дрель makita - купить на OZON,False,ozon.ru,run-7a5dc852,Санкт-Петербург,shared_live_search,ok,15.014299999922514,,424.38219999999274,24.0,24.0,24.0,False,,,,ok,False,424.38219999999274,1.8286000000080094,HTML parse + extraction; shared across modes,24,0,0,1.0,0.0,0.0,0,1,0,0,0,1.0,1.0,1.0,1.0,1.0,1.0,1.0,1.0,1.0
20261002T161451Z-d2eb76ee,industrial,original_fast,dind-petrovich.ru-f5694ceb95402903,html/petrovich.ru-run-7ab9dec2.html,безударная дрель,positive,True,20.0,20.0,20,0,0,1.0,20,0,0,20,0,0,20,0,0,industrial,html/petrovich.ru-run-7ab9dec2.html,petrovich.ru-run-7ab9dec2.html,run-7ab9dec2,petrovich.ru,D:\Pet_Codes\science\article-price-tracker\industrial\html\petrovich.ru-run-7ab9dec2.html,https://petrovich.ru,https://petrovich.ru,безударная дрель,Санкт-Петербург,shared_live_search,raw_html,,f5694ceb95402903fec7c55889985d7483f6b6f6ef2c61414d411892aa534ac5,f5694ceb95402903fec7c55889985d7483f6b6f6ef2c61414d411892aa534ac5,D:\Job_Codes\PriceTracker\.artifacts\collection\run-7ab9dec2\petrovich.ru.html,False,run-7ab9dec2\petrovich.ru.html,html/petrovich.ru-run-7ab9dec2.html,application_import,,2026-05-13T05:53:58.322253+00:00,3538157,False,False,,,False,,True,Санкт-Петербург,,dind-petrovich.ru-f5694ceb95402903,product_page_or_listing,https://petrovich.ru,True,collection_run,безударная дрель,shared_live_search,run-7ab9dec2,f5694ceb95402903fec7c55889985d7483f6b6f6ef2c61414d411892aa534ac5,3655198,False,petrovich.ru,https://petrovich.ru,"Безударная дрель — купить в интернет-магазине, цены в Петрович",False,petrovich.ru,run-7ab9dec2,Санкт-Петербург,shared_live_search,ok,17.383700000005774,,18171.703499999945,20.0,20.0,20.0,False,,,,ok,False,18171.703499999945,1.708600000012666,HTML parse + extraction; shared across modes,20,0,0,1.0,0.0,0.0,0,1,0,0,0,1.0,1.0,1.0,1.0,1.0,1.0,1.0,1.0,1.0
20261002T161451Z-d2eb76ee,industrial,original_fast,dind-petrovich.ru-b70961cbdb8bd1e9,html/petrovich.ru-run-f37ca1e3.html,дрель безударная,positive,True,20.0,20.0,20,0,0,1.0,20,0,0,20,0,0,20,0,0,industrial,html/petrovich.ru-run-f37ca1e3.html,petrovich.ru-run-f37ca1e3.html,run-f37ca1e3,petrovich.ru,D:\Pet_Codes\science\article-price-tracker\industrial\html\petrovich.ru-run-f37ca1e3.html,https://petrovich.ru,https://petrovich.ru,дрель безударная,Санкт-Петербург,shared_live_search,raw_html,,b70961cbdb8bd1e9a2cef799f783a00965d27085b539385842324c1e3e439d77,b70961cbdb8bd1e9a2cef799f783a00965d27085b539385842324c1e3e439d77,D:\Job_Codes\PriceTracker\.artifacts\collection\run-f37ca1e3\petrovich.ru.html,False,run-f37ca1e3\petrovich.ru.html,html/petrovich.ru-run-f37ca1e3.html,application_import,,2026-05-13T05:37:40.581430+00:00,3343655,False,False,,,False,,True,Санкт-Петербург,,dind-petrovich.ru-b70961cbdb8bd1e9,product_page_or_listing,https://petrovich.ru,True,collection_run,дрель безударная,shared_live_search,run-f37ca1e3,b70961cbdb8bd1e9a2cef799f783a00965d27085b539385842324c1e3e439d77,3454706,False,petrovich.ru,https://petrovich.ru,"Дрель безударная — купить в интернет-магазине, цены в Петрович",False,petrovich.ru,run-f37ca1e3,Санкт-Петербург,shared_live_search,ok,7.959199999924749,,19105.746599999955,20.0,20.0,20.0,False,,,,ok,False,19105.746599999955,1.754700000048615,HTML parse + extraction; shared across modes,20,0,0,1.0,0.0,0.0,0,1,0,0,0,1.0,1.0,1.0,1.0,1.0,1.0,1.0,1.0,1.0
20261002T161451Z-d2eb76ee,industrial,original_fast,dind-rs24.ru-e37f5e34d947d094,html/rs24.ru-run-none1.html,втулка,positive,True,25.0,25.0,25,0,0,1.0,25,0,0,24,1,1,25,0,0,industrial,html/rs24.ru-run-none1.html,rs24.ru-run-none1.html,run-none1,rs24.ru,D:\Pet_Codes\science\article-price-tracker\industrial\html\rs24.ru-run-none1.html,https://rs24.ru/search?q=%D0%B2%D1%82%D1%83%D0%BB%D0%BA%D0%B0,https://rs24.ru/search?q=%D0%B2%D1%82%D1%83%D0%BB%D0%BA%D0%B0,втулка,,,raw_html,,e37f5e34d947d0948678b9c593e85738550606baf4d3e72b056aaac88568a6f0,e37f5e34d947d0948678b9c593e85738550606baf4d3e72b056aaac88568a6f0,D:\Job_Codes\PriceTracker\services\stealth-renderer\.artifacts\2026-05-13-sr-rs24.ru\1778652389387-nw8s95\page.html,False,2026-05-13-sr-rs24.ru\1778652389387-nw8s95\page.html,html/rs24.ru-run-none1.html,application_import,,2026-05-13T06:06:43.403Z,1377720,False,True,,,False,,True,,0.0,dind-rs24.ru-e37f5e34d947d094,product_page_or_listing,https://rs24.ru/search?q=%D0%B2%D1%82%D1%83%D0%BB%D0%BA%D0%B0,True,stealth_renderer,втулка,,,e37f5e34d947d0948678b9c593e85738550606baf4d3e72b056aaac88568a6f0,1430797,False,rs24.ru,https://rs24.ru/search?q=%D0%B2%D1%82%D1%83%D0%BB%D0%BA%D0%B0,Результаты поиска по запросу “втулка”,False,rs24.ru,run-none1,,,ok,13.928100000019185,,13671.158799999976,26.0,25.0,25.0,False,,,,ok,False,13671.158799999976,1.6566999999340624,HTML parse + extraction; shared across modes,25,0,0,0.9645283018867924,0.0,0.0,0,1,0,0,0,1.0,1.0,1.0,0.96,0.96,0.96,1.0,1.0,1.0
20261002T161451Z-d2eb76ee,industrial,original_fast,dind-rs24.ru-1dae74c7261482fe,html/rs24.ru-run-none2.html,втулка,positive,True,25.0,25.0,25,0,0,1.0,25,0,0,24,1,1,25,0,0,industrial,html/rs24.ru-run-none2.html,rs24.ru-run-none2.html,run-none2,rs24.ru,D:\Pet_Codes\science\article-price-tracker\industrial\html\rs24.ru-run-none2.html,https://rs24.ru/search?q=%D0%B2%D1%82%D1%83%D0%BB%D0%BA%D0%B0,https://rs24.ru/search?q=%D0%B2%D1%82%D1%83%D0%BB%D0%BA%D0%B0,втулка,,,raw_html,,1dae74c7261482fe4ea0caf055642c67bb72e4ecd9cc6129033febf612761624,1dae74c7261482fe4ea0caf055642c67bb72e4ecd9cc6129033febf612761624,D:\Job_Codes\PriceTracker\services\stealth-renderer\.artifacts\2026-05-13-sr-rs24.ru\1778652761146-2cxjif\page.html,False,2026-05-13-sr-rs24.ru\1778652761146-2cxjif\page.html,html/rs24.ru-run-none2.html,application_import,,2026-05-13T06:12:54.374Z,1377720,False,True,,,False,,True,,0.0,dind-rs24.ru-1dae74c7261482fe,product_page_or_listing,https://rs24.ru/search?q=%D0%B2%D1%82%D1%83%D0%BB%D0%BA%D0%B0,True,stealth_renderer,втулка,,,1dae74c7261482fe4ea0caf055642c67bb72e4ecd9cc6129033febf612761624,1430797,False,rs24.ru,https://rs24.ru/search?q=%D0%B2%D1%82%D1%83%D0%BB%D0%BA%D0%B0,Результаты поиска по запросу “втулка”,False,rs24.ru,run-none2,,,ok,15.564800000051036,,13649.71510000003,26.0,25.0,25.0,False,,,,ok,False,13649.71510000003,1.8229000000283122,HTML parse + extraction; shared across modes,25,0,0,0.9645283018867924,0.0,0.0,0,1,0,0,0,1.0,1.0,1.0,0.96,0.96,0.96,1.0,1.0,1.0
20261002T161451Z-d2eb76ee,industrial,original_fast,dind-rs24.ru-a5509d4fda3f76ea,html/rs24.ru-run-none3.html,бензопила,positive,True,22.0,22.0,22,0,0,1.0,22,0,0,21,1,1,22,0,0,industrial,html/rs24.ru-run-none3.html,rs24.ru-run-none3.html,run-none3,rs24.ru,D:\Pet_Codes\science\article-price-tracker\industrial\html\rs24.ru-run-none3.html,https://rs24.ru/search?q=%D0%B1%D0%B5%D0%BD%D0%B7%D0%BE%D0%BF%D0%B8%D0%BB%D0%B0,https://rs24.ru/search?q=%D0%B1%D0%B5%D0%BD%D0%B7%D0%BE%D0%BF%D0%B8%D0%BB%D0%B0,бензопила,,,raw_html,,a5509d4fda3f76ea0ddcc09c561eed62a838492ca2bb5c42c9c4e8062642a4b1,a5509d4fda3f76ea0ddcc09c561eed62a838492ca2bb5c42c9c4e8062642a4b1,D:\Job_Codes\PriceTracker\services\stealth-renderer\.artifacts\2026-05-18-sr-rs24.ru\1779101687023-wyit2b\page.html,False,2026-05-18-sr-rs24.ru\1779101687023-wyit2b\page.html,html/rs24.ru-run-none3.html,application_import,,2026-05-18T10:55:01.024Z,1285984,False,True,,,False,,True,,0.0,dind-rs24.ru-a5509d4fda3f76ea,product_page_or_listing,https://rs24.ru/search?q=%D0%B1%D0%B5%D0%BD%D0%B7%D0%BE%D0%BF%D0%B8%D0%BB%D0%B0,True,stealth_renderer,бензопила,,,a5509d4fda3f76ea0ddcc09c561eed62a838492ca2bb5c42c9c4e8062642a4b1,1330864,False,rs24.ru,https://rs24.ru/search?q=%D0%B1%D0%B5%D0%BD%D0%B7%D0%BE%D0%BF%D0%B8%D0%BB%D0%B0,Результаты поиска по запросу “бензопила”,False,rs24.ru,run-none3,,,ok,13.963400000007823,,11538.186600000015,23.0,22.0,22.0,False,,,,ok,False,11538.186600000015,0.7380000000121072,HTML parse + extraction; shared across modes,22,0,0,0.9595959595959596,0.0,0.0,0,1,0,0,0,1.0,1.0,1.0,0.9545454545454546,0.9545454545454546,0.9545454545454546,1.0,1.0,1.0
20261002T161451Z-d2eb76ee,industrial,original_fast,dind-rs24.ru-7f6c61bab65e335f,html/rs24.ru-run-none4.html,дрель безударная,positive,True,1.0,1.0,1,0,0,1.0,1,0,0,1,0,0,0,1,0,industrial,html/rs24.ru-run-none4.html,rs24.ru-run-none4.html,run-none4,rs24.ru,D:\Pet_Codes\science\article-price-tracker\industrial\html\rs24.ru-run-none4.html,https://rs24.ru/search?q=%D0%B4%D1%80%D0%B5%D0%BB%D1%8C+%D0%B1%D0%B5%D0%B7%D1%83%D0%B4%D0%B0%D1%80%D0%BD%D0%B0%D1%8F,https://rs24.ru/search?q=%D0%B4%D1%80%D0%B5%D0%BB%D1%8C+%D0%B1%D0%B5%D0%B7%D1%83%D0%B4%D0%B0%D1%80%D0%BD%D0%B0%D1%8F,дрель безударная,,,raw_html,,7f6c61bab65e335fb80b12925b217705e0ef9a5308ece0d8c99e6fd6ddad9a79,7f6c61bab65e335fb80b12925b217705e0ef9a5308ece0d8c99e6fd6ddad9a79,D:\Job_Codes\PriceTracker\services\stealth-renderer\.artifacts\2026-05-18-sr-rs24.ru\1779103602670-uh4hh6\page.html,False,2026-05-18-sr-rs24.ru\1779103602670-uh4hh6\page.html,html/rs24.ru-run-none4.html,application_import,,2026-05-18T11:26:56.380Z,873575,False,True,,,False,,True,,0.0,dind-rs24.ru-7f6c61bab65e335f,product_page_or_listing,https://rs24.ru/search?q=%D0%B4%D1%80%D0%B5%D0%BB%D1%8C+%D0%B1%D0%B5%D0%B7%D1%83%D0%B4%D0%B0%D1%80%D0%BD%D0%B0%D1%8F,True,stealth_renderer,дрель безударная,,,7f6c61bab65e335fb80b12925b217705e0ef9a5308ece0d8c99e6fd6ddad9a79,891870,False,rs24.ru,https://rs24.ru/search?q=%D0%B4%D1%80%D0%B5%D0%BB%D1%8C+%D0%B1%D0%B5%D0%B7%D1%83%D0%B4%D0%B0%D1%80%D0%BD%D0%B0%D1%8F,Результаты поиска по запросу “дрель безударная”,False,rs24.ru,run-none4,,,ok,13.258000000030734,,1071.2889999999898,1.0,1.0,1.0,False,,,,ok,False,1071.2889999999898,0.15500000002793968,HTML parse + extraction; shared across modes,0,1,0,1.0,,,1,1,0,0,0,1.0,1.0,1.0,1.0,1.0,1.0,0.0,0.0,0.0
20261002T161451Z-d2eb76ee,industrial,original_fast,dind-rs24.ru-04d8d106bd9c940f,html/rs24.ru-run-none5.html,дрель,positive,True,25.0,25.0,25,0,0,1.0,25,0,0,24,1,1,25,0,0,industrial,html/rs24.ru-run-none5.html,rs24.ru-run-none5.html,run-none5,rs24.ru,D:\Pet_Codes\science\article-price-tracker\industrial\html\rs24.ru-run-none5.html,https://rs24.ru/search?q=%D0%B4%D1%80%D0%B5%D0%BB%D1%8C,https://rs24.ru/search?q=%D0%B4%D1%80%D0%B5%D0%BB%D1%8C,дрель,,,raw_html,,04d8d106bd9c940f48565097b4d780c98434af695386dd614fd3f531bbed0968,04d8d106bd9c940f48565097b4d780c98434af695386dd614fd3f531bbed0968,D:\Job_Codes\PriceTracker\services\stealth-renderer\.artifacts\2026-05-18-sr-rs24.ru\1779103676473-n4idt9\page.html,False,2026-05-18-sr-rs24.ru\1779103676473-n4idt9\page.html,html/rs24.ru-run-none5.html,application_import,,2026-05-18T11:28:13.436Z,1363117,False,True,,,False,,True,,0.0,dind-rs24.ru-04d8d106bd9c940f,product_page_or_listing,https://rs24.ru/search?q=%D0%B4%D1%80%D0%B5%D0%BB%D1%8C,True,stealth_renderer,дрель,,,04d8d106bd9c940f48565097b4d780c98434af695386dd614fd3f531bbed0968,1426474,False,rs24.ru,https://rs24.ru/search?q=%D0%B4%D1%80%D0%B5%D0%BB%D1%8C,Результаты поиска по запросу “дрель”,False,rs24.ru,run-none5,,,ok,14.297799999942072,,13403.327099999995,26.0,25.0,25.0,False,,,,ok,False,13403.327099999995,1.914600000018254,HTML parse + extraction; shared across modes,25,0,0,0.9632,0.0,0.0,0,1,0,0,0,1.0,1.0,1.0,0.96,0.96,0.96,1.0,1.0,1.0
20261002T161451Z-d2eb76ee,industrial,original_fast,dind-rs24.ru-eef846de51e83979,html/rs24.ru-run-none6.html,30% Раствор едкого натра,positive,True,1.0,1.0,1,0,0,1.0,1,0,0,0,1,1,1,0,0,industrial,html/rs24.ru-run-none6.html,rs24.ru-run-none6.html,run-none6,rs24.ru,D:\Pet_Codes\science\article-price-tracker\industrial\html\rs24.ru-run-none6.html,https://rs24.ru/search?q=30%25+%D0%A0%D0%B0%D1%81%D1%82%D0%B2%D0%BE%D1%80+%D0%B5%D0%B4%D0%BA%D0%BE%D0%B3%D0%BE+%D0%BD%D0%B0%D1%82%D1%80%D0%B0,https://rs24.ru/search?q=30%25+%D0%A0%D0%B0%D1%81%D1%82%D0%B2%D0%BE%D1%80+%D0%B5%D0%B4%D0%BA%D0%BE%D0%B3%D0%BE+%D0%BD%D0%B0%D1%82%D1%80%D0%B0,30% Раствор едкого натра,,,raw_html,,eef846de51e83979215aac840e2fa2ae72e4a89b514f40c04aae984315318dea,eef846de51e83979215aac840e2fa2ae72e4a89b514f40c04aae984315318dea,D:\Job_Codes\PriceTracker\services\stealth-renderer\.artifacts\2026-05-20-sr-rs24.ru\1779318176840-5v75vc\page.html,False,2026-05-20-sr-rs24.ru\1779318176840-5v75vc\page.html,html/rs24.ru-run-none6.html,application_import,,2026-05-20T23:03:13.694Z,877461,False,True,,,False,,True,,0.0,dind-rs24.ru-eef846de51e83979,product_page_or_listing,https://rs24.ru/search?q=30%25+%D0%A0%D0%B0%D1%81%D1%82%D0%B2%D0%BE%D1%80+%D0%B5%D0%B4%D0%BA%D0%BE%D0%B3%D0%BE+%D0%BD%D0%B0%D1%82%D1%80%D0%B0,True,stealth_renderer,30% Раствор едкого натра,,,eef846de51e83979215aac840e2fa2ae72e4a89b514f40c04aae984315318dea,896202,False,rs24.ru,https://rs24.ru/search?q=30%25+%D0%A0%D0%B0%D1%81%D1%82%D0%B2%D0%BE%D1%80+%D0%B5%D0%B4%D0%BA%D0%BE%D0%B3%D0%BE+%D0%BD%D0%B0%D1%82%D1%80%D0%B0,Результаты поиска по запросу “30% Раствор едкого натра”,False,rs24.ru,run-none6,,,ok,13.004000000073574,,1506.3055000000168,2.0,1.0,1.0,False,,,,ok,False,1506.3055000000168,0.2203999999910593,HTML parse + extraction; shared across modes,1,0,0,0.10126582278481013,0.0,0.0,0,1,0,0,0,1.0,1.0,1.0,0.0,0.0,0.0,1.0,1.0,1.0
20261002T161451Z-d2eb76ee,industrial,original_fast,dind-rs24.ru-675bf99e5b73b9d3,html/rs24.ru-run-none7.html,2-ая наружная розетка Systeme Electric,positive,True,1.0,1.0,1,0,0,1.0,1,0,0,0,1,1,1,0,0,industrial,html/rs24.ru-run-none7.html,rs24.ru-run-none7.html,run-none7,rs24.ru,D:\Pet_Codes\science\article-price-tracker\industrial\html\rs24.ru-run-none7.html,https://rs24.ru/search?q=2-%D0%B0%D1%8F+%D0%BD%D0%B0%D1%80%D1%83%D0%B6%D0%BD%D0%B0%D1%8F+%D1%80%D0%BE%D0%B7%D0%B5%D1%82%D0%BA%D0%B0+Systeme+Electric,https://rs24.ru/search?q=2-%D0%B0%D1%8F+%D0%BD%D0%B0%D1%80%D1%83%D0%B6%D0%BD%D0%B0%D1%8F+%D1%80%D0%BE%D0%B7%D0%B5%D1%82%D0%BA%D0%B0+Systeme+Electric,2-ая наружная розетка Systeme Electric,,,raw_html,,675bf99e5b73b9d3a368fae69b861092d9d3c1b531a80c9ff62d6f62df0c4934,675bf99e5b73b9d3a368fae69b861092d9d3c1b531a80c9ff62d6f62df0c4934,D:\Job_Codes\PriceTracker\services\stealth-renderer\.artifacts\2026-05-20-sr-rs24.ru\1779318177155-5nzffh\page.html,False,2026-05-20-sr-rs24.ru\1779318177155-5nzffh\page.html,html/rs24.ru-run-none7.html,application_import,,2026-05-20T23:03:14.588Z,877382,False,True,,,False,,True,,0.0,dind-rs24.ru-675bf99e5b73b9d3,product_page_or_listing,https://rs24.ru/search?q=2-%D0%B0%D1%8F+%D0%BD%D0%B0%D1%80%D1%83%D0%B6%D0%BD%D0%B0%D1%8F+%D1%80%D0%BE%D0%B7%D0%B5%D1%82%D0%BA%D0%B0+Systeme+Electric,True,stealth_renderer,2-ая наружная розетка Systeme Electric,,,675bf99e5b73b9d3a368fae69b861092d9d3c1b531a80c9ff62d6f62df0c4934,895658,False,rs24.ru,https://rs24.ru/search?q=2-%D0%B0%D1%8F+%D0%BD%D0%B0%D1%80%D1%83%D0%B6%D0%BD%D0%B0%D1%8F+%D1%80%D0%BE%D0%B7%D0%B5%D1%82%D0%BA%D0%B0+Systeme+Electric,Результаты поиска по запросу “2-ая наружная розетка Systeme Electric”,False,rs24.ru,run-none7,,,ok,13.65639999997802,,1374.0381000000052,2.0,1.0,1.0,False,,,,ok,False,1374.0381000000052,0.23839999991469085,HTML parse + extraction; shared across modes,1,0,0,0.08888888888888889,0.0,0.0,0,1,0,0,0,1.0,1.0,1.0,0.0,0.0,0.0,1.0,1.0,1.0
20261002T161451Z-d2eb76ee,industrial,original_fast,dind-rs24.ru-c08b8e40b58e9b34,html/rs24.ru-run-none8.html,30% Раствор едкого натра,positive,True,1.0,1.0,1,0,0,1.0,1,0,0,0,1,1,1,0,0,industrial,html/rs24.ru-run-none8.html,rs24.ru-run-none8.html,run-none8,rs24.ru,D:\Pet_Codes\science\article-price-tracker\industrial\html\rs24.ru-run-none8.html,https://rs24.ru/search?q=30%25+%D0%A0%D0%B0%D1%81%D1%82%D0%B2%D0%BE%D1%80+%D0%B5%D0%B4%D0%BA%D0%BE%D0%B3%D0%BE+%D0%BD%D0%B0%D1%82%D1%80%D0%B0,https://rs24.ru/search?q=30%25+%D0%A0%D0%B0%D1%81%D1%82%D0%B2%D0%BE%D1%80+%D0%B5%D0%B4%D0%BA%D0%BE%D0%B3%D0%BE+%D0%BD%D0%B0%D1%82%D1%80%D0%B0,30% Раствор едкого натра,,,raw_html,,c08b8e40b58e9b3442daca8309537bbc9278d7eb210a51a20766264d6bdc829e,c08b8e40b58e9b3442daca8309537bbc9278d7eb210a51a20766264d6bdc829e,D:\Job_Codes\PriceTracker\services\stealth-renderer\.artifacts\2026-05-20-sr-rs24.ru\1779318220866-cop8r6\page.html,False,2026-05-20-sr-rs24.ru\1779318220866-cop8r6\page.html,html/rs24.ru-run-none8.html,application_import,,2026-05-20T23:03:55.018Z,877447,False,True,,,False,,True,,0.0,dind-rs24.ru-c08b8e40b58e9b34,product_page_or_listing,https://rs24.ru/search?q=30%25+%D0%A0%D0%B0%D1%81%D1%82%D0%B2%D0%BE%D1%80+%D0%B5%D0%B4%D0%BA%D0%BE%D0%B3%D0%BE+%D0%BD%D0%B0%D1%82%D1%80%D0%B0,True,stealth_renderer,30% Раствор едкого натра,,,c08b8e40b58e9b3442daca8309537bbc9278d7eb210a51a20766264d6bdc829e,896188,False,rs24.ru,https://rs24.ru/search?q=30%25+%D0%A0%D0%B0%D1%81%D1%82%D0%B2%D0%BE%D1%80+%D0%B5%D0%B4%D0%BA%D0%BE%D0%B3%D0%BE+%D0%BD%D0%B0%D1%82%D1%80%D0%B0,Результаты поиска по запросу “30% Раствор едкого натра”,False,rs24.ru,run-none8,,,ok,13.270900000003166,,1404.563099999912,2.0,1.0,1.0,False,,,,ok,False,1404.563099999912,0.23349999997299165,HTML parse + extraction; shared across modes,1,0,0,0.10126582278481013,0.0,0.0,0,1,0,0,0,1.0,1.0,1.0,0.0,0.0,0.0,1.0,1.0,1.0
20261002T161451Z-d2eb76ee,industrial,original_fast,dind-rs24.ru-f0ddc824358ea6a4,html/rs24.ru-run-none9.html,2-ая наружная розетка Systeme Electric,positive,True,1.0,1.0,1,0,0,1.0,1,0,0,0,1,1,1,0,0,industrial,html/rs24.ru-run-none9.html,rs24.ru-run-none9.html,run-none9,rs24.ru,D:\Pet_Codes\science\article-price-tracker\industrial\html\rs24.ru-run-none9.html,https://rs24.ru/search?q=2-%D0%B0%D1%8F+%D0%BD%D0%B0%D1%80%D1%83%D0%B6%D0%BD%D0%B0%D1%8F+%D1%80%D0%BE%D0%B7%D0%B5%D1%82%D0%BA%D0%B0+Systeme+Electric,https://rs24.ru/search?q=2-%D0%B0%D1%8F+%D0%BD%D0%B0%D1%80%D1%83%D0%B6%D0%BD%D0%B0%D1%8F+%D1%80%D0%BE%D0%B7%D0%B5%D1%82%D0%BA%D0%B0+Systeme+Electric,2-ая наружная розетка Systeme Electric,,,raw_html,,f0ddc824358ea6a4004f2890051744a3830d00315cee5645c4b87fe0e817a411,f0ddc824358ea6a4004f2890051744a3830d00315cee5645c4b87fe0e817a411,D:\Job_Codes\PriceTracker\services\stealth-renderer\.artifacts\2026-05-20-sr-rs24.ru\1779318220843-hb07hh\page.html,False,2026-05-20-sr-rs24.ru\1779318220843-hb07hh\page.html,html/rs24.ru-run-none9.html,application_import,,2026-05-20T23:03:56.838Z,877382,False,True,,,False,,True,,0.0,dind-rs24.ru-f0ddc824358ea6a4,product_page_or_listing,https://rs24.ru/search?q=2-%D0%B0%D1%8F+%D0%BD%D0%B0%D1%80%D1%83%D0%B6%D0%BD%D0%B0%D1%8F+%D1%80%D0%BE%D0%B7%D0%B5%D1%82%D0%BA%D0%B0+Systeme+Electric,True,stealth_renderer,2-ая наружная розетка Systeme Electric,,,f0ddc824358ea6a4004f2890051744a3830d00315cee5645c4b87fe0e817a411,895658,False,rs24.ru,https://rs24.ru/search?q=2-%D0%B0%D1%8F+%D0%BD%D0%B0%D1%80%D1%83%D0%B6%D0%BD%D0%B0%D1%8F+%D1%80%D0%BE%D0%B7%D0%B5%D1%82%D0%BA%D0%B0+Systeme+Electric,Результаты поиска по запросу “2-ая наружная розетка Systeme Electric”,False,rs24.ru,run-none9,,,ok,13.579000000027008,,1370.8340000000317,2.0,1.0,1.0,False,,,,ok,False,1370.8340000000317,0.24379999993834645,HTML parse + extraction; shared across modes,1,0,0,0.08888888888888889,0.0,0.0,0,1,0,0,0,1.0,1.0,1.0,0.0,0.0,0.0,1.0,1.0,1.0
20261002T161451Z-d2eb76ee,industrial,original_fast,dind-rs24.ru-9efe2cd0d7d6ad25,html/rs24.ru-run-04db4a0c.html,втулка,positive,True,25.0,25.0,25,0,0,1.0,25,0,0,24,1,1,25,0,0,industrial,html/rs24.ru-run-04db4a0c.html,rs24.ru-run-04db4a0c.html,run-04db4a0c,rs24.ru,D:\Pet_Codes\science\article-price-tracker\industrial\html\rs24.ru-run-04db4a0c.html,https://rs24.ru,https://rs24.ru,втулка,Санкт-Петербург,shared_live_search,raw_html,,9efe2cd0d7d6ad25446d0991270ba0cf0abab7cad98c5fba7358a00ea77544ba,9efe2cd0d7d6ad25446d0991270ba0cf0abab7cad98c5fba7358a00ea77544ba,D:\Job_Codes\PriceTracker\.artifacts\collection\run-04db4a0c\rs24.ru.html,False,run-04db4a0c\rs24.ru.html,html/rs24.ru-run-04db4a0c.html,application_import,,2026-05-13T06:12:58.167151+00:00,1404293,False,False,,,False,,True,Санкт-Петербург,,dind-rs24.ru-9efe2cd0d7d6ad25,product_page_or_listing,https://rs24.ru,True,collection_run,втулка,shared_live_search,run-04db4a0c,9efe2cd0d7d6ad25446d0991270ba0cf0abab7cad98c5fba7358a00ea77544ba,1457370,False,rs24.ru,https://rs24.ru,Результаты поиска по запросу “втулка”,False,rs24.ru,run-04db4a0c,Санкт-Петербург,shared_live_search,ok,2.7990999999456108,,13657.833400000003,26.0,25.0,25.0,False,,,,ok,False,13657.833400000003,1.669400000013411,HTML parse + extraction; shared across modes,25,0,0,0.9645283018867924,0.0,0.0,0,1,0,0,0,1.0,1.0,1.0,0.96,0.96,0.96,1.0,1.0,1.0
20261002T161451Z-d2eb76ee,industrial,original_fast,dind-rs24.ru-5f1e642e572bd9cd,html/rs24.ru-run-80a083d9.html,втулка,positive,True,25.0,25.0,25,0,0,1.0,25,0,0,24,1,1,25,0,0,industrial,html/rs24.ru-run-80a083d9.html,rs24.ru-run-80a083d9.html,run-80a083d9,rs24.ru,D:\Pet_Codes\science\article-price-tracker\industrial\html\rs24.ru-run-80a083d9.html,https://rs24.ru,https://rs24.ru,втулка,Санкт-Петербург,shared_live_search,raw_html,,5f1e642e572bd9cd3c07eba7f732f2fb567acb759e080bafbf25cb20ccbd6c5c,5f1e642e572bd9cd3c07eba7f732f2fb567acb759e080bafbf25cb20ccbd6c5c,D:\Job_Codes\PriceTracker\.artifacts\collection\run-80a083d9\rs24.ru.html,False,run-80a083d9\rs24.ru.html,html/rs24.ru-run-80a083d9.html,application_import,,2026-05-13T06:06:46.076959+00:00,1404293,False,False,,,False,,True,Санкт-Петербург,,dind-rs24.ru-5f1e642e572bd9cd,product_page_or_listing,https://rs24.ru,True,collection_run,втулка,shared_live_search,run-80a083d9,5f1e642e572bd9cd3c07eba7f732f2fb567acb759e080bafbf25cb20ccbd6c5c,1457370,False,rs24.ru,https://rs24.ru,Результаты поиска по запросу “втулка”,False,rs24.ru,run-80a083d9,Санкт-Петербург,shared_live_search,ok,2.9074000000255182,,13618.399300000048,26.0,25.0,25.0,False,,,,ok,False,13618.399300000048,1.6559999999590218,HTML parse + extraction; shared across modes,25,0,0,0.9645283018867924,0.0,0.0,0,1,0,0,0,1.0,1.0,1.0,0.96,0.96,0.96,1.0,1.0,1.0
20261002T161451Z-d2eb76ee,industrial,original_fast,dind-spb.kuvalda.ru-766cff99f79845f2,html/spb.kuvalda.ru-run-none1.html,дрель макита,negative,True,0.0,0.0,0,0,0,1.0,0,0,0,0,0,0,0,0,0,industrial,html/spb.kuvalda.ru-run-none1.html,spb.kuvalda.ru-run-none1.html,run-none1,spb.kuvalda.ru,D:\Pet_Codes\science\article-price-tracker\industrial\html\spb.kuvalda.ru-run-none1.html,https://spb.kuvalda.ru/catalog/search/?keyword=%D0%B4%D1%80%D0%B5%D0%BB%D1%8C+%D0%BC%D0%B0%D0%BA%D0%B8%D1%82%D0%B0,https://spb.kuvalda.ru/catalog/search/?keyword=%D0%B4%D1%80%D0%B5%D0%BB%D1%8C+%D0%BC%D0%B0%D0%BA%D0%B8%D1%82%D0%B0,дрель макита,,,raw_html,,766cff99f79845f2fab0ee65b94a3e64cae602e2e84a6cb0219939b0e1167a8d,766cff99f79845f2fab0ee65b94a3e64cae602e2e84a6cb0219939b0e1167a8d,D:\Job_Codes\PriceTracker\services\stealth-renderer\.artifacts\2026-05-14-sr-spb.kuvalda.ru\1778736687336-27rw4m\page.html,False,2026-05-14-sr-spb.kuvalda.ru\1778736687336-27rw4m\page.html,html/spb.kuvalda.ru-run-none1.html,application_import,,2026-05-14T05:31:46.273Z,1401924,False,True,,,False,,True,,0.0,dind-spb.kuvalda.ru-766cff99f79845f2,product_page_or_listing,https://spb.kuvalda.ru/catalog/search/?keyword=%D0%B4%D1%80%D0%B5%D0%BB%D1%8C+%D0%BC%D0%B0%D0%BA%D0%B8%D1%82%D0%B0,True,stealth_renderer,дрель макита,,,766cff99f79845f2fab0ee65b94a3e64cae602e2e84a6cb0219939b0e1167a8d,1413621,False,spb.kuvalda.ru,https://spb.kuvalda.ru/catalog/search/?keyword=%D0%B4%D1%80%D0%B5%D0%BB%D1%8C+%D0%BC%D0%B0%D0%BA%D0%B8%D1%82%D0%B0,Распродажа в интернет-магазине Кувалда.ру Санкт-Петербург,False,spb.kuvalda.ru,run-none1,,,ok,45.16940000001341,,5208.868000000017,0.0,0.0,0.0,False,,,,empty,False,5208.868000000017,0.11320000002160668,HTML parse + extraction; shared across modes,0,0,0,,,,0,0,0,0,1,0.0,0.0,0.0,0.0,0.0,0.0,0.0,0.0,0.0
20261002T161451Z-d2eb76ee,industrial,original_fast,dind-spb.tara.ru-c058547a7f8a948e,html/spb.tara.ru-run-none1.html,,negative,True,0.0,0.0,0,0,0,1.0,0,0,0,0,0,0,0,0,0,industrial,html/spb.tara.ru-run-none1.html,spb.tara.ru-run-none1.html,run-none1,spb.tara.ru,D:\Pet_Codes\science\article-price-tracker\industrial\html\spb.tara.ru-run-none1.html,https://spb.tara.ru/catalog/,https://spb.tara.ru/catalog/,,,,raw_html,,c058547a7f8a948eb10d6be44160e5c000ddfaa262e5ab9ef80bf1098ee6e2c7,c058547a7f8a948eb10d6be44160e5c000ddfaa262e5ab9ef80bf1098ee6e2c7,D:\Job_Codes\PriceTracker\services\stealth-renderer\.artifacts\2026-05-13-sr-spb.tara.ru\1778652826973-3it0bc\page.html,False,2026-05-13-sr-spb.tara.ru\1778652826973-3it0bc\page.html,html/spb.tara.ru-run-none1.html,application_import,,2026-05-13T06:14:06.242Z,260712,False,True,,,False,,True,,0.0,dind-spb.tara.ru-c058547a7f8a948e,product_page_or_listing,https://spb.tara.ru/catalog/,True,stealth_renderer,,,,c058547a7f8a948eb10d6be44160e5c000ddfaa262e5ab9ef80bf1098ee6e2c7,278336,False,spb.tara.ru,https://spb.tara.ru/catalog/,Каталог тары от производителя в Санкт-Петербурге | ТАРУ.РУ,False,spb.tara.ru,run-none1,,,ok,13.432700000004843,,5357.888500000001,0.0,0.0,0.0,False,,,,empty,False,5357.888500000001,0.006599999964237213,HTML parse + extraction; shared across modes,0,0,0,,,,0,0,0,0,1,0.0,0.0,0.0,0.0,0.0,0.0,0.0,0.0,0.0
20261002T161451Z-d2eb76ee,industrial,original_fast,dind-spb.tara.ru-eb7917756d3e38ce,html/spb.tara.ru-run-none2.html,ящик,positive,True,20.0,19.0,19,1,0,1.0,19,0,1,19,0,1,19,0,0,industrial,html/spb.tara.ru-run-none2.html,spb.tara.ru-run-none2.html,run-none2,spb.tara.ru,D:\Pet_Codes\science\article-price-tracker\industrial\html\spb.tara.ru-run-none2.html,https://spb.tara.ru/catalog/?q=%D1%8F%D1%89%D0%B8%D0%BA&s=%D0%9D%D0%B0%D0%B9%D1%82%D0%B8,https://spb.tara.ru/catalog/?q=%D1%8F%D1%89%D0%B8%D0%BA&s=%D0%9D%D0%B0%D0%B9%D1%82%D0%B8,ящик,,,raw_html,,eb7917756d3e38ce80ba12eca4a1c1b24a98575d3c939fdb17bd24ba34f00e06,eb7917756d3e38ce80ba12eca4a1c1b24a98575d3c939fdb17bd24ba34f00e06,D:\Job_Codes\PriceTracker\services\stealth-renderer\.artifacts\2026-05-13-sr-spb.tara.ru\1778652853379-uldh63\page.html,False,2026-05-13-sr-spb.tara.ru\1778652853379-uldh63\page.html,html/spb.tara.ru-run-none2.html,application_import,,2026-05-13T06:14:35.710Z,809626,False,True,,,False,,True,,0.0,dind-spb.tara.ru-eb7917756d3e38ce,product_page_or_listing,https://spb.tara.ru/catalog/?q=%D1%8F%D1%89%D0%B8%D0%BA&s=%D0%9D%D0%B0%D0%B9%D1%82%D0%B8,True,stealth_renderer,ящик,,,eb7917756d3e38ce80ba12eca4a1c1b24a98575d3c939fdb17bd24ba34f00e06,840831,False,spb.tara.ru,https://spb.tara.ru/catalog/?q=%D1%8F%D1%89%D0%B8%D0%BA&s=%D0%9D%D0%B0%D0%B9%D1%82%D0%B8,Каталог тары от производителя в Санкт-Петербурге | ТАРУ.РУ,False,spb.tara.ru,run-none2,,,ok,14.377100000041537,,19016.702500000014,19.0,19.0,19.0,False,,,,ok,False,19016.702500000014,1.4196000000229105,HTML parse + extraction; shared across modes,19,1,0,1.0,0.0,0.0,0,1,0,0,0,1.0,0.95,0.9743589743589743,1.0,0.95,0.9743589743589743,1.0,1.0,1.0
20261002T161451Z-d2eb76ee,industrial,original_fast,dind-spb.tara.ru-b247ce637fbd5bab,html/spb.tara.ru-run-none3.html,,negative,True,0.0,0.0,0,0,0,1.0,0,0,0,0,0,0,0,0,0,industrial,html/spb.tara.ru-run-none3.html,spb.tara.ru-run-none3.html,run-none3,spb.tara.ru,D:\Pet_Codes\science\article-price-tracker\industrial\html\spb.tara.ru-run-none3.html,https://spb.tara.ru/catalog/,https://spb.tara.ru/catalog/,,,,raw_html,,b247ce637fbd5babb0691a2289407bc7198585d7f5f0687ca4a557b595c342d8,b247ce637fbd5babb0691a2289407bc7198585d7f5f0687ca4a557b595c342d8,D:\Job_Codes\PriceTracker\services\stealth-renderer\.artifacts\2026-05-13-sr-spb.tara.ru\1778653588528-t7mwd6\page.html,False,2026-05-13-sr-spb.tara.ru\1778653588528-t7mwd6\page.html,html/spb.tara.ru-run-none3.html,application_import,,2026-05-13T06:26:52.664Z,234349,False,True,,,False,,True,,0.0,dind-spb.tara.ru-b247ce637fbd5bab,product_page_or_listing,https://spb.tara.ru/catalog/,True,stealth_renderer,,,,b247ce637fbd5babb0691a2289407bc7198585d7f5f0687ca4a557b595c342d8,249678,False,spb.tara.ru,https://spb.tara.ru/catalog/,Акции,False,spb.tara.ru,run-none3,,,ok,13.253200000035577,,4305.104500000016,0.0,0.0,0.0,False,,,,empty,False,4305.104500000016,0.01839999994263053,HTML parse + extraction; shared across modes,0,0,0,,,,0,0,0,0,1,0.0,0.0,0.0,0.0,0.0,0.0,0.0,0.0,0.0
20261002T161451Z-d2eb76ee,industrial,original_fast,dind-spb.tara.ru-a5b72707164fdaac,html/spb.tara.ru-run-none4.html,,negative,True,0.0,0.0,0,0,0,1.0,0,0,0,0,0,0,0,0,0,industrial,html/spb.tara.ru-run-none4.html,spb.tara.ru-run-none4.html,run-none4,spb.tara.ru,D:\Pet_Codes\science\article-price-tracker\industrial\html\spb.tara.ru-run-none4.html,https://spb.tara.ru/catalog/,https://spb.tara.ru/catalog/,,,,raw_html,,a5b72707164fdaac72dd264ada3897aea702fedfc717121724e9fc6a650b81a7,a5b72707164fdaac72dd264ada3897aea702fedfc717121724e9fc6a650b81a7,D:\Job_Codes\PriceTracker\services\stealth-renderer\.artifacts\2026-05-13-sr-spb.tara.ru\1778653658739-g46ghg\page.html,False,2026-05-13-sr-spb.tara.ru\1778653658739-g46ghg\page.html,html/spb.tara.ru-run-none4.html,application_import,,2026-05-13T06:28:06.843Z,240019,False,True,,,False,,True,,0.0,dind-spb.tara.ru-a5b72707164fdaac,product_page_or_listing,https://spb.tara.ru/catalog/,True,stealth_renderer,,,,a5b72707164fdaac72dd264ada3897aea702fedfc717121724e9fc6a650b81a7,257412,False,spb.tara.ru,https://spb.tara.ru/catalog/,Каталог тары от производителя в Санкт-Петербурге | ТАРУ.РУ,False,spb.tara.ru,run-none4,,,ok,12.351900000008754,,5307.682700000005,0.0,0.0,0.0,False,,,,empty,False,5307.682700000005,0.014800000004470348,HTML parse + extraction; shared across modes,0,0,0,,,,0,0,0,0,1,0.0,0.0,0.0,0.0,0.0,0.0,0.0,0.0,0.0
20261002T161451Z-d2eb76ee,industrial,original_fast,dind-spb.tara.ru-e38223cfffcc86d0,html/spb.tara.ru-run-none5.html,ящик,positive,True,20.0,19.0,19,1,0,1.0,19,0,1,19,0,1,19,0,0,industrial,html/spb.tara.ru-run-none5.html,spb.tara.ru-run-none5.html,run-none5,spb.tara.ru,D:\Pet_Codes\science\article-price-tracker\industrial\html\spb.tara.ru-run-none5.html,https://spb.tara.ru/catalog/?q=%D1%8F%D1%89%D0%B8%D0%BA&s=%D0%9D%D0%B0%D0%B9%D1%82%D0%B8,https://spb.tara.ru/catalog/?q=%D1%8F%D1%89%D0%B8%D0%BA&s=%D0%9D%D0%B0%D0%B9%D1%82%D0%B8,ящик,,,raw_html,,e38223cfffcc86d0d62aa29533ceba5a21ee2574c3c5d24bd5864f66e42aefbe,e38223cfffcc86d0d62aa29533ceba5a21ee2574c3c5d24bd5864f66e42aefbe,D:\Job_Codes\PriceTracker\services\stealth-renderer\.artifacts\2026-05-13-sr-spb.tara.ru\1778654219850-albc90\page.html,False,2026-05-13-sr-spb.tara.ru\1778654219850-albc90\page.html,html/spb.tara.ru-run-none5.html,application_import,,2026-05-13T06:37:26.554Z,809828,False,True,,,False,,True,,0.0,dind-spb.tara.ru-e38223cfffcc86d0,product_page_or_listing,https://spb.tara.ru/catalog/?q=%D1%8F%D1%89%D0%B8%D0%BA&s=%D0%9D%D0%B0%D0%B9%D1%82%D0%B8,True,stealth_renderer,ящик,,,e38223cfffcc86d0d62aa29533ceba5a21ee2574c3c5d24bd5864f66e42aefbe,841033,False,spb.tara.ru,https://spb.tara.ru/catalog/?q=%D1%8F%D1%89%D0%B8%D0%BA&s=%D0%9D%D0%B0%D0%B9%D1%82%D0%B8,Каталог тары от производителя в Санкт-Петербурге | ТАРУ.РУ,False,spb.tara.ru,run-none5,,,ok,13.660400000051595,,18794.00769999996,19.0,19.0,19.0,False,,,,ok,False,18794.00769999996,1.4214999999385327,HTML parse + extraction; shared across modes,19,1,0,1.0,0.0,0.0,0,1,0,0,0,1.0,0.95,0.9743589743589743,1.0,0.95,0.9743589743589743,1.0,1.0,1.0
20261002T161451Z-d2eb76ee,industrial,original_fast,dind-spb.tara.ru-6339f71a84c7fe3f,html/spb.tara.ru-run-none6.html,ящик,positive,True,20.0,19.0,19,1,0,1.0,19,0,1,19,0,1,19,0,0,industrial,html/spb.tara.ru-run-none6.html,spb.tara.ru-run-none6.html,run-none6,spb.tara.ru,D:\Pet_Codes\science\article-price-tracker\industrial\html\spb.tara.ru-run-none6.html,https://spb.tara.ru/catalog/?q=%D1%8F%D1%89%D0%B8%D0%BA&s=%D0%9D%D0%B0%D0%B9%D1%82%D0%B8,https://spb.tara.ru/catalog/?q=%D1%8F%D1%89%D0%B8%D0%BA&s=%D0%9D%D0%B0%D0%B9%D1%82%D0%B8,ящик,,,raw_html,,6339f71a84c7fe3f45621853cfbbb99b18198cb3de8cf90883a4e798e9ac5c64,6339f71a84c7fe3f45621853cfbbb99b18198cb3de8cf90883a4e798e9ac5c64,D:\Job_Codes\PriceTracker\services\stealth-renderer\.artifacts\2026-05-18-sr-spb.tara.ru\1779102113614-u4qszo\page.html,False,2026-05-18-sr-spb.tara.ru\1779102113614-u4qszo\page.html,html/spb.tara.ru-run-none6.html,application_import,,2026-05-18T11:02:27.144Z,1007734,False,True,,,False,,True,,0.0,dind-spb.tara.ru-6339f71a84c7fe3f,product_page_or_listing,https://spb.tara.ru/catalog/?q=%D1%8F%D1%89%D0%B8%D0%BA&s=%D0%9D%D0%B0%D0%B9%D1%82%D0%B8,True,stealth_renderer,ящик,,,6339f71a84c7fe3f45621853cfbbb99b18198cb3de8cf90883a4e798e9ac5c64,1038982,False,spb.tara.ru,https://spb.tara.ru/catalog/?q=%D1%8F%D1%89%D0%B8%D0%BA&s=%D0%9D%D0%B0%D0%B9%D1%82%D0%B8,Каталог тары от производителя в Санкт-Петербурге | ТАРУ.РУ,False,spb.tara.ru,run-none6,,,ok,14.353299999958836,,19137.13540000003,19.0,19.0,19.0,False,,,,ok,False,19137.13540000003,1.4208000000799075,HTML parse + extraction; shared across modes,19,1,0,1.0,0.0,0.0,0,1,0,0,0,1.0,0.95,0.9743589743589743,1.0,0.95,0.9743589743589743,1.0,1.0,1.0
20261002T161451Z-d2eb76ee,industrial,original_fast,dind-tara.ru-29a986a694d3d56c,html/tara.ru-run-08e7e74c.html,ящик,positive,True,20.0,19.0,19,1,0,1.0,19,0,1,19,0,1,19,0,0,industrial,html/tara.ru-run-08e7e74c.html,tara.ru-run-08e7e74c.html,run-08e7e74c,tara.ru,D:\Pet_Codes\science\article-price-tracker\industrial\html\tara.ru-run-08e7e74c.html,https://tara.ru,https://tara.ru,ящик,Санкт-Петербург,shared_live_search,raw_html,,29a986a694d3d56c7b548babadd1de7298accbf3fb3f8f2687482a5a84e75e51,29a986a694d3d56c7b548babadd1de7298accbf3fb3f8f2687482a5a84e75e51,D:\Job_Codes\PriceTracker\.artifacts\collection\run-08e7e74c\tara.ru.html,False,run-08e7e74c\tara.ru.html,html/tara.ru-run-08e7e74c.html,application_import,,2026-05-13T06:37:30.438880+00:00,810232,False,False,,,False,,True,Санкт-Петербург,,dind-tara.ru-29a986a694d3d56c,product_page_or_listing,https://tara.ru,True,collection_run,ящик,shared_live_search,run-08e7e74c,29a986a694d3d56c7b548babadd1de7298accbf3fb3f8f2687482a5a84e75e51,841437,False,tara.ru,https://tara.ru,Каталог тары от производителя в Санкт-Петербурге | ТАРУ.РУ,False,tara.ru,run-08e7e74c,Санкт-Петербург,shared_live_search,ok,14.34809999994468,,19173.60560000001,19.0,19.0,19.0,False,,,,ok,False,19173.60560000001,1.4381999999750406,HTML parse + extraction; shared across modes,19,1,0,1.0,0.0,0.0,0,1,0,0,0,1.0,0.95,0.9743589743589743,1.0,0.95,0.9743589743589743,1.0,1.0,1.0
20261002T161451Z-d2eb76ee,industrial,original_fast,dind-tara.ru-79d24cb7a3d97e32,html/tara.ru-run-26e00e9e.html,ящик,positive,True,20.0,19.0,19,1,0,1.0,19,0,1,19,0,1,19,0,0,industrial,html/tara.ru-run-26e00e9e.html,tara.ru-run-26e00e9e.html,run-26e00e9e,tara.ru,D:\Pet_Codes\science\article-price-tracker\industrial\html\tara.ru-run-26e00e9e.html,https://tara.ru,https://tara.ru,ящик,Санкт-Петербург,shared_live_search,raw_html,,79d24cb7a3d97e32fd4f3b5dd97aa28e20ece7f9e3e3e6f7556027891cf818bf,79d24cb7a3d97e32fd4f3b5dd97aa28e20ece7f9e3e3e6f7556027891cf818bf,D:\Job_Codes\PriceTracker\.artifacts\collection\run-26e00e9e\tara.ru.html,False,run-26e00e9e\tara.ru.html,html/tara.ru-run-26e00e9e.html,application_import,,2026-05-13T06:14:41.552099+00:00,810030,False,False,,,False,,True,Санкт-Петербург,,dind-tara.ru-79d24cb7a3d97e32,product_page_or_listing,https://tara.ru,True,collection_run,ящик,shared_live_search,run-26e00e9e,79d24cb7a3d97e32fd4f3b5dd97aa28e20ece7f9e3e3e6f7556027891cf818bf,841235,False,tara.ru,https://tara.ru,Каталог тары от производителя в Санкт-Петербурге | ТАРУ.РУ,False,tara.ru,run-26e00e9e,Санкт-Петербург,shared_live_search,ok,14.600199999986216,,18984.044999999925,19.0,19.0,19.0,False,,,,ok,False,18984.044999999925,1.4505000000353903,HTML parse + extraction; shared across modes,19,1,0,1.0,0.0,0.0,0,1,0,0,0,1.0,0.95,0.9743589743589743,1.0,0.95,0.9743589743589743,1.0,1.0,1.0
20261002T161451Z-d2eb76ee,industrial,original_fast,dind-tara.ru-5dd436ea3dedcde3,html/tara.ru-run-6b43fab8.html,ящик,negative,True,0.0,0.0,0,0,0,1.0,0,0,0,0,0,0,0,0,0,industrial,html/tara.ru-run-6b43fab8.html,tara.ru-run-6b43fab8.html,run-6b43fab8,tara.ru,D:\Pet_Codes\science\article-price-tracker\industrial\html\tara.ru-run-6b43fab8.html,https://tara.ru,https://tara.ru,ящик,Санкт-Петербург,shared_live_search,raw_html,,5dd436ea3dedcde3e66722e2976008cdbd13bebdfe55a07c9bc9fc5c74dae1cd,5dd436ea3dedcde3e66722e2976008cdbd13bebdfe55a07c9bc9fc5c74dae1cd,D:\Job_Codes\PriceTracker\.artifacts\collection\run-6b43fab8\tara.ru.html,False,run-6b43fab8\tara.ru.html,html/tara.ru-run-6b43fab8.html,application_import,,2026-05-13T06:28:09.631104+00:00,240341,False,False,,,False,,True,Санкт-Петербург,,dind-tara.ru-5dd436ea3dedcde3,product_page_or_listing,https://tara.ru,True,collection_run,ящик,shared_live_search,run-6b43fab8,5dd436ea3dedcde3e66722e2976008cdbd13bebdfe55a07c9bc9fc5c74dae1cd,257734,False,tara.ru,https://tara.ru,Каталог тары от производителя в Санкт-Петербурге | ТАРУ.РУ,False,tara.ru,run-6b43fab8,Санкт-Петербург,shared_live_search,ok,12.425300000002608,,5284.136900000041,0.0,0.0,0.0,False,,,,empty,False,5284.136900000041,0.06909999996423721,HTML parse + extraction; shared across modes,0,0,0,,,,0,0,0,0,1,0.0,0.0,0.0,0.0,0.0,0.0,0.0,0.0,0.0
20261002T161451Z-d2eb76ee,industrial,original_fast,dind-tara.ru-996aa6565fe64523,html/tara.ru-run-a9c88d00.html,ящик,negative,True,0.0,0.0,0,0,0,1.0,0,0,0,0,0,0,0,0,0,industrial,html/tara.ru-run-a9c88d00.html,tara.ru-run-a9c88d00.html,run-a9c88d00,tara.ru,D:\Pet_Codes\science\article-price-tracker\industrial\html\tara.ru-run-a9c88d00.html,https://tara.ru,https://tara.ru,ящик,Санкт-Петербург,shared_live_search,raw_html,,996aa6565fe64523588432a0307500a4c6c03d7052eb2e6f5cca9e8e46d59dfa,996aa6565fe64523588432a0307500a4c6c03d7052eb2e6f5cca9e8e46d59dfa,D:\Job_Codes\PriceTracker\.artifacts\collection\run-a9c88d00\tara.ru.html,False,run-a9c88d00\tara.ru.html,html/tara.ru-run-a9c88d00.html,application_import,,2026-05-13T06:26:55.647122+00:00,234671,False,False,,,False,,True,Санкт-Петербург,,dind-tara.ru-996aa6565fe64523,product_page_or_listing,https://tara.ru,True,collection_run,ящик,shared_live_search,run-a9c88d00,996aa6565fe64523588432a0307500a4c6c03d7052eb2e6f5cca9e8e46d59dfa,250000,False,tara.ru,https://tara.ru,Акции,False,tara.ru,run-a9c88d00,Санкт-Петербург,shared_live_search,ok,1.2730999999912456,,4309.446600000025,0.0,0.0,0.0,False,,,,empty,False,4309.446600000025,0.08600000001024455,HTML parse + extraction; shared across modes,0,0,0,,,,0,0,0,0,1,0.0,0.0,0.0,0.0,0.0,0.0,0.0,0.0,0.0
20261002T161451Z-d2eb76ee,industrial,original_fast,dind-vseinstrumenti.ru-f1a5402edd7ade81,html/vseinstrumenti.ru-run-8d52f5c4.html,безударная дрель,positive,True,40.0,40.0,40,0,0,1.0,40,0,0,40,0,0,40,0,0,industrial,html/vseinstrumenti.ru-run-8d52f5c4.html,vseinstrumenti.ru-run-8d52f5c4.html,run-8d52f5c4,vseinstrumenti.ru,D:\Pet_Codes\science\article-price-tracker\industrial\html\vseinstrumenti.ru-run-8d52f5c4.html,https://vseinstrumenti.ru,https://vseinstrumenti.ru,безударная дрель,Санкт-Петербург,shared_live_search,raw_html,,f1a5402edd7ade818367d4d30a7ebfb11dfadef19bbd818c2a678ebe848835fe,f1a5402edd7ade818367d4d30a7ebfb11dfadef19bbd818c2a678ebe848835fe,D:\Job_Codes\PriceTracker\.artifacts\collection\run-8d52f5c4\vseinstrumenti.ru.html,False,run-8d52f5c4\vseinstrumenti.ru.html,html/vseinstrumenti.ru-run-8d52f5c4.html,application_import,,2026-05-13T05:57:07.561459+00:00,561238,False,False,,,False,,True,Санкт-Петербург,,dind-vseinstrumenti.ru-f1a5402edd7ade81,product_page_or_listing,https://vseinstrumenti.ru,True,collection_run,безударная дрель,shared_live_search,run-8d52f5c4,f1a5402edd7ade818367d4d30a7ebfb11dfadef19bbd818c2a678ebe848835fe,587200,False,vseinstrumenti.ru,https://vseinstrumenti.ru,Безударные электрические дрели - купить сетевую дрель без удара по выгодной цене – интернет-магазин ВсеИнструменты.ру,False,vseinstrumenti.ru,run-8d52f5c4,Санкт-Петербург,shared_live_search,ok,13.813200000091456,,586.3606000000145,40.0,40.0,40.0,False,,,,ok,False,586.3606000000145,1.853800000040792,HTML parse + extraction; shared across modes,40,0,0,1.0,0.0,0.0,0,1,0,0,0,1.0,1.0,1.0,1.0,1.0,1.0,1.0,1.0,1.0
20261002T161451Z-d2eb76ee,industrial,original_fast,dind-wildberries.ru-ef3f50265721d3c2,html/wildberries.ru-run-none1.html,новый практический курс китайского языка 3 издание,positive,True,39.0,1.0,0,39,1,1.0,0,1,39,0,1,39,0,1,39,industrial,html/wildberries.ru-run-none1.html,wildberries.ru-run-none1.html,run-none1,wildberries.ru,D:\Pet_Codes\science\article-price-tracker\industrial\html\wildberries.ru-run-none1.html,https://www.wildberries.ru/catalog/0/search.aspx?search=%D0%BD%D0%BE%D0%B2%D1%8B%D0%B9%20%D0%BF%D1%80%D0%B0%D0%BA%D1%82%D0%B8%D1%87%D0%B5%D1%81%D0%BA%D0%B8%D0%B9%20%D0%BA%D1%83%D1%80%D1%81%20%D0%BA%D0%B8%D1%82%D0%B0%D0%B9%D1%81%D0%BA%D0%BE%D0%B3%D0%BE%20%D1%8F%D0%B7%D1%8B%D0%BA%D0%B0%203%20%D0%B8%D0%B7%D0%B4%D0%B0%D0%BD%D0%B8%D0%B5,https://www.wildberries.ru/catalog/0/search.aspx?search=%D0%BD%D0%BE%D0%B2%D1%8B%D0%B9%20%D0%BF%D1%80%D0%B0%D0%BA%D1%82%D0%B8%D1%87%D0%B5%D1%81%D0%BA%D0%B8%D0%B9%20%D0%BA%D1%83%D1%80%D1%81%20%D0%BA%D0%B8%D1%82%D0%B0%D0%B9%D1%81%D0%BA%D0%BE%D0%B3%D0%BE%20%D1%8F%D0%B7%D1%8B%D0%BA%D0%B0%203%20%D0%B8%D0%B7%D0%B4%D0%B0%D0%BD%D0%B8%D0%B5,новый практический курс китайского языка 3 издание,,,raw_html,,ef3f50265721d3c21944644cbfe86fb36f113b35125a67b24abbd605dc6956e3,ef3f50265721d3c21944644cbfe86fb36f113b35125a67b24abbd605dc6956e3,D:\Job_Codes\PriceTracker\services\stealth-renderer\.artifacts\2026-05-04-sr-wildberries.ru\1777876303493-e3euf7\page.html,False,2026-05-04-sr-wildberries.ru\1777876303493-e3euf7\page.html,html/wildberries.ru-run-none1.html,application_import,,2026-05-04T06:32:01.621Z,1426973,False,True,,,False,,True,,0.0,dind-wildberries.ru-ef3f50265721d3c2,product_page_or_listing,https://www.wildberries.ru/catalog/0/search.aspx?search=%D0%BD%D0%BE%D0%B2%D1%8B%D0%B9%20%D0%BF%D1%80%D0%B0%D0%BA%D1%82%D0%B8%D1%87%D0%B5%D1%81%D0%BA%D0%B8%D0%B9%20%D0%BA%D1%83%D1%80%D1%81%20%D0%BA%D0%B8%D1%82%D0%B0%D0%B9%D1%81%D0%BA%D0%BE%D0%B3%D0%BE%20%D1%8F%D0%B7%D1%8B%D0%BA%D0%B0%203%20%D0%B8%D0%B7%D0%B4%D0%B0%D0%BD%D0%B8%D0%B5,True,stealth_renderer,новый практический курс китайского языка 3 издание,,,ef3f50265721d3c21944644cbfe86fb36f113b35125a67b24abbd605dc6956e3,1440842,False,wildberries.ru,https://www.wildberries.ru/catalog/0/search.aspx?search=%D0%BD%D0%BE%D0%B2%D1%8B%D0%B9%20%D0%BF%D1%80%D0%B0%D0%BA%D1%82%D0%B8%D1%87%D0%B5%D1%81%D0%BA%D0%B8%D0%B9%20%D0%BA%D1%83%D1%80%D1%81%20%D0%BA%D0%B8%D1%82%D0%B0%D0%B9%D1%81%D0%BA%D0%BE%D0%B3%D0%BE%20%D1%8F%D0%B7%D1%8B%D0%BA%D0%B0%203%20%D0%B8%D0%B7%D0%B4%D0%B0%D0%BD%D0%B8%D0%B5,Интернет‑магазин Wildberries: широкий ассортимент товаров - скидки каждый день!,False,wildberries.ru,run-none1,,,ok,14.710699999937788,,31648.373900000122,1.0,1.0,1.0,False,,,,ok,False,31648.373900000122,0.30440000002272427,HTML parse + extraction; shared across modes,39,0,0,,,,0,1,0,0,0,0.0,0.0,0.0,0.0,0.0,0.0,0.0,0.0,0.0
20261002T161451Z-d2eb76ee,industrial,original_fast,dind-wildberries.ru-70b945be0d4bf26a,html/wildberries.ru-run-none2.html,новый практический курс китайского языка 3 издание,negative,True,0.0,0.0,0,0,0,1.0,0,0,0,0,0,0,0,0,0,industrial,html/wildberries.ru-run-none2.html,wildberries.ru-run-none2.html,run-none2,wildberries.ru,D:\Pet_Codes\science\article-price-tracker\industrial\html\wildberries.ru-run-none2.html,https://www.wildberries.ru/catalog/0/search.aspx?search=%D0%BD%D0%BE%D0%B2%D1%8B%D0%B9%20%D0%BF%D1%80%D0%B0%D0%BA%D1%82%D0%B8%D1%87%D0%B5%D1%81%D0%BA%D0%B8%D0%B9%20%D0%BA%D1%83%D1%80%D1%81%20%D0%BA%D0%B8%D1%82%D0%B0%D0%B9%D1%81%D0%BA%D0%BE%D0%B3%D0%BE%20%D1%8F%D0%B7%D1%8B%D0%BA%D0%B0%203%20%D0%B8%D0%B7%D0%B4%D0%B0%D0%BD%D0%B8%D0%B5,https://www.wildberries.ru/catalog/0/search.aspx?search=%D0%BD%D0%BE%D0%B2%D1%8B%D0%B9%20%D0%BF%D1%80%D0%B0%D0%BA%D1%82%D0%B8%D1%87%D0%B5%D1%81%D0%BA%D0%B8%D0%B9%20%D0%BA%D1%83%D1%80%D1%81%20%D0%BA%D0%B8%D1%82%D0%B0%D0%B9%D1%81%D0%BA%D0%BE%D0%B3%D0%BE%20%D1%8F%D0%B7%D1%8B%D0%BA%D0%B0%203%20%D0%B8%D0%B7%D0%B4%D0%B0%D0%BD%D0%B8%D0%B5,новый практический курс китайского языка 3 издание,,,raw_html,,70b945be0d4bf26ade6cba4814887bbbb45f45c92a0b7fd571022b427605edba,70b945be0d4bf26ade6cba4814887bbbb45f45c92a0b7fd571022b427605edba,D:\Job_Codes\PriceTracker\services\stealth-renderer\.artifacts\2026-05-13-sr-wildberries.ru\1778670030191-mrfiik\page.html,False,2026-05-13-sr-wildberries.ru\1778670030191-mrfiik\page.html,html/wildberries.ru-run-none2.html,application_import,,2026-05-13T11:00:40.888Z,1307105,False,True,,,False,,True,,0.0,dind-wildberries.ru-70b945be0d4bf26a,product_page_or_listing,https://www.wildberries.ru/catalog/0/search.aspx?search=%D0%BD%D0%BE%D0%B2%D1%8B%D0%B9%20%D0%BF%D1%80%D0%B0%D0%BA%D1%82%D0%B8%D1%87%D0%B5%D1%81%D0%BA%D0%B8%D0%B9%20%D0%BA%D1%83%D1%80%D1%81%20%D0%BA%D0%B8%D1%82%D0%B0%D0%B9%D1%81%D0%BA%D0%BE%D0%B3%D0%BE%20%D1%8F%D0%B7%D1%8B%D0%BA%D0%B0%203%20%D0%B8%D0%B7%D0%B4%D0%B0%D0%BD%D0%B8%D0%B5,True,stealth_renderer,новый практический курс китайского языка 3 издание,,,70b945be0d4bf26ade6cba4814887bbbb45f45c92a0b7fd571022b427605edba,1311479,False,wildberries.ru,https://www.wildberries.ru/catalog/0/search.aspx?search=%D0%BD%D0%BE%D0%B2%D1%8B%D0%B9%20%D0%BF%D1%80%D0%B0%D0%BA%D1%82%D0%B8%D1%87%D0%B5%D1%81%D0%BA%D0%B8%D0%B9%20%D0%BA%D1%83%D1%80%D1%81%20%D0%BA%D0%B8%D1%82%D0%B0%D0%B9%D1%81%D0%BA%D0%BE%D0%B3%D0%BE%20%D1%8F%D0%B7%D1%8B%D0%BA%D0%B0%203%20%D0%B8%D0%B7%D0%B4%D0%B0%D0%BD%D0%B8%D0%B5,,False,wildberries.ru,run-none2,,,ok,2.781900000059977,,398.3703000000678,0.0,0.0,0.0,False,,,,empty,False,398.3703000000678,0.1635000000242144,HTML parse + extraction; shared across modes,0,0,0,,,,0,0,0,0,1,0.0,0.0,0.0,0.0,0.0,0.0,0.0,0.0,0.0
20261002T161451Z-d2eb76ee,industrial,original_fast,dind-ximtek.ru-98dac1b01cd67510,html/ximtek.ru-run-none1.html,антисептик,positive,True,12.0,13.0,12,0,1,1.0,12,1,0,12,1,0,12,1,0,industrial,html/ximtek.ru-run-none1.html,ximtek.ru-run-none1.html,run-none1,ximtek.ru,D:\Pet_Codes\science\article-price-tracker\industrial\html\ximtek.ru-run-none1.html,https://ximtek.ru/katalog/?q=%D0%B0%D0%BD%D1%82%D0%B8%D1%81%D0%B5%D0%BF%D1%82%D0%B8%D0%BA,https://ximtek.ru/katalog/?q=%D0%B0%D0%BD%D1%82%D0%B8%D1%81%D0%B5%D0%BF%D1%82%D0%B8%D0%BA,антисептик,,,raw_html,,98dac1b01cd67510045c0bd520ec6be5e27da75fe33a96ab97ef693326079232,98dac1b01cd67510045c0bd520ec6be5e27da75fe33a96ab97ef693326079232,D:\Job_Codes\PriceTracker\services\stealth-renderer\.artifacts\2026-05-13-sr-ximtek.ru\1778655533352-jc0w83\page.html,False,2026-05-13-sr-ximtek.ru\1778655533352-jc0w83\page.html,html/ximtek.ru-run-none1.html,application_import,,2026-05-13T07:00:01.890Z,538862,False,True,,,False,,True,,0.0,dind-ximtek.ru-98dac1b01cd67510,product_page_or_listing,https://ximtek.ru/katalog/?q=%D0%B0%D0%BD%D1%82%D0%B8%D1%81%D0%B5%D0%BF%D1%82%D0%B8%D0%BA,True,stealth_renderer,антисептик,,,98dac1b01cd67510045c0bd520ec6be5e27da75fe33a96ab97ef693326079232,551561,False,ximtek.ru,https://ximtek.ru/katalog/?q=%D0%B0%D0%BD%D1%82%D0%B8%D1%81%D0%B5%D0%BF%D1%82%D0%B8%D0%BA,Каталог продукции Химтек,False,ximtek.ru,run-none1,,,ok,12.472700000042096,,2010.3097000000998,13.0,13.0,13.0,False,,,,ok,False,2010.3097000000998,0.5937000000849366,HTML parse + extraction; shared across modes,12,0,0,1.0,0.0,0.0,0,1,0,0,0,0.9230769230769231,1.0,0.9600000000000001,0.9230769230769231,1.0,0.9600000000000001,0.9230769230769231,1.0,0.9600000000000001
20261002T161451Z-d2eb76ee,industrial,original_fast,dind-ximtek.ru-f97bddb789d6b997,html/ximtek.ru-run-none2.html,антисептик,positive,True,12.0,13.0,12,0,1,1.0,12,1,0,12,1,0,12,1,0,industrial,html/ximtek.ru-run-none2.html,ximtek.ru-run-none2.html,run-none2,ximtek.ru,D:\Pet_Codes\science\article-price-tracker\industrial\html\ximtek.ru-run-none2.html,https://ximtek.ru/katalog/?q=%D0%B0%D0%BD%D1%82%D0%B8%D1%81%D0%B5%D0%BF%D1%82%D0%B8%D0%BA,https://ximtek.ru/katalog/?q=%D0%B0%D0%BD%D1%82%D0%B8%D1%81%D0%B5%D0%BF%D1%82%D0%B8%D0%BA,антисептик,,,raw_html,,f97bddb789d6b997421fffe1f66a02ff18d9b99bc64dcc99062a0d6d9d4c74a8,f97bddb789d6b997421fffe1f66a02ff18d9b99bc64dcc99062a0d6d9d4c74a8,D:\Job_Codes\PriceTracker\services\stealth-renderer\.artifacts\2026-05-13-sr-ximtek.ru\1778656071512-t2dmai\page.html,False,2026-05-13-sr-ximtek.ru\1778656071512-t2dmai\page.html,html/ximtek.ru-run-none2.html,application_import,,2026-05-13T07:08:51.949Z,538843,False,True,,,False,,True,,0.0,dind-ximtek.ru-f97bddb789d6b997,product_page_or_listing,https://ximtek.ru/katalog/?q=%D0%B0%D0%BD%D1%82%D0%B8%D1%81%D0%B5%D0%BF%D1%82%D0%B8%D0%BA,True,stealth_renderer,антисептик,,,f97bddb789d6b997421fffe1f66a02ff18d9b99bc64dcc99062a0d6d9d4c74a8,551542,False,ximtek.ru,https://ximtek.ru/katalog/?q=%D0%B0%D0%BD%D1%82%D0%B8%D1%81%D0%B5%D0%BF%D1%82%D0%B8%D0%BA,Каталог продукции Химтек,False,ximtek.ru,run-none2,,,ok,1.6186999999918044,,1844.6672000000253,13.0,13.0,13.0,False,,,,ok,False,1844.6672000000253,0.6079000001773238,HTML parse + extraction; shared across modes,12,0,0,1.0,0.0,0.0,0,1,0,0,0,0.9230769230769231,1.0,0.9600000000000001,0.9230769230769231,1.0,0.9600000000000001,0.9230769230769231,1.0,0.9600000000000001
20261002T161451Z-d2eb76ee,industrial,original_fast,dind-ximtek.ru-abe2b1a972996824,html/ximtek.ru-run-none3.html,антисептик,negative,True,0.0,0.0,0,0,0,1.0,0,0,0,0,0,0,0,0,0,industrial,html/ximtek.ru-run-none3.html,ximtek.ru-run-none3.html,run-none3,ximtek.ru,D:\Pet_Codes\science\article-price-tracker\industrial\html\ximtek.ru-run-none3.html,https://ximtek.ru/katalog/?q=%D0%B0%D0%BD%D1%82%D0%B8%D1%81%D0%B5%D0%BF%D1%82%D0%B8%D0%BA,https://ximtek.ru/katalog/?q=%D0%B0%D0%BD%D1%82%D0%B8%D1%81%D0%B5%D0%BF%D1%82%D0%B8%D0%BA,антисептик,,,raw_html,,abe2b1a972996824976ac686487c6f97c9f3f8037c821920b9586b8335cd5663,abe2b1a972996824976ac686487c6f97c9f3f8037c821920b9586b8335cd5663,D:\Job_Codes\PriceTracker\services\stealth-renderer\.artifacts\2026-05-18-sr-ximtek.ru\1779104043313-u1ep1s\page.html,False,2026-05-18-sr-ximtek.ru\1779104043313-u1ep1s\page.html,html/ximtek.ru-run-none3.html,application_import,,2026-05-18T11:34:29.464Z,431551,False,True,,ru_nothing_found,False,,True,,0.0,dind-ximtek.ru-abe2b1a972996824,empty_result,https://ximtek.ru/katalog/?q=%D0%B0%D0%BD%D1%82%D0%B8%D1%81%D0%B5%D0%BF%D1%82%D0%B8%D0%BA,False,stealth_renderer,антисептик,,,abe2b1a972996824976ac686487c6f97c9f3f8037c821920b9586b8335cd5663,441711,False,ximtek.ru,https://ximtek.ru/katalog/?q=%D0%B0%D0%BD%D1%82%D0%B8%D1%81%D0%B5%D0%BF%D1%82%D0%B8%D0%BA,Каталог продукции Химтек,False,ximtek.ru,run-none3,,,ok,12.6921999999322,,13.849500000011176,0.0,0.0,0.0,False,,,,blocked,False,13.849500000011176,0.0851000000257045,HTML parse + extraction; shared across modes,0,0,0,,,,0,0,0,0,1,0.0,0.0,0.0,0.0,0.0,0.0,0.0,0.0,0.0
20261002T161451Z-d2eb76ee,industrial,original_fast,dind-ximtek.ru-940ff623d7a49c34,html/ximtek.ru-run-none4.html,каска,negative,True,0.0,0.0,0,0,0,1.0,0,0,0,0,0,0,0,0,0,industrial,html/ximtek.ru-run-none4.html,ximtek.ru-run-none4.html,run-none4,ximtek.ru,D:\Pet_Codes\science\article-price-tracker\industrial\html\ximtek.ru-run-none4.html,https://ximtek.ru/katalog/?q=%D0%BA%D0%B0%D1%81%D0%BA%D0%B0,https://ximtek.ru/katalog/?q=%D0%BA%D0%B0%D1%81%D0%BA%D0%B0,каска,,,raw_html,,940ff623d7a49c34bf8d009576532d29e87634a388815d9740371a57ee3c162f,940ff623d7a49c34bf8d009576532d29e87634a388815d9740371a57ee3c162f,D:\Job_Codes\PriceTracker\services\stealth-renderer\.artifacts\2026-05-18-sr-ximtek.ru\1779104268902-d17zkt\page.html,False,2026-05-18-sr-ximtek.ru\1779104268902-d17zkt\page.html,html/ximtek.ru-run-none4.html,application_import,,2026-05-18T11:38:16.269Z,431048,False,True,,ru_nothing_found,False,,True,,0.0,dind-ximtek.ru-940ff623d7a49c34,empty_result,https://ximtek.ru/katalog/?q=%D0%BA%D0%B0%D1%81%D0%BA%D0%B0,False,stealth_renderer,каска,,,940ff623d7a49c34bf8d009576532d29e87634a388815d9740371a57ee3c162f,441193,False,ximtek.ru,https://ximtek.ru/katalog/?q=%D0%BA%D0%B0%D1%81%D0%BA%D0%B0,Каталог продукции Химтек,False,ximtek.ru,run-none4,,,ok,1.4570999999996275,,13.487299999920651,0.0,0.0,0.0,False,,,,blocked,False,13.487299999920651,0.0921000000089407,HTML parse + extraction; shared across modes,0,0,0,,,,0,0,0,0,1,0.0,0.0,0.0,0.0,0.0,0.0,0.0,0.0,0.0
20261002T161451Z-d2eb76ee,industrial,original_fast,dind-ximtek.ru-c35012c3b47572b1,html/ximtek.ru-run-60625fbe.html,антисептик,positive,True,12.0,13.0,12,0,1,1.0,12,1,0,12,1,0,12,1,0,industrial,html/ximtek.ru-run-60625fbe.html,ximtek.ru-run-60625fbe.html,run-60625fbe,ximtek.ru,D:\Pet_Codes\science\article-price-tracker\industrial\html\ximtek.ru-run-60625fbe.html,https://ximtek.ru,https://ximtek.ru,антисептик,Санкт-Петербург,shared_live_search,raw_html,,c35012c3b47572b1696ccd45b57c8a75a99f6362c23a1ee4bcadcfd63cea5229,c35012c3b47572b1696ccd45b57c8a75a99f6362c23a1ee4bcadcfd63cea5229,D:\Job_Codes\PriceTracker\.artifacts\collection\run-60625fbe\ximtek.ru.html,False,run-60625fbe\ximtek.ru.html,html/ximtek.ru-run-60625fbe.html,application_import,,2026-05-13T07:08:54.237475+00:00,541660,False,False,,,False,,True,Санкт-Петербург,,dind-ximtek.ru-c35012c3b47572b1,product_page_or_listing,https://ximtek.ru,True,collection_run,антисептик,shared_live_search,run-60625fbe,c35012c3b47572b1696ccd45b57c8a75a99f6362c23a1ee4bcadcfd63cea5229,554359,False,ximtek.ru,https://ximtek.ru,Каталог продукции Химтек,False,ximtek.ru,run-60625fbe,Санкт-Петербург,shared_live_search,ok,1.2538999998942018,,1839.8023999999277,13.0,13.0,13.0,False,,,,ok,False,1839.8023999999277,0.59969999990426,HTML parse + extraction; shared across modes,12,0,0,1.0,0.0,0.0,0,1,0,0,0,0.9230769230769231,1.0,0.9600000000000001,0.9230769230769231,1.0,0.9600000000000001,0.9230769230769231,1.0,0.9600000000000001
20261002T161451Z-d2eb76ee,industrial,original_fast,dind-ximtek.ru-a6bdec3f9b446bd1,html/ximtek.ru-run-8572df63.html,антисептик,positive,True,12.0,13.0,12,0,1,1.0,12,1,0,12,1,0,12,1,0,industrial,html/ximtek.ru-run-8572df63.html,ximtek.ru-run-8572df63.html,run-8572df63,ximtek.ru,D:\Pet_Codes\science\article-price-tracker\industrial\html\ximtek.ru-run-8572df63.html,https://ximtek.ru,https://ximtek.ru,антисептик,Санкт-Петербург,shared_live_search,raw_html,,a6bdec3f9b446bd1d9a11f4d4e38363e6e82d20fc5b2e9c340c8fdd812c939da,a6bdec3f9b446bd1d9a11f4d4e38363e6e82d20fc5b2e9c340c8fdd812c939da,D:\Job_Codes\PriceTracker\.artifacts\collection\run-8572df63\ximtek.ru.html,False,run-8572df63\ximtek.ru.html,html/ximtek.ru-run-8572df63.html,application_import,,2026-05-13T07:00:04.627454+00:00,541679,False,False,,,False,,True,Санкт-Петербург,,dind-ximtek.ru-a6bdec3f9b446bd1,product_page_or_listing,https://ximtek.ru,True,collection_run,антисептик,shared_live_search,run-8572df63,a6bdec3f9b446bd1d9a11f4d4e38363e6e82d20fc5b2e9c340c8fdd812c939da,554378,False,ximtek.ru,https://ximtek.ru,Каталог продукции Химтек,False,ximtek.ru,run-8572df63,Санкт-Петербург,shared_live_search,ok,13.474500000011176,,1974.534400000004,13.0,13.0,13.0,False,,,,ok,False,1974.534400000004,0.5927999999839813,HTML parse + extraction; shared across modes,12,0,0,1.0,0.0,0.0,0,1,0,0,0,0.9230769230769231,1.0,0.9600000000000001,0.9230769230769231,1.0,0.9600000000000001,0.9230769230769231,1.0,0.9600000000000001
20261002T161451Z-d2eb76ee,industrial,original_fast,dind-xn----7sbbnaebi2cxajxwo0b.xn--p1ai-20db32191ce1e849,html/xn----7sbbnaebi2cxajxwo0b.xn--p1ai-run-none1.html,каска,positive,True,106.0,106.0,106,0,0,1.0,106,0,0,106,0,0,106,0,0,industrial,html/xn----7sbbnaebi2cxajxwo0b.xn--p1ai-run-none1.html,xn----7sbbnaebi2cxajxwo0b.xn--p1ai-run-none1.html,run-none1,xn----7sbbnaebi2cxajxwo0b.xn--p1ai,D:\Pet_Codes\science\article-price-tracker\industrial\html\xn----7sbbnaebi2cxajxwo0b.xn--p1ai-run-none1.html,https://xn----7sbbnaebi2cxajxwo0b.xn--p1ai/search/?query=%D0%BA%D0%B0%D1%81%D0%BA%D0%B0,https://xn----7sbbnaebi2cxajxwo0b.xn--p1ai/search/?query=%D0%BA%D0%B0%D1%81%D0%BA%D0%B0,каска,,,raw_html,,20db32191ce1e849ebda03bd800cf81b6a63725b3be17ab8038082da8f51fb02,20db32191ce1e849ebda03bd800cf81b6a63725b3be17ab8038082da8f51fb02,D:\Job_Codes\PriceTracker\services\stealth-renderer\.artifacts\2026-05-13-sr-xn----7sbbnaebi2cxajxwo0b.xn--p1ai\1778656556508-yk8lvs\page.html,False,2026-05-13-sr-xn----7sbbnaebi2cxajxwo0b.xn--p1ai\1778656556508-yk8lvs\page.html,html/xn----7sbbnaebi2cxajxwo0b.xn--p1ai-run-none1.html,application_import,,2026-05-13T07:16:27.564Z,121121,False,True,,,False,,True,,0.0,dind-xn----7sbbnaebi2cxajxwo0b.xn--p1ai-20db32191ce1e849,product_page_or_listing,https://xn----7sbbnaebi2cxajxwo0b.xn--p1ai/search/?query=%D0%BA%D0%B0%D1%81%D0%BA%D0%B0,True,stealth_renderer,каска,,,20db32191ce1e849ebda03bd800cf81b6a63725b3be17ab8038082da8f51fb02,127464,False,xn----7sbbnaebi2cxajxwo0b.xn--p1ai,https://xn----7sbbnaebi2cxajxwo0b.xn--p1ai/search/?query=%D0%BA%D0%B0%D1%81%D0%BA%D0%B0,Результаты поиска,False,xn----7sbbnaebi2cxajxwo0b.xn--p1ai,run-none1,,,ok,1.0320999999530613,,108.96659999992698,106.0,106.0,106.0,False,,,,ok,False,108.96659999992698,8.064699999988079,HTML parse + extraction; shared across modes,106,0,0,1.0,0.0,0.0,0,1,0,0,0,1.0,1.0,1.0,1.0,1.0,1.0,1.0,1.0,1.0
20261002T161451Z-d2eb76ee,industrial,original_fast,dind-xn----7sbbnaebi2cxajxwo0b.xn--p1ai-fa2a381a67d4ba03,html/xn----7sbbnaebi2cxajxwo0b.xn--p1ai-run-none2.html,каска защитная,positive,True,102.0,102.0,102,0,0,1.0,102,0,0,102,0,0,102,0,0,industrial,html/xn----7sbbnaebi2cxajxwo0b.xn--p1ai-run-none2.html,xn----7sbbnaebi2cxajxwo0b.xn--p1ai-run-none2.html,run-none2,xn----7sbbnaebi2cxajxwo0b.xn--p1ai,D:\Pet_Codes\science\article-price-tracker\industrial\html\xn----7sbbnaebi2cxajxwo0b.xn--p1ai-run-none2.html,https://xn----7sbbnaebi2cxajxwo0b.xn--p1ai/search/?query=%D0%BA%D0%B0%D1%81%D0%BA%D0%B0+%D0%B7%D0%B0%D1%89%D0%B8%D1%82%D0%BD%D0%B0%D1%8F,https://xn----7sbbnaebi2cxajxwo0b.xn--p1ai/search/?query=%D0%BA%D0%B0%D1%81%D0%BA%D0%B0+%D0%B7%D0%B0%D1%89%D0%B8%D1%82%D0%BD%D0%B0%D1%8F,каска защитная,,,raw_html,,fa2a381a67d4ba038a8673654f545cc93d9c0a3a7aa0414982c8a6a216d5d033,fa2a381a67d4ba038a8673654f545cc93d9c0a3a7aa0414982c8a6a216d5d033,D:\Job_Codes\PriceTracker\services\stealth-renderer\.artifacts\2026-05-13-sr-xn----7sbbnaebi2cxajxwo0b.xn--p1ai\1778657518910-ai290i\page.html,False,2026-05-13-sr-xn----7sbbnaebi2cxajxwo0b.xn--p1ai\1778657518910-ai290i\page.html,html/xn----7sbbnaebi2cxajxwo0b.xn--p1ai-run-none2.html,application_import,,2026-05-13T07:32:27.700Z,117897,False,True,,,False,,True,,0.0,dind-xn----7sbbnaebi2cxajxwo0b.xn--p1ai-fa2a381a67d4ba03,product_page_or_listing,https://xn----7sbbnaebi2cxajxwo0b.xn--p1ai/search/?query=%D0%BA%D0%B0%D1%81%D0%BA%D0%B0+%D0%B7%D0%B0%D1%89%D0%B8%D1%82%D0%BD%D0%B0%D1%8F,True,stealth_renderer,каска защитная,,,fa2a381a67d4ba038a8673654f545cc93d9c0a3a7aa0414982c8a6a216d5d033,124060,False,xn----7sbbnaebi2cxajxwo0b.xn--p1ai,https://xn----7sbbnaebi2cxajxwo0b.xn--p1ai/search/?query=%D0%BA%D0%B0%D1%81%D0%BA%D0%B0+%D0%B7%D0%B0%D1%89%D0%B8%D1%82%D0%BD%D0%B0%D1%8F,Результаты поиска,False,xn----7sbbnaebi2cxajxwo0b.xn--p1ai,run-none2,,,ok,1.1090000001713634,,102.90039999992587,102.0,102.0,102.0,False,,,,ok,False,102.90039999992587,6.700999999884516,HTML parse + extraction; shared across modes,102,0,0,1.0,0.0,0.0,0,1,0,0,0,1.0,1.0,1.0,1.0,1.0,1.0,1.0,1.0,1.0
20261002T161451Z-d2eb76ee,industrial,original_fast,dind-xn----7sbbnaebi2cxajxwo0b.xn--p1ai-a714f745fc2dada6,html/xn----7sbbnaebi2cxajxwo0b.xn--p1ai-run-none3.html,каска,positive,True,106.0,106.0,106,0,0,1.0,106,0,0,106,0,0,106,0,0,industrial,html/xn----7sbbnaebi2cxajxwo0b.xn--p1ai-run-none3.html,xn----7sbbnaebi2cxajxwo0b.xn--p1ai-run-none3.html,run-none3,xn----7sbbnaebi2cxajxwo0b.xn--p1ai,D:\Pet_Codes\science\article-price-tracker\industrial\html\xn----7sbbnaebi2cxajxwo0b.xn--p1ai-run-none3.html,https://xn----7sbbnaebi2cxajxwo0b.xn--p1ai/search/?query=%D0%BA%D0%B0%D1%81%D0%BA%D0%B0,https://xn----7sbbnaebi2cxajxwo0b.xn--p1ai/search/?query=%D0%BA%D0%B0%D1%81%D0%BA%D0%B0,каска,,,raw_html,,a714f745fc2dada61f3444f9433437bc007f030eed3ccf6189f4f7977141a948,a714f745fc2dada61f3444f9433437bc007f030eed3ccf6189f4f7977141a948,D:\Job_Codes\PriceTracker\services\stealth-renderer\.artifacts\2026-05-18-sr-xn----7sbbnaebi2cxajxwo0b.xn--p1ai\1779104438537-4e3477\page.html,False,2026-05-18-sr-xn----7sbbnaebi2cxajxwo0b.xn--p1ai\1779104438537-4e3477\page.html,html/xn----7sbbnaebi2cxajxwo0b.xn--p1ai-run-none3.html,application_import,,2026-05-18T11:40:57.020Z,121121,False,True,,,False,,True,,0.0,dind-xn----7sbbnaebi2cxajxwo0b.xn--p1ai-a714f745fc2dada6,product_page_or_listing,https://xn----7sbbnaebi2cxajxwo0b.xn--p1ai/search/?query=%D0%BA%D0%B0%D1%81%D0%BA%D0%B0,True,stealth_renderer,каска,,,a714f745fc2dada61f3444f9433437bc007f030eed3ccf6189f4f7977141a948,127464,False,xn----7sbbnaebi2cxajxwo0b.xn--p1ai,https://xn----7sbbnaebi2cxajxwo0b.xn--p1ai/search/?query=%D0%BA%D0%B0%D1%81%D0%BA%D0%B0,Результаты поиска,False,xn----7sbbnaebi2cxajxwo0b.xn--p1ai,run-none3,,,ok,1.13440000009723,,106.85019999998622,106.0,106.0,106.0,False,,,,ok,False,106.85019999998622,6.878700000001118,HTML parse + extraction; shared across modes,106,0,0,1.0,0.0,0.0,0,1,0,0,0,1.0,1.0,1.0,1.0,1.0,1.0,1.0,1.0,1.0
20261002T161451Z-d2eb76ee,industrial,original_fast,dind-.-e142c05b90bdf168,html/unknown-run-7839236e.html,каска защитная,positive,True,102.0,102.0,0,102,102,1.0,0,102,102,0,102,102,0,102,102,industrial,html/unknown-run-7839236e.html,unknown-run-7839236e.html,run-7839236e,спецодежда-тула.рф,D:\Pet_Codes\science\article-price-tracker\industrial\html\unknown-run-7839236e.html,https://спецодежда-тула.рф,https://спецодежда-тула.рф,каска защитная,Санкт-Петербург,shared_live_search,raw_html,,e142c05b90bdf168fa488be6bff17a2adf9f773d95f3a9c9c670a56ba6f1b4f2,e142c05b90bdf168fa488be6bff17a2adf9f773d95f3a9c9c670a56ba6f1b4f2,D:\Job_Codes\PriceTracker\.artifacts\collection\run-7839236e\спецодежда-тула.рф.html,False,run-7839236e\спецодежда-тула.рф.html,html/unknown-run-7839236e.html,application_import,,2026-05-13T07:32:29.786414+00:00,119322,False,False,,,False,,True,Санкт-Петербург,,dind-.-e142c05b90bdf168,product_page_or_listing,https://спецодежда-тула.рф,True,collection_run,каска защитная,shared_live_search,run-7839236e,e142c05b90bdf168fa488be6bff17a2adf9f773d95f3a9c9c670a56ba6f1b4f2,125485,False,спецодежда-тула.рф,https://спецодежда-тула.рф,Результаты поиска,False,спецодежда-тула.рф,run-7839236e,Санкт-Петербург,shared_live_search,ok,1.0420999999623746,,101.16940000001341,102.0,102.0,102.0,False,,,,ok,False,101.16940000001341,6.939199999906123,HTML parse + extraction; shared across modes,102,0,0,,,,0,1,0,0,0,0.0,0.0,0.0,0.0,0.0,0.0,0.0,0.0,0.0
20261002T161451Z-d2eb76ee,industrial,original_fast,dind-.-1c84d53a2c5b20ea,html/unknown-run-af7893e6.html,каска,positive,True,106.0,106.0,0,106,106,1.0,0,106,106,0,106,106,0,106,106,industrial,html/unknown-run-af7893e6.html,unknown-run-af7893e6.html,run-af7893e6,спецодежда-тула.рф,D:\Pet_Codes\science\article-price-tracker\industrial\html\unknown-run-af7893e6.html,https://спецодежда-тула.рф,https://спецодежда-тула.рф,каска,Санкт-Петербург,shared_live_search,raw_html,,1c84d53a2c5b20ea468180478a071aa46d0aaf9bf32e1b1f93b77a7d3fe9bf83,1c84d53a2c5b20ea468180478a071aa46d0aaf9bf32e1b1f93b77a7d3fe9bf83,D:\Job_Codes\PriceTracker\.artifacts\collection\run-af7893e6\спецодежда-тула.рф.html,False,run-af7893e6\спецодежда-тула.рф.html,html/unknown-run-af7893e6.html,application_import,,2026-05-13T07:23:44.243284+00:00,122582,False,False,,,False,,True,Санкт-Петербург,,dind-.-1c84d53a2c5b20ea,product_page_or_listing,https://спецодежда-тула.рф,True,collection_run,каска,shared_live_search,run-af7893e6,1c84d53a2c5b20ea468180478a071aa46d0aaf9bf32e1b1f93b77a7d3fe9bf83,128925,False,спецодежда-тула.рф,https://спецодежда-тула.рф,Результаты поиска,False,спецодежда-тула.рф,run-af7893e6,Санкт-Петербург,shared_live_search,ok,1.1972000000532717,,106.69989999989048,106.0,106.0,106.0,False,,,,ok,False,106.69989999989048,6.890000000130385,HTML parse + extraction; shared across modes,106,0,0,,,,0,1,0,0,0,0.0,0.0,0.0,0.0,0.0,0.0,0.0,0.0,0.0
20261002T161451Z-d2eb76ee,industrial,original_fast_query,dind-bigam.ru-4c31321224ca0dfb,html/bigam.ru-run-070e415b.html,дрель,positive,True,35.0,8.0,8,27,0,1.0,8,0,27,8,0,27,8,0,27,industrial,html/bigam.ru-run-070e415b.html,bigam.ru-run-070e415b.html,run-070e415b,bigam.ru,D:\Pet_Codes\science\article-price-tracker\industrial\html\bigam.ru-run-070e415b.html,https://bigam.ru,https://bigam.ru,дрель,Санкт-Петербург,shared_live_search,raw_html,,4c31321224ca0dfbca56e826bf58519584b6cbaccd7497bdc9f7a02ca8e4e614,4c31321224ca0dfbca56e826bf58519584b6cbaccd7497bdc9f7a02ca8e4e614,D:\Job_Codes\PriceTracker\.artifacts\collection\run-070e415b\bigam.ru.html,False,run-070e415b\bigam.ru.html,html/bigam.ru-run-070e415b.html,application_import,,2026-05-12T14:03:54.290886+00:00,498939,False,False,,,False,,True,Санкт-Петербург,,dind-bigam.ru-4c31321224ca0dfb,product_page_or_listing,https://bigam.ru,True,collection_run,дрель,shared_live_search,run-070e415b,4c31321224ca0dfbca56e826bf58519584b6cbaccd7497bdc9f7a02ca8e4e614,512585,False,bigam.ru,https://bigam.ru,"Бигам Москва | Интернет-магазин электроинструмента, бензоинструмента, строительной техники и оборудования",False,bigam.ru,run-070e415b,Санкт-Петербург,shared_live_search,ok,1.1998999999999853,,9024.5512,8.0,8.0,8.0,False,,,,ok,False,9003.0419,21.509299999999712,HTML parse + extraction; shared across modes,35,0,0,1.0,0.0,0.0,0,1,0,0,0,1.0,0.22857142857142856,0.3720930232558139,1.0,0.22857142857142856,0.3720930232558139,1.0,0.22857142857142856,0.3720930232558139
20261002T161451Z-d2eb76ee,industrial,original_fast_query,dind-bigam.ru-f2294a326cfcba05,html/bigam.ru-run-1a7ee5bc.html,дрель безударная,positive,True,35.0,7.0,7,28,0,1.0,7,0,28,7,0,28,7,0,28,industrial,html/bigam.ru-run-1a7ee5bc.html,bigam.ru-run-1a7ee5bc.html,run-1a7ee5bc,bigam.ru,D:\Pet_Codes\science\article-price-tracker\industrial\html\bigam.ru-run-1a7ee5bc.html,https://bigam.ru,https://bigam.ru,дрель безударная,Санкт-Петербург,shared_live_search,raw_html,,f2294a326cfcba050c38cb98d3f513dd7c976658736031a45ac57fe790070a2e,f2294a326cfcba050c38cb98d3f513dd7c976658736031a45ac57fe790070a2e,D:\Job_Codes\PriceTracker\.artifacts\collection\run-1a7ee5bc\bigam.ru.html,False,run-1a7ee5bc\bigam.ru.html,html/bigam.ru-run-1a7ee5bc.html,application_import,,2026-05-11T14:37:39.052186+00:00,470419,False,False,,,False,,True,Санкт-Петербург,,dind-bigam.ru-f2294a326cfcba05,product_page_or_listing,https://bigam.ru,True,collection_run,дрель безударная,shared_live_search,run-1a7ee5bc,f2294a326cfcba050c38cb98d3f513dd7c976658736031a45ac57fe790070a2e,484471,False,bigam.ru,https://bigam.ru,"Бигам Москва | Интернет-магазин электроинструмента, бензоинструмента, строительной техники и оборудования",False,bigam.ru,run-1a7ee5bc,Санкт-Петербург,shared_live_search,ok,0.9326999999993859,,4716.1479,7.0,7.0,7.0,False,,,,ok,False,4712.1855,3.9624000000003434,HTML parse + extraction; shared across modes,35,0,0,1.0,0.0,0.0,0,1,0,0,0,1.0,0.2,0.33333333333333337,1.0,0.2,0.33333333333333337,1.0,0.2,0.33333333333333337
20261002T161451Z-d2eb76ee,industrial,original_fast_query,dind-bigam.ru-053b5e451a07d93b,html/bigam.ru-run-25730645.html,дрель безударная,positive,True,35.0,7.0,7,28,0,1.0,7,0,28,7,0,28,7,0,28,industrial,html/bigam.ru-run-25730645.html,bigam.ru-run-25730645.html,run-25730645,bigam.ru,D:\Pet_Codes\science\article-price-tracker\industrial\html\bigam.ru-run-25730645.html,https://bigam.ru,https://bigam.ru,дрель безударная,Санкт-Петербург,shared_live_search,raw_html,,053b5e451a07d93bbd6f4cbb3b055fcc53b5781b46e7f4260ffe20e9cd982610,053b5e451a07d93bbd6f4cbb3b055fcc53b5781b46e7f4260ffe20e9cd982610,D:\Job_Codes\PriceTracker\.artifacts\collection\run-25730645\bigam.ru.html,False,run-25730645\bigam.ru.html,html/bigam.ru-run-25730645.html,application_import,,2026-05-11T15:03:09.115814+00:00,469895,False,False,,,False,,True,Санкт-Петербург,,dind-bigam.ru-053b5e451a07d93b,product_page_or_listing,https://bigam.ru,True,collection_run,дрель безударная,shared_live_search,run-25730645,053b5e451a07d93bbd6f4cbb3b055fcc53b5781b46e7f4260ffe20e9cd982610,483954,False,bigam.ru,https://bigam.ru,"Бигам Москва | Интернет-магазин электроинструмента, бензоинструмента, строительной техники и оборудования",False,bigam.ru,run-25730645,Санкт-Петербург,shared_live_search,ok,1.0676000000003114,,4543.7478999999985,7.0,7.0,7.0,False,,,,ok,False,4540.0713,3.6765999999988708,HTML parse + extraction; shared across modes,35,0,0,1.0,0.0,0.0,0,1,0,0,0,1.0,0.2,0.33333333333333337,1.0,0.2,0.33333333333333337,1.0,0.2,0.33333333333333337
20261002T161451Z-d2eb76ee,industrial,original_fast_query,dind-bigam.ru-a17e0c3e4a6faaf2,html/bigam.ru-run-401e5667.html,дрель безударная,positive,True,35.0,7.0,7,28,0,1.0,7,0,28,7,0,28,7,0,28,industrial,html/bigam.ru-run-401e5667.html,bigam.ru-run-401e5667.html,run-401e5667,bigam.ru,D:\Pet_Codes\science\article-price-tracker\industrial\html\bigam.ru-run-401e5667.html,https://bigam.ru,https://bigam.ru,дрель безударная,Санкт-Петербург,shared_live_search,raw_html,,a17e0c3e4a6faaf2efe20211ba4c4ea594beacd9445198230b909a8462de91df,a17e0c3e4a6faaf2efe20211ba4c4ea594beacd9445198230b909a8462de91df,D:\Job_Codes\PriceTracker\.artifacts\collection\run-401e5667\bigam.ru.html,False,run-401e5667\bigam.ru.html,html/bigam.ru-run-401e5667.html,application_import,,2026-05-11T17:14:32.201353+00:00,467609,False,False,,,False,,True,Санкт-Петербург,,dind-bigam.ru-a17e0c3e4a6faaf2,product_page_or_listing,https://bigam.ru,True,collection_run,дрель безударная,shared_live_search,run-401e5667,a17e0c3e4a6faaf2efe20211ba4c4ea594beacd9445198230b909a8462de91df,481697,False,bigam.ru,https://bigam.ru,"Бигам Москва | Интернет-магазин электроинструмента, бензоинструмента, строительной техники и оборудования",False,bigam.ru,run-401e5667,Санкт-Петербург,shared_live_search,ok,0.8051999999988766,,4442.3416,7.0,7.0,7.0,False,,,,ok,False,4438.647399999998,3.6942000000017288,HTML parse + extraction; shared across modes,35,0,0,1.0,0.0,0.0,0,1,0,0,0,1.0,0.2,0.33333333333333337,1.0,0.2,0.33333333333333337,1.0,0.2,0.33333333333333337
20261002T161451Z-d2eb76ee,industrial,original_fast_query,dind-bigam.ru-c6cf7468e0715e1f,html/bigam.ru-run-4671429e.html,пкалупдртдвлупат,positive,True,30.0,0.0,0,30,0,0.0,0,0,30,0,0,30,0,0,30,industrial,html/bigam.ru-run-4671429e.html,bigam.ru-run-4671429e.html,run-4671429e,bigam.ru,D:\Pet_Codes\science\article-price-tracker\industrial\html\bigam.ru-run-4671429e.html,https://bigam.ru,https://bigam.ru,пкалупдртдвлупат,Санкт-Петербург,shared_live_search,raw_html,,c6cf7468e0715e1f263ad2ff07bd463c9e16851bbd8648a679737e150bbc9fe9,c6cf7468e0715e1f263ad2ff07bd463c9e16851bbd8648a679737e150bbc9fe9,D:\Job_Codes\PriceTracker\.artifacts\collection\run-4671429e\bigam.ru.html,False,run-4671429e\bigam.ru.html,html/bigam.ru-run-4671429e.html,application_import,,2026-05-11T15:10:33.078829+00:00,455805,False,False,,,False,,True,Санкт-Петербург,,dind-bigam.ru-c6cf7468e0715e1f,product_page_or_listing,https://bigam.ru,True,collection_run,пкалупдртдвлупат,shared_live_search,run-4671429e,c6cf7468e0715e1f263ad2ff07bd463c9e16851bbd8648a679737e150bbc9fe9,469561,False,bigam.ru,https://bigam.ru,"Бигам Москва | Интернет-магазин электроинструмента, бензоинструмента, строительной техники и оборудования",False,bigam.ru,run-4671429e,Санкт-Петербург,shared_live_search,ok,0.8371000000006461,,3585.209500000001,0.0,0.0,0.0,False,,,,ok,False,3581.0129000000015,4.196599999999307,HTML parse + extraction; shared across modes,30,0,0,,,,0,0,0,1,0,0.0,0.0,0.0,0.0,0.0,0.0,0.0,0.0,0.0
20261002T161451Z-d2eb76ee,industrial,original_fast_query,dind-bigam.ru-d64d3122a4ac0d62,html/bigam.ru-run-4d6dca4d.html,дрель безударная,positive,True,35.0,7.0,7,28,0,1.0,7,0,28,7,0,28,7,0,28,industrial,html/bigam.ru-run-4d6dca4d.html,bigam.ru-run-4d6dca4d.html,run-4d6dca4d,bigam.ru,D:\Pet_Codes\science\article-price-tracker\industrial\html\bigam.ru-run-4d6dca4d.html,https://bigam.ru,https://bigam.ru,дрель безударная,Санкт-Петербург,shared_live_search,raw_html,,d64d3122a4ac0d627b3c5b50a14977ff1185f14ace2dc76e80ce48a7d513e24d,d64d3122a4ac0d627b3c5b50a14977ff1185f14ace2dc76e80ce48a7d513e24d,D:\Job_Codes\PriceTracker\.artifacts\collection\run-4d6dca4d\bigam.ru.html,False,run-4d6dca4d\bigam.ru.html,html/bigam.ru-run-4d6dca4d.html,application_import,,2026-05-11T16:44:23.128101+00:00,467740,False,False,,,False,,True,Санкт-Петербург,,dind-bigam.ru-d64d3122a4ac0d62,product_page_or_listing,https://bigam.ru,True,collection_run,дрель безударная,shared_live_search,run-4d6dca4d,d64d3122a4ac0d627b3c5b50a14977ff1185f14ace2dc76e80ce48a7d513e24d,481752,False,bigam.ru,https://bigam.ru,"Бигам Москва | Интернет-магазин электроинструмента, бензоинструмента, строительной техники и оборудования",False,bigam.ru,run-4d6dca4d,Санкт-Петербург,shared_live_search,ok,0.9048000000002503,,4858.857,7.0,7.0,7.0,False,,,,ok,False,4855.1119,3.745100000000093,HTML parse + extraction; shared across modes,35,0,0,1.0,0.0,0.0,0,1,0,0,0,1.0,0.2,0.33333333333333337,1.0,0.2,0.33333333333333337,1.0,0.2,0.33333333333333337
20261002T161451Z-d2eb76ee,industrial,original_fast_query,dind-bigam.ru-9d6f5f15a221a4b8,html/bigam.ru-run-5ce6eea7.html,дрель makita,positive,True,15.0,0.0,0,15,0,0.0,0,0,15,0,0,15,0,0,15,industrial,html/bigam.ru-run-5ce6eea7.html,bigam.ru-run-5ce6eea7.html,run-5ce6eea7,bigam.ru,D:\Pet_Codes\science\article-price-tracker\industrial\html\bigam.ru-run-5ce6eea7.html,https://bigam.ru,https://bigam.ru,дрель makita,Санкт-Петербург,shared_live_search,raw_html,,9d6f5f15a221a4b824ce0b3a4c4635655e2cdc521bfe3c973aad9fe47536c860,9d6f5f15a221a4b824ce0b3a4c4635655e2cdc521bfe3c973aad9fe47536c860,D:\Job_Codes\PriceTracker\.artifacts\collection\run-5ce6eea7\bigam.ru.html,False,run-5ce6eea7\bigam.ru.html,html/bigam.ru-run-5ce6eea7.html,application_import,,2026-05-12T07:56:31.407937+00:00,434221,False,False,,,False,,True,Санкт-Петербург,,dind-bigam.ru-9d6f5f15a221a4b8,product_page_or_listing,https://bigam.ru,True,collection_run,дрель makita,shared_live_search,run-5ce6eea7,9d6f5f15a221a4b824ce0b3a4c4635655e2cdc521bfe3c973aad9fe47536c860,447245,False,bigam.ru,https://bigam.ru,"Бигам Москва | Интернет-магазин электроинструмента, бензоинструмента, строительной техники и оборудования",False,bigam.ru,run-5ce6eea7,Санкт-Петербург,shared_live_search,ok,1.3240000000005239,,3623.1833000000006,0.0,0.0,0.0,False,,,,ok,False,3621.296599999998,1.8867000000027474,HTML parse + extraction; shared across modes,15,0,0,,,,0,0,0,1,0,0.0,0.0,0.0,0.0,0.0,0.0,0.0,0.0,0.0
20261002T161451Z-d2eb76ee,industrial,original_fast_query,dind-bigam.ru-0b40accb7c68a78f,html/bigam.ru-run-8ce98d27.html,дрель безударная,positive,True,35.0,7.0,7,28,0,1.0,7,0,28,7,0,28,7,0,28,industrial,html/bigam.ru-run-8ce98d27.html,bigam.ru-run-8ce98d27.html,run-8ce98d27,bigam.ru,D:\Pet_Codes\science\article-price-tracker\industrial\html\bigam.ru-run-8ce98d27.html,https://bigam.ru,https://bigam.ru,дрель безударная,Санкт-Петербург,shared_live_search,raw_html,,0b40accb7c68a78f15f9bfb84c439310ac03a6b43559392fdae06801412b4749,0b40accb7c68a78f15f9bfb84c439310ac03a6b43559392fdae06801412b4749,D:\Job_Codes\PriceTracker\.artifacts\collection\run-8ce98d27\bigam.ru.html,False,run-8ce98d27\bigam.ru.html,html/bigam.ru-run-8ce98d27.html,application_import,,2026-05-11T14:10:14.662936+00:00,470205,False,False,,,False,,True,Санкт-Петербург,,dind-bigam.ru-0b40accb7c68a78f,product_page_or_listing,https://bigam.ru,True,collection_run,дрель безударная,shared_live_search,run-8ce98d27,0b40accb7c68a78f15f9bfb84c439310ac03a6b43559392fdae06801412b4749,484257,False,bigam.ru,https://bigam.ru,"Бигам Москва | Интернет-магазин электроинструмента, бензоинструмента, строительной техники и оборудования",False,bigam.ru,run-8ce98d27,Санкт-Петербург,shared_live_search,ok,1.5829000000012456,,4077.890999999996,7.0,7.0,7.0,False,,,,ok,False,4073.012999999999,4.877999999996973,HTML parse + extraction; shared across modes,35,0,0,1.0,0.0,0.0,0,1,0,0,0,1.0,0.2,0.33333333333333337,1.0,0.2,0.33333333333333337,1.0,0.2,0.33333333333333337
20261002T161451Z-d2eb76ee,industrial,original_fast_query,dind-bigam.ru-924b98be2f260451,html/bigam.ru-run-a4614cf8.html,шуруповерт зубр,positive,True,35.0,2.0,2,33,0,1.0,2,0,33,2,0,33,2,0,33,industrial,html/bigam.ru-run-a4614cf8.html,bigam.ru-run-a4614cf8.html,run-a4614cf8,bigam.ru,D:\Pet_Codes\science\article-price-tracker\industrial\html\bigam.ru-run-a4614cf8.html,https://bigam.ru,https://bigam.ru,шуруповерт зубр,Санкт-Петербург,shared_live_search,raw_html,,924b98be2f26045165bfadb68dc9d751073cbf7429f889686cc3ee06be288650,924b98be2f26045165bfadb68dc9d751073cbf7429f889686cc3ee06be288650,D:\Job_Codes\PriceTracker\.artifacts\collection\run-a4614cf8\bigam.ru.html,False,run-a4614cf8\bigam.ru.html,html/bigam.ru-run-a4614cf8.html,application_import,,2026-05-13T06:04:03.207112+00:00,463800,False,False,,,False,,True,Санкт-Петербург,,dind-bigam.ru-924b98be2f260451,product_page_or_listing,https://bigam.ru,True,collection_run,шуруповерт зубр,shared_live_search,run-a4614cf8,924b98be2f26045165bfadb68dc9d751073cbf7429f889686cc3ee06be288650,477089,False,bigam.ru,https://bigam.ru,"Бигам Москва | Интернет-магазин электроинструмента, бензоинструмента, строительной техники и оборудования",False,bigam.ru,run-a4614cf8,Санкт-Петербург,shared_live_search,ok,12.769099999997707,,3906.257399999995,2.0,2.0,2.0,False,,,,ok,False,3902.9372000000003,3.3201999999946565,HTML parse + extraction; shared across modes,35,0,0,1.0,0.0,0.0,0,1,0,0,0,1.0,0.05714285714285714,0.1081081081081081,1.0,0.05714285714285714,0.1081081081081081,1.0,0.05714285714285714,0.1081081081081081
20261002T161451Z-d2eb76ee,industrial,original_fast_query,dind-bigam.ru-28741ad7ac8f3e85,html/bigam.ru-run-c32f0a7d.html,дрель makita,positive,True,35.0,9.0,9,26,0,1.0,9,0,26,9,0,26,9,0,26,industrial,html/bigam.ru-run-c32f0a7d.html,bigam.ru-run-c32f0a7d.html,run-c32f0a7d,bigam.ru,D:\Pet_Codes\science\article-price-tracker\industrial\html\bigam.ru-run-c32f0a7d.html,https://bigam.ru,https://bigam.ru,дрель makita,Санкт-Петербург,shared_live_search,raw_html,,28741ad7ac8f3e858847ae9a8f667684756595b87fc6d624caa6d829f489be6b,28741ad7ac8f3e858847ae9a8f667684756595b87fc6d624caa6d829f489be6b,D:\Job_Codes\PriceTracker\.artifacts\collection\run-c32f0a7d\bigam.ru.html,False,run-c32f0a7d\bigam.ru.html,html/bigam.ru-run-c32f0a7d.html,application_import,,2026-05-12T08:00:18.748318+00:00,465274,False,False,,,False,,True,Санкт-Петербург,,dind-bigam.ru-28741ad7ac8f3e85,product_page_or_listing,https://bigam.ru,True,collection_run,дрель makita,shared_live_search,run-c32f0a7d,28741ad7ac8f3e858847ae9a8f667684756595b87fc6d624caa6d829f489be6b,479419,False,bigam.ru,https://bigam.ru,"Бигам Москва | Интернет-магазин электроинструмента, бензоинструмента, строительной техники и оборудования",False,bigam.ru,run-c32f0a7d,Санкт-Петербург,shared_live_search,ok,1.7654999999940628,,3994.819499999998,9.0,9.0,9.0,False,,,,ok,False,3991.681399999994,3.13810000000376,HTML parse + extraction; shared across modes,35,0,0,1.0,0.0,0.0,0,1,0,0,0,1.0,0.2571428571428571,0.40909090909090906,1.0,0.2571428571428571,0.40909090909090906,1.0,0.2571428571428571,0.40909090909090906
20261002T161451Z-d2eb76ee,industrial,original_fast_query,dind-bigam.ru-f9a11490fa2ea0fe,html/bigam.ru-run-d479cc88.html,дрель makita,positive,True,35.0,7.0,7,28,0,1.0,7,0,28,7,0,28,7,0,28,industrial,html/bigam.ru-run-d479cc88.html,bigam.ru-run-d479cc88.html,run-d479cc88,bigam.ru,D:\Pet_Codes\science\article-price-tracker\industrial\html\bigam.ru-run-d479cc88.html,https://bigam.ru,https://bigam.ru,дрель makita,Санкт-Петербург,shared_live_search,raw_html,,f9a11490fa2ea0feb63c0595ed9f455ad3ffc295fe29deac566eb5ffe215985a,f9a11490fa2ea0feb63c0595ed9f455ad3ffc295fe29deac566eb5ffe215985a,D:\Job_Codes\PriceTracker\.artifacts\collection\run-d479cc88\bigam.ru.html,False,run-d479cc88\bigam.ru.html,html/bigam.ru-run-d479cc88.html,application_import,,2026-05-13T05:04:02.502794+00:00,465142,False,False,,,False,,True,Санкт-Петербург,,dind-bigam.ru-f9a11490fa2ea0fe,product_page_or_listing,https://bigam.ru,True,collection_run,дрель makita,shared_live_search,run-d479cc88,f9a11490fa2ea0feb63c0595ed9f455ad3ffc295fe29deac566eb5ffe215985a,477938,False,bigam.ru,https://bigam.ru,"Бигам Москва | Интернет-магазин электроинструмента, бензоинструмента, строительной техники и оборудования",False,bigam.ru,run-d479cc88,Санкт-Петербург,shared_live_search,ok,1.7793000000019674,,4010.070900000006,7.0,7.0,7.0,False,,,,ok,False,4007.349200000004,2.7217000000018743,HTML parse + extraction; shared across modes,35,0,0,1.0,0.0,0.0,0,1,0,0,0,1.0,0.2,0.33333333333333337,1.0,0.2,0.33333333333333337,1.0,0.2,0.33333333333333337
20261002T161451Z-d2eb76ee,industrial,original_fast_query,dind-bigam.ru-06af9e1233a99d5f,html/bigam.ru-run-e6a01e2a.html,дрель безударная,positive,True,35.0,7.0,7,28,0,1.0,7,0,28,7,0,28,7,0,28,industrial,html/bigam.ru-run-e6a01e2a.html,bigam.ru-run-e6a01e2a.html,run-e6a01e2a,bigam.ru,D:\Pet_Codes\science\article-price-tracker\industrial\html\bigam.ru-run-e6a01e2a.html,https://bigam.ru,https://bigam.ru,дрель безударная,Санкт-Петербург,shared_live_search,raw_html,,06af9e1233a99d5f62cf2a1c8475fee657016d3235e37c07a994bdb7dbca0fb7,06af9e1233a99d5f62cf2a1c8475fee657016d3235e37c07a994bdb7dbca0fb7,D:\Job_Codes\PriceTracker\.artifacts\collection\run-e6a01e2a\bigam.ru.html,False,run-e6a01e2a\bigam.ru.html,html/bigam.ru-run-e6a01e2a.html,application_import,,2026-05-11T16:06:53.848777+00:00,470598,False,False,,,False,,True,Санкт-Петербург,,dind-bigam.ru-06af9e1233a99d5f,product_page_or_listing,https://bigam.ru,True,collection_run,дрель безударная,shared_live_search,run-e6a01e2a,06af9e1233a99d5f62cf2a1c8475fee657016d3235e37c07a994bdb7dbca0fb7,484610,False,bigam.ru,https://bigam.ru,"Бигам Москва | Интернет-магазин электроинструмента, бензоинструмента, строительной техники и оборудования",False,bigam.ru,run-e6a01e2a,Санкт-Петербург,shared_live_search,ok,1.5987999999997555,,4016.659099999997,7.0,7.0,7.0,False,,,,ok,False,4013.1204999999973,3.5385999999998603,HTML parse + extraction; shared across modes,35,0,0,1.0,0.0,0.0,0,1,0,0,0,1.0,0.2,0.33333333333333337,1.0,0.2,0.33333333333333337,1.0,0.2,0.33333333333333337
20261002T161451Z-d2eb76ee,industrial,original_fast_query,dind-bigam.ru-989575fef6752559,html/bigam.ru-run-f440dfcf.html,шуруповёрт,positive,True,35.0,8.0,8,27,0,1.0,8,0,27,8,0,27,8,0,27,industrial,html/bigam.ru-run-f440dfcf.html,bigam.ru-run-f440dfcf.html,run-f440dfcf,bigam.ru,D:\Pet_Codes\science\article-price-tracker\industrial\html\bigam.ru-run-f440dfcf.html,https://bigam.ru,https://bigam.ru,шуруповёрт,Санкт-Петербург,shared_live_search,raw_html,,989575fef675255950a61b822c6a0a835d2a4051b5d13f3e1cb251118fdb09d1,989575fef675255950a61b822c6a0a835d2a4051b5d13f3e1cb251118fdb09d1,D:\Job_Codes\PriceTracker\.artifacts\collection\run-f440dfcf\bigam.ru.html,False,run-f440dfcf\bigam.ru.html,html/bigam.ru-run-f440dfcf.html,application_import,,2026-05-12T09:09:01.305506+00:00,503525,False,False,,,False,,True,Санкт-Петербург,,dind-bigam.ru-989575fef6752559,product_page_or_listing,https://bigam.ru,True,collection_run,шуруповёрт,shared_live_search,run-f440dfcf,989575fef675255950a61b822c6a0a835d2a4051b5d13f3e1cb251118fdb09d1,518235,False,bigam.ru,https://bigam.ru,"Бигам Москва | Интернет-магазин электроинструмента, бензоинструмента, строительной техники и оборудования",False,bigam.ru,run-f440dfcf,Санкт-Петербург,shared_live_search,ok,1.5263000000049942,,8611.5729,8.0,8.0,8.0,False,,,,ok,False,8608.229,3.3438999999998487,HTML parse + extraction; shared across modes,35,0,0,1.0,0.0,0.0,0,1,0,0,0,1.0,0.22857142857142856,0.3720930232558139,1.0,0.22857142857142856,0.3720930232558139,1.0,0.22857142857142856,0.3720930232558139
20261002T161451Z-d2eb76ee,industrial,original_fast_query,dind-chipdip.ru-4f407af0c36f72b6,html/chipdip.ru-run-none1.html,aaa,positive,True,25.0,8.0,8,17,0,1.0,8,0,17,8,0,17,8,0,17,industrial,html/chipdip.ru-run-none1.html,chipdip.ru-run-none1.html,run-none1,chipdip.ru,D:\Pet_Codes\science\article-price-tracker\industrial\html\chipdip.ru-run-none1.html,https://www.chipdip.ru/search?searchtext=aaa,https://www.chipdip.ru/search?searchtext=aaa,aaa,,,raw_html,,4f407af0c36f72b68d86419e6e25f1e204d4abd0f131744af69d7d09051830b6,4f407af0c36f72b68d86419e6e25f1e204d4abd0f131744af69d7d09051830b6,D:\Job_Codes\PriceTracker\services\stealth-renderer\.artifacts\2026-05-07-sr-chipdip.ru\1778142348338-o89m7l\page.html,False,2026-05-07-sr-chipdip.ru\1778142348338-o89m7l\page.html,html/chipdip.ru-run-none1.html,application_import,,2026-05-07T08:26:06.906Z,107787,False,True,,,False,,True,,0.0,dind-chipdip.ru-4f407af0c36f72b6,product_page_or_listing,https://www.chipdip.ru/search?searchtext=aaa,True,stealth_renderer,aaa,,,4f407af0c36f72b68d86419e6e25f1e204d4abd0f131744af69d7d09051830b6,116291,False,chipdip.ru,https://www.chipdip.ru/search?searchtext=aaa,Результаты поиска «aaa»,False,chipdip.ru,run-none1,,,ok,0.9078000000008615,,6274.162299999996,8.0,8.0,8.0,False,,,,ok,False,6271.954299999998,2.2079999999987194,HTML parse + extraction; shared across modes,25,0,0,0.9965288711976019,0.0,0.0,0,1,0,0,0,1.0,0.32,0.48484848484848486,1.0,0.32,0.48484848484848486,1.0,0.32,0.48484848484848486
20261002T161451Z-d2eb76ee,industrial,original_fast_query,dind-chipdip.ru-ac550c02e68937ba,html/chipdip.ru-run-4d6dca4d.html,дрель безударная,positive,True,21.0,10.0,10,11,0,1.0,10,0,11,10,0,11,10,0,11,industrial,html/chipdip.ru-run-4d6dca4d.html,chipdip.ru-run-4d6dca4d.html,run-4d6dca4d,chipdip.ru,D:\Pet_Codes\science\article-price-tracker\industrial\html\chipdip.ru-run-4d6dca4d.html,https://chipdip.ru,https://chipdip.ru,дрель безударная,Санкт-Петербург,shared_live_search,raw_html,,ac550c02e68937ba296d39c2bf6128a4a2cebc39e0f0e1ed8cab71082cb26cf4,ac550c02e68937ba296d39c2bf6128a4a2cebc39e0f0e1ed8cab71082cb26cf4,D:\Job_Codes\PriceTracker\.artifacts\collection\run-4d6dca4d\chipdip.ru.html,False,run-4d6dca4d\chipdip.ru.html,html/chipdip.ru-run-4d6dca4d.html,application_import,,2026-05-11T16:44:37.455611+00:00,87126,False,False,,,False,,True,Санкт-Петербург,,dind-chipdip.ru-ac550c02e68937ba,product_page_or_listing,https://chipdip.ru,True,collection_run,дрель безударная,shared_live_search,run-4d6dca4d,ac550c02e68937ba296d39c2bf6128a4a2cebc39e0f0e1ed8cab71082cb26cf4,93401,False,chipdip.ru,https://chipdip.ru,Результаты поиска «дрель безударная»,False,chipdip.ru,run-4d6dca4d,Санкт-Петербург,shared_live_search,ok,12.206300000005285,,2043.669900000008,10.0,10.0,10.0,False,,,,ok,False,2041.6165000000037,2.0534000000043306,HTML parse + extraction; shared across modes,21,0,0,0.9979068859330436,0.0,0.0,0,1,0,0,0,1.0,0.47619047619047616,0.6451612903225806,1.0,0.47619047619047616,0.6451612903225806,1.0,0.47619047619047616,0.6451612903225806
20261002T161451Z-d2eb76ee,industrial,original_fast_query,dind-chipdip.ru-abf1baaa6803c0b8,html/chipdip.ru-run-8f5bbe64.html,дрель безударная,positive,True,21.0,10.0,10,11,0,1.0,10,0,11,10,0,11,10,0,11,industrial,html/chipdip.ru-run-8f5bbe64.html,chipdip.ru-run-8f5bbe64.html,run-8f5bbe64,chipdip.ru,D:\Pet_Codes\science\article-price-tracker\industrial\html\chipdip.ru-run-8f5bbe64.html,https://chipdip.ru,https://chipdip.ru,дрель безударная,Санкт-Петербург,shared_live_search,raw_html,,abf1baaa6803c0b87b1af83402a02fa9936d5df1a478386944a05e5ed9342524,abf1baaa6803c0b87b1af83402a02fa9936d5df1a478386944a05e5ed9342524,D:\Job_Codes\PriceTracker\.artifacts\collection\run-8f5bbe64\chipdip.ru.html,False,run-8f5bbe64\chipdip.ru.html,html/chipdip.ru-run-8f5bbe64.html,application_import,,2026-05-11T15:31:40.300508+00:00,87470,False,False,,,False,,True,Санкт-Петербург,,dind-chipdip.ru-abf1baaa6803c0b8,product_page_or_listing,https://chipdip.ru,True,collection_run,дрель безударная,shared_live_search,run-8f5bbe64,abf1baaa6803c0b87b1af83402a02fa9936d5df1a478386944a05e5ed9342524,93964,False,chipdip.ru,https://chipdip.ru,Результаты поиска «дрель безударная»,False,chipdip.ru,run-8f5bbe64,Санкт-Петербург,shared_live_search,ok,0.8578999999881489,,2036.035400000008,10.0,10.0,10.0,False,,,,ok,False,2033.3755999999994,2.659800000008545,HTML parse + extraction; shared across modes,21,0,0,0.9979068859330436,0.0,0.0,0,1,0,0,0,1.0,0.47619047619047616,0.6451612903225806,1.0,0.47619047619047616,0.6451612903225806,1.0,0.47619047619047616,0.6451612903225806
20261002T161451Z-d2eb76ee,industrial,original_fast_query,dind-chipdip.ru-8ffd0822c0dc4d40,html/chipdip.ru-run-90f03fab.html,дрель безударная,positive,True,21.0,10.0,10,11,0,1.0,10,0,11,10,0,11,10,0,11,industrial,html/chipdip.ru-run-90f03fab.html,chipdip.ru-run-90f03fab.html,run-90f03fab,chipdip.ru,D:\Pet_Codes\science\article-price-tracker\industrial\html\chipdip.ru-run-90f03fab.html,https://chipdip.ru,https://chipdip.ru,дрель безударная,Санкт-Петербург,shared_live_search,raw_html,,8ffd0822c0dc4d406da9dc80779a91d730215999e9670861d1779c021ac80a1d,8ffd0822c0dc4d406da9dc80779a91d730215999e9670861d1779c021ac80a1d,D:\Job_Codes\PriceTracker\.artifacts\collection\run-90f03fab\chipdip.ru.html,False,run-90f03fab\chipdip.ru.html,html/chipdip.ru-run-90f03fab.html,application_import,,2026-05-11T15:38:03.365681+00:00,87126,False,False,,,False,,True,Санкт-Петербург,,dind-chipdip.ru-8ffd0822c0dc4d40,product_page_or_listing,https://chipdip.ru,True,collection_run,дрель безударная,shared_live_search,run-90f03fab,8ffd0822c0dc4d406da9dc80779a91d730215999e9670861d1779c021ac80a1d,93401,False,chipdip.ru,https://chipdip.ru,Результаты поиска «дрель безударная»,False,chipdip.ru,run-90f03fab,Санкт-Петербург,shared_live_search,ok,12.14770000000135,,1962.0470999999961,10.0,10.0,10.0,False,,,,ok,False,1959.8913999999932,2.1557000000029802,HTML parse + extraction; shared across modes,21,0,0,0.9979068859330436,0.0,0.0,0,1,0,0,0,1.0,0.47619047619047616,0.6451612903225806,1.0,0.47619047619047616,0.6451612903225806,1.0,0.47619047619047616,0.6451612903225806
20261002T161451Z-d2eb76ee,industrial,original_fast_query,dind-chipdip.ru-0c732437ad22572f,html/chipdip.ru-run-c0047e44.html,дрель безударная,positive,True,21.0,10.0,10,11,0,1.0,10,0,11,10,0,11,10,0,11,industrial,html/chipdip.ru-run-c0047e44.html,chipdip.ru-run-c0047e44.html,run-c0047e44,chipdip.ru,D:\Pet_Codes\science\article-price-tracker\industrial\html\chipdip.ru-run-c0047e44.html,https://chipdip.ru,https://chipdip.ru,дрель безударная,Санкт-Петербург,shared_live_search,raw_html,,0c732437ad22572f75d9a3e6bb3a6ae7653b02b0219b415dda8eb2a70832c97a,0c732437ad22572f75d9a3e6bb3a6ae7653b02b0219b415dda8eb2a70832c97a,D:\Job_Codes\PriceTracker\.artifacts\collection\run-c0047e44\chipdip.ru.html,False,run-c0047e44\chipdip.ru.html,html/chipdip.ru-run-c0047e44.html,application_import,,2026-05-11T16:46:07.608065+00:00,87126,False,False,,,False,,True,Санкт-Петербург,,dind-chipdip.ru-0c732437ad22572f,product_page_or_listing,https://chipdip.ru,True,collection_run,дрель безударная,shared_live_search,run-c0047e44,0c732437ad22572f75d9a3e6bb3a6ae7653b02b0219b415dda8eb2a70832c97a,93401,False,chipdip.ru,https://chipdip.ru,Результаты поиска «дрель безударная»,False,chipdip.ru,run-c0047e44,Санкт-Петербург,shared_live_search,ok,12.635899999993853,,2054.0046999999904,10.0,10.0,10.0,False,,,,ok,False,2051.526199999993,2.478499999997439,HTML parse + extraction; shared across modes,21,0,0,0.9979068859330436,0.0,0.0,0,1,0,0,0,1.0,0.47619047619047616,0.6451612903225806,1.0,0.47619047619047616,0.6451612903225806,1.0,0.47619047619047616,0.6451612903225806
20261002T161451Z-d2eb76ee,industrial,original_fast_query,dind-chipdip.ru-c2479b21b1035e7c,html/chipdip.ru-run-dd921485.html,дрель безударная,positive,True,21.0,10.0,10,11,0,1.0,10,0,11,10,0,11,10,0,11,industrial,html/chipdip.ru-run-dd921485.html,chipdip.ru-run-dd921485.html,run-dd921485,chipdip.ru,D:\Pet_Codes\science\article-price-tracker\industrial\html\chipdip.ru-run-dd921485.html,https://chipdip.ru,https://chipdip.ru,дрель безударная,Санкт-Петербург,shared_live_search,raw_html,,c2479b21b1035e7c041009c17702c5dc530a1470fea0dd397391767242bd0e42,c2479b21b1035e7c041009c17702c5dc530a1470fea0dd397391767242bd0e42,D:\Job_Codes\PriceTracker\.artifacts\collection\run-dd921485\chipdip.ru.html,False,run-dd921485\chipdip.ru.html,html/chipdip.ru-run-dd921485.html,application_import,,2026-05-11T16:02:00.435369+00:00,87126,False,False,,,False,,True,Санкт-Петербург,,dind-chipdip.ru-c2479b21b1035e7c,product_page_or_listing,https://chipdip.ru,True,collection_run,дрель безударная,shared_live_search,run-dd921485,c2479b21b1035e7c041009c17702c5dc530a1470fea0dd397391767242bd0e42,93401,False,chipdip.ru,https://chipdip.ru,Результаты поиска «дрель безударная»,False,chipdip.ru,run-dd921485,Санкт-Петербург,shared_live_search,ok,13.187200000000303,,1972.7835999999952,10.0,10.0,10.0,False,,,,ok,False,1970.6405999999988,2.142999999996391,HTML parse + extraction; shared across modes,21,0,0,0.9979068859330436,0.0,0.0,0,1,0,0,0,1.0,0.47619047619047616,0.6451612903225806,1.0,0.47619047619047616,0.6451612903225806,1.0,0.47619047619047616,0.6451612903225806
20261002T161451Z-d2eb76ee,industrial,original_fast_query,dind-chipdip.ru-976706e79c2f2987,html/chipdip.ru-run-e78490cf.html,дрель безударная,positive,True,21.0,10.0,10,11,0,1.0,10,0,11,10,0,11,10,0,11,industrial,html/chipdip.ru-run-e78490cf.html,chipdip.ru-run-e78490cf.html,run-e78490cf,chipdip.ru,D:\Pet_Codes\science\article-price-tracker\industrial\html\chipdip.ru-run-e78490cf.html,https://chipdip.ru,https://chipdip.ru,дрель безударная,Санкт-Петербург,shared_live_search,raw_html,,976706e79c2f29871ff7ae65c1ce8bae6fbd859e6dd36ac59812fda3a24605df,976706e79c2f29871ff7ae65c1ce8bae6fbd859e6dd36ac59812fda3a24605df,D:\Job_Codes\PriceTracker\.artifacts\collection\run-e78490cf\chipdip.ru.html,False,run-e78490cf\chipdip.ru.html,html/chipdip.ru-run-e78490cf.html,application_import,,2026-05-11T16:31:04.565420+00:00,87126,False,False,,,False,,True,Санкт-Петербург,,dind-chipdip.ru-976706e79c2f2987,product_page_or_listing,https://chipdip.ru,True,collection_run,дрель безударная,shared_live_search,run-e78490cf,976706e79c2f29871ff7ae65c1ce8bae6fbd859e6dd36ac59812fda3a24605df,93401,False,chipdip.ru,https://chipdip.ru,Результаты поиска «дрель безударная»,False,chipdip.ru,run-e78490cf,Санкт-Петербург,shared_live_search,ok,13.278900000004796,,2108.5971999999892,10.0,10.0,10.0,False,,,,ok,False,2106.570200000002,2.0269999999873107,HTML parse + extraction; shared across modes,21,0,0,0.9979068859330436,0.0,0.0,0,1,0,0,0,1.0,0.47619047619047616,0.6451612903225806,1.0,0.47619047619047616,0.6451612903225806,1.0,0.47619047619047616,0.6451612903225806
20261002T161451Z-d2eb76ee,industrial,original_fast_query,dind-citilink.ru-6930b865e4517478,html/citilink.ru-run-none1.html,монитор full hd,positive,True,36.0,0.0,0,36,0,0.0,0,0,36,0,0,36,0,0,36,industrial,html/citilink.ru-run-none1.html,citilink.ru-run-none1.html,run-none1,citilink.ru,D:\Pet_Codes\science\article-price-tracker\industrial\html\citilink.ru-run-none1.html,https://www.citilink.ru/search/?text=%D0%BC%D0%BE%D0%BD%D0%B8%D1%82%D0%BE%D1%80+full+hd,https://www.citilink.ru/search/?text=%D0%BC%D0%BE%D0%BD%D0%B8%D1%82%D0%BE%D1%80+full+hd,монитор full hd,,,raw_html,,6930b865e451747816d5ada7d69411f801f44a7ddfef09d600d4db1d085456f4,6930b865e451747816d5ada7d69411f801f44a7ddfef09d600d4db1d085456f4,D:\Job_Codes\PriceTracker\services\stealth-renderer\.artifacts\2026-05-05-sr-citilink.ru\1778005163581-u3xgw3\page.html,False,2026-05-05-sr-citilink.ru\1778005163581-u3xgw3\page.html,html/citilink.ru-run-none1.html,application_import,,2026-05-05T18:19:48.943Z,992813,False,True,,,False,,True,,0.0,dind-citilink.ru-6930b865e4517478,product_page_or_listing,https://www.citilink.ru/search/?text=%D0%BC%D0%BE%D0%BD%D0%B8%D1%82%D0%BE%D1%80+full+hd,True,stealth_renderer,монитор full hd,,,6930b865e451747816d5ada7d69411f801f44a7ddfef09d600d4db1d085456f4,999868,False,citilink.ru,https://www.citilink.ru/search/?text=%D0%BC%D0%BE%D0%BD%D0%B8%D1%82%D0%BE%D1%80+full+hd,монитор full hd - купить по низкой цене в Ситилинк,False,citilink.ru,run-none1,,,ok,15.253800000005867,,15763.574700000012,0.0,0.0,0.0,False,,,,ok,False,15761.270100000009,2.30460000000312,HTML parse + extraction; shared across modes,36,0,0,,,,0,0,0,1,0,0.0,0.0,0.0,0.0,0.0,0.0,0.0,0.0,0.0
20261002T161451Z-d2eb76ee,industrial,original_fast_query,dind-citilink.ru-30da59eb4be8c8d4,html/citilink.ru-run-none2.html,ps 5,positive,True,36.0,27.0,27,9,0,1.0,27,0,9,27,0,9,27,0,9,industrial,html/citilink.ru-run-none2.html,citilink.ru-run-none2.html,run-none2,citilink.ru,D:\Pet_Codes\science\article-price-tracker\industrial\html\citilink.ru-run-none2.html,https://www.citilink.ru/search/?text=ps+5,https://www.citilink.ru/search/?text=ps+5,ps 5,,,raw_html,,30da59eb4be8c8d4c483de390873d4eff5f83316fd86c9f018fe4f90bbd56e15,30da59eb4be8c8d4c483de390873d4eff5f83316fd86c9f018fe4f90bbd56e15,D:\Job_Codes\PriceTracker\services\stealth-renderer\.artifacts\2026-05-06-sr-citilink.ru\1778061686194-7c3afe\page.html,False,2026-05-06-sr-citilink.ru\1778061686194-7c3afe\page.html,html/citilink.ru-run-none2.html,application_import,,2026-05-06T10:03:37.241Z,973133,False,True,,,False,,True,,0.0,dind-citilink.ru-30da59eb4be8c8d4,product_page_or_listing,https://www.citilink.ru/search/?text=ps+5,True,stealth_renderer,ps 5,,,30da59eb4be8c8d4c483de390873d4eff5f83316fd86c9f018fe4f90bbd56e15,981712,False,citilink.ru,https://www.citilink.ru/search/?text=ps+5,ps 5 - купить по низкой цене в Ситилинк,False,citilink.ru,run-none2,,,ok,2.274600000004284,,15084.223699999988,27.0,27.0,27.0,False,,,,ok,False,15082.090599999996,2.1330999999918276,HTML parse + extraction; shared across modes,36,0,0,1.0,0.0,0.0,0,1,0,0,0,1.0,0.75,0.8571428571428571,1.0,0.75,0.8571428571428571,1.0,0.75,0.8571428571428571
20261002T161451Z-d2eb76ee,industrial,original_fast_query,dind-citilink.ru-fc3d83fa07e578d5,html/citilink.ru-run-none3.html,микроволновка,positive,True,36.0,0.0,0,36,0,0.0,0,0,36,0,0,36,0,0,36,industrial,html/citilink.ru-run-none3.html,citilink.ru-run-none3.html,run-none3,citilink.ru,D:\Pet_Codes\science\article-price-tracker\industrial\html\citilink.ru-run-none3.html,https://www.citilink.ru/search/?text=%D0%BC%D0%B8%D0%BA%D1%80%D0%BE%D0%B2%D0%BE%D0%BB%D0%BD%D0%BE%D0%B2%D0%BA%D0%B0,https://www.citilink.ru/search/?text=%D0%BC%D0%B8%D0%BA%D1%80%D0%BE%D0%B2%D0%BE%D0%BB%D0%BD%D0%BE%D0%B2%D0%BA%D0%B0,микроволновка,,,raw_html,,fc3d83fa07e578d56988b9c059310339393b79541e4350230db0d76fcc65fa24,fc3d83fa07e578d56988b9c059310339393b79541e4350230db0d76fcc65fa24,D:\Job_Codes\PriceTracker\services\stealth-renderer\.artifacts\2026-05-06-sr-citilink.ru\1778065806687-5j58w3\page.html,False,2026-05-06-sr-citilink.ru\1778065806687-5j58w3\page.html,html/citilink.ru-run-none3.html,application_import,,2026-05-06T11:10:32.369Z,1040480,False,True,,,False,,True,,0.0,dind-citilink.ru-fc3d83fa07e578d5,product_page_or_listing,https://www.citilink.ru/search/?text=%D0%BC%D0%B8%D0%BA%D1%80%D0%BE%D0%B2%D0%BE%D0%BB%D0%BD%D0%BE%D0%B2%D0%BA%D0%B0,True,stealth_renderer,микроволновка,,,fc3d83fa07e578d56988b9c059310339393b79541e4350230db0d76fcc65fa24,1054850,False,citilink.ru,https://www.citilink.ru/search/?text=%D0%BC%D0%B8%D0%BA%D1%80%D0%BE%D0%B2%D0%BE%D0%BB%D0%BD%D0%BE%D0%B2%D0%BA%D0%B0,микроволновка - купить по низкой цене в Ситилинк,False,citilink.ru,run-none3,,,ok,2.9474999999947613,,17068.10010000001,0.0,0.0,0.0,False,,,,ok,False,17065.828999999998,2.271100000012666,HTML parse + extraction; shared across modes,36,0,0,,,,0,0,0,1,0,0.0,0.0,0.0,0.0,0.0,0.0,0.0,0.0,0.0
20261002T161451Z-d2eb76ee,industrial,original_fast_query,dind-citilink.ru-4ea974c7ea924633,html/citilink.ru-run-none4.html,электрическая зубная щётка,positive,True,36.0,36.0,36,0,0,1.0,36,0,0,36,0,0,36,0,0,industrial,html/citilink.ru-run-none4.html,citilink.ru-run-none4.html,run-none4,citilink.ru,D:\Pet_Codes\science\article-price-tracker\industrial\html\citilink.ru-run-none4.html,https://www.citilink.ru/search/?text=%D1%8D%D0%BB%D0%B5%D0%BA%D1%82%D1%80%D0%B8%D1%87%D0%B5%D1%81%D0%BA%D0%B0%D1%8F+%D0%B7%D1%83%D0%B1%D0%BD%D0%B0%D1%8F+%D1%89%D1%91%D1%82%D0%BA%D0%B0,https://www.citilink.ru/search/?text=%D1%8D%D0%BB%D0%B5%D0%BA%D1%82%D1%80%D0%B8%D1%87%D0%B5%D1%81%D0%BA%D0%B0%D1%8F+%D0%B7%D1%83%D0%B1%D0%BD%D0%B0%D1%8F+%D1%89%D1%91%D1%82%D0%BA%D0%B0,электрическая зубная щётка,,,raw_html,,4ea974c7ea92463391d8770d6afe54db617e22c3f487a06c3756fcc80d1d95f3,4ea974c7ea92463391d8770d6afe54db617e22c3f487a06c3756fcc80d1d95f3,D:\Job_Codes\PriceTracker\services\stealth-renderer\.artifacts\2026-05-06-sr-citilink.ru\1778068223065-4q6f8r\page.html,False,2026-05-06-sr-citilink.ru\1778068223065-4q6f8r\page.html,html/citilink.ru-run-none4.html,application_import,,2026-05-06T11:50:52.832Z,909688,False,True,,,False,,True,,0.0,dind-citilink.ru-4ea974c7ea924633,product_page_or_listing,https://www.citilink.ru/search/?text=%D1%8D%D0%BB%D0%B5%D0%BA%D1%82%D1%80%D0%B8%D1%87%D0%B5%D1%81%D0%BA%D0%B0%D1%8F+%D0%B7%D1%83%D0%B1%D0%BD%D0%B0%D1%8F+%D1%89%D1%91%D1%82%D0%BA%D0%B0,True,stealth_renderer,электрическая зубная щётка,,,4ea974c7ea92463391d8770d6afe54db617e22c3f487a06c3756fcc80d1d95f3,924536,False,citilink.ru,https://www.citilink.ru/search/?text=%D1%8D%D0%BB%D0%B5%D0%BA%D1%82%D1%80%D0%B8%D1%87%D0%B5%D1%81%D0%BA%D0%B0%D1%8F+%D0%B7%D1%83%D0%B1%D0%BD%D0%B0%D1%8F+%D1%89%D1%91%D1%82%D0%BA%D0%B0,электрическая зубная щётка - купить по низкой цене в Ситилинк,False,citilink.ru,run-none4,,,ok,13.428599999999278,,13428.088599999988,36.0,36.0,36.0,False,,,,ok,False,13424.227699999989,3.860899999999674,HTML parse + extraction; shared across modes,36,0,0,1.0,0.0,0.0,0,1,0,0,0,1.0,1.0,1.0,1.0,1.0,1.0,1.0,1.0,1.0
20261002T161451Z-d2eb76ee,industrial,original_fast_query,dind-citilink.ru-cda6466bd3c48b51,html/citilink.ru-run-none5.html,электрическая зубная щётка,positive,True,36.0,36.0,36,0,0,1.0,36,0,0,36,0,0,36,0,0,industrial,html/citilink.ru-run-none5.html,citilink.ru-run-none5.html,run-none5,citilink.ru,D:\Pet_Codes\science\article-price-tracker\industrial\html\citilink.ru-run-none5.html,https://www.citilink.ru/search/?text=%D1%8D%D0%BB%D0%B5%D0%BA%D1%82%D1%80%D0%B8%D1%87%D0%B5%D1%81%D0%BA%D0%B0%D1%8F+%D0%B7%D1%83%D0%B1%D0%BD%D0%B0%D1%8F+%D1%89%D1%91%D1%82%D0%BA%D0%B0,https://www.citilink.ru/search/?text=%D1%8D%D0%BB%D0%B5%D0%BA%D1%82%D1%80%D0%B8%D1%87%D0%B5%D1%81%D0%BA%D0%B0%D1%8F+%D0%B7%D1%83%D0%B1%D0%BD%D0%B0%D1%8F+%D1%89%D1%91%D1%82%D0%BA%D0%B0,электрическая зубная щётка,,,raw_html,,cda6466bd3c48b51c262835fd032bac88fa33f691f81c1dd36a83357d20600b2,cda6466bd3c48b51c262835fd032bac88fa33f691f81c1dd36a83357d20600b2,D:\Job_Codes\PriceTracker\services\stealth-renderer\.artifacts\2026-05-06-sr-citilink.ru\1778072625712-2rbw63\page.html,False,2026-05-06-sr-citilink.ru\1778072625712-2rbw63\page.html,html/citilink.ru-run-none5.html,application_import,,2026-05-06T13:04:18.178Z,917275,False,True,,,False,,True,,0.0,dind-citilink.ru-cda6466bd3c48b51,product_page_or_listing,https://www.citilink.ru/search/?text=%D1%8D%D0%BB%D0%B5%D0%BA%D1%82%D1%80%D0%B8%D1%87%D0%B5%D1%81%D0%BA%D0%B0%D1%8F+%D0%B7%D1%83%D0%B1%D0%BD%D0%B0%D1%8F+%D1%89%D1%91%D1%82%D0%BA%D0%B0,True,stealth_renderer,электрическая зубная щётка,,,cda6466bd3c48b51c262835fd032bac88fa33f691f81c1dd36a83357d20600b2,932350,False,citilink.ru,https://www.citilink.ru/search/?text=%D1%8D%D0%BB%D0%B5%D0%BA%D1%82%D1%80%D0%B8%D1%87%D0%B5%D1%81%D0%BA%D0%B0%D1%8F+%D0%B7%D1%83%D0%B1%D0%BD%D0%B0%D1%8F+%D1%89%D1%91%D1%82%D0%BA%D0%B0,электрическая зубная щётка - купить по низкой цене в Ситилинк,False,citilink.ru,run-none5,,,ok,14.606599999999162,,13531.416299999983,36.0,36.0,36.0,False,,,,ok,False,13527.365099999995,4.051199999987148,HTML parse + extraction; shared across modes,36,0,0,1.0,0.0,0.0,0,1,0,0,0,1.0,1.0,1.0,1.0,1.0,1.0,1.0,1.0,1.0
20261002T161451Z-d2eb76ee,industrial,original_fast_query,dind-citilink.ru-e2440ead0d4289d7,html/citilink.ru-run-none6.html,ноутбук 16 gb ram,positive,True,10.0,0.0,0,10,0,0.0,0,0,10,0,0,10,0,0,10,industrial,html/citilink.ru-run-none6.html,citilink.ru-run-none6.html,run-none6,citilink.ru,D:\Pet_Codes\science\article-price-tracker\industrial\html\citilink.ru-run-none6.html,https://www.citilink.ru/search/?text=%D0%BD%D0%BE%D1%83%D1%82%D0%B1%D1%83%D0%BA+16+gb+ram,https://www.citilink.ru/search/?text=%D0%BD%D0%BE%D1%83%D1%82%D0%B1%D1%83%D0%BA+16+gb+ram,ноутбук 16 gb ram,,,raw_html,,e2440ead0d4289d79836e602781d3fd226a73268ea2a47b01b42f14cc84a670f,e2440ead0d4289d79836e602781d3fd226a73268ea2a47b01b42f14cc84a670f,D:\Job_Codes\PriceTracker\services\stealth-renderer\.artifacts\2026-05-07-sr-citilink.ru\1778147827740-9ao254\page.html,False,2026-05-07-sr-citilink.ru\1778147827740-9ao254\page.html,html/citilink.ru-run-none6.html,application_import,,2026-05-07T09:57:37.590Z,575151,False,True,,,False,,True,,0.0,dind-citilink.ru-e2440ead0d4289d7,product_page_or_listing,https://www.citilink.ru/search/?text=%D0%BD%D0%BE%D1%83%D1%82%D0%B1%D1%83%D0%BA+16+gb+ram,True,stealth_renderer,ноутбук 16 gb ram,,,e2440ead0d4289d79836e602781d3fd226a73268ea2a47b01b42f14cc84a670f,580357,False,citilink.ru,https://www.citilink.ru/search/?text=%D0%BD%D0%BE%D1%83%D1%82%D0%B1%D1%83%D0%BA+16+gb+ram,ноутбук 16 gb ram - купить по низкой цене в Ситилинк,False,citilink.ru,run-none6,,,ok,14.142500000016298,,2433.3864000000176,0.0,0.0,0.0,False,,,,ok,False,2432.4070000000065,0.9794000000110827,HTML parse + extraction; shared across modes,10,0,0,,,,0,0,0,1,0,0.0,0.0,0.0,0.0,0.0,0.0,0.0,0.0,0.0
20261002T161451Z-d2eb76ee,industrial,original_fast_query,dind-citilink.ru-fb08ef466206eb66,html/citilink.ru-run-none7.html,электрическая зубная щётка,positive,True,36.0,36.0,36,0,0,1.0,36,0,0,36,0,0,36,0,0,industrial,html/citilink.ru-run-none7.html,citilink.ru-run-none7.html,run-none7,citilink.ru,D:\Pet_Codes\science\article-price-tracker\industrial\html\citilink.ru-run-none7.html,https://www.citilink.ru/search/?text=%D1%8D%D0%BB%D0%B5%D0%BA%D1%82%D1%80%D0%B8%D1%87%D0%B5%D1%81%D0%BA%D0%B0%D1%8F+%D0%B7%D1%83%D0%B1%D0%BD%D0%B0%D1%8F+%D1%89%D1%91%D1%82%D0%BA%D0%B0,https://www.citilink.ru/search/?text=%D1%8D%D0%BB%D0%B5%D0%BA%D1%82%D1%80%D0%B8%D1%87%D0%B5%D1%81%D0%BA%D0%B0%D1%8F+%D0%B7%D1%83%D0%B1%D0%BD%D0%B0%D1%8F+%D1%89%D1%91%D1%82%D0%BA%D0%B0,электрическая зубная щётка,,,raw_html,,fb08ef466206eb66849ed4f63bea49d4d25ec95e1bf24ab35121c2c5576a5826,fb08ef466206eb66849ed4f63bea49d4d25ec95e1bf24ab35121c2c5576a5826,D:\Job_Codes\PriceTracker\services\stealth-renderer\.artifacts\2026-05-07-sr-citilink.ru\1778152006122-qntqzh\page.html,False,2026-05-07-sr-citilink.ru\1778152006122-qntqzh\page.html,html/citilink.ru-run-none7.html,application_import,,2026-05-07T11:07:19.382Z,934843,False,True,,,False,,True,,0.0,dind-citilink.ru-fb08ef466206eb66,product_page_or_listing,https://www.citilink.ru/search/?text=%D1%8D%D0%BB%D0%B5%D0%BA%D1%82%D1%80%D0%B8%D1%87%D0%B5%D1%81%D0%BA%D0%B0%D1%8F+%D0%B7%D1%83%D0%B1%D0%BD%D0%B0%D1%8F+%D1%89%D1%91%D1%82%D0%BA%D0%B0,True,stealth_renderer,электрическая зубная щётка,,,fb08ef466206eb66849ed4f63bea49d4d25ec95e1bf24ab35121c2c5576a5826,950002,False,citilink.ru,https://www.citilink.ru/search/?text=%D1%8D%D0%BB%D0%B5%D0%BA%D1%82%D1%80%D0%B8%D1%87%D0%B5%D1%81%D0%BA%D0%B0%D1%8F+%D0%B7%D1%83%D0%B1%D0%BD%D0%B0%D1%8F+%D1%89%D1%91%D1%82%D0%BA%D0%B0,электрическая зубная щётка - купить по низкой цене в Ситилинк,False,citilink.ru,run-none7,,,ok,2.547500000015134,,14143.027499999967,36.0,36.0,36.0,False,,,,ok,False,14138.863499999978,4.1639999999897555,HTML parse + extraction; shared across modes,36,0,0,1.0,0.0,0.0,0,1,0,0,0,1.0,1.0,1.0,1.0,1.0,1.0,1.0,1.0,1.0
20261002T161451Z-d2eb76ee,industrial,original_fast_query,dind-citilink.ru-c3b1bb2ebd5d428a,html/citilink.ru-run-none8.html,электрическая зубная щётка,positive,True,36.0,35.0,35,1,0,1.0,35,0,1,35,0,1,35,0,1,industrial,html/citilink.ru-run-none8.html,citilink.ru-run-none8.html,run-none8,citilink.ru,D:\Pet_Codes\science\article-price-tracker\industrial\html\citilink.ru-run-none8.html,https://www.citilink.ru/search/?text=%D1%8D%D0%BB%D0%B5%D0%BA%D1%82%D1%80%D0%B8%D1%87%D0%B5%D1%81%D0%BA%D0%B0%D1%8F+%D0%B7%D1%83%D0%B1%D0%BD%D0%B0%D1%8F+%D1%89%D1%91%D1%82%D0%BA%D0%B0,https://www.citilink.ru/search/?text=%D1%8D%D0%BB%D0%B5%D0%BA%D1%82%D1%80%D0%B8%D1%87%D0%B5%D1%81%D0%BA%D0%B0%D1%8F+%D0%B7%D1%83%D0%B1%D0%BD%D0%B0%D1%8F+%D1%89%D1%91%D1%82%D0%BA%D0%B0,электрическая зубная щётка,,,raw_html,,c3b1bb2ebd5d428ada22427d770b0fad20abd4d6b60b15d76ffdec7375e82fce,c3b1bb2ebd5d428ada22427d770b0fad20abd4d6b60b15d76ffdec7375e82fce,D:\Job_Codes\PriceTracker\services\stealth-renderer\.artifacts\2026-05-11-sr-citilink.ru\1778491336968-li5bog\page.html,False,2026-05-11-sr-citilink.ru\1778491336968-li5bog\page.html,html/citilink.ru-run-none8.html,application_import,,2026-05-11T09:22:38.892Z,930009,False,True,,,False,,True,,0.0,dind-citilink.ru-c3b1bb2ebd5d428a,product_page_or_listing,https://www.citilink.ru/search/?text=%D1%8D%D0%BB%D0%B5%D0%BA%D1%82%D1%80%D0%B8%D1%87%D0%B5%D1%81%D0%BA%D0%B0%D1%8F+%D0%B7%D1%83%D0%B1%D0%BD%D0%B0%D1%8F+%D1%89%D1%91%D1%82%D0%BA%D0%B0,True,stealth_renderer,электрическая зубная щётка,,,c3b1bb2ebd5d428ada22427d770b0fad20abd4d6b60b15d76ffdec7375e82fce,945329,False,citilink.ru,https://www.citilink.ru/search/?text=%D1%8D%D0%BB%D0%B5%D0%BA%D1%82%D1%80%D0%B8%D1%87%D0%B5%D1%81%D0%BA%D0%B0%D1%8F+%D0%B7%D1%83%D0%B1%D0%BD%D0%B0%D1%8F+%D1%89%D1%91%D1%82%D0%BA%D0%B0,электрическая зубная щётка - купить по низкой цене в Ситилинк,False,citilink.ru,run-none8,,,ok,2.3713000000279862,,13498.054299999989,35.0,35.0,35.0,False,,,,ok,False,13494.135899999994,3.9183999999950174,HTML parse + extraction; shared across modes,36,0,0,1.0,0.0,0.0,0,1,0,0,0,1.0,0.9722222222222222,0.9859154929577464,1.0,0.9722222222222222,0.9859154929577464,1.0,0.9722222222222222,0.9859154929577464
20261002T161451Z-d2eb76ee,industrial,original_fast_query,dind-citilink.ru-27ce607b67285dce,html/citilink.ru-run-none9.html,дрель безударная,positive,True,36.0,33.0,33,3,0,1.0,33,0,3,33,0,3,33,0,3,industrial,html/citilink.ru-run-none9.html,citilink.ru-run-none9.html,run-none9,citilink.ru,D:\Pet_Codes\science\article-price-tracker\industrial\html\citilink.ru-run-none9.html,https://www.citilink.ru/search/?text=%D0%B4%D1%80%D0%B5%D0%BB%D1%8C+%D0%B1%D0%B5%D0%B7%D1%83%D0%B4%D0%B0%D1%80%D0%BD%D0%B0%D1%8F,https://www.citilink.ru/search/?text=%D0%B4%D1%80%D0%B5%D0%BB%D1%8C+%D0%B1%D0%B5%D0%B7%D1%83%D0%B4%D0%B0%D1%80%D0%BD%D0%B0%D1%8F,дрель безударная,,,raw_html,,27ce607b67285dcedbcd1e43768c6271456cee3ceb99006545c23da1ee76a3d7,27ce607b67285dcedbcd1e43768c6271456cee3ceb99006545c23da1ee76a3d7,D:\Job_Codes\PriceTracker\services\stealth-renderer\.artifacts\2026-05-11-sr-citilink.ru\1778515630839-14vjuk\page.html,False,2026-05-11-sr-citilink.ru\1778515630839-14vjuk\page.html,html/citilink.ru-run-none9.html,application_import,,2026-05-11T16:07:49.918Z,921757,False,True,,,False,,True,,0.0,dind-citilink.ru-27ce607b67285dce,product_page_or_listing,https://www.citilink.ru/search/?text=%D0%B4%D1%80%D0%B5%D0%BB%D1%8C+%D0%B1%D0%B5%D0%B7%D1%83%D0%B4%D0%B0%D1%80%D0%BD%D0%B0%D1%8F,True,stealth_renderer,дрель безударная,,,27ce607b67285dcedbcd1e43768c6271456cee3ceb99006545c23da1ee76a3d7,930265,False,citilink.ru,https://www.citilink.ru/search/?text=%D0%B4%D1%80%D0%B5%D0%BB%D1%8C+%D0%B1%D0%B5%D0%B7%D1%83%D0%B4%D0%B0%D1%80%D0%BD%D0%B0%D1%8F,дрель безударная - купить по низкой цене в Ситилинк,False,citilink.ru,run-none9,,,ok,2.463099999993574,,14166.53800000003,33.0,33.0,33.0,False,,,,ok,False,14164.097100000014,2.440900000015972,HTML parse + extraction; shared across modes,36,0,0,1.0,0.0,0.0,0,1,0,0,0,1.0,0.9166666666666666,0.9565217391304348,1.0,0.9166666666666666,0.9565217391304348,1.0,0.9166666666666666,0.9565217391304348
20261002T161451Z-d2eb76ee,industrial,original_fast_query,dind-citilink.ru-abcfe4fb034ca5a2,html/citilink.ru-run-none10.html,дрель безударная,positive,True,36.0,33.0,33,3,0,1.0,33,0,3,33,0,3,33,0,3,industrial,html/citilink.ru-run-none10.html,citilink.ru-run-none10.html,run-none10,citilink.ru,D:\Pet_Codes\science\article-price-tracker\industrial\html\citilink.ru-run-none10.html,https://www.citilink.ru/search/?text=%D0%B4%D1%80%D0%B5%D0%BB%D1%8C+%D0%B1%D0%B5%D0%B7%D1%83%D0%B4%D0%B0%D1%80%D0%BD%D0%B0%D1%8F,https://www.citilink.ru/search/?text=%D0%B4%D1%80%D0%B5%D0%BB%D1%8C+%D0%B1%D0%B5%D0%B7%D1%83%D0%B4%D0%B0%D1%80%D0%BD%D0%B0%D1%8F,дрель безударная,,,raw_html,,abcfe4fb034ca5a2a371b953f69b96f7b15e0bb42e8ba6a1f16e6ed1d7399c70,abcfe4fb034ca5a2a371b953f69b96f7b15e0bb42e8ba6a1f16e6ed1d7399c70,D:\Job_Codes\PriceTracker\services\stealth-renderer\.artifacts\2026-05-11-sr-citilink.ru\1778517888335-4y1z6i\page.html,False,2026-05-11-sr-citilink.ru\1778517888335-4y1z6i\page.html,html/citilink.ru-run-none10.html,application_import,,2026-05-11T16:45:31.904Z,921692,False,True,,,False,,True,,0.0,dind-citilink.ru-abcfe4fb034ca5a2,product_page_or_listing,https://www.citilink.ru/search/?text=%D0%B4%D1%80%D0%B5%D0%BB%D1%8C+%D0%B1%D0%B5%D0%B7%D1%83%D0%B4%D0%B0%D1%80%D0%BD%D0%B0%D1%8F,True,stealth_renderer,дрель безударная,,,abcfe4fb034ca5a2a371b953f69b96f7b15e0bb42e8ba6a1f16e6ed1d7399c70,930200,False,citilink.ru,https://www.citilink.ru/search/?text=%D0%B4%D1%80%D0%B5%D0%BB%D1%8C+%D0%B1%D0%B5%D0%B7%D1%83%D0%B4%D0%B0%D1%80%D0%BD%D0%B0%D1%8F,дрель безударная - купить по низкой цене в Ситилинк,False,citilink.ru,run-none10,,,ok,2.6419999999925494,,13577.988099999988,33.0,33.0,33.0,False,,,,ok,False,13576.2267,1.7613999999884982,HTML parse + extraction; shared across modes,36,0,0,1.0,0.0,0.0,0,1,0,0,0,1.0,0.9166666666666666,0.9565217391304348,1.0,0.9166666666666666,0.9565217391304348,1.0,0.9166666666666666,0.9565217391304348
20261002T161451Z-d2eb76ee,industrial,original_fast_query,dind-citilink.ru-8f6401111a1db657,html/citilink.ru-run-none11.html,бензопила,positive,True,36.0,21.0,21,15,0,1.0,21,0,15,21,0,15,21,0,15,industrial,html/citilink.ru-run-none11.html,citilink.ru-run-none11.html,run-none11,citilink.ru,D:\Pet_Codes\science\article-price-tracker\industrial\html\citilink.ru-run-none11.html,https://www.citilink.ru/search/?text=%D0%B1%D0%B5%D0%BD%D0%B7%D0%BE%D0%BF%D0%B8%D0%BB%D0%B0,https://www.citilink.ru/search/?text=%D0%B1%D0%B5%D0%BD%D0%B7%D0%BE%D0%BF%D0%B8%D0%BB%D0%B0,бензопила,,,raw_html,,8f6401111a1db65764e8675a89ac3d2ebc6e9c754977e13ad80974b66bf10c09,8f6401111a1db65764e8675a89ac3d2ebc6e9c754977e13ad80974b66bf10c09,D:\Job_Codes\PriceTracker\services\stealth-renderer\.artifacts\2026-05-16-sr-citilink.ru\1778963698766-kwm3mj\page.html,False,2026-05-16-sr-citilink.ru\1778963698766-kwm3mj\page.html,html/citilink.ru-run-none11.html,application_import,,2026-05-16T20:35:28.594Z,1025638,False,True,,,False,,True,,0.0,dind-citilink.ru-8f6401111a1db657,product_page_or_listing,https://www.citilink.ru/search/?text=%D0%B1%D0%B5%D0%BD%D0%B7%D0%BE%D0%BF%D0%B8%D0%BB%D0%B0,True,stealth_renderer,бензопила,,,8f6401111a1db65764e8675a89ac3d2ebc6e9c754977e13ad80974b66bf10c09,1034236,False,citilink.ru,https://www.citilink.ru/search/?text=%D0%B1%D0%B5%D0%BD%D0%B7%D0%BE%D0%BF%D0%B8%D0%BB%D0%B0,бензопила - купить по низкой цене в Ситилинк,False,citilink.ru,run-none11,,,ok,13.953599999978906,,16635.64970000001,21.0,21.0,21.0,False,,,,ok,False,16634.190900000016,1.4587999999930616,HTML parse + extraction; shared across modes,36,0,0,1.0,0.0,0.0,0,1,0,0,0,1.0,0.5833333333333334,0.7368421052631579,1.0,0.5833333333333334,0.7368421052631579,1.0,0.5833333333333334,0.7368421052631579
20261002T161451Z-d2eb76ee,industrial,original_fast_query,dind-citilink.ru-10ed9d833757ff85,html/citilink.ru-run-none12.html,мышь проводная,positive,True,36.0,36.0,36,0,0,1.0,36,0,0,36,0,0,36,0,0,industrial,html/citilink.ru-run-none12.html,citilink.ru-run-none12.html,run-none12,citilink.ru,D:\Pet_Codes\science\article-price-tracker\industrial\html\citilink.ru-run-none12.html,https://www.citilink.ru/search/?text=%D0%BC%D1%8B%D1%88%D1%8C+%D0%BF%D1%80%D0%BE%D0%B2%D0%BE%D0%B4%D0%BD%D0%B0%D1%8F,https://www.citilink.ru/search/?text=%D0%BC%D1%8B%D1%88%D1%8C+%D0%BF%D1%80%D0%BE%D0%B2%D0%BE%D0%B4%D0%BD%D0%B0%D1%8F,мышь проводная,,,raw_html,,10ed9d833757ff858a4005fba21e3b6925f81dc77614dc2ba4fc00121149af84,10ed9d833757ff858a4005fba21e3b6925f81dc77614dc2ba4fc00121149af84,D:\Job_Codes\PriceTracker\services\stealth-renderer\.artifacts\2026-05-20-sr-citilink.ru\1779309613137-y220mu\page.html,False,2026-05-20-sr-citilink.ru\1779309613137-y220mu\page.html,html/citilink.ru-run-none12.html,application_import,,2026-05-20T20:40:41.885Z,1036522,False,True,,,False,,True,,0.0,dind-citilink.ru-10ed9d833757ff85,product_page_or_listing,https://www.citilink.ru/search/?text=%D0%BC%D1%8B%D1%88%D1%8C+%D0%BF%D1%80%D0%BE%D0%B2%D0%BE%D0%B4%D0%BD%D0%B0%D1%8F,True,stealth_renderer,мышь проводная,,,10ed9d833757ff858a4005fba21e3b6925f81dc77614dc2ba4fc00121149af84,1048273,False,citilink.ru,https://www.citilink.ru/search/?text=%D0%BC%D1%8B%D1%88%D1%8C+%D0%BF%D1%80%D0%BE%D0%B2%D0%BE%D0%B4%D0%BD%D0%B0%D1%8F,мышь проводная - купить по низкой цене в Ситилинк,False,citilink.ru,run-none12,,,ok,2.278099999995902,,16819.06640000001,36.0,36.0,36.0,False,,,,ok,False,16816.08619999999,2.980200000019977,HTML parse + extraction; shared across modes,36,0,0,1.0,0.0,0.0,0,1,0,0,0,1.0,1.0,1.0,1.0,1.0,1.0,1.0,1.0,1.0
20261002T161451Z-d2eb76ee,industrial,original_fast_query,dind-citilink.ru-c9c5ca4bf5e41894,html/citilink.ru-run-none13.html,мышь проводная,positive,True,36.0,36.0,36,0,0,1.0,36,0,0,36,0,0,36,0,0,industrial,html/citilink.ru-run-none13.html,citilink.ru-run-none13.html,run-none13,citilink.ru,D:\Pet_Codes\science\article-price-tracker\industrial\html\citilink.ru-run-none13.html,https://www.citilink.ru/search/?text=%D0%BC%D1%8B%D1%88%D1%8C+%D0%BF%D1%80%D0%BE%D0%B2%D0%BE%D0%B4%D0%BD%D0%B0%D1%8F,https://www.citilink.ru/search/?text=%D0%BC%D1%8B%D1%88%D1%8C+%D0%BF%D1%80%D0%BE%D0%B2%D0%BE%D0%B4%D0%BD%D0%B0%D1%8F,мышь проводная,,,raw_html,,c9c5ca4bf5e41894c2620ac3546dd4d9451351272f0a4db332f54e5f524a5b37,c9c5ca4bf5e41894c2620ac3546dd4d9451351272f0a4db332f54e5f524a5b37,D:\Job_Codes\PriceTracker\services\stealth-renderer\.artifacts\2026-05-20-sr-citilink.ru\1779309618603-nxydta\page.html,False,2026-05-20-sr-citilink.ru\1779309618603-nxydta\page.html,html/citilink.ru-run-none13.html,application_import,,2026-05-20T20:40:42.889Z,1029175,False,True,,,False,,True,,0.0,dind-citilink.ru-c9c5ca4bf5e41894,product_page_or_listing,https://www.citilink.ru/search/?text=%D0%BC%D1%8B%D1%88%D1%8C+%D0%BF%D1%80%D0%BE%D0%B2%D0%BE%D0%B4%D0%BD%D0%B0%D1%8F,True,stealth_renderer,мышь проводная,,,c9c5ca4bf5e41894c2620ac3546dd4d9451351272f0a4db332f54e5f524a5b37,1040914,False,citilink.ru,https://www.citilink.ru/search/?text=%D0%BC%D1%8B%D1%88%D1%8C+%D0%BF%D1%80%D0%BE%D0%B2%D0%BE%D0%B4%D0%BD%D0%B0%D1%8F,мышь проводная - купить по низкой цене в Ситилинк,False,citilink.ru,run-none13,,,ok,44.79130000001169,,17094.19340000002,36.0,36.0,36.0,False,,,,ok,False,17091.53020000001,2.663200000009965,HTML parse + extraction; shared across modes,36,0,0,1.0,0.0,0.0,0,1,0,0,0,1.0,1.0,1.0,1.0,1.0,1.0,1.0,1.0,1.0
20261002T161451Z-d2eb76ee,industrial,original_fast_query,dind-citilink.ru-c27eb4fecdbb44bb,html/citilink.ru-run-none14.html,канистра 20л,positive,True,6.0,0.0,0,6,0,0.0,0,0,6,0,0,6,0,0,6,industrial,html/citilink.ru-run-none14.html,citilink.ru-run-none14.html,run-none14,citilink.ru,D:\Pet_Codes\science\article-price-tracker\industrial\html\citilink.ru-run-none14.html,https://www.citilink.ru/search/?text=%D0%BA%D0%B0%D0%BD%D0%B8%D1%81%D1%82%D1%80%D0%B0+20%D0%BB,https://www.citilink.ru/search/?text=%D0%BA%D0%B0%D0%BD%D0%B8%D1%81%D1%82%D1%80%D0%B0+20%D0%BB,канистра 20л,,,raw_html,,c27eb4fecdbb44bb48a86f76b1118d01927efba74288c8dc60e7921f969158c5,c27eb4fecdbb44bb48a86f76b1118d01927efba74288c8dc60e7921f969158c5,D:\Job_Codes\PriceTracker\services\stealth-renderer\.artifacts\2026-06-01-sr-citilink.ru\1780320368572-53p9eb\page.html,False,2026-06-01-sr-citilink.ru\1780320368572-53p9eb\page.html,html/citilink.ru-run-none14.html,application_import,,2026-06-01T13:26:27.572Z,440884,False,True,,,False,,True,,0.0,dind-citilink.ru-c27eb4fecdbb44bb,product_page_or_listing,https://www.citilink.ru/search/?text=%D0%BA%D0%B0%D0%BD%D0%B8%D1%81%D1%82%D1%80%D0%B0+20%D0%BB,True,stealth_renderer,канистра 20л,,,c27eb4fecdbb44bb48a86f76b1118d01927efba74288c8dc60e7921f969158c5,443814,False,citilink.ru,https://www.citilink.ru/search/?text=%D0%BA%D0%B0%D0%BD%D0%B8%D1%81%D1%82%D1%80%D0%B0+20%D0%BB,канистра 20л - купить по низкой цене в Ситилинк,False,citilink.ru,run-none14,,,ok,13.822800000023562,,738.4753999999957,0.0,0.0,0.0,False,,,,ok,False,737.998900000006,0.47649999998975545,HTML parse + extraction; shared across modes,6,0,0,,,,0,0,0,1,0,0.0,0.0,0.0,0.0,0.0,0.0,0.0,0.0,0.0
20261002T161451Z-d2eb76ee,industrial,original_fast_query,dind-cnc.su-60ca64ff8b5db935,html/cnc.su-run-3e95d0c6.html,выаиырифл,negative,True,0.0,0.0,0,0,0,1.0,0,0,0,0,0,0,0,0,0,industrial,html/cnc.su-run-3e95d0c6.html,cnc.su-run-3e95d0c6.html,run-3e95d0c6,cnc.su,D:\Pet_Codes\science\article-price-tracker\industrial\html\cnc.su-run-3e95d0c6.html,https://cnc.su,https://cnc.su,выаиырифл,Санкт-Петербург,shared_live_search,raw_html,,60ca64ff8b5db935a5f767e66e733aeeaddd23926d9efe43ff28b009c840c584,60ca64ff8b5db935a5f767e66e733aeeaddd23926d9efe43ff28b009c840c584,D:\Job_Codes\PriceTracker\.artifacts\collection\run-3e95d0c6\cnc.su.html,False,run-3e95d0c6\cnc.su.html,html/cnc.su-run-3e95d0c6.html,application_import,,2026-05-11T15:29:49.788812+00:00,264377,False,False,,,False,,True,Санкт-Петербург,,dind-cnc.su-60ca64ff8b5db935,product_page_or_listing,https://cnc.su,True,collection_run,выаиырифл,shared_live_search,run-3e95d0c6,60ca64ff8b5db935a5f767e66e733aeeaddd23926d9efe43ff28b009c840c584,288570,False,cnc.su,https://cnc.su,Каталог инструмента и станочной оснастки | АВТОграф Инструментальные Решения,False,cnc.su,run-3e95d0c6,Санкт-Петербург,shared_live_search,ok,12.668100000009872,,28258.71359999996,0.0,0.0,0.0,False,,,,ok,False,28258.38990000001,0.32369999994989485,HTML parse + extraction; shared across modes,0,0,0,,,,0,0,0,0,1,0.0,0.0,0.0,0.0,0.0,0.0,0.0,0.0,0.0
20261002T161451Z-d2eb76ee,industrial,original_fast_query,dind-cnc.su-3651d593e610dc79,html/cnc.su-run-76db53a6.html,втулка,positive,True,20.0,20.0,20,0,0,1.0,20,0,0,20,0,0,20,0,0,industrial,html/cnc.su-run-76db53a6.html,cnc.su-run-76db53a6.html,run-76db53a6,cnc.su,D:\Pet_Codes\science\article-price-tracker\industrial\html\cnc.su-run-76db53a6.html,https://cnc.su,https://cnc.su,втулка,Санкт-Петербург,shared_live_search,raw_html,,3651d593e610dc7919f3d3a4e7e6e650a1b03ae56bf3ea6ab80bb1b8b7fa9fc6,3651d593e610dc7919f3d3a4e7e6e650a1b03ae56bf3ea6ab80bb1b8b7fa9fc6,D:\Job_Codes\PriceTracker\.artifacts\collection\run-76db53a6\cnc.su.html,False,run-76db53a6\cnc.su.html,html/cnc.su-run-76db53a6.html,application_import,,2026-05-11T15:22:48.029320+00:00,436537,False,False,,,False,,True,Санкт-Петербург,,dind-cnc.su-3651d593e610dc79,product_page_or_listing,https://cnc.su,True,collection_run,втулка,shared_live_search,run-76db53a6,3651d593e610dc7919f3d3a4e7e6e650a1b03ae56bf3ea6ab80bb1b8b7fa9fc6,469489,False,cnc.su,https://cnc.su,Каталог инструмента и станочной оснастки | АВТОграф Инструментальные Решения,False,cnc.su,run-76db53a6,Санкт-Петербург,shared_live_search,ok,13.93739999999525,,28916.7733,20.0,20.0,20.0,False,,,,ok,False,28914.205000000016,2.568299999984447,HTML parse + extraction; shared across modes,20,0,0,1.0,0.0,0.0,0,1,0,0,0,1.0,1.0,1.0,1.0,1.0,1.0,1.0,1.0,1.0
20261002T161451Z-d2eb76ee,industrial,original_fast_query,dind-cnc.su-aea17eda0f793a5b,html/cnc.su-run-7b56c8dd.html,втулка,positive,True,20.0,20.0,20,0,0,1.0,20,0,0,20,0,0,20,0,0,industrial,html/cnc.su-run-7b56c8dd.html,cnc.su-run-7b56c8dd.html,run-7b56c8dd,cnc.su,D:\Pet_Codes\science\article-price-tracker\industrial\html\cnc.su-run-7b56c8dd.html,https://cnc.su,https://cnc.su,втулка,Санкт-Петербург,shared_live_search,raw_html,,aea17eda0f793a5bc26d97fe6cee07b0103c21177b9b1f61267b2760b7874fb1,aea17eda0f793a5bc26d97fe6cee07b0103c21177b9b1f61267b2760b7874fb1,D:\Job_Codes\PriceTracker\.artifacts\collection\run-7b56c8dd\cnc.su.html,False,run-7b56c8dd\cnc.su.html,html/cnc.su-run-7b56c8dd.html,application_import,,2026-05-11T15:28:20.655443+00:00,436537,False,False,,,False,,True,Санкт-Петербург,,dind-cnc.su-aea17eda0f793a5b,product_page_or_listing,https://cnc.su,True,collection_run,втулка,shared_live_search,run-7b56c8dd,aea17eda0f793a5bc26d97fe6cee07b0103c21177b9b1f61267b2760b7874fb1,469489,False,cnc.su,https://cnc.su,Каталог инструмента и станочной оснастки | АВТОграф Инструментальные Решения,False,cnc.su,run-7b56c8dd,Санкт-Петербург,shared_live_search,ok,12.349000000045635,,28478.36949999997,20.0,20.0,20.0,False,,,,ok,False,28475.88770000002,2.4817999999504536,HTML parse + extraction; shared across modes,20,0,0,1.0,0.0,0.0,0,1,0,0,0,1.0,1.0,1.0,1.0,1.0,1.0,1.0,1.0,1.0
20261002T161451Z-d2eb76ee,industrial,original_fast_query,dind-cnc.su-cbe39bad76c5ee58,html/cnc.su-run-7efc742d.html,втулка,positive,True,20.0,20.0,20,0,0,1.0,20,0,0,20,0,0,20,0,0,industrial,html/cnc.su-run-7efc742d.html,cnc.su-run-7efc742d.html,run-7efc742d,cnc.su,D:\Pet_Codes\science\article-price-tracker\industrial\html\cnc.su-run-7efc742d.html,https://cnc.su,https://cnc.su,втулка,Санкт-Петербург,shared_live_search,raw_html,,cbe39bad76c5ee587fc6da45742e0bf7e7fe55174ed3d3a277611114f0083180,cbe39bad76c5ee587fc6da45742e0bf7e7fe55174ed3d3a277611114f0083180,D:\Job_Codes\PriceTracker\.artifacts\collection\run-7efc742d\cnc.su.html,False,run-7efc742d\cnc.su.html,html/cnc.su-run-7efc742d.html,application_import,,2026-05-11T15:12:50.084905+00:00,436537,False,False,,,False,,True,Санкт-Петербург,,dind-cnc.su-cbe39bad76c5ee58,product_page_or_listing,https://cnc.su,True,collection_run,втулка,shared_live_search,run-7efc742d,cbe39bad76c5ee587fc6da45742e0bf7e7fe55174ed3d3a277611114f0083180,469489,False,cnc.su,https://cnc.su,Каталог инструмента и станочной оснастки | АВТОграф Инструментальные Решения,False,cnc.su,run-7efc742d,Санкт-Петербург,shared_live_search,ok,41.89350000000559,,31096.015799999994,20.0,20.0,20.0,False,,,,ok,False,31093.011,3.004799999995157,HTML parse + extraction; shared across modes,20,0,0,1.0,0.0,0.0,0,1,0,0,0,1.0,1.0,1.0,1.0,1.0,1.0,1.0,1.0,1.0
20261002T161451Z-d2eb76ee,industrial,original_fast_query,dind-dns-shop.ru-811008815de52c86,html/dns-shop.ru-run-none1.html,ps 5,positive,True,18.0,18.0,18,0,0,1.0,18,0,0,18,0,0,18,0,0,industrial,html/dns-shop.ru-run-none1.html,dns-shop.ru-run-none1.html,run-none1,dns-shop.ru,D:\Pet_Codes\science\article-price-tracker\industrial\html\dns-shop.ru-run-none1.html,https://www.dns-shop.ru/search/?q=ps+5&category=17a8978216404e77,https://www.dns-shop.ru/search/?q=ps+5&category=17a8978216404e77,ps 5,,,raw_html,,811008815de52c864df7f28c490ad9a5e4ef38e34ff2138ea778b93039d85999,811008815de52c864df7f28c490ad9a5e4ef38e34ff2138ea778b93039d85999,D:\Job_Codes\PriceTracker\services\stealth-renderer\.artifacts\2026-04-29-sr-dns-shop.ru\1777495559086-frfgq1\page.html,False,2026-04-29-sr-dns-shop.ru\1777495559086-frfgq1\page.html,html/dns-shop.ru-run-none1.html,application_import,,2026-04-29T20:46:37.872Z,268796,False,True,,,False,,True,,0.0,dind-dns-shop.ru-811008815de52c86,product_page_or_listing,https://www.dns-shop.ru/search/?q=ps+5&category=17a8978216404e77,True,stealth_renderer,ps 5,,,811008815de52c864df7f28c490ad9a5e4ef38e34ff2138ea778b93039d85999,290229,False,dns-shop.ru,https://www.dns-shop.ru/search/?q=ps+5&category=17a8978216404e77,ps 5 - DNS – интернет магазин цифровой и бытовой техники по доступным ценам.,False,dns-shop.ru,run-none1,,,ok,1.3656000000191852,,51.51850000000559,18.0,18.0,18.0,False,,,,ok,False,48.40050000004703,3.117999999958556,HTML parse + extraction; shared across modes,18,0,0,1.0,0.0,0.0,0,1,0,0,0,1.0,1.0,1.0,1.0,1.0,1.0,1.0,1.0,1.0
20261002T161451Z-d2eb76ee,industrial,original_fast_query,dind-dns-shop.ru-500c72a9307f6bee,html/dns-shop.ru-run-none2.html,ps 5,positive,True,18.0,18.0,18,0,0,1.0,18,0,0,18,0,0,18,0,0,industrial,html/dns-shop.ru-run-none2.html,dns-shop.ru-run-none2.html,run-none2,dns-shop.ru,D:\Pet_Codes\science\article-price-tracker\industrial\html\dns-shop.ru-run-none2.html,https://www.dns-shop.ru/search/?q=ps+5&category=17a8978216404e77,https://www.dns-shop.ru/search/?q=ps+5&category=17a8978216404e77,ps 5,,,raw_html,,500c72a9307f6bee53e8a8fa2b7625b7a6898b769124f09010c9d4dda0874758,500c72a9307f6bee53e8a8fa2b7625b7a6898b769124f09010c9d4dda0874758,D:\Job_Codes\PriceTracker\services\stealth-renderer\.artifacts\2026-04-29-sr-dns-shop.ru\1777495816631-aoopop\page.html,False,2026-04-29-sr-dns-shop.ru\1777495816631-aoopop\page.html,html/dns-shop.ru-run-none2.html,application_import,,2026-04-29T20:50:42.027Z,267577,False,True,,,False,,True,,0.0,dind-dns-shop.ru-500c72a9307f6bee,product_page_or_listing,https://www.dns-shop.ru/search/?q=ps+5&category=17a8978216404e77,True,stealth_renderer,ps 5,,,500c72a9307f6bee53e8a8fa2b7625b7a6898b769124f09010c9d4dda0874758,288727,False,dns-shop.ru,https://www.dns-shop.ru/search/?q=ps+5&category=17a8978216404e77,ps 5 - DNS – интернет магазин цифровой и бытовой техники по доступным ценам.,False,dns-shop.ru,run-none2,,,ok,1.4520999999949709,,37.97950000001583,18.0,18.0,18.0,False,,,,ok,False,35.08230000000913,2.8972000000067055,HTML parse + extraction; shared across modes,18,0,0,1.0,0.0,0.0,0,1,0,0,0,1.0,1.0,1.0,1.0,1.0,1.0,1.0,1.0,1.0
20261002T161451Z-d2eb76ee,industrial,original_fast_query,dind-dns-shop.ru-536061e6205968d4,html/dns-shop.ru-run-none3.html,ps 5,positive,True,18.0,18.0,18,0,0,1.0,18,0,0,18,0,0,18,0,0,industrial,html/dns-shop.ru-run-none3.html,dns-shop.ru-run-none3.html,run-none3,dns-shop.ru,D:\Pet_Codes\science\article-price-tracker\industrial\html\dns-shop.ru-run-none3.html,https://www.dns-shop.ru/search/?q=ps+5,https://www.dns-shop.ru/search/?q=ps+5,ps 5,,,raw_html,,536061e6205968d4b6d37e734348003adcc3ff97a3ee5797e4fc31cee52e668d,536061e6205968d4b6d37e734348003adcc3ff97a3ee5797e4fc31cee52e668d,D:\Job_Codes\PriceTracker\services\stealth-renderer\.artifacts\2026-04-30-sr-dns-shop.ru\1777535231010-em8h4b\page.html,False,2026-04-30-sr-dns-shop.ru\1777535231010-em8h4b\page.html,html/dns-shop.ru-run-none3.html,application_import,,2026-04-30T07:47:29.183Z,267046,False,True,,,False,,True,,0.0,dind-dns-shop.ru-536061e6205968d4,product_page_or_listing,https://www.dns-shop.ru/search/?q=ps+5,True,stealth_renderer,ps 5,,,536061e6205968d4b6d37e734348003adcc3ff97a3ee5797e4fc31cee52e668d,287979,False,dns-shop.ru,https://www.dns-shop.ru/search/?q=ps+5,ps 5 - DNS – интернет магазин цифровой и бытовой техники по доступным ценам.,False,dns-shop.ru,run-none3,,,ok,1.2393000000156462,,46.79190000001108,18.0,18.0,18.0,False,,,,ok,False,43.75229999999283,3.039600000018254,HTML parse + extraction; shared across modes,18,0,0,1.0,0.0,0.0,0,1,0,0,0,1.0,1.0,1.0,1.0,1.0,1.0,1.0,1.0,1.0
20261002T161451Z-d2eb76ee,industrial,original_fast_query,dind-dns-shop.ru-7933239bf3e50771,html/dns-shop.ru-run-none4.html,ps 5,positive,True,18.0,18.0,18,0,0,1.0,18,0,0,18,0,0,18,0,0,industrial,html/dns-shop.ru-run-none4.html,dns-shop.ru-run-none4.html,run-none4,dns-shop.ru,D:\Pet_Codes\science\article-price-tracker\industrial\html\dns-shop.ru-run-none4.html,https://www.dns-shop.ru/search/?q=ps+5&category=17a8978216404e77,https://www.dns-shop.ru/search/?q=ps+5&category=17a8978216404e77,ps 5,,,raw_html,,7933239bf3e50771a27fc36f98717c6dc2b1697cbd445ca104a7bd1c408398c3,7933239bf3e50771a27fc36f98717c6dc2b1697cbd445ca104a7bd1c408398c3,D:\Job_Codes\PriceTracker\services\stealth-renderer\.artifacts\2026-05-05-sr-dns-shop.ru\1778003412933-ji7cw8\page.html,False,2026-05-05-sr-dns-shop.ru\1778003412933-ji7cw8\page.html,html/dns-shop.ru-run-none4.html,application_import,,2026-05-05T17:50:29.667Z,268302,False,True,,,False,,True,,0.0,dind-dns-shop.ru-7933239bf3e50771,product_page_or_listing,https://www.dns-shop.ru/search/?q=ps+5&category=17a8978216404e77,True,stealth_renderer,ps 5,,,7933239bf3e50771a27fc36f98717c6dc2b1697cbd445ca104a7bd1c408398c3,289592,False,dns-shop.ru,https://www.dns-shop.ru/search/?q=ps+5&category=17a8978216404e77,ps 5 - DNS – интернет магазин цифровой и бытовой техники по доступным ценам.,False,dns-shop.ru,run-none4,,,ok,1.5945000000065193,,45.23600000003353,18.0,18.0,18.0,False,,,,ok,False,41.94130000000587,3.2947000000276603,HTML parse + extraction; shared across modes,18,0,0,1.0,0.0,0.0,0,1,0,0,0,1.0,1.0,1.0,1.0,1.0,1.0,1.0,1.0,1.0
20261002T161451Z-d2eb76ee,industrial,original_fast_query,dind-dns-shop.ru-85bc079e6fdf3596,html/dns-shop.ru-run-none5.html,монитор full hd,positive,True,18.0,0.0,0,18,0,0.0,0,0,18,0,0,18,0,0,18,industrial,html/dns-shop.ru-run-none5.html,dns-shop.ru-run-none5.html,run-none5,dns-shop.ru,D:\Pet_Codes\science\article-price-tracker\industrial\html\dns-shop.ru-run-none5.html,https://www.dns-shop.ru/search/?q=%D0%BC%D0%BE%D0%BD%D0%B8%D1%82%D0%BE%D1%80+full+hd,https://www.dns-shop.ru/search/?q=%D0%BC%D0%BE%D0%BD%D0%B8%D1%82%D0%BE%D1%80+full+hd,монитор full hd,,,raw_html,,85bc079e6fdf359672e517831d117968261b8d50757203f01f37cccdfc669af4,85bc079e6fdf359672e517831d117968261b8d50757203f01f37cccdfc669af4,D:\Job_Codes\PriceTracker\services\stealth-renderer\.artifacts\2026-05-05-sr-dns-shop.ru\1778005226884-lxq38q\page.html,False,2026-05-05-sr-dns-shop.ru\1778005226884-lxq38q\page.html,html/dns-shop.ru-run-none5.html,application_import,,2026-05-05T18:20:47.472Z,363657,False,True,,,False,,True,,0.0,dind-dns-shop.ru-85bc079e6fdf3596,product_page_or_listing,https://www.dns-shop.ru/search/?q=%D0%BC%D0%BE%D0%BD%D0%B8%D1%82%D0%BE%D1%80+full+hd,True,stealth_renderer,монитор full hd,,,85bc079e6fdf359672e517831d117968261b8d50757203f01f37cccdfc669af4,389286,False,dns-shop.ru,https://www.dns-shop.ru/search/?q=%D0%BC%D0%BE%D0%BD%D0%B8%D1%82%D0%BE%D1%80+full+hd,"Мониторы купить в интернет-магазине DNS. Мониторы цены, большой каталог, новинки. - страница 1 из 45",False,dns-shop.ru,run-none5,,,ok,1.4653999999864027,,80.727600000042,0.0,0.0,0.0,False,,,,ok,False,77.89120000001276,2.8364000000292435,HTML parse + extraction; shared across modes,18,0,0,,,,0,0,0,1,0,0.0,0.0,0.0,0.0,0.0,0.0,0.0,0.0,0.0
20261002T161451Z-d2eb76ee,industrial,original_fast_query,dind-dns-shop.ru-3febee92cb878873,html/dns-shop.ru-run-none6.html,монитор full hd,positive,True,18.0,0.0,0,18,0,0.0,0,0,18,0,0,18,0,0,18,industrial,html/dns-shop.ru-run-none6.html,dns-shop.ru-run-none6.html,run-none6,dns-shop.ru,D:\Pet_Codes\science\article-price-tracker\industrial\html\dns-shop.ru-run-none6.html,https://www.dns-shop.ru/catalog/17a8943716404e77/monitory/?q=%D0%BC%D0%BE%D0%BD%D0%B8%D1%82%D0%BE%D1%80+full+hd&stock=now-today-tomorrow-later-out_of_stock&order=popular,https://www.dns-shop.ru/catalog/17a8943716404e77/monitory/?q=%D0%BC%D0%BE%D0%BD%D0%B8%D1%82%D0%BE%D1%80+full+hd&stock=now-today-tomorrow-later-out_of_stock&order=popular,монитор full hd,,,raw_html,,3febee92cb8788739831087667a2ab0b4ef3f6493570e9afeb792b0a041f4c90,3febee92cb8788739831087667a2ab0b4ef3f6493570e9afeb792b0a041f4c90,D:\Job_Codes\PriceTracker\services\stealth-renderer\.artifacts\2026-05-05-sr-dns-shop.ru\1778005281499-77tdi7\page.html,False,2026-05-05-sr-dns-shop.ru\1778005281499-77tdi7\page.html,html/dns-shop.ru-run-none6.html,application_import,,2026-05-05T18:21:54.560Z,366296,False,True,,,False,,True,,0.0,dind-dns-shop.ru-3febee92cb878873,product_page_or_listing,https://www.dns-shop.ru/catalog/17a8943716404e77/monitory/?q=%D0%BC%D0%BE%D0%BD%D0%B8%D1%82%D0%BE%D1%80+full+hd&stock=now-today-tomorrow-later-out_of_stock&order=popular,True,stealth_renderer,монитор full hd,,,3febee92cb8788739831087667a2ab0b4ef3f6493570e9afeb792b0a041f4c90,391884,False,dns-shop.ru,https://www.dns-shop.ru/catalog/17a8943716404e77/monitory/?q=%D0%BC%D0%BE%D0%BD%D0%B8%D1%82%D0%BE%D1%80+full+hd&stock=now-today-tomorrow-later-out_of_stock&order=popular,"Мониторы купить в интернет-магазине DNS. Мониторы цены, большой каталог, новинки. - страница 1 из 45",False,dns-shop.ru,run-none6,,,ok,1.3426999999792315,,43.527799999923445,0.0,0.0,0.0,False,,,,ok,False,41.073899999959394,2.453899999964051,HTML parse + extraction; shared across modes,18,0,0,,,,0,0,0,1,0,0.0,0.0,0.0,0.0,0.0,0.0,0.0,0.0,0.0
20261002T161451Z-d2eb76ee,industrial,original_fast_query,dind-dns-shop.ru-b6cad428c103f85e,html/dns-shop.ru-run-none7.html,консоль ps 4,positive,True,4.0,2.0,2,2,0,1.0,2,0,2,2,0,2,2,0,0,industrial,html/dns-shop.ru-run-none7.html,dns-shop.ru-run-none7.html,run-none7,dns-shop.ru,D:\Pet_Codes\science\article-price-tracker\industrial\html\dns-shop.ru-run-none7.html,https://www.dns-shop.ru/search/?q=%D0%BA%D0%BE%D0%BD%D1%81%D0%BE%D0%BB%D1%8C+ps+4&category=17a8978216404e77,https://www.dns-shop.ru/search/?q=%D0%BA%D0%BE%D0%BD%D1%81%D0%BE%D0%BB%D1%8C+ps+4&category=17a8978216404e77,консоль ps 4,,,raw_html,,b6cad428c103f85e3285d9b6d52632173b2b678ab895453b71990d0fc1917b33,b6cad428c103f85e3285d9b6d52632173b2b678ab895453b71990d0fc1917b33,D:\Job_Codes\PriceTracker\services\stealth-renderer\.artifacts\2026-05-05-sr-dns-shop.ru\1778005335213-yaphsw\page.html,False,2026-05-05-sr-dns-shop.ru\1778005335213-yaphsw\page.html,html/dns-shop.ru-run-none7.html,application_import,,2026-05-05T18:22:28.720Z,167988,False,True,,,False,,True,,0.0,dind-dns-shop.ru-b6cad428c103f85e,product_page_or_listing,https://www.dns-shop.ru/search/?q=%D0%BA%D0%BE%D0%BD%D1%81%D0%BE%D0%BB%D1%8C+ps+4&category=17a8978216404e77,True,stealth_renderer,консоль ps 4,,,b6cad428c103f85e3285d9b6d52632173b2b678ab895453b71990d0fc1917b33,186603,False,dns-shop.ru,https://www.dns-shop.ru/search/?q=%D0%BA%D0%BE%D0%BD%D1%81%D0%BE%D0%BB%D1%8C+ps+4&category=17a8978216404e77,консоль ps 4 - DNS – интернет магазин цифровой и бытовой техники по доступным ценам.,False,dns-shop.ru,run-none7,,,ok,0.9005999999935739,,14.967200000071898,2.0,2.0,2.0,False,,,,ok,False,14.541600000055041,0.42560000001685694,HTML parse + extraction; shared across modes,2,2,0,1.0,0.0,0.0,0,1,0,0,0,1.0,0.5,0.6666666666666666,1.0,0.5,0.6666666666666666,1.0,1.0,1.0
20261002T161451Z-d2eb76ee,industrial,original_fast_query,dind-dns-shop.ru-a3790a136022ceb0,html/dns-shop.ru-run-none8.html,консоль ps 4,positive,True,4.0,2.0,2,2,0,1.0,2,0,2,2,0,2,2,0,0,industrial,html/dns-shop.ru-run-none8.html,dns-shop.ru-run-none8.html,run-none8,dns-shop.ru,D:\Pet_Codes\science\article-price-tracker\industrial\html\dns-shop.ru-run-none8.html,https://www.dns-shop.ru/search/?q=%D0%BA%D0%BE%D0%BD%D1%81%D0%BE%D0%BB%D1%8C+ps+4&category=17a8978216404e77,https://www.dns-shop.ru/search/?q=%D0%BA%D0%BE%D0%BD%D1%81%D0%BE%D0%BB%D1%8C+ps+4&category=17a8978216404e77,консоль ps 4,,,raw_html,,a3790a136022ceb0e8cec9fe42ee32459c221ad7b42287172ec7fbebb1ff29d7,a3790a136022ceb0e8cec9fe42ee32459c221ad7b42287172ec7fbebb1ff29d7,D:\Job_Codes\PriceTracker\services\stealth-renderer\.artifacts\2026-05-05-sr-dns-shop.ru\1778005364860-xrmpjm\page.html,False,2026-05-05-sr-dns-shop.ru\1778005364860-xrmpjm\page.html,html/dns-shop.ru-run-none8.html,application_import,,2026-05-05T18:22:58.728Z,165017,False,True,,,False,,True,,0.0,dind-dns-shop.ru-a3790a136022ceb0,product_page_or_listing,https://www.dns-shop.ru/search/?q=%D0%BA%D0%BE%D0%BD%D1%81%D0%BE%D0%BB%D1%8C+ps+4&category=17a8978216404e77,True,stealth_renderer,консоль ps 4,,,a3790a136022ceb0e8cec9fe42ee32459c221ad7b42287172ec7fbebb1ff29d7,183622,False,dns-shop.ru,https://www.dns-shop.ru/search/?q=%D0%BA%D0%BE%D0%BD%D1%81%D0%BE%D0%BB%D1%8C+ps+4&category=17a8978216404e77,консоль ps 4 - DNS – интернет магазин цифровой и бытовой техники по доступным ценам.,False,dns-shop.ru,run-none8,,,ok,0.843700000026729,,30.038299999956507,2.0,2.0,2.0,False,,,,ok,False,29.659299999999348,0.37899999995715916,HTML parse + extraction; shared across modes,2,2,0,1.0,0.0,0.0,0,1,0,0,0,1.0,0.5,0.6666666666666666,1.0,0.5,0.6666666666666666,1.0,1.0,1.0
20261002T161451Z-d2eb76ee,industrial,original_fast_query,dind-dns-shop.ru-28746746c13ce562,html/dns-shop.ru-run-none9.html,гйемпад dualchock 4,positive,True,3.0,0.0,0,3,0,0.0,0,0,3,0,0,3,0,0,2,industrial,html/dns-shop.ru-run-none9.html,dns-shop.ru-run-none9.html,run-none9,dns-shop.ru,D:\Pet_Codes\science\article-price-tracker\industrial\html\dns-shop.ru-run-none9.html,https://www.dns-shop.ru/search/?q=%D0%B3%D0%B9%D0%B5%D0%BC%D0%BF%D0%B0%D0%B4+dualchock+4&category=eeb71609318f51e7,https://www.dns-shop.ru/search/?q=%D0%B3%D0%B9%D0%B5%D0%BC%D0%BF%D0%B0%D0%B4+dualchock+4&category=eeb71609318f51e7,гйемпад dualchock 4,,,raw_html,,28746746c13ce562773ac343dc64c2886b767aadb1451255188875c9962a9d4d,28746746c13ce562773ac343dc64c2886b767aadb1451255188875c9962a9d4d,D:\Job_Codes\PriceTracker\services\stealth-renderer\.artifacts\2026-05-05-sr-dns-shop.ru\1778009251386-uefqaw\page.html,False,2026-05-05-sr-dns-shop.ru\1778009251386-uefqaw\page.html,html/dns-shop.ru-run-none9.html,application_import,,2026-05-05T19:27:51.233Z,162503,False,True,,,False,,True,,0.0,dind-dns-shop.ru-28746746c13ce562,product_page_or_listing,https://www.dns-shop.ru/search/?q=%D0%B3%D0%B9%D0%B5%D0%BC%D0%BF%D0%B0%D0%B4+dualchock+4&category=eeb71609318f51e7,True,stealth_renderer,гйемпад dualchock 4,,,28746746c13ce562773ac343dc64c2886b767aadb1451255188875c9962a9d4d,181477,False,dns-shop.ru,https://www.dns-shop.ru/search/?q=%D0%B3%D0%B9%D0%B5%D0%BC%D0%BF%D0%B0%D0%B4+dualchock+4&category=eeb71609318f51e7,гйемпад dualchock 4 - DNS – интернет магазин цифровой и бытовой техники по доступным ценам.,False,dns-shop.ru,run-none9,,,ok,0.8759999999892898,,13.826199999952223,0.0,0.0,0.0,False,,,,ok,False,13.490099999995437,0.33609999995678663,HTML parse + extraction; shared across modes,2,1,0,,,,0,0,0,1,0,0.0,0.0,0.0,0.0,0.0,0.0,0.0,0.0,0.0
20261002T161451Z-d2eb76ee,industrial,original_fast_query,dind-dns-shop.ru-771d6387f7b3c12b,html/dns-shop.ru-run-none10.html,dualshock 5,positive,True,18.0,0.0,0,18,0,0.0,0,0,18,0,0,18,0,0,18,industrial,html/dns-shop.ru-run-none10.html,dns-shop.ru-run-none10.html,run-none10,dns-shop.ru,D:\Pet_Codes\science\article-price-tracker\industrial\html\dns-shop.ru-run-none10.html,https://www.dns-shop.ru/search/?q=dualshock+5&category=33ddaa5f0e06c3d1,https://www.dns-shop.ru/search/?q=dualshock+5&category=33ddaa5f0e06c3d1,dualshock 5,,,raw_html,,771d6387f7b3c12bbaf0ede51627ee70fb361de8825d1cf711293bb7756eac2d,771d6387f7b3c12bbaf0ede51627ee70fb361de8825d1cf711293bb7756eac2d,D:\Job_Codes\PriceTracker\services\stealth-renderer\.artifacts\2026-05-05-sr-dns-shop.ru\1778009314339-q29hox\page.html,False,2026-05-05-sr-dns-shop.ru\1778009314339-q29hox\page.html,html/dns-shop.ru-run-none10.html,application_import,,2026-05-05T19:28:48.921Z,264328,False,True,,,False,,True,,0.0,dind-dns-shop.ru-771d6387f7b3c12b,product_page_or_listing,https://www.dns-shop.ru/search/?q=dualshock+5&category=33ddaa5f0e06c3d1,True,stealth_renderer,dualshock 5,,,771d6387f7b3c12bbaf0ede51627ee70fb361de8825d1cf711293bb7756eac2d,287872,False,dns-shop.ru,https://www.dns-shop.ru/search/?q=dualshock+5&category=33ddaa5f0e06c3d1,dualshock 5 - DNS – интернет магазин цифровой и бытовой техники по доступным ценам.,False,dns-shop.ru,run-none10,,,ok,1.01310000004014,,31.492199999978766,0.0,0.0,0.0,False,,,,ok,False,28.788000000000466,2.7041999999783,HTML parse + extraction; shared across modes,18,0,0,,,,0,0,0,1,0,0.0,0.0,0.0,0.0,0.0,0.0,0.0,0.0,0.0
20261002T161451Z-d2eb76ee,industrial,original_fast_query,dind-dns-shop.ru-90440791218a97f4,html/dns-shop.ru-run-none11.html,ps 4,positive,True,4.0,2.0,2,2,0,1.0,2,0,2,2,0,2,2,0,0,industrial,html/dns-shop.ru-run-none11.html,dns-shop.ru-run-none11.html,run-none11,dns-shop.ru,D:\Pet_Codes\science\article-price-tracker\industrial\html\dns-shop.ru-run-none11.html,https://www.dns-shop.ru/search/?q=ps+4&category=17a8978216404e77,https://www.dns-shop.ru/search/?q=ps+4&category=17a8978216404e77,ps 4,,,raw_html,,90440791218a97f4b0bf112a7ff5c2162b900c90a80e72edf08cb6d2d68e2e0c,90440791218a97f4b0bf112a7ff5c2162b900c90a80e72edf08cb6d2d68e2e0c,D:\Job_Codes\PriceTracker\services\stealth-renderer\.artifacts\2026-05-05-sr-dns-shop.ru\1778009573204-pkhr0z\page.html,False,2026-05-05-sr-dns-shop.ru\1778009573204-pkhr0z\page.html,html/dns-shop.ru-run-none11.html,application_import,,2026-05-05T19:33:09.365Z,166430,False,True,,,False,,True,,0.0,dind-dns-shop.ru-90440791218a97f4,product_page_or_listing,https://www.dns-shop.ru/search/?q=ps+4&category=17a8978216404e77,True,stealth_renderer,ps 4,,,90440791218a97f4b0bf112a7ff5c2162b900c90a80e72edf08cb6d2d68e2e0c,184919,False,dns-shop.ru,https://www.dns-shop.ru/search/?q=ps+4&category=17a8978216404e77,ps 4 - DNS – интернет магазин цифровой и бытовой техники по доступным ценам.,False,dns-shop.ru,run-none11,,,ok,0.8291000000317581,,14.715699999942444,2.0,2.0,2.0,False,,,,ok,False,14.34429999999702,0.3713999999454245,HTML parse + extraction; shared across modes,2,2,0,1.0,0.0,0.0,0,1,0,0,0,1.0,0.5,0.6666666666666666,1.0,0.5,0.6666666666666666,1.0,1.0,1.0
20261002T161451Z-d2eb76ee,industrial,original_fast_query,dind-dns-shop.ru-92ce0999672a52ef,html/dns-shop.ru-run-none12.html,ps 4 консоль,positive,True,4.0,2.0,2,2,0,1.0,2,0,2,2,0,2,2,0,0,industrial,html/dns-shop.ru-run-none12.html,dns-shop.ru-run-none12.html,run-none12,dns-shop.ru,D:\Pet_Codes\science\article-price-tracker\industrial\html\dns-shop.ru-run-none12.html,https://www.dns-shop.ru/search/?q=ps+4+%D0%BA%D0%BE%D0%BD%D1%81%D0%BE%D0%BB%D1%8C&category=17a8978216404e77,https://www.dns-shop.ru/search/?q=ps+4+%D0%BA%D0%BE%D0%BD%D1%81%D0%BE%D0%BB%D1%8C&category=17a8978216404e77,ps 4 консоль,,,raw_html,,92ce0999672a52ef5091d2f2958267678e177c0b33f6c5bab367411cacecf716,92ce0999672a52ef5091d2f2958267678e177c0b33f6c5bab367411cacecf716,D:\Job_Codes\PriceTracker\services\stealth-renderer\.artifacts\2026-05-05-sr-dns-shop.ru\1778009624556-x22a73\page.html,False,2026-05-05-sr-dns-shop.ru\1778009624556-x22a73\page.html,html/dns-shop.ru-run-none12.html,application_import,,2026-05-05T19:33:59.484Z,165829,False,True,,,False,,True,,0.0,dind-dns-shop.ru-92ce0999672a52ef,product_page_or_listing,https://www.dns-shop.ru/search/?q=ps+4+%D0%BA%D0%BE%D0%BD%D1%81%D0%BE%D0%BB%D1%8C&category=17a8978216404e77,True,stealth_renderer,ps 4 консоль,,,92ce0999672a52ef5091d2f2958267678e177c0b33f6c5bab367411cacecf716,184487,False,dns-shop.ru,https://www.dns-shop.ru/search/?q=ps+4+%D0%BA%D0%BE%D0%BD%D1%81%D0%BE%D0%BB%D1%8C&category=17a8978216404e77,ps 4 консоль - DNS – интернет магазин цифровой и бытовой техники по доступным ценам.,False,dns-shop.ru,run-none12,,,ok,0.8277000000234693,,15.088799999968614,2.0,2.0,2.0,False,,,,ok,False,14.679899999988265,0.4088999999803491,HTML parse + extraction; shared across modes,2,2,0,1.0,0.0,0.0,0,1,0,0,0,1.0,0.5,0.6666666666666666,1.0,0.5,0.6666666666666666,1.0,1.0,1.0
20261002T161451Z-d2eb76ee,industrial,original_fast_query,dind-dns-shop.ru-af963fbfbb118c6f,html/dns-shop.ru-run-none13.html,nintendo switch 2,positive,True,2.0,2.0,2,0,0,1.0,2,0,0,2,0,0,2,0,0,industrial,html/dns-shop.ru-run-none13.html,dns-shop.ru-run-none13.html,run-none13,dns-shop.ru,D:\Pet_Codes\science\article-price-tracker\industrial\html\dns-shop.ru-run-none13.html,https://www.dns-shop.ru/search/?q=nintendo+switch+2&category=17a893cd16404e77,https://www.dns-shop.ru/search/?q=nintendo+switch+2&category=17a893cd16404e77,nintendo switch 2,,,raw_html,,af963fbfbb118c6f5a1df2f0026af10ed41366e6eef8ed0ce6cee78fadd37c87,af963fbfbb118c6f5a1df2f0026af10ed41366e6eef8ed0ce6cee78fadd37c87,D:\Job_Codes\PriceTracker\services\stealth-renderer\.artifacts\2026-05-05-sr-dns-shop.ru\1778010272600-pjudfl\page.html,False,2026-05-05-sr-dns-shop.ru\1778010272600-pjudfl\page.html,html/dns-shop.ru-run-none13.html,application_import,,2026-05-05T19:44:47.870Z,161291,False,True,,,False,,True,,0.0,dind-dns-shop.ru-af963fbfbb118c6f,product_page_or_listing,https://www.dns-shop.ru/search/?q=nintendo+switch+2&category=17a893cd16404e77,True,stealth_renderer,nintendo switch 2,,,af963fbfbb118c6f5a1df2f0026af10ed41366e6eef8ed0ce6cee78fadd37c87,179792,False,dns-shop.ru,https://www.dns-shop.ru/search/?q=nintendo+switch+2&category=17a893cd16404e77,nintendo switch 2 - DNS – интернет магазин цифровой и бытовой техники по доступным ценам.,False,dns-shop.ru,run-none13,,,ok,0.8469000000040978,,32.57640000001993,2.0,2.0,2.0,False,,,,ok,False,32.28260000003502,0.2937999999849126,HTML parse + extraction; shared across modes,2,0,0,1.0,0.0,0.0,0,1,0,0,0,1.0,1.0,1.0,1.0,1.0,1.0,1.0,1.0,1.0
20261002T161451Z-d2eb76ee,industrial,original_fast_query,dind-dns-shop.ru-fdefdf05ba85008a,html/dns-shop.ru-run-none14.html,ноутбук,positive,True,18.0,4.0,4,14,0,1.0,4,0,14,4,0,14,0,4,0,industrial,html/dns-shop.ru-run-none14.html,dns-shop.ru-run-none14.html,run-none14,dns-shop.ru,D:\Pet_Codes\science\article-price-tracker\industrial\html\dns-shop.ru-run-none14.html,https://www.dns-shop.ru/search/?q=%D0%BD%D0%BE%D1%83%D1%82%D0%B1%D1%83%D0%BA&category=17a892f816404e77,https://www.dns-shop.ru/search/?q=%D0%BD%D0%BE%D1%83%D1%82%D0%B1%D1%83%D0%BA&category=17a892f816404e77,ноутбук,,,raw_html,,fdefdf05ba85008aace956b6edd322315abab10371504f786f100883b7389e91,fdefdf05ba85008aace956b6edd322315abab10371504f786f100883b7389e91,D:\Job_Codes\PriceTracker\services\stealth-renderer\.artifacts\2026-05-07-sr-dns-shop.ru\1778131299596-6zwsee\page.html,False,2026-05-07-sr-dns-shop.ru\1778131299596-6zwsee\page.html,html/dns-shop.ru-run-none14.html,application_import,,2026-05-07T05:21:58.913Z,237906,False,True,,,False,,True,,0.0,dind-dns-shop.ru-fdefdf05ba85008a,product_page_or_listing,https://www.dns-shop.ru/search/?q=%D0%BD%D0%BE%D1%83%D1%82%D0%B1%D1%83%D0%BA&category=17a892f816404e77,True,stealth_renderer,ноутбук,,,fdefdf05ba85008aace956b6edd322315abab10371504f786f100883b7389e91,257378,False,dns-shop.ru,https://www.dns-shop.ru/search/?q=%D0%BD%D0%BE%D1%83%D1%82%D0%B1%D1%83%D0%BA&category=17a892f816404e77,ноутбук - DNS – интернет магазин цифровой и бытовой техники по доступным ценам.,False,dns-shop.ru,run-none14,,,ok,1.146100000012666,,8646.96359999996,4.0,4.0,4.0,False,,,,ok,False,8646.372499999998,0.5910999999614432,HTML parse + extraction; shared across modes,0,18,0,1.0,,,4,1,0,0,0,1.0,0.2222222222222222,0.3636363636363636,1.0,0.2222222222222222,0.3636363636363636,0.0,0.0,0.0
20261002T161451Z-d2eb76ee,industrial,original_fast_query,dind-dns-shop.ru-4a4e14f05378d4a5,html/dns-shop.ru-run-none15.html,ноутбук 16 gb ram,positive,True,7.0,0.0,0,7,0,0.0,0,0,7,0,0,7,0,0,0,industrial,html/dns-shop.ru-run-none15.html,dns-shop.ru-run-none15.html,run-none15,dns-shop.ru,D:\Pet_Codes\science\article-price-tracker\industrial\html\dns-shop.ru-run-none15.html,https://www.dns-shop.ru/catalog/17a9b91b16404e77/operativnaa-pamat-so-dimm/?q=%D0%BD%D0%BE%D1%83%D1%82%D0%B1%D1%83%D0%BA+16+gb+ram&stock=now-today-tomorrow-later-out_of_stock&order=popular,https://www.dns-shop.ru/catalog/17a9b91b16404e77/operativnaa-pamat-so-dimm/?q=%D0%BD%D0%BE%D1%83%D1%82%D0%B1%D1%83%D0%BA+16+gb+ram&stock=now-today-tomorrow-later-out_of_stock&order=popular,ноутбук 16 gb ram,,,raw_html,,4a4e14f05378d4a5f27b3e9921e000c950fcd2395460d41ae4b64c432b7361ef,4a4e14f05378d4a5f27b3e9921e000c950fcd2395460d41ae4b64c432b7361ef,D:\Job_Codes\PriceTracker\services\stealth-renderer\.artifacts\2026-05-07-sr-dns-shop.ru\1778147948923-bfs0w1\page.html,False,2026-05-07-sr-dns-shop.ru\1778147948923-bfs0w1\page.html,html/dns-shop.ru-run-none15.html,application_import,,2026-05-07T09:59:48.187Z,133336,False,True,,,False,,True,,0.0,dind-dns-shop.ru-4a4e14f05378d4a5,product_page_or_listing,https://www.dns-shop.ru/catalog/17a9b91b16404e77/operativnaa-pamat-so-dimm/?q=%D0%BD%D0%BE%D1%83%D1%82%D0%B1%D1%83%D0%BA+16+gb+ram&stock=now-today-tomorrow-later-out_of_stock&order=popular,True,stealth_renderer,ноутбук 16 gb ram,,,4a4e14f05378d4a5f27b3e9921e000c950fcd2395460d41ae4b64c432b7361ef,150842,False,dns-shop.ru,https://www.dns-shop.ru/catalog/17a9b91b16404e77/operativnaa-pamat-so-dimm/?q=%D0%BD%D0%BE%D1%83%D1%82%D0%B1%D1%83%D0%BA+16+gb+ram&stock=now-today-tomorrow-later-out_of_stock&order=popular,"Оперативная память SO-DIMM купить в интернет-магазине DNS. Оперативная память SO-DIMM цены, большой каталог, новинки. - страница 1 из 1",False,dns-shop.ru,run-none15,,,ok,13.541100000031292,,2714.2528000000166,0.0,0.0,0.0,False,,,,ok,False,2713.9237999999896,0.32900000002700835,HTML parse + extraction; shared across modes,0,7,0,,,,0,0,0,1,0,0.0,0.0,0.0,0.0,0.0,0.0,0.0,0.0,0.0
20261002T161451Z-d2eb76ee,industrial,original_fast_query,dind-dns-shop.ru-564876217320f967,html/dns-shop.ru-run-none16.html,ноутбук 16 gb ram,positive,True,7.0,0.0,0,7,0,0.0,0,0,7,0,0,7,0,0,0,industrial,html/dns-shop.ru-run-none16.html,dns-shop.ru-run-none16.html,run-none16,dns-shop.ru,D:\Pet_Codes\science\article-price-tracker\industrial\html\dns-shop.ru-run-none16.html,https://www.dns-shop.ru/catalog/17a9b91b16404e77/operativnaa-pamat-so-dimm/?q=%D0%BD%D0%BE%D1%83%D1%82%D0%B1%D1%83%D0%BA+16+gb+ram&stock=now-today-tomorrow-later-out_of_stock&order=popular,https://www.dns-shop.ru/catalog/17a9b91b16404e77/operativnaa-pamat-so-dimm/?q=%D0%BD%D0%BE%D1%83%D1%82%D0%B1%D1%83%D0%BA+16+gb+ram&stock=now-today-tomorrow-later-out_of_stock&order=popular,ноутбук 16 gb ram,,,raw_html,,564876217320f96741ab5faa5b6f1b00b00de568cddd433c6b5aefd207c5ab8b,564876217320f96741ab5faa5b6f1b00b00de568cddd433c6b5aefd207c5ab8b,D:\Job_Codes\PriceTracker\services\stealth-renderer\.artifacts\2026-05-07-sr-dns-shop.ru\1778148111679-852tzl\page.html,False,2026-05-07-sr-dns-shop.ru\1778148111679-852tzl\page.html,html/dns-shop.ru-run-none16.html,application_import,,2026-05-07T10:02:10.424Z,67001,False,True,,,False,,True,,0.0,dind-dns-shop.ru-564876217320f967,product_page_or_listing,https://www.dns-shop.ru/catalog/17a9b91b16404e77/operativnaa-pamat-so-dimm/?q=%D0%BD%D0%BE%D1%83%D1%82%D0%B1%D1%83%D0%BA+16+gb+ram&stock=now-today-tomorrow-later-out_of_stock&order=popular,True,stealth_renderer,ноутбук 16 gb ram,,,564876217320f96741ab5faa5b6f1b00b00de568cddd433c6b5aefd207c5ab8b,74946,False,dns-shop.ru,https://www.dns-shop.ru/catalog/17a9b91b16404e77/operativnaa-pamat-so-dimm/?q=%D0%BD%D0%BE%D1%83%D1%82%D0%B1%D1%83%D0%BA+16+gb+ram&stock=now-today-tomorrow-later-out_of_stock&order=popular,"Оперативная память SO-DIMM купить в интернет-магазине DNS. Оперативная память SO-DIMM цены, большой каталог, новинки. - страница 1 из 1",False,dns-shop.ru,run-none16,,,ok,12.956899999990128,,1634.9382999999798,0.0,0.0,0.0,False,,,,empty,False,1634.843200000003,0.09509999997681007,HTML parse + extraction; shared across modes,0,7,0,,,,0,0,0,1,0,0.0,0.0,0.0,0.0,0.0,0.0,0.0,0.0,0.0
20261002T161451Z-d2eb76ee,industrial,original_fast_query,dind-dns-shop.ru-46ebef5666c10c8e,html/dns-shop.ru-run-none17.html,ps 5,positive,True,18.0,18.0,18,0,0,1.0,18,0,0,18,0,0,18,0,0,industrial,html/dns-shop.ru-run-none17.html,dns-shop.ru-run-none17.html,run-none17,dns-shop.ru,D:\Pet_Codes\science\article-price-tracker\industrial\html\dns-shop.ru-run-none17.html,https://www.dns-shop.ru/search/?q=ps+5&category=17a8978216404e77,https://www.dns-shop.ru/search/?q=ps+5&category=17a8978216404e77,ps 5,,,raw_html,,46ebef5666c10c8e6cafdf4c4cab0308610c9d558368ee20971974636e5614fd,46ebef5666c10c8e6cafdf4c4cab0308610c9d558368ee20971974636e5614fd,D:\Job_Codes\PriceTracker\services\stealth-renderer\.artifacts\2026-05-11-sr-dns-shop.ru\1778512022635-0cu5qa\page.html,False,2026-05-11-sr-dns-shop.ru\1778512022635-0cu5qa\page.html,html/dns-shop.ru-run-none17.html,application_import,,2026-05-11T15:07:20.655Z,269719,False,True,,,False,,True,,0.0,dind-dns-shop.ru-46ebef5666c10c8e,product_page_or_listing,https://www.dns-shop.ru/search/?q=ps+5&category=17a8978216404e77,True,stealth_renderer,ps 5,,,46ebef5666c10c8e6cafdf4c4cab0308610c9d558368ee20971974636e5614fd,291275,False,dns-shop.ru,https://www.dns-shop.ru/search/?q=ps+5&category=17a8978216404e77,ps 5 - DNS – интернет магазин цифровой и бытовой техники по доступным ценам.,False,dns-shop.ru,run-none17,,,ok,1.3372000000090338,,32.551200000045355,18.0,18.0,18.0,False,,,,ok,False,30.369000000006054,2.182200000039302,HTML parse + extraction; shared across modes,18,0,0,1.0,0.0,0.0,0,1,0,0,0,1.0,1.0,1.0,1.0,1.0,1.0,1.0,1.0,1.0
20261002T161451Z-d2eb76ee,industrial,original_fast_query,dind-dns-shop.ru-3f4da6582900a525,html/dns-shop.ru-run-none18.html,дрель безударная,positive,True,18.0,18.0,18,0,0,1.0,18,0,0,18,0,0,18,0,0,industrial,html/dns-shop.ru-run-none18.html,dns-shop.ru-run-none18.html,run-none18,dns-shop.ru,D:\Pet_Codes\science\article-price-tracker\industrial\html\dns-shop.ru-run-none18.html,https://www.dns-shop.ru/search/?q=%D0%B4%D1%80%D0%B5%D0%BB%D1%8C+%D0%B1%D0%B5%D0%B7%D1%83%D0%B4%D0%B0%D1%80%D0%BD%D0%B0%D1%8F&category=17a9c58016404e77,https://www.dns-shop.ru/search/?q=%D0%B4%D1%80%D0%B5%D0%BB%D1%8C+%D0%B1%D0%B5%D0%B7%D1%83%D0%B4%D0%B0%D1%80%D0%BD%D0%B0%D1%8F&category=17a9c58016404e77,дрель безударная,,,raw_html,,3f4da6582900a5252b082589e0f8e46c7d34bb12136c809674d00b97f71016c7,3f4da6582900a5252b082589e0f8e46c7d34bb12136c809674d00b97f71016c7,D:\Job_Codes\PriceTracker\services\stealth-renderer\.artifacts\2026-05-11-sr-dns-shop.ru\1778512074139-jpf3nl\page.html,False,2026-05-11-sr-dns-shop.ru\1778512074139-jpf3nl\page.html,html/dns-shop.ru-run-none18.html,application_import,,2026-05-11T15:08:05.501Z,269909,False,True,,,False,,True,,0.0,dind-dns-shop.ru-3f4da6582900a525,product_page_or_listing,https://www.dns-shop.ru/search/?q=%D0%B4%D1%80%D0%B5%D0%BB%D1%8C+%D0%B1%D0%B5%D0%B7%D1%83%D0%B4%D0%B0%D1%80%D0%BD%D0%B0%D1%8F&category=17a9c58016404e77,True,stealth_renderer,дрель безударная,,,3f4da6582900a5252b082589e0f8e46c7d34bb12136c809674d00b97f71016c7,291906,False,dns-shop.ru,https://www.dns-shop.ru/search/?q=%D0%B4%D1%80%D0%B5%D0%BB%D1%8C+%D0%B1%D0%B5%D0%B7%D1%83%D0%B4%D0%B0%D1%80%D0%BD%D0%B0%D1%8F&category=17a9c58016404e77,дрель безударная - DNS – интернет магазин цифровой и бытовой техники по доступным ценам.,False,dns-shop.ru,run-none18,,,ok,1.1319999999832362,,40.448999999964144,18.0,18.0,18.0,False,,,,ok,False,38.1079000000027,2.3410999999614432,HTML parse + extraction; shared across modes,18,0,0,1.0,0.0,0.0,0,1,0,0,0,1.0,1.0,1.0,1.0,1.0,1.0,1.0,1.0,1.0
20261002T161451Z-d2eb76ee,industrial,original_fast_query,dind-dns-shop.ru-4d693e109b55f82a,html/dns-shop.ru-run-none19.html,дрель,positive,True,18.0,18.0,18,0,0,1.0,18,0,0,18,0,0,18,0,0,industrial,html/dns-shop.ru-run-none19.html,dns-shop.ru-run-none19.html,run-none19,dns-shop.ru,D:\Pet_Codes\science\article-price-tracker\industrial\html\dns-shop.ru-run-none19.html,https://www.dns-shop.ru/search/?q=%D0%B4%D1%80%D0%B5%D0%BB%D1%8C&category=17a9c58016404e77,https://www.dns-shop.ru/search/?q=%D0%B4%D1%80%D0%B5%D0%BB%D1%8C&category=17a9c58016404e77,дрель,,,raw_html,,4d693e109b55f82ac1e65bddce5bfa8a03763a40723a2877e1b075424d1ad431,4d693e109b55f82ac1e65bddce5bfa8a03763a40723a2877e1b075424d1ad431,D:\Job_Codes\PriceTracker\services\stealth-renderer\.artifacts\2026-05-11-sr-dns-shop.ru\1778512107730-5ka8j8\page.html,False,2026-05-11-sr-dns-shop.ru\1778512107730-5ka8j8\page.html,html/dns-shop.ru-run-none19.html,application_import,,2026-05-11T15:08:43.897Z,278184,False,True,,,False,,True,,0.0,dind-dns-shop.ru-4d693e109b55f82a,product_page_or_listing,https://www.dns-shop.ru/search/?q=%D0%B4%D1%80%D0%B5%D0%BB%D1%8C&category=17a9c58016404e77,True,stealth_renderer,дрель,,,4d693e109b55f82ac1e65bddce5bfa8a03763a40723a2877e1b075424d1ad431,300501,False,dns-shop.ru,https://www.dns-shop.ru/search/?q=%D0%B4%D1%80%D0%B5%D0%BB%D1%8C&category=17a9c58016404e77,дрель - DNS – интернет магазин цифровой и бытовой техники по доступным ценам.,False,dns-shop.ru,run-none19,,,ok,1.3373000000137836,,33.52960000000894,18.0,18.0,18.0,False,,,,ok,False,31.036399999982677,2.4932000000262633,HTML parse + extraction; shared across modes,18,0,0,1.0,0.0,0.0,0,1,0,0,0,1.0,1.0,1.0,1.0,1.0,1.0,1.0,1.0,1.0
20261002T161451Z-d2eb76ee,industrial,original_fast_query,dind-dns-shop.ru-ecbe705fe138bbfc,html/dns-shop.ru-run-none20.html,playstation 5 slim,positive,True,18.0,18.0,18,0,0,1.0,18,0,0,18,0,0,18,0,0,industrial,html/dns-shop.ru-run-none20.html,dns-shop.ru-run-none20.html,run-none20,dns-shop.ru,D:\Pet_Codes\science\article-price-tracker\industrial\html\dns-shop.ru-run-none20.html,https://www.dns-shop.ru/search/?q=playstation+5+slim&category=17a8978216404e77,https://www.dns-shop.ru/search/?q=playstation+5+slim&category=17a8978216404e77,playstation 5 slim,,,raw_html,,ecbe705fe138bbfc0c89fe504756366ab69f0e0b0e8f47dac84782baaa6f6fd1,ecbe705fe138bbfc0c89fe504756366ab69f0e0b0e8f47dac84782baaa6f6fd1,D:\Job_Codes\PriceTracker\services\stealth-renderer\.artifacts\2026-05-12-sr-dns-shop.ru\1778572228892-i0iltx\page.html,False,2026-05-12-sr-dns-shop.ru\1778572228892-i0iltx\page.html,html/dns-shop.ru-run-none20.html,application_import,,2026-05-12T07:50:42.845Z,266548,False,True,,,False,,True,,0.0,dind-dns-shop.ru-ecbe705fe138bbfc,product_page_or_listing,https://www.dns-shop.ru/search/?q=playstation+5+slim&category=17a8978216404e77,True,stealth_renderer,playstation 5 slim,,,ecbe705fe138bbfc0c89fe504756366ab69f0e0b0e8f47dac84782baaa6f6fd1,287944,False,dns-shop.ru,https://www.dns-shop.ru/search/?q=playstation+5+slim&category=17a8978216404e77,playstation 5 slim - DNS – интернет магазин цифровой и бытовой техники по доступным ценам.,False,dns-shop.ru,run-none20,,,ok,1.1132999999681488,,32.45299999997951,18.0,18.0,18.0,False,,,,ok,False,30.230600000009872,2.222399999969639,HTML parse + extraction; shared across modes,18,0,0,1.0,0.0,0.0,0,1,0,0,0,1.0,1.0,1.0,1.0,1.0,1.0,1.0,1.0,1.0
20261002T161451Z-d2eb76ee,industrial,original_fast_query,dind-dns-shop.ru-8115aee7bc53974a,html/dns-shop.ru-run-none21.html,,positive,True,18.0,18.0,18,0,0,1.0,18,0,0,18,0,0,18,0,0,industrial,html/dns-shop.ru-run-none21.html,dns-shop.ru-run-none21.html,run-none21,dns-shop.ru,D:\Pet_Codes\science\article-price-tracker\industrial\html\dns-shop.ru-run-none21.html,https://www.dns-shop.ru/catalog/17a9c6ec16404e77/surupoverty-dreli-surupoverty/?stock=now-today-tomorrow-later-out_of_stock&order=popular,https://www.dns-shop.ru/catalog/17a9c6ec16404e77/surupoverty-dreli-surupoverty/?stock=now-today-tomorrow-later-out_of_stock&order=popular,,,,raw_html,,8115aee7bc53974ad60fc20de57174ad8b4c76efb21ec29092ac84247a94e014,8115aee7bc53974ad60fc20de57174ad8b4c76efb21ec29092ac84247a94e014,D:\Job_Codes\PriceTracker\services\stealth-renderer\.artifacts\2026-05-12-sr-dns-shop.ru\1778579549482-knktqg\page.html,False,2026-05-12-sr-dns-shop.ru\1778579549482-knktqg\page.html,html/dns-shop.ru-run-none21.html,application_import,,2026-05-12T09:52:46.126Z,338180,False,True,,,False,,True,,0.0,dind-dns-shop.ru-8115aee7bc53974a,product_page_or_listing,https://www.dns-shop.ru/catalog/17a9c6ec16404e77/surupoverty-dreli-surupoverty/?stock=now-today-tomorrow-later-out_of_stock&order=popular,True,stealth_renderer,,,,8115aee7bc53974ad60fc20de57174ad8b4c76efb21ec29092ac84247a94e014,365516,False,dns-shop.ru,https://www.dns-shop.ru/catalog/17a9c6ec16404e77/surupoverty-dreli-surupoverty/?stock=now-today-tomorrow-later-out_of_stock&order=popular,"Шуруповерты, дрели-шуруповерты купить в интернет-магазине DNS. Шуруповерты, дрели-шуруповерты цены, большой каталог, новинки. - страница 1 из 51",False,dns-shop.ru,run-none21,,,ok,1.347200000018347,,48.35629999998491,18.0,18.0,18.0,False,,,,ok,False,48.351800000004005,0.004499999980907887,HTML parse + extraction; shared across modes,18,0,0,1.0,0.0,0.0,0,1,0,0,0,1.0,1.0,1.0,1.0,1.0,1.0,1.0,1.0,1.0
20261002T161451Z-d2eb76ee,industrial,original_fast_query,dind-dns-shop.ru-33bd96f05cc76522,html/dns-shop.ru-run-none22.html,смартфон honor,positive,True,18.0,18.0,18,0,0,1.0,18,0,0,18,0,0,18,0,0,industrial,html/dns-shop.ru-run-none22.html,dns-shop.ru-run-none22.html,run-none22,dns-shop.ru,D:\Pet_Codes\science\article-price-tracker\industrial\html\dns-shop.ru-run-none22.html,https://www.dns-shop.ru/search/?q=%D1%81%D0%BC%D0%B0%D1%80%D1%82%D1%84%D0%BE%D0%BD+honor&category=17a8a01d16404e77,https://www.dns-shop.ru/search/?q=%D1%81%D0%BC%D0%B0%D1%80%D1%82%D1%84%D0%BE%D0%BD+honor&category=17a8a01d16404e77,смартфон honor,,,raw_html,,33bd96f05cc765220f03f070649fc85e204f353d479f8710fbbf1c8fd4ce55f8,33bd96f05cc765220f03f070649fc85e204f353d479f8710fbbf1c8fd4ce55f8,D:\Job_Codes\PriceTracker\services\stealth-renderer\.artifacts\2026-05-12-sr-dns-shop.ru\1778587565031-nak600\page.html,False,2026-05-12-sr-dns-shop.ru\1778587565031-nak600\page.html,html/dns-shop.ru-run-none22.html,application_import,,2026-05-12T12:06:34.820Z,269187,False,True,,,False,,True,,0.0,dind-dns-shop.ru-33bd96f05cc76522,product_page_or_listing,https://www.dns-shop.ru/search/?q=%D1%81%D0%BC%D0%B0%D1%80%D1%82%D1%84%D0%BE%D0%BD+honor&category=17a8a01d16404e77,True,stealth_renderer,смартфон honor,,,33bd96f05cc765220f03f070649fc85e204f353d479f8710fbbf1c8fd4ce55f8,291025,False,dns-shop.ru,https://www.dns-shop.ru/search/?q=%D1%81%D0%BC%D0%B0%D1%80%D1%82%D1%84%D0%BE%D0%BD+honor&category=17a8a01d16404e77,смартфон honor - DNS – интернет магазин цифровой и бытовой техники по доступным ценам.,False,dns-shop.ru,run-none22,,,ok,1.392200000002049,,33.33750000002328,18.0,18.0,18.0,False,,,,ok,False,30.243000000016764,3.0945000000065193,HTML parse + extraction; shared across modes,18,0,0,1.0,0.0,0.0,0,1,0,0,0,1.0,1.0,1.0,1.0,1.0,1.0,1.0,1.0,1.0
20261002T161451Z-d2eb76ee,industrial,original_fast_query,dind-dns-shop.ru-fb02082707bf4363,html/dns-shop.ru-run-none23.html,ps 5,positive,True,18.0,18.0,18,0,0,1.0,18,0,0,18,0,0,18,0,0,industrial,html/dns-shop.ru-run-none23.html,dns-shop.ru-run-none23.html,run-none23,dns-shop.ru,D:\Pet_Codes\science\article-price-tracker\industrial\html\dns-shop.ru-run-none23.html,https://www.dns-shop.ru/search/?q=ps+5,https://www.dns-shop.ru/search/?q=ps+5,ps 5,,,raw_html,,fb02082707bf4363dca508a64afe0d7685f7e962cc7dd6b9750b2fd93200a5ee,fb02082707bf4363dca508a64afe0d7685f7e962cc7dd6b9750b2fd93200a5ee,D:\Job_Codes\PriceTracker\services\stealth-renderer\.artifacts\2026-05-15-sr-dns-shop.ru\1778880309033-dofzd6\page.html,False,2026-05-15-sr-dns-shop.ru\1778880309033-dofzd6\page.html,html/dns-shop.ru-run-none23.html,application_import,,2026-05-15T21:25:34.057Z,271677,False,True,,,False,,True,,0.0,dind-dns-shop.ru-fb02082707bf4363,product_page_or_listing,https://www.dns-shop.ru/search/?q=ps+5,True,stealth_renderer,ps 5,,,fb02082707bf4363dca508a64afe0d7685f7e962cc7dd6b9750b2fd93200a5ee,293393,False,dns-shop.ru,https://www.dns-shop.ru/search/?q=ps+5,ps 5 - DNS – интернет магазин цифровой и бытовой техники по доступным ценам.,False,dns-shop.ru,run-none23,,,ok,1.3721000000368804,,33.03629999997793,18.0,18.0,18.0,False,,,,ok,False,30.67469999997411,2.3616000000038184,HTML parse + extraction; shared across modes,18,0,0,1.0,0.0,0.0,0,1,0,0,0,1.0,1.0,1.0,1.0,1.0,1.0,1.0,1.0,1.0
20261002T161451Z-d2eb76ee,industrial,original_fast_query,dind-dns-shop.ru-b7113a7a9f8e538f,html/dns-shop.ru-run-none24.html,ps 5,positive,True,18.0,18.0,18,0,0,1.0,18,0,0,18,0,0,18,0,0,industrial,html/dns-shop.ru-run-none24.html,dns-shop.ru-run-none24.html,run-none24,dns-shop.ru,D:\Pet_Codes\science\article-price-tracker\industrial\html\dns-shop.ru-run-none24.html,https://www.dns-shop.ru/search/?q=ps+5&category=17a8978216404e77,https://www.dns-shop.ru/search/?q=ps+5&category=17a8978216404e77,ps 5,,,raw_html,,b7113a7a9f8e538f0403b8a0303dddcc091b1a7e9d668e6871cb241d7f764f69,b7113a7a9f8e538f0403b8a0303dddcc091b1a7e9d668e6871cb241d7f764f69,D:\Job_Codes\PriceTracker\services\stealth-renderer\.artifacts\2026-05-15-sr-dns-shop.ru\1778884953795-hw3u0w\page.html,False,2026-05-15-sr-dns-shop.ru\1778884953795-hw3u0w\page.html,html/dns-shop.ru-run-none24.html,application_import,,2026-05-15T22:42:54.394Z,270257,False,True,,,False,,True,,0.0,dind-dns-shop.ru-b7113a7a9f8e538f,product_page_or_listing,https://www.dns-shop.ru/search/?q=ps+5&category=17a8978216404e77,True,stealth_renderer,ps 5,,,b7113a7a9f8e538f0403b8a0303dddcc091b1a7e9d668e6871cb241d7f764f69,291882,False,dns-shop.ru,https://www.dns-shop.ru/search/?q=ps+5&category=17a8978216404e77,ps 5 - DNS – интернет магазин цифровой и бытовой техники по доступным ценам.,False,dns-shop.ru,run-none24,,,ok,1.338400000007823,,58.57439999998314,18.0,18.0,18.0,False,,,,ok,False,56.39399999997113,2.180400000012014,HTML parse + extraction; shared across modes,18,0,0,1.0,0.0,0.0,0,1,0,0,0,1.0,1.0,1.0,1.0,1.0,1.0,1.0,1.0,1.0
20261002T161451Z-d2eb76ee,industrial,original_fast_query,dind-dns-shop.ru-996bc94411949f8b,html/dns-shop.ru-run-none25.html,ps 5,positive,True,18.0,18.0,18,0,0,1.0,18,0,0,18,0,0,18,0,0,industrial,html/dns-shop.ru-run-none25.html,dns-shop.ru-run-none25.html,run-none25,dns-shop.ru,D:\Pet_Codes\science\article-price-tracker\industrial\html\dns-shop.ru-run-none25.html,https://www.dns-shop.ru/search/?q=ps+5&category=17a8978216404e77,https://www.dns-shop.ru/search/?q=ps+5&category=17a8978216404e77,ps 5,,,raw_html,,996bc94411949f8b7266eeec04253ab3b2072df3636f17faefa8314148620cd8,996bc94411949f8b7266eeec04253ab3b2072df3636f17faefa8314148620cd8,D:\Job_Codes\PriceTracker\services\stealth-renderer\.artifacts\2026-05-16-sr-dns-shop.ru\1778929052138-rla05b\page.html,False,2026-05-16-sr-dns-shop.ru\1778929052138-rla05b\page.html,html/dns-shop.ru-run-none25.html,application_import,,2026-05-16T10:57:48.708Z,276525,False,True,,,False,,True,,0.0,dind-dns-shop.ru-996bc94411949f8b,product_page_or_listing,https://www.dns-shop.ru/search/?q=ps+5&category=17a8978216404e77,True,stealth_renderer,ps 5,,,996bc94411949f8b7266eeec04253ab3b2072df3636f17faefa8314148620cd8,298420,False,dns-shop.ru,https://www.dns-shop.ru/search/?q=ps+5&category=17a8978216404e77,ps 5 - DNS – интернет магазин цифровой и бытовой техники по доступным ценам.,False,dns-shop.ru,run-none25,,,ok,1.332300000009127,,31.92839999991702,18.0,18.0,18.0,False,,,,ok,False,29.76869999995688,2.1596999999601394,HTML parse + extraction; shared across modes,18,0,0,1.0,0.0,0.0,0,1,0,0,0,1.0,1.0,1.0,1.0,1.0,1.0,1.0,1.0,1.0
20261002T161451Z-d2eb76ee,industrial,original_fast_query,dind-dns-shop.ru-aa82f882645785f9,html/dns-shop.ru-run-none26.html,dualshock 5,positive,True,18.0,0.0,0,18,0,0.0,0,0,18,0,0,18,0,0,18,industrial,html/dns-shop.ru-run-none26.html,dns-shop.ru-run-none26.html,run-none26,dns-shop.ru,D:\Pet_Codes\science\article-price-tracker\industrial\html\dns-shop.ru-run-none26.html,https://www.dns-shop.ru/search/?q=dualshock+5&category=33ddaa5f0e06c3d1,https://www.dns-shop.ru/search/?q=dualshock+5&category=33ddaa5f0e06c3d1,dualshock 5,,,raw_html,,aa82f882645785f9d930796e00a8f2b567205cc87d84e4c685dffc81db58d10b,aa82f882645785f9d930796e00a8f2b567205cc87d84e4c685dffc81db58d10b,D:\Job_Codes\PriceTracker\services\stealth-renderer\.artifacts\2026-05-16-sr-dns-shop.ru\1778931003893-cjul4g\page.html,False,2026-05-16-sr-dns-shop.ru\1778931003893-cjul4g\page.html,html/dns-shop.ru-run-none26.html,application_import,,2026-05-16T11:30:19.120Z,264682,False,True,,,False,,True,,0.0,dind-dns-shop.ru-aa82f882645785f9,product_page_or_listing,https://www.dns-shop.ru/search/?q=dualshock+5&category=33ddaa5f0e06c3d1,True,stealth_renderer,dualshock 5,,,aa82f882645785f9d930796e00a8f2b567205cc87d84e4c685dffc81db58d10b,288491,False,dns-shop.ru,https://www.dns-shop.ru/search/?q=dualshock+5&category=33ddaa5f0e06c3d1,dualshock 5 - DNS – интернет магазин цифровой и бытовой техники по доступным ценам.,False,dns-shop.ru,run-none26,,,ok,1.0250999999698251,,31.920499999949243,0.0,0.0,0.0,False,,,,ok,False,29.076199999952223,2.8442999999970198,HTML parse + extraction; shared across modes,18,0,0,,,,0,0,0,1,0,0.0,0.0,0.0,0.0,0.0,0.0,0.0,0.0,0.0
20261002T161451Z-d2eb76ee,industrial,original_fast_query,dind-dns-shop.ru-ea90543385536fce,html/dns-shop.ru-run-none27.html,dualshock 5,positive,True,18.0,0.0,0,18,0,0.0,0,0,18,0,0,18,0,0,18,industrial,html/dns-shop.ru-run-none27.html,dns-shop.ru-run-none27.html,run-none27,dns-shop.ru,D:\Pet_Codes\science\article-price-tracker\industrial\html\dns-shop.ru-run-none27.html,https://www.dns-shop.ru/search/?q=dualshock+5&category=33ddaa5f0e06c3d1,https://www.dns-shop.ru/search/?q=dualshock+5&category=33ddaa5f0e06c3d1,dualshock 5,,,raw_html,,ea90543385536fce588e982dd8c236b79020e4dc9b93efd05f8c3b6c4b725a5a,ea90543385536fce588e982dd8c236b79020e4dc9b93efd05f8c3b6c4b725a5a,D:\Job_Codes\PriceTracker\services\stealth-renderer\.artifacts\2026-05-16-sr-dns-shop.ru\1778931723269-htx5ul\page.html,False,2026-05-16-sr-dns-shop.ru\1778931723269-htx5ul\page.html,html/dns-shop.ru-run-none27.html,application_import,,2026-05-16T11:42:22.205Z,266071,False,True,,,False,,True,,0.0,dind-dns-shop.ru-ea90543385536fce,product_page_or_listing,https://www.dns-shop.ru/search/?q=dualshock+5&category=33ddaa5f0e06c3d1,True,stealth_renderer,dualshock 5,,,ea90543385536fce588e982dd8c236b79020e4dc9b93efd05f8c3b6c4b725a5a,289925,False,dns-shop.ru,https://www.dns-shop.ru/search/?q=dualshock+5&category=33ddaa5f0e06c3d1,dualshock 5 - DNS – интернет магазин цифровой и бытовой техники по доступным ценам.,False,dns-shop.ru,run-none27,,,ok,1.0428000000538304,,48.50209999998333,0.0,0.0,0.0,False,,,,ok,False,45.65559999999823,2.846499999985099,HTML parse + extraction; shared across modes,18,0,0,,,,0,0,0,1,0,0.0,0.0,0.0,0.0,0.0,0.0,0.0,0.0,0.0
20261002T161451Z-d2eb76ee,industrial,original_fast_query,dind-dns-shop.ru-434df911d8c9446c,html/dns-shop.ru-run-none28.html,dualshock 5,positive,True,18.0,0.0,0,18,0,0.0,0,0,18,0,0,18,0,0,18,industrial,html/dns-shop.ru-run-none28.html,dns-shop.ru-run-none28.html,run-none28,dns-shop.ru,D:\Pet_Codes\science\article-price-tracker\industrial\html\dns-shop.ru-run-none28.html,https://www.dns-shop.ru/search/?q=dualshock+5&category=33ddaa5f0e06c3d1,https://www.dns-shop.ru/search/?q=dualshock+5&category=33ddaa5f0e06c3d1,dualshock 5,,,raw_html,,434df911d8c9446c855503ec0cba806274c54b980e806c95f96a2a46fde4d17c,434df911d8c9446c855503ec0cba806274c54b980e806c95f96a2a46fde4d17c,D:\Job_Codes\PriceTracker\services\stealth-renderer\.artifacts\2026-05-16-sr-dns-shop.ru\1778936274543-moqia7\page.html,False,2026-05-16-sr-dns-shop.ru\1778936274543-moqia7\page.html,html/dns-shop.ru-run-none28.html,application_import,,2026-05-16T12:58:11.476Z,268359,False,True,,,False,,True,,0.0,dind-dns-shop.ru-434df911d8c9446c,product_page_or_listing,https://www.dns-shop.ru/search/?q=dualshock+5&category=33ddaa5f0e06c3d1,True,stealth_renderer,dualshock 5,,,434df911d8c9446c855503ec0cba806274c54b980e806c95f96a2a46fde4d17c,292281,False,dns-shop.ru,https://www.dns-shop.ru/search/?q=dualshock+5&category=33ddaa5f0e06c3d1,dualshock 5 - DNS – интернет магазин цифровой и бытовой техники по доступным ценам.,False,dns-shop.ru,run-none28,,,ok,1.1227000000071712,,31.847300000023097,0.0,0.0,0.0,False,,,,ok,False,28.900900000007823,2.9464000000152737,HTML parse + extraction; shared across modes,18,0,0,,,,0,0,0,1,0,0.0,0.0,0.0,0.0,0.0,0.0,0.0,0.0,0.0
20261002T161451Z-d2eb76ee,industrial,original_fast_query,dind-dns-shop.ru-543d15ba7884e65d,html/dns-shop.ru-run-none29.html,dualshock 5,positive,True,18.0,0.0,0,18,0,0.0,0,0,18,0,0,18,0,0,18,industrial,html/dns-shop.ru-run-none29.html,dns-shop.ru-run-none29.html,run-none29,dns-shop.ru,D:\Pet_Codes\science\article-price-tracker\industrial\html\dns-shop.ru-run-none29.html,https://www.dns-shop.ru/search/?q=dualshock+5&category=33ddaa5f0e06c3d1,https://www.dns-shop.ru/search/?q=dualshock+5&category=33ddaa5f0e06c3d1,dualshock 5,,,raw_html,,543d15ba7884e65d45feb046c643a7e325789b61b3eddd1f4bcde465ec280fbc,543d15ba7884e65d45feb046c643a7e325789b61b3eddd1f4bcde465ec280fbc,D:\Job_Codes\PriceTracker\services\stealth-renderer\.artifacts\2026-05-16-sr-dns-shop.ru\1778948879081-0ropss\page.html,False,2026-05-16-sr-dns-shop.ru\1778948879081-0ropss\page.html,html/dns-shop.ru-run-none29.html,application_import,,2026-05-16T16:28:16.550Z,265470,False,True,,,False,,True,,0.0,dind-dns-shop.ru-543d15ba7884e65d,product_page_or_listing,https://www.dns-shop.ru/search/?q=dualshock+5&category=33ddaa5f0e06c3d1,True,stealth_renderer,dualshock 5,,,543d15ba7884e65d45feb046c643a7e325789b61b3eddd1f4bcde465ec280fbc,289274,False,dns-shop.ru,https://www.dns-shop.ru/search/?q=dualshock+5&category=33ddaa5f0e06c3d1,dualshock 5 - DNS – интернет магазин цифровой и бытовой техники по доступным ценам.,False,dns-shop.ru,run-none29,,,ok,1.023300000000745,,31.644700000062585,0.0,0.0,0.0,False,,,,ok,False,28.880200000014156,2.7645000000484288,HTML parse + extraction; shared across modes,18,0,0,,,,0,0,0,1,0,0.0,0.0,0.0,0.0,0.0,0.0,0.0,0.0,0.0
20261002T161451Z-d2eb76ee,industrial,original_fast_query,dind-dns-shop.ru-f878c1c96441254e,html/dns-shop.ru-run-none30.html,dualshock 5,positive,True,18.0,0.0,0,18,0,0.0,0,0,18,0,0,18,0,0,18,industrial,html/dns-shop.ru-run-none30.html,dns-shop.ru-run-none30.html,run-none30,dns-shop.ru,D:\Pet_Codes\science\article-price-tracker\industrial\html\dns-shop.ru-run-none30.html,https://www.dns-shop.ru/search/?q=dualshock+5&category=33ddaa5f0e06c3d1,https://www.dns-shop.ru/search/?q=dualshock+5&category=33ddaa5f0e06c3d1,dualshock 5,,,raw_html,,f878c1c96441254e223a1234b69b4662343bdef595db79c93773ab72b38d1eec,f878c1c96441254e223a1234b69b4662343bdef595db79c93773ab72b38d1eec,D:\Job_Codes\PriceTracker\services\stealth-renderer\.artifacts\2026-05-16-sr-dns-shop.ru\1778949011095-x29ns2\page.html,False,2026-05-16-sr-dns-shop.ru\1778949011095-x29ns2\page.html,html/dns-shop.ru-run-none30.html,application_import,,2026-05-16T16:30:26.558Z,264993,False,True,,,False,,True,,0.0,dind-dns-shop.ru-f878c1c96441254e,product_page_or_listing,https://www.dns-shop.ru/search/?q=dualshock+5&category=33ddaa5f0e06c3d1,True,stealth_renderer,dualshock 5,,,f878c1c96441254e223a1234b69b4662343bdef595db79c93773ab72b38d1eec,288797,False,dns-shop.ru,https://www.dns-shop.ru/search/?q=dualshock+5&category=33ddaa5f0e06c3d1,dualshock 5 - DNS – интернет магазин цифровой и бытовой техники по доступным ценам.,False,dns-shop.ru,run-none30,,,ok,0.9968999999691732,,49.52939999994123,0.0,0.0,0.0,False,,,,ok,False,46.75289999996312,2.776499999978114,HTML parse + extraction; shared across modes,18,0,0,,,,0,0,0,1,0,0.0,0.0,0.0,0.0,0.0,0.0,0.0,0.0,0.0
20261002T161451Z-d2eb76ee,industrial,original_fast_query,dind-dns-shop.ru-2198c54dfd3d2076,html/dns-shop.ru-run-none31.html,dualshock 5,positive,True,18.0,0.0,0,18,0,0.0,0,0,18,0,0,18,0,0,18,industrial,html/dns-shop.ru-run-none31.html,dns-shop.ru-run-none31.html,run-none31,dns-shop.ru,D:\Pet_Codes\science\article-price-tracker\industrial\html\dns-shop.ru-run-none31.html,https://www.dns-shop.ru/search/?q=dualshock+5&category=33ddaa5f0e06c3d1,https://www.dns-shop.ru/search/?q=dualshock+5&category=33ddaa5f0e06c3d1,dualshock 5,,,raw_html,,2198c54dfd3d20762130f9950ff6a53f3b0e0e3aedb2bc101f83de798834a4f7,2198c54dfd3d20762130f9950ff6a53f3b0e0e3aedb2bc101f83de798834a4f7,D:\Job_Codes\PriceTracker\services\stealth-renderer\.artifacts\2026-05-16-sr-dns-shop.ru\1778962085351-xu29xh\page.html,False,2026-05-16-sr-dns-shop.ru\1778962085351-xu29xh\page.html,html/dns-shop.ru-run-none31.html,application_import,,2026-05-16T20:08:22.382Z,264957,False,True,,,False,,True,,0.0,dind-dns-shop.ru-2198c54dfd3d2076,product_page_or_listing,https://www.dns-shop.ru/search/?q=dualshock+5&category=33ddaa5f0e06c3d1,True,stealth_renderer,dualshock 5,,,2198c54dfd3d20762130f9950ff6a53f3b0e0e3aedb2bc101f83de798834a4f7,288762,False,dns-shop.ru,https://www.dns-shop.ru/search/?q=dualshock+5&category=33ddaa5f0e06c3d1,dualshock 5 - DNS – интернет магазин цифровой и бытовой техники по доступным ценам.,False,dns-shop.ru,run-none31,,,ok,0.9785999999730848,,32.819799999997485,0.0,0.0,0.0,False,,,,ok,False,30.01560000004247,2.804199999955017,HTML parse + extraction; shared across modes,18,0,0,,,,0,0,0,1,0,0.0,0.0,0.0,0.0,0.0,0.0,0.0,0.0,0.0
20261002T161451Z-d2eb76ee,industrial,original_fast_query,dind-dns-shop.ru-e8d091ebce0ef80f,html/dns-shop.ru-run-none32.html,бензопила,positive,True,18.0,18.0,18,0,0,1.0,18,0,0,18,0,0,18,0,0,industrial,html/dns-shop.ru-run-none32.html,dns-shop.ru-run-none32.html,run-none32,dns-shop.ru,D:\Pet_Codes\science\article-price-tracker\industrial\html\dns-shop.ru-run-none32.html,https://www.dns-shop.ru/search/?q=%D0%B1%D0%B5%D0%BD%D0%B7%D0%BE%D0%BF%D0%B8%D0%BB%D0%B0&category=17a9c8d816404e77,https://www.dns-shop.ru/search/?q=%D0%B1%D0%B5%D0%BD%D0%B7%D0%BE%D0%BF%D0%B8%D0%BB%D0%B0&category=17a9c8d816404e77,бензопила,,,raw_html,,e8d091ebce0ef80fe3cf1a2d767fb092ee9346e20afd2fad124a0082707c0200,e8d091ebce0ef80fe3cf1a2d767fb092ee9346e20afd2fad124a0082707c0200,D:\Job_Codes\PriceTracker\services\stealth-renderer\.artifacts\2026-05-16-sr-dns-shop.ru\1778962588296-ow7vtq\page.html,False,2026-05-16-sr-dns-shop.ru\1778962588296-ow7vtq\page.html,html/dns-shop.ru-run-none32.html,application_import,,2026-05-16T20:16:46.681Z,274095,False,True,,,False,,True,,0.0,dind-dns-shop.ru-e8d091ebce0ef80f,product_page_or_listing,https://www.dns-shop.ru/search/?q=%D0%B1%D0%B5%D0%BD%D0%B7%D0%BE%D0%BF%D0%B8%D0%BB%D0%B0&category=17a9c8d816404e77,True,stealth_renderer,бензопила,,,e8d091ebce0ef80fe3cf1a2d767fb092ee9346e20afd2fad124a0082707c0200,297147,False,dns-shop.ru,https://www.dns-shop.ru/search/?q=%D0%B1%D0%B5%D0%BD%D0%B7%D0%BE%D0%BF%D0%B8%D0%BB%D0%B0&category=17a9c8d816404e77,бензопила - DNS – интернет магазин цифровой и бытовой техники по доступным ценам.,False,dns-shop.ru,run-none32,,,ok,1.2519999999785796,,33.90420000004815,18.0,18.0,18.0,False,,,,ok,False,30.48090000002412,3.423300000024028,HTML parse + extraction; shared across modes,18,0,0,1.0,0.0,0.0,0,1,0,0,0,1.0,1.0,1.0,1.0,1.0,1.0,1.0,1.0,1.0
20261002T161451Z-d2eb76ee,industrial,original_fast_query,dind-dns-shop.ru-f2b4db0b14d601f5,html/dns-shop.ru-run-none33.html,dualshock 5,positive,True,18.0,0.0,0,18,0,0.0,0,0,18,0,0,18,0,0,18,industrial,html/dns-shop.ru-run-none33.html,dns-shop.ru-run-none33.html,run-none33,dns-shop.ru,D:\Pet_Codes\science\article-price-tracker\industrial\html\dns-shop.ru-run-none33.html,https://www.dns-shop.ru/search/?q=dualshock+5&category=33ddaa5f0e06c3d1,https://www.dns-shop.ru/search/?q=dualshock+5&category=33ddaa5f0e06c3d1,dualshock 5,,,raw_html,,f2b4db0b14d601f5cd6c2e0e0e5ea463beba98437120fdce253fc85d8710a65e,f2b4db0b14d601f5cd6c2e0e0e5ea463beba98437120fdce253fc85d8710a65e,D:\Job_Codes\PriceTracker\services\stealth-renderer\.artifacts\2026-05-22-sr-dns-shop.ru\1779449112387-atr6st\page.html,False,2026-05-22-sr-dns-shop.ru\1779449112387-atr6st\page.html,html/dns-shop.ru-run-none33.html,application_import,,2026-05-22T11:25:28.195Z,263951,False,True,,,False,,True,,0.0,dind-dns-shop.ru-f2b4db0b14d601f5,product_page_or_listing,https://www.dns-shop.ru/search/?q=dualshock+5&category=33ddaa5f0e06c3d1,True,stealth_renderer,dualshock 5,,,f2b4db0b14d601f5cd6c2e0e0e5ea463beba98437120fdce253fc85d8710a65e,287620,False,dns-shop.ru,https://www.dns-shop.ru/search/?q=dualshock+5&category=33ddaa5f0e06c3d1,dualshock 5 - DNS – интернет магазин цифровой и бытовой техники по доступным ценам.,False,dns-shop.ru,run-none33,,,ok,1.1054000000003725,,50.00190000003204,0.0,0.0,0.0,False,,,,ok,False,47.15189999999711,2.8500000000349246,HTML parse + extraction; shared across modes,18,0,0,,,,0,0,0,1,0,0.0,0.0,0.0,0.0,0.0,0.0,0.0,0.0,0.0
20261002T161451Z-d2eb76ee,industrial,original_fast_query,dind-dns-shop.ru-c972a387a5634908,html/dns-shop.ru-run-none34.html,dualshock 5,positive,True,18.0,0.0,0,18,0,0.0,0,0,18,0,0,18,0,0,18,industrial,html/dns-shop.ru-run-none34.html,dns-shop.ru-run-none34.html,run-none34,dns-shop.ru,D:\Pet_Codes\science\article-price-tracker\industrial\html\dns-shop.ru-run-none34.html,https://www.dns-shop.ru/search/?q=dualshock+5&category=33ddaa5f0e06c3d1,https://www.dns-shop.ru/search/?q=dualshock+5&category=33ddaa5f0e06c3d1,dualshock 5,,,raw_html,,c972a387a56349084dc4502d07e09a7cc2c1b3acb1ab4dfdf95754e21ee97942,c972a387a56349084dc4502d07e09a7cc2c1b3acb1ab4dfdf95754e21ee97942,D:\Job_Codes\PriceTracker\services\stealth-renderer\.artifacts\2026-06-06-sr-dns-shop.ru\1780766971555-kri15y\page.html,False,2026-06-06-sr-dns-shop.ru\1780766971555-kri15y\page.html,html/dns-shop.ru-run-none34.html,application_import,,2026-06-06T17:30:10.767Z,267842,False,True,,,False,,True,,0.0,dind-dns-shop.ru-c972a387a5634908,product_page_or_listing,https://www.dns-shop.ru/search/?q=dualshock+5&category=33ddaa5f0e06c3d1,True,stealth_renderer,dualshock 5,,,c972a387a56349084dc4502d07e09a7cc2c1b3acb1ab4dfdf95754e21ee97942,291803,False,dns-shop.ru,https://www.dns-shop.ru/search/?q=dualshock+5&category=33ddaa5f0e06c3d1,dualshock 5 - DNS – интернет магазин цифровой и бытовой техники по доступным ценам.,False,dns-shop.ru,run-none34,,,ok,1.1913000000058673,,32.5741000000271,0.0,0.0,0.0,False,,,,ok,False,29.71590000001015,2.85820000001695,HTML parse + extraction; shared across modes,18,0,0,,,,0,0,0,1,0,0.0,0.0,0.0,0.0,0.0,0.0,0.0,0.0,0.0
20261002T161451Z-d2eb76ee,industrial,original_fast_query,dind-dns-shop.ru-1daabf0100ef084e,html/dns-shop.ru-run-none35.html,dualshock 5,positive,True,18.0,0.0,0,18,0,0.0,0,0,18,0,0,18,0,0,18,industrial,html/dns-shop.ru-run-none35.html,dns-shop.ru-run-none35.html,run-none35,dns-shop.ru,D:\Pet_Codes\science\article-price-tracker\industrial\html\dns-shop.ru-run-none35.html,https://www.dns-shop.ru/search/?q=dualshock+5&category=33ddaa5f0e06c3d1,https://www.dns-shop.ru/search/?q=dualshock+5&category=33ddaa5f0e06c3d1,dualshock 5,,,raw_html,,1daabf0100ef084e458fb6c09953ad4aed1259e2e68898e9f6b8a89738cc7d81,1daabf0100ef084e458fb6c09953ad4aed1259e2e68898e9f6b8a89738cc7d81,D:\Job_Codes\PriceTracker\services\stealth-renderer\.artifacts\2026-06-06-sr-dns-shop.ru\1780771932740-0zeqo9\page.html,False,2026-06-06-sr-dns-shop.ru\1780771932740-0zeqo9\page.html,html/dns-shop.ru-run-none35.html,application_import,,2026-06-06T18:52:41.469Z,266529,False,True,,,False,,True,,0.0,dind-dns-shop.ru-1daabf0100ef084e,product_page_or_listing,https://www.dns-shop.ru/search/?q=dualshock+5&category=33ddaa5f0e06c3d1,True,stealth_renderer,dualshock 5,,,1daabf0100ef084e458fb6c09953ad4aed1259e2e68898e9f6b8a89738cc7d81,290508,False,dns-shop.ru,https://www.dns-shop.ru/search/?q=dualshock+5&category=33ddaa5f0e06c3d1,dualshock 5 - DNS – интернет магазин цифровой и бытовой техники по доступным ценам.,False,dns-shop.ru,run-none35,,,ok,1.0564000000013039,,31.811699999962002,0.0,0.0,0.0,False,,,,ok,False,29.06579999998212,2.7458999999798834,HTML parse + extraction; shared across modes,18,0,0,,,,0,0,0,1,0,0.0,0.0,0.0,0.0,0.0,0.0,0.0,0.0,0.0
20261002T161451Z-d2eb76ee,industrial,original_fast_query,dind-dns-shop.ru-c540244729f3afe8,html/dns-shop.ru-run-none36.html,dualshock 5,positive,True,18.0,0.0,0,18,0,0.0,0,0,18,0,0,18,0,0,18,industrial,html/dns-shop.ru-run-none36.html,dns-shop.ru-run-none36.html,run-none36,dns-shop.ru,D:\Pet_Codes\science\article-price-tracker\industrial\html\dns-shop.ru-run-none36.html,https://www.dns-shop.ru/search/?q=dualshock+5&category=33ddaa5f0e06c3d1,https://www.dns-shop.ru/search/?q=dualshock+5&category=33ddaa5f0e06c3d1,dualshock 5,,,raw_html,,c540244729f3afe8848ebd8861a99ab97808b3a05be348025ccd5a04cdf72c07,c540244729f3afe8848ebd8861a99ab97808b3a05be348025ccd5a04cdf72c07,D:\Job_Codes\PriceTracker\services\stealth-renderer\.artifacts\2026-06-06-sr-dns-shop.ru\1780773006456-b8m2y9\page.html,False,2026-06-06-sr-dns-shop.ru\1780773006456-b8m2y9\page.html,html/dns-shop.ru-run-none36.html,application_import,,2026-06-06T19:10:31.317Z,263204,False,True,,,False,,True,,0.0,dind-dns-shop.ru-c540244729f3afe8,product_page_or_listing,https://www.dns-shop.ru/search/?q=dualshock+5&category=33ddaa5f0e06c3d1,True,stealth_renderer,dualshock 5,,,c540244729f3afe8848ebd8861a99ab97808b3a05be348025ccd5a04cdf72c07,287025,False,dns-shop.ru,https://www.dns-shop.ru/search/?q=dualshock+5&category=33ddaa5f0e06c3d1,dualshock 5 - DNS – интернет магазин цифровой и бытовой техники по доступным ценам.,False,dns-shop.ru,run-none36,,,ok,1.2950999999884516,,45.129200000024866,0.0,0.0,0.0,False,,,,ok,False,42.14470000000438,2.984500000020489,HTML parse + extraction; shared across modes,18,0,0,,,,0,0,0,1,0,0.0,0.0,0.0,0.0,0.0,0.0,0.0,0.0,0.0
20261002T161451Z-d2eb76ee,industrial,original_fast_query,dind-dns-shop.ru-2824d29f205128a1,html/dns-shop.ru-run-none37.html,dualshock 5,positive,True,18.0,0.0,0,18,0,0.0,0,0,18,0,0,18,0,0,18,industrial,html/dns-shop.ru-run-none37.html,dns-shop.ru-run-none37.html,run-none37,dns-shop.ru,D:\Pet_Codes\science\article-price-tracker\industrial\html\dns-shop.ru-run-none37.html,https://www.dns-shop.ru/search/?q=dualshock+5&category=33ddaa5f0e06c3d1,https://www.dns-shop.ru/search/?q=dualshock+5&category=33ddaa5f0e06c3d1,dualshock 5,,,raw_html,,2824d29f205128a1aa80a305982640d817b7ee233ca8ff8ce0cadc887e02005f,2824d29f205128a1aa80a305982640d817b7ee233ca8ff8ce0cadc887e02005f,D:\Job_Codes\PriceTracker\services\stealth-renderer\.artifacts\2026-06-06-sr-dns-shop.ru\1780773360205-ues8f4\page.html,False,2026-06-06-sr-dns-shop.ru\1780773360205-ues8f4\page.html,html/dns-shop.ru-run-none37.html,application_import,,2026-06-06T19:16:25.186Z,264223,False,True,,,False,,True,,0.0,dind-dns-shop.ru-2824d29f205128a1,product_page_or_listing,https://www.dns-shop.ru/search/?q=dualshock+5&category=33ddaa5f0e06c3d1,True,stealth_renderer,dualshock 5,,,2824d29f205128a1aa80a305982640d817b7ee233ca8ff8ce0cadc887e02005f,288075,False,dns-shop.ru,https://www.dns-shop.ru/search/?q=dualshock+5&category=33ddaa5f0e06c3d1,dualshock 5 - DNS – интернет магазин цифровой и бытовой техники по доступным ценам.,False,dns-shop.ru,run-none37,,,ok,1.0033000000403263,,31.325399999972433,0.0,0.0,0.0,False,,,,ok,False,28.279099999985192,3.046299999987241,HTML parse + extraction; shared across modes,18,0,0,,,,0,0,0,1,0,0.0,0.0,0.0,0.0,0.0,0.0,0.0,0.0,0.0
20261002T161451Z-d2eb76ee,industrial,original_fast_query,dind-dns-shop.ru-e46adc0c328cc286,html/dns-shop.ru-run-none38.html,dualshock 5,positive,True,18.0,0.0,0,18,0,0.0,0,0,18,0,0,18,0,0,18,industrial,html/dns-shop.ru-run-none38.html,dns-shop.ru-run-none38.html,run-none38,dns-shop.ru,D:\Pet_Codes\science\article-price-tracker\industrial\html\dns-shop.ru-run-none38.html,https://www.dns-shop.ru/search/?q=dualshock+5&category=33ddaa5f0e06c3d1,https://www.dns-shop.ru/search/?q=dualshock+5&category=33ddaa5f0e06c3d1,dualshock 5,,,raw_html,,e46adc0c328cc28659b06b5c273c3c82acd7c205d7ec091a4717b9a43303f606,e46adc0c328cc28659b06b5c273c3c82acd7c205d7ec091a4717b9a43303f606,D:\Job_Codes\PriceTracker\services\stealth-renderer\.artifacts\2026-06-06-sr-dns-shop.ru\1780774222472-icddcw\page.html,False,2026-06-06-sr-dns-shop.ru\1780774222472-icddcw\page.html,html/dns-shop.ru-run-none38.html,application_import,,2026-06-06T19:30:52.677Z,267184,False,True,,,False,,True,,0.0,dind-dns-shop.ru-e46adc0c328cc286,product_page_or_listing,https://www.dns-shop.ru/search/?q=dualshock+5&category=33ddaa5f0e06c3d1,True,stealth_renderer,dualshock 5,,,e46adc0c328cc28659b06b5c273c3c82acd7c205d7ec091a4717b9a43303f606,291127,False,dns-shop.ru,https://www.dns-shop.ru/search/?q=dualshock+5&category=33ddaa5f0e06c3d1,dualshock 5 - DNS – интернет магазин цифровой и бытовой техники по доступным ценам.,False,dns-shop.ru,run-none38,,,ok,1.0820999999996275,,32.347700000042096,0.0,0.0,0.0,False,,,,ok,False,29.38690000004135,2.960800000000745,HTML parse + extraction; shared across modes,18,0,0,,,,0,0,0,1,0,0.0,0.0,0.0,0.0,0.0,0.0,0.0,0.0,0.0
20261002T161451Z-d2eb76ee,industrial,original_fast_query,dind-dns-shop.ru-f8afdc6ad037e786,html/dns-shop.ru-run-none39.html,dualshock 5,positive,True,18.0,0.0,0,18,0,0.0,0,0,18,0,0,18,0,0,18,industrial,html/dns-shop.ru-run-none39.html,dns-shop.ru-run-none39.html,run-none39,dns-shop.ru,D:\Pet_Codes\science\article-price-tracker\industrial\html\dns-shop.ru-run-none39.html,https://www.dns-shop.ru/search/?q=dualshock+5&category=33ddaa5f0e06c3d1,https://www.dns-shop.ru/search/?q=dualshock+5&category=33ddaa5f0e06c3d1,dualshock 5,,,raw_html,,f8afdc6ad037e78662f8dc3756fbe056d812911f189b30a824baa8ee04417a54,f8afdc6ad037e78662f8dc3756fbe056d812911f189b30a824baa8ee04417a54,D:\Job_Codes\PriceTracker\services\stealth-renderer\.artifacts\2026-06-06-sr-dns-shop.ru\1780776584162-v922iz\page.html,False,2026-06-06-sr-dns-shop.ru\1780776584162-v922iz\page.html,html/dns-shop.ru-run-none39.html,application_import,,2026-06-06T20:10:10.185Z,258928,False,True,,,False,,True,,0.0,dind-dns-shop.ru-f8afdc6ad037e786,product_page_or_listing,https://www.dns-shop.ru/search/?q=dualshock+5&category=33ddaa5f0e06c3d1,True,stealth_renderer,dualshock 5,,,f8afdc6ad037e78662f8dc3756fbe056d812911f189b30a824baa8ee04417a54,282696,False,dns-shop.ru,https://www.dns-shop.ru/search/?q=dualshock+5&category=33ddaa5f0e06c3d1,dualshock 5 - DNS – интернет магазин цифровой и бытовой техники по доступным ценам.,False,dns-shop.ru,run-none39,,,ok,1.0495999999693595,,46.87779999995837,0.0,0.0,0.0,False,,,,ok,False,44.10839999996824,2.769399999990128,HTML parse + extraction; shared across modes,18,0,0,,,,0,0,0,1,0,0.0,0.0,0.0,0.0,0.0,0.0,0.0,0.0,0.0
20261002T161451Z-d2eb76ee,industrial,original_fast_query,dind-dns-shop.ru-5564a34319f17254,html/dns-shop.ru-run-none40.html,dualshock 5,positive,True,18.0,0.0,0,18,0,0.0,0,0,18,0,0,18,0,0,18,industrial,html/dns-shop.ru-run-none40.html,dns-shop.ru-run-none40.html,run-none40,dns-shop.ru,D:\Pet_Codes\science\article-price-tracker\industrial\html\dns-shop.ru-run-none40.html,https://www.dns-shop.ru/search/?q=dualshock+5&category=33ddaa5f0e06c3d1,https://www.dns-shop.ru/search/?q=dualshock+5&category=33ddaa5f0e06c3d1,dualshock 5,,,raw_html,,5564a34319f17254da60158365284a4faafb40b27209fbc672ae6ee3342e7977,5564a34319f17254da60158365284a4faafb40b27209fbc672ae6ee3342e7977,D:\Job_Codes\PriceTracker\services\stealth-renderer\.artifacts\2026-06-06-sr-dns-shop.ru\1780781525413-t4zvyo\page.html,False,2026-06-06-sr-dns-shop.ru\1780781525413-t4zvyo\page.html,html/dns-shop.ru-run-none40.html,application_import,,2026-06-06T21:32:29.977Z,263799,False,True,,,False,,True,,0.0,dind-dns-shop.ru-5564a34319f17254,product_page_or_listing,https://www.dns-shop.ru/search/?q=dualshock+5&category=33ddaa5f0e06c3d1,True,stealth_renderer,dualshock 5,,,5564a34319f17254da60158365284a4faafb40b27209fbc672ae6ee3342e7977,287619,False,dns-shop.ru,https://www.dns-shop.ru/search/?q=dualshock+5&category=33ddaa5f0e06c3d1,dualshock 5 - DNS – интернет магазин цифровой и бытовой техники по доступным ценам.,False,dns-shop.ru,run-none40,,,ok,1.0335000000195578,,32.069400000036694,0.0,0.0,0.0,False,,,,ok,False,29.07650000002468,2.992900000012014,HTML parse + extraction; shared across modes,18,0,0,,,,0,0,0,1,0,0.0,0.0,0.0,0.0,0.0,0.0,0.0,0.0,0.0
20261002T161451Z-d2eb76ee,industrial,original_fast_query,dind-dns-shop.ru-f81b39d0b9945b9b,html/dns-shop.ru-run-none41.html,dualshock 5,positive,True,18.0,0.0,0,18,0,0.0,0,0,18,0,0,18,0,0,18,industrial,html/dns-shop.ru-run-none41.html,dns-shop.ru-run-none41.html,run-none41,dns-shop.ru,D:\Pet_Codes\science\article-price-tracker\industrial\html\dns-shop.ru-run-none41.html,https://www.dns-shop.ru/search/?q=dualshock+5&category=33ddaa5f0e06c3d1,https://www.dns-shop.ru/search/?q=dualshock+5&category=33ddaa5f0e06c3d1,dualshock 5,,,raw_html,,f81b39d0b9945b9b4d1b7ef6aee0913aea8ba933f4b70a5a5bc9b895f448abfd,f81b39d0b9945b9b4d1b7ef6aee0913aea8ba933f4b70a5a5bc9b895f448abfd,D:\Job_Codes\PriceTracker\services\stealth-renderer\.artifacts\2026-06-06-sr-dns-shop.ru\1780782397595-gyhtet\page.html,False,2026-06-06-sr-dns-shop.ru\1780782397595-gyhtet\page.html,html/dns-shop.ru-run-none41.html,application_import,,2026-06-06T21:47:04.889Z,258974,False,True,,,False,,True,,0.0,dind-dns-shop.ru-f81b39d0b9945b9b,product_page_or_listing,https://www.dns-shop.ru/search/?q=dualshock+5&category=33ddaa5f0e06c3d1,True,stealth_renderer,dualshock 5,,,f81b39d0b9945b9b4d1b7ef6aee0913aea8ba933f4b70a5a5bc9b895f448abfd,282740,False,dns-shop.ru,https://www.dns-shop.ru/search/?q=dualshock+5&category=33ddaa5f0e06c3d1,dualshock 5 - DNS – интернет магазин цифровой и бытовой техники по доступным ценам.,False,dns-shop.ru,run-none41,,,ok,1.243099999963306,,31.368799999996554,0.0,0.0,0.0,False,,,,ok,False,28.534299999999348,2.834499999997206,HTML parse + extraction; shared across modes,18,0,0,,,,0,0,0,1,0,0.0,0.0,0.0,0.0,0.0,0.0,0.0,0.0,0.0
20261002T161451Z-d2eb76ee,industrial,original_fast_query,dind-dns-shop.ru-32b1fcaa3a2d2e3c,html/dns-shop.ru-run-none42.html,dualshock 5,positive,True,18.0,0.0,0,18,0,0.0,0,0,18,0,0,18,0,0,18,industrial,html/dns-shop.ru-run-none42.html,dns-shop.ru-run-none42.html,run-none42,dns-shop.ru,D:\Pet_Codes\science\article-price-tracker\industrial\html\dns-shop.ru-run-none42.html,https://www.dns-shop.ru/search/?q=dualshock+5&category=33ddaa5f0e06c3d1,https://www.dns-shop.ru/search/?q=dualshock+5&category=33ddaa5f0e06c3d1,dualshock 5,,,raw_html,,32b1fcaa3a2d2e3cd3741dd46589028690cd3824e32d7f19e4642a9b29d8ef73,32b1fcaa3a2d2e3cd3741dd46589028690cd3824e32d7f19e4642a9b29d8ef73,D:\Job_Codes\PriceTracker\services\stealth-renderer\.artifacts\2026-06-06-sr-dns-shop.ru\1780782968918-562x4n\page.html,False,2026-06-06-sr-dns-shop.ru\1780782968918-562x4n\page.html,html/dns-shop.ru-run-none42.html,application_import,,2026-06-06T21:56:43.415Z,266541,False,True,,,False,,True,,0.0,dind-dns-shop.ru-32b1fcaa3a2d2e3c,product_page_or_listing,https://www.dns-shop.ru/search/?q=dualshock+5&category=33ddaa5f0e06c3d1,True,stealth_renderer,dualshock 5,,,32b1fcaa3a2d2e3cd3741dd46589028690cd3824e32d7f19e4642a9b29d8ef73,290474,False,dns-shop.ru,https://www.dns-shop.ru/search/?q=dualshock+5&category=33ddaa5f0e06c3d1,dualshock 5 - DNS – интернет магазин цифровой и бытовой техники по доступным ценам.,False,dns-shop.ru,run-none42,,,ok,1.554100000008475,,45.46909999998752,0.0,0.0,0.0,False,,,,ok,False,42.648199999995995,2.820899999991525,HTML parse + extraction; shared across modes,18,0,0,,,,0,0,0,1,0,0.0,0.0,0.0,0.0,0.0,0.0,0.0,0.0,0.0
20261002T161451Z-d2eb76ee,industrial,original_fast_query,dind-dns-shop.ru-b4e6fddfb8cc1f85,html/dns-shop.ru-run-none43.html,dualshock 5,positive,True,18.0,0.0,0,18,0,0.0,0,0,18,0,0,18,0,0,18,industrial,html/dns-shop.ru-run-none43.html,dns-shop.ru-run-none43.html,run-none43,dns-shop.ru,D:\Pet_Codes\science\article-price-tracker\industrial\html\dns-shop.ru-run-none43.html,https://www.dns-shop.ru/search/?q=dualshock+5&category=33ddaa5f0e06c3d1,https://www.dns-shop.ru/search/?q=dualshock+5&category=33ddaa5f0e06c3d1,dualshock 5,,,raw_html,,b4e6fddfb8cc1f85f621d0b65b45206199d70878ae9fbdc9f83f708fe681c7d4,b4e6fddfb8cc1f85f621d0b65b45206199d70878ae9fbdc9f83f708fe681c7d4,D:\Job_Codes\PriceTracker\services\stealth-renderer\.artifacts\2026-06-07-sr-dns-shop.ru\1780837622671-n0r5v5\page.html,False,2026-06-07-sr-dns-shop.ru\1780837622671-n0r5v5\page.html,html/dns-shop.ru-run-none43.html,application_import,,2026-06-07T13:07:45.066Z,267796,False,True,,,False,,True,,0.0,dind-dns-shop.ru-b4e6fddfb8cc1f85,product_page_or_listing,https://www.dns-shop.ru/search/?q=dualshock+5&category=33ddaa5f0e06c3d1,True,stealth_renderer,dualshock 5,,,b4e6fddfb8cc1f85f621d0b65b45206199d70878ae9fbdc9f83f708fe681c7d4,291733,False,dns-shop.ru,https://www.dns-shop.ru/search/?q=dualshock+5&category=33ddaa5f0e06c3d1,dualshock 5 - DNS – интернет магазин цифровой и бытовой техники по доступным ценам.,False,dns-shop.ru,run-none43,,,ok,1.1898999999975786,,33.4552000000258,0.0,0.0,0.0,False,,,,ok,False,30.596200000029057,2.8589999999967404,HTML parse + extraction; shared across modes,18,0,0,,,,0,0,0,1,0,0.0,0.0,0.0,0.0,0.0,0.0,0.0,0.0,0.0
20261002T161451Z-d2eb76ee,industrial,original_fast_query,dind-dns-shop.ru-37f14821f393b029,html/dns-shop.ru-run-none44.html,dualshock 5,positive,True,18.0,0.0,0,18,0,0.0,0,0,18,0,0,18,0,0,18,industrial,html/dns-shop.ru-run-none44.html,dns-shop.ru-run-none44.html,run-none44,dns-shop.ru,D:\Pet_Codes\science\article-price-tracker\industrial\html\dns-shop.ru-run-none44.html,https://www.dns-shop.ru/search/?q=dualshock+5&category=33ddaa5f0e06c3d1,https://www.dns-shop.ru/search/?q=dualshock+5&category=33ddaa5f0e06c3d1,dualshock 5,,,raw_html,,37f14821f393b029035f38b7e27a5ce6fff90f4b03c5039dc9fa1002c9810d1a,37f14821f393b029035f38b7e27a5ce6fff90f4b03c5039dc9fa1002c9810d1a,D:\Job_Codes\PriceTracker\services\stealth-renderer\.artifacts\2026-06-07-sr-dns-shop.ru\1780839993664-suajo1\page.html,False,2026-06-07-sr-dns-shop.ru\1780839993664-suajo1\page.html,html/dns-shop.ru-run-none44.html,application_import,,2026-06-07T13:47:04.838Z,243962,False,True,,,False,,True,,0.0,dind-dns-shop.ru-37f14821f393b029,product_page_or_listing,https://www.dns-shop.ru/search/?q=dualshock+5&category=33ddaa5f0e06c3d1,True,stealth_renderer,dualshock 5,,,37f14821f393b029035f38b7e27a5ce6fff90f4b03c5039dc9fa1002c9810d1a,265007,False,dns-shop.ru,https://www.dns-shop.ru/search/?q=dualshock+5&category=33ddaa5f0e06c3d1,dualshock 5 - DNS – интернет магазин цифровой и бытовой техники по доступным ценам.,False,dns-shop.ru,run-none44,,,ok,1.206499999971129,,29.878599999996368,0.0,0.0,0.0,False,,,,ok,False,26.847999999998137,3.0305999999982305,HTML parse + extraction; shared across modes,18,0,0,,,,0,0,0,1,0,0.0,0.0,0.0,0.0,0.0,0.0,0.0,0.0,0.0
20261002T161451Z-d2eb76ee,industrial,original_fast_query,dind-dns-shop.ru-2c7a29d35d5d4eaf,html/dns-shop.ru-run-none45.html,dualshock 5,positive,True,18.0,0.0,0,18,0,0.0,0,0,18,0,0,18,0,0,0,industrial,html/dns-shop.ru-run-none45.html,dns-shop.ru-run-none45.html,run-none45,dns-shop.ru,D:\Pet_Codes\science\article-price-tracker\industrial\html\dns-shop.ru-run-none45.html,https://www.dns-shop.ru/search/?q=dualshock+5,https://www.dns-shop.ru/search/?q=dualshock+5,dualshock 5,,,raw_html,,2c7a29d35d5d4eaf668df0be1e34241dcd6f32dd27328a1e4fe3f648193bda9f,2c7a29d35d5d4eaf668df0be1e34241dcd6f32dd27328a1e4fe3f648193bda9f,D:\Job_Codes\PriceTracker\services\stealth-renderer\.artifacts\2026-06-07-sr-dns-shop.ru\1780843011032-6uva8q\page.html,False,2026-06-07-sr-dns-shop.ru\1780843011032-6uva8q\page.html,html/dns-shop.ru-run-none45.html,application_import,,2026-06-07T14:37:01.574Z,153204,False,True,,,False,,True,,0.0,dind-dns-shop.ru-2c7a29d35d5d4eaf,product_page_or_listing,https://www.dns-shop.ru/search/?q=dualshock+5,True,stealth_renderer,dualshock 5,,,2c7a29d35d5d4eaf668df0be1e34241dcd6f32dd27328a1e4fe3f648193bda9f,171119,False,dns-shop.ru,https://www.dns-shop.ru/search/?q=dualshock+5,dualshock 5 - DNS – интернет магазин цифровой и бытовой техники по доступным ценам.,False,dns-shop.ru,run-none45,,,ok,1.2831000000005588,,12533.42300000001,0.0,0.0,0.0,False,,,,empty,False,12533.373100000026,0.04989999998360872,HTML parse + extraction; shared across modes,0,18,0,,,,0,0,0,1,0,0.0,0.0,0.0,0.0,0.0,0.0,0.0,0.0,0.0
20261002T161451Z-d2eb76ee,industrial,original_fast_query,dind-dns-shop.ru-9dd9c1645a03e017,html/dns-shop.ru-run-2fcceeba.html,шуруповёрт,positive,True,18.0,0.0,0,18,0,0.0,0,0,18,0,0,18,0,0,18,industrial,html/dns-shop.ru-run-2fcceeba.html,dns-shop.ru-run-2fcceeba.html,run-2fcceeba,dns-shop.ru,D:\Pet_Codes\science\article-price-tracker\industrial\html\dns-shop.ru-run-2fcceeba.html,https://dns-shop.ru,https://dns-shop.ru,шуруповёрт,"Nizhny Novgorod,Nizhny Novgorod Oblast,Russia",shared_live_search,raw_html,,9dd9c1645a03e017d634414a9aa2dabc7ba552f307f8e2e2c50be876be5f7870,9dd9c1645a03e017d634414a9aa2dabc7ba552f307f8e2e2c50be876be5f7870,D:\Job_Codes\PriceTracker\.artifacts\collection\run-2fcceeba\dns-shop.ru.html,False,run-2fcceeba\dns-shop.ru.html,html/dns-shop.ru-run-2fcceeba.html,application_import,,2026-05-12T09:52:48.194949+00:00,338388,False,False,,,False,,True,"Nizhny Novgorod,Nizhny Novgorod Oblast,Russia",,dind-dns-shop.ru-9dd9c1645a03e017,product_page_or_listing,https://dns-shop.ru,True,collection_run,шуруповёрт,shared_live_search,run-2fcceeba,9dd9c1645a03e017d634414a9aa2dabc7ba552f307f8e2e2c50be876be5f7870,365724,False,dns-shop.ru,https://dns-shop.ru,"Шуруповерты, дрели-шуруповерты купить в интернет-магазине DNS. Шуруповерты, дрели-шуруповерты цены, большой каталог, новинки. - страница 1 из 51",False,dns-shop.ru,run-2fcceeba,"Nizhny Novgorod,Nizhny Novgorod Oblast,Russia",shared_live_search,ok,13.14120000001276,,36.728000000002794,0.0,0.0,0.0,False,,,,ok,False,33.707600000023376,3.0203999999794178,HTML parse + extraction; shared across modes,18,0,0,,,,0,0,0,1,0,0.0,0.0,0.0,0.0,0.0,0.0,0.0,0.0,0.0
20261002T161451Z-d2eb76ee,industrial,original_fast_query,dind-dns-shop.ru-7a35f41002832ba2,html/dns-shop.ru-run-4ae1c2e7.html,дрель,positive,True,18.0,18.0,18,0,0,1.0,18,0,0,18,0,0,18,0,0,industrial,html/dns-shop.ru-run-4ae1c2e7.html,dns-shop.ru-run-4ae1c2e7.html,run-4ae1c2e7,dns-shop.ru,D:\Pet_Codes\science\article-price-tracker\industrial\html\dns-shop.ru-run-4ae1c2e7.html,https://dns-shop.ru,https://dns-shop.ru,дрель,Санкт-Петербург,shared_live_search,raw_html,,7a35f41002832ba27f6b0f45b96b13760edd1686c8ad039ca38d70a57c9dfaac,7a35f41002832ba27f6b0f45b96b13760edd1686c8ad039ca38d70a57c9dfaac,D:\Job_Codes\PriceTracker\.artifacts\collection\run-4ae1c2e7\dns-shop.ru.html,False,run-4ae1c2e7\dns-shop.ru.html,html/dns-shop.ru-run-4ae1c2e7.html,application_import,,2026-05-11T15:08:45.210481+00:00,278347,False,False,,,False,,True,Санкт-Петербург,,dind-dns-shop.ru-7a35f41002832ba2,product_page_or_listing,https://dns-shop.ru,True,collection_run,дрель,shared_live_search,run-4ae1c2e7,7a35f41002832ba27f6b0f45b96b13760edd1686c8ad039ca38d70a57c9dfaac,300664,False,dns-shop.ru,https://dns-shop.ru,дрель - DNS – интернет магазин цифровой и бытовой техники по доступным ценам.,False,dns-shop.ru,run-4ae1c2e7,Санкт-Петербург,shared_live_search,ok,1.1744000000180677,,36.54780000005849,18.0,18.0,18.0,False,,,,ok,False,34.021600000036415,2.5262000000220723,HTML parse + extraction; shared across modes,18,0,0,1.0,0.0,0.0,0,1,0,0,0,1.0,1.0,1.0,1.0,1.0,1.0,1.0,1.0,1.0
20261002T161451Z-d2eb76ee,industrial,original_fast_query,dind-dns-shop.ru-b189120c5c34179d,html/dns-shop.ru-run-77ea1710.html,playstation 5 slim,positive,True,18.0,18.0,18,0,0,1.0,18,0,0,18,0,0,18,0,0,industrial,html/dns-shop.ru-run-77ea1710.html,dns-shop.ru-run-77ea1710.html,run-77ea1710,dns-shop.ru,D:\Pet_Codes\science\article-price-tracker\industrial\html\dns-shop.ru-run-77ea1710.html,https://dns-shop.ru,https://dns-shop.ru,playstation 5 slim,Санкт-Петербург,shared_live_search,raw_html,,b189120c5c34179d8d84eab1fc044f57321233fcd9f142b89fecb6ab2acf40e0,b189120c5c34179d8d84eab1fc044f57321233fcd9f142b89fecb6ab2acf40e0,D:\Job_Codes\PriceTracker\.artifacts\collection\run-77ea1710\dns-shop.ru.html,False,run-77ea1710\dns-shop.ru.html,html/dns-shop.ru-run-77ea1710.html,application_import,,2026-05-12T07:50:52.886070+00:00,266716,False,False,,,False,,True,Санкт-Петербург,,dind-dns-shop.ru-b189120c5c34179d,product_page_or_listing,https://dns-shop.ru,True,collection_run,playstation 5 slim,shared_live_search,run-77ea1710,b189120c5c34179d8d84eab1fc044f57321233fcd9f142b89fecb6ab2acf40e0,288112,False,dns-shop.ru,https://dns-shop.ru,playstation 5 slim - DNS – интернет магазин цифровой и бытовой техники по доступным ценам.,False,dns-shop.ru,run-77ea1710,Санкт-Петербург,shared_live_search,ok,1.1106000000145286,,30.791299999982584,18.0,18.0,18.0,False,,,,ok,False,28.492399999988265,2.298899999994319,HTML parse + extraction; shared across modes,18,0,0,1.0,0.0,0.0,0,1,0,0,0,1.0,1.0,1.0,1.0,1.0,1.0,1.0,1.0,1.0
20261002T161451Z-d2eb76ee,industrial,original_fast_query,dind-dns-shop.ru-74d2e0772b88cccb,html/dns-shop.ru-run-94fca290.html,смартфон honor,positive,True,18.0,18.0,18,0,0,1.0,18,0,0,18,0,0,18,0,0,industrial,html/dns-shop.ru-run-94fca290.html,dns-shop.ru-run-94fca290.html,run-94fca290,dns-shop.ru,D:\Pet_Codes\science\article-price-tracker\industrial\html\dns-shop.ru-run-94fca290.html,https://dns-shop.ru,https://dns-shop.ru,смартфон honor,Санкт-Петербург,shared_live_search,raw_html,,74d2e0772b88cccb15d520cb838d5b67d4f0ae0cf7cb08704ce3edf17e47854b,74d2e0772b88cccb15d520cb838d5b67d4f0ae0cf7cb08704ce3edf17e47854b,D:\Job_Codes\PriceTracker\.artifacts\collection\run-94fca290\dns-shop.ru.html,False,run-94fca290\dns-shop.ru.html,html/dns-shop.ru-run-94fca290.html,application_import,,2026-05-12T12:06:38.458345+00:00,269352,False,False,,,False,,True,Санкт-Петербург,,dind-dns-shop.ru-74d2e0772b88cccb,product_page_or_listing,https://dns-shop.ru,True,collection_run,смартфон honor,shared_live_search,run-94fca290,74d2e0772b88cccb15d520cb838d5b67d4f0ae0cf7cb08704ce3edf17e47854b,291190,False,dns-shop.ru,https://dns-shop.ru,смартфон honor - DNS – интернет магазин цифровой и бытовой техники по доступным ценам.,False,dns-shop.ru,run-94fca290,Санкт-Петербург,shared_live_search,ok,1.1418999999877997,,43.09269999997923,18.0,18.0,18.0,False,,,,ok,False,39.95569999999134,3.136999999987893,HTML parse + extraction; shared across modes,18,0,0,1.0,0.0,0.0,0,1,0,0,0,1.0,1.0,1.0,1.0,1.0,1.0,1.0,1.0,1.0
20261002T161451Z-d2eb76ee,industrial,original_fast_query,dind-dns-shop.ru-8b9ca76d14a1d9e1,html/dns-shop.ru-run-b346efa2.html,дрель безударная,positive,True,18.0,18.0,18,0,0,1.0,18,0,0,18,0,0,18,0,0,industrial,html/dns-shop.ru-run-b346efa2.html,dns-shop.ru-run-b346efa2.html,run-b346efa2,dns-shop.ru,D:\Pet_Codes\science\article-price-tracker\industrial\html\dns-shop.ru-run-b346efa2.html,https://dns-shop.ru,https://dns-shop.ru,дрель безударная,Санкт-Петербург,shared_live_search,raw_html,,8b9ca76d14a1d9e165262ce07912c19d9e013241a9613dcb1294a8b37a665bb0,8b9ca76d14a1d9e165262ce07912c19d9e013241a9613dcb1294a8b37a665bb0,D:\Job_Codes\PriceTracker\.artifacts\collection\run-b346efa2\dns-shop.ru.html,False,run-b346efa2\dns-shop.ru.html,html/dns-shop.ru-run-b346efa2.html,application_import,,2026-05-11T15:08:06.857443+00:00,270072,False,False,,,False,,True,Санкт-Петербург,,dind-dns-shop.ru-8b9ca76d14a1d9e1,product_page_or_listing,https://dns-shop.ru,True,collection_run,дрель безударная,shared_live_search,run-b346efa2,8b9ca76d14a1d9e165262ce07912c19d9e013241a9613dcb1294a8b37a665bb0,292069,False,dns-shop.ru,https://dns-shop.ru,дрель безударная - DNS – интернет магазин цифровой и бытовой техники по доступным ценам.,False,dns-shop.ru,run-b346efa2,Санкт-Петербург,shared_live_search,ok,1.1995000000461005,,32.63859999994747,18.0,18.0,18.0,False,,,,ok,False,29.902599999972153,2.73599999997532,HTML parse + extraction; shared across modes,18,0,0,1.0,0.0,0.0,0,1,0,0,0,1.0,1.0,1.0,1.0,1.0,1.0,1.0,1.0,1.0
20261002T161451Z-d2eb76ee,industrial,original_fast_query,dind-etm.ru-5ec13e2b305fa590,html/etm.ru-run-8dd91d0f.html,дрель безударная,positive,True,9.0,1.0,1,8,0,1.0,1,0,8,1,0,8,1,0,8,industrial,html/etm.ru-run-8dd91d0f.html,etm.ru-run-8dd91d0f.html,run-8dd91d0f,etm.ru,D:\Pet_Codes\science\article-price-tracker\industrial\html\etm.ru-run-8dd91d0f.html,https://etm.ru,https://etm.ru,дрель безударная,Санкт-Петербург,shared_live_search,raw_html,,5ec13e2b305fa5906a36590ee4fec04fcb2db93a538171eb9c8409afe927875f,5ec13e2b305fa5906a36590ee4fec04fcb2db93a538171eb9c8409afe927875f,D:\Job_Codes\PriceTracker\.artifacts\collection\run-8dd91d0f\etm.ru.html,False,run-8dd91d0f\etm.ru.html,html/etm.ru-run-8dd91d0f.html,application_import,,2026-05-11T17:16:52.641490+00:00,621991,False,False,,,False,,True,Санкт-Петербург,,dind-etm.ru-5ec13e2b305fa590,product_page_or_listing,https://etm.ru,True,collection_run,дрель безударная,shared_live_search,run-8dd91d0f,5ec13e2b305fa5906a36590ee4fec04fcb2db93a538171eb9c8409afe927875f,633350,False,etm.ru,https://etm.ru,Дрель безударная купить оптом и в розницу в интернет-магазине ЭТМ iPRO,False,etm.ru,run-8dd91d0f,Санкт-Петербург,shared_live_search,ok,1.48230000003241,,918.131699999969,1.0,1.0,1.0,False,,,,ok,False,917.1721999999718,0.959499999997206,HTML parse + extraction; shared across modes,9,0,0,1.0,0.0,0.0,0,1,0,0,0,1.0,0.1111111111111111,0.19999999999999998,1.0,0.1111111111111111,0.19999999999999998,1.0,0.1111111111111111,0.19999999999999998
20261002T161451Z-d2eb76ee,industrial,original_fast_query,dind-etm.ru-ce65bfbecd538b17,html/etm.ru-run-b609a8c6.html,дрель ударная,positive,True,9.0,4.0,4,5,0,1.0,4,0,5,4,0,5,4,0,5,industrial,html/etm.ru-run-b609a8c6.html,etm.ru-run-b609a8c6.html,run-b609a8c6,etm.ru,D:\Pet_Codes\science\article-price-tracker\industrial\html\etm.ru-run-b609a8c6.html,https://etm.ru,https://etm.ru,дрель ударная,Санкт-Петербург,shared_live_search,raw_html,,ce65bfbecd538b173749bce1cc80a23f1ff5ce3777166a74d9666ef8565d01a6,ce65bfbecd538b173749bce1cc80a23f1ff5ce3777166a74d9666ef8565d01a6,D:\Job_Codes\PriceTracker\.artifacts\collection\run-b609a8c6\etm.ru.html,False,run-b609a8c6\etm.ru.html,html/etm.ru-run-b609a8c6.html,application_import,,2026-05-11T17:17:46.768602+00:00,646159,False,False,,,False,,True,Санкт-Петербург,,dind-etm.ru-ce65bfbecd538b17,product_page_or_listing,https://etm.ru,True,collection_run,дрель ударная,shared_live_search,run-b609a8c6,ce65bfbecd538b173749bce1cc80a23f1ff5ce3777166a74d9666ef8565d01a6,658572,False,etm.ru,https://etm.ru,Дрель ударная купить оптом и в розницу в интернет-магазине ЭТМ iPRO,False,etm.ru,run-b609a8c6,Санкт-Петербург,shared_live_search,ok,12.934000000008382,,1286.8912999999593,4.0,4.0,4.0,False,,,,ok,False,1285.9750999999815,0.9161999999778345,HTML parse + extraction; shared across modes,9,0,0,1.0,0.0,0.0,0,1,0,0,0,1.0,0.4444444444444444,0.6153846153846153,1.0,0.4444444444444444,0.6153846153846153,1.0,0.4444444444444444,0.6153846153846153
20261002T161451Z-d2eb76ee,industrial,original_fast_query,dind-hahn-kolb.ru-0b2260cfa1d12dea,html/hahn-kolb.ru-run-8238baa5.html,дрель безударная,missing_html,False,,,0,0,0,,0,0,0,0,0,0,0,0,0,industrial,html/hahn-kolb.ru-run-8238baa5.html,hahn-kolb.ru-run-8238baa5.html,run-8238baa5,hahn-kolb.ru,D:\Pet_Codes\science\article-price-tracker\industrial\html\hahn-kolb.ru-run-8238baa5.html,https://hahn-kolb.ru,https://hahn-kolb.ru,дрель безударная,Санкт-Петербург,shared_live_search,raw_html,missing_html,,0b2260cfa1d12dea4ca446d930e4896a9b598d69a6b2a1456f3946ef3d89c377,D:\Job_Codes\PriceTracker\.artifacts\collection\run-8238baa5\hahn-kolb.ru.html,False,run-8238baa5\hahn-kolb.ru.html,html/hahn-kolb.ru-run-8238baa5.html,application_import,,2026-05-11T13:36:10.198049+00:00,33751,False,False,,ru_no_products_matching_search,False,,True,Санкт-Петербург,,dind-hahn-kolb.ru-0b2260cfa1d12dea,empty_result,https://hahn-kolb.ru,False,collection_run,дрель безударная,shared_live_search,run-8238baa5,0b2260cfa1d12dea4ca446d930e4896a9b598d69a6b2a1456f3946ef3d89c377,37233,False,hahn-kolb.ru,https://hahn-kolb.ru,Поиск - дрель безударная,False,hahn-kolb.ru,run-8238baa5,Санкт-Петербург,shared_live_search,skipped,,,,,,,,,,,,,,,,0,0,0,,,,0,0,0,0,0,,,,,,,,,
20261002T161451Z-d2eb76ee,industrial,original_fast_query,dind-komus.ru-b05effd6532b7f9b,html/komus.ru-run-none1.html,карандаш,positive,True,30.0,27.0,27,3,0,1.0,27,0,3,27,0,3,18,9,12,industrial,html/komus.ru-run-none1.html,komus.ru-run-none1.html,run-none1,komus.ru,D:\Pet_Codes\science\article-price-tracker\industrial\html\komus.ru-run-none1.html,https://www.komus.ru/search?text=%D0%BA%D0%B0%D1%80%D0%B0%D0%BD%D0%B4%D0%B0%D1%88,https://www.komus.ru/search?text=%D0%BA%D0%B0%D1%80%D0%B0%D0%BD%D0%B4%D0%B0%D1%88,карандаш,,,raw_html,,b05effd6532b7f9b690431d701a7d3424071805ed280bb621b95d2f14fa0743d,b05effd6532b7f9b690431d701a7d3424071805ed280bb621b95d2f14fa0743d,D:\Job_Codes\PriceTracker\services\stealth-renderer\.artifacts\2026-05-04-sr-komus.ru\1777899625019-bd9tvk\page.html,False,2026-05-04-sr-komus.ru\1777899625019-bd9tvk\page.html,html/komus.ru-run-none1.html,application_import,,2026-05-04T13:00:55.248Z,725212,False,True,,,False,,True,,0.0,dind-komus.ru-b05effd6532b7f9b,product_page_or_listing,https://www.komus.ru/search?text=%D0%BA%D0%B0%D1%80%D0%B0%D0%BD%D0%B4%D0%B0%D1%88,True,stealth_renderer,карандаш,,,b05effd6532b7f9b690431d701a7d3424071805ed280bb621b95d2f14fa0743d,752820,False,komus.ru,https://www.komus.ru/search?text=%D0%BA%D0%B0%D1%80%D0%B0%D0%BD%D0%B4%D0%B0%D1%88,Вы искали карандаш | Сайт Комус,False,komus.ru,run-none1,,,ok,14.84020000003511,,6627.113599999982,27.0,27.0,27.0,False,,,,ok,False,6624.241399999999,2.8721999999834225,HTML parse + extraction; shared across modes,30,0,0,1.0,19378.792133333332,53.33662691025921,0,1,0,0,0,1.0,0.9,0.9473684210526316,1.0,0.9,0.9473684210526316,0.6666666666666666,0.6,0.631578947368421
20261002T161451Z-d2eb76ee,industrial,original_fast_query,dind-komus.ru-11490b3dd28bfa7d,html/komus.ru-run-none2.html,ручка гелевая,positive,True,30.0,27.0,27,3,0,1.0,27,0,3,27,0,3,22,5,8,industrial,html/komus.ru-run-none2.html,komus.ru-run-none2.html,run-none2,komus.ru,D:\Pet_Codes\science\article-price-tracker\industrial\html\komus.ru-run-none2.html,https://www.komus.ru/search/?text=%D1%80%D1%83%D1%87%D0%BA%D0%B0+%D0%B3%D0%B5%D0%BB%D0%B5%D0%B2%D0%B0%D1%8F,https://www.komus.ru/search/?text=%D1%80%D1%83%D1%87%D0%BA%D0%B0+%D0%B3%D0%B5%D0%BB%D0%B5%D0%B2%D0%B0%D1%8F,ручка гелевая,,,raw_html,,11490b3dd28bfa7de6cf29bf9c38b5ebf4349af16c8febe0f477380de24c361b,11490b3dd28bfa7de6cf29bf9c38b5ebf4349af16c8febe0f477380de24c361b,D:\Job_Codes\PriceTracker\services\stealth-renderer\.artifacts\2026-05-11-sr-komus.ru\1778520051230-3em0xv\page.html,False,2026-05-11-sr-komus.ru\1778520051230-3em0xv\page.html,html/komus.ru-run-none2.html,application_import,,2026-05-11T17:21:19.632Z,828076,False,True,,,False,,True,,0.0,dind-komus.ru-11490b3dd28bfa7d,product_page_or_listing,https://www.komus.ru/search/?text=%D1%80%D1%83%D1%87%D0%BA%D0%B0+%D0%B3%D0%B5%D0%BB%D0%B5%D0%B2%D0%B0%D1%8F,True,stealth_renderer,ручка гелевая,,,11490b3dd28bfa7de6cf29bf9c38b5ebf4349af16c8febe0f477380de24c361b,856206,False,komus.ru,https://www.komus.ru/search/?text=%D1%80%D1%83%D1%87%D0%BA%D0%B0+%D0%B3%D0%B5%D0%BB%D0%B5%D0%B2%D0%B0%D1%8F,Вы искали ручка гелевая | Сайт Комус,False,komus.ru,run-none2,,,ok,14.651399999973364,,7399.846900000004,27.0,27.0,27.0,False,,,,ok,False,7396.587300000014,3.2595999999903142,HTML parse + extraction; shared across modes,30,0,0,1.0,12600.562544444445,87.69159667112918,0,1,0,0,0,1.0,0.9,0.9473684210526316,1.0,0.9,0.9473684210526316,0.8148148148148148,0.7333333333333333,0.7719298245614035
20261002T161451Z-d2eb76ee,industrial,original_fast_query,dind-komus.ru-6ab2c63743e80fe2,html/komus.ru-run-none3.html,ручка гелевая,positive,True,30.0,27.0,27,3,0,1.0,27,0,3,27,0,3,22,5,8,industrial,html/komus.ru-run-none3.html,komus.ru-run-none3.html,run-none3,komus.ru,D:\Pet_Codes\science\article-price-tracker\industrial\html\komus.ru-run-none3.html,https://www.komus.ru/search/?text=%D1%80%D1%83%D1%87%D0%BA%D0%B0+%D0%B3%D0%B5%D0%BB%D0%B5%D0%B2%D0%B0%D1%8F,https://www.komus.ru/search/?text=%D1%80%D1%83%D1%87%D0%BA%D0%B0+%D0%B3%D0%B5%D0%BB%D0%B5%D0%B2%D0%B0%D1%8F,ручка гелевая,,,raw_html,,6ab2c63743e80fe2c598607e9a93e0e36cf50a646e9b2a6c3a72b15346f3b649,6ab2c63743e80fe2c598607e9a93e0e36cf50a646e9b2a6c3a72b15346f3b649,D:\Job_Codes\PriceTracker\services\stealth-renderer\.artifacts\2026-05-11-sr-komus.ru\1778520092426-o0b12w\page.html,False,2026-05-11-sr-komus.ru\1778520092426-o0b12w\page.html,html/komus.ru-run-none3.html,application_import,,2026-05-11T17:22:02.578Z,828095,False,True,,,False,,True,,0.0,dind-komus.ru-6ab2c63743e80fe2,product_page_or_listing,https://www.komus.ru/search/?text=%D1%80%D1%83%D1%87%D0%BA%D0%B0+%D0%B3%D0%B5%D0%BB%D0%B5%D0%B2%D0%B0%D1%8F,True,stealth_renderer,ручка гелевая,,,6ab2c63743e80fe2c598607e9a93e0e36cf50a646e9b2a6c3a72b15346f3b649,856225,False,komus.ru,https://www.komus.ru/search/?text=%D1%80%D1%83%D1%87%D0%BA%D0%B0+%D0%B3%D0%B5%D0%BB%D0%B5%D0%B2%D0%B0%D1%8F,Вы искали ручка гелевая | Сайт Комус,False,komus.ru,run-none3,,,ok,13.952999999979511,,7571.454700000002,27.0,27.0,27.0,False,,,,ok,False,7568.144499999995,3.310200000007171,HTML parse + extraction; shared across modes,30,0,0,1.0,12600.562544444445,87.69159667112918,0,1,0,0,0,1.0,0.9,0.9473684210526316,1.0,0.9,0.9473684210526316,0.8148148148148148,0.7333333333333333,0.7719298245614035
20261002T161451Z-d2eb76ee,industrial,original_fast_query,dind-komus.ru-6f7eb9ea777697b3,html/komus.ru-run-none4.html,ручка гелевая,positive,True,30.0,27.0,27,3,0,1.0,27,0,3,27,0,3,22,5,8,industrial,html/komus.ru-run-none4.html,komus.ru-run-none4.html,run-none4,komus.ru,D:\Pet_Codes\science\article-price-tracker\industrial\html\komus.ru-run-none4.html,https://www.komus.ru/search/?text=%D1%80%D1%83%D1%87%D0%BA%D0%B0+%D0%B3%D0%B5%D0%BB%D0%B5%D0%B2%D0%B0%D1%8F,https://www.komus.ru/search/?text=%D1%80%D1%83%D1%87%D0%BA%D0%B0+%D0%B3%D0%B5%D0%BB%D0%B5%D0%B2%D0%B0%D1%8F,ручка гелевая,,,raw_html,,6f7eb9ea777697b3b749cd1941bd5b5862af64a3a852fde6ce90115e2558057f,6f7eb9ea777697b3b749cd1941bd5b5862af64a3a852fde6ce90115e2558057f,D:\Job_Codes\PriceTracker\services\stealth-renderer\.artifacts\2026-05-11-sr-komus.ru\1778520238693-s86sit\page.html,False,2026-05-11-sr-komus.ru\1778520238693-s86sit\page.html,html/komus.ru-run-none4.html,application_import,,2026-05-11T17:24:30.356Z,834400,False,True,,,False,,True,,0.0,dind-komus.ru-6f7eb9ea777697b3,product_page_or_listing,https://www.komus.ru/search/?text=%D1%80%D1%83%D1%87%D0%BA%D0%B0+%D0%B3%D0%B5%D0%BB%D0%B5%D0%B2%D0%B0%D1%8F,True,stealth_renderer,ручка гелевая,,,6f7eb9ea777697b3b749cd1941bd5b5862af64a3a852fde6ce90115e2558057f,862600,False,komus.ru,https://www.komus.ru/search/?text=%D1%80%D1%83%D1%87%D0%BA%D0%B0+%D0%B3%D0%B5%D0%BB%D0%B5%D0%B2%D0%B0%D1%8F,Вы искали ручка гелевая | Сайт Комус,False,komus.ru,run-none4,,,ok,14.516300000017509,,7675.7513000000035,27.0,27.0,27.0,False,,,,ok,False,7672.514900000009,3.236399999994319,HTML parse + extraction; shared across modes,30,0,0,1.0,12600.562544444445,87.69159667112918,0,1,0,0,0,1.0,0.9,0.9473684210526316,1.0,0.9,0.9473684210526316,0.8148148148148148,0.7333333333333333,0.7719298245614035
20261002T161451Z-d2eb76ee,industrial,original_fast_query,dind-komus.ru-2cf9855072dedf49,html/komus.ru-run-none5.html,ручка гелевая,positive,True,30.0,27.0,27,3,0,1.0,27,0,3,27,0,3,22,5,8,industrial,html/komus.ru-run-none5.html,komus.ru-run-none5.html,run-none5,komus.ru,D:\Pet_Codes\science\article-price-tracker\industrial\html\komus.ru-run-none5.html,https://www.komus.ru/search/?text=%D1%80%D1%83%D1%87%D0%BA%D0%B0+%D0%B3%D0%B5%D0%BB%D0%B5%D0%B2%D0%B0%D1%8F&qid=0847827062,https://www.komus.ru/search/?text=%D1%80%D1%83%D1%87%D0%BA%D0%B0+%D0%B3%D0%B5%D0%BB%D0%B5%D0%B2%D0%B0%D1%8F&qid=0847827062,ручка гелевая,,,raw_html,,2cf9855072dedf49c069942213292cca7ae4f439e4759892363f74023e14042b,2cf9855072dedf49c069942213292cca7ae4f439e4759892363f74023e14042b,D:\Job_Codes\PriceTracker\services\stealth-renderer\.artifacts\2026-05-11-sr-komus.ru\1778520280831-06q6ne\page.html,False,2026-05-11-sr-komus.ru\1778520280831-06q6ne\page.html,html/komus.ru-run-none5.html,application_import,,2026-05-11T17:25:02.897Z,824367,False,True,,,False,,True,,0.0,dind-komus.ru-2cf9855072dedf49,product_page_or_listing,https://www.komus.ru/search/?text=%D1%80%D1%83%D1%87%D0%BA%D0%B0+%D0%B3%D0%B5%D0%BB%D0%B5%D0%B2%D0%B0%D1%8F&qid=0847827062,True,stealth_renderer,ручка гелевая,,,2cf9855072dedf49c069942213292cca7ae4f439e4759892363f74023e14042b,852497,False,komus.ru,https://www.komus.ru/search/?text=%D1%80%D1%83%D1%87%D0%BA%D0%B0+%D0%B3%D0%B5%D0%BB%D0%B5%D0%B2%D0%B0%D1%8F&qid=0847827062,Вы искали ручка гелевая | Сайт Комус,False,komus.ru,run-none5,,,ok,14.623699999996461,,7367.6101999999955,27.0,27.0,27.0,False,,,,ok,False,7363.1026999999885,4.507500000006985,HTML parse + extraction; shared across modes,30,0,0,1.0,12600.562544444445,87.69159667112918,0,1,0,0,0,1.0,0.9,0.9473684210526316,1.0,0.9,0.9473684210526316,0.8148148148148148,0.7333333333333333,0.7719298245614035
20261002T161451Z-d2eb76ee,industrial,original_fast_query,dind-komus.ru-023e5ca676225909,html/komus.ru-run-none6.html,ручка гелевая,positive,True,30.0,27.0,27,3,0,1.0,27,0,3,27,0,3,22,5,8,industrial,html/komus.ru-run-none6.html,komus.ru-run-none6.html,run-none6,komus.ru,D:\Pet_Codes\science\article-price-tracker\industrial\html\komus.ru-run-none6.html,https://www.komus.ru/search/?text=%D1%80%D1%83%D1%87%D0%BA%D0%B0+%D0%B3%D0%B5%D0%BB%D0%B5%D0%B2%D0%B0%D1%8F,https://www.komus.ru/search/?text=%D1%80%D1%83%D1%87%D0%BA%D0%B0+%D0%B3%D0%B5%D0%BB%D0%B5%D0%B2%D0%B0%D1%8F,ручка гелевая,,,raw_html,,023e5ca67622590938ae1669dc5b07fbcfe69583c7fe37aabc002f4200764944,023e5ca67622590938ae1669dc5b07fbcfe69583c7fe37aabc002f4200764944,D:\Job_Codes\PriceTracker\services\stealth-renderer\.artifacts\2026-05-11-sr-komus.ru\1778520315723-9kr7mj\page.html,False,2026-05-11-sr-komus.ru\1778520315723-9kr7mj\page.html,html/komus.ru-run-none6.html,application_import,,2026-05-11T17:25:40.551Z,828089,False,True,,,False,,True,,0.0,dind-komus.ru-023e5ca676225909,product_page_or_listing,https://www.komus.ru/search/?text=%D1%80%D1%83%D1%87%D0%BA%D0%B0+%D0%B3%D0%B5%D0%BB%D0%B5%D0%B2%D0%B0%D1%8F,True,stealth_renderer,ручка гелевая,,,023e5ca67622590938ae1669dc5b07fbcfe69583c7fe37aabc002f4200764944,856219,False,komus.ru,https://www.komus.ru/search/?text=%D1%80%D1%83%D1%87%D0%BA%D0%B0+%D0%B3%D0%B5%D0%BB%D0%B5%D0%B2%D0%B0%D1%8F,Вы искали ручка гелевая | Сайт Комус,False,komus.ru,run-none6,,,ok,2.2207999999518506,,7413.079700000002,27.0,27.0,27.0,False,,,,ok,False,7409.4523000000045,3.6273999999975786,HTML parse + extraction; shared across modes,30,0,0,1.0,12600.562544444445,87.69159667112918,0,1,0,0,0,1.0,0.9,0.9473684210526316,1.0,0.9,0.9473684210526316,0.8148148148148148,0.7333333333333333,0.7719298245614035
20261002T161451Z-d2eb76ee,industrial,original_fast_query,dind-komus.ru-58c1a96dda4c3778,html/komus.ru-run-none7.html,ручка гелевая,positive,True,30.0,27.0,27,3,0,1.0,27,0,3,27,0,3,22,5,8,industrial,html/komus.ru-run-none7.html,komus.ru-run-none7.html,run-none7,komus.ru,D:\Pet_Codes\science\article-price-tracker\industrial\html\komus.ru-run-none7.html,https://www.komus.ru/search/?text=%D1%80%D1%83%D1%87%D0%BA%D0%B0+%D0%B3%D0%B5%D0%BB%D0%B5%D0%B2%D0%B0%D1%8F,https://www.komus.ru/search/?text=%D1%80%D1%83%D1%87%D0%BA%D0%B0+%D0%B3%D0%B5%D0%BB%D0%B5%D0%B2%D0%B0%D1%8F,ручка гелевая,,,raw_html,,58c1a96dda4c3778a6472133bf16fecb96d8ed1432816a83c06da7f84844ff26,58c1a96dda4c3778a6472133bf16fecb96d8ed1432816a83c06da7f84844ff26,D:\Job_Codes\PriceTracker\services\stealth-renderer\.artifacts\2026-05-11-sr-komus.ru\1778520354030-1z5axs\page.html,False,2026-05-11-sr-komus.ru\1778520354030-1z5axs\page.html,html/komus.ru-run-none7.html,application_import,,2026-05-11T17:26:19.554Z,828105,False,True,,,False,,True,,0.0,dind-komus.ru-58c1a96dda4c3778,product_page_or_listing,https://www.komus.ru/search/?text=%D1%80%D1%83%D1%87%D0%BA%D0%B0+%D0%B3%D0%B5%D0%BB%D0%B5%D0%B2%D0%B0%D1%8F,True,stealth_renderer,ручка гелевая,,,58c1a96dda4c3778a6472133bf16fecb96d8ed1432816a83c06da7f84844ff26,856235,False,komus.ru,https://www.komus.ru/search/?text=%D1%80%D1%83%D1%87%D0%BA%D0%B0+%D0%B3%D0%B5%D0%BB%D0%B5%D0%B2%D0%B0%D1%8F,Вы искали ручка гелевая | Сайт Комус,False,komus.ru,run-none7,,,ok,13.019700000004377,,7422.16180000006,27.0,27.0,27.0,False,,,,ok,False,7418.905300000042,3.256500000017695,HTML parse + extraction; shared across modes,30,0,0,1.0,12600.562544444445,87.69159667112918,0,1,0,0,0,1.0,0.9,0.9473684210526316,1.0,0.9,0.9473684210526316,0.8148148148148148,0.7333333333333333,0.7719298245614035
20261002T161451Z-d2eb76ee,industrial,original_fast_query,dind-komus.ru-c0e90dc894a3f454,html/komus.ru-run-none8.html,ручка гелевая,negative,True,0.0,0.0,0,0,0,1.0,0,0,0,0,0,0,0,0,0,industrial,html/komus.ru-run-none8.html,komus.ru-run-none8.html,run-none8,komus.ru,D:\Pet_Codes\science\article-price-tracker\industrial\html\komus.ru-run-none8.html,https://www.komus.ru/search/?text=%D1%80%D1%83%D1%87%D0%BA%D0%B0+%D0%B3%D0%B5%D0%BB%D0%B5%D0%B2%D0%B0%D1%8F,https://www.komus.ru/search/?text=%D1%80%D1%83%D1%87%D0%BA%D0%B0+%D0%B3%D0%B5%D0%BB%D0%B5%D0%B2%D0%B0%D1%8F,ручка гелевая,,,raw_html,,c0e90dc894a3f4542ccc6c947f152146370967e6bd169455533d160d559e7845,c0e90dc894a3f4542ccc6c947f152146370967e6bd169455533d160d559e7845,D:\Job_Codes\PriceTracker\services\stealth-renderer\.artifacts\2026-05-11-sr-komus.ru\1778520388956-qq9wmi\page.html,False,2026-05-11-sr-komus.ru\1778520388956-qq9wmi\page.html,html/komus.ru-run-none8.html,application_import,,2026-05-11T17:26:53.939Z,228908,False,True,,,False,,True,,0.0,dind-komus.ru-c0e90dc894a3f454,product_page_or_listing,https://www.komus.ru/search/?text=%D1%80%D1%83%D1%87%D0%BA%D0%B0+%D0%B3%D0%B5%D0%BB%D0%B5%D0%B2%D0%B0%D1%8F,True,stealth_renderer,ручка гелевая,,,c0e90dc894a3f4542ccc6c947f152146370967e6bd169455533d160d559e7845,246569,False,komus.ru,https://www.komus.ru/search/?text=%D1%80%D1%83%D1%87%D0%BA%D0%B0+%D0%B3%D0%B5%D0%BB%D0%B5%D0%B2%D0%B0%D1%8F,Розыгрыш карт Комус при оплате онлайн | Сайт Комус,False,komus.ru,run-none8,,,ok,13.838200000056531,,1729.0531000000192,0.0,0.0,0.0,False,,,,ok,False,1728.8408000000054,0.21230000001378357,HTML parse + extraction; shared across modes,0,0,0,,,,0,0,0,0,1,0.0,0.0,0.0,0.0,0.0,0.0,0.0,0.0,0.0
20261002T161451Z-d2eb76ee,industrial,original_fast_query,dind-komus.ru-41d20e640e2f54ca,html/komus.ru-run-none9.html,ручка гелевая,positive,True,30.0,27.0,27,3,0,1.0,27,0,3,27,0,3,22,5,8,industrial,html/komus.ru-run-none9.html,komus.ru-run-none9.html,run-none9,komus.ru,D:\Pet_Codes\science\article-price-tracker\industrial\html\komus.ru-run-none9.html,https://www.komus.ru/search/?text=%D1%80%D1%83%D1%87%D0%BA%D0%B0+%D0%B3%D0%B5%D0%BB%D0%B5%D0%B2%D0%B0%D1%8F,https://www.komus.ru/search/?text=%D1%80%D1%83%D1%87%D0%BA%D0%B0+%D0%B3%D0%B5%D0%BB%D0%B5%D0%B2%D0%B0%D1%8F,ручка гелевая,,,raw_html,,41d20e640e2f54cac9acb367db63541a738632e443170d3e72de8867a488461d,41d20e640e2f54cac9acb367db63541a738632e443170d3e72de8867a488461d,D:\Job_Codes\PriceTracker\services\stealth-renderer\.artifacts\2026-05-11-sr-komus.ru\1778520419779-7j1eah\page.html,False,2026-05-11-sr-komus.ru\1778520419779-7j1eah\page.html,html/komus.ru-run-none9.html,application_import,,2026-05-11T17:27:25.293Z,834393,False,True,,,False,,True,,0.0,dind-komus.ru-41d20e640e2f54ca,product_page_or_listing,https://www.komus.ru/search/?text=%D1%80%D1%83%D1%87%D0%BA%D0%B0+%D0%B3%D0%B5%D0%BB%D0%B5%D0%B2%D0%B0%D1%8F,True,stealth_renderer,ручка гелевая,,,41d20e640e2f54cac9acb367db63541a738632e443170d3e72de8867a488461d,862593,False,komus.ru,https://www.komus.ru/search/?text=%D1%80%D1%83%D1%87%D0%BA%D0%B0+%D0%B3%D0%B5%D0%BB%D0%B5%D0%B2%D0%B0%D1%8F,Вы искали ручка гелевая | Сайт Комус,False,komus.ru,run-none9,,,ok,13.144800000009127,,7586.225800000015,27.0,27.0,27.0,False,,,,ok,False,7583.015500000038,3.2102999999769963,HTML parse + extraction; shared across modes,30,0,0,1.0,12600.562544444445,87.69159667112918,0,1,0,0,0,1.0,0.9,0.9473684210526316,1.0,0.9,0.9473684210526316,0.8148148148148148,0.7333333333333333,0.7719298245614035
20261002T161451Z-d2eb76ee,industrial,original_fast_query,dind-komus.ru-607c4231e49e9843,html/komus.ru-run-none10.html,ручка гелевая,positive,True,30.0,27.0,27,3,0,1.0,27,0,3,27,0,3,22,5,8,industrial,html/komus.ru-run-none10.html,komus.ru-run-none10.html,run-none10,komus.ru,D:\Pet_Codes\science\article-price-tracker\industrial\html\komus.ru-run-none10.html,https://www.komus.ru/search/?text=%D1%80%D1%83%D1%87%D0%BA%D0%B0+%D0%B3%D0%B5%D0%BB%D0%B5%D0%B2%D0%B0%D1%8F,https://www.komus.ru/search/?text=%D1%80%D1%83%D1%87%D0%BA%D0%B0+%D0%B3%D0%B5%D0%BB%D0%B5%D0%B2%D0%B0%D1%8F,ручка гелевая,,,raw_html,,607c4231e49e9843033eca6a0b913b54efa0759997993b3928c287f82861917f,607c4231e49e9843033eca6a0b913b54efa0759997993b3928c287f82861917f,D:\Job_Codes\PriceTracker\services\stealth-renderer\.artifacts\2026-05-11-sr-komus.ru\1778522232013-ugnkib\page.html,False,2026-05-11-sr-komus.ru\1778522232013-ugnkib\page.html,html/komus.ru-run-none10.html,application_import,,2026-05-11T17:57:40.602Z,828078,False,True,,,False,,True,,0.0,dind-komus.ru-607c4231e49e9843,product_page_or_listing,https://www.komus.ru/search/?text=%D1%80%D1%83%D1%87%D0%BA%D0%B0+%D0%B3%D0%B5%D0%BB%D0%B5%D0%B2%D0%B0%D1%8F,True,stealth_renderer,ручка гелевая,,,607c4231e49e9843033eca6a0b913b54efa0759997993b3928c287f82861917f,856208,False,komus.ru,https://www.komus.ru/search/?text=%D1%80%D1%83%D1%87%D0%BA%D0%B0+%D0%B3%D0%B5%D0%BB%D0%B5%D0%B2%D0%B0%D1%8F,Вы искали ручка гелевая | Сайт Комус,False,komus.ru,run-none10,,,ok,13.708699999959208,,7535.684000000067,27.0,27.0,27.0,False,,,,ok,False,7532.453000000038,3.231000000028871,HTML parse + extraction; shared across modes,30,0,0,1.0,12600.562544444445,87.69159667112918,0,1,0,0,0,1.0,0.9,0.9473684210526316,1.0,0.9,0.9473684210526316,0.8148148148148148,0.7333333333333333,0.7719298245614035
20261002T161451Z-d2eb76ee,industrial,original_fast_query,dind-komus.ru-cee4656ff9fe75f8,html/komus.ru-run-none11.html,ручка гелевая,positive,True,30.0,27.0,27,3,0,1.0,27,0,3,27,0,3,22,5,8,industrial,html/komus.ru-run-none11.html,komus.ru-run-none11.html,run-none11,komus.ru,D:\Pet_Codes\science\article-price-tracker\industrial\html\komus.ru-run-none11.html,https://www.komus.ru/search/?text=%D1%80%D1%83%D1%87%D0%BA%D0%B0+%D0%B3%D0%B5%D0%BB%D0%B5%D0%B2%D0%B0%D1%8F,https://www.komus.ru/search/?text=%D1%80%D1%83%D1%87%D0%BA%D0%B0+%D0%B3%D0%B5%D0%BB%D0%B5%D0%B2%D0%B0%D1%8F,ручка гелевая,,,raw_html,,cee4656ff9fe75f83081bff8ae595f29dacb375a51ecaa307aa3539fea4e9ad1,cee4656ff9fe75f83081bff8ae595f29dacb375a51ecaa307aa3539fea4e9ad1,D:\Job_Codes\PriceTracker\services\stealth-renderer\.artifacts\2026-05-11-sr-komus.ru\1778522273340-ilkkjy\page.html,False,2026-05-11-sr-komus.ru\1778522273340-ilkkjy\page.html,html/komus.ru-run-none11.html,application_import,,2026-05-11T17:58:16.209Z,828080,False,True,,,False,,True,,0.0,dind-komus.ru-cee4656ff9fe75f8,product_page_or_listing,https://www.komus.ru/search/?text=%D1%80%D1%83%D1%87%D0%BA%D0%B0+%D0%B3%D0%B5%D0%BB%D0%B5%D0%B2%D0%B0%D1%8F,True,stealth_renderer,ручка гелевая,,,cee4656ff9fe75f83081bff8ae595f29dacb375a51ecaa307aa3539fea4e9ad1,856210,False,komus.ru,https://www.komus.ru/search/?text=%D1%80%D1%83%D1%87%D0%BA%D0%B0+%D0%B3%D0%B5%D0%BB%D0%B5%D0%B2%D0%B0%D1%8F,Вы искали ручка гелевая | Сайт Комус,False,komus.ru,run-none11,,,ok,14.198099999979604,,7668.075799999991,27.0,27.0,27.0,False,,,,ok,False,7664.877700000012,3.198099999979604,HTML parse + extraction; shared across modes,30,0,0,1.0,12600.562544444445,87.69159667112918,0,1,0,0,0,1.0,0.9,0.9473684210526316,1.0,0.9,0.9473684210526316,0.8148148148148148,0.7333333333333333,0.7719298245614035
20261002T161451Z-d2eb76ee,industrial,original_fast_query,dind-komus.ru-329f550a6d3b95ff,html/komus.ru-run-none12.html,ручка гелевая,positive,True,30.0,27.0,27,3,0,1.0,27,0,3,27,0,3,22,5,8,industrial,html/komus.ru-run-none12.html,komus.ru-run-none12.html,run-none12,komus.ru,D:\Pet_Codes\science\article-price-tracker\industrial\html\komus.ru-run-none12.html,https://www.komus.ru/search/?text=%D1%80%D1%83%D1%87%D0%BA%D0%B0+%D0%B3%D0%B5%D0%BB%D0%B5%D0%B2%D0%B0%D1%8F,https://www.komus.ru/search/?text=%D1%80%D1%83%D1%87%D0%BA%D0%B0+%D0%B3%D0%B5%D0%BB%D0%B5%D0%B2%D0%B0%D1%8F,ручка гелевая,,,raw_html,,329f550a6d3b95ff6550acde02c3861ae4fd8b096ff87756951df8656b21a7f1,329f550a6d3b95ff6550acde02c3861ae4fd8b096ff87756951df8656b21a7f1,D:\Job_Codes\PriceTracker\services\stealth-renderer\.artifacts\2026-05-11-sr-komus.ru\1778522867446-2ay875\page.html,False,2026-05-11-sr-komus.ru\1778522867446-2ay875\page.html,html/komus.ru-run-none12.html,application_import,,2026-05-11T18:08:10.153Z,828082,False,True,,,False,,True,,0.0,dind-komus.ru-329f550a6d3b95ff,product_page_or_listing,https://www.komus.ru/search/?text=%D1%80%D1%83%D1%87%D0%BA%D0%B0+%D0%B3%D0%B5%D0%BB%D0%B5%D0%B2%D0%B0%D1%8F,True,stealth_renderer,ручка гелевая,,,329f550a6d3b95ff6550acde02c3861ae4fd8b096ff87756951df8656b21a7f1,856212,False,komus.ru,https://www.komus.ru/search/?text=%D1%80%D1%83%D1%87%D0%BA%D0%B0+%D0%B3%D0%B5%D0%BB%D0%B5%D0%B2%D0%B0%D1%8F,Вы искали ручка гелевая | Сайт Комус,False,komus.ru,run-none12,,,ok,1.9934999999823049,,7849.2031000000425,27.0,27.0,27.0,False,,,,ok,False,7845.90750000003,3.2956000000122003,HTML parse + extraction; shared across modes,30,0,0,1.0,12600.562544444445,87.69159667112918,0,1,0,0,0,1.0,0.9,0.9473684210526316,1.0,0.9,0.9473684210526316,0.8148148148148148,0.7333333333333333,0.7719298245614035
20261002T161451Z-d2eb76ee,industrial,original_fast_query,dind-komus.ru-6f947666964b40f8,html/komus.ru-run-none13.html,ручка гелевая,positive,True,30.0,27.0,27,3,0,1.0,27,0,3,27,0,3,22,5,8,industrial,html/komus.ru-run-none13.html,komus.ru-run-none13.html,run-none13,komus.ru,D:\Pet_Codes\science\article-price-tracker\industrial\html\komus.ru-run-none13.html,https://www.komus.ru/search/?text=%D1%80%D1%83%D1%87%D0%BA%D0%B0+%D0%B3%D0%B5%D0%BB%D0%B5%D0%B2%D0%B0%D1%8F&qid=9249079526,https://www.komus.ru/search/?text=%D1%80%D1%83%D1%87%D0%BA%D0%B0+%D0%B3%D0%B5%D0%BB%D0%B5%D0%B2%D0%B0%D1%8F&qid=9249079526,ручка гелевая,,,raw_html,,6f947666964b40f81c299ae03b3d843686afd4ebed7684903da2cd3710c3ddc1,6f947666964b40f81c299ae03b3d843686afd4ebed7684903da2cd3710c3ddc1,D:\Job_Codes\PriceTracker\services\stealth-renderer\.artifacts\2026-05-11-sr-komus.ru\1778522899898-jrxxm5\page.html,False,2026-05-11-sr-komus.ru\1778522899898-jrxxm5\page.html,html/komus.ru-run-none13.html,application_import,,2026-05-11T18:08:39.776Z,841897,False,True,,,False,,True,,0.0,dind-komus.ru-6f947666964b40f8,product_page_or_listing,https://www.komus.ru/search/?text=%D1%80%D1%83%D1%87%D0%BA%D0%B0+%D0%B3%D0%B5%D0%BB%D0%B5%D0%B2%D0%B0%D1%8F&qid=9249079526,True,stealth_renderer,ручка гелевая,,,6f947666964b40f81c299ae03b3d843686afd4ebed7684903da2cd3710c3ddc1,871043,False,komus.ru,https://www.komus.ru/search/?text=%D1%80%D1%83%D1%87%D0%BA%D0%B0+%D0%B3%D0%B5%D0%BB%D0%B5%D0%B2%D0%B0%D1%8F&qid=9249079526,Вы искали ручка гелевая | Сайт Комус,False,komus.ru,run-none13,,,ok,2.943299999984447,,8562.797299999918,27.0,27.0,27.0,False,,,,ok,False,8559.461299999966,3.335999999952037,HTML parse + extraction; shared across modes,30,0,0,1.0,12600.562544444445,87.69159667112918,0,1,0,0,0,1.0,0.9,0.9473684210526316,1.0,0.9,0.9473684210526316,0.8148148148148148,0.7333333333333333,0.7719298245614035
20261002T161451Z-d2eb76ee,industrial,original_fast_query,dind-komus.ru-84cbf3c2771d2ecd,html/komus.ru-run-none14.html,ручка гелевая,positive,True,30.0,27.0,27,3,0,1.0,27,0,3,27,0,3,22,5,8,industrial,html/komus.ru-run-none14.html,komus.ru-run-none14.html,run-none14,komus.ru,D:\Pet_Codes\science\article-price-tracker\industrial\html\komus.ru-run-none14.html,https://www.komus.ru/search/?text=%D1%80%D1%83%D1%87%D0%BA%D0%B0+%D0%B3%D0%B5%D0%BB%D0%B5%D0%B2%D0%B0%D1%8F&qid=7537159397&listingMode=PLAIN,https://www.komus.ru/search/?text=%D1%80%D1%83%D1%87%D0%BA%D0%B0+%D0%B3%D0%B5%D0%BB%D0%B5%D0%B2%D0%B0%D1%8F&qid=7537159397&listingMode=PLAIN,ручка гелевая,,,raw_html,,84cbf3c2771d2ecd3d991511a9a8d2ed46ca723e7190be3701376b5f22c7af66,84cbf3c2771d2ecd3d991511a9a8d2ed46ca723e7190be3701376b5f22c7af66,D:\Job_Codes\PriceTracker\services\stealth-renderer\.artifacts\2026-05-11-sr-komus.ru\1778523079465-lwirrx\page.html,False,2026-05-11-sr-komus.ru\1778523079465-lwirrx\page.html,html/komus.ru-run-none14.html,application_import,,2026-05-11T18:11:39.488Z,828032,False,True,,,False,,True,,0.0,dind-komus.ru-84cbf3c2771d2ecd,product_page_or_listing,https://www.komus.ru/search/?text=%D1%80%D1%83%D1%87%D0%BA%D0%B0+%D0%B3%D0%B5%D0%BB%D0%B5%D0%B2%D0%B0%D1%8F&qid=7537159397&listingMode=PLAIN,True,stealth_renderer,ручка гелевая,,,84cbf3c2771d2ecd3d991511a9a8d2ed46ca723e7190be3701376b5f22c7af66,856162,False,komus.ru,https://www.komus.ru/search/?text=%D1%80%D1%83%D1%87%D0%BA%D0%B0+%D0%B3%D0%B5%D0%BB%D0%B5%D0%B2%D0%B0%D1%8F&qid=7537159397&listingMode=PLAIN,Вы искали ручка гелевая | Сайт Комус,False,komus.ru,run-none14,,,ok,13.861700000008568,,7485.514199999918,27.0,27.0,27.0,False,,,,ok,False,7481.5000999999465,4.014099999971222,HTML parse + extraction; shared across modes,30,0,0,1.0,12600.562544444445,87.69159667112918,0,1,0,0,0,1.0,0.9,0.9473684210526316,1.0,0.9,0.9473684210526316,0.8148148148148148,0.7333333333333333,0.7719298245614035
20261002T161451Z-d2eb76ee,industrial,original_fast_query,dind-komus.ru-c4ec811f50b580fc,html/komus.ru-run-none15.html,ручка гелевая,positive,True,30.0,27.0,27,3,0,1.0,27,0,3,27,0,3,22,5,8,industrial,html/komus.ru-run-none15.html,komus.ru-run-none15.html,run-none15,komus.ru,D:\Pet_Codes\science\article-price-tracker\industrial\html\komus.ru-run-none15.html,https://www.komus.ru/search/?text=%D1%80%D1%83%D1%87%D0%BA%D0%B0+%D0%B3%D0%B5%D0%BB%D0%B5%D0%B2%D0%B0%D1%8F&qid=4324214800&listingMode=PLAIN,https://www.komus.ru/search/?text=%D1%80%D1%83%D1%87%D0%BA%D0%B0+%D0%B3%D0%B5%D0%BB%D0%B5%D0%B2%D0%B0%D1%8F&qid=4324214800&listingMode=PLAIN,ручка гелевая,,,raw_html,,c4ec811f50b580fc4878e0bf322135f10f8725ba81fb2e068ebafe15c5c9c6c8,c4ec811f50b580fc4878e0bf322135f10f8725ba81fb2e068ebafe15c5c9c6c8,D:\Job_Codes\PriceTracker\services\stealth-renderer\.artifacts\2026-05-11-sr-komus.ru\1778523108674-i4q2og\page.html,False,2026-05-11-sr-komus.ru\1778523108674-i4q2og\page.html,html/komus.ru-run-none15.html,application_import,,2026-05-11T18:12:11.285Z,828079,False,True,,,False,,True,,0.0,dind-komus.ru-c4ec811f50b580fc,product_page_or_listing,https://www.komus.ru/search/?text=%D1%80%D1%83%D1%87%D0%BA%D0%B0+%D0%B3%D0%B5%D0%BB%D0%B5%D0%B2%D0%B0%D1%8F&qid=4324214800&listingMode=PLAIN,True,stealth_renderer,ручка гелевая,,,c4ec811f50b580fc4878e0bf322135f10f8725ba81fb2e068ebafe15c5c9c6c8,856209,False,komus.ru,https://www.komus.ru/search/?text=%D1%80%D1%83%D1%87%D0%BA%D0%B0+%D0%B3%D0%B5%D0%BB%D0%B5%D0%B2%D0%B0%D1%8F&qid=4324214800&listingMode=PLAIN,Вы искали ручка гелевая | Сайт Комус,False,komus.ru,run-none15,,,ok,2.2405999999609776,,7402.4695000000065,27.0,27.0,27.0,False,,,,ok,False,7399.19160000002,3.2778999999864027,HTML parse + extraction; shared across modes,30,0,0,1.0,12600.562544444445,87.69159667112918,0,1,0,0,0,1.0,0.9,0.9473684210526316,1.0,0.9,0.9473684210526316,0.8148148148148148,0.7333333333333333,0.7719298245614035
20261002T161451Z-d2eb76ee,industrial,original_fast_query,dind-komus.ru-7a31877560a20352,html/komus.ru-run-none16.html,ручка гелевая,positive,True,30.0,27.0,27,3,0,1.0,27,0,3,27,0,3,22,5,8,industrial,html/komus.ru-run-none16.html,komus.ru-run-none16.html,run-none16,komus.ru,D:\Pet_Codes\science\article-price-tracker\industrial\html\komus.ru-run-none16.html,https://www.komus.ru/search/?text=%D1%80%D1%83%D1%87%D0%BA%D0%B0+%D0%B3%D0%B5%D0%BB%D0%B5%D0%B2%D0%B0%D1%8F&qid=1600969827,https://www.komus.ru/search/?text=%D1%80%D1%83%D1%87%D0%BA%D0%B0+%D0%B3%D0%B5%D0%BB%D0%B5%D0%B2%D0%B0%D1%8F&qid=1600969827,ручка гелевая,,,raw_html,,7a31877560a203522859a78de3a90000e99cd52305b67ffae8a8cae2968e28c4,7a31877560a203522859a78de3a90000e99cd52305b67ffae8a8cae2968e28c4,D:\Job_Codes\PriceTracker\services\stealth-renderer\.artifacts\2026-05-11-sr-komus.ru\1778523530611-g56gmk\page.html,False,2026-05-11-sr-komus.ru\1778523530611-g56gmk\page.html,html/komus.ru-run-none16.html,application_import,,2026-05-11T18:19:13.877Z,828076,False,True,,,False,,True,,0.0,dind-komus.ru-7a31877560a20352,product_page_or_listing,https://www.komus.ru/search/?text=%D1%80%D1%83%D1%87%D0%BA%D0%B0+%D0%B3%D0%B5%D0%BB%D0%B5%D0%B2%D0%B0%D1%8F&qid=1600969827,True,stealth_renderer,ручка гелевая,,,7a31877560a203522859a78de3a90000e99cd52305b67ffae8a8cae2968e28c4,856206,False,komus.ru,https://www.komus.ru/search/?text=%D1%80%D1%83%D1%87%D0%BA%D0%B0+%D0%B3%D0%B5%D0%BB%D0%B5%D0%B2%D0%B0%D1%8F&qid=1600969827,Вы искали ручка гелевая | Сайт Комус,False,komus.ru,run-none16,,,ok,13.775599999993574,,7509.425099999993,27.0,27.0,27.0,False,,,,ok,False,7506.167400000035,3.2576999999582767,HTML parse + extraction; shared across modes,30,0,0,1.0,12600.562544444445,87.69159667112918,0,1,0,0,0,1.0,0.9,0.9473684210526316,1.0,0.9,0.9473684210526316,0.8148148148148148,0.7333333333333333,0.7719298245614035
20261002T161451Z-d2eb76ee,industrial,original_fast_query,dind-komus.ru-31fd7c045fb2ea41,html/komus.ru-run-none17.html,ручка гелевая,positive,True,30.0,27.0,27,3,0,1.0,27,0,3,27,0,3,22,5,8,industrial,html/komus.ru-run-none17.html,komus.ru-run-none17.html,run-none17,komus.ru,D:\Pet_Codes\science\article-price-tracker\industrial\html\komus.ru-run-none17.html,https://www.komus.ru/search/?text=%D1%80%D1%83%D1%87%D0%BA%D0%B0+%D0%B3%D0%B5%D0%BB%D0%B5%D0%B2%D0%B0%D1%8F&qid=3003386798,https://www.komus.ru/search/?text=%D1%80%D1%83%D1%87%D0%BA%D0%B0+%D0%B3%D0%B5%D0%BB%D0%B5%D0%B2%D0%B0%D1%8F&qid=3003386798,ручка гелевая,,,raw_html,,31fd7c045fb2ea41ce6f46536a30e8516fe2bb629b788bcaee0098c7643afab6,31fd7c045fb2ea41ce6f46536a30e8516fe2bb629b788bcaee0098c7643afab6,D:\Job_Codes\PriceTracker\services\stealth-renderer\.artifacts\2026-05-11-sr-komus.ru\1778523563378-4hgqnf\page.html,False,2026-05-11-sr-komus.ru\1778523563378-4hgqnf\page.html,html/komus.ru-run-none17.html,application_import,,2026-05-11T18:19:41.807Z,834373,False,True,,,False,,True,,0.0,dind-komus.ru-31fd7c045fb2ea41,product_page_or_listing,https://www.komus.ru/search/?text=%D1%80%D1%83%D1%87%D0%BA%D0%B0+%D0%B3%D0%B5%D0%BB%D0%B5%D0%B2%D0%B0%D1%8F&qid=3003386798,True,stealth_renderer,ручка гелевая,,,31fd7c045fb2ea41ce6f46536a30e8516fe2bb629b788bcaee0098c7643afab6,862573,False,komus.ru,https://www.komus.ru/search/?text=%D1%80%D1%83%D1%87%D0%BA%D0%B0+%D0%B3%D0%B5%D0%BB%D0%B5%D0%B2%D0%B0%D1%8F&qid=3003386798,Вы искали ручка гелевая | Сайт Комус,False,komus.ru,run-none17,,,ok,15.073399999993853,,7595.068500000052,27.0,27.0,27.0,False,,,,ok,False,7591.801100000041,3.2674000000115484,HTML parse + extraction; shared across modes,30,0,0,1.0,12600.562544444445,87.69159667112918,0,1,0,0,0,1.0,0.9,0.9473684210526316,1.0,0.9,0.9473684210526316,0.8148148148148148,0.7333333333333333,0.7719298245614035
20261002T161451Z-d2eb76ee,industrial,original_fast_query,dind-komus.ru-d35e011b185be0a6,html/komus.ru-run-none18.html,"gfhdmgjh,,jfgnb",negative,True,0.0,0.0,0,0,0,1.0,0,0,0,0,0,0,0,0,0,industrial,html/komus.ru-run-none18.html,komus.ru-run-none18.html,run-none18,komus.ru,D:\Pet_Codes\science\article-price-tracker\industrial\html\komus.ru-run-none18.html,"https://www.komus.ru/search?text=gfhdmgjh,,jfgnb&result=empty&qid=1328018485","https://www.komus.ru/search?text=gfhdmgjh,,jfgnb&result=empty&qid=1328018485","gfhdmgjh,,jfgnb",,,raw_html,,d35e011b185be0a6d74a94d3fbc068e3a1520829d75eaa6a814fd349eb41743d,d35e011b185be0a6d74a94d3fbc068e3a1520829d75eaa6a814fd349eb41743d,D:\Job_Codes\PriceTracker\services\stealth-renderer\.artifacts\2026-05-11-sr-komus.ru\1778523610593-8diuwz\page.html,False,2026-05-11-sr-komus.ru\1778523610593-8diuwz\page.html,html/komus.ru-run-none18.html,application_import,,2026-05-11T18:20:27.481Z,146590,False,True,,,False,,True,,0.0,dind-komus.ru-d35e011b185be0a6,product_page_or_listing,"https://www.komus.ru/search?text=gfhdmgjh,,jfgnb&result=empty&qid=1328018485",True,stealth_renderer,"gfhdmgjh,,jfgnb",,,d35e011b185be0a6d74a94d3fbc068e3a1520829d75eaa6a814fd349eb41743d,160790,False,komus.ru,"https://www.komus.ru/search?text=gfhdmgjh,,jfgnb&result=empty&qid=1328018485","Вы искали gfhdmgjh,,jfgnb | Сайт Комус",False,komus.ru,run-none18,,,ok,13.402999999932945,,1749.1141000000061,0.0,0.0,0.0,False,,,,empty,False,1749.0744000000414,0.03969999996479601,HTML parse + extraction; shared across modes,0,0,0,,,,0,0,0,0,1,0.0,0.0,0.0,0.0,0.0,0.0,0.0,0.0,0.0
20261002T161451Z-d2eb76ee,industrial,original_fast_query,dind-komus.ru-4ec3512b66f59759,html/komus.ru-run-none19.html,"gfhdmgjh,,jfgnb",negative,True,0.0,0.0,0,0,0,1.0,0,0,0,0,0,0,0,0,0,industrial,html/komus.ru-run-none19.html,komus.ru-run-none19.html,run-none19,komus.ru,D:\Pet_Codes\science\article-price-tracker\industrial\html\komus.ru-run-none19.html,https://www.komus.ru/search/?text=gfhdmgjh%2C%2Cjfgnb,https://www.komus.ru/search/?text=gfhdmgjh%2C%2Cjfgnb,"gfhdmgjh,,jfgnb",,,raw_html,,4ec3512b66f5975965cf323e6e8eff1e67865c98a1f4e9299ce8697258d2d647,4ec3512b66f5975965cf323e6e8eff1e67865c98a1f4e9299ce8697258d2d647,D:\Job_Codes\PriceTracker\services\stealth-renderer\.artifacts\2026-05-11-sr-komus.ru\1778523632701-9sn2do\page.html,False,2026-05-11-sr-komus.ru\1778523632701-9sn2do\page.html,html/komus.ru-run-none19.html,application_import,,2026-05-11T18:20:47.779Z,145422,False,True,,,False,,True,,0.0,dind-komus.ru-4ec3512b66f59759,product_page_or_listing,https://www.komus.ru/search/?text=gfhdmgjh%2C%2Cjfgnb,True,stealth_renderer,"gfhdmgjh,,jfgnb",,,4ec3512b66f5975965cf323e6e8eff1e67865c98a1f4e9299ce8697258d2d647,159529,False,komus.ru,https://www.komus.ru/search/?text=gfhdmgjh%2C%2Cjfgnb,"Вы искали gfhdmgjh,,jfgnb | Сайт Комус",False,komus.ru,run-none19,,,ok,13.795200000051409,,1652.2907999998424,0.0,0.0,0.0,False,,,,empty,False,1652.2664999999106,0.024299999931827188,HTML parse + extraction; shared across modes,0,0,0,,,,0,0,0,0,1,0.0,0.0,0.0,0.0,0.0,0.0,0.0,0.0,0.0
20261002T161451Z-d2eb76ee,industrial,original_fast_query,dind-komus.ru-f83a8cdb85dbe548,html/komus.ru-run-none20.html,гелевая ручка,positive,True,30.0,27.0,27,3,0,1.0,27,0,3,27,0,3,22,5,8,industrial,html/komus.ru-run-none20.html,komus.ru-run-none20.html,run-none20,komus.ru,D:\Pet_Codes\science\article-price-tracker\industrial\html\komus.ru-run-none20.html,https://www.komus.ru/search/?text=%D0%B3%D0%B5%D0%BB%D0%B5%D0%B2%D0%B0%D1%8F+%D1%80%D1%83%D1%87%D0%BA%D0%B0,https://www.komus.ru/search/?text=%D0%B3%D0%B5%D0%BB%D0%B5%D0%B2%D0%B0%D1%8F+%D1%80%D1%83%D1%87%D0%BA%D0%B0,гелевая ручка,,,raw_html,,f83a8cdb85dbe54877f7f08c7a2e4696e682fa02e04084472132f86c86d031b5,f83a8cdb85dbe54877f7f08c7a2e4696e682fa02e04084472132f86c86d031b5,D:\Job_Codes\PriceTracker\services\stealth-renderer\.artifacts\2026-05-16-sr-komus.ru\1778964656318-k7u1ma\page.html,False,2026-05-16-sr-komus.ru\1778964656318-k7u1ma\page.html,html/komus.ru-run-none20.html,application_import,,2026-05-16T20:51:17.770Z,846564,False,True,,,False,,True,,0.0,dind-komus.ru-f83a8cdb85dbe548,product_page_or_listing,https://www.komus.ru/search/?text=%D0%B3%D0%B5%D0%BB%D0%B5%D0%B2%D0%B0%D1%8F+%D1%80%D1%83%D1%87%D0%BA%D0%B0,True,stealth_renderer,гелевая ручка,,,f83a8cdb85dbe54877f7f08c7a2e4696e682fa02e04084472132f86c86d031b5,875781,False,komus.ru,https://www.komus.ru/search/?text=%D0%B3%D0%B5%D0%BB%D0%B5%D0%B2%D0%B0%D1%8F+%D1%80%D1%83%D1%87%D0%BA%D0%B0,Вы искали гелевая ручка | Сайт Комус,False,komus.ru,run-none20,,,ok,2.1062000000383705,,8433.09899999993,27.0,27.0,27.0,False,,,,ok,False,8429.832799999975,3.2661999999545515,HTML parse + extraction; shared across modes,30,0,0,1.0,12596.85884074074,87.69159667112918,0,1,0,0,0,1.0,0.9,0.9473684210526316,1.0,0.9,0.9473684210526316,0.8148148148148148,0.7333333333333333,0.7719298245614035
20261002T161451Z-d2eb76ee,industrial,original_fast_query,dind-komus.ru-fd526265f9a93c7c,html/komus.ru-run-437fc902.html,ручка гелевая,positive,True,30.0,27.0,27,3,0,1.0,27,0,3,27,0,3,22,5,8,industrial,html/komus.ru-run-437fc902.html,komus.ru-run-437fc902.html,run-437fc902,komus.ru,D:\Pet_Codes\science\article-price-tracker\industrial\html\komus.ru-run-437fc902.html,https://komus.ru,https://komus.ru,ручка гелевая,Санкт-Петербург,shared_live_search,raw_html,,fd526265f9a93c7cf2003b3120a68d527f95faadaa6d93e02d2633c21bfc5ecb,fd526265f9a93c7cf2003b3120a68d527f95faadaa6d93e02d2633c21bfc5ecb,D:\Job_Codes\PriceTracker\.artifacts\collection\run-437fc902\komus.ru.html,False,run-437fc902\komus.ru.html,html/komus.ru-run-437fc902.html,application_import,,2026-05-11T17:58:24.048939+00:00,832101,False,False,,,False,,True,Санкт-Петербург,,dind-komus.ru-fd526265f9a93c7c,product_page_or_listing,https://komus.ru,True,collection_run,ручка гелевая,shared_live_search,run-437fc902,fd526265f9a93c7cf2003b3120a68d527f95faadaa6d93e02d2633c21bfc5ecb,860231,False,komus.ru,https://komus.ru,Вы искали ручка гелевая | Сайт Комус,False,komus.ru,run-437fc902,Санкт-Петербург,shared_live_search,ok,2.7011000000638887,,7639.037900000112,27.0,27.0,27.0,False,,,,ok,False,7634.691500000074,4.346400000038557,HTML parse + extraction; shared across modes,30,0,0,1.0,12600.562544444445,87.69159667112918,0,1,0,0,0,1.0,0.9,0.9473684210526316,1.0,0.9,0.9473684210526316,0.8148148148148148,0.7333333333333333,0.7719298245614035
20261002T161451Z-d2eb76ee,industrial,original_fast_query,dind-komus.ru-45e1fc98edfd6da1,html/komus.ru-run-6628d12b.html,ручка гелевая,positive,True,30.0,27.0,27,3,0,1.0,27,0,3,27,0,3,22,5,8,industrial,html/komus.ru-run-6628d12b.html,komus.ru-run-6628d12b.html,run-6628d12b,komus.ru,D:\Pet_Codes\science\article-price-tracker\industrial\html\komus.ru-run-6628d12b.html,https://komus.ru,https://komus.ru,ручка гелевая,Санкт-Петербург,shared_live_search,raw_html,,45e1fc98edfd6da15879d4d2c2a3a622cc9fd6d0846199005b1e0ba5a2fc5f3b,45e1fc98edfd6da15879d4d2c2a3a622cc9fd6d0846199005b1e0ba5a2fc5f3b,D:\Job_Codes\PriceTracker\.artifacts\collection\run-6628d12b\komus.ru.html,False,run-6628d12b\komus.ru.html,html/komus.ru-run-6628d12b.html,application_import,,2026-05-11T18:08:44.088988+00:00,846277,False,False,,,False,,True,Санкт-Петербург,,dind-komus.ru-45e1fc98edfd6da1,product_page_or_listing,https://komus.ru,True,collection_run,ручка гелевая,shared_live_search,run-6628d12b,45e1fc98edfd6da15879d4d2c2a3a622cc9fd6d0846199005b1e0ba5a2fc5f3b,875423,False,komus.ru,https://komus.ru,Вы искали ручка гелевая | Сайт Комус,False,komus.ru,run-6628d12b,Санкт-Петербург,shared_live_search,ok,2.5274000000208616,,8515.773699999903,27.0,27.0,27.0,False,,,,ok,False,8512.504399999976,3.2692999999271706,HTML parse + extraction; shared across modes,30,0,0,1.0,12600.562544444445,87.69159667112918,0,1,0,0,0,1.0,0.9,0.9473684210526316,1.0,0.9,0.9473684210526316,0.8148148148148148,0.7333333333333333,0.7719298245614035
20261002T161451Z-d2eb76ee,industrial,original_fast_query,dind-komus.ru-e44491f1d0a00d59,html/komus.ru-run-98da06df.html,ручка гелевая,positive,True,30.0,27.0,27,3,0,1.0,27,0,3,27,0,3,22,5,8,industrial,html/komus.ru-run-98da06df.html,komus.ru-run-98da06df.html,run-98da06df,komus.ru,D:\Pet_Codes\science\article-price-tracker\industrial\html\komus.ru-run-98da06df.html,https://komus.ru,https://komus.ru,ручка гелевая,Санкт-Петербург,shared_live_search,raw_html,,e44491f1d0a00d5999c090853660ed344e9b8b13d53b799b174b84ecfcca87c1,e44491f1d0a00d5999c090853660ed344e9b8b13d53b799b174b84ecfcca87c1,D:\Job_Codes\PriceTracker\.artifacts\collection\run-98da06df\komus.ru.html,False,run-98da06df\komus.ru.html,html/komus.ru-run-98da06df.html,application_import,,2026-05-11T18:19:46.527358+00:00,832097,False,False,,,False,,True,Санкт-Петербург,,dind-komus.ru-e44491f1d0a00d59,product_page_or_listing,https://komus.ru,True,collection_run,ручка гелевая,shared_live_search,run-98da06df,e44491f1d0a00d5999c090853660ed344e9b8b13d53b799b174b84ecfcca87c1,860227,False,komus.ru,https://komus.ru,Вы искали ручка гелевая | Сайт Комус,False,komus.ru,run-98da06df,Санкт-Петербург,shared_live_search,ok,14.675900000031106,,7768.9075000000885,27.0,27.0,27.0,False,,,,ok,False,7765.641900000046,3.2656000000424683,HTML parse + extraction; shared across modes,30,0,0,1.0,12600.562544444445,87.69159667112918,0,1,0,0,0,1.0,0.9,0.9473684210526316,1.0,0.9,0.9473684210526316,0.8148148148148148,0.7333333333333333,0.7719298245614035
20261002T161451Z-d2eb76ee,industrial,original_fast_query,dind-komus.ru-d039da717f66c987,html/komus.ru-run-daa9251b.html,ручка гелевая,positive,True,30.0,27.0,27,3,0,1.0,27,0,3,27,0,3,22,5,8,industrial,html/komus.ru-run-daa9251b.html,komus.ru-run-daa9251b.html,run-daa9251b,komus.ru,D:\Pet_Codes\science\article-price-tracker\industrial\html\komus.ru-run-daa9251b.html,https://komus.ru,https://komus.ru,ручка гелевая,Санкт-Петербург,shared_live_search,raw_html,,d039da717f66c987aa29a1f03de5f61fa3c79a1d4d6bc01ac36854070004c08d,d039da717f66c987aa29a1f03de5f61fa3c79a1d4d6bc01ac36854070004c08d,D:\Job_Codes\PriceTracker\.artifacts\collection\run-daa9251b\komus.ru.html,False,run-daa9251b\komus.ru.html,html/komus.ru-run-daa9251b.html,application_import,,2026-05-11T18:12:15.428865+00:00,832053,False,False,,,False,,True,Санкт-Петербург,,dind-komus.ru-d039da717f66c987,product_page_or_listing,https://komus.ru,True,collection_run,ручка гелевая,shared_live_search,run-daa9251b,d039da717f66c987aa29a1f03de5f61fa3c79a1d4d6bc01ac36854070004c08d,860183,False,komus.ru,https://komus.ru,Вы искали ручка гелевая | Сайт Комус,False,komus.ru,run-daa9251b,Санкт-Петербург,shared_live_search,ok,2.7158000000054017,,7509.781600000104,27.0,27.0,27.0,False,,,,ok,False,7506.414100000053,3.3675000000512227,HTML parse + extraction; shared across modes,30,0,0,1.0,12600.562544444445,87.69159667112918,0,1,0,0,0,1.0,0.9,0.9473684210526316,1.0,0.9,0.9473684210526316,0.8148148148148148,0.7333333333333333,0.7719298245614035
20261002T161451Z-d2eb76ee,industrial,original_fast_query,dind-komus.ru-e25d8f2aebb53e9c,html/komus.ru-run-db327323.html,"gfhdmgjh,,jfgnb",negative,True,0.0,0.0,0,0,0,1.0,0,0,0,0,0,0,0,0,0,industrial,html/komus.ru-run-db327323.html,komus.ru-run-db327323.html,run-db327323,komus.ru,D:\Pet_Codes\science\article-price-tracker\industrial\html\komus.ru-run-db327323.html,https://komus.ru,https://komus.ru,"gfhdmgjh,,jfgnb",Санкт-Петербург,shared_live_search,raw_html,,e25d8f2aebb53e9c32e26918aa5814c7769ea13fb81cffd3cc0a233c002ccd14,e25d8f2aebb53e9c32e26918aa5814c7769ea13fb81cffd3cc0a233c002ccd14,D:\Job_Codes\PriceTracker\.artifacts\collection\run-db327323\komus.ru.html,False,run-db327323\komus.ru.html,html/komus.ru-run-db327323.html,application_import,,2026-05-11T18:22:22.196562+00:00,149917,False,False,,,False,,True,Санкт-Петербург,,dind-komus.ru-e25d8f2aebb53e9c,product_page_or_listing,https://komus.ru,True,collection_run,"gfhdmgjh,,jfgnb",shared_live_search,run-db327323,e25d8f2aebb53e9c32e26918aa5814c7769ea13fb81cffd3cc0a233c002ccd14,164117,False,komus.ru,https://komus.ru,"Вы искали gfhdmgjh,,jfgnb | Сайт Комус",False,komus.ru,run-db327323,Санкт-Петербург,shared_live_search,ok,41.41899999999441,,1748.7412000000477,0.0,0.0,0.0,False,,,,empty,False,1748.7173000000184,0.02390000002924353,HTML parse + extraction; shared across modes,0,0,0,,,,0,0,0,0,1,0.0,0.0,0.0,0.0,0.0,0.0,0.0,0.0,0.0
20261002T161451Z-d2eb76ee,industrial,original_fast_query,dind-labirint.ru-21ac626ea371bd49,html/labirint.ru-run-168d58c6.html,Ведьмак,positive,True,60.0,24.0,24,36,0,1.0,24,0,36,24,0,36,9,15,37,industrial,html/labirint.ru-run-168d58c6.html,labirint.ru-run-168d58c6.html,run-168d58c6,labirint.ru,D:\Pet_Codes\science\article-price-tracker\industrial\html\labirint.ru-run-168d58c6.html,https://www.labirint.ru,https://www.labirint.ru,Ведьмак,Санкт-Петербург,shared_live_search,raw_html,,21ac626ea371bd49897c7d3ae46f9681e54a193ad19f636a3dda94dec8881df8,21ac626ea371bd49897c7d3ae46f9681e54a193ad19f636a3dda94dec8881df8,D:\Job_Codes\PriceTracker\.artifacts\collection\run-168d58c6\www.labirint.ru.html,False,run-168d58c6\www.labirint.ru.html,html/labirint.ru-run-168d58c6.html,application_import,,2026-05-13T12:14:55.088805+00:00,632506,False,False,,,False,,True,Санкт-Петербург,,dind-labirint.ru-21ac626ea371bd49,product_page_or_listing,https://www.labirint.ru,True,collection_run,Ведьмак,shared_live_search,run-168d58c6,21ac626ea371bd49897c7d3ae46f9681e54a193ad19f636a3dda94dec8881df8,676509,False,labirint.ru,https://www.labirint.ru,"Книжный интернет-магазин ЛАБИРИНТ: книжный магазин с лучшими ценами. Купить книги, фильмы, музыку, игры, программы и многое другое",False,labirint.ru,run-168d58c6,Санкт-Петербург,shared_live_search,ok,13.121500000008382,,1196.3336000000127,25.0,24.0,24.0,False,,,,ok,False,1193.6526000000304,2.680999999982305,HTML parse + extraction; shared across modes,46,14,0,1.0,68.3,0.18559782608695652,14,1,0,0,0,1.0,0.4,0.5714285714285715,1.0,0.4,0.5714285714285715,0.375,0.1956521739130435,0.2571428571428572
20261002T161451Z-d2eb76ee,industrial,original_fast_query,dind-labirint.ru-4eb2fb8b1b347b32,html/labirint.ru-run-787cdb0e.html,Ведьмак,positive,True,60.0,24.0,24,36,0,1.0,24,0,36,24,0,36,9,15,37,industrial,html/labirint.ru-run-787cdb0e.html,labirint.ru-run-787cdb0e.html,run-787cdb0e,labirint.ru,D:\Pet_Codes\science\article-price-tracker\industrial\html\labirint.ru-run-787cdb0e.html,https://www.labirint.ru,https://www.labirint.ru,Ведьмак,Санкт-Петербург,shared_live_search,raw_html,,4eb2fb8b1b347b32232014ef724b8f399003008f7fd4a98cc1b0fbb1a6215429,4eb2fb8b1b347b32232014ef724b8f399003008f7fd4a98cc1b0fbb1a6215429,D:\Job_Codes\PriceTracker\.artifacts\collection\run-787cdb0e\www.labirint.ru.html,False,run-787cdb0e\www.labirint.ru.html,html/labirint.ru-run-787cdb0e.html,application_import,,2026-05-13T12:22:06.230500+00:00,632507,False,False,,,False,,True,Санкт-Петербург,,dind-labirint.ru-4eb2fb8b1b347b32,product_page_or_listing,https://www.labirint.ru,True,collection_run,Ведьмак,shared_live_search,run-787cdb0e,4eb2fb8b1b347b32232014ef724b8f399003008f7fd4a98cc1b0fbb1a6215429,676510,False,labirint.ru,https://www.labirint.ru,"Книжный интернет-магазин ЛАБИРИНТ: книжный магазин с лучшими ценами. Купить книги, фильмы, музыку, игры, программы и многое другое",False,labirint.ru,run-787cdb0e,Санкт-Петербург,shared_live_search,ok,12.61399999994319,,1141.7065000000875,25.0,24.0,24.0,False,,,,ok,False,1139.2608999999939,2.445600000093691,HTML parse + extraction; shared across modes,46,14,0,1.0,68.3,0.18559782608695652,14,1,0,0,0,1.0,0.4,0.5714285714285715,1.0,0.4,0.5714285714285715,0.375,0.1956521739130435,0.2571428571428572
20261002T161451Z-d2eb76ee,industrial,original_fast_query,dind-labirint.ru-04ccf5be83eaa6ce,html/labirint.ru-run-99e5ac15.html,Властелин колец,positive,True,60.0,20.0,20,40,0,1.0,20,0,40,20,0,40,2,18,38,industrial,html/labirint.ru-run-99e5ac15.html,labirint.ru-run-99e5ac15.html,run-99e5ac15,labirint.ru,D:\Pet_Codes\science\article-price-tracker\industrial\html\labirint.ru-run-99e5ac15.html,https://www.labirint.ru,https://www.labirint.ru,Властелин колец,Санкт-Петербург,shared_live_search,raw_html,,04ccf5be83eaa6ce9b93df40ca8506b1890854bc497d631ae396333fe7f899fe,04ccf5be83eaa6ce9b93df40ca8506b1890854bc497d631ae396333fe7f899fe,D:\Job_Codes\PriceTracker\.artifacts\collection\run-99e5ac15\www.labirint.ru.html,False,run-99e5ac15\www.labirint.ru.html,html/labirint.ru-run-99e5ac15.html,application_import,,2026-05-13T12:36:27.742063+00:00,624200,False,False,,,False,,True,Санкт-Петербург,,dind-labirint.ru-04ccf5be83eaa6ce,product_page_or_listing,https://www.labirint.ru,True,collection_run,Властелин колец,shared_live_search,run-99e5ac15,04ccf5be83eaa6ce9b93df40ca8506b1890854bc497d631ae396333fe7f899fe,666539,False,labirint.ru,https://www.labirint.ru,"Книжный интернет-магазин ЛАБИРИНТ: книжный магазин с лучшими ценами. Купить книги, фильмы, музыку, игры, программы и многое другое",False,labirint.ru,run-99e5ac15,Санкт-Петербург,shared_live_search,ok,1.9257999999681488,,6135.171200000099,20.0,20.0,20.0,False,,,,ok,False,6132.867500000051,2.3037000000476837,HTML parse + extraction; shared across modes,40,20,0,1.0,0.0,0.0,18,1,0,0,0,1.0,0.3333333333333333,0.5,1.0,0.3333333333333333,0.5,0.1,0.05,0.06666666666666667
20261002T161451Z-d2eb76ee,industrial,original_fast_query,dind-labirint.ru-017ca7137cd84dc1,html/labirint.ru-run-9e372646.html,Властелин колец,positive,True,60.0,20.0,20,40,0,1.0,20,0,40,20,0,40,2,18,38,industrial,html/labirint.ru-run-9e372646.html,labirint.ru-run-9e372646.html,run-9e372646,labirint.ru,D:\Pet_Codes\science\article-price-tracker\industrial\html\labirint.ru-run-9e372646.html,https://www.labirint.ru,https://www.labirint.ru,Властелин колец,Санкт-Петербург,shared_live_search,raw_html,,017ca7137cd84dc184a45c299847c2f377d218bea1010400516a1b784004ef21,017ca7137cd84dc184a45c299847c2f377d218bea1010400516a1b784004ef21,D:\Job_Codes\PriceTracker\.artifacts\collection\run-9e372646\www.labirint.ru.html,False,run-9e372646\www.labirint.ru.html,html/labirint.ru-run-9e372646.html,application_import,,2026-05-13T12:44:10.647847+00:00,624201,False,False,,,False,,True,Санкт-Петербург,,dind-labirint.ru-017ca7137cd84dc1,product_page_or_listing,https://www.labirint.ru,True,collection_run,Властелин колец,shared_live_search,run-9e372646,017ca7137cd84dc184a45c299847c2f377d218bea1010400516a1b784004ef21,666540,False,labirint.ru,https://www.labirint.ru,"Книжный интернет-магазин ЛАБИРИНТ: книжный магазин с лучшими ценами. Купить книги, фильмы, музыку, игры, программы и многое другое",False,labirint.ru,run-9e372646,Санкт-Петербург,shared_live_search,ok,12.490200000000186,,5939.793599999975,20.0,20.0,20.0,False,,,,ok,False,5937.7504999999655,2.043100000009872,HTML parse + extraction; shared across modes,40,20,0,1.0,0.0,0.0,18,1,0,0,0,1.0,0.3333333333333333,0.5,1.0,0.3333333333333333,0.5,0.1,0.05,0.06666666666666667
20261002T161451Z-d2eb76ee,industrial,original_fast_query,dind-labirint.ru-d92a0991b3f5fccd,html/labirint.ru-run-c23cbd90.html,1984,positive,True,60.0,17.0,17,43,0,1.0,17,0,43,17,0,43,17,0,43,industrial,html/labirint.ru-run-c23cbd90.html,labirint.ru-run-c23cbd90.html,run-c23cbd90,labirint.ru,D:\Pet_Codes\science\article-price-tracker\industrial\html\labirint.ru-run-c23cbd90.html,https://www.labirint.ru,https://www.labirint.ru,1984,Санкт-Петербург,shared_live_search,raw_html,,d92a0991b3f5fccd29b50b220989c6ca642d908e8cc1649f3ed11ffb10b6e8fc,d92a0991b3f5fccd29b50b220989c6ca642d908e8cc1649f3ed11ffb10b6e8fc,D:\Job_Codes\PriceTracker\.artifacts\collection\run-c23cbd90\www.labirint.ru.html,False,run-c23cbd90\www.labirint.ru.html,html/labirint.ru-run-c23cbd90.html,application_import,,2026-05-13T11:43:02.859987+00:00,630030,False,False,,,False,,True,Санкт-Петербург,,dind-labirint.ru-d92a0991b3f5fccd,product_page_or_listing,https://www.labirint.ru,True,collection_run,1984,shared_live_search,run-c23cbd90,d92a0991b3f5fccd29b50b220989c6ca642d908e8cc1649f3ed11ffb10b6e8fc,667811,False,labirint.ru,https://www.labirint.ru,"Книжный интернет-магазин ЛАБИРИНТ: книжный магазин с лучшими ценами. Купить книги, фильмы, музыку, игры, программы и многое другое",False,labirint.ru,run-c23cbd90,Санкт-Петербург,shared_live_search,ok,43.09999999997672,,3915.3527999999933,17.0,17.0,17.0,False,,,,ok,False,3914.3884000000544,0.9643999999389052,HTML parse + extraction; shared across modes,60,0,0,1.0,0.0,0.0,0,1,0,0,0,1.0,0.2833333333333333,0.4415584415584416,1.0,0.2833333333333333,0.4415584415584416,1.0,0.2833333333333333,0.4415584415584416
20261002T161451Z-d2eb76ee,industrial,original_fast_query,dind-labirint.ru-186be25179ff4d2f,html/labirint.ru-run-d035826a.html,1984,positive,True,60.0,17.0,17,43,0,1.0,17,0,43,17,0,43,17,0,43,industrial,html/labirint.ru-run-d035826a.html,labirint.ru-run-d035826a.html,run-d035826a,labirint.ru,D:\Pet_Codes\science\article-price-tracker\industrial\html\labirint.ru-run-d035826a.html,https://www.labirint.ru,https://www.labirint.ru,1984,Санкт-Петербург,shared_live_search,raw_html,,186be25179ff4d2fc2d8bb920469708429013a32a57b1698103a4dceb4c849f8,186be25179ff4d2fc2d8bb920469708429013a32a57b1698103a4dceb4c849f8,D:\Job_Codes\PriceTracker\.artifacts\collection\run-d035826a\www.labirint.ru.html,False,run-d035826a\www.labirint.ru.html,html/labirint.ru-run-d035826a.html,application_import,,2026-05-13T12:03:02.644094+00:00,630032,False,False,,,False,,True,Санкт-Петербург,,dind-labirint.ru-186be25179ff4d2f,product_page_or_listing,https://www.labirint.ru,True,collection_run,1984,shared_live_search,run-d035826a,186be25179ff4d2fc2d8bb920469708429013a32a57b1698103a4dceb4c849f8,667815,False,labirint.ru,https://www.labirint.ru,"Книжный интернет-магазин ЛАБИРИНТ: книжный магазин с лучшими ценами. Купить книги, фильмы, музыку, игры, программы и многое другое",False,labirint.ru,run-d035826a,Санкт-Петербург,shared_live_search,ok,14.916099999914877,,3920.551800000132,17.0,17.0,17.0,False,,,,ok,False,3919.5234000000637,1.028400000068359,HTML parse + extraction; shared across modes,60,0,0,1.0,0.0,0.0,0,1,0,0,0,1.0,0.2833333333333333,0.4415584415584416,1.0,0.2833333333333333,0.4415584415584416,1.0,0.2833333333333333,0.4415584415584416
20261002T161451Z-d2eb76ee,industrial,original_fast_query,dind-labirint.ru-b5d7e810e7ca116a,html/labirint.ru-run-e4163107.html,Властелин колец,positive,True,60.0,20.0,20,40,0,1.0,20,0,40,20,0,40,2,18,38,industrial,html/labirint.ru-run-e4163107.html,labirint.ru-run-e4163107.html,run-e4163107,labirint.ru,D:\Pet_Codes\science\article-price-tracker\industrial\html\labirint.ru-run-e4163107.html,https://www.labirint.ru,https://www.labirint.ru,Властелин колец,Санкт-Петербург,shared_live_search,raw_html,,b5d7e810e7ca116a25d6fc2c64fd399c7c481a8e3c04db10608d551ceeb98ce9,b5d7e810e7ca116a25d6fc2c64fd399c7c481a8e3c04db10608d551ceeb98ce9,D:\Job_Codes\PriceTracker\.artifacts\collection\run-e4163107\www.labirint.ru.html,False,run-e4163107\www.labirint.ru.html,html/labirint.ru-run-e4163107.html,application_import,,2026-05-13T12:30:33.635381+00:00,624201,False,False,,,False,,True,Санкт-Петербург,,dind-labirint.ru-b5d7e810e7ca116a,product_page_or_listing,https://www.labirint.ru,True,collection_run,Властелин колец,shared_live_search,run-e4163107,b5d7e810e7ca116a25d6fc2c64fd399c7c481a8e3c04db10608d551ceeb98ce9,666540,False,labirint.ru,https://www.labirint.ru,"Книжный интернет-магазин ЛАБИРИНТ: книжный магазин с лучшими ценами. Купить книги, фильмы, музыку, игры, программы и многое другое",False,labirint.ru,run-e4163107,Санкт-Петербург,shared_live_search,ok,13.316699999966659,,5942.71649999998,20.0,20.0,20.0,False,,,,ok,False,5940.693299999926,2.023200000054203,HTML parse + extraction; shared across modes,40,20,0,1.0,0.0,0.0,18,1,0,0,0,1.0,0.3333333333333333,0.5,1.0,0.3333333333333333,0.5,0.1,0.05,0.06666666666666667
20261002T161451Z-d2eb76ee,industrial,original_fast_query,dind-labirint.ru-a54655182aa1fecc,html/labirint.ru-run-ec02639a.html,1984,positive,True,60.0,17.0,17,43,0,1.0,17,0,43,17,0,43,17,0,43,industrial,html/labirint.ru-run-ec02639a.html,labirint.ru-run-ec02639a.html,run-ec02639a,labirint.ru,D:\Pet_Codes\science\article-price-tracker\industrial\html\labirint.ru-run-ec02639a.html,https://www.labirint.ru,https://www.labirint.ru,1984,Санкт-Петербург,shared_live_search,raw_html,,a54655182aa1feccff2a4aaa82863d6b420d3192594690d844d86f631d7be2a6,a54655182aa1feccff2a4aaa82863d6b420d3192594690d844d86f631d7be2a6,D:\Job_Codes\PriceTracker\.artifacts\collection\run-ec02639a\www.labirint.ru.html,False,run-ec02639a\www.labirint.ru.html,html/labirint.ru-run-ec02639a.html,application_import,,2026-05-13T11:53:11.327538+00:00,630028,False,False,,,False,,True,Санкт-Петербург,,dind-labirint.ru-a54655182aa1fecc,product_page_or_listing,https://www.labirint.ru,True,collection_run,1984,shared_live_search,run-ec02639a,a54655182aa1feccff2a4aaa82863d6b420d3192594690d844d86f631d7be2a6,667809,False,labirint.ru,https://www.labirint.ru,"Книжный интернет-магазин ЛАБИРИНТ: книжный магазин с лучшими ценами. Купить книги, фильмы, музыку, игры, программы и многое другое",False,labirint.ru,run-ec02639a,Санкт-Петербург,shared_live_search,ok,12.980600000009872,,3936.1600000000326,17.0,17.0,17.0,False,,,,ok,False,3934.7959000000264,1.3641000000061467,HTML parse + extraction; shared across modes,60,0,0,1.0,0.0,0.0,0,1,0,0,0,1.0,0.2833333333333333,0.4415584415584416,1.0,0.2833333333333333,0.4415584415584416,1.0,0.2833333333333333,0.4415584415584416
20261002T161451Z-d2eb76ee,industrial,original_fast_query,dind-lemanapro.ru-f0cfe5397616c775,html/lemanapro.ru-run-none1.html,дрель безударная,positive,True,60.0,1.0,1,59,0,1.0,1,0,59,1,0,59,1,0,59,industrial,html/lemanapro.ru-run-none1.html,lemanapro.ru-run-none1.html,run-none1,lemanapro.ru,D:\Pet_Codes\science\article-price-tracker\industrial\html\lemanapro.ru-run-none1.html,https://lemanapro.ru/search/?q=%D0%B4%D1%80%D0%B5%D0%BB%D1%8C+%D0%B1%D0%B5%D0%B7%D1%83%D0%B4%D0%B0%D1%80%D0%BD%D0%B0%D1%8F,https://lemanapro.ru/search/?q=%D0%B4%D1%80%D0%B5%D0%BB%D1%8C+%D0%B1%D0%B5%D0%B7%D1%83%D0%B4%D0%B0%D1%80%D0%BD%D0%B0%D1%8F,дрель безударная,,,raw_html,,f0cfe5397616c775783113205cf266a9360f25b0d1b8cd2efcda38f4886967cb,f0cfe5397616c775783113205cf266a9360f25b0d1b8cd2efcda38f4886967cb,D:\Job_Codes\PriceTracker\services\stealth-renderer\.artifacts\2026-05-11-sr-lemanapro.ru\1778523816919-ctsg4z\page.html,False,2026-05-11-sr-lemanapro.ru\1778523816919-ctsg4z\page.html,html/lemanapro.ru-run-none1.html,application_import,,2026-05-11T18:23:53.633Z,1410680,False,True,,,False,,True,,0.0,dind-lemanapro.ru-f0cfe5397616c775,product_page_or_listing,https://lemanapro.ru/search/?q=%D0%B4%D1%80%D0%B5%D0%BB%D1%8C+%D0%B1%D0%B5%D0%B7%D1%83%D0%B4%D0%B0%D1%80%D0%BD%D0%B0%D1%8F,True,stealth_renderer,дрель безударная,,,f0cfe5397616c775783113205cf266a9360f25b0d1b8cd2efcda38f4886967cb,1477645,False,lemanapro.ru,https://lemanapro.ru/search/?q=%D0%B4%D1%80%D0%B5%D0%BB%D1%8C+%D0%B1%D0%B5%D0%B7%D1%83%D0%B4%D0%B0%D1%80%D0%BD%D0%B0%D1%8F,Поиск – интернет-магазин Лемана ПРО в Москве,False,lemanapro.ru,run-none1,,,ok,15.273000000044703,,2113.7961999999825,1.0,1.0,1.0,False,,,,ok,False,2109.7497999999905,4.046399999991991,HTML parse + extraction; shared across modes,60,0,0,1.0,0.0,0.0,0,1,0,0,0,1.0,0.016666666666666666,0.03278688524590164,1.0,0.016666666666666666,0.03278688524590164,1.0,0.016666666666666666,0.03278688524590164
20261002T161451Z-d2eb76ee,industrial,original_fast_query,dind-lemanapro.ru-cf598f1239ed8afe,html/lemanapro.ru-run-none2.html,дрель безударная,positive,True,60.0,1.0,1,59,0,1.0,1,0,59,1,0,59,1,0,59,industrial,html/lemanapro.ru-run-none2.html,lemanapro.ru-run-none2.html,run-none2,lemanapro.ru,D:\Pet_Codes\science\article-price-tracker\industrial\html\lemanapro.ru-run-none2.html,https://lemanapro.ru/search/?q=%D0%B4%D1%80%D0%B5%D0%BB%D1%8C+%D0%B1%D0%B5%D0%B7%D1%83%D0%B4%D0%B0%D1%80%D0%BD%D0%B0%D1%8F,https://lemanapro.ru/search/?q=%D0%B4%D1%80%D0%B5%D0%BB%D1%8C+%D0%B1%D0%B5%D0%B7%D1%83%D0%B4%D0%B0%D1%80%D0%BD%D0%B0%D1%8F,дрель безударная,,,raw_html,,cf598f1239ed8afe9fd75cff1c5b8ce2821a793eb558717f18b788184b6fdf70,cf598f1239ed8afe9fd75cff1c5b8ce2821a793eb558717f18b788184b6fdf70,D:\Job_Codes\PriceTracker\services\stealth-renderer\.artifacts\2026-05-11-sr-lemanapro.ru\1778524143882-e3kmax\page.html,False,2026-05-11-sr-lemanapro.ru\1778524143882-e3kmax\page.html,html/lemanapro.ru-run-none2.html,application_import,,2026-05-11T18:29:27.176Z,1410680,False,True,,,False,,True,,0.0,dind-lemanapro.ru-cf598f1239ed8afe,product_page_or_listing,https://lemanapro.ru/search/?q=%D0%B4%D1%80%D0%B5%D0%BB%D1%8C+%D0%B1%D0%B5%D0%B7%D1%83%D0%B4%D0%B0%D1%80%D0%BD%D0%B0%D1%8F,True,stealth_renderer,дрель безударная,,,cf598f1239ed8afe9fd75cff1c5b8ce2821a793eb558717f18b788184b6fdf70,1477645,False,lemanapro.ru,https://lemanapro.ru/search/?q=%D0%B4%D1%80%D0%B5%D0%BB%D1%8C+%D0%B1%D0%B5%D0%B7%D1%83%D0%B4%D0%B0%D1%80%D0%BD%D0%B0%D1%8F,Поиск – интернет-магазин Лемана ПРО в Москве,False,lemanapro.ru,run-none2,,,ok,14.351099999970756,,1930.2871000000741,1.0,1.0,1.0,False,,,,ok,False,1926.484999999986,3.802100000088103,HTML parse + extraction; shared across modes,60,0,0,1.0,0.0,0.0,0,1,0,0,0,1.0,0.016666666666666666,0.03278688524590164,1.0,0.016666666666666666,0.03278688524590164,1.0,0.016666666666666666,0.03278688524590164
20261002T161451Z-d2eb76ee,industrial,original_fast_query,dind-lemanapro.ru-fc39977cfc7e6c73,html/lemanapro.ru-run-none3.html,дрель ударная,positive,True,60.0,26.0,26,34,0,1.0,26,0,34,26,0,34,22,4,38,industrial,html/lemanapro.ru-run-none3.html,lemanapro.ru-run-none3.html,run-none3,lemanapro.ru,D:\Pet_Codes\science\article-price-tracker\industrial\html\lemanapro.ru-run-none3.html,https://lemanapro.ru/search/?q=%D0%B4%D1%80%D0%B5%D0%BB%D1%8C+%D1%83%D0%B4%D0%B0%D1%80%D0%BD%D0%B0%D1%8F,https://lemanapro.ru/search/?q=%D0%B4%D1%80%D0%B5%D0%BB%D1%8C+%D1%83%D0%B4%D0%B0%D1%80%D0%BD%D0%B0%D1%8F,дрель ударная,,,raw_html,,fc39977cfc7e6c730f475b56889cf826bb638d045b5b6e538a556004ee79ed12,fc39977cfc7e6c730f475b56889cf826bb638d045b5b6e538a556004ee79ed12,D:\Job_Codes\PriceTracker\services\stealth-renderer\.artifacts\2026-05-11-sr-lemanapro.ru\1778525899625-fhhwpw\page.html,False,2026-05-11-sr-lemanapro.ru\1778525899625-fhhwpw\page.html,html/lemanapro.ru-run-none3.html,application_import,,2026-05-11T18:58:40.899Z,1499044,False,True,,,False,,True,,0.0,dind-lemanapro.ru-fc39977cfc7e6c73,product_page_or_listing,https://lemanapro.ru/search/?q=%D0%B4%D1%80%D0%B5%D0%BB%D1%8C+%D1%83%D0%B4%D0%B0%D1%80%D0%BD%D0%B0%D1%8F,True,stealth_renderer,дрель ударная,,,fc39977cfc7e6c730f475b56889cf826bb638d045b5b6e538a556004ee79ed12,1568121,False,lemanapro.ru,https://lemanapro.ru/search/?q=%D0%B4%D1%80%D0%B5%D0%BB%D1%8C+%D1%83%D0%B4%D0%B0%D1%80%D0%BD%D0%B0%D1%8F,Поиск – интернет-магазин Лемана ПРО в Москве,False,lemanapro.ru,run-none3,,,ok,3.1299000000581145,,2059.4900999999372,26.0,26.0,26.0,False,,,,ok,False,2055.2602999999654,4.229799999971874,HTML parse + extraction; shared across modes,60,0,0,1.0,531.0384615384615,0.15346795784956205,0,1,0,0,0,1.0,0.43333333333333335,0.6046511627906976,1.0,0.43333333333333335,0.6046511627906976,0.8461538461538461,0.36666666666666664,0.5116279069767441
20261002T161451Z-d2eb76ee,industrial,original_fast_query,dind-lemanapro.ru-4acdbb9eae290779,html/lemanapro.ru-run-none4.html,дрель ударная,positive,True,60.0,26.0,26,34,0,1.0,26,0,34,26,0,34,22,4,38,industrial,html/lemanapro.ru-run-none4.html,lemanapro.ru-run-none4.html,run-none4,lemanapro.ru,D:\Pet_Codes\science\article-price-tracker\industrial\html\lemanapro.ru-run-none4.html,https://lemanapro.ru/search/?q=%D0%B4%D1%80%D0%B5%D0%BB%D1%8C+%D1%83%D0%B4%D0%B0%D1%80%D0%BD%D0%B0%D1%8F,https://lemanapro.ru/search/?q=%D0%B4%D1%80%D0%B5%D0%BB%D1%8C+%D1%83%D0%B4%D0%B0%D1%80%D0%BD%D0%B0%D1%8F,дрель ударная,,,raw_html,,4acdbb9eae2907797971763c1cf4d7e31763d15d8bc69cfc46495ff49f20aadc,4acdbb9eae2907797971763c1cf4d7e31763d15d8bc69cfc46495ff49f20aadc,D:\Job_Codes\PriceTracker\services\stealth-renderer\.artifacts\2026-05-11-sr-lemanapro.ru\1778526147202-v3bc5f\page.html,False,2026-05-11-sr-lemanapro.ru\1778526147202-v3bc5f\page.html,html/lemanapro.ru-run-none4.html,application_import,,2026-05-11T19:02:45.899Z,1499044,False,True,,,False,,True,,0.0,dind-lemanapro.ru-4acdbb9eae290779,product_page_or_listing,https://lemanapro.ru/search/?q=%D0%B4%D1%80%D0%B5%D0%BB%D1%8C+%D1%83%D0%B4%D0%B0%D1%80%D0%BD%D0%B0%D1%8F,True,stealth_renderer,дрель ударная,,,4acdbb9eae2907797971763c1cf4d7e31763d15d8bc69cfc46495ff49f20aadc,1568121,False,lemanapro.ru,https://lemanapro.ru/search/?q=%D0%B4%D1%80%D0%B5%D0%BB%D1%8C+%D1%83%D0%B4%D0%B0%D1%80%D0%BD%D0%B0%D1%8F,Поиск – интернет-магазин Лемана ПРО в Москве,False,lemanapro.ru,run-none4,,,ok,3.6453000000910833,,1893.8840999999084,26.0,26.0,26.0,False,,,,ok,False,1889.6472999999532,4.23679999995511,HTML parse + extraction; shared across modes,60,0,0,1.0,531.0384615384615,0.15346795784956205,0,1,0,0,0,1.0,0.43333333333333335,0.6046511627906976,1.0,0.43333333333333335,0.6046511627906976,0.8461538461538461,0.36666666666666664,0.5116279069767441
20261002T161451Z-d2eb76ee,industrial,original_fast_query,dind-lemanapro.ru-fab71c309af5505b,html/lemanapro.ru-run-none5.html,аывиваимвмви,negative,True,0.0,0.0,0,0,0,1.0,0,0,0,0,0,0,0,0,0,industrial,html/lemanapro.ru-run-none5.html,lemanapro.ru-run-none5.html,run-none5,lemanapro.ru,D:\Pet_Codes\science\article-price-tracker\industrial\html\lemanapro.ru-run-none5.html,https://lemanapro.ru/search/?q=%D0%B0%D1%8B%D0%B2%D0%B8%D0%B2%D0%B0%D0%B8%D0%BC%D0%B2%D0%BC%D0%B2%D0%B8,https://lemanapro.ru/search/?q=%D0%B0%D1%8B%D0%B2%D0%B8%D0%B2%D0%B0%D0%B8%D0%BC%D0%B2%D0%BC%D0%B2%D0%B8,аывиваимвмви,,,raw_html,,fab71c309af5505bfbac68e03fa42b1fd1818c4ff3de7e6c596b85c5c59db9d6,fab71c309af5505bfbac68e03fa42b1fd1818c4ff3de7e6c596b85c5c59db9d6,D:\Job_Codes\PriceTracker\services\stealth-renderer\.artifacts\2026-05-11-sr-lemanapro.ru\1778526473684-qlxtqi\page.html,False,2026-05-11-sr-lemanapro.ru\1778526473684-qlxtqi\page.html,html/lemanapro.ru-run-none5.html,application_import,,2026-05-11T19:08:10.948Z,317486,False,True,,,False,,True,,0.0,dind-lemanapro.ru-fab71c309af5505b,product_page_or_listing,https://lemanapro.ru/search/?q=%D0%B0%D1%8B%D0%B2%D0%B8%D0%B2%D0%B0%D0%B8%D0%BC%D0%B2%D0%BC%D0%B2%D0%B8,True,stealth_renderer,аывиваимвмви,,,fab71c309af5505bfbac68e03fa42b1fd1818c4ff3de7e6c596b85c5c59db9d6,326505,False,lemanapro.ru,https://lemanapro.ru/search/?q=%D0%B0%D1%8B%D0%B2%D0%B8%D0%B2%D0%B0%D0%B8%D0%BC%D0%B2%D0%BC%D0%B2%D0%B8,Поиск – интернет-магазин Лемана ПРО в Москве,False,lemanapro.ru,run-none5,,,ok,1.4683000000659376,,40.020100000081584,0.0,0.0,0.0,False,,,,empty,False,39.945300000021234,0.0748000000603497,HTML parse + extraction; shared across modes,0,0,0,,,,0,0,0,0,1,0.0,0.0,0.0,0.0,0.0,0.0,0.0,0.0,0.0
20261002T161451Z-d2eb76ee,industrial,original_fast_query,dind-lemanapro.ru-486c6fb5ef917f2b,html/lemanapro.ru-run-none6.html,дрель,positive,True,60.0,6.0,6,54,0,1.0,6,0,54,6,0,54,5,1,55,industrial,html/lemanapro.ru-run-none6.html,lemanapro.ru-run-none6.html,run-none6,lemanapro.ru,D:\Pet_Codes\science\article-price-tracker\industrial\html\lemanapro.ru-run-none6.html,https://lemanapro.ru/search/?q=%D0%B4%D1%80%D0%B5%D0%BB%D1%8C,https://lemanapro.ru/search/?q=%D0%B4%D1%80%D0%B5%D0%BB%D1%8C,дрель,,,raw_html,,486c6fb5ef917f2b3b119abc92e7ce4e06374c5ef771acde6de1a9f692b7bb89,486c6fb5ef917f2b3b119abc92e7ce4e06374c5ef771acde6de1a9f692b7bb89,D:\Job_Codes\PriceTracker\services\stealth-renderer\.artifacts\2026-05-12-sr-lemanapro.ru\1778571914231-x6u47c\page.html,False,2026-05-12-sr-lemanapro.ru\1778571914231-x6u47c\page.html,html/lemanapro.ru-run-none6.html,application_import,,2026-05-12T07:45:34.934Z,1542745,False,True,,,False,,True,,0.0,dind-lemanapro.ru-486c6fb5ef917f2b,product_page_or_listing,https://lemanapro.ru/search/?q=%D0%B4%D1%80%D0%B5%D0%BB%D1%8C,True,stealth_renderer,дрель,,,486c6fb5ef917f2b3b119abc92e7ce4e06374c5ef771acde6de1a9f692b7bb89,1615909,False,lemanapro.ru,https://lemanapro.ru/search/?q=%D0%B4%D1%80%D0%B5%D0%BB%D1%8C,Поиск – интернет-магазин Лемана ПРО в Москве,False,lemanapro.ru,run-none6,,,ok,3.062900000018999,,1986.1450000000186,6.0,6.0,6.0,False,,,,ok,False,1982.3105000000214,3.834499999997206,HTML parse + extraction; shared across modes,60,0,0,1.0,567.5,0.16642228739002932,0,1,0,0,0,1.0,0.1,0.18181818181818182,1.0,0.1,0.18181818181818182,0.8333333333333334,0.08333333333333333,0.15151515151515152
20261002T161451Z-d2eb76ee,industrial,original_fast_query,dind-lemanapro.ru-09c3ea7e145206b2,html/lemanapro.ru-run-2e839b74.html,дрель,positive,True,60.0,6.0,6,54,0,1.0,6,0,54,6,0,54,5,1,55,industrial,html/lemanapro.ru-run-2e839b74.html,lemanapro.ru-run-2e839b74.html,run-2e839b74,lemanapro.ru,D:\Pet_Codes\science\article-price-tracker\industrial\html\lemanapro.ru-run-2e839b74.html,https://lemanapro.ru,https://lemanapro.ru,дрель,Санкт-Петербург,shared_live_search,raw_html,,09c3ea7e145206b28103eca0a9cb6e0f1a92f6854a59043d1b012b5a8b42d3da,09c3ea7e145206b28103eca0a9cb6e0f1a92f6854a59043d1b012b5a8b42d3da,D:\Job_Codes\PriceTracker\.artifacts\collection\run-2e839b74\lemanapro.ru.html,False,run-2e839b74\lemanapro.ru.html,html/lemanapro.ru-run-2e839b74.html,application_import,,2026-05-12T07:47:05.451794+00:00,1543159,False,False,,,False,,True,Санкт-Петербург,,dind-lemanapro.ru-09c3ea7e145206b2,product_page_or_listing,https://lemanapro.ru,True,collection_run,дрель,shared_live_search,run-2e839b74,09c3ea7e145206b28103eca0a9cb6e0f1a92f6854a59043d1b012b5a8b42d3da,1616323,False,lemanapro.ru,https://lemanapro.ru,Поиск – интернет-магазин Лемана ПРО в Москве,False,lemanapro.ru,run-2e839b74,Санкт-Петербург,shared_live_search,ok,14.782900000107475,,1937.3267999999225,6.0,6.0,6.0,False,,,,ok,False,1933.4123999999138,3.9144000000087544,HTML parse + extraction; shared across modes,60,0,0,1.0,567.5,0.16642228739002932,0,1,0,0,0,1.0,0.1,0.18181818181818182,1.0,0.1,0.18181818181818182,0.8333333333333334,0.08333333333333333,0.15151515151515152
20261002T161451Z-d2eb76ee,industrial,original_fast_query,dind-lemanapro.ru-f525d96c96aaf6dc,html/lemanapro.ru-run-99b5ac8f.html,дрель безударная,positive,True,60.0,1.0,1,59,0,1.0,1,0,59,1,0,59,1,0,59,industrial,html/lemanapro.ru-run-99b5ac8f.html,lemanapro.ru-run-99b5ac8f.html,run-99b5ac8f,lemanapro.ru,D:\Pet_Codes\science\article-price-tracker\industrial\html\lemanapro.ru-run-99b5ac8f.html,https://lemanapro.ru,https://lemanapro.ru,дрель безударная,Санкт-Петербург,shared_live_search,raw_html,,f525d96c96aaf6dc13d64d813a3c0206dee52bb1b2a0c2d2e170d0d184557941,f525d96c96aaf6dc13d64d813a3c0206dee52bb1b2a0c2d2e170d0d184557941,D:\Job_Codes\PriceTracker\.artifacts\collection\run-99b5ac8f\lemanapro.ru.html,False,run-99b5ac8f\lemanapro.ru.html,html/lemanapro.ru-run-99b5ac8f.html,application_import,,2026-05-11T18:24:18.838334+00:00,1411094,False,False,,,False,,True,Санкт-Петербург,,dind-lemanapro.ru-f525d96c96aaf6dc,product_page_or_listing,https://lemanapro.ru,True,collection_run,дрель безударная,shared_live_search,run-99b5ac8f,f525d96c96aaf6dc13d64d813a3c0206dee52bb1b2a0c2d2e170d0d184557941,1478059,False,lemanapro.ru,https://lemanapro.ru,Поиск – интернет-магазин Лемана ПРО в Москве,False,lemanapro.ru,run-99b5ac8f,Санкт-Петербург,shared_live_search,ok,14.43819999997504,,1846.0004999999655,1.0,1.0,1.0,False,,,,ok,False,1842.2587999999523,3.741700000013225,HTML parse + extraction; shared across modes,60,0,0,1.0,0.0,0.0,0,1,0,0,0,1.0,0.016666666666666666,0.03278688524590164,1.0,0.016666666666666666,0.03278688524590164,1.0,0.016666666666666666,0.03278688524590164
20261002T161451Z-d2eb76ee,industrial,original_fast_query,dind-lemanapro.ru-df1069562cd0eec0,html/lemanapro.ru-run-ecee459d.html,аывиваимвмви,negative,True,0.0,0.0,0,0,0,1.0,0,0,0,0,0,0,0,0,0,industrial,html/lemanapro.ru-run-ecee459d.html,lemanapro.ru-run-ecee459d.html,run-ecee459d,lemanapro.ru,D:\Pet_Codes\science\article-price-tracker\industrial\html\lemanapro.ru-run-ecee459d.html,https://lemanapro.ru,https://lemanapro.ru,аывиваимвмви,Санкт-Петербург,shared_live_search,raw_html,,df1069562cd0eec0ea89c3325e3e787415368db72e4545a25b086e3053c629b7,df1069562cd0eec0ea89c3325e3e787415368db72e4545a25b086e3053c629b7,D:\Job_Codes\PriceTracker\.artifacts\collection\run-ecee459d\lemanapro.ru.html,False,run-ecee459d\lemanapro.ru.html,html/lemanapro.ru-run-ecee459d.html,application_import,,2026-05-11T19:08:12.446061+00:00,317900,False,False,,,False,,True,Санкт-Петербург,,dind-lemanapro.ru-df1069562cd0eec0,product_page_or_listing,https://lemanapro.ru,True,collection_run,аывиваимвмви,shared_live_search,run-ecee459d,df1069562cd0eec0ea89c3325e3e787415368db72e4545a25b086e3053c629b7,326919,False,lemanapro.ru,https://lemanapro.ru,Поиск – интернет-магазин Лемана ПРО в Москве,False,lemanapro.ru,run-ecee459d,Санкт-Петербург,shared_live_search,ok,1.226399999926798,,37.06099999998696,0.0,0.0,0.0,False,,,,empty,False,36.95319999998901,0.10779999999795109,HTML parse + extraction; shared across modes,0,0,0,,,,0,0,0,0,1,0.0,0.0,0.0,0.0,0.0,0.0,0.0,0.0,0.0
20261002T161451Z-d2eb76ee,industrial,original_fast_query,dind-lemanapro.ru-b9b4d6ef071bd3cd,html/lemanapro.ru-run-fac98328.html,дрель ударная,positive,True,60.0,26.0,26,34,0,1.0,26,0,34,26,0,34,22,4,38,industrial,html/lemanapro.ru-run-fac98328.html,lemanapro.ru-run-fac98328.html,run-fac98328,lemanapro.ru,D:\Pet_Codes\science\article-price-tracker\industrial\html\lemanapro.ru-run-fac98328.html,https://lemanapro.ru,https://lemanapro.ru,дрель ударная,Санкт-Петербург,shared_live_search,raw_html,,b9b4d6ef071bd3cd4aa2c73515158aa362c07e7385c5894267ef8a4b5e7958fe,b9b4d6ef071bd3cd4aa2c73515158aa362c07e7385c5894267ef8a4b5e7958fe,D:\Job_Codes\PriceTracker\.artifacts\collection\run-fac98328\lemanapro.ru.html,False,run-fac98328\lemanapro.ru.html,html/lemanapro.ru-run-fac98328.html,application_import,,2026-05-11T19:03:18.934756+00:00,1499458,False,False,,,False,,True,Санкт-Петербург,,dind-lemanapro.ru-b9b4d6ef071bd3cd,product_page_or_listing,https://lemanapro.ru,True,collection_run,дрель ударная,shared_live_search,run-fac98328,b9b4d6ef071bd3cd4aa2c73515158aa362c07e7385c5894267ef8a4b5e7958fe,1568535,False,lemanapro.ru,https://lemanapro.ru,Поиск – интернет-магазин Лемана ПРО в Москве,False,lemanapro.ru,run-fac98328,Санкт-Петербург,shared_live_search,ok,3.313700000056997,,1967.200899999938,26.0,26.0,26.0,False,,,,ok,False,1962.6565999999875,4.544299999950454,HTML parse + extraction; shared across modes,60,0,0,1.0,531.0384615384615,0.15346795784956205,0,1,0,0,0,1.0,0.43333333333333335,0.6046511627906976,1.0,0.43333333333333335,0.6046511627906976,0.8461538461538461,0.36666666666666664,0.5116279069767441
20261002T161451Z-d2eb76ee,industrial,original_fast_query,dind-lemanapro.ru-ecf8fe1428f45043,html/lemanapro.ru-run-fe1a35c2.html,дрель безударная,positive,True,60.0,1.0,1,59,0,1.0,1,0,59,1,0,59,1,0,59,industrial,html/lemanapro.ru-run-fe1a35c2.html,lemanapro.ru-run-fe1a35c2.html,run-fe1a35c2,lemanapro.ru,D:\Pet_Codes\science\article-price-tracker\industrial\html\lemanapro.ru-run-fe1a35c2.html,https://lemanapro.ru,https://lemanapro.ru,дрель безударная,Санкт-Петербург,shared_live_search,raw_html,,ecf8fe1428f450438e6349d8b75fa4b2bc9c0f080e6760af5b12f4c0cb86b5f1,ecf8fe1428f450438e6349d8b75fa4b2bc9c0f080e6760af5b12f4c0cb86b5f1,D:\Job_Codes\PriceTracker\.artifacts\collection\run-fe1a35c2\lemanapro.ru.html,False,run-fe1a35c2\lemanapro.ru.html,html/lemanapro.ru-run-fe1a35c2.html,application_import,,2026-05-11T18:50:28.949773+00:00,1411094,False,False,,,False,,True,Санкт-Петербург,,dind-lemanapro.ru-ecf8fe1428f45043,product_page_or_listing,https://lemanapro.ru,True,collection_run,дрель безударная,shared_live_search,run-fe1a35c2,ecf8fe1428f450438e6349d8b75fa4b2bc9c0f080e6760af5b12f4c0cb86b5f1,1478059,False,lemanapro.ru,https://lemanapro.ru,Поиск – интернет-магазин Лемана ПРО в Москве,False,lemanapro.ru,run-fe1a35c2,Санкт-Петербург,shared_live_search,ok,14.258000000030734,,1839.9718000000576,1.0,1.0,1.0,False,,,,ok,False,1836.3203000000212,3.6515000000363216,HTML parse + extraction; shared across modes,60,0,0,1.0,0.0,0.0,0,1,0,0,0,1.0,0.016666666666666666,0.03278688524590164,1.0,0.016666666666666666,0.03278688524590164,1.0,0.016666666666666666,0.03278688524590164
20261002T161451Z-d2eb76ee,industrial,original_fast_query,dind-market.yandex.ru-1b519c43e22aa033,html/market.yandex.ru-run-8d5e2489.html,шуруповёрт,positive,True,24.0,14.0,14,10,0,1.0,14,0,10,14,0,10,14,0,10,industrial,html/market.yandex.ru-run-8d5e2489.html,market.yandex.ru-run-8d5e2489.html,run-8d5e2489,market.yandex.ru,D:\Pet_Codes\science\article-price-tracker\industrial\html\market.yandex.ru-run-8d5e2489.html,https://market.yandex.ru,https://market.yandex.ru,шуруповёрт,"Nizhny Novgorod,Nizhny Novgorod Oblast,Russia",shared_live_search,raw_html,,1b519c43e22aa0333e410c0794f0db5b8f0bd411271ba852104d1f79098ef598,1b519c43e22aa0333e410c0794f0db5b8f0bd411271ba852104d1f79098ef598,D:\Job_Codes\PriceTracker\.artifacts\collection\run-8d5e2489\market.yandex.ru.html,False,run-8d5e2489\market.yandex.ru.html,html/market.yandex.ru-run-8d5e2489.html,application_import,,2026-05-12T09:55:17.738041+00:00,2725345,False,False,,,False,,True,"Nizhny Novgorod,Nizhny Novgorod Oblast,Russia",,dind-market.yandex.ru-1b519c43e22aa033,product_page_or_listing,https://market.yandex.ru,True,collection_run,шуруповёрт,shared_live_search,run-8d5e2489,1b519c43e22aa0333e410c0794f0db5b8f0bd411271ba852104d1f79098ef598,2770401,False,market.yandex.ru,https://market.yandex.ru,Шуруповёрт — купить по низкой цене на Яндекс Маркете,False,market.yandex.ru,run-8d5e2489,"Nizhny Novgorod,Nizhny Novgorod Oblast,Russia",shared_live_search,ok,17.41940000001341,,1048.8107999999775,14.0,14.0,14.0,False,,,,ok,False,1046.059899999993,2.75089999998454,HTML parse + extraction; shared across modes,24,0,0,1.0,0.0,0.0,0,1,0,0,0,1.0,0.5833333333333334,0.7368421052631579,1.0,0.5833333333333334,0.7368421052631579,1.0,0.5833333333333334,0.7368421052631579
20261002T161451Z-d2eb76ee,industrial,original_fast_query,dind-market.yandex.ru-4a073eb1b3d67309,html/market.yandex.ru-run-a52ccc6b.html,столик журнальный,positive,True,24.0,18.0,18,6,0,1.0,18,0,6,18,0,6,18,0,6,industrial,html/market.yandex.ru-run-a52ccc6b.html,market.yandex.ru-run-a52ccc6b.html,run-a52ccc6b,market.yandex.ru,D:\Pet_Codes\science\article-price-tracker\industrial\html\market.yandex.ru-run-a52ccc6b.html,https://market.yandex.ru,https://market.yandex.ru,столик журнальный,"Nizhny Novgorod,Nizhny Novgorod Oblast,Russia",shared_live_search,raw_html,,4a073eb1b3d673091322fdf107fe15267f00d1ec7767b5576cc36734ca4e7f5e,4a073eb1b3d673091322fdf107fe15267f00d1ec7767b5576cc36734ca4e7f5e,D:\Job_Codes\PriceTracker\.artifacts\collection\run-a52ccc6b\market.yandex.ru.html,False,run-a52ccc6b\market.yandex.ru.html,html/market.yandex.ru-run-a52ccc6b.html,application_import,,2026-05-12T09:57:10.424828+00:00,2738303,False,False,,,False,,True,"Nizhny Novgorod,Nizhny Novgorod Oblast,Russia",,dind-market.yandex.ru-4a073eb1b3d67309,product_page_or_listing,https://market.yandex.ru,True,collection_run,столик журнальный,shared_live_search,run-a52ccc6b,4a073eb1b3d673091322fdf107fe15267f00d1ec7767b5576cc36734ca4e7f5e,2777900,False,market.yandex.ru,https://market.yandex.ru,Столик журнальный — купить по низкой цене на Яндекс Маркете,False,market.yandex.ru,run-a52ccc6b,"Nizhny Novgorod,Nizhny Novgorod Oblast,Russia",shared_live_search,ok,16.055999999982305,,1086.99459999986,18.0,18.0,18.0,False,,,,ok,False,1083.9440999999642,3.050499999895692,HTML parse + extraction; shared across modes,24,0,0,1.0,0.0,0.0,0,1,0,0,0,1.0,0.75,0.8571428571428571,1.0,0.75,0.8571428571428571,1.0,0.75,0.8571428571428571
20261002T161451Z-d2eb76ee,industrial,original_fast_query,dind-mvideo.ru-397d20ee85741495,html/mvideo.ru-run-none1.html,оперативная память 8 гб ddr 5,positive,True,40.0,0.0,0,40,0,0.0,0,0,40,0,0,40,0,0,40,industrial,html/mvideo.ru-run-none1.html,mvideo.ru-run-none1.html,run-none1,mvideo.ru,D:\Pet_Codes\science\article-price-tracker\industrial\html\mvideo.ru-run-none1.html,https://www.mvideo.ru/search?q=%D0%BE%D0%BF%D0%B5%D1%80%D0%B0%D1%82%D0%B8%D0%B2%D0%BD%D0%B0%D1%8F%20%D0%BF%D0%B0%D0%BC%D1%8F%D1%82%D1%8C%208%20%D0%B3%D0%B1%20ddr%205,https://www.mvideo.ru/search?q=%D0%BE%D0%BF%D0%B5%D1%80%D0%B0%D1%82%D0%B8%D0%B2%D0%BD%D0%B0%D1%8F%20%D0%BF%D0%B0%D0%BC%D1%8F%D1%82%D1%8C%208%20%D0%B3%D0%B1%20ddr%205,оперативная память 8 гб ddr 5,,,raw_html,,397d20ee8574149516726d0178a987c56e9c9314786aed05178c941cb33f92d1,397d20ee8574149516726d0178a987c56e9c9314786aed05178c941cb33f92d1,D:\Job_Codes\PriceTracker\services\stealth-renderer\.artifacts\2026-05-04-sr-mvideo.ru\1777873000142-g2ul3f\page.html,False,2026-05-04-sr-mvideo.ru\1777873000142-g2ul3f\page.html,html/mvideo.ru-run-none1.html,application_import,,2026-05-04T05:36:57.484Z,317379,False,True,,,False,,True,,0.0,dind-mvideo.ru-397d20ee85741495,product_page_or_listing,https://www.mvideo.ru/search?q=%D0%BE%D0%BF%D0%B5%D1%80%D0%B0%D1%82%D0%B8%D0%B2%D0%BD%D0%B0%D1%8F%20%D0%BF%D0%B0%D0%BC%D1%8F%D1%82%D1%8C%208%20%D0%B3%D0%B1%20ddr%205,True,stealth_renderer,оперативная память 8 гб ddr 5,,,397d20ee8574149516726d0178a987c56e9c9314786aed05178c941cb33f92d1,322404,False,mvideo.ru,https://www.mvideo.ru/search?q=%D0%BE%D0%BF%D0%B5%D1%80%D0%B0%D1%82%D0%B8%D0%B2%D0%BD%D0%B0%D1%8F%20%D0%BF%D0%B0%D0%BC%D1%8F%D1%82%D1%8C%208%20%D0%B3%D0%B1%20ddr%205,Поиск в М.видео - купить в интернет магазине М.Видео по выгодным ценам,False,mvideo.ru,run-none1,,,ok,13.360700000077486,,2671.3067000000738,0.0,0.0,0.0,False,,,,ok,False,2669.250800000038,2.055900000035763,HTML parse + extraction; shared across modes,40,0,0,,,,0,0,0,1,0,0.0,0.0,0.0,0.0,0.0,0.0,0.0,0.0,0.0
20261002T161451Z-d2eb76ee,industrial,original_fast_query,dind-mvideo.ru-c492b59ab5a30f12,html/mvideo.ru-run-none2.html,дрель безударная,positive,True,57.0,0.0,0,57,0,0.0,0,0,57,0,0,57,0,0,57,industrial,html/mvideo.ru-run-none2.html,mvideo.ru-run-none2.html,run-none2,mvideo.ru,D:\Pet_Codes\science\article-price-tracker\industrial\html\mvideo.ru-run-none2.html,https://www.mvideo.ru/search?q=%D0%B4%D1%80%D0%B5%D0%BB%D1%8C+%D0%B1%D0%B5%D0%B7%D1%83%D0%B4%D0%B0%D1%80%D0%BD%D0%B0%D1%8F,https://www.mvideo.ru/search?q=%D0%B4%D1%80%D0%B5%D0%BB%D1%8C+%D0%B1%D0%B5%D0%B7%D1%83%D0%B4%D0%B0%D1%80%D0%BD%D0%B0%D1%8F,дрель безударная,,,raw_html,,c492b59ab5a30f12d56e00ef50ccd370da5a0deda3c9ec3ef0599b700a184f49,c492b59ab5a30f12d56e00ef50ccd370da5a0deda3c9ec3ef0599b700a184f49,D:\Job_Codes\PriceTracker\services\stealth-renderer\.artifacts\2026-05-11-sr-mvideo.ru\1778526612369-hoasm1\page.html,False,2026-05-11-sr-mvideo.ru\1778526612369-hoasm1\page.html,html/mvideo.ru-run-none2.html,application_import,,2026-05-11T19:10:35.271Z,359395,False,True,,,False,,True,,0.0,dind-mvideo.ru-c492b59ab5a30f12,product_page_or_listing,https://www.mvideo.ru/search?q=%D0%B4%D1%80%D0%B5%D0%BB%D1%8C+%D0%B1%D0%B5%D0%B7%D1%83%D0%B4%D0%B0%D1%80%D0%BD%D0%B0%D1%8F,True,stealth_renderer,дрель безударная,,,c492b59ab5a30f12d56e00ef50ccd370da5a0deda3c9ec3ef0599b700a184f49,367202,False,mvideo.ru,https://www.mvideo.ru/search?q=%D0%B4%D1%80%D0%B5%D0%BB%D1%8C+%D0%B1%D0%B5%D0%B7%D1%83%D0%B4%D0%B0%D1%80%D0%BD%D0%B0%D1%8F,Поиск в М.видео - купить в интернет магазине М.Видео по выгодным ценам,False,mvideo.ru,run-none2,,,ok,42.974500000011176,,6025.99990000017,0.0,0.0,0.0,False,,,,ok,False,6023.804300000076,2.195600000093691,HTML parse + extraction; shared across modes,57,0,0,,,,0,0,0,1,0,0.0,0.0,0.0,0.0,0.0,0.0,0.0,0.0,0.0
20261002T161451Z-d2eb76ee,industrial,original_fast_query,dind-mvideo.ru-151bf8cc328c4ddc,html/mvideo.ru-run-none3.html,дрель безударная,positive,True,57.0,0.0,0,57,0,0.0,0,0,57,0,0,57,0,0,57,industrial,html/mvideo.ru-run-none3.html,mvideo.ru-run-none3.html,run-none3,mvideo.ru,D:\Pet_Codes\science\article-price-tracker\industrial\html\mvideo.ru-run-none3.html,https://www.mvideo.ru/search?q=%D0%B4%D1%80%D0%B5%D0%BB%D1%8C+%D0%B1%D0%B5%D0%B7%D1%83%D0%B4%D0%B0%D1%80%D0%BD%D0%B0%D1%8F,https://www.mvideo.ru/search?q=%D0%B4%D1%80%D0%B5%D0%BB%D1%8C+%D0%B1%D0%B5%D0%B7%D1%83%D0%B4%D0%B0%D1%80%D0%BD%D0%B0%D1%8F,дрель безударная,,,raw_html,,151bf8cc328c4ddc7fea5d8c8b99db4c89028e0933bd68d12df83ad11d03fd9b,151bf8cc328c4ddc7fea5d8c8b99db4c89028e0933bd68d12df83ad11d03fd9b,D:\Job_Codes\PriceTracker\services\stealth-renderer\.artifacts\2026-05-11-sr-mvideo.ru\1778526650070-l4bwxv\page.html,False,2026-05-11-sr-mvideo.ru\1778526650070-l4bwxv\page.html,html/mvideo.ru-run-none3.html,application_import,,2026-05-11T19:11:08.876Z,359412,False,True,,,False,,True,,0.0,dind-mvideo.ru-151bf8cc328c4ddc,product_page_or_listing,https://www.mvideo.ru/search?q=%D0%B4%D1%80%D0%B5%D0%BB%D1%8C+%D0%B1%D0%B5%D0%B7%D1%83%D0%B4%D0%B0%D1%80%D0%BD%D0%B0%D1%8F,True,stealth_renderer,дрель безударная,,,151bf8cc328c4ddc7fea5d8c8b99db4c89028e0933bd68d12df83ad11d03fd9b,367219,False,mvideo.ru,https://www.mvideo.ru/search?q=%D0%B4%D1%80%D0%B5%D0%BB%D1%8C+%D0%B1%D0%B5%D0%B7%D1%83%D0%B4%D0%B0%D1%80%D0%BD%D0%B0%D1%8F,Поиск в М.видео - купить в интернет магазине М.Видео по выгодным ценам,False,mvideo.ru,run-none3,,,ok,14.152099999948405,,5957.120499999961,0.0,0.0,0.0,False,,,,ok,False,5954.977500000037,2.1429999999236315,HTML parse + extraction; shared across modes,57,0,0,,,,0,0,0,1,0,0.0,0.0,0.0,0.0,0.0,0.0,0.0,0.0,0.0
20261002T161451Z-d2eb76ee,industrial,original_fast_query,dind-mvideo.ru-9b0cc1e81b38d9de,html/mvideo.ru-run-none4.html,дрель ударная,positive,True,53.0,27.0,27,26,0,1.0,27,0,26,27,0,26,27,0,26,industrial,html/mvideo.ru-run-none4.html,mvideo.ru-run-none4.html,run-none4,mvideo.ru,D:\Pet_Codes\science\article-price-tracker\industrial\html\mvideo.ru-run-none4.html,https://www.mvideo.ru/search?q=%D0%B4%D1%80%D0%B5%D0%BB%D1%8C+%D1%83%D0%B4%D0%B0%D1%80%D0%BD%D0%B0%D1%8F,https://www.mvideo.ru/search?q=%D0%B4%D1%80%D0%B5%D0%BB%D1%8C+%D1%83%D0%B4%D0%B0%D1%80%D0%BD%D0%B0%D1%8F,дрель ударная,,,raw_html,,9b0cc1e81b38d9de9c951e1e7b0744189158f5c4ad7c10b582ed6aac3b952a0a,9b0cc1e81b38d9de9c951e1e7b0744189158f5c4ad7c10b582ed6aac3b952a0a,D:\Job_Codes\PriceTracker\services\stealth-renderer\.artifacts\2026-05-11-sr-mvideo.ru\1778526873139-r8rc7j\page.html,False,2026-05-11-sr-mvideo.ru\1778526873139-r8rc7j\page.html,html/mvideo.ru-run-none4.html,application_import,,2026-05-11T19:14:55.689Z,344084,False,True,,,False,,True,,0.0,dind-mvideo.ru-9b0cc1e81b38d9de,product_page_or_listing,https://www.mvideo.ru/search?q=%D0%B4%D1%80%D0%B5%D0%BB%D1%8C+%D1%83%D0%B4%D0%B0%D1%80%D0%BD%D0%B0%D1%8F,True,stealth_renderer,дрель ударная,,,9b0cc1e81b38d9de9c951e1e7b0744189158f5c4ad7c10b582ed6aac3b952a0a,351051,False,mvideo.ru,https://www.mvideo.ru/search?q=%D0%B4%D1%80%D0%B5%D0%BB%D1%8C+%D1%83%D0%B4%D0%B0%D1%80%D0%BD%D0%B0%D1%8F,Поиск в М.видео - купить в интернет магазине М.Видео по выгодным ценам,False,mvideo.ru,run-none4,,,ok,13.741199999931268,,5186.768799999962,27.0,27.0,27.0,False,,,,ok,False,5184.620400000014,2.148399999947287,HTML parse + extraction; shared across modes,53,0,0,1.0,0.0,0.0,0,1,0,0,0,1.0,0.5094339622641509,0.6749999999999999,1.0,0.5094339622641509,0.6749999999999999,1.0,0.5094339622641509,0.6749999999999999
20261002T161451Z-d2eb76ee,industrial,original_fast_query,dind-mvideo.ru-e426af76efa6c0dd,html/mvideo.ru-run-none5.html,дрель ударная,positive,True,53.0,27.0,27,26,0,1.0,27,0,26,27,0,26,27,0,26,industrial,html/mvideo.ru-run-none5.html,mvideo.ru-run-none5.html,run-none5,mvideo.ru,D:\Pet_Codes\science\article-price-tracker\industrial\html\mvideo.ru-run-none5.html,https://www.mvideo.ru/search?q=%D0%B4%D1%80%D0%B5%D0%BB%D1%8C+%D1%83%D0%B4%D0%B0%D1%80%D0%BD%D0%B0%D1%8F,https://www.mvideo.ru/search?q=%D0%B4%D1%80%D0%B5%D0%BB%D1%8C+%D1%83%D0%B4%D0%B0%D1%80%D0%BD%D0%B0%D1%8F,дрель ударная,,,raw_html,,e426af76efa6c0dd5ac4011d8d9963a083809235c6d31df3c0330736f32e19ce,e426af76efa6c0dd5ac4011d8d9963a083809235c6d31df3c0330736f32e19ce,D:\Job_Codes\PriceTracker\services\stealth-renderer\.artifacts\2026-05-11-sr-mvideo.ru\1778526910433-3ue2ck\page.html,False,2026-05-11-sr-mvideo.ru\1778526910433-3ue2ck\page.html,html/mvideo.ru-run-none5.html,application_import,,2026-05-11T19:15:39.088Z,343307,False,True,,,False,,True,,0.0,dind-mvideo.ru-e426af76efa6c0dd,product_page_or_listing,https://www.mvideo.ru/search?q=%D0%B4%D1%80%D0%B5%D0%BB%D1%8C+%D1%83%D0%B4%D0%B0%D1%80%D0%BD%D0%B0%D1%8F,True,stealth_renderer,дрель ударная,,,e426af76efa6c0dd5ac4011d8d9963a083809235c6d31df3c0330736f32e19ce,350226,False,mvideo.ru,https://www.mvideo.ru/search?q=%D0%B4%D1%80%D0%B5%D0%BB%D1%8C+%D1%83%D0%B4%D0%B0%D1%80%D0%BD%D0%B0%D1%8F,Поиск в М.видео - купить в интернет магазине М.Видео по выгодным ценам,False,mvideo.ru,run-none5,,,ok,12.32620000001043,,5572.783699999913,27.0,27.0,27.0,False,,,,ok,False,5570.581399999908,2.2023000000044703,HTML parse + extraction; shared across modes,53,0,0,1.0,0.0,0.0,0,1,0,0,0,1.0,0.5094339622641509,0.6749999999999999,1.0,0.5094339622641509,0.6749999999999999,1.0,0.5094339622641509,0.6749999999999999
20261002T161451Z-d2eb76ee,industrial,original_fast_query,dind-mvideo.ru-f4739083601ea838,html/mvideo.ru-run-none6.html,дрель ударная,positive,True,53.0,27.0,27,26,0,1.0,27,0,26,27,0,26,27,0,26,industrial,html/mvideo.ru-run-none6.html,mvideo.ru-run-none6.html,run-none6,mvideo.ru,D:\Pet_Codes\science\article-price-tracker\industrial\html\mvideo.ru-run-none6.html,https://www.mvideo.ru/search?q=%D0%B4%D1%80%D0%B5%D0%BB%D1%8C+%D1%83%D0%B4%D0%B0%D1%80%D0%BD%D0%B0%D1%8F,https://www.mvideo.ru/search?q=%D0%B4%D1%80%D0%B5%D0%BB%D1%8C+%D1%83%D0%B4%D0%B0%D1%80%D0%BD%D0%B0%D1%8F,дрель ударная,,,raw_html,,f4739083601ea8382cd154efeef3a3ccb03cf4e46856f119073eaf0305362e95,f4739083601ea8382cd154efeef3a3ccb03cf4e46856f119073eaf0305362e95,D:\Job_Codes\PriceTracker\services\stealth-renderer\.artifacts\2026-05-11-sr-mvideo.ru\1778526976433-lrxrn5\page.html,False,2026-05-11-sr-mvideo.ru\1778526976433-lrxrn5\page.html,html/mvideo.ru-run-none6.html,application_import,,2026-05-11T19:16:35.405Z,343313,False,True,,,False,,True,,0.0,dind-mvideo.ru-f4739083601ea838,product_page_or_listing,https://www.mvideo.ru/search?q=%D0%B4%D1%80%D0%B5%D0%BB%D1%8C+%D1%83%D0%B4%D0%B0%D1%80%D0%BD%D0%B0%D1%8F,True,stealth_renderer,дрель ударная,,,f4739083601ea8382cd154efeef3a3ccb03cf4e46856f119073eaf0305362e95,350251,False,mvideo.ru,https://www.mvideo.ru/search?q=%D0%B4%D1%80%D0%B5%D0%BB%D1%8C+%D1%83%D0%B4%D0%B0%D1%80%D0%BD%D0%B0%D1%8F,Поиск в М.видео - купить в интернет магазине М.Видео по выгодным ценам,False,mvideo.ru,run-none6,,,ok,12.836300000082701,,5223.586699999985,27.0,27.0,27.0,False,,,,ok,False,5221.256199999945,2.330500000040047,HTML parse + extraction; shared across modes,53,0,0,1.0,0.0,0.0,0,1,0,0,0,1.0,0.5094339622641509,0.6749999999999999,1.0,0.5094339622641509,0.6749999999999999,1.0,0.5094339622641509,0.6749999999999999
20261002T161451Z-d2eb76ee,industrial,original_fast_query,dind-mvideo.ru-3e76af37ea2ac7ed,html/mvideo.ru-run-none7.html,дрель ударная,positive,True,53.0,27.0,27,26,0,1.0,27,0,26,27,0,26,27,0,26,industrial,html/mvideo.ru-run-none7.html,mvideo.ru-run-none7.html,run-none7,mvideo.ru,D:\Pet_Codes\science\article-price-tracker\industrial\html\mvideo.ru-run-none7.html,https://www.mvideo.ru/search?q=%D0%B4%D1%80%D0%B5%D0%BB%D1%8C+%D1%83%D0%B4%D0%B0%D1%80%D0%BD%D0%B0%D1%8F,https://www.mvideo.ru/search?q=%D0%B4%D1%80%D0%B5%D0%BB%D1%8C+%D1%83%D0%B4%D0%B0%D1%80%D0%BD%D0%B0%D1%8F,дрель ударная,,,raw_html,,3e76af37ea2ac7ede2882474a3a85661d58b5d60f312b92f7227c6e304f9b109,3e76af37ea2ac7ede2882474a3a85661d58b5d60f312b92f7227c6e304f9b109,D:\Job_Codes\PriceTracker\services\stealth-renderer\.artifacts\2026-05-11-sr-mvideo.ru\1778527034726-062wv0\page.html,False,2026-05-11-sr-mvideo.ru\1778527034726-062wv0\page.html,html/mvideo.ru-run-none7.html,application_import,,2026-05-11T19:17:36.052Z,342836,False,True,,,False,,True,,0.0,dind-mvideo.ru-3e76af37ea2ac7ed,product_page_or_listing,https://www.mvideo.ru/search?q=%D0%B4%D1%80%D0%B5%D0%BB%D1%8C+%D1%83%D0%B4%D0%B0%D1%80%D0%BD%D0%B0%D1%8F,True,stealth_renderer,дрель ударная,,,3e76af37ea2ac7ede2882474a3a85661d58b5d60f312b92f7227c6e304f9b109,349738,False,mvideo.ru,https://www.mvideo.ru/search?q=%D0%B4%D1%80%D0%B5%D0%BB%D1%8C+%D1%83%D0%B4%D0%B0%D1%80%D0%BD%D0%B0%D1%8F,Поиск в М.видео - купить в интернет магазине М.Видео по выгодным ценам,False,mvideo.ru,run-none7,,,ok,12.62140000006184,,5272.769700000063,27.0,27.0,27.0,False,,,,ok,False,5270.541900000069,2.2277999999932945,HTML parse + extraction; shared across modes,53,0,0,1.0,0.0,0.0,0,1,0,0,0,1.0,0.5094339622641509,0.6749999999999999,1.0,0.5094339622641509,0.6749999999999999,1.0,0.5094339622641509,0.6749999999999999
20261002T161451Z-d2eb76ee,industrial,original_fast_query,dind-mvideo.ru-e3c8a4d018d42c79,html/mvideo.ru-run-none8.html,gsdgsfdgfbd,negative,True,0.0,0.0,0,0,0,1.0,0,0,0,0,0,0,0,0,0,industrial,html/mvideo.ru-run-none8.html,mvideo.ru-run-none8.html,run-none8,mvideo.ru,D:\Pet_Codes\science\article-price-tracker\industrial\html\mvideo.ru-run-none8.html,https://www.mvideo.ru/no-search-results-bad,https://www.mvideo.ru/no-search-results-bad,gsdgsfdgfbd,,,raw_html,,e3c8a4d018d42c79b42dc62597ba8e4ea8a79992185d7e223ee389e9c29bc396,e3c8a4d018d42c79b42dc62597ba8e4ea8a79992185d7e223ee389e9c29bc396,D:\Job_Codes\PriceTracker\services\stealth-renderer\.artifacts\2026-05-11-sr-mvideo.ru\1778528069467-i31ur9\page.html,False,2026-05-11-sr-mvideo.ru\1778528069467-i31ur9\page.html,html/mvideo.ru-run-none8.html,application_import,,2026-05-11T19:34:45.139Z,198883,False,True,,,False,,True,,0.0,dind-mvideo.ru-e3c8a4d018d42c79,product_page_or_listing,https://www.mvideo.ru/no-search-results-bad,True,stealth_renderer,gsdgsfdgfbd,,,e3c8a4d018d42c79b42dc62597ba8e4ea8a79992185d7e223ee389e9c29bc396,200825,False,mvideo.ru,https://www.mvideo.ru/no-search-results-bad,gsdgsfdgfbd - купить в интернет магазине М.Видео по выгодным ценам,False,mvideo.ru,run-none8,,,ok,12.534899999969639,,28.595700000063516,0.0,0.0,0.0,False,,,,empty,False,28.55870000005234,0.03700000001117587,HTML parse + extraction; shared across modes,0,0,0,,,,0,0,0,0,1,0.0,0.0,0.0,0.0,0.0,0.0,0.0,0.0,0.0
20261002T161451Z-d2eb76ee,industrial,original_fast_query,dind-mvideo.ru-c964db29d85851de,html/mvideo.ru-run-none9.html,gsdgsfdgfbd,negative,True,0.0,0.0,0,0,0,1.0,0,0,0,0,0,0,0,0,0,industrial,html/mvideo.ru-run-none9.html,mvideo.ru-run-none9.html,run-none9,mvideo.ru,D:\Pet_Codes\science\article-price-tracker\industrial\html\mvideo.ru-run-none9.html,https://www.mvideo.ru/no-search-results-bad,https://www.mvideo.ru/no-search-results-bad,gsdgsfdgfbd,,,raw_html,,c964db29d85851de2a1d33359a9de15fd6d761e6cc6afc72dd381e1e3ccf70fa,c964db29d85851de2a1d33359a9de15fd6d761e6cc6afc72dd381e1e3ccf70fa,D:\Job_Codes\PriceTracker\services\stealth-renderer\.artifacts\2026-05-11-sr-mvideo.ru\1778528201366-n6c6hn\page.html,False,2026-05-11-sr-mvideo.ru\1778528201366-n6c6hn\page.html,html/mvideo.ru-run-none9.html,application_import,,2026-05-11T19:37:07.625Z,199321,False,True,,,False,,True,,0.0,dind-mvideo.ru-c964db29d85851de,product_page_or_listing,https://www.mvideo.ru/no-search-results-bad,True,stealth_renderer,gsdgsfdgfbd,,,c964db29d85851de2a1d33359a9de15fd6d761e6cc6afc72dd381e1e3ccf70fa,201263,False,mvideo.ru,https://www.mvideo.ru/no-search-results-bad,gsdgsfdgfbd - купить в интернет магазине М.Видео по выгодным ценам,False,mvideo.ru,run-none9,,,ok,1.1171000000322238,,31.544499999959953,0.0,0.0,0.0,False,,,,empty,False,31.49930000002496,0.045199999934993684,HTML parse + extraction; shared across modes,0,0,0,,,,0,0,0,0,1,0.0,0.0,0.0,0.0,0.0,0.0,0.0,0.0,0.0
20261002T161451Z-d2eb76ee,industrial,original_fast_query,dind-mvideo.ru-4c97407a7ea4c65d,html/mvideo.ru-run-none10.html,gsdgsfdgfbd,negative,True,0.0,0.0,0,0,0,1.0,0,0,0,0,0,0,0,0,0,industrial,html/mvideo.ru-run-none10.html,mvideo.ru-run-none10.html,run-none10,mvideo.ru,D:\Pet_Codes\science\article-price-tracker\industrial\html\mvideo.ru-run-none10.html,https://www.mvideo.ru/no-search-results-bad,https://www.mvideo.ru/no-search-results-bad,gsdgsfdgfbd,,,raw_html,,4c97407a7ea4c65dc13d9dd4860bef706c3d515bb792d85a23c10b18c1ac0bc1,4c97407a7ea4c65dc13d9dd4860bef706c3d515bb792d85a23c10b18c1ac0bc1,D:\Job_Codes\PriceTracker\services\stealth-renderer\.artifacts\2026-05-11-sr-mvideo.ru\1778529369018-tvs1z7\page.html,False,2026-05-11-sr-mvideo.ru\1778529369018-tvs1z7\page.html,html/mvideo.ru-run-none10.html,application_import,,2026-05-11T19:56:27.590Z,198896,False,True,,,False,,True,,0.0,dind-mvideo.ru-4c97407a7ea4c65d,product_page_or_listing,https://www.mvideo.ru/no-search-results-bad,True,stealth_renderer,gsdgsfdgfbd,,,4c97407a7ea4c65dc13d9dd4860bef706c3d515bb792d85a23c10b18c1ac0bc1,200838,False,mvideo.ru,https://www.mvideo.ru/no-search-results-bad,gsdgsfdgfbd - купить в интернет магазине М.Видео по выгодным ценам,False,mvideo.ru,run-none10,,,ok,1.1122000000905246,,27.38970000005793,0.0,0.0,0.0,False,,,,empty,False,27.362599999993108,0.02710000006482005,HTML parse + extraction; shared across modes,0,0,0,,,,0,0,0,0,1,0.0,0.0,0.0,0.0,0.0,0.0,0.0,0.0,0.0
20261002T161451Z-d2eb76ee,industrial,original_fast_query,dind-mvideo.ru-1dc9556f176f49b3,html/mvideo.ru-run-none11.html,gsdgsfdgfbd,negative,True,0.0,0.0,0,0,0,1.0,0,0,0,0,0,0,0,0,0,industrial,html/mvideo.ru-run-none11.html,mvideo.ru-run-none11.html,run-none11,mvideo.ru,D:\Pet_Codes\science\article-price-tracker\industrial\html\mvideo.ru-run-none11.html,https://www.mvideo.ru/no-search-results-bad,https://www.mvideo.ru/no-search-results-bad,gsdgsfdgfbd,,,raw_html,,1dc9556f176f49b36d37264744cd7ba1d64fdf7de4765597f73ff288cbdcfa7b,1dc9556f176f49b36d37264744cd7ba1d64fdf7de4765597f73ff288cbdcfa7b,D:\Job_Codes\PriceTracker\services\stealth-renderer\.artifacts\2026-05-11-sr-mvideo.ru\1778529565251-h6csnf\page.html,False,2026-05-11-sr-mvideo.ru\1778529565251-h6csnf\page.html,html/mvideo.ru-run-none11.html,application_import,,2026-05-11T19:59:48.741Z,198957,False,True,,,False,,True,,0.0,dind-mvideo.ru-1dc9556f176f49b3,product_page_or_listing,https://www.mvideo.ru/no-search-results-bad,True,stealth_renderer,gsdgsfdgfbd,,,1dc9556f176f49b36d37264744cd7ba1d64fdf7de4765597f73ff288cbdcfa7b,200899,False,mvideo.ru,https://www.mvideo.ru/no-search-results-bad,gsdgsfdgfbd - купить в интернет магазине М.Видео по выгодным ценам,False,mvideo.ru,run-none11,,,ok,0.9762000000337139,,26.42359999998007,0.0,0.0,0.0,False,,,,empty,False,26.3756000000285,0.047999999951571226,HTML parse + extraction; shared across modes,0,0,0,,,,0,0,0,0,1,0.0,0.0,0.0,0.0,0.0,0.0,0.0,0.0,0.0
20261002T161451Z-d2eb76ee,industrial,original_fast_query,dind-mvideo.ru-79ce14d153c633c2,html/mvideo.ru-run-82a41131.html,дрель ударная,positive,True,53.0,27.0,27,26,0,1.0,27,0,26,27,0,26,27,0,26,industrial,html/mvideo.ru-run-82a41131.html,mvideo.ru-run-82a41131.html,run-82a41131,mvideo.ru,D:\Pet_Codes\science\article-price-tracker\industrial\html\mvideo.ru-run-82a41131.html,https://mvideo.ru,https://mvideo.ru,дрель ударная,Санкт-Петербург,shared_live_search,raw_html,,79ce14d153c633c22a3a0de31ef71ec467e5344311755e75c88e683d5043fa63,79ce14d153c633c22a3a0de31ef71ec467e5344311755e75c88e683d5043fa63,D:\Job_Codes\PriceTracker\.artifacts\collection\run-82a41131\mvideo.ru.html,False,run-82a41131\mvideo.ru.html,html/mvideo.ru-run-82a41131.html,application_import,,2026-05-11T19:33:04.482674+00:00,376612,False,False,,,False,,True,Санкт-Петербург,,dind-mvideo.ru-79ce14d153c633c2,product_page_or_listing,https://mvideo.ru,True,collection_run,дрель ударная,shared_live_search,run-82a41131,79ce14d153c633c22a3a0de31ef71ec467e5344311755e75c88e683d5043fa63,384350,False,mvideo.ru,https://mvideo.ru,Поиск в М.видео - купить в интернет магазине М.Видео по выгодным ценам,False,mvideo.ru,run-82a41131,Санкт-Петербург,shared_live_search,ok,1.5118999999249354,,5392.050600000075,27.0,27.0,27.0,False,,,,ok,False,5389.852599999984,2.1980000000912696,HTML parse + extraction; shared across modes,53,0,0,1.0,0.0,0.0,0,1,0,0,0,1.0,0.5094339622641509,0.6749999999999999,1.0,0.5094339622641509,0.6749999999999999,1.0,0.5094339622641509,0.6749999999999999
20261002T161451Z-d2eb76ee,industrial,original_fast_query,dind-mvideo.ru-57409058dc51841b,html/mvideo.ru-run-bd396f4d.html,консоль ps5,positive,True,119.0,16.0,16,103,0,1.0,16,0,103,16,0,103,16,0,103,industrial,html/mvideo.ru-run-bd396f4d.html,mvideo.ru-run-bd396f4d.html,run-bd396f4d,mvideo.ru,D:\Pet_Codes\science\article-price-tracker\industrial\html\mvideo.ru-run-bd396f4d.html,https://mvideo.ru,https://mvideo.ru,консоль ps5,Санкт-Петербург,shared_live_search,raw_html,,57409058dc51841be1328f393851e65af2cdfa03f162d60c9e0e5bec81777dbd,57409058dc51841be1328f393851e65af2cdfa03f162d60c9e0e5bec81777dbd,D:\Job_Codes\PriceTracker\.artifacts\collection\run-bd396f4d\mvideo.ru.html,False,run-bd396f4d\mvideo.ru.html,html/mvideo.ru-run-bd396f4d.html,application_import,,2026-05-12T07:44:23.853739+00:00,597337,False,False,,,False,,True,Санкт-Петербург,,dind-mvideo.ru-57409058dc51841b,product_page_or_listing,https://mvideo.ru,True,collection_run,консоль ps5,shared_live_search,run-bd396f4d,57409058dc51841be1328f393851e65af2cdfa03f162d60c9e0e5bec81777dbd,616073,False,mvideo.ru,https://mvideo.ru,Поиск в М.видео - купить в интернет магазине М.Видео по выгодным ценам,False,mvideo.ru,run-bd396f4d,Санкт-Петербург,shared_live_search,ok,12.391499999910593,,27739.777399999904,16.0,16.0,16.0,False,,,,ok,False,27733.30039999995,6.4769999999552965,HTML parse + extraction; shared across modes,119,0,0,1.0,0.0,0.0,0,1,0,0,0,1.0,0.13445378151260504,0.23703703703703705,1.0,0.13445378151260504,0.23703703703703705,1.0,0.13445378151260504,0.23703703703703705
20261002T161451Z-d2eb76ee,industrial,original_fast_query,dind-mvideo.ru-be793df4ca32b36e,html/mvideo.ru-run-f3583847.html,дрель,positive,True,114.0,37.0,37,77,0,1.0,37,0,77,37,0,77,37,0,77,industrial,html/mvideo.ru-run-f3583847.html,mvideo.ru-run-f3583847.html,run-f3583847,mvideo.ru,D:\Pet_Codes\science\article-price-tracker\industrial\html\mvideo.ru-run-f3583847.html,https://mvideo.ru,https://mvideo.ru,дрель,Санкт-Петербург,shared_live_search,raw_html,,be793df4ca32b36e149a40ded5e23a798941e588c20e9ed9490011b8c685f967,be793df4ca32b36e149a40ded5e23a798941e588c20e9ed9490011b8c685f967,D:\Job_Codes\PriceTracker\.artifacts\collection\run-f3583847\mvideo.ru.html,False,run-f3583847\mvideo.ru.html,html/mvideo.ru-run-f3583847.html,application_import,,2026-05-12T07:49:18.661602+00:00,564494,False,False,,,False,,True,Санкт-Петербург,,dind-mvideo.ru-be793df4ca32b36e,product_page_or_listing,https://mvideo.ru,True,collection_run,дрель,shared_live_search,run-f3583847,be793df4ca32b36e149a40ded5e23a798941e588c20e9ed9490011b8c685f967,580160,False,mvideo.ru,https://mvideo.ru,Поиск в М.видео - купить в интернет магазине М.Видео по выгодным ценам,False,mvideo.ru,run-f3583847,Санкт-Петербург,shared_live_search,ok,1.7656000000424683,,24776.29680000001,37.0,37.0,37.0,False,,,,ok,False,24771.409400000004,4.887400000006892,HTML parse + extraction; shared across modes,114,0,0,1.0,0.0,0.0,0,1,0,0,0,1.0,0.32456140350877194,0.490066225165563,1.0,0.32456140350877194,0.490066225165563,1.0,0.32456140350877194,0.490066225165563
20261002T161451Z-d2eb76ee,industrial,original_fast_query,dind-oaopolimer.ru-b10d46a99fe3b34d,html/oaopolimer.ru-run-none1.html,ящик,positive,True,18.0,16.0,16,2,0,1.0,16,0,2,16,0,2,16,0,1,industrial,html/oaopolimer.ru-run-none1.html,oaopolimer.ru-run-none1.html,run-none1,oaopolimer.ru,D:\Pet_Codes\science\article-price-tracker\industrial\html\oaopolimer.ru-run-none1.html,https://oaopolimer.ru/search/?q=%d1%8f%d1%89%d0%b8%d0%ba,https://oaopolimer.ru/search/?q=%d1%8f%d1%89%d0%b8%d0%ba,ящик,,,raw_html,,b10d46a99fe3b34d7f1996fbcf8642bea0645ad32bc795a23b59c4fd5d57ef88,b10d46a99fe3b34d7f1996fbcf8642bea0645ad32bc795a23b59c4fd5d57ef88,D:\Job_Codes\PriceTracker\services\stealth-renderer\.artifacts\2026-05-11-sr-oaopolimer.ru\1778529776143-q520ey\page.html,False,2026-05-11-sr-oaopolimer.ru\1778529776143-q520ey\page.html,html/oaopolimer.ru-run-none1.html,application_import,,2026-05-11T20:03:14.039Z,73859,False,True,,,False,,True,,0.0,dind-oaopolimer.ru-b10d46a99fe3b34d,product_page_or_listing,https://oaopolimer.ru/search/?q=%d1%8f%d1%89%d0%b8%d0%ba,True,stealth_renderer,ящик,,,b10d46a99fe3b34d7f1996fbcf8642bea0645ad32bc795a23b59c4fd5d57ef88,77845,False,oaopolimer.ru,https://oaopolimer.ru/search/?q=%d1%8f%d1%89%d0%b8%d0%ba,Поиск товаров,False,oaopolimer.ru,run-none1,,,ok,42.37109999998938,,931.5516999998363,16.0,16.0,16.0,False,,,,ok,False,930.7550999999512,0.7965999998850748,HTML parse + extraction; shared across modes,17,1,0,1.0,0.0,0.0,0,1,0,0,0,1.0,0.8888888888888888,0.9411764705882353,1.0,0.8888888888888888,0.9411764705882353,1.0,0.9411764705882353,0.9696969696969697
20261002T161451Z-d2eb76ee,industrial,original_fast_query,dind-oaopolimer.ru-5b318217a3a3222c,html/oaopolimer.ru-run-none2.html,ящик,positive,True,18.0,16.0,16,2,0,1.0,16,0,2,16,0,2,16,0,1,industrial,html/oaopolimer.ru-run-none2.html,oaopolimer.ru-run-none2.html,run-none2,oaopolimer.ru,D:\Pet_Codes\science\article-price-tracker\industrial\html\oaopolimer.ru-run-none2.html,https://oaopolimer.ru/search/?q=%d1%8f%d1%89%d0%b8%d0%ba,https://oaopolimer.ru/search/?q=%d1%8f%d1%89%d0%b8%d0%ba,ящик,,,raw_html,,5b318217a3a3222c28a827384adeb180794e83f4003e0d859dd67e5cbca03d80,5b318217a3a3222c28a827384adeb180794e83f4003e0d859dd67e5cbca03d80,D:\Job_Codes\PriceTracker\services\stealth-renderer\.artifacts\2026-05-11-sr-oaopolimer.ru\1778529807809-djfixt\page.html,False,2026-05-11-sr-oaopolimer.ru\1778529807809-djfixt\page.html,html/oaopolimer.ru-run-none2.html,application_import,,2026-05-11T20:03:45.483Z,73858,False,True,,,False,,True,,0.0,dind-oaopolimer.ru-5b318217a3a3222c,product_page_or_listing,https://oaopolimer.ru/search/?q=%d1%8f%d1%89%d0%b8%d0%ba,True,stealth_renderer,ящик,,,5b318217a3a3222c28a827384adeb180794e83f4003e0d859dd67e5cbca03d80,77844,False,oaopolimer.ru,https://oaopolimer.ru/search/?q=%d1%8f%d1%89%d0%b8%d0%ba,Поиск товаров,False,oaopolimer.ru,run-none2,,,ok,11.915199999930337,,980.3296000000555,16.0,16.0,16.0,False,,,,ok,False,979.5080000000307,0.8216000000247732,HTML parse + extraction; shared across modes,17,1,0,1.0,0.0,0.0,0,1,0,0,0,1.0,0.8888888888888888,0.9411764705882353,1.0,0.8888888888888888,0.9411764705882353,1.0,0.9411764705882353,0.9696969696969697
20261002T161451Z-d2eb76ee,industrial,original_fast_query,dind-oaopolimer.ru-c8d55d81cc904ea3,html/oaopolimer.ru-run-none3.html,ящик,positive,True,18.0,16.0,16,2,0,1.0,16,0,2,16,0,2,16,0,1,industrial,html/oaopolimer.ru-run-none3.html,oaopolimer.ru-run-none3.html,run-none3,oaopolimer.ru,D:\Pet_Codes\science\article-price-tracker\industrial\html\oaopolimer.ru-run-none3.html,https://oaopolimer.ru/search/?q=%d1%8f%d1%89%d0%b8%d0%ba,https://oaopolimer.ru/search/?q=%d1%8f%d1%89%d0%b8%d0%ba,ящик,,,raw_html,,c8d55d81cc904ea364011750d6150e5e4a97a4767f55df44e8c056a97921e803,c8d55d81cc904ea364011750d6150e5e4a97a4767f55df44e8c056a97921e803,D:\Job_Codes\PriceTracker\services\stealth-renderer\.artifacts\2026-05-11-sr-oaopolimer.ru\1778530802245-ekatdp\page.html,False,2026-05-11-sr-oaopolimer.ru\1778530802245-ekatdp\page.html,html/oaopolimer.ru-run-none3.html,application_import,,2026-05-11T20:20:20.455Z,73859,False,True,,,False,,True,,0.0,dind-oaopolimer.ru-c8d55d81cc904ea3,product_page_or_listing,https://oaopolimer.ru/search/?q=%d1%8f%d1%89%d0%b8%d0%ba,True,stealth_renderer,ящик,,,c8d55d81cc904ea364011750d6150e5e4a97a4767f55df44e8c056a97921e803,77845,False,oaopolimer.ru,https://oaopolimer.ru/search/?q=%d1%8f%d1%89%d0%b8%d0%ba,Поиск товаров,False,oaopolimer.ru,run-none3,,,ok,13.437399999937043,,926.2808000000659,16.0,16.0,16.0,False,,,,ok,False,925.14300000004,1.1378000000258908,HTML parse + extraction; shared across modes,17,1,0,1.0,0.0,0.0,0,1,0,0,0,1.0,0.8888888888888888,0.9411764705882353,1.0,0.8888888888888888,0.9411764705882353,1.0,0.9411764705882353,0.9696969696969697
20261002T161451Z-d2eb76ee,industrial,original_fast_query,dind-oaopolimer.ru-8109f11938b71aeb,html/oaopolimer.ru-run-none4.html,ящик,positive,True,18.0,16.0,16,2,0,1.0,16,0,2,16,0,2,16,0,1,industrial,html/oaopolimer.ru-run-none4.html,oaopolimer.ru-run-none4.html,run-none4,oaopolimer.ru,D:\Pet_Codes\science\article-price-tracker\industrial\html\oaopolimer.ru-run-none4.html,https://oaopolimer.ru/search/?q=%d1%8f%d1%89%d0%b8%d0%ba,https://oaopolimer.ru/search/?q=%d1%8f%d1%89%d0%b8%d0%ba,ящик,,,raw_html,,8109f11938b71aeb41ff9894a41e4ac14b50df1360158dd003bc48b881f8ed6d,8109f11938b71aeb41ff9894a41e4ac14b50df1360158dd003bc48b881f8ed6d,D:\Job_Codes\PriceTracker\services\stealth-renderer\.artifacts\2026-05-11-sr-oaopolimer.ru\1778531143131-x1kada\page.html,False,2026-05-11-sr-oaopolimer.ru\1778531143131-x1kada\page.html,html/oaopolimer.ru-run-none4.html,application_import,,2026-05-11T20:25:58.579Z,73859,False,True,,,False,,True,,0.0,dind-oaopolimer.ru-8109f11938b71aeb,product_page_or_listing,https://oaopolimer.ru/search/?q=%d1%8f%d1%89%d0%b8%d0%ba,True,stealth_renderer,ящик,,,8109f11938b71aeb41ff9894a41e4ac14b50df1360158dd003bc48b881f8ed6d,77845,False,oaopolimer.ru,https://oaopolimer.ru/search/?q=%d1%8f%d1%89%d0%b8%d0%ba,Поиск товаров,False,oaopolimer.ru,run-none4,,,ok,11.70589999994263,,924.5524000000441,16.0,16.0,16.0,False,,,,ok,False,923.7615999999689,0.7908000000752509,HTML parse + extraction; shared across modes,17,1,0,1.0,0.0,0.0,0,1,0,0,0,1.0,0.8888888888888888,0.9411764705882353,1.0,0.8888888888888888,0.9411764705882353,1.0,0.9411764705882353,0.9696969696969697
20261002T161451Z-d2eb76ee,industrial,original_fast_query,dind-oaopolimer.ru-2a0003d60012b8a6,html/oaopolimer.ru-run-none5.html,ящик,positive,True,18.0,16.0,16,2,0,1.0,16,0,2,16,0,2,16,0,1,industrial,html/oaopolimer.ru-run-none5.html,oaopolimer.ru-run-none5.html,run-none5,oaopolimer.ru,D:\Pet_Codes\science\article-price-tracker\industrial\html\oaopolimer.ru-run-none5.html,https://oaopolimer.ru/search/?q=%d1%8f%d1%89%d0%b8%d0%ba,https://oaopolimer.ru/search/?q=%d1%8f%d1%89%d0%b8%d0%ba,ящик,,,raw_html,,2a0003d60012b8a6d728b955fb71a8aab56a574bd23b4a6701a26d995d03f6f7,2a0003d60012b8a6d728b955fb71a8aab56a574bd23b4a6701a26d995d03f6f7,D:\Job_Codes\PriceTracker\services\stealth-renderer\.artifacts\2026-05-17-sr-oaopolimer.ru\1779050933220-3sfvdq\page.html,False,2026-05-17-sr-oaopolimer.ru\1779050933220-3sfvdq\page.html,html/oaopolimer.ru-run-none5.html,application_import,,2026-05-17T20:49:21.959Z,74948,False,True,,,False,,True,,0.0,dind-oaopolimer.ru-2a0003d60012b8a6,product_page_or_listing,https://oaopolimer.ru/search/?q=%d1%8f%d1%89%d0%b8%d0%ba,True,stealth_renderer,ящик,,,2a0003d60012b8a6d728b955fb71a8aab56a574bd23b4a6701a26d995d03f6f7,78935,False,oaopolimer.ru,https://oaopolimer.ru/search/?q=%d1%8f%d1%89%d0%b8%d0%ba,Поиск товаров,False,oaopolimer.ru,run-none5,,,ok,11.700699999928474,,934.0047999999952,16.0,16.0,16.0,False,,,,ok,False,933.2079999999842,0.7968000000109896,HTML parse + extraction; shared across modes,17,1,0,1.0,0.0,0.0,0,1,0,0,0,1.0,0.8888888888888888,0.9411764705882353,1.0,0.8888888888888888,0.9411764705882353,1.0,0.9411764705882353,0.9696969696969697
20261002T161451Z-d2eb76ee,industrial,original_fast_query,dind-oaopolimer.ru-02558b82bd865b0f,html/oaopolimer.ru-run-99bb6904.html,ящик,positive,True,18.0,16.0,16,2,0,1.0,16,0,2,16,0,2,16,0,1,industrial,html/oaopolimer.ru-run-99bb6904.html,oaopolimer.ru-run-99bb6904.html,run-99bb6904,oaopolimer.ru,D:\Pet_Codes\science\article-price-tracker\industrial\html\oaopolimer.ru-run-99bb6904.html,https://oaopolimer.ru,https://oaopolimer.ru,ящик,Санкт-Петербург,shared_live_search,raw_html,,02558b82bd865b0f9dbcf44b87e3a488f2abb3a228735e0c0713aaf5d2db7843,02558b82bd865b0f9dbcf44b87e3a488f2abb3a228735e0c0713aaf5d2db7843,D:\Job_Codes\PriceTracker\.artifacts\collection\run-99bb6904\oaopolimer.ru.html,False,run-99bb6904\oaopolimer.ru.html,html/oaopolimer.ru-run-99bb6904.html,application_import,,2026-05-11T20:26:00.311208+00:00,75414,False,False,,,False,,True,Санкт-Петербург,,dind-oaopolimer.ru-02558b82bd865b0f,product_page_or_listing,https://oaopolimer.ru,True,collection_run,ящик,shared_live_search,run-99bb6904,02558b82bd865b0f9dbcf44b87e3a488f2abb3a228735e0c0713aaf5d2db7843,79400,False,oaopolimer.ru,https://oaopolimer.ru,Поиск товаров,False,oaopolimer.ru,run-99bb6904,Санкт-Петербург,shared_live_search,ok,13.134099999908358,,942.8024999999907,16.0,16.0,16.0,False,,,,ok,False,941.8151000000071,0.9873999999836087,HTML parse + extraction; shared across modes,17,1,0,1.0,0.0,0.0,0,1,0,0,0,1.0,0.8888888888888888,0.9411764705882353,1.0,0.8888888888888888,0.9411764705882353,1.0,0.9411764705882353,0.9696969696969697
20261002T161451Z-d2eb76ee,industrial,original_fast_query,dind-oaopolimer.ru-a7c041cf2a18af01,html/oaopolimer.ru-run-bc19d776.html,ящик,positive,True,18.0,16.0,16,2,0,1.0,16,0,2,16,0,2,16,0,1,industrial,html/oaopolimer.ru-run-bc19d776.html,oaopolimer.ru-run-bc19d776.html,run-bc19d776,oaopolimer.ru,D:\Pet_Codes\science\article-price-tracker\industrial\html\oaopolimer.ru-run-bc19d776.html,https://oaopolimer.ru,https://oaopolimer.ru,ящик,Санкт-Петербург,shared_live_search,raw_html,,a7c041cf2a18af01d6d1a4184d23af23c4cfb58e35831cf35e57984958738726,a7c041cf2a18af01d6d1a4184d23af23c4cfb58e35831cf35e57984958738726,D:\Job_Codes\PriceTracker\.artifacts\collection\run-bc19d776\oaopolimer.ru.html,False,run-bc19d776\oaopolimer.ru.html,html/oaopolimer.ru-run-bc19d776.html,application_import,,2026-05-11T20:20:21.748180+00:00,75414,False,False,,,False,,True,Санкт-Петербург,,dind-oaopolimer.ru-a7c041cf2a18af01,product_page_or_listing,https://oaopolimer.ru,True,collection_run,ящик,shared_live_search,run-bc19d776,a7c041cf2a18af01d6d1a4184d23af23c4cfb58e35831cf35e57984958738726,79400,False,oaopolimer.ru,https://oaopolimer.ru,Поиск товаров,False,oaopolimer.ru,run-bc19d776,Санкт-Петербург,shared_live_search,ok,0.881400000071153,,929.156399999978,16.0,16.0,16.0,False,,,,ok,False,928.3623000000371,0.7940999999409541,HTML parse + extraction; shared across modes,17,1,0,1.0,0.0,0.0,0,1,0,0,0,1.0,0.8888888888888888,0.9411764705882353,1.0,0.8888888888888888,0.9411764705882353,1.0,0.9411764705882353,0.9696969696969697
20261002T161451Z-d2eb76ee,industrial,original_fast_query,dind-officemag.ru-00d53e795579eb90,html/officemag.ru-run-none1.html,,positive,True,16.0,13.0,13,3,0,1.0,13,0,3,13,0,3,12,1,4,industrial,html/officemag.ru-run-none1.html,officemag.ru-run-none1.html,run-none1,officemag.ru,D:\Pet_Codes\science\article-price-tracker\industrial\html\officemag.ru-run-none1.html,https://www.officemag.ru/catalog/785/?Filter[PRICE][MIN_]=157&Filter[PRICE][MAX_]=1250&Filter[FACETS][423801][23]=%D0%904&search_redirect=1,https://www.officemag.ru/catalog/785/?Filter[PRICE][MIN_]=157&Filter[PRICE][MAX_]=1250&Filter[FACETS][423801][23]=%D0%904&search_redirect=1,,,,raw_html,,00d53e795579eb9041bb48d4cdddbc1ea12d9e92478ae4958b559e0ed198016e,00d53e795579eb9041bb48d4cdddbc1ea12d9e92478ae4958b559e0ed198016e,D:\Job_Codes\PriceTracker\services\stealth-renderer\.artifacts\2026-05-13-sr-officemag.ru\1778648963932-9nfq3r\page.html,False,2026-05-13-sr-officemag.ru\1778648963932-9nfq3r\page.html,html/officemag.ru-run-none1.html,application_import,,2026-05-13T05:09:37.752Z,616849,False,True,,,False,,True,,0.0,dind-officemag.ru-00d53e795579eb90,product_page_or_listing,https://www.officemag.ru/catalog/785/?Filter[PRICE][MIN_]=157&Filter[PRICE][MAX_]=1250&Filter[FACETS][423801][23]=%D0%904&search_redirect=1,True,stealth_renderer,,,,00d53e795579eb9041bb48d4cdddbc1ea12d9e92478ae4958b559e0ed198016e,644153,False,officemag.ru,https://www.officemag.ru/catalog/785/?Filter[PRICE][MIN_]=157&Filter[PRICE][MAX_]=1250&Filter[FACETS][423801][23]=%D0%904&search_redirect=1,"Купить бумагу офисную A4 и A3 в розницу и мелким оптом от производителя для печати на принтерах и мфу (белая 500 листов) - продажа бумаги для офисов по низкой цене в интернет-магазине Офисмаг. Дешево, доставка.",False,officemag.ru,run-none1,,,ok,13.895200000028126,,6236.121099999873,13.0,13.0,13.0,False,,,,ok,False,6236.116999999969,0.004099999903701246,HTML parse + extraction; shared across modes,16,0,0,0.992862807295797,11.008461538461539,0.021708232017632348,0,1,0,0,0,1.0,0.8125,0.896551724137931,1.0,0.8125,0.896551724137931,0.9230769230769231,0.75,0.8275862068965517
20261002T161451Z-d2eb76ee,industrial,original_fast_query,dind-officemag.ru-5e08817729b9c1b0,html/officemag.ru-run-none2.html,,positive,True,4.0,1.0,1,3,0,1.0,1,0,3,1,0,3,1,0,3,industrial,html/officemag.ru-run-none2.html,officemag.ru-run-none2.html,run-none2,officemag.ru,D:\Pet_Codes\science\article-price-tracker\industrial\html\officemag.ru-run-none2.html,https://www.officemag.ru/search/?q=,https://www.officemag.ru/search/?q=,,,,raw_html,,5e08817729b9c1b0e28513e7221d1318683e506fb44dabc162f658f0dc2abc66,5e08817729b9c1b0e28513e7221d1318683e506fb44dabc162f658f0dc2abc66,D:\Job_Codes\PriceTracker\services\stealth-renderer\.artifacts\2026-05-13-sr-officemag.ru\1778650028322-gayd0b\page.html,False,2026-05-13-sr-officemag.ru\1778650028322-gayd0b\page.html,html/officemag.ru-run-none2.html,application_import,,2026-05-13T05:27:26.259Z,252763,False,True,,,False,,True,,0.0,dind-officemag.ru-5e08817729b9c1b0,product_page_or_listing,https://www.officemag.ru/search/?q=,True,stealth_renderer,,,,5e08817729b9c1b0e28513e7221d1318683e506fb44dabc162f658f0dc2abc66,258931,False,officemag.ru,https://www.officemag.ru/search/?q=,Поиск,False,officemag.ru,run-none2,,,ok,13.409999999916181,,883.732799999998,1.0,1.0,1.0,False,,,,ok,False,883.7286999999778,0.004100000020116568,HTML parse + extraction; shared across modes,4,0,0,0.8913043478260869,0.9500000000000455,0.0005536291849995894,0,1,0,0,0,1.0,0.25,0.4,1.0,0.25,0.4,1.0,0.25,0.4
20261002T161451Z-d2eb76ee,industrial,original_fast_query,dind-officemag.ru-beec12f6c9b66652,html/officemag.ru-run-none3.html,,positive,True,16.0,13.0,13,3,0,1.0,13,0,3,13,0,3,12,1,4,industrial,html/officemag.ru-run-none3.html,officemag.ru-run-none3.html,run-none3,officemag.ru,D:\Pet_Codes\science\article-price-tracker\industrial\html\officemag.ru-run-none3.html,https://www.officemag.ru/catalog/785/?Filter[PRICE][MIN_]=157&Filter[PRICE][MAX_]=1250&Filter[FACETS][423801][23]=%D0%904&search_redirect=1,https://www.officemag.ru/catalog/785/?Filter[PRICE][MIN_]=157&Filter[PRICE][MAX_]=1250&Filter[FACETS][423801][23]=%D0%904&search_redirect=1,,,,raw_html,,beec12f6c9b66652d03aa5bec871f8e865c44fcdf9e11a353950968c98f99ffa,beec12f6c9b66652d03aa5bec871f8e865c44fcdf9e11a353950968c98f99ffa,D:\Job_Codes\PriceTracker\services\stealth-renderer\.artifacts\2026-05-13-sr-officemag.ru\1778650258393-egaror\page.html,False,2026-05-13-sr-officemag.ru\1778650258393-egaror\page.html,html/officemag.ru-run-none3.html,application_import,,2026-05-13T05:31:15.960Z,615317,False,True,,,False,,True,,0.0,dind-officemag.ru-beec12f6c9b66652,product_page_or_listing,https://www.officemag.ru/catalog/785/?Filter[PRICE][MIN_]=157&Filter[PRICE][MAX_]=1250&Filter[FACETS][423801][23]=%D0%904&search_redirect=1,True,stealth_renderer,,,,beec12f6c9b66652d03aa5bec871f8e865c44fcdf9e11a353950968c98f99ffa,642276,False,officemag.ru,https://www.officemag.ru/catalog/785/?Filter[PRICE][MIN_]=157&Filter[PRICE][MAX_]=1250&Filter[FACETS][423801][23]=%D0%904&search_redirect=1,"Купить бумагу офисную A4 и A3 в розницу и мелким оптом от производителя для печати на принтерах и мфу (белая 500 листов) - продажа бумаги для офисов по низкой цене в интернет-магазине Офисмаг. Дешево, доставка.",False,officemag.ru,run-none3,,,ok,12.744599999976344,,6359.528900000034,13.0,13.0,13.0,False,,,,ok,False,6359.52489999996,0.004000000073574483,HTML parse + extraction; shared across modes,16,0,0,0.991638795986622,103.99615384615385,0.060605585154668754,0,1,0,0,0,1.0,0.8125,0.896551724137931,1.0,0.8125,0.896551724137931,0.9230769230769231,0.75,0.8275862068965517
20261002T161451Z-d2eb76ee,industrial,original_fast_query,dind-officemag.ru-b0ddf2fa010706d1,html/officemag.ru-run-none4.html,гелевая ручка,positive,True,24.0,20.0,20,4,0,1.0,20,0,4,20,0,4,20,0,4,industrial,html/officemag.ru-run-none4.html,officemag.ru-run-none4.html,run-none4,officemag.ru,D:\Pet_Codes\science\article-price-tracker\industrial\html\officemag.ru-run-none4.html,https://www.officemag.ru/search/?q=%D0%B3%D0%B5%D0%BB%D0%B5%D0%B2%D0%B0%D1%8F+%D1%80%D1%83%D1%87%D0%BA%D0%B0,https://www.officemag.ru/search/?q=%D0%B3%D0%B5%D0%BB%D0%B5%D0%B2%D0%B0%D1%8F+%D1%80%D1%83%D1%87%D0%BA%D0%B0,гелевая ручка,,,raw_html,,b0ddf2fa010706d165ca666f3d2134e6375719c306fd21291eee22c703606c4a,b0ddf2fa010706d165ca666f3d2134e6375719c306fd21291eee22c703606c4a,D:\Job_Codes\PriceTracker\services\stealth-renderer\.artifacts\2026-05-17-sr-officemag.ru\1779051225962-b467e9\page.html,False,2026-05-17-sr-officemag.ru\1779051225962-b467e9\page.html,html/officemag.ru-run-none4.html,application_import,,2026-05-17T20:54:10.318Z,797576,False,True,,,False,,True,,0.0,dind-officemag.ru-b0ddf2fa010706d1,product_page_or_listing,https://www.officemag.ru/search/?q=%D0%B3%D0%B5%D0%BB%D0%B5%D0%B2%D0%B0%D1%8F+%D1%80%D1%83%D1%87%D0%BA%D0%B0,True,stealth_renderer,гелевая ручка,,,b0ddf2fa010706d165ca666f3d2134e6375719c306fd21291eee22c703606c4a,834177,False,officemag.ru,https://www.officemag.ru/search/?q=%D0%B3%D0%B5%D0%BB%D0%B5%D0%B2%D0%B0%D1%8F+%D1%80%D1%83%D1%87%D0%BA%D0%B0,Вы искали гелевая ручка,False,officemag.ru,run-none4,,,ok,2.4486000000033528,,9035.354900000035,20.0,20.0,20.0,False,,,,ok,False,9030.28760000004,5.067299999995157,HTML parse + extraction; shared across modes,24,0,0,1.0,0.0,0.0,0,1,0,0,0,1.0,0.8333333333333334,0.9090909090909091,1.0,0.8333333333333334,0.9090909090909091,1.0,0.8333333333333334,0.9090909090909091
20261002T161451Z-d2eb76ee,industrial,original_fast_query,dind-officemag.ru-40809b5312781d55,html/officemag.ru-run-none5.html,ручка гелевая,positive,True,24.0,20.0,20,4,0,1.0,20,0,4,20,0,4,20,0,4,industrial,html/officemag.ru-run-none5.html,officemag.ru-run-none5.html,run-none5,officemag.ru,D:\Pet_Codes\science\article-price-tracker\industrial\html\officemag.ru-run-none5.html,https://www.officemag.ru/search/?q=%D1%80%D1%83%D1%87%D0%BA%D0%B0+%D0%B3%D0%B5%D0%BB%D0%B5%D0%B2%D0%B0%D1%8F,https://www.officemag.ru/search/?q=%D1%80%D1%83%D1%87%D0%BA%D0%B0+%D0%B3%D0%B5%D0%BB%D0%B5%D0%B2%D0%B0%D1%8F,ручка гелевая,,,raw_html,,40809b5312781d55fafeacb7d769ade8aaf7d104c2e489234836d5240bf0c4fb,40809b5312781d55fafeacb7d769ade8aaf7d104c2e489234836d5240bf0c4fb,D:\Job_Codes\PriceTracker\services\stealth-renderer\.artifacts\2026-05-18-sr-officemag.ru\1779101294788-idf9c2\page.html,False,2026-05-18-sr-officemag.ru\1779101294788-idf9c2\page.html,html/officemag.ru-run-none5.html,application_import,,2026-05-18T10:48:41.250Z,793236,False,True,,,False,,True,,0.0,dind-officemag.ru-40809b5312781d55,product_page_or_listing,https://www.officemag.ru/search/?q=%D1%80%D1%83%D1%87%D0%BA%D0%B0+%D0%B3%D0%B5%D0%BB%D0%B5%D0%B2%D0%B0%D1%8F,True,stealth_renderer,ручка гелевая,,,40809b5312781d55fafeacb7d769ade8aaf7d104c2e489234836d5240bf0c4fb,829060,False,officemag.ru,https://www.officemag.ru/search/?q=%D1%80%D1%83%D1%87%D0%BA%D0%B0+%D0%B3%D0%B5%D0%BB%D0%B5%D0%B2%D0%B0%D1%8F,Вы искали ручка гелевая,False,officemag.ru,run-none5,,,ok,14.633799999952316,,8989.647299999953,20.0,20.0,20.0,False,,,,ok,False,8984.66769999999,4.979599999962375,HTML parse + extraction; shared across modes,24,0,0,1.0,0.0,0.0,0,1,0,0,0,1.0,0.8333333333333334,0.9090909090909091,1.0,0.8333333333333334,0.9090909090909091,1.0,0.8333333333333334,0.9090909090909091
20261002T161451Z-d2eb76ee,industrial,original_fast_query,dind-officemag.ru-00c674729dcaa4ea,html/officemag.ru-run-2eca7e5f.html,бумага а4,positive,True,16.0,12.0,12,4,0,1.0,12,0,4,12,0,4,12,0,4,industrial,html/officemag.ru-run-2eca7e5f.html,officemag.ru-run-2eca7e5f.html,run-2eca7e5f,officemag.ru,D:\Pet_Codes\science\article-price-tracker\industrial\html\officemag.ru-run-2eca7e5f.html,https://officemag.ru,https://officemag.ru,бумага а4,Санкт-Петербург,shared_live_search,raw_html,,00c674729dcaa4ea2bc8765ab5ee6c2d31acade6c6f4e28366591b08740a2fab,00c674729dcaa4ea2bc8765ab5ee6c2d31acade6c6f4e28366591b08740a2fab,D:\Job_Codes\PriceTracker\.artifacts\collection\run-2eca7e5f\officemag.ru.html,False,run-2eca7e5f\officemag.ru.html,html/officemag.ru-run-2eca7e5f.html,application_import,,2026-05-13T05:31:17.335898+00:00,619275,False,False,,,False,,True,Санкт-Петербург,,dind-officemag.ru-00c674729dcaa4ea,product_page_or_listing,https://officemag.ru,True,collection_run,бумага а4,shared_live_search,run-2eca7e5f,00c674729dcaa4ea2bc8765ab5ee6c2d31acade6c6f4e28366591b08740a2fab,646234,False,officemag.ru,https://officemag.ru,"Купить бумагу офисную A4 и A3 в розницу и мелким оптом от производителя для печати на принтерах и мфу (белая 500 листов) - продажа бумаги для офисов по низкой цене в интернет-магазине Офисмаг. Дешево, доставка.",False,officemag.ru,run-2eca7e5f,Санкт-Петербург,shared_live_search,ok,41.57570000004489,,6281.677199999918,12.0,12.0,12.0,False,,,,ok,False,6277.971599999932,3.705599999986589,HTML parse + extraction; shared across modes,16,0,0,1.0,0.0,0.0,0,1,0,0,0,1.0,0.75,0.8571428571428571,1.0,0.75,0.8571428571428571,1.0,0.75,0.8571428571428571
20261002T161451Z-d2eb76ee,industrial,original_fast_query,dind-officemag.ru-1bea9ed185f4b328,html/officemag.ru-run-3d0f801a.html,бумага а4,positive,True,4.0,0.0,0,4,0,0.0,0,0,4,0,0,4,0,0,4,industrial,html/officemag.ru-run-3d0f801a.html,officemag.ru-run-3d0f801a.html,run-3d0f801a,officemag.ru,D:\Pet_Codes\science\article-price-tracker\industrial\html\officemag.ru-run-3d0f801a.html,https://officemag.ru,https://officemag.ru,бумага а4,Санкт-Петербург,shared_live_search,raw_html,,1bea9ed185f4b32872f4e66895bb73873633d2afe0c5f627a7994e0ecf9d104a,1bea9ed185f4b32872f4e66895bb73873633d2afe0c5f627a7994e0ecf9d104a,D:\Job_Codes\PriceTracker\.artifacts\collection\run-3d0f801a\officemag.ru.html,False,run-3d0f801a\officemag.ru.html,html/officemag.ru-run-3d0f801a.html,application_import,,2026-05-13T05:27:27.354908+00:00,254057,False,False,,,False,,True,Санкт-Петербург,,dind-officemag.ru-1bea9ed185f4b328,product_page_or_listing,https://officemag.ru,True,collection_run,бумага а4,shared_live_search,run-3d0f801a,1bea9ed185f4b32872f4e66895bb73873633d2afe0c5f627a7994e0ecf9d104a,260225,False,officemag.ru,https://officemag.ru,Поиск,False,officemag.ru,run-3d0f801a,Санкт-Петербург,shared_live_search,ok,42.2844000000041,,838.4557000000495,0.0,0.0,0.0,False,,,,ok,False,838.234999999986,0.2207000000635162,HTML parse + extraction; shared across modes,4,0,0,,,,0,0,0,1,0,0.0,0.0,0.0,0.0,0.0,0.0,0.0,0.0,0.0
20261002T161451Z-d2eb76ee,industrial,original_fast_query,dind-officemag.ru-892e0a35c31b5746,html/officemag.ru-run-ac6cc526.html,бумага а4,positive,True,16.0,12.0,12,4,0,1.0,12,0,4,12,0,4,12,0,4,industrial,html/officemag.ru-run-ac6cc526.html,officemag.ru-run-ac6cc526.html,run-ac6cc526,officemag.ru,D:\Pet_Codes\science\article-price-tracker\industrial\html\officemag.ru-run-ac6cc526.html,https://officemag.ru,https://officemag.ru,бумага а4,Санкт-Петербург,shared_live_search,raw_html,,892e0a35c31b5746f6c4f00ae057a7604589a27e3283384e0d5aef7557d3d490,892e0a35c31b5746f6c4f00ae057a7604589a27e3283384e0d5aef7557d3d490,D:\Job_Codes\PriceTracker\.artifacts\collection\run-ac6cc526\officemag.ru.html,False,run-ac6cc526\officemag.ru.html,html/officemag.ru-run-ac6cc526.html,application_import,,2026-05-13T05:09:40.254709+00:00,620833,False,False,,,False,,True,Санкт-Петербург,,dind-officemag.ru-892e0a35c31b5746,product_page_or_listing,https://officemag.ru,True,collection_run,бумага а4,shared_live_search,run-ac6cc526,892e0a35c31b5746f6c4f00ae057a7604589a27e3283384e0d5aef7557d3d490,648137,False,officemag.ru,https://officemag.ru,"Купить бумагу офисную A4 и A3 в розницу и мелким оптом от производителя для печати на принтерах и мфу (белая 500 листов) - продажа бумаги для офисов по низкой цене в интернет-магазине Офисмаг. Дешево, доставка.",False,officemag.ru,run-ac6cc526,Санкт-Петербург,shared_live_search,ok,12.82929999998305,,6300.951899999869,12.0,12.0,12.0,False,,,,ok,False,6297.238299999968,3.7135999999009073,HTML parse + extraction; shared across modes,16,0,0,1.0,0.0,0.0,0,1,0,0,0,1.0,0.75,0.8571428571428571,1.0,0.75,0.8571428571428571,1.0,0.75,0.8571428571428571
20261002T161451Z-d2eb76ee,industrial,original_fast_query,dind-ozon.ru-bef199bc4e3cafc8,html/ozon.ru-run-none1.html,ps 5,positive,True,24.0,13.0,13,11,0,1.0,13,0,11,13,0,11,13,0,11,industrial,html/ozon.ru-run-none1.html,ozon.ru-run-none1.html,run-none1,ozon.ru,D:\Pet_Codes\science\article-price-tracker\industrial\html\ozon.ru-run-none1.html,https://www.ozon.ru/search/?deny_category_prediction=true&from_global=true&text=ps+5,https://www.ozon.ru/search/?deny_category_prediction=true&from_global=true&text=ps+5,ps 5,,,raw_html,,bef199bc4e3cafc8ab4f7ad4fb05d2a856bd75d36d93884dc5abf8c27d076388,bef199bc4e3cafc8ab4f7ad4fb05d2a856bd75d36d93884dc5abf8c27d076388,D:\Job_Codes\PriceTracker\services\stealth-renderer\.artifacts\2026-04-30-sr-ozon.ru\1777535260719-h2mjej\page.html,False,2026-04-30-sr-ozon.ru\1777535260719-h2mjej\page.html,html/ozon.ru-run-none1.html,application_import,,2026-04-30T07:48:05.385Z,722798,False,True,,,False,,True,,0.0,dind-ozon.ru-bef199bc4e3cafc8,product_page_or_listing,https://www.ozon.ru/search/?deny_category_prediction=true&from_global=true&text=ps+5,True,stealth_renderer,ps 5,,,bef199bc4e3cafc8ab4f7ad4fb05d2a856bd75d36d93884dc5abf8c27d076388,729999,False,ozon.ru,https://www.ozon.ru/search/?deny_category_prediction=true&from_global=true&text=ps+5,ps 5 - купить на OZON,False,ozon.ru,run-none1,,,ok,14.3418000000529,,383.32010000001173,13.0,13.0,13.0,False,,,,ok,False,381.40850000001956,1.911599999992177,HTML parse + extraction; shared across modes,24,0,0,1.0,0.0,0.0,0,1,0,0,0,1.0,0.5416666666666666,0.7027027027027027,1.0,0.5416666666666666,0.7027027027027027,1.0,0.5416666666666666,0.7027027027027027
20261002T161451Z-d2eb76ee,industrial,original_fast_query,dind-ozon.ru-7b0cb8482987d4b1,html/ozon.ru-run-none2.html,ps 5,positive,True,24.0,10.0,10,14,0,1.0,10,0,14,10,0,14,10,0,14,industrial,html/ozon.ru-run-none2.html,ozon.ru-run-none2.html,run-none2,ozon.ru,D:\Pet_Codes\science\article-price-tracker\industrial\html\ozon.ru-run-none2.html,https://www.ozon.ru/search/?deny_category_prediction=true&from_global=true&text=ps+5,https://www.ozon.ru/search/?deny_category_prediction=true&from_global=true&text=ps+5,ps 5,,,raw_html,,7b0cb8482987d4b10e9064248d4e55413ca964ceb3dc5f4cf176b80973f1605d,7b0cb8482987d4b10e9064248d4e55413ca964ceb3dc5f4cf176b80973f1605d,D:\Job_Codes\PriceTracker\services\stealth-renderer\.artifacts\2026-05-03-sr-ozon.ru\1777810054701-zs4toq\page.html,False,2026-05-03-sr-ozon.ru\1777810054701-zs4toq\page.html,html/ozon.ru-run-none2.html,application_import,,2026-05-03T12:07:55.848Z,734923,False,True,,,False,,True,,0.0,dind-ozon.ru-7b0cb8482987d4b1,product_page_or_listing,https://www.ozon.ru/search/?deny_category_prediction=true&from_global=true&text=ps+5,True,stealth_renderer,ps 5,,,7b0cb8482987d4b10e9064248d4e55413ca964ceb3dc5f4cf176b80973f1605d,741857,False,ozon.ru,https://www.ozon.ru/search/?deny_category_prediction=true&from_global=true&text=ps+5,ps 5 - купить на OZON,False,ozon.ru,run-none2,,,ok,1.8360000000102445,,385.8142999999691,10.0,10.0,10.0,False,,,,ok,False,384.26450000004843,1.5497999999206513,HTML parse + extraction; shared across modes,24,0,0,1.0,0.0,0.0,0,1,0,0,0,1.0,0.4166666666666667,0.5882352941176471,1.0,0.4166666666666667,0.5882352941176471,1.0,0.4166666666666667,0.5882352941176471
20261002T161451Z-d2eb76ee,industrial,original_fast_query,dind-ozon.ru-4db869312af5e423,html/ozon.ru-run-none3.html,ps 5,positive,True,24.0,7.0,7,17,0,1.0,7,0,17,7,0,17,7,0,17,industrial,html/ozon.ru-run-none3.html,ozon.ru-run-none3.html,run-none3,ozon.ru,D:\Pet_Codes\science\article-price-tracker\industrial\html\ozon.ru-run-none3.html,https://www.ozon.ru/search/?deny_category_prediction=true&from_global=true&text=ps+5,https://www.ozon.ru/search/?deny_category_prediction=true&from_global=true&text=ps+5,ps 5,,,raw_html,,4db869312af5e42377eb451d02b27a21337cb5b17cf45bde3c12b1d4f09b7948,4db869312af5e42377eb451d02b27a21337cb5b17cf45bde3c12b1d4f09b7948,D:\Job_Codes\PriceTracker\services\stealth-renderer\.artifacts\2026-05-04-sr-ozon.ru\1777871148596-xd94a2\page.html,False,2026-05-04-sr-ozon.ru\1777871148596-xd94a2\page.html,html/ozon.ru-run-none3.html,application_import,,2026-05-04T05:06:09.988Z,733503,False,True,,,False,,True,,0.0,dind-ozon.ru-4db869312af5e423,product_page_or_listing,https://www.ozon.ru/search/?deny_category_prediction=true&from_global=true&text=ps+5,True,stealth_renderer,ps 5,,,4db869312af5e42377eb451d02b27a21337cb5b17cf45bde3c12b1d4f09b7948,740246,False,ozon.ru,https://www.ozon.ru/search/?deny_category_prediction=true&from_global=true&text=ps+5,ps 5 - купить на OZON,False,ozon.ru,run-none3,,,ok,13.43640000000596,,390.2752999999793,7.0,7.0,7.0,False,,,,ok,False,388.82279999996535,1.4525000000139698,HTML parse + extraction; shared across modes,24,0,0,1.0,0.0,0.0,0,1,0,0,0,1.0,0.2916666666666667,0.45161290322580644,1.0,0.2916666666666667,0.45161290322580644,1.0,0.2916666666666667,0.45161290322580644
20261002T161451Z-d2eb76ee,industrial,original_fast_query,dind-ozon.ru-d2cfdfef86ed8cff,html/ozon.ru-run-none4.html,ноутбук,positive,True,24.0,24.0,24,0,0,1.0,24,0,0,24,0,0,24,0,0,industrial,html/ozon.ru-run-none4.html,ozon.ru-run-none4.html,run-none4,ozon.ru,D:\Pet_Codes\science\article-price-tracker\industrial\html\ozon.ru-run-none4.html,https://www.ozon.ru/category/noutbuki-planshety-i-elektronnye-knigi-8730/?category_was_predicted=true&deny_category_prediction=true&text=%D0%BD%D0%BE%D1%83%D1%82%D0%B1%D1%83%D0%BA,https://www.ozon.ru/category/noutbuki-planshety-i-elektronnye-knigi-8730/?category_was_predicted=true&deny_category_prediction=true&text=%D0%BD%D0%BE%D1%83%D1%82%D0%B1%D1%83%D0%BA,ноутбук,,,raw_html,,d2cfdfef86ed8cff9a1bc5be6d7c477a66fc7c8d8f34a241ca01e64591995952,d2cfdfef86ed8cff9a1bc5be6d7c477a66fc7c8d8f34a241ca01e64591995952,D:\Job_Codes\PriceTracker\services\stealth-renderer\.artifacts\2026-05-07-sr-ozon.ru\1778140547394-oswi8u\page.html,False,2026-05-07-sr-ozon.ru\1778140547394-oswi8u\page.html,html/ozon.ru-run-none4.html,application_import,,2026-05-07T07:56:12.185Z,760905,False,True,,,False,,True,,0.0,dind-ozon.ru-d2cfdfef86ed8cff,product_page_or_listing,https://www.ozon.ru/category/noutbuki-planshety-i-elektronnye-knigi-8730/?category_was_predicted=true&deny_category_prediction=true&text=%D0%BD%D0%BE%D1%83%D1%82%D0%B1%D1%83%D0%BA,True,stealth_renderer,ноутбук,,,d2cfdfef86ed8cff9a1bc5be6d7c477a66fc7c8d8f34a241ca01e64591995952,770346,False,ozon.ru,https://www.ozon.ru/category/noutbuki-planshety-i-elektronnye-knigi-8730/?category_was_predicted=true&deny_category_prediction=true&text=%D0%BD%D0%BE%D1%83%D1%82%D0%B1%D1%83%D0%BA,ноутбук - купить на OZON,False,ozon.ru,run-none4,,,ok,14.591499999980442,,435.1765000000596,24.0,24.0,24.0,False,,,,ok,False,432.6844000000274,2.4921000000322238,HTML parse + extraction; shared across modes,24,0,0,1.0,0.0,0.0,0,1,0,0,0,1.0,1.0,1.0,1.0,1.0,1.0,1.0,1.0,1.0
20261002T161451Z-d2eb76ee,industrial,original_fast_query,dind-ozon.ru-0f7383450d9788c2,html/ozon.ru-run-none5.html,ноутбук 16 gb ram,positive,True,24.0,24.0,24,0,0,1.0,24,0,0,24,0,0,24,0,0,industrial,html/ozon.ru-run-none5.html,ozon.ru-run-none5.html,run-none5,ozon.ru,D:\Pet_Codes\science\article-price-tracker\industrial\html\ozon.ru-run-none5.html,https://www.ozon.ru/search/?from_global=true&text=%D0%BD%D0%BE%D1%83%D1%82%D0%B1%D1%83%D0%BA+16+gb+ram,https://www.ozon.ru/search/?from_global=true&text=%D0%BD%D0%BE%D1%83%D1%82%D0%B1%D1%83%D0%BA+16+gb+ram,ноутбук 16 gb ram,,,raw_html,,0f7383450d9788c2748a7191a7eaac4c225eddec1118124ca08169b3f5d07fcf,0f7383450d9788c2748a7191a7eaac4c225eddec1118124ca08169b3f5d07fcf,D:\Job_Codes\PriceTracker\services\stealth-renderer\.artifacts\2026-05-07-sr-ozon.ru\1778142352769-bgwogm\page.html,False,2026-05-07-sr-ozon.ru\1778142352769-bgwogm\page.html,html/ozon.ru-run-none5.html,application_import,,2026-05-07T08:26:12.329Z,709115,False,True,,,False,,True,,0.0,dind-ozon.ru-0f7383450d9788c2,product_page_or_listing,https://www.ozon.ru/search/?from_global=true&text=%D0%BD%D0%BE%D1%83%D1%82%D0%B1%D1%83%D0%BA+16+gb+ram,True,stealth_renderer,ноутбук 16 gb ram,,,0f7383450d9788c2748a7191a7eaac4c225eddec1118124ca08169b3f5d07fcf,716686,False,ozon.ru,https://www.ozon.ru/search/?from_global=true&text=%D0%BD%D0%BE%D1%83%D1%82%D0%B1%D1%83%D0%BA+16+gb+ram,ноутбук 16 gb ram - купить на OZON,False,ozon.ru,run-none5,,,ok,13.765799999935552,,409.39419999998063,24.0,24.0,24.0,False,,,,ok,False,405.9395999999251,3.454600000055507,HTML parse + extraction; shared across modes,24,0,0,1.0,0.0,0.0,0,1,0,0,0,1.0,1.0,1.0,1.0,1.0,1.0,1.0,1.0,1.0
20261002T161451Z-d2eb76ee,industrial,original_fast_query,dind-ozon.ru-ff95e1b297ba3635,html/ozon.ru-run-none6.html,ноутбук 16 gb ram,positive,True,24.0,24.0,24,0,0,1.0,24,0,0,24,0,0,24,0,0,industrial,html/ozon.ru-run-none6.html,ozon.ru-run-none6.html,run-none6,ozon.ru,D:\Pet_Codes\science\article-price-tracker\industrial\html\ozon.ru-run-none6.html,https://www.ozon.ru/search/?from_global=true&text=%D0%BD%D0%BE%D1%83%D1%82%D0%B1%D1%83%D0%BA+16+gb+ram,https://www.ozon.ru/search/?from_global=true&text=%D0%BD%D0%BE%D1%83%D1%82%D0%B1%D1%83%D0%BA+16+gb+ram,ноутбук 16 gb ram,,,raw_html,,ff95e1b297ba3635bfe6340acd1a4ad08bb4891522e35103c347cf3f8548ec7e,ff95e1b297ba3635bfe6340acd1a4ad08bb4891522e35103c347cf3f8548ec7e,D:\Job_Codes\PriceTracker\services\stealth-renderer\.artifacts\2026-05-07-sr-ozon.ru\1778142441372-b27wfb\page.html,False,2026-05-07-sr-ozon.ru\1778142441372-b27wfb\page.html,html/ozon.ru-run-none6.html,application_import,,2026-05-07T08:27:46.538Z,705888,False,True,,,False,,True,,0.0,dind-ozon.ru-ff95e1b297ba3635,product_page_or_listing,https://www.ozon.ru/search/?from_global=true&text=%D0%BD%D0%BE%D1%83%D1%82%D0%B1%D1%83%D0%BA+16+gb+ram,True,stealth_renderer,ноутбук 16 gb ram,,,ff95e1b297ba3635bfe6340acd1a4ad08bb4891522e35103c347cf3f8548ec7e,713382,False,ozon.ru,https://www.ozon.ru/search/?from_global=true&text=%D0%BD%D0%BE%D1%83%D1%82%D0%B1%D1%83%D0%BA+16+gb+ram,ноутбук 16 gb ram - купить на OZON,False,ozon.ru,run-none6,,,ok,2.0160000000614673,,407.641500000027,24.0,24.0,24.0,False,,,,ok,False,404.28350000001956,3.3580000000074506,HTML parse + extraction; shared across modes,24,0,0,1.0,0.0,0.0,0,1,0,0,0,1.0,1.0,1.0,1.0,1.0,1.0,1.0,1.0,1.0
20261002T161451Z-d2eb76ee,industrial,original_fast_query,dind-ozon.ru-1ed0c2b94bc03684,html/ozon.ru-run-none7.html,ноутбук 16 gb ram,positive,True,16.0,16.0,16,0,0,1.0,16,0,0,16,0,0,16,0,0,industrial,html/ozon.ru-run-none7.html,ozon.ru-run-none7.html,run-none7,ozon.ru,D:\Pet_Codes\science\article-price-tracker\industrial\html\ozon.ru-run-none7.html,https://www.ozon.ru/search/?from_global=true&text=%D0%BD%D0%BE%D1%83%D1%82%D0%B1%D1%83%D0%BA+16+gb+ram,https://www.ozon.ru/search/?from_global=true&text=%D0%BD%D0%BE%D1%83%D1%82%D0%B1%D1%83%D0%BA+16+gb+ram,ноутбук 16 gb ram,,,raw_html,,1ed0c2b94bc03684fe2ed085832102b62941695f8596478398b856aaba042c0c,1ed0c2b94bc03684fe2ed085832102b62941695f8596478398b856aaba042c0c,D:\Job_Codes\PriceTracker\services\stealth-renderer\.artifacts\2026-05-07-sr-ozon.ru\1778148186135-dmo0xr\page.html,False,2026-05-07-sr-ozon.ru\1778148186135-dmo0xr\page.html,html/ozon.ru-run-none7.html,application_import,,2026-05-07T10:03:31.248Z,648583,False,True,,,False,,True,,0.0,dind-ozon.ru-1ed0c2b94bc03684,product_page_or_listing,https://www.ozon.ru/search/?from_global=true&text=%D0%BD%D0%BE%D1%83%D1%82%D0%B1%D1%83%D0%BA+16+gb+ram,True,stealth_renderer,ноутбук 16 gb ram,,,1ed0c2b94bc03684fe2ed085832102b62941695f8596478398b856aaba042c0c,655437,False,ozon.ru,https://www.ozon.ru/search/?from_global=true&text=%D0%BD%D0%BE%D1%83%D1%82%D0%B1%D1%83%D0%BA+16+gb+ram,ноутбук 16 gb ram - купить на OZON,False,ozon.ru,run-none7,,,ok,13.952999999979511,,317.6672999999719,16.0,16.0,16.0,False,,,,ok,False,315.33129999996163,2.3360000000102445,HTML parse + extraction; shared across modes,16,0,0,1.0,0.0,0.0,0,1,0,0,0,1.0,1.0,1.0,1.0,1.0,1.0,1.0,1.0,1.0
20261002T161451Z-d2eb76ee,industrial,original_fast_query,dind-ozon.ru-00fd247071d4b382,html/ozon.ru-run-none8.html,дрель makita,positive,True,24.0,6.0,6,18,0,1.0,6,0,18,6,0,18,6,0,18,industrial,html/ozon.ru-run-none8.html,ozon.ru-run-none8.html,run-none8,ozon.ru,D:\Pet_Codes\science\article-price-tracker\industrial\html\ozon.ru-run-none8.html,https://www.ozon.ru/category/elektroinstrumenty-9857/?category_was_predicted=true&deny_category_prediction=true&text=%D0%B4%D1%80%D0%B5%D0%BB%D1%8C+makita,https://www.ozon.ru/category/elektroinstrumenty-9857/?category_was_predicted=true&deny_category_prediction=true&text=%D0%B4%D1%80%D0%B5%D0%BB%D1%8C+makita,дрель makita,,,raw_html,,00fd247071d4b3820a26183f49d3e2dab98dd9dce2461ddcb3adc40e23ab2432,00fd247071d4b3820a26183f49d3e2dab98dd9dce2461ddcb3adc40e23ab2432,D:\Job_Codes\PriceTracker\services\stealth-renderer\.artifacts\2026-05-13-sr-ozon.ru\1778654315916-6su0c4\page.html,False,2026-05-13-sr-ozon.ru\1778654315916-6su0c4\page.html,html/ozon.ru-run-none8.html,application_import,,2026-05-13T06:38:56.437Z,719185,False,True,,,False,,True,,0.0,dind-ozon.ru-00fd247071d4b382,product_page_or_listing,https://www.ozon.ru/category/elektroinstrumenty-9857/?category_was_predicted=true&deny_category_prediction=true&text=%D0%B4%D1%80%D0%B5%D0%BB%D1%8C+makita,True,stealth_renderer,дрель makita,,,00fd247071d4b3820a26183f49d3e2dab98dd9dce2461ddcb3adc40e23ab2432,727364,False,ozon.ru,https://www.ozon.ru/category/elektroinstrumenty-9857/?category_was_predicted=true&deny_category_prediction=true&text=%D0%B4%D1%80%D0%B5%D0%BB%D1%8C+makita,дрель makita - купить на OZON,False,ozon.ru,run-none8,,,ok,13.367599999997765,,474.60330000007525,6.0,6.0,6.0,False,,,,ok,False,472.77430000004824,1.8290000000270084,HTML parse + extraction; shared across modes,24,0,0,1.0,0.0,0.0,0,1,0,0,0,1.0,0.25,0.4,1.0,0.25,0.4,1.0,0.25,0.4
20261002T161451Z-d2eb76ee,industrial,original_fast_query,dind-ozon.ru-7c09464ecd40c35c,html/ozon.ru-run-none9.html,дрель makita,positive,True,24.0,6.0,6,18,0,1.0,6,0,18,6,0,18,6,0,18,industrial,html/ozon.ru-run-none9.html,ozon.ru-run-none9.html,run-none9,ozon.ru,D:\Pet_Codes\science\article-price-tracker\industrial\html\ozon.ru-run-none9.html,https://www.ozon.ru/category/elektroinstrumenty-9857/?__rr=1&category_was_predicted=true&deny_category_prediction=true&text=%D0%B4%D1%80%D0%B5%D0%BB%D1%8C+makita,https://www.ozon.ru/category/elektroinstrumenty-9857/?__rr=1&category_was_predicted=true&deny_category_prediction=true&text=%D0%B4%D1%80%D0%B5%D0%BB%D1%8C+makita,дрель makita,,,raw_html,,7c09464ecd40c35c6b69a09e4073b1f7e359b1c386a22ee70138399e7af1f144,7c09464ecd40c35c6b69a09e4073b1f7e359b1c386a22ee70138399e7af1f144,D:\Job_Codes\PriceTracker\services\stealth-renderer\.artifacts\2026-05-13-sr-ozon.ru\1778654745868-j5vy1m\page.html,False,2026-05-13-sr-ozon.ru\1778654745868-j5vy1m\page.html,html/ozon.ru-run-none9.html,application_import,,2026-05-13T06:46:04.364Z,719844,False,True,,,False,,True,,0.0,dind-ozon.ru-7c09464ecd40c35c,product_page_or_listing,https://www.ozon.ru/category/elektroinstrumenty-9857/?__rr=1&category_was_predicted=true&deny_category_prediction=true&text=%D0%B4%D1%80%D0%B5%D0%BB%D1%8C+makita,True,stealth_renderer,дрель makita,,,7c09464ecd40c35c6b69a09e4073b1f7e359b1c386a22ee70138399e7af1f144,728072,False,ozon.ru,https://www.ozon.ru/category/elektroinstrumenty-9857/?__rr=1&category_was_predicted=true&deny_category_prediction=true&text=%D0%B4%D1%80%D0%B5%D0%BB%D1%8C+makita,дрель makita - купить на OZON,False,ozon.ru,run-none9,,,ok,2.035300000105053,,429.9026999999769,6.0,6.0,6.0,False,,,,ok,False,428.06440000003204,1.8382999999448657,HTML parse + extraction; shared across modes,24,0,0,1.0,0.0,0.0,0,1,0,0,0,1.0,0.25,0.4,1.0,0.25,0.4,1.0,0.25,0.4
20261002T161451Z-d2eb76ee,industrial,original_fast_query,dind-ozon.ru-bc3414059b042541,html/ozon.ru-run-none10.html,дрель makita,positive,True,24.0,6.0,6,18,0,1.0,6,0,18,6,0,18,6,0,18,industrial,html/ozon.ru-run-none10.html,ozon.ru-run-none10.html,run-none10,ozon.ru,D:\Pet_Codes\science\article-price-tracker\industrial\html\ozon.ru-run-none10.html,https://www.ozon.ru/category/elektroinstrumenty-9857/?category_was_predicted=true&deny_category_prediction=true&text=%D0%B4%D1%80%D0%B5%D0%BB%D1%8C+makita&__rr=1,https://www.ozon.ru/category/elektroinstrumenty-9857/?category_was_predicted=true&deny_category_prediction=true&text=%D0%B4%D1%80%D0%B5%D0%BB%D1%8C+makita&__rr=1,дрель makita,,,raw_html,,bc3414059b0425413caf291bf94c8f239965d22af06d216d48599610e986d94e,bc3414059b0425413caf291bf94c8f239965d22af06d216d48599610e986d94e,D:\Job_Codes\PriceTracker\services\stealth-renderer\.artifacts\2026-05-13-sr-ozon.ru\1778655366253-rmok9s\page.html,False,2026-05-13-sr-ozon.ru\1778655366253-rmok9s\page.html,html/ozon.ru-run-none10.html,application_import,,2026-05-13T06:56:44.748Z,721400,False,True,,,False,,True,,0.0,dind-ozon.ru-bc3414059b042541,product_page_or_listing,https://www.ozon.ru/category/elektroinstrumenty-9857/?category_was_predicted=true&deny_category_prediction=true&text=%D0%B4%D1%80%D0%B5%D0%BB%D1%8C+makita&__rr=1,True,stealth_renderer,дрель makita,,,bc3414059b0425413caf291bf94c8f239965d22af06d216d48599610e986d94e,729606,False,ozon.ru,https://www.ozon.ru/category/elektroinstrumenty-9857/?category_was_predicted=true&deny_category_prediction=true&text=%D0%B4%D1%80%D0%B5%D0%BB%D1%8C+makita&__rr=1,дрель makita - купить на OZON,False,ozon.ru,run-none10,,,ok,14.74640000006184,,405.8022999999812,6.0,6.0,6.0,False,,,,ok,False,403.9529999999795,1.8493000000016764,HTML parse + extraction; shared across modes,24,0,0,1.0,0.0,0.0,0,1,0,0,0,1.0,0.25,0.4,1.0,0.25,0.4,1.0,0.25,0.4
20261002T161451Z-d2eb76ee,industrial,original_fast_query,dind-ozon.ru-0af467e962767537,html/ozon.ru-run-none11.html,дрель безударная,positive,True,24.0,7.0,7,17,0,1.0,7,0,17,7,0,17,7,0,17,industrial,html/ozon.ru-run-none11.html,ozon.ru-run-none11.html,run-none11,ozon.ru,D:\Pet_Codes\science\article-price-tracker\industrial\html\ozon.ru-run-none11.html,https://www.ozon.ru/category/elektrodreli-9860/?category_was_predicted=true&deny_category_prediction=true&text=%D0%B4%D1%80%D0%B5%D0%BB%D1%8C+%D0%B1%D0%B5%D0%B7%D1%83%D0%B4%D0%B0%D1%80%D0%BD%D0%B0%D1%8F,https://www.ozon.ru/category/elektrodreli-9860/?category_was_predicted=true&deny_category_prediction=true&text=%D0%B4%D1%80%D0%B5%D0%BB%D1%8C+%D0%B1%D0%B5%D0%B7%D1%83%D0%B4%D0%B0%D1%80%D0%BD%D0%B0%D1%8F,дрель безударная,,,raw_html,,0af467e9627675374a03ec47294916003c95c395c3d242dca5450980698e5a34,0af467e9627675374a03ec47294916003c95c395c3d242dca5450980698e5a34,D:\Job_Codes\PriceTracker\services\stealth-renderer\.artifacts\2026-05-14-sr-ozon.ru\1778743825209-v0sn06\page.html,False,2026-05-14-sr-ozon.ru\1778743825209-v0sn06\page.html,html/ozon.ru-run-none11.html,application_import,,2026-05-14T07:30:52.837Z,765723,False,True,,,False,,True,,0.0,dind-ozon.ru-0af467e962767537,product_page_or_listing,https://www.ozon.ru/category/elektrodreli-9860/?category_was_predicted=true&deny_category_prediction=true&text=%D0%B4%D1%80%D0%B5%D0%BB%D1%8C+%D0%B1%D0%B5%D0%B7%D1%83%D0%B4%D0%B0%D1%80%D0%BD%D0%B0%D1%8F,True,stealth_renderer,дрель безударная,,,0af467e9627675374a03ec47294916003c95c395c3d242dca5450980698e5a34,775076,False,ozon.ru,https://www.ozon.ru/category/elektrodreli-9860/?category_was_predicted=true&deny_category_prediction=true&text=%D0%B4%D1%80%D0%B5%D0%BB%D1%8C+%D0%B1%D0%B5%D0%B7%D1%83%D0%B4%D0%B0%D1%80%D0%BD%D0%B0%D1%8F,дрель безударная - купить на OZON,False,ozon.ru,run-none11,,,ok,12.881999999983236,,436.73869999998715,7.0,7.0,7.0,False,,,,ok,False,434.5431000000099,2.1955999999772757,HTML parse + extraction; shared across modes,24,0,0,1.0,0.0,0.0,0,1,0,0,0,1.0,0.2916666666666667,0.45161290322580644,1.0,0.2916666666666667,0.45161290322580644,1.0,0.2916666666666667,0.45161290322580644
20261002T161451Z-d2eb76ee,industrial,original_fast_query,dind-ozon.ru-f0ada4e5d68779a7,html/ozon.ru-run-none12.html,бензопила,positive,True,24.0,24.0,24,0,0,1.0,24,0,0,24,0,0,24,0,0,industrial,html/ozon.ru-run-none12.html,ozon.ru-run-none12.html,run-none12,ozon.ru,D:\Pet_Codes\science\article-price-tracker\industrial\html\ozon.ru-run-none12.html,https://www.ozon.ru/search/?deny_category_prediction=true&from_global=true&text=%D0%B1%D0%B5%D0%BD%D0%B7%D0%BE%D0%BF%D0%B8%D0%BB%D0%B0&__rr=1,https://www.ozon.ru/search/?deny_category_prediction=true&from_global=true&text=%D0%B1%D0%B5%D0%BD%D0%B7%D0%BE%D0%BF%D0%B8%D0%BB%D0%B0&__rr=1,бензопила,,,raw_html,,f0ada4e5d68779a7a4864ab2c6e90c29964caeabca2e530224d0b787d6b18e1e,f0ada4e5d68779a7a4864ab2c6e90c29964caeabca2e530224d0b787d6b18e1e,D:\Job_Codes\PriceTracker\services\stealth-renderer\.artifacts\2026-05-18-sr-ozon.ru\1779102553217-ac4e8r\page.html,False,2026-05-18-sr-ozon.ru\1779102553217-ac4e8r\page.html,html/ozon.ru-run-none12.html,application_import,,2026-05-18T11:09:35.259Z,729107,False,True,,,False,,True,,0.0,dind-ozon.ru-f0ada4e5d68779a7,product_page_or_listing,https://www.ozon.ru/search/?deny_category_prediction=true&from_global=true&text=%D0%B1%D0%B5%D0%BD%D0%B7%D0%BE%D0%BF%D0%B8%D0%BB%D0%B0&__rr=1,True,stealth_renderer,бензопила,,,f0ada4e5d68779a7a4864ab2c6e90c29964caeabca2e530224d0b787d6b18e1e,736511,False,ozon.ru,https://www.ozon.ru/search/?deny_category_prediction=true&from_global=true&text=%D0%B1%D0%B5%D0%BD%D0%B7%D0%BE%D0%BF%D0%B8%D0%BB%D0%B0&__rr=1,бензопила - купить на OZON,False,ozon.ru,run-none12,,,ok,2.1138999999966472,,404.69330000004265,24.0,24.0,24.0,False,,,,ok,False,402.30870000005234,2.3845999999903142,HTML parse + extraction; shared across modes,24,0,0,1.0,0.0,0.0,0,1,0,0,0,1.0,1.0,1.0,1.0,1.0,1.0,1.0,1.0,1.0
20261002T161451Z-d2eb76ee,industrial,original_fast_query,dind-ozon.ru-0893ebc9dae9a0b6,html/ozon.ru-run-none13.html,дрель,positive,True,24.0,13.0,13,11,0,1.0,13,0,11,13,0,11,13,0,11,industrial,html/ozon.ru-run-none13.html,ozon.ru-run-none13.html,run-none13,ozon.ru,D:\Pet_Codes\science\article-price-tracker\industrial\html\ozon.ru-run-none13.html,https://www.ozon.ru/search/?deny_category_prediction=true&from_global=true&text=%D0%B4%D1%80%D0%B5%D0%BB%D1%8C,https://www.ozon.ru/search/?deny_category_prediction=true&from_global=true&text=%D0%B4%D1%80%D0%B5%D0%BB%D1%8C,дрель,,,raw_html,,0893ebc9dae9a0b60878d586f9affc9a58f1f1727429afe9abd89a96f75997f4,0893ebc9dae9a0b60878d586f9affc9a58f1f1727429afe9abd89a96f75997f4,D:\Job_Codes\PriceTracker\services\stealth-renderer\.artifacts\2026-05-18-sr-ozon.ru\1779103893805-8ihuii\page.html,False,2026-05-18-sr-ozon.ru\1779103893805-8ihuii\page.html,html/ozon.ru-run-none13.html,application_import,,2026-05-18T11:31:59.390Z,715558,False,True,,,False,,True,,0.0,dind-ozon.ru-0893ebc9dae9a0b6,product_page_or_listing,https://www.ozon.ru/search/?deny_category_prediction=true&from_global=true&text=%D0%B4%D1%80%D0%B5%D0%BB%D1%8C,True,stealth_renderer,дрель,,,0893ebc9dae9a0b60878d586f9affc9a58f1f1727429afe9abd89a96f75997f4,723042,False,ozon.ru,https://www.ozon.ru/search/?deny_category_prediction=true&from_global=true&text=%D0%B4%D1%80%D0%B5%D0%BB%D1%8C,дрель - купить на OZON,False,ozon.ru,run-none13,,,ok,12.776499999919906,,381.15749999997206,13.0,13.0,13.0,False,,,,ok,False,379.0193000000436,2.1381999999284744,HTML parse + extraction; shared across modes,24,0,0,1.0,0.0,0.0,0,1,0,0,0,1.0,0.5416666666666666,0.7027027027027027,1.0,0.5416666666666666,0.7027027027027027,1.0,0.5416666666666666,0.7027027027027027
20261002T161451Z-d2eb76ee,industrial,original_fast_query,dind-ozon.ru-9912b1cd9743ff61,html/ozon.ru-run-none14.html,дрель безударная,positive,True,24.0,6.0,6,18,0,1.0,6,0,18,6,0,18,6,0,18,industrial,html/ozon.ru-run-none14.html,ozon.ru-run-none14.html,run-none14,ozon.ru,D:\Pet_Codes\science\article-price-tracker\industrial\html\ozon.ru-run-none14.html,https://www.ozon.ru/search/?deny_category_prediction=true&from_global=true&text=%D0%B4%D1%80%D0%B5%D0%BB%D1%8C+%D0%B1%D0%B5%D0%B7%D1%83%D0%B4%D0%B0%D1%80%D0%BD%D0%B0%D1%8F,https://www.ozon.ru/search/?deny_category_prediction=true&from_global=true&text=%D0%B4%D1%80%D0%B5%D0%BB%D1%8C+%D0%B1%D0%B5%D0%B7%D1%83%D0%B4%D0%B0%D1%80%D0%BD%D0%B0%D1%8F,дрель безударная,,,raw_html,,9912b1cd9743ff613adc88696fdf95a504e5e940610c976491fd6ea47c114997,9912b1cd9743ff613adc88696fdf95a504e5e940610c976491fd6ea47c114997,D:\Job_Codes\PriceTracker\services\stealth-renderer\.artifacts\2026-05-18-sr-ozon.ru\1779103982290-skeo10\page.html,False,2026-05-18-sr-ozon.ru\1779103982290-skeo10\page.html,html/ozon.ru-run-none14.html,application_import,,2026-05-18T11:33:29.960Z,737988,False,True,,,False,,True,,0.0,dind-ozon.ru-9912b1cd9743ff61,product_page_or_listing,https://www.ozon.ru/search/?deny_category_prediction=true&from_global=true&text=%D0%B4%D1%80%D0%B5%D0%BB%D1%8C+%D0%B1%D0%B5%D0%B7%D1%83%D0%B4%D0%B0%D1%80%D0%BD%D0%B0%D1%8F,True,stealth_renderer,дрель безударная,,,9912b1cd9743ff613adc88696fdf95a504e5e940610c976491fd6ea47c114997,746122,False,ozon.ru,https://www.ozon.ru/search/?deny_category_prediction=true&from_global=true&text=%D0%B4%D1%80%D0%B5%D0%BB%D1%8C+%D0%B1%D0%B5%D0%B7%D1%83%D0%B4%D0%B0%D1%80%D0%BD%D0%B0%D1%8F,дрель безударная - купить на OZON,False,ozon.ru,run-none14,,,ok,14.86309999995865,,406.5714999999618,6.0,6.0,6.0,False,,,,ok,False,404.4629999999888,2.1084999999729916,HTML parse + extraction; shared across modes,24,0,0,1.0,0.0,0.0,0,1,0,0,0,1.0,0.25,0.4,1.0,0.25,0.4,1.0,0.25,0.4
20261002T161451Z-d2eb76ee,industrial,original_fast_query,dind-ozon.ru-c1c4d36f73fb1884,html/ozon.ru-run-none15.html,ps 5,positive,True,24.0,13.0,13,11,0,1.0,13,0,11,13,0,11,13,0,11,industrial,html/ozon.ru-run-none15.html,ozon.ru-run-none15.html,run-none15,ozon.ru,D:\Pet_Codes\science\article-price-tracker\industrial\html\ozon.ru-run-none15.html,https://www.ozon.ru/search/?deny_category_prediction=true&from_global=true&text=ps+5,https://www.ozon.ru/search/?deny_category_prediction=true&from_global=true&text=ps+5,ps 5,,,raw_html,,c1c4d36f73fb1884aeba2a487c6284ed6181b857c6ff287fff41b4904e0b7ec0,c1c4d36f73fb1884aeba2a487c6284ed6181b857c6ff287fff41b4904e0b7ec0,D:\Job_Codes\PriceTracker\services\stealth-renderer\.artifacts\2026-06-02-sr-ozon.ru\1780412219033-s2exv7\page.html,False,2026-06-02-sr-ozon.ru\1780412219033-s2exv7\page.html,html/ozon.ru-run-none15.html,application_import,,2026-06-02T14:57:30.524Z,682814,False,True,,,False,,True,,0.0,dind-ozon.ru-c1c4d36f73fb1884,product_page_or_listing,https://www.ozon.ru/search/?deny_category_prediction=true&from_global=true&text=ps+5,True,stealth_renderer,ps 5,,,c1c4d36f73fb1884aeba2a487c6284ed6181b857c6ff287fff41b4904e0b7ec0,689955,False,ozon.ru,https://www.ozon.ru/search/?deny_category_prediction=true&from_global=true&text=ps+5,ps 5 - купить на OZON,False,ozon.ru,run-none15,,,ok,1.875800000037998,,383.50660000008065,13.0,13.0,13.0,False,,,,ok,False,381.5910000000149,1.9156000000657514,HTML parse + extraction; shared across modes,24,0,0,1.0,0.0,0.0,0,1,0,0,0,1.0,0.5416666666666666,0.7027027027027027,1.0,0.5416666666666666,0.7027027027027027,1.0,0.5416666666666666,0.7027027027027027
20261002T161451Z-d2eb76ee,industrial,original_fast_query,dind-ozon.ru-8cf713849b5ae916,html/ozon.ru-run-none16.html,ps 5,positive,True,24.0,11.0,11,13,0,1.0,11,0,13,11,0,13,11,0,13,industrial,html/ozon.ru-run-none16.html,ozon.ru-run-none16.html,run-none16,ozon.ru,D:\Pet_Codes\science\article-price-tracker\industrial\html\ozon.ru-run-none16.html,https://www.ozon.ru/search/?deny_category_prediction=true&from_global=true&text=ps+5,https://www.ozon.ru/search/?deny_category_prediction=true&from_global=true&text=ps+5,ps 5,,,raw_html,,8cf713849b5ae9165b2c06605c1645d947b03e9ab0383ebd913b9a11729a837d,8cf713849b5ae9165b2c06605c1645d947b03e9ab0383ebd913b9a11729a837d,D:\Job_Codes\PriceTracker\services\stealth-renderer\.artifacts\2026-06-03-sr-ozon.ru\1780492695532-ea7wdc\page.html,False,2026-06-03-sr-ozon.ru\1780492695532-ea7wdc\page.html,html/ozon.ru-run-none16.html,application_import,,2026-06-03T13:18:37.888Z,684258,False,True,,,False,,True,,0.0,dind-ozon.ru-8cf713849b5ae916,product_page_or_listing,https://www.ozon.ru/search/?deny_category_prediction=true&from_global=true&text=ps+5,True,stealth_renderer,ps 5,,,8cf713849b5ae9165b2c06605c1645d947b03e9ab0383ebd913b9a11729a837d,691264,False,ozon.ru,https://www.ozon.ru/search/?deny_category_prediction=true&from_global=true&text=ps+5,ps 5 - купить на OZON,False,ozon.ru,run-none16,,,ok,13.042299999971874,,378.4898000000976,11.0,11.0,11.0,False,,,,ok,False,376.8685000000987,1.6212999999988824,HTML parse + extraction; shared across modes,24,0,0,1.0,0.0,0.0,0,1,0,0,0,1.0,0.4583333333333333,0.6285714285714286,1.0,0.4583333333333333,0.6285714285714286,1.0,0.4583333333333333,0.6285714285714286
20261002T161451Z-d2eb76ee,industrial,original_fast_query,dind-ozon.ru-ff68223ce1cea753,html/ozon.ru-run-none17.html,ps 5,positive,True,40.0,18.0,18,22,0,1.0,18,0,22,18,0,22,18,0,22,industrial,html/ozon.ru-run-none17.html,ozon.ru-run-none17.html,run-none17,ozon.ru,D:\Pet_Codes\science\article-price-tracker\industrial\html\ozon.ru-run-none17.html,https://www.ozon.ru/search/?deny_category_prediction=true&from_global=true&text=ps+5,https://www.ozon.ru/search/?deny_category_prediction=true&from_global=true&text=ps+5,ps 5,,,raw_html,,ff68223ce1cea75336b5936caaec7f4b670d112e98dd9c2bef98ae325fa35450,ff68223ce1cea75336b5936caaec7f4b670d112e98dd9c2bef98ae325fa35450,D:\Job_Codes\PriceTracker\services\stealth-renderer\.artifacts\2026-06-04-sr-ozon.ru\1780551432175-51yoe1\page.html,False,2026-06-04-sr-ozon.ru\1780551432175-51yoe1\page.html,html/ozon.ru-run-none17.html,application_import,,2026-06-04T05:37:53.962Z,835094,False,True,,,False,,True,,0.0,dind-ozon.ru-ff68223ce1cea753,product_page_or_listing,https://www.ozon.ru/search/?deny_category_prediction=true&from_global=true&text=ps+5,True,stealth_renderer,ps 5,,,ff68223ce1cea75336b5936caaec7f4b670d112e98dd9c2bef98ae325fa35450,844402,False,ozon.ru,https://www.ozon.ru/search/?deny_category_prediction=true&from_global=true&text=ps+5,ps 5 - купить на OZON,False,ozon.ru,run-none17,,,ok,14.57709999999497,,588.8545999999624,18.0,18.0,18.0,False,,,,ok,False,586.250299999956,2.604300000006333,HTML parse + extraction; shared across modes,40,0,0,1.0,0.0,0.0,0,1,0,0,0,1.0,0.45,0.6206896551724138,1.0,0.45,0.6206896551724138,1.0,0.45,0.6206896551724138
20261002T161451Z-d2eb76ee,industrial,original_fast_query,dind-ozon.ru-af96b2643001265b,html/ozon.ru-run-none18.html,ps 5,positive,True,24.0,10.0,10,14,0,1.0,10,0,14,10,0,14,10,0,14,industrial,html/ozon.ru-run-none18.html,ozon.ru-run-none18.html,run-none18,ozon.ru,D:\Pet_Codes\science\article-price-tracker\industrial\html\ozon.ru-run-none18.html,https://www.ozon.ru/search/?deny_category_prediction=true&from_global=true&text=ps+5,https://www.ozon.ru/search/?deny_category_prediction=true&from_global=true&text=ps+5,ps 5,,,raw_html,,af96b2643001265b509eadb3f82d949c923f72c77bfa647701c41e5a8763419c,af96b2643001265b509eadb3f82d949c923f72c77bfa647701c41e5a8763419c,D:\Job_Codes\PriceTracker\services\stealth-renderer\.artifacts\2026-06-04-sr-ozon.ru\1780557288704-kvxqgq\page.html,False,2026-06-04-sr-ozon.ru\1780557288704-kvxqgq\page.html,html/ozon.ru-run-none18.html,application_import,,2026-06-04T07:15:16.389Z,669963,False,True,,,False,,True,,0.0,dind-ozon.ru-af96b2643001265b,product_page_or_listing,https://www.ozon.ru/search/?deny_category_prediction=true&from_global=true&text=ps+5,True,stealth_renderer,ps 5,,,af96b2643001265b509eadb3f82d949c923f72c77bfa647701c41e5a8763419c,677018,False,ozon.ru,https://www.ozon.ru/search/?deny_category_prediction=true&from_global=true&text=ps+5,ps 5 - купить на OZON,False,ozon.ru,run-none18,,,ok,1.8212999999523163,,418.1577999999281,10.0,10.0,10.0,False,,,,ok,False,416.673300000024,1.4844999999040738,HTML parse + extraction; shared across modes,24,0,0,1.0,0.0,0.0,0,1,0,0,0,1.0,0.4166666666666667,0.5882352941176471,1.0,0.4166666666666667,0.5882352941176471,1.0,0.4166666666666667,0.5882352941176471
20261002T161451Z-d2eb76ee,industrial,original_fast_query,dind-ozon.ru-b36c824831b3255e,html/ozon.ru-run-none19.html,ps 5,positive,True,24.0,13.0,13,11,0,1.0,13,0,11,13,0,11,13,0,11,industrial,html/ozon.ru-run-none19.html,ozon.ru-run-none19.html,run-none19,ozon.ru,D:\Pet_Codes\science\article-price-tracker\industrial\html\ozon.ru-run-none19.html,https://www.ozon.ru/search/?deny_category_prediction=true&from_global=true&text=ps+5,https://www.ozon.ru/search/?deny_category_prediction=true&from_global=true&text=ps+5,ps 5,,,raw_html,,b36c824831b3255e4664253d1a00a0e185422dc8e19884d69fc17c0b1ccdca99,b36c824831b3255e4664253d1a00a0e185422dc8e19884d69fc17c0b1ccdca99,D:\Job_Codes\PriceTracker\services\stealth-renderer\.artifacts\2026-06-04-sr-ozon.ru\1780575784332-d9mnbd\page.html,False,2026-06-04-sr-ozon.ru\1780575784332-d9mnbd\page.html,html/ozon.ru-run-none19.html,application_import,,2026-06-04T12:23:45.690Z,679664,False,True,,,False,,True,,0.0,dind-ozon.ru-b36c824831b3255e,product_page_or_listing,https://www.ozon.ru/search/?deny_category_prediction=true&from_global=true&text=ps+5,True,stealth_renderer,ps 5,,,b36c824831b3255e4664253d1a00a0e185422dc8e19884d69fc17c0b1ccdca99,686726,False,ozon.ru,https://www.ozon.ru/search/?deny_category_prediction=true&from_global=true&text=ps+5,ps 5 - купить на OZON,False,ozon.ru,run-none19,,,ok,13.859000000054948,,375.18980000005104,13.0,13.0,13.0,False,,,,ok,False,373.6755000000121,1.5143000000389293,HTML parse + extraction; shared across modes,24,0,0,1.0,0.0,0.0,0,1,0,0,0,1.0,0.5416666666666666,0.7027027027027027,1.0,0.5416666666666666,0.7027027027027027,1.0,0.5416666666666666,0.7027027027027027
20261002T161451Z-d2eb76ee,industrial,original_fast_query,dind-ozon.ru-c0e19b1385e2c08d,html/ozon.ru-run-none20.html,ps 5,positive,True,24.0,13.0,13,11,0,1.0,13,0,11,13,0,11,13,0,11,industrial,html/ozon.ru-run-none20.html,ozon.ru-run-none20.html,run-none20,ozon.ru,D:\Pet_Codes\science\article-price-tracker\industrial\html\ozon.ru-run-none20.html,https://www.ozon.ru/search/?deny_category_prediction=true&from_global=true&text=ps+5,https://www.ozon.ru/search/?deny_category_prediction=true&from_global=true&text=ps+5,ps 5,,,raw_html,,c0e19b1385e2c08d04ca98ae33f440cb6a812daf6d55afb1facdd58140012a51,c0e19b1385e2c08d04ca98ae33f440cb6a812daf6d55afb1facdd58140012a51,D:\Job_Codes\PriceTracker\services\stealth-renderer\.artifacts\2026-06-04-sr-ozon.ru\1780575968625-g867lk\page.html,False,2026-06-04-sr-ozon.ru\1780575968625-g867lk\page.html,html/ozon.ru-run-none20.html,application_import,,2026-06-04T12:26:37.294Z,679257,False,True,,,False,,True,,0.0,dind-ozon.ru-c0e19b1385e2c08d,product_page_or_listing,https://www.ozon.ru/search/?deny_category_prediction=true&from_global=true&text=ps+5,True,stealth_renderer,ps 5,,,c0e19b1385e2c08d04ca98ae33f440cb6a812daf6d55afb1facdd58140012a51,686303,False,ozon.ru,https://www.ozon.ru/search/?deny_category_prediction=true&from_global=true&text=ps+5,ps 5 - купить на OZON,False,ozon.ru,run-none20,,,ok,12.739000000059605,,369.9407999999821,13.0,13.0,13.0,False,,,,ok,False,368.40749999997206,1.5333000000100583,HTML parse + extraction; shared across modes,24,0,0,1.0,0.0,0.0,0,1,0,0,0,1.0,0.5416666666666666,0.7027027027027027,1.0,0.5416666666666666,0.7027027027027027,1.0,0.5416666666666666,0.7027027027027027
20261002T161451Z-d2eb76ee,industrial,original_fast_query,dind-ozon.ru-14349728faeae495,html/ozon.ru-run-none21.html,ps 5,positive,True,32.0,16.0,16,16,0,1.0,16,0,16,16,0,16,16,0,16,industrial,html/ozon.ru-run-none21.html,ozon.ru-run-none21.html,run-none21,ozon.ru,D:\Pet_Codes\science\article-price-tracker\industrial\html\ozon.ru-run-none21.html,https://www.ozon.ru/search/?deny_category_prediction=true&from_global=true&text=ps+5,https://www.ozon.ru/search/?deny_category_prediction=true&from_global=true&text=ps+5,ps 5,,,raw_html,,14349728faeae4959b213f9e109b40525b02bdf0d8066e134aae61575dc58cb0,14349728faeae4959b213f9e109b40525b02bdf0d8066e134aae61575dc58cb0,D:\Job_Codes\PriceTracker\services\stealth-renderer\.artifacts\2026-06-04-sr-ozon.ru\1780578427666-zngwoy\page.html,False,2026-06-04-sr-ozon.ru\1780578427666-zngwoy\page.html,html/ozon.ru-run-none21.html,application_import,,2026-06-04T13:08:03.416Z,735970,False,True,,,False,,True,,0.0,dind-ozon.ru-14349728faeae495,product_page_or_listing,https://www.ozon.ru/search/?deny_category_prediction=true&from_global=true&text=ps+5,True,stealth_renderer,ps 5,,,14349728faeae4959b213f9e109b40525b02bdf0d8066e134aae61575dc58cb0,743951,False,ozon.ru,https://www.ozon.ru/search/?deny_category_prediction=true&from_global=true&text=ps+5,ps 5 - купить на OZON,False,ozon.ru,run-none21,,,ok,13.170099999988452,,456.719299999997,16.0,16.0,16.0,False,,,,ok,False,454.0551999999443,2.664100000052713,HTML parse + extraction; shared across modes,32,0,0,1.0,0.0,0.0,0,1,0,0,0,1.0,0.5,0.6666666666666666,1.0,0.5,0.6666666666666666,1.0,0.5,0.6666666666666666
20261002T161451Z-d2eb76ee,industrial,original_fast_query,dind-ozon.ru-7fc3cd29b958b570,html/ozon.ru-run-none22.html,ps 5,positive,True,24.0,13.0,13,11,0,1.0,13,0,11,13,0,11,13,0,11,industrial,html/ozon.ru-run-none22.html,ozon.ru-run-none22.html,run-none22,ozon.ru,D:\Pet_Codes\science\article-price-tracker\industrial\html\ozon.ru-run-none22.html,https://www.ozon.ru/search/?deny_category_prediction=true&from_global=true&text=ps+5,https://www.ozon.ru/search/?deny_category_prediction=true&from_global=true&text=ps+5,ps 5,,,raw_html,,7fc3cd29b958b570a01ee8ced5a30bfe47b2efe7e82f4d953d8a4f767a09f242,7fc3cd29b958b570a01ee8ced5a30bfe47b2efe7e82f4d953d8a4f767a09f242,D:\Job_Codes\PriceTracker\services\stealth-renderer\.artifacts\2026-06-05-sr-ozon.ru\1780651528180-ycsdcl\page.html,False,2026-06-05-sr-ozon.ru\1780651528180-ycsdcl\page.html,html/ozon.ru-run-none22.html,application_import,,2026-06-05T09:25:55.759Z,743359,False,True,,,False,,True,,0.0,dind-ozon.ru-7fc3cd29b958b570,product_page_or_listing,https://www.ozon.ru/search/?deny_category_prediction=true&from_global=true&text=ps+5,True,stealth_renderer,ps 5,,,7fc3cd29b958b570a01ee8ced5a30bfe47b2efe7e82f4d953d8a4f767a09f242,750410,False,ozon.ru,https://www.ozon.ru/search/?deny_category_prediction=true&from_global=true&text=ps+5,ps 5 - купить на OZON,False,ozon.ru,run-none22,,,ok,14.561199999996461,,379.7493999999715,13.0,13.0,13.0,False,,,,ok,False,377.06440000003204,2.684999999939464,HTML parse + extraction; shared across modes,24,0,0,1.0,0.0,0.0,0,1,0,0,0,1.0,0.5416666666666666,0.7027027027027027,1.0,0.5416666666666666,0.7027027027027027,1.0,0.5416666666666666,0.7027027027027027
20261002T161451Z-d2eb76ee,industrial,original_fast_query,dind-ozon.ru-17ea1a246cc5c852,html/ozon.ru-run-none23.html,ps 5,positive,True,24.0,14.0,14,10,0,1.0,14,0,10,14,0,10,14,0,10,industrial,html/ozon.ru-run-none23.html,ozon.ru-run-none23.html,run-none23,ozon.ru,D:\Pet_Codes\science\article-price-tracker\industrial\html\ozon.ru-run-none23.html,https://www.ozon.ru/search/?deny_category_prediction=true&from_global=true&text=ps+5,https://www.ozon.ru/search/?deny_category_prediction=true&from_global=true&text=ps+5,ps 5,,,raw_html,,17ea1a246cc5c8520632cbeebab35890ebbf1a4bdaa0374435f6f69087b357b9,17ea1a246cc5c8520632cbeebab35890ebbf1a4bdaa0374435f6f69087b357b9,D:\Job_Codes\PriceTracker\services\stealth-renderer\.artifacts\2026-06-05-sr-ozon.ru\1780653240002-0azsxc\page.html,False,2026-06-05-sr-ozon.ru\1780653240002-0azsxc\page.html,html/ozon.ru-run-none23.html,application_import,,2026-06-05T09:54:24.449Z,739078,False,True,,,False,,True,,0.0,dind-ozon.ru-17ea1a246cc5c852,product_page_or_listing,https://www.ozon.ru/search/?deny_category_prediction=true&from_global=true&text=ps+5,True,stealth_renderer,ps 5,,,17ea1a246cc5c8520632cbeebab35890ebbf1a4bdaa0374435f6f69087b357b9,746091,False,ozon.ru,https://www.ozon.ru/search/?deny_category_prediction=true&from_global=true&text=ps+5,ps 5 - купить на OZON,False,ozon.ru,run-none23,,,ok,12.822900000028312,,371.7306000001263,14.0,14.0,14.0,False,,,,ok,False,370.02860000007786,1.7020000000484288,HTML parse + extraction; shared across modes,24,0,0,1.0,0.0,0.0,0,1,0,0,0,1.0,0.5833333333333334,0.7368421052631579,1.0,0.5833333333333334,0.7368421052631579,1.0,0.5833333333333334,0.7368421052631579
20261002T161451Z-d2eb76ee,industrial,original_fast_query,dind-ozon.ru-664876f2c1bfe726,html/ozon.ru-run-none24.html,ps 5,positive,True,20.0,1.0,1,19,0,1.0,1,0,19,1,0,19,1,0,19,industrial,html/ozon.ru-run-none24.html,ozon.ru-run-none24.html,run-none24,ozon.ru,D:\Pet_Codes\science\article-price-tracker\industrial\html\ozon.ru-run-none24.html,https://www.ozon.ru/search/?deny_category_prediction=true&from_global=true&text=ps+5,https://www.ozon.ru/search/?deny_category_prediction=true&from_global=true&text=ps+5,ps 5,,,raw_html,,664876f2c1bfe726cc1ff72ec6a2cb1c07411a83aab1e773ecb9c49b6672063e,664876f2c1bfe726cc1ff72ec6a2cb1c07411a83aab1e773ecb9c49b6672063e,D:\Job_Codes\PriceTracker\services\stealth-renderer\.artifacts\2026-06-05-sr-ozon.ru\1780657619178-f3wbji\page.html,False,2026-06-05-sr-ozon.ru\1780657619178-f3wbji\page.html,html/ozon.ru-run-none24.html,application_import,,2026-06-05T11:07:26.032Z,523938,False,True,,,False,,True,,0.0,dind-ozon.ru-664876f2c1bfe726,product_page_or_listing,https://www.ozon.ru/search/?deny_category_prediction=true&from_global=true&text=ps+5,True,stealth_renderer,ps 5,,,664876f2c1bfe726cc1ff72ec6a2cb1c07411a83aab1e773ecb9c49b6672063e,529580,False,ozon.ru,https://www.ozon.ru/search/?deny_category_prediction=true&from_global=true&text=ps+5,OZON маркетплейс – миллионы товаров по выгодным ценам,False,ozon.ru,run-none24,,,ok,13.194800000055693,,85.46960000006948,1.0,1.0,1.0,False,,,,ok,False,83.89049999997951,1.5791000000899658,HTML parse + extraction; shared across modes,20,0,0,1.0,0.0,0.0,0,1,0,0,0,1.0,0.05,0.09523809523809523,1.0,0.05,0.09523809523809523,1.0,0.05,0.09523809523809523
20261002T161451Z-d2eb76ee,industrial,original_fast_query,dind-ozon.ru-030d0fbe4dcf938f,html/ozon.ru-run-none25.html,ps 5,positive,True,24.0,14.0,14,10,0,1.0,14,0,10,14,0,10,14,0,10,industrial,html/ozon.ru-run-none25.html,ozon.ru-run-none25.html,run-none25,ozon.ru,D:\Pet_Codes\science\article-price-tracker\industrial\html\ozon.ru-run-none25.html,https://www.ozon.ru/search/?deny_category_prediction=true&from_global=true&text=ps+5,https://www.ozon.ru/search/?deny_category_prediction=true&from_global=true&text=ps+5,ps 5,,,raw_html,,030d0fbe4dcf938f4a602873351cbf90d2552cf32cae38c496529e42f6401f33,030d0fbe4dcf938f4a602873351cbf90d2552cf32cae38c496529e42f6401f33,D:\Job_Codes\PriceTracker\services\stealth-renderer\.artifacts\2026-06-05-sr-ozon.ru\1780658471458-rg8zg6\page.html,False,2026-06-05-sr-ozon.ru\1780658471458-rg8zg6\page.html,html/ozon.ru-run-none25.html,application_import,,2026-06-05T11:21:39.839Z,753174,False,True,,,False,,True,,0.0,dind-ozon.ru-030d0fbe4dcf938f,product_page_or_listing,https://www.ozon.ru/search/?deny_category_prediction=true&from_global=true&text=ps+5,True,stealth_renderer,ps 5,,,030d0fbe4dcf938f4a602873351cbf90d2552cf32cae38c496529e42f6401f33,760070,False,ozon.ru,https://www.ozon.ru/search/?deny_category_prediction=true&from_global=true&text=ps+5,ps 5 - купить на OZON,False,ozon.ru,run-none25,,,ok,2.1472999999532476,,411.28410000004806,14.0,14.0,14.0,False,,,,ok,False,409.91440000000875,1.3697000000393018,HTML parse + extraction; shared across modes,24,0,0,1.0,0.0,0.0,0,1,0,0,0,1.0,0.5833333333333334,0.7368421052631579,1.0,0.5833333333333334,0.7368421052631579,1.0,0.5833333333333334,0.7368421052631579
20261002T161451Z-d2eb76ee,industrial,original_fast_query,dind-ozon.ru-2aee48801f977b0f,html/ozon.ru-run-none26.html,ps 5,positive,True,24.0,13.0,13,11,0,1.0,13,0,11,13,0,11,13,0,11,industrial,html/ozon.ru-run-none26.html,ozon.ru-run-none26.html,run-none26,ozon.ru,D:\Pet_Codes\science\article-price-tracker\industrial\html\ozon.ru-run-none26.html,https://www.ozon.ru/search/?deny_category_prediction=true&from_global=true&text=ps+5,https://www.ozon.ru/search/?deny_category_prediction=true&from_global=true&text=ps+5,ps 5,,,raw_html,,2aee48801f977b0fd821d1f8eb5493daedb2b66f3bb783c01ee96c308aacd274,2aee48801f977b0fd821d1f8eb5493daedb2b66f3bb783c01ee96c308aacd274,D:\Job_Codes\PriceTracker\services\stealth-renderer\.artifacts\2026-06-05-sr-ozon.ru\1780659029668-ww3mh8\page.html,False,2026-06-05-sr-ozon.ru\1780659029668-ww3mh8\page.html,html/ozon.ru-run-none26.html,application_import,,2026-06-05T11:30:58.148Z,737055,False,True,,,False,,True,,0.0,dind-ozon.ru-2aee48801f977b0f,product_page_or_listing,https://www.ozon.ru/search/?deny_category_prediction=true&from_global=true&text=ps+5,True,stealth_renderer,ps 5,,,2aee48801f977b0fd821d1f8eb5493daedb2b66f3bb783c01ee96c308aacd274,743974,False,ozon.ru,https://www.ozon.ru/search/?deny_category_prediction=true&from_global=true&text=ps+5,ps 5 - купить на OZON,False,ozon.ru,run-none26,,,ok,12.916399999987334,,376.9839000001084,13.0,13.0,13.0,False,,,,ok,False,374.90890000003856,2.075000000069849,HTML parse + extraction; shared across modes,24,0,0,1.0,0.0,0.0,0,1,0,0,0,1.0,0.5416666666666666,0.7027027027027027,1.0,0.5416666666666666,0.7027027027027027,1.0,0.5416666666666666,0.7027027027027027
20261002T161451Z-d2eb76ee,industrial,original_fast_query,dind-ozon.ru-981504bdf6f0c850,html/ozon.ru-run-none27.html,ps 5,positive,True,24.0,14.0,14,10,0,1.0,14,0,10,14,0,10,14,0,10,industrial,html/ozon.ru-run-none27.html,ozon.ru-run-none27.html,run-none27,ozon.ru,D:\Pet_Codes\science\article-price-tracker\industrial\html\ozon.ru-run-none27.html,https://www.ozon.ru/search/?deny_category_prediction=true&from_global=true&text=ps+5,https://www.ozon.ru/search/?deny_category_prediction=true&from_global=true&text=ps+5,ps 5,,,raw_html,,981504bdf6f0c85029de8279480f783e444618ecaf9d2c0705afd14d0392288a,981504bdf6f0c85029de8279480f783e444618ecaf9d2c0705afd14d0392288a,D:\Job_Codes\PriceTracker\services\stealth-renderer\.artifacts\2026-06-05-sr-ozon.ru\1780659595245-b4zq5m\page.html,False,2026-06-05-sr-ozon.ru\1780659595245-b4zq5m\page.html,html/ozon.ru-run-none27.html,application_import,,2026-06-05T11:40:24.125Z,755589,False,True,,,False,,True,,0.0,dind-ozon.ru-981504bdf6f0c850,product_page_or_listing,https://www.ozon.ru/search/?deny_category_prediction=true&from_global=true&text=ps+5,True,stealth_renderer,ps 5,,,981504bdf6f0c85029de8279480f783e444618ecaf9d2c0705afd14d0392288a,762601,False,ozon.ru,https://www.ozon.ru/search/?deny_category_prediction=true&from_global=true&text=ps+5,ps 5 - купить на OZON,False,ozon.ru,run-none27,,,ok,13.41780000005383,,388.29570000013337,14.0,14.0,14.0,False,,,,ok,False,386.907700000098,1.3880000000353903,HTML parse + extraction; shared across modes,24,0,0,1.0,0.0,0.0,0,1,0,0,0,1.0,0.5833333333333334,0.7368421052631579,1.0,0.5833333333333334,0.7368421052631579,1.0,0.5833333333333334,0.7368421052631579
20261002T161451Z-d2eb76ee,industrial,original_fast_query,dind-ozon.ru-309ec1587fa9ccca,html/ozon.ru-run-none28.html,ps 5,positive,True,24.0,14.0,14,10,0,1.0,14,0,10,14,0,10,14,0,10,industrial,html/ozon.ru-run-none28.html,ozon.ru-run-none28.html,run-none28,ozon.ru,D:\Pet_Codes\science\article-price-tracker\industrial\html\ozon.ru-run-none28.html,https://www.ozon.ru/search/?deny_category_prediction=true&from_global=true&text=ps+5,https://www.ozon.ru/search/?deny_category_prediction=true&from_global=true&text=ps+5,ps 5,,,raw_html,,309ec1587fa9ccca4f1269b8c7d3dcde83314101e23af33ce3cf6af7fc8409b8,309ec1587fa9ccca4f1269b8c7d3dcde83314101e23af33ce3cf6af7fc8409b8,D:\Job_Codes\PriceTracker\services\stealth-renderer\.artifacts\2026-06-05-sr-ozon.ru\1780659767243-1pyaxz\page.html,False,2026-06-05-sr-ozon.ru\1780659767243-1pyaxz\page.html,html/ozon.ru-run-none28.html,application_import,,2026-06-05T11:43:15.526Z,740356,False,True,,,False,,True,,0.0,dind-ozon.ru-309ec1587fa9ccca,product_page_or_listing,https://www.ozon.ru/search/?deny_category_prediction=true&from_global=true&text=ps+5,True,stealth_renderer,ps 5,,,309ec1587fa9ccca4f1269b8c7d3dcde83314101e23af33ce3cf6af7fc8409b8,747353,False,ozon.ru,https://www.ozon.ru/search/?deny_category_prediction=true&from_global=true&text=ps+5,ps 5 - купить на OZON,False,ozon.ru,run-none28,,,ok,14.15700000000652,,422.6935999999987,14.0,14.0,14.0,False,,,,ok,False,421.0879999999888,1.605600000009872,HTML parse + extraction; shared across modes,24,0,0,1.0,0.0,0.0,0,1,0,0,0,1.0,0.5833333333333334,0.7368421052631579,1.0,0.5833333333333334,0.7368421052631579,1.0,0.5833333333333334,0.7368421052631579
20261002T161451Z-d2eb76ee,industrial,original_fast_query,dind-ozon.ru-f0c4de7b7d4ddccc,html/ozon.ru-run-none29.html,ps 5,positive,True,24.0,15.0,15,9,0,1.0,15,0,9,15,0,9,15,0,9,industrial,html/ozon.ru-run-none29.html,ozon.ru-run-none29.html,run-none29,ozon.ru,D:\Pet_Codes\science\article-price-tracker\industrial\html\ozon.ru-run-none29.html,https://www.ozon.ru/search/?deny_category_prediction=true&from_global=true&text=ps+5,https://www.ozon.ru/search/?deny_category_prediction=true&from_global=true&text=ps+5,ps 5,,,raw_html,,f0c4de7b7d4ddcccd12f616b272480a1d9104687a10ea451849dfc38cd79c591,f0c4de7b7d4ddcccd12f616b272480a1d9104687a10ea451849dfc38cd79c591,D:\Job_Codes\PriceTracker\services\stealth-renderer\.artifacts\2026-06-05-sr-ozon.ru\1780659907260-u50zbc\page.html,False,2026-06-05-sr-ozon.ru\1780659907260-u50zbc\page.html,html/ozon.ru-run-none29.html,application_import,,2026-06-05T11:45:36.459Z,751179,False,True,,,False,,True,,0.0,dind-ozon.ru-f0c4de7b7d4ddccc,product_page_or_listing,https://www.ozon.ru/search/?deny_category_prediction=true&from_global=true&text=ps+5,True,stealth_renderer,ps 5,,,f0c4de7b7d4ddcccd12f616b272480a1d9104687a10ea451849dfc38cd79c591,758151,False,ozon.ru,https://www.ozon.ru/search/?deny_category_prediction=true&from_global=true&text=ps+5,ps 5 - купить на OZON,False,ozon.ru,run-none29,,,ok,2.040599999949336,,383.51579999993555,15.0,15.0,15.0,False,,,,ok,False,382.1009999999078,1.4148000000277534,HTML parse + extraction; shared across modes,24,0,0,1.0,0.0,0.0,0,1,0,0,0,1.0,0.625,0.7692307692307693,1.0,0.625,0.7692307692307693,1.0,0.625,0.7692307692307693
20261002T161451Z-d2eb76ee,industrial,original_fast_query,dind-ozon.ru-801ca96b303e9c70,html/ozon.ru-run-none30.html,ps 5,positive,True,30.0,1.0,1,29,0,1.0,1,0,29,1,0,29,1,0,29,industrial,html/ozon.ru-run-none30.html,ozon.ru-run-none30.html,run-none30,ozon.ru,D:\Pet_Codes\science\article-price-tracker\industrial\html\ozon.ru-run-none30.html,https://www.ozon.ru/search/?deny_category_prediction=true&from_global=true&text=ps+5&__rr=1,https://www.ozon.ru/search/?deny_category_prediction=true&from_global=true&text=ps+5&__rr=1,ps 5,,,raw_html,,801ca96b303e9c701e167c77c6e64e4995ef6470ae1385cbffd5b8b3d1f79ff9,801ca96b303e9c701e167c77c6e64e4995ef6470ae1385cbffd5b8b3d1f79ff9,D:\Job_Codes\PriceTracker\services\stealth-renderer\.artifacts\2026-06-05-sr-ozon.ru\1780660872168-lhqwrw\page.html,False,2026-06-05-sr-ozon.ru\1780660872168-lhqwrw\page.html,html/ozon.ru-run-none30.html,application_import,,2026-06-05T12:01:48.315Z,557535,False,True,,,False,,True,,0.0,dind-ozon.ru-801ca96b303e9c70,product_page_or_listing,https://www.ozon.ru/search/?deny_category_prediction=true&from_global=true&text=ps+5&__rr=1,True,stealth_renderer,ps 5,,,801ca96b303e9c701e167c77c6e64e4995ef6470ae1385cbffd5b8b3d1f79ff9,563367,False,ozon.ru,https://www.ozon.ru/search/?deny_category_prediction=true&from_global=true&text=ps+5&__rr=1,OZON маркетплейс – миллионы товаров по выгодным ценам,False,ozon.ru,run-none30,,,ok,13.226699999999255,,93.53859999997076,1.0,1.0,1.0,False,,,,ok,False,91.56059999996796,1.978000000002794,HTML parse + extraction; shared across modes,30,0,0,1.0,0.0,0.0,0,1,0,0,0,1.0,0.03333333333333333,0.06451612903225806,1.0,0.03333333333333333,0.06451612903225806,1.0,0.03333333333333333,0.06451612903225806
20261002T161451Z-d2eb76ee,industrial,original_fast_query,dind-ozon.ru-adcd554f73025799,html/ozon.ru-run-none31.html,ps 5,positive,True,24.0,15.0,15,9,0,1.0,15,0,9,15,0,9,15,0,9,industrial,html/ozon.ru-run-none31.html,ozon.ru-run-none31.html,run-none31,ozon.ru,D:\Pet_Codes\science\article-price-tracker\industrial\html\ozon.ru-run-none31.html,https://www.ozon.ru/search/?deny_category_prediction=true&from_global=true&text=ps+5,https://www.ozon.ru/search/?deny_category_prediction=true&from_global=true&text=ps+5,ps 5,,,raw_html,,adcd554f730257995ac97963b9e24b74478b010b9e4dfdc19c23f36018784d9c,adcd554f730257995ac97963b9e24b74478b010b9e4dfdc19c23f36018784d9c,D:\Job_Codes\PriceTracker\services\stealth-renderer\.artifacts\2026-06-05-sr-ozon.ru\1780661583086-i4o3f7\page.html,False,2026-06-05-sr-ozon.ru\1780661583086-i4o3f7\page.html,html/ozon.ru-run-none31.html,application_import,,2026-06-05T12:13:31.622Z,755536,False,True,,,False,,True,,0.0,dind-ozon.ru-adcd554f73025799,product_page_or_listing,https://www.ozon.ru/search/?deny_category_prediction=true&from_global=true&text=ps+5,True,stealth_renderer,ps 5,,,adcd554f730257995ac97963b9e24b74478b010b9e4dfdc19c23f36018784d9c,762533,False,ozon.ru,https://www.ozon.ru/search/?deny_category_prediction=true&from_global=true&text=ps+5,ps 5 - купить на OZON,False,ozon.ru,run-none31,,,ok,1.8489999999292195,,404.0851000000257,15.0,15.0,15.0,False,,,,ok,False,402.7282000000123,1.356900000013411,HTML parse + extraction; shared across modes,24,0,0,1.0,0.0,0.0,0,1,0,0,0,1.0,0.625,0.7692307692307693,1.0,0.625,0.7692307692307693,1.0,0.625,0.7692307692307693
20261002T161451Z-d2eb76ee,industrial,original_fast_query,dind-ozon.ru-0f3fe0ffc5075f97,html/ozon.ru-run-none32.html,ps 5,positive,True,24.0,14.0,14,10,0,1.0,14,0,10,14,0,10,14,0,10,industrial,html/ozon.ru-run-none32.html,ozon.ru-run-none32.html,run-none32,ozon.ru,D:\Pet_Codes\science\article-price-tracker\industrial\html\ozon.ru-run-none32.html,https://www.ozon.ru/search/?deny_category_prediction=true&from_global=true&text=ps+5,https://www.ozon.ru/search/?deny_category_prediction=true&from_global=true&text=ps+5,ps 5,,,raw_html,,0f3fe0ffc5075f973c422dc59800807947b24b4758b72a88a42419356c95dcc0,0f3fe0ffc5075f973c422dc59800807947b24b4758b72a88a42419356c95dcc0,D:\Job_Codes\PriceTracker\services\stealth-renderer\.artifacts\2026-06-05-sr-ozon.ru\1780662439005-opvjk1\page.html,False,2026-06-05-sr-ozon.ru\1780662439005-opvjk1\page.html,html/ozon.ru-run-none32.html,application_import,,2026-06-05T12:27:45.227Z,751840,False,True,,,False,,True,,0.0,dind-ozon.ru-0f3fe0ffc5075f97,product_page_or_listing,https://www.ozon.ru/search/?deny_category_prediction=true&from_global=true&text=ps+5,True,stealth_renderer,ps 5,,,0f3fe0ffc5075f973c422dc59800807947b24b4758b72a88a42419356c95dcc0,758752,False,ozon.ru,https://www.ozon.ru/search/?deny_category_prediction=true&from_global=true&text=ps+5,ps 5 - купить на OZON,False,ozon.ru,run-none32,,,ok,1.9403999999631196,,371.52879999997094,14.0,14.0,14.0,False,,,,ok,False,370.139899999951,1.3889000000199303,HTML parse + extraction; shared across modes,24,0,0,1.0,0.0,0.0,0,1,0,0,0,1.0,0.5833333333333334,0.7368421052631579,1.0,0.5833333333333334,0.7368421052631579,1.0,0.5833333333333334,0.7368421052631579
20261002T161451Z-d2eb76ee,industrial,original_fast_query,dind-ozon.ru-89cacbfd8e2ec95b,html/ozon.ru-run-none33.html,ps 5,positive,True,24.0,15.0,15,9,0,1.0,15,0,9,15,0,9,15,0,9,industrial,html/ozon.ru-run-none33.html,ozon.ru-run-none33.html,run-none33,ozon.ru,D:\Pet_Codes\science\article-price-tracker\industrial\html\ozon.ru-run-none33.html,https://www.ozon.ru/search/?deny_category_prediction=true&from_global=true&text=ps+5,https://www.ozon.ru/search/?deny_category_prediction=true&from_global=true&text=ps+5,ps 5,,,raw_html,,89cacbfd8e2ec95bc7143495ccd6e3c3fe2a7ee990a62217262765fa32458c2e,89cacbfd8e2ec95bc7143495ccd6e3c3fe2a7ee990a62217262765fa32458c2e,D:\Job_Codes\PriceTracker\services\stealth-renderer\.artifacts\2026-06-05-sr-ozon.ru\1780672247549-ybwccu\page.html,False,2026-06-05-sr-ozon.ru\1780672247549-ybwccu\page.html,html/ozon.ru-run-none33.html,application_import,,2026-06-05T15:11:30.262Z,746449,False,True,,,False,,True,,0.0,dind-ozon.ru-89cacbfd8e2ec95b,product_page_or_listing,https://www.ozon.ru/search/?deny_category_prediction=true&from_global=true&text=ps+5,True,stealth_renderer,ps 5,,,89cacbfd8e2ec95bc7143495ccd6e3c3fe2a7ee990a62217262765fa32458c2e,753654,False,ozon.ru,https://www.ozon.ru/search/?deny_category_prediction=true&from_global=true&text=ps+5,ps 5 - купить на OZON,False,ozon.ru,run-none33,,,ok,2.201200000010431,,380.93009999999776,15.0,15.0,15.0,False,,,,ok,False,379.3586999999825,1.5714000000152737,HTML parse + extraction; shared across modes,24,0,0,1.0,0.0,0.0,0,1,0,0,0,1.0,0.625,0.7692307692307693,1.0,0.625,0.7692307692307693,1.0,0.625,0.7692307692307693
20261002T161451Z-d2eb76ee,industrial,original_fast_query,dind-ozon.ru-6574195d5864256d,html/ozon.ru-run-4f3eb2b3.html,дрель makita,positive,True,24.0,6.0,6,18,0,1.0,6,0,18,6,0,18,6,0,18,industrial,html/ozon.ru-run-4f3eb2b3.html,ozon.ru-run-4f3eb2b3.html,run-4f3eb2b3,ozon.ru,D:\Pet_Codes\science\article-price-tracker\industrial\html\ozon.ru-run-4f3eb2b3.html,https://www.ozon.ru,https://www.ozon.ru,дрель makita,Санкт-Петербург,shared_live_search,raw_html,,6574195d5864256d28ee08b941da7febe1490797ddebc14184a46893bd0980fd,6574195d5864256d28ee08b941da7febe1490797ddebc14184a46893bd0980fd,D:\Job_Codes\PriceTracker\.artifacts\collection\run-4f3eb2b3\ozon.ru.html,False,run-4f3eb2b3\ozon.ru.html,html/ozon.ru-run-4f3eb2b3.html,application_import,,2026-05-13T06:56:53.430018+00:00,722581,False,False,,,False,,True,Санкт-Петербург,,dind-ozon.ru-6574195d5864256d,product_page_or_listing,https://www.ozon.ru,True,collection_run,дрель makita,shared_live_search,run-4f3eb2b3,6574195d5864256d28ee08b941da7febe1490797ddebc14184a46893bd0980fd,730787,False,ozon.ru,https://www.ozon.ru,дрель makita - купить на OZON,False,ozon.ru,run-4f3eb2b3,Санкт-Петербург,shared_live_search,ok,14.716699999989942,,431.1196999999229,6.0,6.0,6.0,False,,,,ok,False,428.81569999991916,2.3040000000037253,HTML parse + extraction; shared across modes,24,0,0,1.0,0.0,0.0,0,1,0,0,0,1.0,0.25,0.4,1.0,0.25,0.4,1.0,0.25,0.4
20261002T161451Z-d2eb76ee,industrial,original_fast_query,dind-ozon.ru-40d639e4db2530b7,html/ozon.ru-run-5df0fc85.html,дрель makita,positive,True,24.0,6.0,6,18,0,1.0,6,0,18,6,0,18,6,0,18,industrial,html/ozon.ru-run-5df0fc85.html,ozon.ru-run-5df0fc85.html,run-5df0fc85,ozon.ru,D:\Pet_Codes\science\article-price-tracker\industrial\html\ozon.ru-run-5df0fc85.html,https://www.ozon.ru,https://www.ozon.ru,дрель makita,Санкт-Петербург,shared_live_search,raw_html,,40d639e4db2530b7f729ff316c8eecd41fef3ff707dcf912e32d936bce80b27c,40d639e4db2530b7f729ff316c8eecd41fef3ff707dcf912e32d936bce80b27c,D:\Job_Codes\PriceTracker\.artifacts\collection\run-5df0fc85\ozon.ru.html,False,run-5df0fc85\ozon.ru.html,html/ozon.ru-run-5df0fc85.html,application_import,,2026-05-13T06:46:12.947192+00:00,721025,False,False,,,False,,True,Санкт-Петербург,,dind-ozon.ru-40d639e4db2530b7,product_page_or_listing,https://www.ozon.ru,True,collection_run,дрель makita,shared_live_search,run-5df0fc85,40d639e4db2530b7f729ff316c8eecd41fef3ff707dcf912e32d936bce80b27c,729253,False,ozon.ru,https://www.ozon.ru,дрель makita - купить на OZON,False,ozon.ru,run-5df0fc85,Санкт-Петербург,shared_live_search,ok,13.852100000018254,,428.49340000003576,6.0,6.0,6.0,False,,,,ok,False,426.5991999999387,1.8942000000970438,HTML parse + extraction; shared across modes,24,0,0,1.0,0.0,0.0,0,1,0,0,0,1.0,0.25,0.4,1.0,0.25,0.4,1.0,0.25,0.4
20261002T161451Z-d2eb76ee,industrial,original_fast_query,dind-ozon.ru-9eaf36f7f4aa57b5,html/ozon.ru-run-7a5dc852.html,дрель makita,positive,True,24.0,6.0,6,18,0,1.0,6,0,18,6,0,18,6,0,18,industrial,html/ozon.ru-run-7a5dc852.html,ozon.ru-run-7a5dc852.html,run-7a5dc852,ozon.ru,D:\Pet_Codes\science\article-price-tracker\industrial\html\ozon.ru-run-7a5dc852.html,https://www.ozon.ru,https://www.ozon.ru,дрель makita,Санкт-Петербург,shared_live_search,raw_html,,9eaf36f7f4aa57b500940477ecd2a573c856bdee37ca68ec6bf6fe8e07f72181,9eaf36f7f4aa57b500940477ecd2a573c856bdee37ca68ec6bf6fe8e07f72181,D:\Job_Codes\PriceTracker\.artifacts\collection\run-7a5dc852\ozon.ru.html,False,run-7a5dc852\ozon.ru.html,html/ozon.ru-run-7a5dc852.html,application_import,,2026-05-13T06:39:01.206495+00:00,720366,False,False,,,False,,True,Санкт-Петербург,,dind-ozon.ru-9eaf36f7f4aa57b5,product_page_or_listing,https://www.ozon.ru,True,collection_run,дрель makita,shared_live_search,run-7a5dc852,9eaf36f7f4aa57b500940477ecd2a573c856bdee37ca68ec6bf6fe8e07f72181,728545,False,ozon.ru,https://www.ozon.ru,дрель makita - купить на OZON,False,ozon.ru,run-7a5dc852,Санкт-Петербург,shared_live_search,ok,15.014299999922514,,426.21080000000075,6.0,6.0,6.0,False,,,,ok,False,424.38219999999274,1.8286000000080094,HTML parse + extraction; shared across modes,24,0,0,1.0,0.0,0.0,0,1,0,0,0,1.0,0.25,0.4,1.0,0.25,0.4,1.0,0.25,0.4
20261002T161451Z-d2eb76ee,industrial,original_fast_query,dind-petrovich.ru-f5694ceb95402903,html/petrovich.ru-run-7ab9dec2.html,безударная дрель,positive,True,20.0,1.0,1,19,0,1.0,1,0,19,1,0,19,1,0,19,industrial,html/petrovich.ru-run-7ab9dec2.html,petrovich.ru-run-7ab9dec2.html,run-7ab9dec2,petrovich.ru,D:\Pet_Codes\science\article-price-tracker\industrial\html\petrovich.ru-run-7ab9dec2.html,https://petrovich.ru,https://petrovich.ru,безударная дрель,Санкт-Петербург,shared_live_search,raw_html,,f5694ceb95402903fec7c55889985d7483f6b6f6ef2c61414d411892aa534ac5,f5694ceb95402903fec7c55889985d7483f6b6f6ef2c61414d411892aa534ac5,D:\Job_Codes\PriceTracker\.artifacts\collection\run-7ab9dec2\petrovich.ru.html,False,run-7ab9dec2\petrovich.ru.html,html/petrovich.ru-run-7ab9dec2.html,application_import,,2026-05-13T05:53:58.322253+00:00,3538157,False,False,,,False,,True,Санкт-Петербург,,dind-petrovich.ru-f5694ceb95402903,product_page_or_listing,https://petrovich.ru,True,collection_run,безударная дрель,shared_live_search,run-7ab9dec2,f5694ceb95402903fec7c55889985d7483f6b6f6ef2c61414d411892aa534ac5,3655198,False,petrovich.ru,https://petrovich.ru,"Безударная дрель — купить в интернет-магазине, цены в Петрович",False,petrovich.ru,run-7ab9dec2,Санкт-Петербург,shared_live_search,ok,17.383700000005774,,18173.412099999958,1.0,1.0,1.0,False,,,,ok,False,18171.703499999945,1.708600000012666,HTML parse + extraction; shared across modes,20,0,0,1.0,0.0,0.0,0,1,0,0,0,1.0,0.05,0.09523809523809523,1.0,0.05,0.09523809523809523,1.0,0.05,0.09523809523809523
20261002T161451Z-d2eb76ee,industrial,original_fast_query,dind-petrovich.ru-b70961cbdb8bd1e9,html/petrovich.ru-run-f37ca1e3.html,дрель безударная,positive,True,20.0,1.0,1,19,0,1.0,1,0,19,1,0,19,1,0,19,industrial,html/petrovich.ru-run-f37ca1e3.html,petrovich.ru-run-f37ca1e3.html,run-f37ca1e3,petrovich.ru,D:\Pet_Codes\science\article-price-tracker\industrial\html\petrovich.ru-run-f37ca1e3.html,https://petrovich.ru,https://petrovich.ru,дрель безударная,Санкт-Петербург,shared_live_search,raw_html,,b70961cbdb8bd1e9a2cef799f783a00965d27085b539385842324c1e3e439d77,b70961cbdb8bd1e9a2cef799f783a00965d27085b539385842324c1e3e439d77,D:\Job_Codes\PriceTracker\.artifacts\collection\run-f37ca1e3\petrovich.ru.html,False,run-f37ca1e3\petrovich.ru.html,html/petrovich.ru-run-f37ca1e3.html,application_import,,2026-05-13T05:37:40.581430+00:00,3343655,False,False,,,False,,True,Санкт-Петербург,,dind-petrovich.ru-b70961cbdb8bd1e9,product_page_or_listing,https://petrovich.ru,True,collection_run,дрель безударная,shared_live_search,run-f37ca1e3,b70961cbdb8bd1e9a2cef799f783a00965d27085b539385842324c1e3e439d77,3454706,False,petrovich.ru,https://petrovich.ru,"Дрель безударная — купить в интернет-магазине, цены в Петрович",False,petrovich.ru,run-f37ca1e3,Санкт-Петербург,shared_live_search,ok,7.959199999924749,,19107.501300000004,1.0,1.0,1.0,False,,,,ok,False,19105.746599999955,1.754700000048615,HTML parse + extraction; shared across modes,20,0,0,1.0,0.0,0.0,0,1,0,0,0,1.0,0.05,0.09523809523809523,1.0,0.05,0.09523809523809523,1.0,0.05,0.09523809523809523
20261002T161451Z-d2eb76ee,industrial,original_fast_query,dind-rs24.ru-e37f5e34d947d094,html/rs24.ru-run-none1.html,втулка,positive,True,25.0,21.0,21,4,0,1.0,21,0,4,21,0,4,21,0,4,industrial,html/rs24.ru-run-none1.html,rs24.ru-run-none1.html,run-none1,rs24.ru,D:\Pet_Codes\science\article-price-tracker\industrial\html\rs24.ru-run-none1.html,https://rs24.ru/search?q=%D0%B2%D1%82%D1%83%D0%BB%D0%BA%D0%B0,https://rs24.ru/search?q=%D0%B2%D1%82%D1%83%D0%BB%D0%BA%D0%B0,втулка,,,raw_html,,e37f5e34d947d0948678b9c593e85738550606baf4d3e72b056aaac88568a6f0,e37f5e34d947d0948678b9c593e85738550606baf4d3e72b056aaac88568a6f0,D:\Job_Codes\PriceTracker\services\stealth-renderer\.artifacts\2026-05-13-sr-rs24.ru\1778652389387-nw8s95\page.html,False,2026-05-13-sr-rs24.ru\1778652389387-nw8s95\page.html,html/rs24.ru-run-none1.html,application_import,,2026-05-13T06:06:43.403Z,1377720,False,True,,,False,,True,,0.0,dind-rs24.ru-e37f5e34d947d094,product_page_or_listing,https://rs24.ru/search?q=%D0%B2%D1%82%D1%83%D0%BB%D0%BA%D0%B0,True,stealth_renderer,втулка,,,e37f5e34d947d0948678b9c593e85738550606baf4d3e72b056aaac88568a6f0,1430797,False,rs24.ru,https://rs24.ru/search?q=%D0%B2%D1%82%D1%83%D0%BB%D0%BA%D0%B0,Результаты поиска по запросу “втулка”,False,rs24.ru,run-none1,,,ok,13.928100000019185,,13672.81549999991,21.0,21.0,21.0,False,,,,ok,False,13671.158799999976,1.6566999999340624,HTML parse + extraction; shared across modes,25,0,0,1.0,0.0,0.0,0,1,0,0,0,1.0,0.84,0.9130434782608696,1.0,0.84,0.9130434782608696,1.0,0.84,0.9130434782608696
20261002T161451Z-d2eb76ee,industrial,original_fast_query,dind-rs24.ru-1dae74c7261482fe,html/rs24.ru-run-none2.html,втулка,positive,True,25.0,21.0,21,4,0,1.0,21,0,4,21,0,4,21,0,4,industrial,html/rs24.ru-run-none2.html,rs24.ru-run-none2.html,run-none2,rs24.ru,D:\Pet_Codes\science\article-price-tracker\industrial\html\rs24.ru-run-none2.html,https://rs24.ru/search?q=%D0%B2%D1%82%D1%83%D0%BB%D0%BA%D0%B0,https://rs24.ru/search?q=%D0%B2%D1%82%D1%83%D0%BB%D0%BA%D0%B0,втулка,,,raw_html,,1dae74c7261482fe4ea0caf055642c67bb72e4ecd9cc6129033febf612761624,1dae74c7261482fe4ea0caf055642c67bb72e4ecd9cc6129033febf612761624,D:\Job_Codes\PriceTracker\services\stealth-renderer\.artifacts\2026-05-13-sr-rs24.ru\1778652761146-2cxjif\page.html,False,2026-05-13-sr-rs24.ru\1778652761146-2cxjif\page.html,html/rs24.ru-run-none2.html,application_import,,2026-05-13T06:12:54.374Z,1377720,False,True,,,False,,True,,0.0,dind-rs24.ru-1dae74c7261482fe,product_page_or_listing,https://rs24.ru/search?q=%D0%B2%D1%82%D1%83%D0%BB%D0%BA%D0%B0,True,stealth_renderer,втулка,,,1dae74c7261482fe4ea0caf055642c67bb72e4ecd9cc6129033febf612761624,1430797,False,rs24.ru,https://rs24.ru/search?q=%D0%B2%D1%82%D1%83%D0%BB%D0%BA%D0%B0,Результаты поиска по запросу “втулка”,False,rs24.ru,run-none2,,,ok,15.564800000051036,,13651.538000000059,21.0,21.0,21.0,False,,,,ok,False,13649.71510000003,1.8229000000283122,HTML parse + extraction; shared across modes,25,0,0,1.0,0.0,0.0,0,1,0,0,0,1.0,0.84,0.9130434782608696,1.0,0.84,0.9130434782608696,1.0,0.84,0.9130434782608696
20261002T161451Z-d2eb76ee,industrial,original_fast_query,dind-rs24.ru-a5509d4fda3f76ea,html/rs24.ru-run-none3.html,бензопила,positive,True,22.0,22.0,22,0,0,1.0,22,0,0,22,0,0,22,0,0,industrial,html/rs24.ru-run-none3.html,rs24.ru-run-none3.html,run-none3,rs24.ru,D:\Pet_Codes\science\article-price-tracker\industrial\html\rs24.ru-run-none3.html,https://rs24.ru/search?q=%D0%B1%D0%B5%D0%BD%D0%B7%D0%BE%D0%BF%D0%B8%D0%BB%D0%B0,https://rs24.ru/search?q=%D0%B1%D0%B5%D0%BD%D0%B7%D0%BE%D0%BF%D0%B8%D0%BB%D0%B0,бензопила,,,raw_html,,a5509d4fda3f76ea0ddcc09c561eed62a838492ca2bb5c42c9c4e8062642a4b1,a5509d4fda3f76ea0ddcc09c561eed62a838492ca2bb5c42c9c4e8062642a4b1,D:\Job_Codes\PriceTracker\services\stealth-renderer\.artifacts\2026-05-18-sr-rs24.ru\1779101687023-wyit2b\page.html,False,2026-05-18-sr-rs24.ru\1779101687023-wyit2b\page.html,html/rs24.ru-run-none3.html,application_import,,2026-05-18T10:55:01.024Z,1285984,False,True,,,False,,True,,0.0,dind-rs24.ru-a5509d4fda3f76ea,product_page_or_listing,https://rs24.ru/search?q=%D0%B1%D0%B5%D0%BD%D0%B7%D0%BE%D0%BF%D0%B8%D0%BB%D0%B0,True,stealth_renderer,бензопила,,,a5509d4fda3f76ea0ddcc09c561eed62a838492ca2bb5c42c9c4e8062642a4b1,1330864,False,rs24.ru,https://rs24.ru/search?q=%D0%B1%D0%B5%D0%BD%D0%B7%D0%BE%D0%BF%D0%B8%D0%BB%D0%B0,Результаты поиска по запросу “бензопила”,False,rs24.ru,run-none3,,,ok,13.963400000007823,,11538.924600000028,22.0,22.0,22.0,False,,,,ok,False,11538.186600000015,0.7380000000121072,HTML parse + extraction; shared across modes,22,0,0,1.0,0.0,0.0,0,1,0,0,0,1.0,1.0,1.0,1.0,1.0,1.0,1.0,1.0,1.0
20261002T161451Z-d2eb76ee,industrial,original_fast_query,dind-rs24.ru-7f6c61bab65e335f,html/rs24.ru-run-none4.html,дрель безударная,positive,True,1.0,1.0,1,0,0,1.0,1,0,0,1,0,0,0,1,0,industrial,html/rs24.ru-run-none4.html,rs24.ru-run-none4.html,run-none4,rs24.ru,D:\Pet_Codes\science\article-price-tracker\industrial\html\rs24.ru-run-none4.html,https://rs24.ru/search?q=%D0%B4%D1%80%D0%B5%D0%BB%D1%8C+%D0%B1%D0%B5%D0%B7%D1%83%D0%B4%D0%B0%D1%80%D0%BD%D0%B0%D1%8F,https://rs24.ru/search?q=%D0%B4%D1%80%D0%B5%D0%BB%D1%8C+%D0%B1%D0%B5%D0%B7%D1%83%D0%B4%D0%B0%D1%80%D0%BD%D0%B0%D1%8F,дрель безударная,,,raw_html,,7f6c61bab65e335fb80b12925b217705e0ef9a5308ece0d8c99e6fd6ddad9a79,7f6c61bab65e335fb80b12925b217705e0ef9a5308ece0d8c99e6fd6ddad9a79,D:\Job_Codes\PriceTracker\services\stealth-renderer\.artifacts\2026-05-18-sr-rs24.ru\1779103602670-uh4hh6\page.html,False,2026-05-18-sr-rs24.ru\1779103602670-uh4hh6\page.html,html/rs24.ru-run-none4.html,application_import,,2026-05-18T11:26:56.380Z,873575,False,True,,,False,,True,,0.0,dind-rs24.ru-7f6c61bab65e335f,product_page_or_listing,https://rs24.ru/search?q=%D0%B4%D1%80%D0%B5%D0%BB%D1%8C+%D0%B1%D0%B5%D0%B7%D1%83%D0%B4%D0%B0%D1%80%D0%BD%D0%B0%D1%8F,True,stealth_renderer,дрель безударная,,,7f6c61bab65e335fb80b12925b217705e0ef9a5308ece0d8c99e6fd6ddad9a79,891870,False,rs24.ru,https://rs24.ru/search?q=%D0%B4%D1%80%D0%B5%D0%BB%D1%8C+%D0%B1%D0%B5%D0%B7%D1%83%D0%B4%D0%B0%D1%80%D0%BD%D0%B0%D1%8F,Результаты поиска по запросу “дрель безударная”,False,rs24.ru,run-none4,,,ok,13.258000000030734,,1071.4440000000177,1.0,1.0,1.0,False,,,,ok,False,1071.2889999999898,0.15500000002793968,HTML parse + extraction; shared across modes,0,1,0,1.0,,,1,1,0,0,0,1.0,1.0,1.0,1.0,1.0,1.0,0.0,0.0,0.0
20261002T161451Z-d2eb76ee,industrial,original_fast_query,dind-rs24.ru-04d8d106bd9c940f,html/rs24.ru-run-none5.html,дрель,positive,True,25.0,4.0,4,21,0,1.0,4,0,21,4,0,21,4,0,21,industrial,html/rs24.ru-run-none5.html,rs24.ru-run-none5.html,run-none5,rs24.ru,D:\Pet_Codes\science\article-price-tracker\industrial\html\rs24.ru-run-none5.html,https://rs24.ru/search?q=%D0%B4%D1%80%D0%B5%D0%BB%D1%8C,https://rs24.ru/search?q=%D0%B4%D1%80%D0%B5%D0%BB%D1%8C,дрель,,,raw_html,,04d8d106bd9c940f48565097b4d780c98434af695386dd614fd3f531bbed0968,04d8d106bd9c940f48565097b4d780c98434af695386dd614fd3f531bbed0968,D:\Job_Codes\PriceTracker\services\stealth-renderer\.artifacts\2026-05-18-sr-rs24.ru\1779103676473-n4idt9\page.html,False,2026-05-18-sr-rs24.ru\1779103676473-n4idt9\page.html,html/rs24.ru-run-none5.html,application_import,,2026-05-18T11:28:13.436Z,1363117,False,True,,,False,,True,,0.0,dind-rs24.ru-04d8d106bd9c940f,product_page_or_listing,https://rs24.ru/search?q=%D0%B4%D1%80%D0%B5%D0%BB%D1%8C,True,stealth_renderer,дрель,,,04d8d106bd9c940f48565097b4d780c98434af695386dd614fd3f531bbed0968,1426474,False,rs24.ru,https://rs24.ru/search?q=%D0%B4%D1%80%D0%B5%D0%BB%D1%8C,Результаты поиска по запросу “дрель”,False,rs24.ru,run-none5,,,ok,14.297799999942072,,13405.241700000013,4.0,4.0,4.0,False,,,,ok,False,13403.327099999995,1.914600000018254,HTML parse + extraction; shared across modes,25,0,0,1.0,0.0,0.0,0,1,0,0,0,1.0,0.16,0.2758620689655173,1.0,0.16,0.2758620689655173,1.0,0.16,0.2758620689655173
20261002T161451Z-d2eb76ee,industrial,original_fast_query,dind-rs24.ru-eef846de51e83979,html/rs24.ru-run-none6.html,30% Раствор едкого натра,positive,True,1.0,0.0,0,1,0,0.0,0,0,1,0,0,1,0,0,1,industrial,html/rs24.ru-run-none6.html,rs24.ru-run-none6.html,run-none6,rs24.ru,D:\Pet_Codes\science\article-price-tracker\industrial\html\rs24.ru-run-none6.html,https://rs24.ru/search?q=30%25+%D0%A0%D0%B0%D1%81%D1%82%D0%B2%D0%BE%D1%80+%D0%B5%D0%B4%D0%BA%D0%BE%D0%B3%D0%BE+%D0%BD%D0%B0%D1%82%D1%80%D0%B0,https://rs24.ru/search?q=30%25+%D0%A0%D0%B0%D1%81%D1%82%D0%B2%D0%BE%D1%80+%D0%B5%D0%B4%D0%BA%D0%BE%D0%B3%D0%BE+%D0%BD%D0%B0%D1%82%D1%80%D0%B0,30% Раствор едкого натра,,,raw_html,,eef846de51e83979215aac840e2fa2ae72e4a89b514f40c04aae984315318dea,eef846de51e83979215aac840e2fa2ae72e4a89b514f40c04aae984315318dea,D:\Job_Codes\PriceTracker\services\stealth-renderer\.artifacts\2026-05-20-sr-rs24.ru\1779318176840-5v75vc\page.html,False,2026-05-20-sr-rs24.ru\1779318176840-5v75vc\page.html,html/rs24.ru-run-none6.html,application_import,,2026-05-20T23:03:13.694Z,877461,False,True,,,False,,True,,0.0,dind-rs24.ru-eef846de51e83979,product_page_or_listing,https://rs24.ru/search?q=30%25+%D0%A0%D0%B0%D1%81%D1%82%D0%B2%D0%BE%D1%80+%D0%B5%D0%B4%D0%BA%D0%BE%D0%B3%D0%BE+%D0%BD%D0%B0%D1%82%D1%80%D0%B0,True,stealth_renderer,30% Раствор едкого натра,,,eef846de51e83979215aac840e2fa2ae72e4a89b514f40c04aae984315318dea,896202,False,rs24.ru,https://rs24.ru/search?q=30%25+%D0%A0%D0%B0%D1%81%D1%82%D0%B2%D0%BE%D1%80+%D0%B5%D0%B4%D0%BA%D0%BE%D0%B3%D0%BE+%D0%BD%D0%B0%D1%82%D1%80%D0%B0,Результаты поиска по запросу “30% Раствор едкого натра”,False,rs24.ru,run-none6,,,ok,13.004000000073574,,1506.5259000000078,0.0,0.0,0.0,False,,,,ok,False,1506.3055000000168,0.2203999999910593,HTML parse + extraction; shared across modes,1,0,0,,,,0,0,0,1,0,0.0,0.0,0.0,0.0,0.0,0.0,0.0,0.0,0.0
20261002T161451Z-d2eb76ee,industrial,original_fast_query,dind-rs24.ru-675bf99e5b73b9d3,html/rs24.ru-run-none7.html,2-ая наружная розетка Systeme Electric,positive,True,1.0,0.0,0,1,0,0.0,0,0,1,0,0,1,0,0,1,industrial,html/rs24.ru-run-none7.html,rs24.ru-run-none7.html,run-none7,rs24.ru,D:\Pet_Codes\science\article-price-tracker\industrial\html\rs24.ru-run-none7.html,https://rs24.ru/search?q=2-%D0%B0%D1%8F+%D0%BD%D0%B0%D1%80%D1%83%D0%B6%D0%BD%D0%B0%D1%8F+%D1%80%D0%BE%D0%B7%D0%B5%D1%82%D0%BA%D0%B0+Systeme+Electric,https://rs24.ru/search?q=2-%D0%B0%D1%8F+%D0%BD%D0%B0%D1%80%D1%83%D0%B6%D0%BD%D0%B0%D1%8F+%D1%80%D0%BE%D0%B7%D0%B5%D1%82%D0%BA%D0%B0+Systeme+Electric,2-ая наружная розетка Systeme Electric,,,raw_html,,675bf99e5b73b9d3a368fae69b861092d9d3c1b531a80c9ff62d6f62df0c4934,675bf99e5b73b9d3a368fae69b861092d9d3c1b531a80c9ff62d6f62df0c4934,D:\Job_Codes\PriceTracker\services\stealth-renderer\.artifacts\2026-05-20-sr-rs24.ru\1779318177155-5nzffh\page.html,False,2026-05-20-sr-rs24.ru\1779318177155-5nzffh\page.html,html/rs24.ru-run-none7.html,application_import,,2026-05-20T23:03:14.588Z,877382,False,True,,,False,,True,,0.0,dind-rs24.ru-675bf99e5b73b9d3,product_page_or_listing,https://rs24.ru/search?q=2-%D0%B0%D1%8F+%D0%BD%D0%B0%D1%80%D1%83%D0%B6%D0%BD%D0%B0%D1%8F+%D1%80%D0%BE%D0%B7%D0%B5%D1%82%D0%BA%D0%B0+Systeme+Electric,True,stealth_renderer,2-ая наружная розетка Systeme Electric,,,675bf99e5b73b9d3a368fae69b861092d9d3c1b531a80c9ff62d6f62df0c4934,895658,False,rs24.ru,https://rs24.ru/search?q=2-%D0%B0%D1%8F+%D0%BD%D0%B0%D1%80%D1%83%D0%B6%D0%BD%D0%B0%D1%8F+%D1%80%D0%BE%D0%B7%D0%B5%D1%82%D0%BA%D0%B0+Systeme+Electric,Результаты поиска по запросу “2-ая наружная розетка Systeme Electric”,False,rs24.ru,run-none7,,,ok,13.65639999997802,,1374.27649999992,0.0,0.0,0.0,False,,,,ok,False,1374.0381000000052,0.23839999991469085,HTML parse + extraction; shared across modes,1,0,0,,,,0,0,0,1,0,0.0,0.0,0.0,0.0,0.0,0.0,0.0,0.0,0.0
20261002T161451Z-d2eb76ee,industrial,original_fast_query,dind-rs24.ru-c08b8e40b58e9b34,html/rs24.ru-run-none8.html,30% Раствор едкого натра,positive,True,1.0,0.0,0,1,0,0.0,0,0,1,0,0,1,0,0,1,industrial,html/rs24.ru-run-none8.html,rs24.ru-run-none8.html,run-none8,rs24.ru,D:\Pet_Codes\science\article-price-tracker\industrial\html\rs24.ru-run-none8.html,https://rs24.ru/search?q=30%25+%D0%A0%D0%B0%D1%81%D1%82%D0%B2%D0%BE%D1%80+%D0%B5%D0%B4%D0%BA%D0%BE%D0%B3%D0%BE+%D0%BD%D0%B0%D1%82%D1%80%D0%B0,https://rs24.ru/search?q=30%25+%D0%A0%D0%B0%D1%81%D1%82%D0%B2%D0%BE%D1%80+%D0%B5%D0%B4%D0%BA%D0%BE%D0%B3%D0%BE+%D0%BD%D0%B0%D1%82%D1%80%D0%B0,30% Раствор едкого натра,,,raw_html,,c08b8e40b58e9b3442daca8309537bbc9278d7eb210a51a20766264d6bdc829e,c08b8e40b58e9b3442daca8309537bbc9278d7eb210a51a20766264d6bdc829e,D:\Job_Codes\PriceTracker\services\stealth-renderer\.artifacts\2026-05-20-sr-rs24.ru\1779318220866-cop8r6\page.html,False,2026-05-20-sr-rs24.ru\1779318220866-cop8r6\page.html,html/rs24.ru-run-none8.html,application_import,,2026-05-20T23:03:55.018Z,877447,False,True,,,False,,True,,0.0,dind-rs24.ru-c08b8e40b58e9b34,product_page_or_listing,https://rs24.ru/search?q=30%25+%D0%A0%D0%B0%D1%81%D1%82%D0%B2%D0%BE%D1%80+%D0%B5%D0%B4%D0%BA%D0%BE%D0%B3%D0%BE+%D0%BD%D0%B0%D1%82%D1%80%D0%B0,True,stealth_renderer,30% Раствор едкого натра,,,c08b8e40b58e9b3442daca8309537bbc9278d7eb210a51a20766264d6bdc829e,896188,False,rs24.ru,https://rs24.ru/search?q=30%25+%D0%A0%D0%B0%D1%81%D1%82%D0%B2%D0%BE%D1%80+%D0%B5%D0%B4%D0%BA%D0%BE%D0%B3%D0%BE+%D0%BD%D0%B0%D1%82%D1%80%D0%B0,Результаты поиска по запросу “30% Раствор едкого натра”,False,rs24.ru,run-none8,,,ok,13.270900000003166,,1404.796599999885,0.0,0.0,0.0,False,,,,ok,False,1404.563099999912,0.23349999997299165,HTML parse + extraction; shared across modes,1,0,0,,,,0,0,0,1,0,0.0,0.0,0.0,0.0,0.0,0.0,0.0,0.0,0.0
20261002T161451Z-d2eb76ee,industrial,original_fast_query,dind-rs24.ru-f0ddc824358ea6a4,html/rs24.ru-run-none9.html,2-ая наружная розетка Systeme Electric,positive,True,1.0,0.0,0,1,0,0.0,0,0,1,0,0,1,0,0,1,industrial,html/rs24.ru-run-none9.html,rs24.ru-run-none9.html,run-none9,rs24.ru,D:\Pet_Codes\science\article-price-tracker\industrial\html\rs24.ru-run-none9.html,https://rs24.ru/search?q=2-%D0%B0%D1%8F+%D0%BD%D0%B0%D1%80%D1%83%D0%B6%D0%BD%D0%B0%D1%8F+%D1%80%D0%BE%D0%B7%D0%B5%D1%82%D0%BA%D0%B0+Systeme+Electric,https://rs24.ru/search?q=2-%D0%B0%D1%8F+%D0%BD%D0%B0%D1%80%D1%83%D0%B6%D0%BD%D0%B0%D1%8F+%D1%80%D0%BE%D0%B7%D0%B5%D1%82%D0%BA%D0%B0+Systeme+Electric,2-ая наружная розетка Systeme Electric,,,raw_html,,f0ddc824358ea6a4004f2890051744a3830d00315cee5645c4b87fe0e817a411,f0ddc824358ea6a4004f2890051744a3830d00315cee5645c4b87fe0e817a411,D:\Job_Codes\PriceTracker\services\stealth-renderer\.artifacts\2026-05-20-sr-rs24.ru\1779318220843-hb07hh\page.html,False,2026-05-20-sr-rs24.ru\1779318220843-hb07hh\page.html,html/rs24.ru-run-none9.html,application_import,,2026-05-20T23:03:56.838Z,877382,False,True,,,False,,True,,0.0,dind-rs24.ru-f0ddc824358ea6a4,product_page_or_listing,https://rs24.ru/search?q=2-%D0%B0%D1%8F+%D0%BD%D0%B0%D1%80%D1%83%D0%B6%D0%BD%D0%B0%D1%8F+%D1%80%D0%BE%D0%B7%D0%B5%D1%82%D0%BA%D0%B0+Systeme+Electric,True,stealth_renderer,2-ая наружная розетка Systeme Electric,,,f0ddc824358ea6a4004f2890051744a3830d00315cee5645c4b87fe0e817a411,895658,False,rs24.ru,https://rs24.ru/search?q=2-%D0%B0%D1%8F+%D0%BD%D0%B0%D1%80%D1%83%D0%B6%D0%BD%D0%B0%D1%8F+%D1%80%D0%BE%D0%B7%D0%B5%D1%82%D0%BA%D0%B0+Systeme+Electric,Результаты поиска по запросу “2-ая наружная розетка Systeme Electric”,False,rs24.ru,run-none9,,,ok,13.579000000027008,,1371.07779999997,0.0,0.0,0.0,False,,,,ok,False,1370.8340000000317,0.24379999993834645,HTML parse + extraction; shared across modes,1,0,0,,,,0,0,0,1,0,0.0,0.0,0.0,0.0,0.0,0.0,0.0,0.0,0.0
20261002T161451Z-d2eb76ee,industrial,original_fast_query,dind-rs24.ru-9efe2cd0d7d6ad25,html/rs24.ru-run-04db4a0c.html,втулка,positive,True,25.0,21.0,21,4,0,1.0,21,0,4,21,0,4,21,0,4,industrial,html/rs24.ru-run-04db4a0c.html,rs24.ru-run-04db4a0c.html,run-04db4a0c,rs24.ru,D:\Pet_Codes\science\article-price-tracker\industrial\html\rs24.ru-run-04db4a0c.html,https://rs24.ru,https://rs24.ru,втулка,Санкт-Петербург,shared_live_search,raw_html,,9efe2cd0d7d6ad25446d0991270ba0cf0abab7cad98c5fba7358a00ea77544ba,9efe2cd0d7d6ad25446d0991270ba0cf0abab7cad98c5fba7358a00ea77544ba,D:\Job_Codes\PriceTracker\.artifacts\collection\run-04db4a0c\rs24.ru.html,False,run-04db4a0c\rs24.ru.html,html/rs24.ru-run-04db4a0c.html,application_import,,2026-05-13T06:12:58.167151+00:00,1404293,False,False,,,False,,True,Санкт-Петербург,,dind-rs24.ru-9efe2cd0d7d6ad25,product_page_or_listing,https://rs24.ru,True,collection_run,втулка,shared_live_search,run-04db4a0c,9efe2cd0d7d6ad25446d0991270ba0cf0abab7cad98c5fba7358a00ea77544ba,1457370,False,rs24.ru,https://rs24.ru,Результаты поиска по запросу “втулка”,False,rs24.ru,run-04db4a0c,Санкт-Петербург,shared_live_search,ok,2.7990999999456108,,13659.502800000017,21.0,21.0,21.0,False,,,,ok,False,13657.833400000003,1.669400000013411,HTML parse + extraction; shared across modes,25,0,0,1.0,0.0,0.0,0,1,0,0,0,1.0,0.84,0.9130434782608696,1.0,0.84,0.9130434782608696,1.0,0.84,0.9130434782608696
20261002T161451Z-d2eb76ee,industrial,original_fast_query,dind-rs24.ru-5f1e642e572bd9cd,html/rs24.ru-run-80a083d9.html,втулка,positive,True,25.0,21.0,21,4,0,1.0,21,0,4,21,0,4,21,0,4,industrial,html/rs24.ru-run-80a083d9.html,rs24.ru-run-80a083d9.html,run-80a083d9,rs24.ru,D:\Pet_Codes\science\article-price-tracker\industrial\html\rs24.ru-run-80a083d9.html,https://rs24.ru,https://rs24.ru,втулка,Санкт-Петербург,shared_live_search,raw_html,,5f1e642e572bd9cd3c07eba7f732f2fb567acb759e080bafbf25cb20ccbd6c5c,5f1e642e572bd9cd3c07eba7f732f2fb567acb759e080bafbf25cb20ccbd6c5c,D:\Job_Codes\PriceTracker\.artifacts\collection\run-80a083d9\rs24.ru.html,False,run-80a083d9\rs24.ru.html,html/rs24.ru-run-80a083d9.html,application_import,,2026-05-13T06:06:46.076959+00:00,1404293,False,False,,,False,,True,Санкт-Петербург,,dind-rs24.ru-5f1e642e572bd9cd,product_page_or_listing,https://rs24.ru,True,collection_run,втулка,shared_live_search,run-80a083d9,5f1e642e572bd9cd3c07eba7f732f2fb567acb759e080bafbf25cb20ccbd6c5c,1457370,False,rs24.ru,https://rs24.ru,Результаты поиска по запросу “втулка”,False,rs24.ru,run-80a083d9,Санкт-Петербург,shared_live_search,ok,2.9074000000255182,,13620.055300000007,21.0,21.0,21.0,False,,,,ok,False,13618.399300000048,1.6559999999590218,HTML parse + extraction; shared across modes,25,0,0,1.0,0.0,0.0,0,1,0,0,0,1.0,0.84,0.9130434782608696,1.0,0.84,0.9130434782608696,1.0,0.84,0.9130434782608696
20261002T161451Z-d2eb76ee,industrial,original_fast_query,dind-spb.kuvalda.ru-766cff99f79845f2,html/spb.kuvalda.ru-run-none1.html,дрель макита,negative,True,0.0,0.0,0,0,0,1.0,0,0,0,0,0,0,0,0,0,industrial,html/spb.kuvalda.ru-run-none1.html,spb.kuvalda.ru-run-none1.html,run-none1,spb.kuvalda.ru,D:\Pet_Codes\science\article-price-tracker\industrial\html\spb.kuvalda.ru-run-none1.html,https://spb.kuvalda.ru/catalog/search/?keyword=%D0%B4%D1%80%D0%B5%D0%BB%D1%8C+%D0%BC%D0%B0%D0%BA%D0%B8%D1%82%D0%B0,https://spb.kuvalda.ru/catalog/search/?keyword=%D0%B4%D1%80%D0%B5%D0%BB%D1%8C+%D0%BC%D0%B0%D0%BA%D0%B8%D1%82%D0%B0,дрель макита,,,raw_html,,766cff99f79845f2fab0ee65b94a3e64cae602e2e84a6cb0219939b0e1167a8d,766cff99f79845f2fab0ee65b94a3e64cae602e2e84a6cb0219939b0e1167a8d,D:\Job_Codes\PriceTracker\services\stealth-renderer\.artifacts\2026-05-14-sr-spb.kuvalda.ru\1778736687336-27rw4m\page.html,False,2026-05-14-sr-spb.kuvalda.ru\1778736687336-27rw4m\page.html,html/spb.kuvalda.ru-run-none1.html,application_import,,2026-05-14T05:31:46.273Z,1401924,False,True,,,False,,True,,0.0,dind-spb.kuvalda.ru-766cff99f79845f2,product_page_or_listing,https://spb.kuvalda.ru/catalog/search/?keyword=%D0%B4%D1%80%D0%B5%D0%BB%D1%8C+%D0%BC%D0%B0%D0%BA%D0%B8%D1%82%D0%B0,True,stealth_renderer,дрель макита,,,766cff99f79845f2fab0ee65b94a3e64cae602e2e84a6cb0219939b0e1167a8d,1413621,False,spb.kuvalda.ru,https://spb.kuvalda.ru/catalog/search/?keyword=%D0%B4%D1%80%D0%B5%D0%BB%D1%8C+%D0%BC%D0%B0%D0%BA%D0%B8%D1%82%D0%B0,Распродажа в интернет-магазине Кувалда.ру Санкт-Петербург,False,spb.kuvalda.ru,run-none1,,,ok,45.16940000001341,,5208.981200000038,0.0,0.0,0.0,False,,,,empty,False,5208.868000000017,0.11320000002160668,HTML parse + extraction; shared across modes,0,0,0,,,,0,0,0,0,1,0.0,0.0,0.0,0.0,0.0,0.0,0.0,0.0,0.0
20261002T161451Z-d2eb76ee,industrial,original_fast_query,dind-spb.tara.ru-c058547a7f8a948e,html/spb.tara.ru-run-none1.html,,negative,True,0.0,0.0,0,0,0,1.0,0,0,0,0,0,0,0,0,0,industrial,html/spb.tara.ru-run-none1.html,spb.tara.ru-run-none1.html,run-none1,spb.tara.ru,D:\Pet_Codes\science\article-price-tracker\industrial\html\spb.tara.ru-run-none1.html,https://spb.tara.ru/catalog/,https://spb.tara.ru/catalog/,,,,raw_html,,c058547a7f8a948eb10d6be44160e5c000ddfaa262e5ab9ef80bf1098ee6e2c7,c058547a7f8a948eb10d6be44160e5c000ddfaa262e5ab9ef80bf1098ee6e2c7,D:\Job_Codes\PriceTracker\services\stealth-renderer\.artifacts\2026-05-13-sr-spb.tara.ru\1778652826973-3it0bc\page.html,False,2026-05-13-sr-spb.tara.ru\1778652826973-3it0bc\page.html,html/spb.tara.ru-run-none1.html,application_import,,2026-05-13T06:14:06.242Z,260712,False,True,,,False,,True,,0.0,dind-spb.tara.ru-c058547a7f8a948e,product_page_or_listing,https://spb.tara.ru/catalog/,True,stealth_renderer,,,,c058547a7f8a948eb10d6be44160e5c000ddfaa262e5ab9ef80bf1098ee6e2c7,278336,False,spb.tara.ru,https://spb.tara.ru/catalog/,Каталог тары от производителя в Санкт-Петербурге | ТАРУ.РУ,False,spb.tara.ru,run-none1,,,ok,13.432700000004843,,5357.895099999965,0.0,0.0,0.0,False,,,,empty,False,5357.888500000001,0.006599999964237213,HTML parse + extraction; shared across modes,0,0,0,,,,0,0,0,0,1,0.0,0.0,0.0,0.0,0.0,0.0,0.0,0.0,0.0
20261002T161451Z-d2eb76ee,industrial,original_fast_query,dind-spb.tara.ru-eb7917756d3e38ce,html/spb.tara.ru-run-none2.html,ящик,positive,True,20.0,19.0,19,1,0,1.0,19,0,1,19,0,1,19,0,0,industrial,html/spb.tara.ru-run-none2.html,spb.tara.ru-run-none2.html,run-none2,spb.tara.ru,D:\Pet_Codes\science\article-price-tracker\industrial\html\spb.tara.ru-run-none2.html,https://spb.tara.ru/catalog/?q=%D1%8F%D1%89%D0%B8%D0%BA&s=%D0%9D%D0%B0%D0%B9%D1%82%D0%B8,https://spb.tara.ru/catalog/?q=%D1%8F%D1%89%D0%B8%D0%BA&s=%D0%9D%D0%B0%D0%B9%D1%82%D0%B8,ящик,,,raw_html,,eb7917756d3e38ce80ba12eca4a1c1b24a98575d3c939fdb17bd24ba34f00e06,eb7917756d3e38ce80ba12eca4a1c1b24a98575d3c939fdb17bd24ba34f00e06,D:\Job_Codes\PriceTracker\services\stealth-renderer\.artifacts\2026-05-13-sr-spb.tara.ru\1778652853379-uldh63\page.html,False,2026-05-13-sr-spb.tara.ru\1778652853379-uldh63\page.html,html/spb.tara.ru-run-none2.html,application_import,,2026-05-13T06:14:35.710Z,809626,False,True,,,False,,True,,0.0,dind-spb.tara.ru-eb7917756d3e38ce,product_page_or_listing,https://spb.tara.ru/catalog/?q=%D1%8F%D1%89%D0%B8%D0%BA&s=%D0%9D%D0%B0%D0%B9%D1%82%D0%B8,True,stealth_renderer,ящик,,,eb7917756d3e38ce80ba12eca4a1c1b24a98575d3c939fdb17bd24ba34f00e06,840831,False,spb.tara.ru,https://spb.tara.ru/catalog/?q=%D1%8F%D1%89%D0%B8%D0%BA&s=%D0%9D%D0%B0%D0%B9%D1%82%D0%B8,Каталог тары от производителя в Санкт-Петербурге | ТАРУ.РУ,False,spb.tara.ru,run-none2,,,ok,14.377100000041537,,19018.122100000037,19.0,19.0,19.0,False,,,,ok,False,19016.702500000014,1.4196000000229105,HTML parse + extraction; shared across modes,19,1,0,1.0,0.0,0.0,0,1,0,0,0,1.0,0.95,0.9743589743589743,1.0,0.95,0.9743589743589743,1.0,1.0,1.0
20261002T161451Z-d2eb76ee,industrial,original_fast_query,dind-spb.tara.ru-b247ce637fbd5bab,html/spb.tara.ru-run-none3.html,,negative,True,0.0,0.0,0,0,0,1.0,0,0,0,0,0,0,0,0,0,industrial,html/spb.tara.ru-run-none3.html,spb.tara.ru-run-none3.html,run-none3,spb.tara.ru,D:\Pet_Codes\science\article-price-tracker\industrial\html\spb.tara.ru-run-none3.html,https://spb.tara.ru/catalog/,https://spb.tara.ru/catalog/,,,,raw_html,,b247ce637fbd5babb0691a2289407bc7198585d7f5f0687ca4a557b595c342d8,b247ce637fbd5babb0691a2289407bc7198585d7f5f0687ca4a557b595c342d8,D:\Job_Codes\PriceTracker\services\stealth-renderer\.artifacts\2026-05-13-sr-spb.tara.ru\1778653588528-t7mwd6\page.html,False,2026-05-13-sr-spb.tara.ru\1778653588528-t7mwd6\page.html,html/spb.tara.ru-run-none3.html,application_import,,2026-05-13T06:26:52.664Z,234349,False,True,,,False,,True,,0.0,dind-spb.tara.ru-b247ce637fbd5bab,product_page_or_listing,https://spb.tara.ru/catalog/,True,stealth_renderer,,,,b247ce637fbd5babb0691a2289407bc7198585d7f5f0687ca4a557b595c342d8,249678,False,spb.tara.ru,https://spb.tara.ru/catalog/,Акции,False,spb.tara.ru,run-none3,,,ok,13.253200000035577,,4305.1228999999585,0.0,0.0,0.0,False,,,,empty,False,4305.104500000016,0.01839999994263053,HTML parse + extraction; shared across modes,0,0,0,,,,0,0,0,0,1,0.0,0.0,0.0,0.0,0.0,0.0,0.0,0.0,0.0
20261002T161451Z-d2eb76ee,industrial,original_fast_query,dind-spb.tara.ru-a5b72707164fdaac,html/spb.tara.ru-run-none4.html,,negative,True,0.0,0.0,0,0,0,1.0,0,0,0,0,0,0,0,0,0,industrial,html/spb.tara.ru-run-none4.html,spb.tara.ru-run-none4.html,run-none4,spb.tara.ru,D:\Pet_Codes\science\article-price-tracker\industrial\html\spb.tara.ru-run-none4.html,https://spb.tara.ru/catalog/,https://spb.tara.ru/catalog/,,,,raw_html,,a5b72707164fdaac72dd264ada3897aea702fedfc717121724e9fc6a650b81a7,a5b72707164fdaac72dd264ada3897aea702fedfc717121724e9fc6a650b81a7,D:\Job_Codes\PriceTracker\services\stealth-renderer\.artifacts\2026-05-13-sr-spb.tara.ru\1778653658739-g46ghg\page.html,False,2026-05-13-sr-spb.tara.ru\1778653658739-g46ghg\page.html,html/spb.tara.ru-run-none4.html,application_import,,2026-05-13T06:28:06.843Z,240019,False,True,,,False,,True,,0.0,dind-spb.tara.ru-a5b72707164fdaac,product_page_or_listing,https://spb.tara.ru/catalog/,True,stealth_renderer,,,,a5b72707164fdaac72dd264ada3897aea702fedfc717121724e9fc6a650b81a7,257412,False,spb.tara.ru,https://spb.tara.ru/catalog/,Каталог тары от производителя в Санкт-Петербурге | ТАРУ.РУ,False,spb.tara.ru,run-none4,,,ok,12.351900000008754,,5307.697500000009,0.0,0.0,0.0,False,,,,empty,False,5307.682700000005,0.014800000004470348,HTML parse + extraction; shared across modes,0,0,0,,,,0,0,0,0,1,0.0,0.0,0.0,0.0,0.0,0.0,0.0,0.0,0.0
20261002T161451Z-d2eb76ee,industrial,original_fast_query,dind-spb.tara.ru-e38223cfffcc86d0,html/spb.tara.ru-run-none5.html,ящик,positive,True,20.0,19.0,19,1,0,1.0,19,0,1,19,0,1,19,0,0,industrial,html/spb.tara.ru-run-none5.html,spb.tara.ru-run-none5.html,run-none5,spb.tara.ru,D:\Pet_Codes\science\article-price-tracker\industrial\html\spb.tara.ru-run-none5.html,https://spb.tara.ru/catalog/?q=%D1%8F%D1%89%D0%B8%D0%BA&s=%D0%9D%D0%B0%D0%B9%D1%82%D0%B8,https://spb.tara.ru/catalog/?q=%D1%8F%D1%89%D0%B8%D0%BA&s=%D0%9D%D0%B0%D0%B9%D1%82%D0%B8,ящик,,,raw_html,,e38223cfffcc86d0d62aa29533ceba5a21ee2574c3c5d24bd5864f66e42aefbe,e38223cfffcc86d0d62aa29533ceba5a21ee2574c3c5d24bd5864f66e42aefbe,D:\Job_Codes\PriceTracker\services\stealth-renderer\.artifacts\2026-05-13-sr-spb.tara.ru\1778654219850-albc90\page.html,False,2026-05-13-sr-spb.tara.ru\1778654219850-albc90\page.html,html/spb.tara.ru-run-none5.html,application_import,,2026-05-13T06:37:26.554Z,809828,False,True,,,False,,True,,0.0,dind-spb.tara.ru-e38223cfffcc86d0,product_page_or_listing,https://spb.tara.ru/catalog/?q=%D1%8F%D1%89%D0%B8%D0%BA&s=%D0%9D%D0%B0%D0%B9%D1%82%D0%B8,True,stealth_renderer,ящик,,,e38223cfffcc86d0d62aa29533ceba5a21ee2574c3c5d24bd5864f66e42aefbe,841033,False,spb.tara.ru,https://spb.tara.ru/catalog/?q=%D1%8F%D1%89%D0%B8%D0%BA&s=%D0%9D%D0%B0%D0%B9%D1%82%D0%B8,Каталог тары от производителя в Санкт-Петербурге | ТАРУ.РУ,False,spb.tara.ru,run-none5,,,ok,13.660400000051595,,18795.429199999897,19.0,19.0,19.0,False,,,,ok,False,18794.00769999996,1.4214999999385327,HTML parse + extraction; shared across modes,19,1,0,1.0,0.0,0.0,0,1,0,0,0,1.0,0.95,0.9743589743589743,1.0,0.95,0.9743589743589743,1.0,1.0,1.0
20261002T161451Z-d2eb76ee,industrial,original_fast_query,dind-spb.tara.ru-6339f71a84c7fe3f,html/spb.tara.ru-run-none6.html,ящик,positive,True,20.0,19.0,19,1,0,1.0,19,0,1,19,0,1,19,0,0,industrial,html/spb.tara.ru-run-none6.html,spb.tara.ru-run-none6.html,run-none6,spb.tara.ru,D:\Pet_Codes\science\article-price-tracker\industrial\html\spb.tara.ru-run-none6.html,https://spb.tara.ru/catalog/?q=%D1%8F%D1%89%D0%B8%D0%BA&s=%D0%9D%D0%B0%D0%B9%D1%82%D0%B8,https://spb.tara.ru/catalog/?q=%D1%8F%D1%89%D0%B8%D0%BA&s=%D0%9D%D0%B0%D0%B9%D1%82%D0%B8,ящик,,,raw_html,,6339f71a84c7fe3f45621853cfbbb99b18198cb3de8cf90883a4e798e9ac5c64,6339f71a84c7fe3f45621853cfbbb99b18198cb3de8cf90883a4e798e9ac5c64,D:\Job_Codes\PriceTracker\services\stealth-renderer\.artifacts\2026-05-18-sr-spb.tara.ru\1779102113614-u4qszo\page.html,False,2026-05-18-sr-spb.tara.ru\1779102113614-u4qszo\page.html,html/spb.tara.ru-run-none6.html,application_import,,2026-05-18T11:02:27.144Z,1007734,False,True,,,False,,True,,0.0,dind-spb.tara.ru-6339f71a84c7fe3f,product_page_or_listing,https://spb.tara.ru/catalog/?q=%D1%8F%D1%89%D0%B8%D0%BA&s=%D0%9D%D0%B0%D0%B9%D1%82%D0%B8,True,stealth_renderer,ящик,,,6339f71a84c7fe3f45621853cfbbb99b18198cb3de8cf90883a4e798e9ac5c64,1038982,False,spb.tara.ru,https://spb.tara.ru/catalog/?q=%D1%8F%D1%89%D0%B8%D0%BA&s=%D0%9D%D0%B0%D0%B9%D1%82%D0%B8,Каталог тары от производителя в Санкт-Петербурге | ТАРУ.РУ,False,spb.tara.ru,run-none6,,,ok,14.353299999958836,,19138.55620000011,19.0,19.0,19.0,False,,,,ok,False,19137.13540000003,1.4208000000799075,HTML parse + extraction; shared across modes,19,1,0,1.0,0.0,0.0,0,1,0,0,0,1.0,0.95,0.9743589743589743,1.0,0.95,0.9743589743589743,1.0,1.0,1.0
20261002T161451Z-d2eb76ee,industrial,original_fast_query,dind-tara.ru-29a986a694d3d56c,html/tara.ru-run-08e7e74c.html,ящик,positive,True,20.0,19.0,19,1,0,1.0,19,0,1,19,0,1,19,0,0,industrial,html/tara.ru-run-08e7e74c.html,tara.ru-run-08e7e74c.html,run-08e7e74c,tara.ru,D:\Pet_Codes\science\article-price-tracker\industrial\html\tara.ru-run-08e7e74c.html,https://tara.ru,https://tara.ru,ящик,Санкт-Петербург,shared_live_search,raw_html,,29a986a694d3d56c7b548babadd1de7298accbf3fb3f8f2687482a5a84e75e51,29a986a694d3d56c7b548babadd1de7298accbf3fb3f8f2687482a5a84e75e51,D:\Job_Codes\PriceTracker\.artifacts\collection\run-08e7e74c\tara.ru.html,False,run-08e7e74c\tara.ru.html,html/tara.ru-run-08e7e74c.html,application_import,,2026-05-13T06:37:30.438880+00:00,810232,False,False,,,False,,True,Санкт-Петербург,,dind-tara.ru-29a986a694d3d56c,product_page_or_listing,https://tara.ru,True,collection_run,ящик,shared_live_search,run-08e7e74c,29a986a694d3d56c7b548babadd1de7298accbf3fb3f8f2687482a5a84e75e51,841437,False,tara.ru,https://tara.ru,Каталог тары от производителя в Санкт-Петербурге | ТАРУ.РУ,False,tara.ru,run-08e7e74c,Санкт-Петербург,shared_live_search,ok,14.34809999994468,,19175.043799999985,19.0,19.0,19.0,False,,,,ok,False,19173.60560000001,1.4381999999750406,HTML parse + extraction; shared across modes,19,1,0,1.0,0.0,0.0,0,1,0,0,0,1.0,0.95,0.9743589743589743,1.0,0.95,0.9743589743589743,1.0,1.0,1.0
20261002T161451Z-d2eb76ee,industrial,original_fast_query,dind-tara.ru-79d24cb7a3d97e32,html/tara.ru-run-26e00e9e.html,ящик,positive,True,20.0,19.0,19,1,0,1.0,19,0,1,19,0,1,19,0,0,industrial,html/tara.ru-run-26e00e9e.html,tara.ru-run-26e00e9e.html,run-26e00e9e,tara.ru,D:\Pet_Codes\science\article-price-tracker\industrial\html\tara.ru-run-26e00e9e.html,https://tara.ru,https://tara.ru,ящик,Санкт-Петербург,shared_live_search,raw_html,,79d24cb7a3d97e32fd4f3b5dd97aa28e20ece7f9e3e3e6f7556027891cf818bf,79d24cb7a3d97e32fd4f3b5dd97aa28e20ece7f9e3e3e6f7556027891cf818bf,D:\Job_Codes\PriceTracker\.artifacts\collection\run-26e00e9e\tara.ru.html,False,run-26e00e9e\tara.ru.html,html/tara.ru-run-26e00e9e.html,application_import,,2026-05-13T06:14:41.552099+00:00,810030,False,False,,,False,,True,Санкт-Петербург,,dind-tara.ru-79d24cb7a3d97e32,product_page_or_listing,https://tara.ru,True,collection_run,ящик,shared_live_search,run-26e00e9e,79d24cb7a3d97e32fd4f3b5dd97aa28e20ece7f9e3e3e6f7556027891cf818bf,841235,False,tara.ru,https://tara.ru,Каталог тары от производителя в Санкт-Петербурге | ТАРУ.РУ,False,tara.ru,run-26e00e9e,Санкт-Петербург,shared_live_search,ok,14.600199999986216,,18985.49549999996,19.0,19.0,19.0,False,,,,ok,False,18984.044999999925,1.4505000000353903,HTML parse + extraction; shared across modes,19,1,0,1.0,0.0,0.0,0,1,0,0,0,1.0,0.95,0.9743589743589743,1.0,0.95,0.9743589743589743,1.0,1.0,1.0
20261002T161451Z-d2eb76ee,industrial,original_fast_query,dind-tara.ru-5dd436ea3dedcde3,html/tara.ru-run-6b43fab8.html,ящик,negative,True,0.0,0.0,0,0,0,1.0,0,0,0,0,0,0,0,0,0,industrial,html/tara.ru-run-6b43fab8.html,tara.ru-run-6b43fab8.html,run-6b43fab8,tara.ru,D:\Pet_Codes\science\article-price-tracker\industrial\html\tara.ru-run-6b43fab8.html,https://tara.ru,https://tara.ru,ящик,Санкт-Петербург,shared_live_search,raw_html,,5dd436ea3dedcde3e66722e2976008cdbd13bebdfe55a07c9bc9fc5c74dae1cd,5dd436ea3dedcde3e66722e2976008cdbd13bebdfe55a07c9bc9fc5c74dae1cd,D:\Job_Codes\PriceTracker\.artifacts\collection\run-6b43fab8\tara.ru.html,False,run-6b43fab8\tara.ru.html,html/tara.ru-run-6b43fab8.html,application_import,,2026-05-13T06:28:09.631104+00:00,240341,False,False,,,False,,True,Санкт-Петербург,,dind-tara.ru-5dd436ea3dedcde3,product_page_or_listing,https://tara.ru,True,collection_run,ящик,shared_live_search,run-6b43fab8,5dd436ea3dedcde3e66722e2976008cdbd13bebdfe55a07c9bc9fc5c74dae1cd,257734,False,tara.ru,https://tara.ru,Каталог тары от производителя в Санкт-Петербурге | ТАРУ.РУ,False,tara.ru,run-6b43fab8,Санкт-Петербург,shared_live_search,ok,12.425300000002608,,5284.206000000006,0.0,0.0,0.0,False,,,,empty,False,5284.136900000041,0.06909999996423721,HTML parse + extraction; shared across modes,0,0,0,,,,0,0,0,0,1,0.0,0.0,0.0,0.0,0.0,0.0,0.0,0.0,0.0
20261002T161451Z-d2eb76ee,industrial,original_fast_query,dind-tara.ru-996aa6565fe64523,html/tara.ru-run-a9c88d00.html,ящик,negative,True,0.0,0.0,0,0,0,1.0,0,0,0,0,0,0,0,0,0,industrial,html/tara.ru-run-a9c88d00.html,tara.ru-run-a9c88d00.html,run-a9c88d00,tara.ru,D:\Pet_Codes\science\article-price-tracker\industrial\html\tara.ru-run-a9c88d00.html,https://tara.ru,https://tara.ru,ящик,Санкт-Петербург,shared_live_search,raw_html,,996aa6565fe64523588432a0307500a4c6c03d7052eb2e6f5cca9e8e46d59dfa,996aa6565fe64523588432a0307500a4c6c03d7052eb2e6f5cca9e8e46d59dfa,D:\Job_Codes\PriceTracker\.artifacts\collection\run-a9c88d00\tara.ru.html,False,run-a9c88d00\tara.ru.html,html/tara.ru-run-a9c88d00.html,application_import,,2026-05-13T06:26:55.647122+00:00,234671,False,False,,,False,,True,Санкт-Петербург,,dind-tara.ru-996aa6565fe64523,product_page_or_listing,https://tara.ru,True,collection_run,ящик,shared_live_search,run-a9c88d00,996aa6565fe64523588432a0307500a4c6c03d7052eb2e6f5cca9e8e46d59dfa,250000,False,tara.ru,https://tara.ru,Акции,False,tara.ru,run-a9c88d00,Санкт-Петербург,shared_live_search,ok,1.2730999999912456,,4309.532600000035,0.0,0.0,0.0,False,,,,empty,False,4309.446600000025,0.08600000001024455,HTML parse + extraction; shared across modes,0,0,0,,,,0,0,0,0,1,0.0,0.0,0.0,0.0,0.0,0.0,0.0,0.0,0.0
20261002T161451Z-d2eb76ee,industrial,original_fast_query,dind-vseinstrumenti.ru-f1a5402edd7ade81,html/vseinstrumenti.ru-run-8d52f5c4.html,безударная дрель,positive,True,40.0,11.0,11,29,0,1.0,11,0,29,11,0,29,11,0,29,industrial,html/vseinstrumenti.ru-run-8d52f5c4.html,vseinstrumenti.ru-run-8d52f5c4.html,run-8d52f5c4,vseinstrumenti.ru,D:\Pet_Codes\science\article-price-tracker\industrial\html\vseinstrumenti.ru-run-8d52f5c4.html,https://vseinstrumenti.ru,https://vseinstrumenti.ru,безударная дрель,Санкт-Петербург,shared_live_search,raw_html,,f1a5402edd7ade818367d4d30a7ebfb11dfadef19bbd818c2a678ebe848835fe,f1a5402edd7ade818367d4d30a7ebfb11dfadef19bbd818c2a678ebe848835fe,D:\Job_Codes\PriceTracker\.artifacts\collection\run-8d52f5c4\vseinstrumenti.ru.html,False,run-8d52f5c4\vseinstrumenti.ru.html,html/vseinstrumenti.ru-run-8d52f5c4.html,application_import,,2026-05-13T05:57:07.561459+00:00,561238,False,False,,,False,,True,Санкт-Петербург,,dind-vseinstrumenti.ru-f1a5402edd7ade81,product_page_or_listing,https://vseinstrumenti.ru,True,collection_run,безударная дрель,shared_live_search,run-8d52f5c4,f1a5402edd7ade818367d4d30a7ebfb11dfadef19bbd818c2a678ebe848835fe,587200,False,vseinstrumenti.ru,https://vseinstrumenti.ru,Безударные электрические дрели - купить сетевую дрель без удара по выгодной цене – интернет-магазин ВсеИнструменты.ру,False,vseinstrumenti.ru,run-8d52f5c4,Санкт-Петербург,shared_live_search,ok,13.813200000091456,,588.2144000000553,11.0,11.0,11.0,False,,,,ok,False,586.3606000000145,1.853800000040792,HTML parse + extraction; shared across modes,40,0,0,1.0,0.0,0.0,0,1,0,0,0,1.0,0.275,0.4313725490196079,1.0,0.275,0.4313725490196079,1.0,0.275,0.4313725490196079
20261002T161451Z-d2eb76ee,industrial,original_fast_query,dind-wildberries.ru-ef3f50265721d3c2,html/wildberries.ru-run-none1.html,новый практический курс китайского языка 3 издание,positive,True,39.0,0.0,0,39,0,0.0,0,0,39,0,0,39,0,0,39,industrial,html/wildberries.ru-run-none1.html,wildberries.ru-run-none1.html,run-none1,wildberries.ru,D:\Pet_Codes\science\article-price-tracker\industrial\html\wildberries.ru-run-none1.html,https://www.wildberries.ru/catalog/0/search.aspx?search=%D0%BD%D0%BE%D0%B2%D1%8B%D0%B9%20%D0%BF%D1%80%D0%B0%D0%BA%D1%82%D0%B8%D1%87%D0%B5%D1%81%D0%BA%D0%B8%D0%B9%20%D0%BA%D1%83%D1%80%D1%81%20%D0%BA%D0%B8%D1%82%D0%B0%D0%B9%D1%81%D0%BA%D0%BE%D0%B3%D0%BE%20%D1%8F%D0%B7%D1%8B%D0%BA%D0%B0%203%20%D0%B8%D0%B7%D0%B4%D0%B0%D0%BD%D0%B8%D0%B5,https://www.wildberries.ru/catalog/0/search.aspx?search=%D0%BD%D0%BE%D0%B2%D1%8B%D0%B9%20%D0%BF%D1%80%D0%B0%D0%BA%D1%82%D0%B8%D1%87%D0%B5%D1%81%D0%BA%D0%B8%D0%B9%20%D0%BA%D1%83%D1%80%D1%81%20%D0%BA%D0%B8%D1%82%D0%B0%D0%B9%D1%81%D0%BA%D0%BE%D0%B3%D0%BE%20%D1%8F%D0%B7%D1%8B%D0%BA%D0%B0%203%20%D0%B8%D0%B7%D0%B4%D0%B0%D0%BD%D0%B8%D0%B5,новый практический курс китайского языка 3 издание,,,raw_html,,ef3f50265721d3c21944644cbfe86fb36f113b35125a67b24abbd605dc6956e3,ef3f50265721d3c21944644cbfe86fb36f113b35125a67b24abbd605dc6956e3,D:\Job_Codes\PriceTracker\services\stealth-renderer\.artifacts\2026-05-04-sr-wildberries.ru\1777876303493-e3euf7\page.html,False,2026-05-04-sr-wildberries.ru\1777876303493-e3euf7\page.html,html/wildberries.ru-run-none1.html,application_import,,2026-05-04T06:32:01.621Z,1426973,False,True,,,False,,True,,0.0,dind-wildberries.ru-ef3f50265721d3c2,product_page_or_listing,https://www.wildberries.ru/catalog/0/search.aspx?search=%D0%BD%D0%BE%D0%B2%D1%8B%D0%B9%20%D0%BF%D1%80%D0%B0%D0%BA%D1%82%D0%B8%D1%87%D0%B5%D1%81%D0%BA%D0%B8%D0%B9%20%D0%BA%D1%83%D1%80%D1%81%20%D0%BA%D0%B8%D1%82%D0%B0%D0%B9%D1%81%D0%BA%D0%BE%D0%B3%D0%BE%20%D1%8F%D0%B7%D1%8B%D0%BA%D0%B0%203%20%D0%B8%D0%B7%D0%B4%D0%B0%D0%BD%D0%B8%D0%B5,True,stealth_renderer,новый практический курс китайского языка 3 издание,,,ef3f50265721d3c21944644cbfe86fb36f113b35125a67b24abbd605dc6956e3,1440842,False,wildberries.ru,https://www.wildberries.ru/catalog/0/search.aspx?search=%D0%BD%D0%BE%D0%B2%D1%8B%D0%B9%20%D0%BF%D1%80%D0%B0%D0%BA%D1%82%D0%B8%D1%87%D0%B5%D1%81%D0%BA%D0%B8%D0%B9%20%D0%BA%D1%83%D1%80%D1%81%20%D0%BA%D0%B8%D1%82%D0%B0%D0%B9%D1%81%D0%BA%D0%BE%D0%B3%D0%BE%20%D1%8F%D0%B7%D1%8B%D0%BA%D0%B0%203%20%D0%B8%D0%B7%D0%B4%D0%B0%D0%BD%D0%B8%D0%B5,Интернет‑магазин Wildberries: широкий ассортимент товаров - скидки каждый день!,False,wildberries.ru,run-none1,,,ok,14.710699999937788,,31648.678300000145,0.0,0.0,0.0,False,,,,ok,False,31648.373900000122,0.30440000002272427,HTML parse + extraction; shared across modes,39,0,0,,,,0,0,0,1,0,0.0,0.0,0.0,0.0,0.0,0.0,0.0,0.0,0.0
20261002T161451Z-d2eb76ee,industrial,original_fast_query,dind-wildberries.ru-70b945be0d4bf26a,html/wildberries.ru-run-none2.html,новый практический курс китайского языка 3 издание,negative,True,0.0,0.0,0,0,0,1.0,0,0,0,0,0,0,0,0,0,industrial,html/wildberries.ru-run-none2.html,wildberries.ru-run-none2.html,run-none2,wildberries.ru,D:\Pet_Codes\science\article-price-tracker\industrial\html\wildberries.ru-run-none2.html,https://www.wildberries.ru/catalog/0/search.aspx?search=%D0%BD%D0%BE%D0%B2%D1%8B%D0%B9%20%D0%BF%D1%80%D0%B0%D0%BA%D1%82%D0%B8%D1%87%D0%B5%D1%81%D0%BA%D0%B8%D0%B9%20%D0%BA%D1%83%D1%80%D1%81%20%D0%BA%D0%B8%D1%82%D0%B0%D0%B9%D1%81%D0%BA%D0%BE%D0%B3%D0%BE%20%D1%8F%D0%B7%D1%8B%D0%BA%D0%B0%203%20%D0%B8%D0%B7%D0%B4%D0%B0%D0%BD%D0%B8%D0%B5,https://www.wildberries.ru/catalog/0/search.aspx?search=%D0%BD%D0%BE%D0%B2%D1%8B%D0%B9%20%D0%BF%D1%80%D0%B0%D0%BA%D1%82%D0%B8%D1%87%D0%B5%D1%81%D0%BA%D0%B8%D0%B9%20%D0%BA%D1%83%D1%80%D1%81%20%D0%BA%D0%B8%D1%82%D0%B0%D0%B9%D1%81%D0%BA%D0%BE%D0%B3%D0%BE%20%D1%8F%D0%B7%D1%8B%D0%BA%D0%B0%203%20%D0%B8%D0%B7%D0%B4%D0%B0%D0%BD%D0%B8%D0%B5,новый практический курс китайского языка 3 издание,,,raw_html,,70b945be0d4bf26ade6cba4814887bbbb45f45c92a0b7fd571022b427605edba,70b945be0d4bf26ade6cba4814887bbbb45f45c92a0b7fd571022b427605edba,D:\Job_Codes\PriceTracker\services\stealth-renderer\.artifacts\2026-05-13-sr-wildberries.ru\1778670030191-mrfiik\page.html,False,2026-05-13-sr-wildberries.ru\1778670030191-mrfiik\page.html,html/wildberries.ru-run-none2.html,application_import,,2026-05-13T11:00:40.888Z,1307105,False,True,,,False,,True,,0.0,dind-wildberries.ru-70b945be0d4bf26a,product_page_or_listing,https://www.wildberries.ru/catalog/0/search.aspx?search=%D0%BD%D0%BE%D0%B2%D1%8B%D0%B9%20%D0%BF%D1%80%D0%B0%D0%BA%D1%82%D0%B8%D1%87%D0%B5%D1%81%D0%BA%D0%B8%D0%B9%20%D0%BA%D1%83%D1%80%D1%81%20%D0%BA%D0%B8%D1%82%D0%B0%D0%B9%D1%81%D0%BA%D0%BE%D0%B3%D0%BE%20%D1%8F%D0%B7%D1%8B%D0%BA%D0%B0%203%20%D0%B8%D0%B7%D0%B4%D0%B0%D0%BD%D0%B8%D0%B5,True,stealth_renderer,новый практический курс китайского языка 3 издание,,,70b945be0d4bf26ade6cba4814887bbbb45f45c92a0b7fd571022b427605edba,1311479,False,wildberries.ru,https://www.wildberries.ru/catalog/0/search.aspx?search=%D0%BD%D0%BE%D0%B2%D1%8B%D0%B9%20%D0%BF%D1%80%D0%B0%D0%BA%D1%82%D0%B8%D1%87%D0%B5%D1%81%D0%BA%D0%B8%D0%B9%20%D0%BA%D1%83%D1%80%D1%81%20%D0%BA%D0%B8%D1%82%D0%B0%D0%B9%D1%81%D0%BA%D0%BE%D0%B3%D0%BE%20%D1%8F%D0%B7%D1%8B%D0%BA%D0%B0%203%20%D0%B8%D0%B7%D0%B4%D0%B0%D0%BD%D0%B8%D0%B5,,False,wildberries.ru,run-none2,,,ok,2.781900000059977,,398.533800000092,0.0,0.0,0.0,False,,,,empty,False,398.3703000000678,0.1635000000242144,HTML parse + extraction; shared across modes,0,0,0,,,,0,0,0,0,1,0.0,0.0,0.0,0.0,0.0,0.0,0.0,0.0,0.0
20261002T161451Z-d2eb76ee,industrial,original_fast_query,dind-ximtek.ru-98dac1b01cd67510,html/ximtek.ru-run-none1.html,антисептик,positive,True,12.0,2.0,2,10,0,1.0,2,0,10,2,0,10,2,0,10,industrial,html/ximtek.ru-run-none1.html,ximtek.ru-run-none1.html,run-none1,ximtek.ru,D:\Pet_Codes\science\article-price-tracker\industrial\html\ximtek.ru-run-none1.html,https://ximtek.ru/katalog/?q=%D0%B0%D0%BD%D1%82%D0%B8%D1%81%D0%B5%D0%BF%D1%82%D0%B8%D0%BA,https://ximtek.ru/katalog/?q=%D0%B0%D0%BD%D1%82%D0%B8%D1%81%D0%B5%D0%BF%D1%82%D0%B8%D0%BA,антисептик,,,raw_html,,98dac1b01cd67510045c0bd520ec6be5e27da75fe33a96ab97ef693326079232,98dac1b01cd67510045c0bd520ec6be5e27da75fe33a96ab97ef693326079232,D:\Job_Codes\PriceTracker\services\stealth-renderer\.artifacts\2026-05-13-sr-ximtek.ru\1778655533352-jc0w83\page.html,False,2026-05-13-sr-ximtek.ru\1778655533352-jc0w83\page.html,html/ximtek.ru-run-none1.html,application_import,,2026-05-13T07:00:01.890Z,538862,False,True,,,False,,True,,0.0,dind-ximtek.ru-98dac1b01cd67510,product_page_or_listing,https://ximtek.ru/katalog/?q=%D0%B0%D0%BD%D1%82%D0%B8%D1%81%D0%B5%D0%BF%D1%82%D0%B8%D0%BA,True,stealth_renderer,антисептик,,,98dac1b01cd67510045c0bd520ec6be5e27da75fe33a96ab97ef693326079232,551561,False,ximtek.ru,https://ximtek.ru/katalog/?q=%D0%B0%D0%BD%D1%82%D0%B8%D1%81%D0%B5%D0%BF%D1%82%D0%B8%D0%BA,Каталог продукции Химтек,False,ximtek.ru,run-none1,,,ok,12.472700000042096,,2010.9034000001848,2.0,2.0,2.0,False,,,,ok,False,2010.3097000000998,0.5937000000849366,HTML parse + extraction; shared across modes,12,0,0,1.0,0.0,0.0,0,1,0,0,0,1.0,0.16666666666666666,0.2857142857142857,1.0,0.16666666666666666,0.2857142857142857,1.0,0.16666666666666666,0.2857142857142857
20261002T161451Z-d2eb76ee,industrial,original_fast_query,dind-ximtek.ru-f97bddb789d6b997,html/ximtek.ru-run-none2.html,антисептик,positive,True,12.0,2.0,2,10,0,1.0,2,0,10,2,0,10,2,0,10,industrial,html/ximtek.ru-run-none2.html,ximtek.ru-run-none2.html,run-none2,ximtek.ru,D:\Pet_Codes\science\article-price-tracker\industrial\html\ximtek.ru-run-none2.html,https://ximtek.ru/katalog/?q=%D0%B0%D0%BD%D1%82%D0%B8%D1%81%D0%B5%D0%BF%D1%82%D0%B8%D0%BA,https://ximtek.ru/katalog/?q=%D0%B0%D0%BD%D1%82%D0%B8%D1%81%D0%B5%D0%BF%D1%82%D0%B8%D0%BA,антисептик,,,raw_html,,f97bddb789d6b997421fffe1f66a02ff18d9b99bc64dcc99062a0d6d9d4c74a8,f97bddb789d6b997421fffe1f66a02ff18d9b99bc64dcc99062a0d6d9d4c74a8,D:\Job_Codes\PriceTracker\services\stealth-renderer\.artifacts\2026-05-13-sr-ximtek.ru\1778656071512-t2dmai\page.html,False,2026-05-13-sr-ximtek.ru\1778656071512-t2dmai\page.html,html/ximtek.ru-run-none2.html,application_import,,2026-05-13T07:08:51.949Z,538843,False,True,,,False,,True,,0.0,dind-ximtek.ru-f97bddb789d6b997,product_page_or_listing,https://ximtek.ru/katalog/?q=%D0%B0%D0%BD%D1%82%D0%B8%D1%81%D0%B5%D0%BF%D1%82%D0%B8%D0%BA,True,stealth_renderer,антисептик,,,f97bddb789d6b997421fffe1f66a02ff18d9b99bc64dcc99062a0d6d9d4c74a8,551542,False,ximtek.ru,https://ximtek.ru/katalog/?q=%D0%B0%D0%BD%D1%82%D0%B8%D1%81%D0%B5%D0%BF%D1%82%D0%B8%D0%BA,Каталог продукции Химтек,False,ximtek.ru,run-none2,,,ok,1.6186999999918044,,1845.2751000002027,2.0,2.0,2.0,False,,,,ok,False,1844.6672000000253,0.6079000001773238,HTML parse + extraction; shared across modes,12,0,0,1.0,0.0,0.0,0,1,0,0,0,1.0,0.16666666666666666,0.2857142857142857,1.0,0.16666666666666666,0.2857142857142857,1.0,0.16666666666666666,0.2857142857142857
20261002T161451Z-d2eb76ee,industrial,original_fast_query,dind-ximtek.ru-abe2b1a972996824,html/ximtek.ru-run-none3.html,антисептик,negative,True,0.0,0.0,0,0,0,1.0,0,0,0,0,0,0,0,0,0,industrial,html/ximtek.ru-run-none3.html,ximtek.ru-run-none3.html,run-none3,ximtek.ru,D:\Pet_Codes\science\article-price-tracker\industrial\html\ximtek.ru-run-none3.html,https://ximtek.ru/katalog/?q=%D0%B0%D0%BD%D1%82%D0%B8%D1%81%D0%B5%D0%BF%D1%82%D0%B8%D0%BA,https://ximtek.ru/katalog/?q=%D0%B0%D0%BD%D1%82%D0%B8%D1%81%D0%B5%D0%BF%D1%82%D0%B8%D0%BA,антисептик,,,raw_html,,abe2b1a972996824976ac686487c6f97c9f3f8037c821920b9586b8335cd5663,abe2b1a972996824976ac686487c6f97c9f3f8037c821920b9586b8335cd5663,D:\Job_Codes\PriceTracker\services\stealth-renderer\.artifacts\2026-05-18-sr-ximtek.ru\1779104043313-u1ep1s\page.html,False,2026-05-18-sr-ximtek.ru\1779104043313-u1ep1s\page.html,html/ximtek.ru-run-none3.html,application_import,,2026-05-18T11:34:29.464Z,431551,False,True,,ru_nothing_found,False,,True,,0.0,dind-ximtek.ru-abe2b1a972996824,empty_result,https://ximtek.ru/katalog/?q=%D0%B0%D0%BD%D1%82%D0%B8%D1%81%D0%B5%D0%BF%D1%82%D0%B8%D0%BA,False,stealth_renderer,антисептик,,,abe2b1a972996824976ac686487c6f97c9f3f8037c821920b9586b8335cd5663,441711,False,ximtek.ru,https://ximtek.ru/katalog/?q=%D0%B0%D0%BD%D1%82%D0%B8%D1%81%D0%B5%D0%BF%D1%82%D0%B8%D0%BA,Каталог продукции Химтек,False,ximtek.ru,run-none3,,,ok,12.6921999999322,,13.93460000003688,0.0,0.0,0.0,False,,,,blocked,False,13.849500000011176,0.0851000000257045,HTML parse + extraction; shared across modes,0,0,0,,,,0,0,0,0,1,0.0,0.0,0.0,0.0,0.0,0.0,0.0,0.0,0.0
20261002T161451Z-d2eb76ee,industrial,original_fast_query,dind-ximtek.ru-940ff623d7a49c34,html/ximtek.ru-run-none4.html,каска,negative,True,0.0,0.0,0,0,0,1.0,0,0,0,0,0,0,0,0,0,industrial,html/ximtek.ru-run-none4.html,ximtek.ru-run-none4.html,run-none4,ximtek.ru,D:\Pet_Codes\science\article-price-tracker\industrial\html\ximtek.ru-run-none4.html,https://ximtek.ru/katalog/?q=%D0%BA%D0%B0%D1%81%D0%BA%D0%B0,https://ximtek.ru/katalog/?q=%D0%BA%D0%B0%D1%81%D0%BA%D0%B0,каска,,,raw_html,,940ff623d7a49c34bf8d009576532d29e87634a388815d9740371a57ee3c162f,940ff623d7a49c34bf8d009576532d29e87634a388815d9740371a57ee3c162f,D:\Job_Codes\PriceTracker\services\stealth-renderer\.artifacts\2026-05-18-sr-ximtek.ru\1779104268902-d17zkt\page.html,False,2026-05-18-sr-ximtek.ru\1779104268902-d17zkt\page.html,html/ximtek.ru-run-none4.html,application_import,,2026-05-18T11:38:16.269Z,431048,False,True,,ru_nothing_found,False,,True,,0.0,dind-ximtek.ru-940ff623d7a49c34,empty_result,https://ximtek.ru/katalog/?q=%D0%BA%D0%B0%D1%81%D0%BA%D0%B0,False,stealth_renderer,каска,,,940ff623d7a49c34bf8d009576532d29e87634a388815d9740371a57ee3c162f,441193,False,ximtek.ru,https://ximtek.ru/katalog/?q=%D0%BA%D0%B0%D1%81%D0%BA%D0%B0,Каталог продукции Химтек,False,ximtek.ru,run-none4,,,ok,1.4570999999996275,,13.579399999929592,0.0,0.0,0.0,False,,,,blocked,False,13.487299999920651,0.0921000000089407,HTML parse + extraction; shared across modes,0,0,0,,,,0,0,0,0,1,0.0,0.0,0.0,0.0,0.0,0.0,0.0,0.0,0.0
20261002T161451Z-d2eb76ee,industrial,original_fast_query,dind-ximtek.ru-c35012c3b47572b1,html/ximtek.ru-run-60625fbe.html,антисептик,positive,True,12.0,2.0,2,10,0,1.0,2,0,10,2,0,10,2,0,10,industrial,html/ximtek.ru-run-60625fbe.html,ximtek.ru-run-60625fbe.html,run-60625fbe,ximtek.ru,D:\Pet_Codes\science\article-price-tracker\industrial\html\ximtek.ru-run-60625fbe.html,https://ximtek.ru,https://ximtek.ru,антисептик,Санкт-Петербург,shared_live_search,raw_html,,c35012c3b47572b1696ccd45b57c8a75a99f6362c23a1ee4bcadcfd63cea5229,c35012c3b47572b1696ccd45b57c8a75a99f6362c23a1ee4bcadcfd63cea5229,D:\Job_Codes\PriceTracker\.artifacts\collection\run-60625fbe\ximtek.ru.html,False,run-60625fbe\ximtek.ru.html,html/ximtek.ru-run-60625fbe.html,application_import,,2026-05-13T07:08:54.237475+00:00,541660,False,False,,,False,,True,Санкт-Петербург,,dind-ximtek.ru-c35012c3b47572b1,product_page_or_listing,https://ximtek.ru,True,collection_run,антисептик,shared_live_search,run-60625fbe,c35012c3b47572b1696ccd45b57c8a75a99f6362c23a1ee4bcadcfd63cea5229,554359,False,ximtek.ru,https://ximtek.ru,Каталог продукции Химтек,False,ximtek.ru,run-60625fbe,Санкт-Петербург,shared_live_search,ok,1.2538999998942018,,1840.402099999832,2.0,2.0,2.0,False,,,,ok,False,1839.8023999999277,0.59969999990426,HTML parse + extraction; shared across modes,12,0,0,1.0,0.0,0.0,0,1,0,0,0,1.0,0.16666666666666666,0.2857142857142857,1.0,0.16666666666666666,0.2857142857142857,1.0,0.16666666666666666,0.2857142857142857
20261002T161451Z-d2eb76ee,industrial,original_fast_query,dind-ximtek.ru-a6bdec3f9b446bd1,html/ximtek.ru-run-8572df63.html,антисептик,positive,True,12.0,2.0,2,10,0,1.0,2,0,10,2,0,10,2,0,10,industrial,html/ximtek.ru-run-8572df63.html,ximtek.ru-run-8572df63.html,run-8572df63,ximtek.ru,D:\Pet_Codes\science\article-price-tracker\industrial\html\ximtek.ru-run-8572df63.html,https://ximtek.ru,https://ximtek.ru,антисептик,Санкт-Петербург,shared_live_search,raw_html,,a6bdec3f9b446bd1d9a11f4d4e38363e6e82d20fc5b2e9c340c8fdd812c939da,a6bdec3f9b446bd1d9a11f4d4e38363e6e82d20fc5b2e9c340c8fdd812c939da,D:\Job_Codes\PriceTracker\.artifacts\collection\run-8572df63\ximtek.ru.html,False,run-8572df63\ximtek.ru.html,html/ximtek.ru-run-8572df63.html,application_import,,2026-05-13T07:00:04.627454+00:00,541679,False,False,,,False,,True,Санкт-Петербург,,dind-ximtek.ru-a6bdec3f9b446bd1,product_page_or_listing,https://ximtek.ru,True,collection_run,антисептик,shared_live_search,run-8572df63,a6bdec3f9b446bd1d9a11f4d4e38363e6e82d20fc5b2e9c340c8fdd812c939da,554378,False,ximtek.ru,https://ximtek.ru,Каталог продукции Химтек,False,ximtek.ru,run-8572df63,Санкт-Петербург,shared_live_search,ok,13.474500000011176,,1975.127199999988,2.0,2.0,2.0,False,,,,ok,False,1974.534400000004,0.5927999999839813,HTML parse + extraction; shared across modes,12,0,0,1.0,0.0,0.0,0,1,0,0,0,1.0,0.16666666666666666,0.2857142857142857,1.0,0.16666666666666666,0.2857142857142857,1.0,0.16666666666666666,0.2857142857142857
20261002T161451Z-d2eb76ee,industrial,original_fast_query,dind-xn----7sbbnaebi2cxajxwo0b.xn--p1ai-20db32191ce1e849,html/xn----7sbbnaebi2cxajxwo0b.xn--p1ai-run-none1.html,каска,positive,True,106.0,102.0,102,4,0,1.0,102,0,4,102,0,4,102,0,4,industrial,html/xn----7sbbnaebi2cxajxwo0b.xn--p1ai-run-none1.html,xn----7sbbnaebi2cxajxwo0b.xn--p1ai-run-none1.html,run-none1,xn----7sbbnaebi2cxajxwo0b.xn--p1ai,D:\Pet_Codes\science\article-price-tracker\industrial\html\xn----7sbbnaebi2cxajxwo0b.xn--p1ai-run-none1.html,https://xn----7sbbnaebi2cxajxwo0b.xn--p1ai/search/?query=%D0%BA%D0%B0%D1%81%D0%BA%D0%B0,https://xn----7sbbnaebi2cxajxwo0b.xn--p1ai/search/?query=%D0%BA%D0%B0%D1%81%D0%BA%D0%B0,каска,,,raw_html,,20db32191ce1e849ebda03bd800cf81b6a63725b3be17ab8038082da8f51fb02,20db32191ce1e849ebda03bd800cf81b6a63725b3be17ab8038082da8f51fb02,D:\Job_Codes\PriceTracker\services\stealth-renderer\.artifacts\2026-05-13-sr-xn----7sbbnaebi2cxajxwo0b.xn--p1ai\1778656556508-yk8lvs\page.html,False,2026-05-13-sr-xn----7sbbnaebi2cxajxwo0b.xn--p1ai\1778656556508-yk8lvs\page.html,html/xn----7sbbnaebi2cxajxwo0b.xn--p1ai-run-none1.html,application_import,,2026-05-13T07:16:27.564Z,121121,False,True,,,False,,True,,0.0,dind-xn----7sbbnaebi2cxajxwo0b.xn--p1ai-20db32191ce1e849,product_page_or_listing,https://xn----7sbbnaebi2cxajxwo0b.xn--p1ai/search/?query=%D0%BA%D0%B0%D1%81%D0%BA%D0%B0,True,stealth_renderer,каска,,,20db32191ce1e849ebda03bd800cf81b6a63725b3be17ab8038082da8f51fb02,127464,False,xn----7sbbnaebi2cxajxwo0b.xn--p1ai,https://xn----7sbbnaebi2cxajxwo0b.xn--p1ai/search/?query=%D0%BA%D0%B0%D1%81%D0%BA%D0%B0,Результаты поиска,False,xn----7sbbnaebi2cxajxwo0b.xn--p1ai,run-none1,,,ok,1.0320999999530613,,117.03129999991506,102.0,102.0,102.0,False,,,,ok,False,108.96659999992698,8.064699999988079,HTML parse + extraction; shared across modes,106,0,0,1.0,0.0,0.0,0,1,0,0,0,1.0,0.9622641509433962,0.9807692307692307,1.0,0.9622641509433962,0.9807692307692307,1.0,0.9622641509433962,0.9807692307692307
20261002T161451Z-d2eb76ee,industrial,original_fast_query,dind-xn----7sbbnaebi2cxajxwo0b.xn--p1ai-fa2a381a67d4ba03,html/xn----7sbbnaebi2cxajxwo0b.xn--p1ai-run-none2.html,каска защитная,positive,True,102.0,102.0,102,0,0,1.0,102,0,0,102,0,0,102,0,0,industrial,html/xn----7sbbnaebi2cxajxwo0b.xn--p1ai-run-none2.html,xn----7sbbnaebi2cxajxwo0b.xn--p1ai-run-none2.html,run-none2,xn----7sbbnaebi2cxajxwo0b.xn--p1ai,D:\Pet_Codes\science\article-price-tracker\industrial\html\xn----7sbbnaebi2cxajxwo0b.xn--p1ai-run-none2.html,https://xn----7sbbnaebi2cxajxwo0b.xn--p1ai/search/?query=%D0%BA%D0%B0%D1%81%D0%BA%D0%B0+%D0%B7%D0%B0%D1%89%D0%B8%D1%82%D0%BD%D0%B0%D1%8F,https://xn----7sbbnaebi2cxajxwo0b.xn--p1ai/search/?query=%D0%BA%D0%B0%D1%81%D0%BA%D0%B0+%D0%B7%D0%B0%D1%89%D0%B8%D1%82%D0%BD%D0%B0%D1%8F,каска защитная,,,raw_html,,fa2a381a67d4ba038a8673654f545cc93d9c0a3a7aa0414982c8a6a216d5d033,fa2a381a67d4ba038a8673654f545cc93d9c0a3a7aa0414982c8a6a216d5d033,D:\Job_Codes\PriceTracker\services\stealth-renderer\.artifacts\2026-05-13-sr-xn----7sbbnaebi2cxajxwo0b.xn--p1ai\1778657518910-ai290i\page.html,False,2026-05-13-sr-xn----7sbbnaebi2cxajxwo0b.xn--p1ai\1778657518910-ai290i\page.html,html/xn----7sbbnaebi2cxajxwo0b.xn--p1ai-run-none2.html,application_import,,2026-05-13T07:32:27.700Z,117897,False,True,,,False,,True,,0.0,dind-xn----7sbbnaebi2cxajxwo0b.xn--p1ai-fa2a381a67d4ba03,product_page_or_listing,https://xn----7sbbnaebi2cxajxwo0b.xn--p1ai/search/?query=%D0%BA%D0%B0%D1%81%D0%BA%D0%B0+%D0%B7%D0%B0%D1%89%D0%B8%D1%82%D0%BD%D0%B0%D1%8F,True,stealth_renderer,каска защитная,,,fa2a381a67d4ba038a8673654f545cc93d9c0a3a7aa0414982c8a6a216d5d033,124060,False,xn----7sbbnaebi2cxajxwo0b.xn--p1ai,https://xn----7sbbnaebi2cxajxwo0b.xn--p1ai/search/?query=%D0%BA%D0%B0%D1%81%D0%BA%D0%B0+%D0%B7%D0%B0%D1%89%D0%B8%D1%82%D0%BD%D0%B0%D1%8F,Результаты поиска,False,xn----7sbbnaebi2cxajxwo0b.xn--p1ai,run-none2,,,ok,1.1090000001713634,,109.60139999981038,102.0,102.0,102.0,False,,,,ok,False,102.90039999992587,6.700999999884516,HTML parse + extraction; shared across modes,102,0,0,1.0,0.0,0.0,0,1,0,0,0,1.0,1.0,1.0,1.0,1.0,1.0,1.0,1.0,1.0
20261002T161451Z-d2eb76ee,industrial,original_fast_query,dind-xn----7sbbnaebi2cxajxwo0b.xn--p1ai-a714f745fc2dada6,html/xn----7sbbnaebi2cxajxwo0b.xn--p1ai-run-none3.html,каска,positive,True,106.0,102.0,102,4,0,1.0,102,0,4,102,0,4,102,0,4,industrial,html/xn----7sbbnaebi2cxajxwo0b.xn--p1ai-run-none3.html,xn----7sbbnaebi2cxajxwo0b.xn--p1ai-run-none3.html,run-none3,xn----7sbbnaebi2cxajxwo0b.xn--p1ai,D:\Pet_Codes\science\article-price-tracker\industrial\html\xn----7sbbnaebi2cxajxwo0b.xn--p1ai-run-none3.html,https://xn----7sbbnaebi2cxajxwo0b.xn--p1ai/search/?query=%D0%BA%D0%B0%D1%81%D0%BA%D0%B0,https://xn----7sbbnaebi2cxajxwo0b.xn--p1ai/search/?query=%D0%BA%D0%B0%D1%81%D0%BA%D0%B0,каска,,,raw_html,,a714f745fc2dada61f3444f9433437bc007f030eed3ccf6189f4f7977141a948,a714f745fc2dada61f3444f9433437bc007f030eed3ccf6189f4f7977141a948,D:\Job_Codes\PriceTracker\services\stealth-renderer\.artifacts\2026-05-18-sr-xn----7sbbnaebi2cxajxwo0b.xn--p1ai\1779104438537-4e3477\page.html,False,2026-05-18-sr-xn----7sbbnaebi2cxajxwo0b.xn--p1ai\1779104438537-4e3477\page.html,html/xn----7sbbnaebi2cxajxwo0b.xn--p1ai-run-none3.html,application_import,,2026-05-18T11:40:57.020Z,121121,False,True,,,False,,True,,0.0,dind-xn----7sbbnaebi2cxajxwo0b.xn--p1ai-a714f745fc2dada6,product_page_or_listing,https://xn----7sbbnaebi2cxajxwo0b.xn--p1ai/search/?query=%D0%BA%D0%B0%D1%81%D0%BA%D0%B0,True,stealth_renderer,каска,,,a714f745fc2dada61f3444f9433437bc007f030eed3ccf6189f4f7977141a948,127464,False,xn----7sbbnaebi2cxajxwo0b.xn--p1ai,https://xn----7sbbnaebi2cxajxwo0b.xn--p1ai/search/?query=%D0%BA%D0%B0%D1%81%D0%BA%D0%B0,Результаты поиска,False,xn----7sbbnaebi2cxajxwo0b.xn--p1ai,run-none3,,,ok,1.13440000009723,,113.72889999998733,102.0,102.0,102.0,False,,,,ok,False,106.85019999998622,6.878700000001118,HTML parse + extraction; shared across modes,106,0,0,1.0,0.0,0.0,0,1,0,0,0,1.0,0.9622641509433962,0.9807692307692307,1.0,0.9622641509433962,0.9807692307692307,1.0,0.9622641509433962,0.9807692307692307
20261002T161451Z-d2eb76ee,industrial,original_fast_query,dind-.-e142c05b90bdf168,html/unknown-run-7839236e.html,каска защитная,positive,True,102.0,102.0,0,102,102,1.0,0,102,102,0,102,102,0,102,102,industrial,html/unknown-run-7839236e.html,unknown-run-7839236e.html,run-7839236e,спецодежда-тула.рф,D:\Pet_Codes\science\article-price-tracker\industrial\html\unknown-run-7839236e.html,https://спецодежда-тула.рф,https://спецодежда-тула.рф,каска защитная,Санкт-Петербург,shared_live_search,raw_html,,e142c05b90bdf168fa488be6bff17a2adf9f773d95f3a9c9c670a56ba6f1b4f2,e142c05b90bdf168fa488be6bff17a2adf9f773d95f3a9c9c670a56ba6f1b4f2,D:\Job_Codes\PriceTracker\.artifacts\collection\run-7839236e\спецодежда-тула.рф.html,False,run-7839236e\спецодежда-тула.рф.html,html/unknown-run-7839236e.html,application_import,,2026-05-13T07:32:29.786414+00:00,119322,False,False,,,False,,True,Санкт-Петербург,,dind-.-e142c05b90bdf168,product_page_or_listing,https://спецодежда-тула.рф,True,collection_run,каска защитная,shared_live_search,run-7839236e,e142c05b90bdf168fa488be6bff17a2adf9f773d95f3a9c9c670a56ba6f1b4f2,125485,False,спецодежда-тула.рф,https://спецодежда-тула.рф,Результаты поиска,False,спецодежда-тула.рф,run-7839236e,Санкт-Петербург,shared_live_search,ok,1.0420999999623746,,108.10859999991953,102.0,102.0,102.0,False,,,,ok,False,101.16940000001341,6.939199999906123,HTML parse + extraction; shared across modes,102,0,0,,,,0,1,0,0,0,0.0,0.0,0.0,0.0,0.0,0.0,0.0,0.0,0.0
20261002T161451Z-d2eb76ee,industrial,original_fast_query,dind-.-1c84d53a2c5b20ea,html/unknown-run-af7893e6.html,каска,positive,True,106.0,102.0,0,106,102,1.0,0,102,106,0,102,106,0,102,106,industrial,html/unknown-run-af7893e6.html,unknown-run-af7893e6.html,run-af7893e6,спецодежда-тула.рф,D:\Pet_Codes\science\article-price-tracker\industrial\html\unknown-run-af7893e6.html,https://спецодежда-тула.рф,https://спецодежда-тула.рф,каска,Санкт-Петербург,shared_live_search,raw_html,,1c84d53a2c5b20ea468180478a071aa46d0aaf9bf32e1b1f93b77a7d3fe9bf83,1c84d53a2c5b20ea468180478a071aa46d0aaf9bf32e1b1f93b77a7d3fe9bf83,D:\Job_Codes\PriceTracker\.artifacts\collection\run-af7893e6\спецодежда-тула.рф.html,False,run-af7893e6\спецодежда-тула.рф.html,html/unknown-run-af7893e6.html,application_import,,2026-05-13T07:23:44.243284+00:00,122582,False,False,,,False,,True,Санкт-Петербург,,dind-.-1c84d53a2c5b20ea,product_page_or_listing,https://спецодежда-тула.рф,True,collection_run,каска,shared_live_search,run-af7893e6,1c84d53a2c5b20ea468180478a071aa46d0aaf9bf32e1b1f93b77a7d3fe9bf83,128925,False,спецодежда-тула.рф,https://спецодежда-тула.рф,Результаты поиска,False,спецодежда-тула.рф,run-af7893e6,Санкт-Петербург,shared_live_search,ok,1.1972000000532717,,113.58990000002086,102.0,102.0,102.0,False,,,,ok,False,106.69989999989048,6.890000000130385,HTML parse + extraction; shared across modes,106,0,0,,,,0,1,0,0,0,0.0,0.0,0.0,0.0,0.0,0.0,0.0,0.0,0.0
