benchmark_run_id,dataset,variant,page_id,html_key,html_file,source,extraction_status,skip_reason,html_read_ms,html_parse_ms,extract_ms,candidate_count,deduplicated_count,returned_count,candidate_limit_hit,error_type,error_message,error_traceback,original_status,replay_cached,shared_extraction_ms,query_filter_ms,timing_scope
20261002T161451Z-d2eb76ee,industrial,original_fast,dind-bigam.ru-4c31321224ca0dfb,bigam.ru-run-070e415b.html,html/bigam.ru-run-070e415b.html,bigam.ru,ok,,1.1998999999999853,,9003.0419,36.0,36.0,36.0,False,,,,ok,False,9003.0419,21.509299999999712,HTML parse + extraction; shared across modes
20261002T161451Z-d2eb76ee,industrial,original_fast_query,dind-bigam.ru-4c31321224ca0dfb,bigam.ru-run-070e415b.html,html/bigam.ru-run-070e415b.html,bigam.ru,ok,,1.1998999999999853,,9024.5512,8.0,8.0,8.0,False,,,,ok,False,9003.0419,21.509299999999712,HTML parse + extraction; shared across modes
20261002T161451Z-d2eb76ee,industrial,original_fast,dind-bigam.ru-f2294a326cfcba05,bigam.ru-run-1a7ee5bc.html,html/bigam.ru-run-1a7ee5bc.html,bigam.ru,ok,,0.9326999999993859,,4712.1855,37.0,37.0,37.0,False,,,,ok,False,4712.1855,3.9624000000003434,HTML parse + extraction; shared across modes
20261002T161451Z-d2eb76ee,industrial,original_fast_query,dind-bigam.ru-f2294a326cfcba05,bigam.ru-run-1a7ee5bc.html,html/bigam.ru-run-1a7ee5bc.html,bigam.ru,ok,,0.9326999999993859,,4716.1479,7.0,7.0,7.0,False,,,,ok,False,4712.1855,3.9624000000003434,HTML parse + extraction; shared across modes
20261002T161451Z-d2eb76ee,industrial,original_fast,dind-bigam.ru-053b5e451a07d93b,bigam.ru-run-25730645.html,html/bigam.ru-run-25730645.html,bigam.ru,ok,,1.0676000000003114,,4540.0713,37.0,37.0,37.0,False,,,,ok,False,4540.0713,3.6765999999988708,HTML parse + extraction; shared across modes
20261002T161451Z-d2eb76ee,industrial,original_fast_query,dind-bigam.ru-053b5e451a07d93b,bigam.ru-run-25730645.html,html/bigam.ru-run-25730645.html,bigam.ru,ok,,1.0676000000003114,,4543.7478999999985,7.0,7.0,7.0,False,,,,ok,False,4540.0713,3.6765999999988708,HTML parse + extraction; shared across modes
20261002T161451Z-d2eb76ee,industrial,original_fast,dind-bigam.ru-a17e0c3e4a6faaf2,bigam.ru-run-401e5667.html,html/bigam.ru-run-401e5667.html,bigam.ru,ok,,0.8051999999988766,,4438.647399999998,37.0,37.0,37.0,False,,,,ok,False,4438.647399999998,3.6942000000017288,HTML parse + extraction; shared across modes
20261002T161451Z-d2eb76ee,industrial,original_fast_query,dind-bigam.ru-a17e0c3e4a6faaf2,bigam.ru-run-401e5667.html,html/bigam.ru-run-401e5667.html,bigam.ru,ok,,0.8051999999988766,,4442.3416,7.0,7.0,7.0,False,,,,ok,False,4438.647399999998,3.6942000000017288,HTML parse + extraction; shared across modes
20261002T161451Z-d2eb76ee,industrial,original_fast,dind-bigam.ru-c6cf7468e0715e1f,bigam.ru-run-4671429e.html,html/bigam.ru-run-4671429e.html,bigam.ru,ok,,0.8371000000006461,,3581.0129000000015,32.0,32.0,32.0,False,,,,ok,False,3581.0129000000015,4.196599999999307,HTML parse + extraction; shared across modes
20261002T161451Z-d2eb76ee,industrial,original_fast_query,dind-bigam.ru-c6cf7468e0715e1f,bigam.ru-run-4671429e.html,html/bigam.ru-run-4671429e.html,bigam.ru,ok,,0.8371000000006461,,3585.209500000001,0.0,0.0,0.0,False,,,,ok,False,3581.0129000000015,4.196599999999307,HTML parse + extraction; shared across modes
20261002T161451Z-d2eb76ee,industrial,original_fast,dind-bigam.ru-d64d3122a4ac0d62,bigam.ru-run-4d6dca4d.html,html/bigam.ru-run-4d6dca4d.html,bigam.ru,ok,,0.9048000000002503,,4855.1119,37.0,37.0,37.0,False,,,,ok,False,4855.1119,3.745100000000093,HTML parse + extraction; shared across modes
20261002T161451Z-d2eb76ee,industrial,original_fast_query,dind-bigam.ru-d64d3122a4ac0d62,bigam.ru-run-4d6dca4d.html,html/bigam.ru-run-4d6dca4d.html,bigam.ru,ok,,0.9048000000002503,,4858.857,7.0,7.0,7.0,False,,,,ok,False,4855.1119,3.745100000000093,HTML parse + extraction; shared across modes
20261002T161451Z-d2eb76ee,industrial,original_fast,dind-bigam.ru-9d6f5f15a221a4b8,bigam.ru-run-5ce6eea7.html,html/bigam.ru-run-5ce6eea7.html,bigam.ru,ok,,1.3240000000005239,,3621.296599999998,17.0,17.0,17.0,False,,,,ok,False,3621.296599999998,1.8867000000027474,HTML parse + extraction; shared across modes
20261002T161451Z-d2eb76ee,industrial,original_fast_query,dind-bigam.ru-9d6f5f15a221a4b8,bigam.ru-run-5ce6eea7.html,html/bigam.ru-run-5ce6eea7.html,bigam.ru,ok,,1.3240000000005239,,3623.1833000000006,0.0,0.0,0.0,False,,,,ok,False,3621.296599999998,1.8867000000027474,HTML parse + extraction; shared across modes
20261002T161451Z-d2eb76ee,industrial,original_fast,dind-bigam.ru-0b40accb7c68a78f,bigam.ru-run-8ce98d27.html,html/bigam.ru-run-8ce98d27.html,bigam.ru,ok,,1.5829000000012456,,4073.012999999999,37.0,37.0,37.0,False,,,,ok,False,4073.012999999999,4.877999999996973,HTML parse + extraction; shared across modes
20261002T161451Z-d2eb76ee,industrial,original_fast_query,dind-bigam.ru-0b40accb7c68a78f,bigam.ru-run-8ce98d27.html,html/bigam.ru-run-8ce98d27.html,bigam.ru,ok,,1.5829000000012456,,4077.890999999996,7.0,7.0,7.0,False,,,,ok,False,4073.012999999999,4.877999999996973,HTML parse + extraction; shared across modes
20261002T161451Z-d2eb76ee,industrial,original_fast,dind-bigam.ru-924b98be2f260451,bigam.ru-run-a4614cf8.html,html/bigam.ru-run-a4614cf8.html,bigam.ru,ok,,12.769099999997707,,3902.9372000000003,37.0,37.0,37.0,False,,,,ok,False,3902.9372000000003,3.3201999999946565,HTML parse + extraction; shared across modes
20261002T161451Z-d2eb76ee,industrial,original_fast_query,dind-bigam.ru-924b98be2f260451,bigam.ru-run-a4614cf8.html,html/bigam.ru-run-a4614cf8.html,bigam.ru,ok,,12.769099999997707,,3906.257399999995,2.0,2.0,2.0,False,,,,ok,False,3902.9372000000003,3.3201999999946565,HTML parse + extraction; shared across modes
20261002T161451Z-d2eb76ee,industrial,original_fast,dind-bigam.ru-28741ad7ac8f3e85,bigam.ru-run-c32f0a7d.html,html/bigam.ru-run-c32f0a7d.html,bigam.ru,ok,,1.7654999999940628,,3991.681399999994,37.0,37.0,37.0,False,,,,ok,False,3991.681399999994,3.13810000000376,HTML parse + extraction; shared across modes
20261002T161451Z-d2eb76ee,industrial,original_fast_query,dind-bigam.ru-28741ad7ac8f3e85,bigam.ru-run-c32f0a7d.html,html/bigam.ru-run-c32f0a7d.html,bigam.ru,ok,,1.7654999999940628,,3994.819499999998,9.0,9.0,9.0,False,,,,ok,False,3991.681399999994,3.13810000000376,HTML parse + extraction; shared across modes
20261002T161451Z-d2eb76ee,industrial,original_fast,dind-bigam.ru-f9a11490fa2ea0fe,bigam.ru-run-d479cc88.html,html/bigam.ru-run-d479cc88.html,bigam.ru,ok,,1.7793000000019674,,4007.349200000004,37.0,37.0,37.0,False,,,,ok,False,4007.349200000004,2.7217000000018743,HTML parse + extraction; shared across modes
20261002T161451Z-d2eb76ee,industrial,original_fast_query,dind-bigam.ru-f9a11490fa2ea0fe,bigam.ru-run-d479cc88.html,html/bigam.ru-run-d479cc88.html,bigam.ru,ok,,1.7793000000019674,,4010.070900000006,7.0,7.0,7.0,False,,,,ok,False,4007.349200000004,2.7217000000018743,HTML parse + extraction; shared across modes
20261002T161451Z-d2eb76ee,industrial,original_fast,dind-bigam.ru-06af9e1233a99d5f,bigam.ru-run-e6a01e2a.html,html/bigam.ru-run-e6a01e2a.html,bigam.ru,ok,,1.5987999999997555,,4013.1204999999973,37.0,37.0,37.0,False,,,,ok,False,4013.1204999999973,3.5385999999998603,HTML parse + extraction; shared across modes
20261002T161451Z-d2eb76ee,industrial,original_fast_query,dind-bigam.ru-06af9e1233a99d5f,bigam.ru-run-e6a01e2a.html,html/bigam.ru-run-e6a01e2a.html,bigam.ru,ok,,1.5987999999997555,,4016.659099999997,7.0,7.0,7.0,False,,,,ok,False,4013.1204999999973,3.5385999999998603,HTML parse + extraction; shared across modes
20261002T161451Z-d2eb76ee,industrial,original_fast,dind-bigam.ru-989575fef6752559,bigam.ru-run-f440dfcf.html,html/bigam.ru-run-f440dfcf.html,bigam.ru,ok,,1.5263000000049942,,8608.229,36.0,36.0,36.0,False,,,,ok,False,8608.229,3.3438999999998487,HTML parse + extraction; shared across modes
20261002T161451Z-d2eb76ee,industrial,original_fast_query,dind-bigam.ru-989575fef6752559,bigam.ru-run-f440dfcf.html,html/bigam.ru-run-f440dfcf.html,bigam.ru,ok,,1.5263000000049942,,8611.5729,8.0,8.0,8.0,False,,,,ok,False,8608.229,3.3438999999998487,HTML parse + extraction; shared across modes
20261002T161451Z-d2eb76ee,industrial,original_fast,dind-chipdip.ru-4f407af0c36f72b6,chipdip.ru-run-none1.html,html/chipdip.ru-run-none1.html,chipdip.ru,ok,,0.9078000000008615,,6271.954299999998,25.0,25.0,25.0,False,,,,ok,False,6271.954299999998,2.2079999999987194,HTML parse + extraction; shared across modes
20261002T161451Z-d2eb76ee,industrial,original_fast_query,dind-chipdip.ru-4f407af0c36f72b6,chipdip.ru-run-none1.html,html/chipdip.ru-run-none1.html,chipdip.ru,ok,,0.9078000000008615,,6274.162299999996,8.0,8.0,8.0,False,,,,ok,False,6271.954299999998,2.2079999999987194,HTML parse + extraction; shared across modes
20261002T161451Z-d2eb76ee,industrial,original_fast,dind-chipdip.ru-ac550c02e68937ba,chipdip.ru-run-4d6dca4d.html,html/chipdip.ru-run-4d6dca4d.html,chipdip.ru,ok,,12.206300000005285,,2041.6165000000037,21.0,21.0,21.0,False,,,,ok,False,2041.6165000000037,2.0534000000043306,HTML parse + extraction; shared across modes
20261002T161451Z-d2eb76ee,industrial,original_fast_query,dind-chipdip.ru-ac550c02e68937ba,chipdip.ru-run-4d6dca4d.html,html/chipdip.ru-run-4d6dca4d.html,chipdip.ru,ok,,12.206300000005285,,2043.669900000008,10.0,10.0,10.0,False,,,,ok,False,2041.6165000000037,2.0534000000043306,HTML parse + extraction; shared across modes
20261002T161451Z-d2eb76ee,industrial,original_fast,dind-chipdip.ru-abf1baaa6803c0b8,chipdip.ru-run-8f5bbe64.html,html/chipdip.ru-run-8f5bbe64.html,chipdip.ru,ok,,0.8578999999881489,,2033.3755999999994,21.0,21.0,21.0,False,,,,ok,False,2033.3755999999994,2.659800000008545,HTML parse + extraction; shared across modes
20261002T161451Z-d2eb76ee,industrial,original_fast_query,dind-chipdip.ru-abf1baaa6803c0b8,chipdip.ru-run-8f5bbe64.html,html/chipdip.ru-run-8f5bbe64.html,chipdip.ru,ok,,0.8578999999881489,,2036.035400000008,10.0,10.0,10.0,False,,,,ok,False,2033.3755999999994,2.659800000008545,HTML parse + extraction; shared across modes
20261002T161451Z-d2eb76ee,industrial,original_fast,dind-chipdip.ru-8ffd0822c0dc4d40,chipdip.ru-run-90f03fab.html,html/chipdip.ru-run-90f03fab.html,chipdip.ru,ok,,12.14770000000135,,1959.8913999999932,21.0,21.0,21.0,False,,,,ok,False,1959.8913999999932,2.1557000000029802,HTML parse + extraction; shared across modes
20261002T161451Z-d2eb76ee,industrial,original_fast_query,dind-chipdip.ru-8ffd0822c0dc4d40,chipdip.ru-run-90f03fab.html,html/chipdip.ru-run-90f03fab.html,chipdip.ru,ok,,12.14770000000135,,1962.0470999999961,10.0,10.0,10.0,False,,,,ok,False,1959.8913999999932,2.1557000000029802,HTML parse + extraction; shared across modes
20261002T161451Z-d2eb76ee,industrial,original_fast,dind-chipdip.ru-0c732437ad22572f,chipdip.ru-run-c0047e44.html,html/chipdip.ru-run-c0047e44.html,chipdip.ru,ok,,12.635899999993853,,2051.526199999993,21.0,21.0,21.0,False,,,,ok,False,2051.526199999993,2.478499999997439,HTML parse + extraction; shared across modes
20261002T161451Z-d2eb76ee,industrial,original_fast_query,dind-chipdip.ru-0c732437ad22572f,chipdip.ru-run-c0047e44.html,html/chipdip.ru-run-c0047e44.html,chipdip.ru,ok,,12.635899999993853,,2054.0046999999904,10.0,10.0,10.0,False,,,,ok,False,2051.526199999993,2.478499999997439,HTML parse + extraction; shared across modes
20261002T161451Z-d2eb76ee,industrial,original_fast,dind-chipdip.ru-c2479b21b1035e7c,chipdip.ru-run-dd921485.html,html/chipdip.ru-run-dd921485.html,chipdip.ru,ok,,13.187200000000303,,1970.6405999999988,21.0,21.0,21.0,False,,,,ok,False,1970.6405999999988,2.142999999996391,HTML parse + extraction; shared across modes
20261002T161451Z-d2eb76ee,industrial,original_fast_query,dind-chipdip.ru-c2479b21b1035e7c,chipdip.ru-run-dd921485.html,html/chipdip.ru-run-dd921485.html,chipdip.ru,ok,,13.187200000000303,,1972.7835999999952,10.0,10.0,10.0,False,,,,ok,False,1970.6405999999988,2.142999999996391,HTML parse + extraction; shared across modes
20261002T161451Z-d2eb76ee,industrial,original_fast,dind-chipdip.ru-976706e79c2f2987,chipdip.ru-run-e78490cf.html,html/chipdip.ru-run-e78490cf.html,chipdip.ru,ok,,13.278900000004796,,2106.570200000002,21.0,21.0,21.0,False,,,,ok,False,2106.570200000002,2.0269999999873107,HTML parse + extraction; shared across modes
20261002T161451Z-d2eb76ee,industrial,original_fast_query,dind-chipdip.ru-976706e79c2f2987,chipdip.ru-run-e78490cf.html,html/chipdip.ru-run-e78490cf.html,chipdip.ru,ok,,13.278900000004796,,2108.5971999999892,10.0,10.0,10.0,False,,,,ok,False,2106.570200000002,2.0269999999873107,HTML parse + extraction; shared across modes
20261002T161451Z-d2eb76ee,industrial,original_fast,dind-citilink.ru-6930b865e4517478,citilink.ru-run-none1.html,html/citilink.ru-run-none1.html,citilink.ru,ok,,15.253800000005867,,15761.270100000009,36.0,36.0,36.0,False,,,,ok,False,15761.270100000009,2.30460000000312,HTML parse + extraction; shared across modes
20261002T161451Z-d2eb76ee,industrial,original_fast_query,dind-citilink.ru-6930b865e4517478,citilink.ru-run-none1.html,html/citilink.ru-run-none1.html,citilink.ru,ok,,15.253800000005867,,15763.574700000012,0.0,0.0,0.0,False,,,,ok,False,15761.270100000009,2.30460000000312,HTML parse + extraction; shared across modes
20261002T161451Z-d2eb76ee,industrial,original_fast,dind-citilink.ru-30da59eb4be8c8d4,citilink.ru-run-none2.html,html/citilink.ru-run-none2.html,citilink.ru,ok,,2.274600000004284,,15082.090599999996,36.0,36.0,36.0,False,,,,ok,False,15082.090599999996,2.1330999999918276,HTML parse + extraction; shared across modes
20261002T161451Z-d2eb76ee,industrial,original_fast_query,dind-citilink.ru-30da59eb4be8c8d4,citilink.ru-run-none2.html,html/citilink.ru-run-none2.html,citilink.ru,ok,,2.274600000004284,,15084.223699999988,27.0,27.0,27.0,False,,,,ok,False,15082.090599999996,2.1330999999918276,HTML parse + extraction; shared across modes
20261002T161451Z-d2eb76ee,industrial,original_fast,dind-citilink.ru-fc3d83fa07e578d5,citilink.ru-run-none3.html,html/citilink.ru-run-none3.html,citilink.ru,ok,,2.9474999999947613,,17065.828999999998,36.0,36.0,36.0,False,,,,ok,False,17065.828999999998,2.271100000012666,HTML parse + extraction; shared across modes
20261002T161451Z-d2eb76ee,industrial,original_fast_query,dind-citilink.ru-fc3d83fa07e578d5,citilink.ru-run-none3.html,html/citilink.ru-run-none3.html,citilink.ru,ok,,2.9474999999947613,,17068.10010000001,0.0,0.0,0.0,False,,,,ok,False,17065.828999999998,2.271100000012666,HTML parse + extraction; shared across modes
20261002T161451Z-d2eb76ee,industrial,original_fast,dind-citilink.ru-4ea974c7ea924633,citilink.ru-run-none4.html,html/citilink.ru-run-none4.html,citilink.ru,ok,,13.428599999999278,,13424.227699999989,36.0,36.0,36.0,False,,,,ok,False,13424.227699999989,3.860899999999674,HTML parse + extraction; shared across modes
20261002T161451Z-d2eb76ee,industrial,original_fast_query,dind-citilink.ru-4ea974c7ea924633,citilink.ru-run-none4.html,html/citilink.ru-run-none4.html,citilink.ru,ok,,13.428599999999278,,13428.088599999988,36.0,36.0,36.0,False,,,,ok,False,13424.227699999989,3.860899999999674,HTML parse + extraction; shared across modes
20261002T161451Z-d2eb76ee,industrial,original_fast,dind-citilink.ru-cda6466bd3c48b51,citilink.ru-run-none5.html,html/citilink.ru-run-none5.html,citilink.ru,ok,,14.606599999999162,,13527.365099999995,36.0,36.0,36.0,False,,,,ok,False,13527.365099999995,4.051199999987148,HTML parse + extraction; shared across modes
20261002T161451Z-d2eb76ee,industrial,original_fast_query,dind-citilink.ru-cda6466bd3c48b51,citilink.ru-run-none5.html,html/citilink.ru-run-none5.html,citilink.ru,ok,,14.606599999999162,,13531.416299999983,36.0,36.0,36.0,False,,,,ok,False,13527.365099999995,4.051199999987148,HTML parse + extraction; shared across modes
20261002T161451Z-d2eb76ee,industrial,original_fast,dind-citilink.ru-e2440ead0d4289d7,citilink.ru-run-none6.html,html/citilink.ru-run-none6.html,citilink.ru,ok,,14.142500000016298,,2432.4070000000065,10.0,10.0,10.0,False,,,,ok,False,2432.4070000000065,0.9794000000110827,HTML parse + extraction; shared across modes
20261002T161451Z-d2eb76ee,industrial,original_fast_query,dind-citilink.ru-e2440ead0d4289d7,citilink.ru-run-none6.html,html/citilink.ru-run-none6.html,citilink.ru,ok,,14.142500000016298,,2433.3864000000176,0.0,0.0,0.0,False,,,,ok,False,2432.4070000000065,0.9794000000110827,HTML parse + extraction; shared across modes
20261002T161451Z-d2eb76ee,industrial,original_fast,dind-citilink.ru-fb08ef466206eb66,citilink.ru-run-none7.html,html/citilink.ru-run-none7.html,citilink.ru,ok,,2.547500000015134,,14138.863499999978,36.0,36.0,36.0,False,,,,ok,False,14138.863499999978,4.1639999999897555,HTML parse + extraction; shared across modes
20261002T161451Z-d2eb76ee,industrial,original_fast_query,dind-citilink.ru-fb08ef466206eb66,citilink.ru-run-none7.html,html/citilink.ru-run-none7.html,citilink.ru,ok,,2.547500000015134,,14143.027499999967,36.0,36.0,36.0,False,,,,ok,False,14138.863499999978,4.1639999999897555,HTML parse + extraction; shared across modes
20261002T161451Z-d2eb76ee,industrial,original_fast,dind-citilink.ru-c3b1bb2ebd5d428a,citilink.ru-run-none8.html,html/citilink.ru-run-none8.html,citilink.ru,ok,,2.3713000000279862,,13494.135899999994,36.0,36.0,36.0,False,,,,ok,False,13494.135899999994,3.9183999999950174,HTML parse + extraction; shared across modes
20261002T161451Z-d2eb76ee,industrial,original_fast_query,dind-citilink.ru-c3b1bb2ebd5d428a,citilink.ru-run-none8.html,html/citilink.ru-run-none8.html,citilink.ru,ok,,2.3713000000279862,,13498.054299999989,35.0,35.0,35.0,False,,,,ok,False,13494.135899999994,3.9183999999950174,HTML parse + extraction; shared across modes
20261002T161451Z-d2eb76ee,industrial,original_fast,dind-citilink.ru-27ce607b67285dce,citilink.ru-run-none9.html,html/citilink.ru-run-none9.html,citilink.ru,ok,,2.463099999993574,,14164.097100000014,36.0,36.0,36.0,False,,,,ok,False,14164.097100000014,2.440900000015972,HTML parse + extraction; shared across modes
20261002T161451Z-d2eb76ee,industrial,original_fast_query,dind-citilink.ru-27ce607b67285dce,citilink.ru-run-none9.html,html/citilink.ru-run-none9.html,citilink.ru,ok,,2.463099999993574,,14166.53800000003,33.0,33.0,33.0,False,,,,ok,False,14164.097100000014,2.440900000015972,HTML parse + extraction; shared across modes
20261002T161451Z-d2eb76ee,industrial,original_fast,dind-citilink.ru-abcfe4fb034ca5a2,citilink.ru-run-none10.html,html/citilink.ru-run-none10.html,citilink.ru,ok,,2.6419999999925494,,13576.2267,36.0,36.0,36.0,False,,,,ok,False,13576.2267,1.7613999999884982,HTML parse + extraction; shared across modes
20261002T161451Z-d2eb76ee,industrial,original_fast_query,dind-citilink.ru-abcfe4fb034ca5a2,citilink.ru-run-none10.html,html/citilink.ru-run-none10.html,citilink.ru,ok,,2.6419999999925494,,13577.988099999988,33.0,33.0,33.0,False,,,,ok,False,13576.2267,1.7613999999884982,HTML parse + extraction; shared across modes
20261002T161451Z-d2eb76ee,industrial,original_fast,dind-citilink.ru-8f6401111a1db657,citilink.ru-run-none11.html,html/citilink.ru-run-none11.html,citilink.ru,ok,,13.953599999978906,,16634.190900000016,36.0,36.0,36.0,False,,,,ok,False,16634.190900000016,1.4587999999930616,HTML parse + extraction; shared across modes
20261002T161451Z-d2eb76ee,industrial,original_fast_query,dind-citilink.ru-8f6401111a1db657,citilink.ru-run-none11.html,html/citilink.ru-run-none11.html,citilink.ru,ok,,13.953599999978906,,16635.64970000001,21.0,21.0,21.0,False,,,,ok,False,16634.190900000016,1.4587999999930616,HTML parse + extraction; shared across modes
20261002T161451Z-d2eb76ee,industrial,original_fast,dind-citilink.ru-10ed9d833757ff85,citilink.ru-run-none12.html,html/citilink.ru-run-none12.html,citilink.ru,ok,,2.278099999995902,,16816.08619999999,36.0,36.0,36.0,False,,,,ok,False,16816.08619999999,2.980200000019977,HTML parse + extraction; shared across modes
20261002T161451Z-d2eb76ee,industrial,original_fast_query,dind-citilink.ru-10ed9d833757ff85,citilink.ru-run-none12.html,html/citilink.ru-run-none12.html,citilink.ru,ok,,2.278099999995902,,16819.06640000001,36.0,36.0,36.0,False,,,,ok,False,16816.08619999999,2.980200000019977,HTML parse + extraction; shared across modes
20261002T161451Z-d2eb76ee,industrial,original_fast,dind-citilink.ru-c9c5ca4bf5e41894,citilink.ru-run-none13.html,html/citilink.ru-run-none13.html,citilink.ru,ok,,44.79130000001169,,17091.53020000001,36.0,36.0,36.0,False,,,,ok,False,17091.53020000001,2.663200000009965,HTML parse + extraction; shared across modes
20261002T161451Z-d2eb76ee,industrial,original_fast_query,dind-citilink.ru-c9c5ca4bf5e41894,citilink.ru-run-none13.html,html/citilink.ru-run-none13.html,citilink.ru,ok,,44.79130000001169,,17094.19340000002,36.0,36.0,36.0,False,,,,ok,False,17091.53020000001,2.663200000009965,HTML parse + extraction; shared across modes
20261002T161451Z-d2eb76ee,industrial,original_fast,dind-citilink.ru-c27eb4fecdbb44bb,citilink.ru-run-none14.html,html/citilink.ru-run-none14.html,citilink.ru,ok,,13.822800000023562,,737.998900000006,6.0,6.0,6.0,False,,,,ok,False,737.998900000006,0.47649999998975545,HTML parse + extraction; shared across modes
20261002T161451Z-d2eb76ee,industrial,original_fast_query,dind-citilink.ru-c27eb4fecdbb44bb,citilink.ru-run-none14.html,html/citilink.ru-run-none14.html,citilink.ru,ok,,13.822800000023562,,738.4753999999957,0.0,0.0,0.0,False,,,,ok,False,737.998900000006,0.47649999998975545,HTML parse + extraction; shared across modes
20261002T161451Z-d2eb76ee,industrial,original_fast,dind-cnc.su-60ca64ff8b5db935,cnc.su-run-3e95d0c6.html,html/cnc.su-run-3e95d0c6.html,cnc.su,ok,,12.668100000009872,,28258.38990000001,6.0,6.0,6.0,False,,,,ok,False,28258.38990000001,0.32369999994989485,HTML parse + extraction; shared across modes
20261002T161451Z-d2eb76ee,industrial,original_fast_query,dind-cnc.su-60ca64ff8b5db935,cnc.su-run-3e95d0c6.html,html/cnc.su-run-3e95d0c6.html,cnc.su,ok,,12.668100000009872,,28258.71359999996,0.0,0.0,0.0,False,,,,ok,False,28258.38990000001,0.32369999994989485,HTML parse + extraction; shared across modes
20261002T161451Z-d2eb76ee,industrial,original_fast,dind-cnc.su-3651d593e610dc79,cnc.su-run-76db53a6.html,html/cnc.su-run-76db53a6.html,cnc.su,ok,,13.93739999999525,,28914.205000000016,26.0,26.0,26.0,False,,,,ok,False,28914.205000000016,2.568299999984447,HTML parse + extraction; shared across modes
20261002T161451Z-d2eb76ee,industrial,original_fast_query,dind-cnc.su-3651d593e610dc79,cnc.su-run-76db53a6.html,html/cnc.su-run-76db53a6.html,cnc.su,ok,,13.93739999999525,,28916.7733,20.0,20.0,20.0,False,,,,ok,False,28914.205000000016,2.568299999984447,HTML parse + extraction; shared across modes
20261002T161451Z-d2eb76ee,industrial,original_fast,dind-cnc.su-aea17eda0f793a5b,cnc.su-run-7b56c8dd.html,html/cnc.su-run-7b56c8dd.html,cnc.su,ok,,12.349000000045635,,28475.88770000002,26.0,26.0,26.0,False,,,,ok,False,28475.88770000002,2.4817999999504536,HTML parse + extraction; shared across modes
20261002T161451Z-d2eb76ee,industrial,original_fast_query,dind-cnc.su-aea17eda0f793a5b,cnc.su-run-7b56c8dd.html,html/cnc.su-run-7b56c8dd.html,cnc.su,ok,,12.349000000045635,,28478.36949999997,20.0,20.0,20.0,False,,,,ok,False,28475.88770000002,2.4817999999504536,HTML parse + extraction; shared across modes
20261002T161451Z-d2eb76ee,industrial,original_fast,dind-cnc.su-cbe39bad76c5ee58,cnc.su-run-7efc742d.html,html/cnc.su-run-7efc742d.html,cnc.su,ok,,41.89350000000559,,31093.011,26.0,26.0,26.0,False,,,,ok,False,31093.011,3.004799999995157,HTML parse + extraction; shared across modes
20261002T161451Z-d2eb76ee,industrial,original_fast_query,dind-cnc.su-cbe39bad76c5ee58,cnc.su-run-7efc742d.html,html/cnc.su-run-7efc742d.html,cnc.su,ok,,41.89350000000559,,31096.015799999994,20.0,20.0,20.0,False,,,,ok,False,31093.011,3.004799999995157,HTML parse + extraction; shared across modes
20261002T161451Z-d2eb76ee,industrial,original_fast,dind-dns-shop.ru-811008815de52c86,dns-shop.ru-run-none1.html,html/dns-shop.ru-run-none1.html,dns-shop.ru,ok,,1.3656000000191852,,48.40050000004703,18.0,18.0,18.0,False,,,,ok,False,48.40050000004703,3.117999999958556,HTML parse + extraction; shared across modes
20261002T161451Z-d2eb76ee,industrial,original_fast_query,dind-dns-shop.ru-811008815de52c86,dns-shop.ru-run-none1.html,html/dns-shop.ru-run-none1.html,dns-shop.ru,ok,,1.3656000000191852,,51.51850000000559,18.0,18.0,18.0,False,,,,ok,False,48.40050000004703,3.117999999958556,HTML parse + extraction; shared across modes
20261002T161451Z-d2eb76ee,industrial,original_fast,dind-dns-shop.ru-500c72a9307f6bee,dns-shop.ru-run-none2.html,html/dns-shop.ru-run-none2.html,dns-shop.ru,ok,,1.4520999999949709,,35.08230000000913,18.0,18.0,18.0,False,,,,ok,False,35.08230000000913,2.8972000000067055,HTML parse + extraction; shared across modes
20261002T161451Z-d2eb76ee,industrial,original_fast_query,dind-dns-shop.ru-500c72a9307f6bee,dns-shop.ru-run-none2.html,html/dns-shop.ru-run-none2.html,dns-shop.ru,ok,,1.4520999999949709,,37.97950000001583,18.0,18.0,18.0,False,,,,ok,False,35.08230000000913,2.8972000000067055,HTML parse + extraction; shared across modes
20261002T161451Z-d2eb76ee,industrial,original_fast,dind-dns-shop.ru-536061e6205968d4,dns-shop.ru-run-none3.html,html/dns-shop.ru-run-none3.html,dns-shop.ru,ok,,1.2393000000156462,,43.75229999999283,18.0,18.0,18.0,False,,,,ok,False,43.75229999999283,3.039600000018254,HTML parse + extraction; shared across modes
20261002T161451Z-d2eb76ee,industrial,original_fast_query,dind-dns-shop.ru-536061e6205968d4,dns-shop.ru-run-none3.html,html/dns-shop.ru-run-none3.html,dns-shop.ru,ok,,1.2393000000156462,,46.79190000001108,18.0,18.0,18.0,False,,,,ok,False,43.75229999999283,3.039600000018254,HTML parse + extraction; shared across modes
20261002T161451Z-d2eb76ee,industrial,original_fast,dind-dns-shop.ru-7933239bf3e50771,dns-shop.ru-run-none4.html,html/dns-shop.ru-run-none4.html,dns-shop.ru,ok,,1.5945000000065193,,41.94130000000587,18.0,18.0,18.0,False,,,,ok,False,41.94130000000587,3.2947000000276603,HTML parse + extraction; shared across modes
20261002T161451Z-d2eb76ee,industrial,original_fast_query,dind-dns-shop.ru-7933239bf3e50771,dns-shop.ru-run-none4.html,html/dns-shop.ru-run-none4.html,dns-shop.ru,ok,,1.5945000000065193,,45.23600000003353,18.0,18.0,18.0,False,,,,ok,False,41.94130000000587,3.2947000000276603,HTML parse + extraction; shared across modes
20261002T161451Z-d2eb76ee,industrial,original_fast,dind-dns-shop.ru-85bc079e6fdf3596,dns-shop.ru-run-none5.html,html/dns-shop.ru-run-none5.html,dns-shop.ru,ok,,1.4653999999864027,,77.89120000001276,18.0,18.0,18.0,False,,,,ok,False,77.89120000001276,2.8364000000292435,HTML parse + extraction; shared across modes
20261002T161451Z-d2eb76ee,industrial,original_fast_query,dind-dns-shop.ru-85bc079e6fdf3596,dns-shop.ru-run-none5.html,html/dns-shop.ru-run-none5.html,dns-shop.ru,ok,,1.4653999999864027,,80.727600000042,0.0,0.0,0.0,False,,,,ok,False,77.89120000001276,2.8364000000292435,HTML parse + extraction; shared across modes
20261002T161451Z-d2eb76ee,industrial,original_fast,dind-dns-shop.ru-3febee92cb878873,dns-shop.ru-run-none6.html,html/dns-shop.ru-run-none6.html,dns-shop.ru,ok,,1.3426999999792315,,41.073899999959394,18.0,18.0,18.0,False,,,,ok,False,41.073899999959394,2.453899999964051,HTML parse + extraction; shared across modes
20261002T161451Z-d2eb76ee,industrial,original_fast_query,dind-dns-shop.ru-3febee92cb878873,dns-shop.ru-run-none6.html,html/dns-shop.ru-run-none6.html,dns-shop.ru,ok,,1.3426999999792315,,43.527799999923445,0.0,0.0,0.0,False,,,,ok,False,41.073899999959394,2.453899999964051,HTML parse + extraction; shared across modes
20261002T161451Z-d2eb76ee,industrial,original_fast,dind-dns-shop.ru-b6cad428c103f85e,dns-shop.ru-run-none7.html,html/dns-shop.ru-run-none7.html,dns-shop.ru,ok,,0.9005999999935739,,14.541600000055041,2.0,2.0,2.0,False,,,,ok,False,14.541600000055041,0.42560000001685694,HTML parse + extraction; shared across modes
20261002T161451Z-d2eb76ee,industrial,original_fast_query,dind-dns-shop.ru-b6cad428c103f85e,dns-shop.ru-run-none7.html,html/dns-shop.ru-run-none7.html,dns-shop.ru,ok,,0.9005999999935739,,14.967200000071898,2.0,2.0,2.0,False,,,,ok,False,14.541600000055041,0.42560000001685694,HTML parse + extraction; shared across modes
20261002T161451Z-d2eb76ee,industrial,original_fast,dind-dns-shop.ru-a3790a136022ceb0,dns-shop.ru-run-none8.html,html/dns-shop.ru-run-none8.html,dns-shop.ru,ok,,0.843700000026729,,29.659299999999348,2.0,2.0,2.0,False,,,,ok,False,29.659299999999348,0.37899999995715916,HTML parse + extraction; shared across modes
20261002T161451Z-d2eb76ee,industrial,original_fast_query,dind-dns-shop.ru-a3790a136022ceb0,dns-shop.ru-run-none8.html,html/dns-shop.ru-run-none8.html,dns-shop.ru,ok,,0.843700000026729,,30.038299999956507,2.0,2.0,2.0,False,,,,ok,False,29.659299999999348,0.37899999995715916,HTML parse + extraction; shared across modes
20261002T161451Z-d2eb76ee,industrial,original_fast,dind-dns-shop.ru-28746746c13ce562,dns-shop.ru-run-none9.html,html/dns-shop.ru-run-none9.html,dns-shop.ru,ok,,0.8759999999892898,,13.490099999995437,2.0,2.0,2.0,False,,,,ok,False,13.490099999995437,0.33609999995678663,HTML parse + extraction; shared across modes
20261002T161451Z-d2eb76ee,industrial,original_fast_query,dind-dns-shop.ru-28746746c13ce562,dns-shop.ru-run-none9.html,html/dns-shop.ru-run-none9.html,dns-shop.ru,ok,,0.8759999999892898,,13.826199999952223,0.0,0.0,0.0,False,,,,ok,False,13.490099999995437,0.33609999995678663,HTML parse + extraction; shared across modes
20261002T161451Z-d2eb76ee,industrial,original_fast,dind-dns-shop.ru-771d6387f7b3c12b,dns-shop.ru-run-none10.html,html/dns-shop.ru-run-none10.html,dns-shop.ru,ok,,1.01310000004014,,28.788000000000466,18.0,18.0,18.0,False,,,,ok,False,28.788000000000466,2.7041999999783,HTML parse + extraction; shared across modes
20261002T161451Z-d2eb76ee,industrial,original_fast_query,dind-dns-shop.ru-771d6387f7b3c12b,dns-shop.ru-run-none10.html,html/dns-shop.ru-run-none10.html,dns-shop.ru,ok,,1.01310000004014,,31.492199999978766,0.0,0.0,0.0,False,,,,ok,False,28.788000000000466,2.7041999999783,HTML parse + extraction; shared across modes
20261002T161451Z-d2eb76ee,industrial,original_fast,dind-dns-shop.ru-90440791218a97f4,dns-shop.ru-run-none11.html,html/dns-shop.ru-run-none11.html,dns-shop.ru,ok,,0.8291000000317581,,14.34429999999702,2.0,2.0,2.0,False,,,,ok,False,14.34429999999702,0.3713999999454245,HTML parse + extraction; shared across modes
20261002T161451Z-d2eb76ee,industrial,original_fast_query,dind-dns-shop.ru-90440791218a97f4,dns-shop.ru-run-none11.html,html/dns-shop.ru-run-none11.html,dns-shop.ru,ok,,0.8291000000317581,,14.715699999942444,2.0,2.0,2.0,False,,,,ok,False,14.34429999999702,0.3713999999454245,HTML parse + extraction; shared across modes
20261002T161451Z-d2eb76ee,industrial,original_fast,dind-dns-shop.ru-92ce0999672a52ef,dns-shop.ru-run-none12.html,html/dns-shop.ru-run-none12.html,dns-shop.ru,ok,,0.8277000000234693,,14.679899999988265,2.0,2.0,2.0,False,,,,ok,False,14.679899999988265,0.4088999999803491,HTML parse + extraction; shared across modes
20261002T161451Z-d2eb76ee,industrial,original_fast_query,dind-dns-shop.ru-92ce0999672a52ef,dns-shop.ru-run-none12.html,html/dns-shop.ru-run-none12.html,dns-shop.ru,ok,,0.8277000000234693,,15.088799999968614,2.0,2.0,2.0,False,,,,ok,False,14.679899999988265,0.4088999999803491,HTML parse + extraction; shared across modes
20261002T161451Z-d2eb76ee,industrial,original_fast,dind-dns-shop.ru-af963fbfbb118c6f,dns-shop.ru-run-none13.html,html/dns-shop.ru-run-none13.html,dns-shop.ru,ok,,0.8469000000040978,,32.28260000003502,2.0,2.0,2.0,False,,,,ok,False,32.28260000003502,0.2937999999849126,HTML parse + extraction; shared across modes
20261002T161451Z-d2eb76ee,industrial,original_fast_query,dind-dns-shop.ru-af963fbfbb118c6f,dns-shop.ru-run-none13.html,html/dns-shop.ru-run-none13.html,dns-shop.ru,ok,,0.8469000000040978,,32.57640000001993,2.0,2.0,2.0,False,,,,ok,False,32.28260000003502,0.2937999999849126,HTML parse + extraction; shared across modes
20261002T161451Z-d2eb76ee,industrial,original_fast,dind-dns-shop.ru-fdefdf05ba85008a,dns-shop.ru-run-none14.html,html/dns-shop.ru-run-none14.html,dns-shop.ru,ok,,1.146100000012666,,8646.372499999998,4.0,4.0,4.0,False,,,,ok,False,8646.372499999998,0.5910999999614432,HTML parse + extraction; shared across modes
20261002T161451Z-d2eb76ee,industrial,original_fast_query,dind-dns-shop.ru-fdefdf05ba85008a,dns-shop.ru-run-none14.html,html/dns-shop.ru-run-none14.html,dns-shop.ru,ok,,1.146100000012666,,8646.96359999996,4.0,4.0,4.0,False,,,,ok,False,8646.372499999998,0.5910999999614432,HTML parse + extraction; shared across modes
20261002T161451Z-d2eb76ee,industrial,original_fast,dind-dns-shop.ru-4a4e14f05378d4a5,dns-shop.ru-run-none15.html,html/dns-shop.ru-run-none15.html,dns-shop.ru,ok,,13.541100000031292,,2713.9237999999896,2.0,1.0,1.0,False,,,,ok,False,2713.9237999999896,0.32900000002700835,HTML parse + extraction; shared across modes
20261002T161451Z-d2eb76ee,industrial,original_fast_query,dind-dns-shop.ru-4a4e14f05378d4a5,dns-shop.ru-run-none15.html,html/dns-shop.ru-run-none15.html,dns-shop.ru,ok,,13.541100000031292,,2714.2528000000166,0.0,0.0,0.0,False,,,,ok,False,2713.9237999999896,0.32900000002700835,HTML parse + extraction; shared across modes
20261002T161451Z-d2eb76ee,industrial,original_fast,dind-dns-shop.ru-564876217320f967,dns-shop.ru-run-none16.html,html/dns-shop.ru-run-none16.html,dns-shop.ru,ok,,12.956899999990128,,1634.843200000003,0.0,0.0,0.0,False,,,,empty,False,1634.843200000003,0.09509999997681007,HTML parse + extraction; shared across modes
20261002T161451Z-d2eb76ee,industrial,original_fast_query,dind-dns-shop.ru-564876217320f967,dns-shop.ru-run-none16.html,html/dns-shop.ru-run-none16.html,dns-shop.ru,ok,,12.956899999990128,,1634.9382999999798,0.0,0.0,0.0,False,,,,empty,False,1634.843200000003,0.09509999997681007,HTML parse + extraction; shared across modes
20261002T161451Z-d2eb76ee,industrial,original_fast,dind-dns-shop.ru-46ebef5666c10c8e,dns-shop.ru-run-none17.html,html/dns-shop.ru-run-none17.html,dns-shop.ru,ok,,1.3372000000090338,,30.369000000006054,18.0,18.0,18.0,False,,,,ok,False,30.369000000006054,2.182200000039302,HTML parse + extraction; shared across modes
20261002T161451Z-d2eb76ee,industrial,original_fast_query,dind-dns-shop.ru-46ebef5666c10c8e,dns-shop.ru-run-none17.html,html/dns-shop.ru-run-none17.html,dns-shop.ru,ok,,1.3372000000090338,,32.551200000045355,18.0,18.0,18.0,False,,,,ok,False,30.369000000006054,2.182200000039302,HTML parse + extraction; shared across modes
20261002T161451Z-d2eb76ee,industrial,original_fast,dind-dns-shop.ru-3f4da6582900a525,dns-shop.ru-run-none18.html,html/dns-shop.ru-run-none18.html,dns-shop.ru,ok,,1.1319999999832362,,38.1079000000027,18.0,18.0,18.0,False,,,,ok,False,38.1079000000027,2.3410999999614432,HTML parse + extraction; shared across modes
20261002T161451Z-d2eb76ee,industrial,original_fast_query,dind-dns-shop.ru-3f4da6582900a525,dns-shop.ru-run-none18.html,html/dns-shop.ru-run-none18.html,dns-shop.ru,ok,,1.1319999999832362,,40.448999999964144,18.0,18.0,18.0,False,,,,ok,False,38.1079000000027,2.3410999999614432,HTML parse + extraction; shared across modes
20261002T161451Z-d2eb76ee,industrial,original_fast,dind-dns-shop.ru-4d693e109b55f82a,dns-shop.ru-run-none19.html,html/dns-shop.ru-run-none19.html,dns-shop.ru,ok,,1.3373000000137836,,31.036399999982677,18.0,18.0,18.0,False,,,,ok,False,31.036399999982677,2.4932000000262633,HTML parse + extraction; shared across modes
20261002T161451Z-d2eb76ee,industrial,original_fast_query,dind-dns-shop.ru-4d693e109b55f82a,dns-shop.ru-run-none19.html,html/dns-shop.ru-run-none19.html,dns-shop.ru,ok,,1.3373000000137836,,33.52960000000894,18.0,18.0,18.0,False,,,,ok,False,31.036399999982677,2.4932000000262633,HTML parse + extraction; shared across modes
20261002T161451Z-d2eb76ee,industrial,original_fast,dind-dns-shop.ru-ecbe705fe138bbfc,dns-shop.ru-run-none20.html,html/dns-shop.ru-run-none20.html,dns-shop.ru,ok,,1.1132999999681488,,30.230600000009872,18.0,18.0,18.0,False,,,,ok,False,30.230600000009872,2.222399999969639,HTML parse + extraction; shared across modes
20261002T161451Z-d2eb76ee,industrial,original_fast_query,dind-dns-shop.ru-ecbe705fe138bbfc,dns-shop.ru-run-none20.html,html/dns-shop.ru-run-none20.html,dns-shop.ru,ok,,1.1132999999681488,,32.45299999997951,18.0,18.0,18.0,False,,,,ok,False,30.230600000009872,2.222399999969639,HTML parse + extraction; shared across modes
20261002T161451Z-d2eb76ee,industrial,original_fast,dind-dns-shop.ru-8115aee7bc53974a,dns-shop.ru-run-none21.html,html/dns-shop.ru-run-none21.html,dns-shop.ru,ok,,1.347200000018347,,48.351800000004005,18.0,18.0,18.0,False,,,,ok,False,48.351800000004005,0.004499999980907887,HTML parse + extraction; shared across modes
20261002T161451Z-d2eb76ee,industrial,original_fast_query,dind-dns-shop.ru-8115aee7bc53974a,dns-shop.ru-run-none21.html,html/dns-shop.ru-run-none21.html,dns-shop.ru,ok,,1.347200000018347,,48.35629999998491,18.0,18.0,18.0,False,,,,ok,False,48.351800000004005,0.004499999980907887,HTML parse + extraction; shared across modes
20261002T161451Z-d2eb76ee,industrial,original_fast,dind-dns-shop.ru-33bd96f05cc76522,dns-shop.ru-run-none22.html,html/dns-shop.ru-run-none22.html,dns-shop.ru,ok,,1.392200000002049,,30.243000000016764,18.0,18.0,18.0,False,,,,ok,False,30.243000000016764,3.0945000000065193,HTML parse + extraction; shared across modes
20261002T161451Z-d2eb76ee,industrial,original_fast_query,dind-dns-shop.ru-33bd96f05cc76522,dns-shop.ru-run-none22.html,html/dns-shop.ru-run-none22.html,dns-shop.ru,ok,,1.392200000002049,,33.33750000002328,18.0,18.0,18.0,False,,,,ok,False,30.243000000016764,3.0945000000065193,HTML parse + extraction; shared across modes
20261002T161451Z-d2eb76ee,industrial,original_fast,dind-dns-shop.ru-fb02082707bf4363,dns-shop.ru-run-none23.html,html/dns-shop.ru-run-none23.html,dns-shop.ru,ok,,1.3721000000368804,,30.67469999997411,18.0,18.0,18.0,False,,,,ok,False,30.67469999997411,2.3616000000038184,HTML parse + extraction; shared across modes
20261002T161451Z-d2eb76ee,industrial,original_fast_query,dind-dns-shop.ru-fb02082707bf4363,dns-shop.ru-run-none23.html,html/dns-shop.ru-run-none23.html,dns-shop.ru,ok,,1.3721000000368804,,33.03629999997793,18.0,18.0,18.0,False,,,,ok,False,30.67469999997411,2.3616000000038184,HTML parse + extraction; shared across modes
20261002T161451Z-d2eb76ee,industrial,original_fast,dind-dns-shop.ru-b7113a7a9f8e538f,dns-shop.ru-run-none24.html,html/dns-shop.ru-run-none24.html,dns-shop.ru,ok,,1.338400000007823,,56.39399999997113,18.0,18.0,18.0,False,,,,ok,False,56.39399999997113,2.180400000012014,HTML parse + extraction; shared across modes
20261002T161451Z-d2eb76ee,industrial,original_fast_query,dind-dns-shop.ru-b7113a7a9f8e538f,dns-shop.ru-run-none24.html,html/dns-shop.ru-run-none24.html,dns-shop.ru,ok,,1.338400000007823,,58.57439999998314,18.0,18.0,18.0,False,,,,ok,False,56.39399999997113,2.180400000012014,HTML parse + extraction; shared across modes
20261002T161451Z-d2eb76ee,industrial,original_fast,dind-dns-shop.ru-996bc94411949f8b,dns-shop.ru-run-none25.html,html/dns-shop.ru-run-none25.html,dns-shop.ru,ok,,1.332300000009127,,29.76869999995688,18.0,18.0,18.0,False,,,,ok,False,29.76869999995688,2.1596999999601394,HTML parse + extraction; shared across modes
20261002T161451Z-d2eb76ee,industrial,original_fast_query,dind-dns-shop.ru-996bc94411949f8b,dns-shop.ru-run-none25.html,html/dns-shop.ru-run-none25.html,dns-shop.ru,ok,,1.332300000009127,,31.92839999991702,18.0,18.0,18.0,False,,,,ok,False,29.76869999995688,2.1596999999601394,HTML parse + extraction; shared across modes
20261002T161451Z-d2eb76ee,industrial,original_fast,dind-dns-shop.ru-aa82f882645785f9,dns-shop.ru-run-none26.html,html/dns-shop.ru-run-none26.html,dns-shop.ru,ok,,1.0250999999698251,,29.076199999952223,18.0,18.0,18.0,False,,,,ok,False,29.076199999952223,2.8442999999970198,HTML parse + extraction; shared across modes
20261002T161451Z-d2eb76ee,industrial,original_fast_query,dind-dns-shop.ru-aa82f882645785f9,dns-shop.ru-run-none26.html,html/dns-shop.ru-run-none26.html,dns-shop.ru,ok,,1.0250999999698251,,31.920499999949243,0.0,0.0,0.0,False,,,,ok,False,29.076199999952223,2.8442999999970198,HTML parse + extraction; shared across modes
20261002T161451Z-d2eb76ee,industrial,original_fast,dind-dns-shop.ru-ea90543385536fce,dns-shop.ru-run-none27.html,html/dns-shop.ru-run-none27.html,dns-shop.ru,ok,,1.0428000000538304,,45.65559999999823,18.0,18.0,18.0,False,,,,ok,False,45.65559999999823,2.846499999985099,HTML parse + extraction; shared across modes
20261002T161451Z-d2eb76ee,industrial,original_fast_query,dind-dns-shop.ru-ea90543385536fce,dns-shop.ru-run-none27.html,html/dns-shop.ru-run-none27.html,dns-shop.ru,ok,,1.0428000000538304,,48.50209999998333,0.0,0.0,0.0,False,,,,ok,False,45.65559999999823,2.846499999985099,HTML parse + extraction; shared across modes
20261002T161451Z-d2eb76ee,industrial,original_fast,dind-dns-shop.ru-434df911d8c9446c,dns-shop.ru-run-none28.html,html/dns-shop.ru-run-none28.html,dns-shop.ru,ok,,1.1227000000071712,,28.900900000007823,18.0,18.0,18.0,False,,,,ok,False,28.900900000007823,2.9464000000152737,HTML parse + extraction; shared across modes
20261002T161451Z-d2eb76ee,industrial,original_fast_query,dind-dns-shop.ru-434df911d8c9446c,dns-shop.ru-run-none28.html,html/dns-shop.ru-run-none28.html,dns-shop.ru,ok,,1.1227000000071712,,31.847300000023097,0.0,0.0,0.0,False,,,,ok,False,28.900900000007823,2.9464000000152737,HTML parse + extraction; shared across modes
20261002T161451Z-d2eb76ee,industrial,original_fast,dind-dns-shop.ru-543d15ba7884e65d,dns-shop.ru-run-none29.html,html/dns-shop.ru-run-none29.html,dns-shop.ru,ok,,1.023300000000745,,28.880200000014156,18.0,18.0,18.0,False,,,,ok,False,28.880200000014156,2.7645000000484288,HTML parse + extraction; shared across modes
20261002T161451Z-d2eb76ee,industrial,original_fast_query,dind-dns-shop.ru-543d15ba7884e65d,dns-shop.ru-run-none29.html,html/dns-shop.ru-run-none29.html,dns-shop.ru,ok,,1.023300000000745,,31.644700000062585,0.0,0.0,0.0,False,,,,ok,False,28.880200000014156,2.7645000000484288,HTML parse + extraction; shared across modes
20261002T161451Z-d2eb76ee,industrial,original_fast,dind-dns-shop.ru-f878c1c96441254e,dns-shop.ru-run-none30.html,html/dns-shop.ru-run-none30.html,dns-shop.ru,ok,,0.9968999999691732,,46.75289999996312,18.0,18.0,18.0,False,,,,ok,False,46.75289999996312,2.776499999978114,HTML parse + extraction; shared across modes
20261002T161451Z-d2eb76ee,industrial,original_fast_query,dind-dns-shop.ru-f878c1c96441254e,dns-shop.ru-run-none30.html,html/dns-shop.ru-run-none30.html,dns-shop.ru,ok,,0.9968999999691732,,49.52939999994123,0.0,0.0,0.0,False,,,,ok,False,46.75289999996312,2.776499999978114,HTML parse + extraction; shared across modes
20261002T161451Z-d2eb76ee,industrial,original_fast,dind-dns-shop.ru-2198c54dfd3d2076,dns-shop.ru-run-none31.html,html/dns-shop.ru-run-none31.html,dns-shop.ru,ok,,0.9785999999730848,,30.01560000004247,18.0,18.0,18.0,False,,,,ok,False,30.01560000004247,2.804199999955017,HTML parse + extraction; shared across modes
20261002T161451Z-d2eb76ee,industrial,original_fast_query,dind-dns-shop.ru-2198c54dfd3d2076,dns-shop.ru-run-none31.html,html/dns-shop.ru-run-none31.html,dns-shop.ru,ok,,0.9785999999730848,,32.819799999997485,0.0,0.0,0.0,False,,,,ok,False,30.01560000004247,2.804199999955017,HTML parse + extraction; shared across modes
20261002T161451Z-d2eb76ee,industrial,original_fast,dind-dns-shop.ru-e8d091ebce0ef80f,dns-shop.ru-run-none32.html,html/dns-shop.ru-run-none32.html,dns-shop.ru,ok,,1.2519999999785796,,30.48090000002412,18.0,18.0,18.0,False,,,,ok,False,30.48090000002412,3.423300000024028,HTML parse + extraction; shared across modes
20261002T161451Z-d2eb76ee,industrial,original_fast_query,dind-dns-shop.ru-e8d091ebce0ef80f,dns-shop.ru-run-none32.html,html/dns-shop.ru-run-none32.html,dns-shop.ru,ok,,1.2519999999785796,,33.90420000004815,18.0,18.0,18.0,False,,,,ok,False,30.48090000002412,3.423300000024028,HTML parse + extraction; shared across modes
20261002T161451Z-d2eb76ee,industrial,original_fast,dind-dns-shop.ru-f2b4db0b14d601f5,dns-shop.ru-run-none33.html,html/dns-shop.ru-run-none33.html,dns-shop.ru,ok,,1.1054000000003725,,47.15189999999711,18.0,18.0,18.0,False,,,,ok,False,47.15189999999711,2.8500000000349246,HTML parse + extraction; shared across modes
20261002T161451Z-d2eb76ee,industrial,original_fast_query,dind-dns-shop.ru-f2b4db0b14d601f5,dns-shop.ru-run-none33.html,html/dns-shop.ru-run-none33.html,dns-shop.ru,ok,,1.1054000000003725,,50.00190000003204,0.0,0.0,0.0,False,,,,ok,False,47.15189999999711,2.8500000000349246,HTML parse + extraction; shared across modes
20261002T161451Z-d2eb76ee,industrial,original_fast,dind-dns-shop.ru-c972a387a5634908,dns-shop.ru-run-none34.html,html/dns-shop.ru-run-none34.html,dns-shop.ru,ok,,1.1913000000058673,,29.71590000001015,18.0,18.0,18.0,False,,,,ok,False,29.71590000001015,2.85820000001695,HTML parse + extraction; shared across modes
20261002T161451Z-d2eb76ee,industrial,original_fast_query,dind-dns-shop.ru-c972a387a5634908,dns-shop.ru-run-none34.html,html/dns-shop.ru-run-none34.html,dns-shop.ru,ok,,1.1913000000058673,,32.5741000000271,0.0,0.0,0.0,False,,,,ok,False,29.71590000001015,2.85820000001695,HTML parse + extraction; shared across modes
20261002T161451Z-d2eb76ee,industrial,original_fast,dind-dns-shop.ru-1daabf0100ef084e,dns-shop.ru-run-none35.html,html/dns-shop.ru-run-none35.html,dns-shop.ru,ok,,1.0564000000013039,,29.06579999998212,18.0,18.0,18.0,False,,,,ok,False,29.06579999998212,2.7458999999798834,HTML parse + extraction; shared across modes
20261002T161451Z-d2eb76ee,industrial,original_fast_query,dind-dns-shop.ru-1daabf0100ef084e,dns-shop.ru-run-none35.html,html/dns-shop.ru-run-none35.html,dns-shop.ru,ok,,1.0564000000013039,,31.811699999962002,0.0,0.0,0.0,False,,,,ok,False,29.06579999998212,2.7458999999798834,HTML parse + extraction; shared across modes
20261002T161451Z-d2eb76ee,industrial,original_fast,dind-dns-shop.ru-c540244729f3afe8,dns-shop.ru-run-none36.html,html/dns-shop.ru-run-none36.html,dns-shop.ru,ok,,1.2950999999884516,,42.14470000000438,18.0,18.0,18.0,False,,,,ok,False,42.14470000000438,2.984500000020489,HTML parse + extraction; shared across modes
20261002T161451Z-d2eb76ee,industrial,original_fast_query,dind-dns-shop.ru-c540244729f3afe8,dns-shop.ru-run-none36.html,html/dns-shop.ru-run-none36.html,dns-shop.ru,ok,,1.2950999999884516,,45.129200000024866,0.0,0.0,0.0,False,,,,ok,False,42.14470000000438,2.984500000020489,HTML parse + extraction; shared across modes
20261002T161451Z-d2eb76ee,industrial,original_fast,dind-dns-shop.ru-2824d29f205128a1,dns-shop.ru-run-none37.html,html/dns-shop.ru-run-none37.html,dns-shop.ru,ok,,1.0033000000403263,,28.279099999985192,18.0,18.0,18.0,False,,,,ok,False,28.279099999985192,3.046299999987241,HTML parse + extraction; shared across modes
20261002T161451Z-d2eb76ee,industrial,original_fast_query,dind-dns-shop.ru-2824d29f205128a1,dns-shop.ru-run-none37.html,html/dns-shop.ru-run-none37.html,dns-shop.ru,ok,,1.0033000000403263,,31.325399999972433,0.0,0.0,0.0,False,,,,ok,False,28.279099999985192,3.046299999987241,HTML parse + extraction; shared across modes
20261002T161451Z-d2eb76ee,industrial,original_fast,dind-dns-shop.ru-e46adc0c328cc286,dns-shop.ru-run-none38.html,html/dns-shop.ru-run-none38.html,dns-shop.ru,ok,,1.0820999999996275,,29.38690000004135,18.0,18.0,18.0,False,,,,ok,False,29.38690000004135,2.960800000000745,HTML parse + extraction; shared across modes
20261002T161451Z-d2eb76ee,industrial,original_fast_query,dind-dns-shop.ru-e46adc0c328cc286,dns-shop.ru-run-none38.html,html/dns-shop.ru-run-none38.html,dns-shop.ru,ok,,1.0820999999996275,,32.347700000042096,0.0,0.0,0.0,False,,,,ok,False,29.38690000004135,2.960800000000745,HTML parse + extraction; shared across modes
20261002T161451Z-d2eb76ee,industrial,original_fast,dind-dns-shop.ru-f8afdc6ad037e786,dns-shop.ru-run-none39.html,html/dns-shop.ru-run-none39.html,dns-shop.ru,ok,,1.0495999999693595,,44.10839999996824,18.0,18.0,18.0,False,,,,ok,False,44.10839999996824,2.769399999990128,HTML parse + extraction; shared across modes
20261002T161451Z-d2eb76ee,industrial,original_fast_query,dind-dns-shop.ru-f8afdc6ad037e786,dns-shop.ru-run-none39.html,html/dns-shop.ru-run-none39.html,dns-shop.ru,ok,,1.0495999999693595,,46.87779999995837,0.0,0.0,0.0,False,,,,ok,False,44.10839999996824,2.769399999990128,HTML parse + extraction; shared across modes
20261002T161451Z-d2eb76ee,industrial,original_fast,dind-dns-shop.ru-5564a34319f17254,dns-shop.ru-run-none40.html,html/dns-shop.ru-run-none40.html,dns-shop.ru,ok,,1.0335000000195578,,29.07650000002468,18.0,18.0,18.0,False,,,,ok,False,29.07650000002468,2.992900000012014,HTML parse + extraction; shared across modes
20261002T161451Z-d2eb76ee,industrial,original_fast_query,dind-dns-shop.ru-5564a34319f17254,dns-shop.ru-run-none40.html,html/dns-shop.ru-run-none40.html,dns-shop.ru,ok,,1.0335000000195578,,32.069400000036694,0.0,0.0,0.0,False,,,,ok,False,29.07650000002468,2.992900000012014,HTML parse + extraction; shared across modes
20261002T161451Z-d2eb76ee,industrial,original_fast,dind-dns-shop.ru-f81b39d0b9945b9b,dns-shop.ru-run-none41.html,html/dns-shop.ru-run-none41.html,dns-shop.ru,ok,,1.243099999963306,,28.534299999999348,18.0,18.0,18.0,False,,,,ok,False,28.534299999999348,2.834499999997206,HTML parse + extraction; shared across modes
20261002T161451Z-d2eb76ee,industrial,original_fast_query,dind-dns-shop.ru-f81b39d0b9945b9b,dns-shop.ru-run-none41.html,html/dns-shop.ru-run-none41.html,dns-shop.ru,ok,,1.243099999963306,,31.368799999996554,0.0,0.0,0.0,False,,,,ok,False,28.534299999999348,2.834499999997206,HTML parse + extraction; shared across modes
20261002T161451Z-d2eb76ee,industrial,original_fast,dind-dns-shop.ru-32b1fcaa3a2d2e3c,dns-shop.ru-run-none42.html,html/dns-shop.ru-run-none42.html,dns-shop.ru,ok,,1.554100000008475,,42.648199999995995,18.0,18.0,18.0,False,,,,ok,False,42.648199999995995,2.820899999991525,HTML parse + extraction; shared across modes
20261002T161451Z-d2eb76ee,industrial,original_fast_query,dind-dns-shop.ru-32b1fcaa3a2d2e3c,dns-shop.ru-run-none42.html,html/dns-shop.ru-run-none42.html,dns-shop.ru,ok,,1.554100000008475,,45.46909999998752,0.0,0.0,0.0,False,,,,ok,False,42.648199999995995,2.820899999991525,HTML parse + extraction; shared across modes
20261002T161451Z-d2eb76ee,industrial,original_fast,dind-dns-shop.ru-b4e6fddfb8cc1f85,dns-shop.ru-run-none43.html,html/dns-shop.ru-run-none43.html,dns-shop.ru,ok,,1.1898999999975786,,30.596200000029057,18.0,18.0,18.0,False,,,,ok,False,30.596200000029057,2.8589999999967404,HTML parse + extraction; shared across modes
20261002T161451Z-d2eb76ee,industrial,original_fast_query,dind-dns-shop.ru-b4e6fddfb8cc1f85,dns-shop.ru-run-none43.html,html/dns-shop.ru-run-none43.html,dns-shop.ru,ok,,1.1898999999975786,,33.4552000000258,0.0,0.0,0.0,False,,,,ok,False,30.596200000029057,2.8589999999967404,HTML parse + extraction; shared across modes
20261002T161451Z-d2eb76ee,industrial,original_fast,dind-dns-shop.ru-37f14821f393b029,dns-shop.ru-run-none44.html,html/dns-shop.ru-run-none44.html,dns-shop.ru,ok,,1.206499999971129,,26.847999999998137,18.0,18.0,18.0,False,,,,ok,False,26.847999999998137,3.0305999999982305,HTML parse + extraction; shared across modes
20261002T161451Z-d2eb76ee,industrial,original_fast_query,dind-dns-shop.ru-37f14821f393b029,dns-shop.ru-run-none44.html,html/dns-shop.ru-run-none44.html,dns-shop.ru,ok,,1.206499999971129,,29.878599999996368,0.0,0.0,0.0,False,,,,ok,False,26.847999999998137,3.0305999999982305,HTML parse + extraction; shared across modes
20261002T161451Z-d2eb76ee,industrial,original_fast,dind-dns-shop.ru-2c7a29d35d5d4eaf,dns-shop.ru-run-none45.html,html/dns-shop.ru-run-none45.html,dns-shop.ru,ok,,1.2831000000005588,,12533.373100000026,0.0,0.0,0.0,False,,,,empty,False,12533.373100000026,0.04989999998360872,HTML parse + extraction; shared across modes
20261002T161451Z-d2eb76ee,industrial,original_fast_query,dind-dns-shop.ru-2c7a29d35d5d4eaf,dns-shop.ru-run-none45.html,html/dns-shop.ru-run-none45.html,dns-shop.ru,ok,,1.2831000000005588,,12533.42300000001,0.0,0.0,0.0,False,,,,empty,False,12533.373100000026,0.04989999998360872,HTML parse + extraction; shared across modes
20261002T161451Z-d2eb76ee,industrial,original_fast,dind-dns-shop.ru-9dd9c1645a03e017,dns-shop.ru-run-2fcceeba.html,html/dns-shop.ru-run-2fcceeba.html,dns-shop.ru,ok,,13.14120000001276,,33.707600000023376,18.0,18.0,18.0,False,,,,ok,False,33.707600000023376,3.0203999999794178,HTML parse + extraction; shared across modes
20261002T161451Z-d2eb76ee,industrial,original_fast_query,dind-dns-shop.ru-9dd9c1645a03e017,dns-shop.ru-run-2fcceeba.html,html/dns-shop.ru-run-2fcceeba.html,dns-shop.ru,ok,,13.14120000001276,,36.728000000002794,0.0,0.0,0.0,False,,,,ok,False,33.707600000023376,3.0203999999794178,HTML parse + extraction; shared across modes
20261002T161451Z-d2eb76ee,industrial,original_fast,dind-dns-shop.ru-7a35f41002832ba2,dns-shop.ru-run-4ae1c2e7.html,html/dns-shop.ru-run-4ae1c2e7.html,dns-shop.ru,ok,,1.1744000000180677,,34.021600000036415,18.0,18.0,18.0,False,,,,ok,False,34.021600000036415,2.5262000000220723,HTML parse + extraction; shared across modes
20261002T161451Z-d2eb76ee,industrial,original_fast_query,dind-dns-shop.ru-7a35f41002832ba2,dns-shop.ru-run-4ae1c2e7.html,html/dns-shop.ru-run-4ae1c2e7.html,dns-shop.ru,ok,,1.1744000000180677,,36.54780000005849,18.0,18.0,18.0,False,,,,ok,False,34.021600000036415,2.5262000000220723,HTML parse + extraction; shared across modes
20261002T161451Z-d2eb76ee,industrial,original_fast,dind-dns-shop.ru-b189120c5c34179d,dns-shop.ru-run-77ea1710.html,html/dns-shop.ru-run-77ea1710.html,dns-shop.ru,ok,,1.1106000000145286,,28.492399999988265,18.0,18.0,18.0,False,,,,ok,False,28.492399999988265,2.298899999994319,HTML parse + extraction; shared across modes
20261002T161451Z-d2eb76ee,industrial,original_fast_query,dind-dns-shop.ru-b189120c5c34179d,dns-shop.ru-run-77ea1710.html,html/dns-shop.ru-run-77ea1710.html,dns-shop.ru,ok,,1.1106000000145286,,30.791299999982584,18.0,18.0,18.0,False,,,,ok,False,28.492399999988265,2.298899999994319,HTML parse + extraction; shared across modes
20261002T161451Z-d2eb76ee,industrial,original_fast,dind-dns-shop.ru-74d2e0772b88cccb,dns-shop.ru-run-94fca290.html,html/dns-shop.ru-run-94fca290.html,dns-shop.ru,ok,,1.1418999999877997,,39.95569999999134,18.0,18.0,18.0,False,,,,ok,False,39.95569999999134,3.136999999987893,HTML parse + extraction; shared across modes
20261002T161451Z-d2eb76ee,industrial,original_fast_query,dind-dns-shop.ru-74d2e0772b88cccb,dns-shop.ru-run-94fca290.html,html/dns-shop.ru-run-94fca290.html,dns-shop.ru,ok,,1.1418999999877997,,43.09269999997923,18.0,18.0,18.0,False,,,,ok,False,39.95569999999134,3.136999999987893,HTML parse + extraction; shared across modes
20261002T161451Z-d2eb76ee,industrial,original_fast,dind-dns-shop.ru-8b9ca76d14a1d9e1,dns-shop.ru-run-b346efa2.html,html/dns-shop.ru-run-b346efa2.html,dns-shop.ru,ok,,1.1995000000461005,,29.902599999972153,18.0,18.0,18.0,False,,,,ok,False,29.902599999972153,2.73599999997532,HTML parse + extraction; shared across modes
20261002T161451Z-d2eb76ee,industrial,original_fast_query,dind-dns-shop.ru-8b9ca76d14a1d9e1,dns-shop.ru-run-b346efa2.html,html/dns-shop.ru-run-b346efa2.html,dns-shop.ru,ok,,1.1995000000461005,,32.63859999994747,18.0,18.0,18.0,False,,,,ok,False,29.902599999972153,2.73599999997532,HTML parse + extraction; shared across modes
20261002T161451Z-d2eb76ee,industrial,original_fast,dind-etm.ru-5ec13e2b305fa590,etm.ru-run-8dd91d0f.html,html/etm.ru-run-8dd91d0f.html,etm.ru,ok,,1.48230000003241,,917.1721999999718,10.0,9.0,9.0,False,,,,ok,False,917.1721999999718,0.959499999997206,HTML parse + extraction; shared across modes
20261002T161451Z-d2eb76ee,industrial,original_fast_query,dind-etm.ru-5ec13e2b305fa590,etm.ru-run-8dd91d0f.html,html/etm.ru-run-8dd91d0f.html,etm.ru,ok,,1.48230000003241,,918.131699999969,1.0,1.0,1.0,False,,,,ok,False,917.1721999999718,0.959499999997206,HTML parse + extraction; shared across modes
20261002T161451Z-d2eb76ee,industrial,original_fast,dind-etm.ru-ce65bfbecd538b17,etm.ru-run-b609a8c6.html,html/etm.ru-run-b609a8c6.html,etm.ru,ok,,12.934000000008382,,1285.9750999999815,10.0,9.0,9.0,False,,,,ok,False,1285.9750999999815,0.9161999999778345,HTML parse + extraction; shared across modes
20261002T161451Z-d2eb76ee,industrial,original_fast_query,dind-etm.ru-ce65bfbecd538b17,etm.ru-run-b609a8c6.html,html/etm.ru-run-b609a8c6.html,etm.ru,ok,,12.934000000008382,,1286.8912999999593,4.0,4.0,4.0,False,,,,ok,False,1285.9750999999815,0.9161999999778345,HTML parse + extraction; shared across modes
20261002T161451Z-d2eb76ee,industrial,original_fast,dind-hahn-kolb.ru-0b2260cfa1d12dea,hahn-kolb.ru-run-8238baa5.html,html/hahn-kolb.ru-run-8238baa5.html,hahn-kolb.ru,skipped,missing_html,,,,,,,,,,,,,,,
20261002T161451Z-d2eb76ee,industrial,original_fast_query,dind-hahn-kolb.ru-0b2260cfa1d12dea,hahn-kolb.ru-run-8238baa5.html,html/hahn-kolb.ru-run-8238baa5.html,hahn-kolb.ru,skipped,missing_html,,,,,,,,,,,,,,,
20261002T161451Z-d2eb76ee,industrial,original_fast,dind-komus.ru-b05effd6532b7f9b,komus.ru-run-none1.html,html/komus.ru-run-none1.html,komus.ru,ok,,14.84020000003511,,6624.241399999999,27.0,27.0,27.0,False,,,,ok,False,6624.241399999999,2.8721999999834225,HTML parse + extraction; shared across modes
20261002T161451Z-d2eb76ee,industrial,original_fast_query,dind-komus.ru-b05effd6532b7f9b,komus.ru-run-none1.html,html/komus.ru-run-none1.html,komus.ru,ok,,14.84020000003511,,6627.113599999982,27.0,27.0,27.0,False,,,,ok,False,6624.241399999999,2.8721999999834225,HTML parse + extraction; shared across modes
20261002T161451Z-d2eb76ee,industrial,original_fast,dind-komus.ru-11490b3dd28bfa7d,komus.ru-run-none2.html,html/komus.ru-run-none2.html,komus.ru,ok,,14.651399999973364,,7396.587300000014,27.0,27.0,27.0,False,,,,ok,False,7396.587300000014,3.2595999999903142,HTML parse + extraction; shared across modes
20261002T161451Z-d2eb76ee,industrial,original_fast_query,dind-komus.ru-11490b3dd28bfa7d,komus.ru-run-none2.html,html/komus.ru-run-none2.html,komus.ru,ok,,14.651399999973364,,7399.846900000004,27.0,27.0,27.0,False,,,,ok,False,7396.587300000014,3.2595999999903142,HTML parse + extraction; shared across modes
20261002T161451Z-d2eb76ee,industrial,original_fast,dind-komus.ru-6ab2c63743e80fe2,komus.ru-run-none3.html,html/komus.ru-run-none3.html,komus.ru,ok,,13.952999999979511,,7568.144499999995,27.0,27.0,27.0,False,,,,ok,False,7568.144499999995,3.310200000007171,HTML parse + extraction; shared across modes
20261002T161451Z-d2eb76ee,industrial,original_fast_query,dind-komus.ru-6ab2c63743e80fe2,komus.ru-run-none3.html,html/komus.ru-run-none3.html,komus.ru,ok,,13.952999999979511,,7571.454700000002,27.0,27.0,27.0,False,,,,ok,False,7568.144499999995,3.310200000007171,HTML parse + extraction; shared across modes
20261002T161451Z-d2eb76ee,industrial,original_fast,dind-komus.ru-6f7eb9ea777697b3,komus.ru-run-none4.html,html/komus.ru-run-none4.html,komus.ru,ok,,14.516300000017509,,7672.514900000009,27.0,27.0,27.0,False,,,,ok,False,7672.514900000009,3.236399999994319,HTML parse + extraction; shared across modes
20261002T161451Z-d2eb76ee,industrial,original_fast_query,dind-komus.ru-6f7eb9ea777697b3,komus.ru-run-none4.html,html/komus.ru-run-none4.html,komus.ru,ok,,14.516300000017509,,7675.7513000000035,27.0,27.0,27.0,False,,,,ok,False,7672.514900000009,3.236399999994319,HTML parse + extraction; shared across modes
20261002T161451Z-d2eb76ee,industrial,original_fast,dind-komus.ru-2cf9855072dedf49,komus.ru-run-none5.html,html/komus.ru-run-none5.html,komus.ru,ok,,14.623699999996461,,7363.1026999999885,27.0,27.0,27.0,False,,,,ok,False,7363.1026999999885,4.507500000006985,HTML parse + extraction; shared across modes
20261002T161451Z-d2eb76ee,industrial,original_fast_query,dind-komus.ru-2cf9855072dedf49,komus.ru-run-none5.html,html/komus.ru-run-none5.html,komus.ru,ok,,14.623699999996461,,7367.6101999999955,27.0,27.0,27.0,False,,,,ok,False,7363.1026999999885,4.507500000006985,HTML parse + extraction; shared across modes
20261002T161451Z-d2eb76ee,industrial,original_fast,dind-komus.ru-023e5ca676225909,komus.ru-run-none6.html,html/komus.ru-run-none6.html,komus.ru,ok,,2.2207999999518506,,7409.4523000000045,27.0,27.0,27.0,False,,,,ok,False,7409.4523000000045,3.6273999999975786,HTML parse + extraction; shared across modes
20261002T161451Z-d2eb76ee,industrial,original_fast_query,dind-komus.ru-023e5ca676225909,komus.ru-run-none6.html,html/komus.ru-run-none6.html,komus.ru,ok,,2.2207999999518506,,7413.079700000002,27.0,27.0,27.0,False,,,,ok,False,7409.4523000000045,3.6273999999975786,HTML parse + extraction; shared across modes
20261002T161451Z-d2eb76ee,industrial,original_fast,dind-komus.ru-58c1a96dda4c3778,komus.ru-run-none7.html,html/komus.ru-run-none7.html,komus.ru,ok,,13.019700000004377,,7418.905300000042,27.0,27.0,27.0,False,,,,ok,False,7418.905300000042,3.256500000017695,HTML parse + extraction; shared across modes
20261002T161451Z-d2eb76ee,industrial,original_fast_query,dind-komus.ru-58c1a96dda4c3778,komus.ru-run-none7.html,html/komus.ru-run-none7.html,komus.ru,ok,,13.019700000004377,,7422.16180000006,27.0,27.0,27.0,False,,,,ok,False,7418.905300000042,3.256500000017695,HTML parse + extraction; shared across modes
20261002T161451Z-d2eb76ee,industrial,original_fast,dind-komus.ru-c0e90dc894a3f454,komus.ru-run-none8.html,html/komus.ru-run-none8.html,komus.ru,ok,,13.838200000056531,,1728.8408000000054,1.0,1.0,1.0,False,,,,ok,False,1728.8408000000054,0.21230000001378357,HTML parse + extraction; shared across modes
20261002T161451Z-d2eb76ee,industrial,original_fast_query,dind-komus.ru-c0e90dc894a3f454,komus.ru-run-none8.html,html/komus.ru-run-none8.html,komus.ru,ok,,13.838200000056531,,1729.0531000000192,0.0,0.0,0.0,False,,,,ok,False,1728.8408000000054,0.21230000001378357,HTML parse + extraction; shared across modes
20261002T161451Z-d2eb76ee,industrial,original_fast,dind-komus.ru-41d20e640e2f54ca,komus.ru-run-none9.html,html/komus.ru-run-none9.html,komus.ru,ok,,13.144800000009127,,7583.015500000038,27.0,27.0,27.0,False,,,,ok,False,7583.015500000038,3.2102999999769963,HTML parse + extraction; shared across modes
20261002T161451Z-d2eb76ee,industrial,original_fast_query,dind-komus.ru-41d20e640e2f54ca,komus.ru-run-none9.html,html/komus.ru-run-none9.html,komus.ru,ok,,13.144800000009127,,7586.225800000015,27.0,27.0,27.0,False,,,,ok,False,7583.015500000038,3.2102999999769963,HTML parse + extraction; shared across modes
20261002T161451Z-d2eb76ee,industrial,original_fast,dind-komus.ru-607c4231e49e9843,komus.ru-run-none10.html,html/komus.ru-run-none10.html,komus.ru,ok,,13.708699999959208,,7532.453000000038,27.0,27.0,27.0,False,,,,ok,False,7532.453000000038,3.231000000028871,HTML parse + extraction; shared across modes
20261002T161451Z-d2eb76ee,industrial,original_fast_query,dind-komus.ru-607c4231e49e9843,komus.ru-run-none10.html,html/komus.ru-run-none10.html,komus.ru,ok,,13.708699999959208,,7535.684000000067,27.0,27.0,27.0,False,,,,ok,False,7532.453000000038,3.231000000028871,HTML parse + extraction; shared across modes
20261002T161451Z-d2eb76ee,industrial,original_fast,dind-komus.ru-cee4656ff9fe75f8,komus.ru-run-none11.html,html/komus.ru-run-none11.html,komus.ru,ok,,14.198099999979604,,7664.877700000012,27.0,27.0,27.0,False,,,,ok,False,7664.877700000012,3.198099999979604,HTML parse + extraction; shared across modes
20261002T161451Z-d2eb76ee,industrial,original_fast_query,dind-komus.ru-cee4656ff9fe75f8,komus.ru-run-none11.html,html/komus.ru-run-none11.html,komus.ru,ok,,14.198099999979604,,7668.075799999991,27.0,27.0,27.0,False,,,,ok,False,7664.877700000012,3.198099999979604,HTML parse + extraction; shared across modes
20261002T161451Z-d2eb76ee,industrial,original_fast,dind-komus.ru-329f550a6d3b95ff,komus.ru-run-none12.html,html/komus.ru-run-none12.html,komus.ru,ok,,1.9934999999823049,,7845.90750000003,27.0,27.0,27.0,False,,,,ok,False,7845.90750000003,3.2956000000122003,HTML parse + extraction; shared across modes
20261002T161451Z-d2eb76ee,industrial,original_fast_query,dind-komus.ru-329f550a6d3b95ff,komus.ru-run-none12.html,html/komus.ru-run-none12.html,komus.ru,ok,,1.9934999999823049,,7849.2031000000425,27.0,27.0,27.0,False,,,,ok,False,7845.90750000003,3.2956000000122003,HTML parse + extraction; shared across modes
20261002T161451Z-d2eb76ee,industrial,original_fast,dind-komus.ru-6f947666964b40f8,komus.ru-run-none13.html,html/komus.ru-run-none13.html,komus.ru,ok,,2.943299999984447,,8559.461299999966,27.0,27.0,27.0,False,,,,ok,False,8559.461299999966,3.335999999952037,HTML parse + extraction; shared across modes
20261002T161451Z-d2eb76ee,industrial,original_fast_query,dind-komus.ru-6f947666964b40f8,komus.ru-run-none13.html,html/komus.ru-run-none13.html,komus.ru,ok,,2.943299999984447,,8562.797299999918,27.0,27.0,27.0,False,,,,ok,False,8559.461299999966,3.335999999952037,HTML parse + extraction; shared across modes
20261002T161451Z-d2eb76ee,industrial,original_fast,dind-komus.ru-84cbf3c2771d2ecd,komus.ru-run-none14.html,html/komus.ru-run-none14.html,komus.ru,ok,,13.861700000008568,,7481.5000999999465,27.0,27.0,27.0,False,,,,ok,False,7481.5000999999465,4.014099999971222,HTML parse + extraction; shared across modes
20261002T161451Z-d2eb76ee,industrial,original_fast_query,dind-komus.ru-84cbf3c2771d2ecd,komus.ru-run-none14.html,html/komus.ru-run-none14.html,komus.ru,ok,,13.861700000008568,,7485.514199999918,27.0,27.0,27.0,False,,,,ok,False,7481.5000999999465,4.014099999971222,HTML parse + extraction; shared across modes
20261002T161451Z-d2eb76ee,industrial,original_fast,dind-komus.ru-c4ec811f50b580fc,komus.ru-run-none15.html,html/komus.ru-run-none15.html,komus.ru,ok,,2.2405999999609776,,7399.19160000002,27.0,27.0,27.0,False,,,,ok,False,7399.19160000002,3.2778999999864027,HTML parse + extraction; shared across modes
20261002T161451Z-d2eb76ee,industrial,original_fast_query,dind-komus.ru-c4ec811f50b580fc,komus.ru-run-none15.html,html/komus.ru-run-none15.html,komus.ru,ok,,2.2405999999609776,,7402.4695000000065,27.0,27.0,27.0,False,,,,ok,False,7399.19160000002,3.2778999999864027,HTML parse + extraction; shared across modes
20261002T161451Z-d2eb76ee,industrial,original_fast,dind-komus.ru-7a31877560a20352,komus.ru-run-none16.html,html/komus.ru-run-none16.html,komus.ru,ok,,13.775599999993574,,7506.167400000035,27.0,27.0,27.0,False,,,,ok,False,7506.167400000035,3.2576999999582767,HTML parse + extraction; shared across modes
20261002T161451Z-d2eb76ee,industrial,original_fast_query,dind-komus.ru-7a31877560a20352,komus.ru-run-none16.html,html/komus.ru-run-none16.html,komus.ru,ok,,13.775599999993574,,7509.425099999993,27.0,27.0,27.0,False,,,,ok,False,7506.167400000035,3.2576999999582767,HTML parse + extraction; shared across modes
20261002T161451Z-d2eb76ee,industrial,original_fast,dind-komus.ru-31fd7c045fb2ea41,komus.ru-run-none17.html,html/komus.ru-run-none17.html,komus.ru,ok,,15.073399999993853,,7591.801100000041,27.0,27.0,27.0,False,,,,ok,False,7591.801100000041,3.2674000000115484,HTML parse + extraction; shared across modes
20261002T161451Z-d2eb76ee,industrial,original_fast_query,dind-komus.ru-31fd7c045fb2ea41,komus.ru-run-none17.html,html/komus.ru-run-none17.html,komus.ru,ok,,15.073399999993853,,7595.068500000052,27.0,27.0,27.0,False,,,,ok,False,7591.801100000041,3.2674000000115484,HTML parse + extraction; shared across modes
20261002T161451Z-d2eb76ee,industrial,original_fast,dind-komus.ru-d35e011b185be0a6,komus.ru-run-none18.html,html/komus.ru-run-none18.html,komus.ru,ok,,13.402999999932945,,1749.0744000000414,0.0,0.0,0.0,False,,,,empty,False,1749.0744000000414,0.03969999996479601,HTML parse + extraction; shared across modes
20261002T161451Z-d2eb76ee,industrial,original_fast_query,dind-komus.ru-d35e011b185be0a6,komus.ru-run-none18.html,html/komus.ru-run-none18.html,komus.ru,ok,,13.402999999932945,,1749.1141000000061,0.0,0.0,0.0,False,,,,empty,False,1749.0744000000414,0.03969999996479601,HTML parse + extraction; shared across modes
20261002T161451Z-d2eb76ee,industrial,original_fast,dind-komus.ru-4ec3512b66f59759,komus.ru-run-none19.html,html/komus.ru-run-none19.html,komus.ru,ok,,13.795200000051409,,1652.2664999999106,0.0,0.0,0.0,False,,,,empty,False,1652.2664999999106,0.024299999931827188,HTML parse + extraction; shared across modes
20261002T161451Z-d2eb76ee,industrial,original_fast_query,dind-komus.ru-4ec3512b66f59759,komus.ru-run-none19.html,html/komus.ru-run-none19.html,komus.ru,ok,,13.795200000051409,,1652.2907999998424,0.0,0.0,0.0,False,,,,empty,False,1652.2664999999106,0.024299999931827188,HTML parse + extraction; shared across modes
20261002T161451Z-d2eb76ee,industrial,original_fast,dind-komus.ru-f83a8cdb85dbe548,komus.ru-run-none20.html,html/komus.ru-run-none20.html,komus.ru,ok,,2.1062000000383705,,8429.832799999975,27.0,27.0,27.0,False,,,,ok,False,8429.832799999975,3.2661999999545515,HTML parse + extraction; shared across modes
20261002T161451Z-d2eb76ee,industrial,original_fast_query,dind-komus.ru-f83a8cdb85dbe548,komus.ru-run-none20.html,html/komus.ru-run-none20.html,komus.ru,ok,,2.1062000000383705,,8433.09899999993,27.0,27.0,27.0,False,,,,ok,False,8429.832799999975,3.2661999999545515,HTML parse + extraction; shared across modes
20261002T161451Z-d2eb76ee,industrial,original_fast,dind-komus.ru-fd526265f9a93c7c,komus.ru-run-437fc902.html,html/komus.ru-run-437fc902.html,komus.ru,ok,,2.7011000000638887,,7634.691500000074,27.0,27.0,27.0,False,,,,ok,False,7634.691500000074,4.346400000038557,HTML parse + extraction; shared across modes
20261002T161451Z-d2eb76ee,industrial,original_fast_query,dind-komus.ru-fd526265f9a93c7c,komus.ru-run-437fc902.html,html/komus.ru-run-437fc902.html,komus.ru,ok,,2.7011000000638887,,7639.037900000112,27.0,27.0,27.0,False,,,,ok,False,7634.691500000074,4.346400000038557,HTML parse + extraction; shared across modes
20261002T161451Z-d2eb76ee,industrial,original_fast,dind-komus.ru-45e1fc98edfd6da1,komus.ru-run-6628d12b.html,html/komus.ru-run-6628d12b.html,komus.ru,ok,,2.5274000000208616,,8512.504399999976,27.0,27.0,27.0,False,,,,ok,False,8512.504399999976,3.2692999999271706,HTML parse + extraction; shared across modes
20261002T161451Z-d2eb76ee,industrial,original_fast_query,dind-komus.ru-45e1fc98edfd6da1,komus.ru-run-6628d12b.html,html/komus.ru-run-6628d12b.html,komus.ru,ok,,2.5274000000208616,,8515.773699999903,27.0,27.0,27.0,False,,,,ok,False,8512.504399999976,3.2692999999271706,HTML parse + extraction; shared across modes
20261002T161451Z-d2eb76ee,industrial,original_fast,dind-komus.ru-e44491f1d0a00d59,komus.ru-run-98da06df.html,html/komus.ru-run-98da06df.html,komus.ru,ok,,14.675900000031106,,7765.641900000046,27.0,27.0,27.0,False,,,,ok,False,7765.641900000046,3.2656000000424683,HTML parse + extraction; shared across modes
20261002T161451Z-d2eb76ee,industrial,original_fast_query,dind-komus.ru-e44491f1d0a00d59,komus.ru-run-98da06df.html,html/komus.ru-run-98da06df.html,komus.ru,ok,,14.675900000031106,,7768.9075000000885,27.0,27.0,27.0,False,,,,ok,False,7765.641900000046,3.2656000000424683,HTML parse + extraction; shared across modes
20261002T161451Z-d2eb76ee,industrial,original_fast,dind-komus.ru-d039da717f66c987,komus.ru-run-daa9251b.html,html/komus.ru-run-daa9251b.html,komus.ru,ok,,2.7158000000054017,,7506.414100000053,27.0,27.0,27.0,False,,,,ok,False,7506.414100000053,3.3675000000512227,HTML parse + extraction; shared across modes
20261002T161451Z-d2eb76ee,industrial,original_fast_query,dind-komus.ru-d039da717f66c987,komus.ru-run-daa9251b.html,html/komus.ru-run-daa9251b.html,komus.ru,ok,,2.7158000000054017,,7509.781600000104,27.0,27.0,27.0,False,,,,ok,False,7506.414100000053,3.3675000000512227,HTML parse + extraction; shared across modes
20261002T161451Z-d2eb76ee,industrial,original_fast,dind-komus.ru-e25d8f2aebb53e9c,komus.ru-run-db327323.html,html/komus.ru-run-db327323.html,komus.ru,ok,,41.41899999999441,,1748.7173000000184,0.0,0.0,0.0,False,,,,empty,False,1748.7173000000184,0.02390000002924353,HTML parse + extraction; shared across modes
20261002T161451Z-d2eb76ee,industrial,original_fast_query,dind-komus.ru-e25d8f2aebb53e9c,komus.ru-run-db327323.html,html/komus.ru-run-db327323.html,komus.ru,ok,,41.41899999999441,,1748.7412000000477,0.0,0.0,0.0,False,,,,empty,False,1748.7173000000184,0.02390000002924353,HTML parse + extraction; shared across modes
20261002T161451Z-d2eb76ee,industrial,original_fast,dind-labirint.ru-21ac626ea371bd49,labirint.ru-run-168d58c6.html,html/labirint.ru-run-168d58c6.html,labirint.ru,ok,,13.121500000008382,,1193.6526000000304,59.0,58.0,58.0,False,,,,ok,False,1193.6526000000304,2.680999999982305,HTML parse + extraction; shared across modes
20261002T161451Z-d2eb76ee,industrial,original_fast_query,dind-labirint.ru-21ac626ea371bd49,labirint.ru-run-168d58c6.html,html/labirint.ru-run-168d58c6.html,labirint.ru,ok,,13.121500000008382,,1196.3336000000127,25.0,24.0,24.0,False,,,,ok,False,1193.6526000000304,2.680999999982305,HTML parse + extraction; shared across modes
20261002T161451Z-d2eb76ee,industrial,original_fast,dind-labirint.ru-4eb2fb8b1b347b32,labirint.ru-run-787cdb0e.html,html/labirint.ru-run-787cdb0e.html,labirint.ru,ok,,12.61399999994319,,1139.2608999999939,59.0,58.0,58.0,False,,,,ok,False,1139.2608999999939,2.445600000093691,HTML parse + extraction; shared across modes
20261002T161451Z-d2eb76ee,industrial,original_fast_query,dind-labirint.ru-4eb2fb8b1b347b32,labirint.ru-run-787cdb0e.html,html/labirint.ru-run-787cdb0e.html,labirint.ru,ok,,12.61399999994319,,1141.7065000000875,25.0,24.0,24.0,False,,,,ok,False,1139.2608999999939,2.445600000093691,HTML parse + extraction; shared across modes
20261002T161451Z-d2eb76ee,industrial,original_fast,dind-labirint.ru-04ccf5be83eaa6ce,labirint.ru-run-99e5ac15.html,html/labirint.ru-run-99e5ac15.html,labirint.ru,ok,,1.9257999999681488,,6132.867500000051,53.0,52.0,52.0,False,,,,ok,False,6132.867500000051,2.3037000000476837,HTML parse + extraction; shared across modes
20261002T161451Z-d2eb76ee,industrial,original_fast_query,dind-labirint.ru-04ccf5be83eaa6ce,labirint.ru-run-99e5ac15.html,html/labirint.ru-run-99e5ac15.html,labirint.ru,ok,,1.9257999999681488,,6135.171200000099,20.0,20.0,20.0,False,,,,ok,False,6132.867500000051,2.3037000000476837,HTML parse + extraction; shared across modes
20261002T161451Z-d2eb76ee,industrial,original_fast,dind-labirint.ru-017ca7137cd84dc1,labirint.ru-run-9e372646.html,html/labirint.ru-run-9e372646.html,labirint.ru,ok,,12.490200000000186,,5937.7504999999655,53.0,52.0,52.0,False,,,,ok,False,5937.7504999999655,2.043100000009872,HTML parse + extraction; shared across modes
20261002T161451Z-d2eb76ee,industrial,original_fast_query,dind-labirint.ru-017ca7137cd84dc1,labirint.ru-run-9e372646.html,html/labirint.ru-run-9e372646.html,labirint.ru,ok,,12.490200000000186,,5939.793599999975,20.0,20.0,20.0,False,,,,ok,False,5937.7504999999655,2.043100000009872,HTML parse + extraction; shared across modes
20261002T161451Z-d2eb76ee,industrial,original_fast,dind-labirint.ru-d92a0991b3f5fccd,labirint.ru-run-c23cbd90.html,html/labirint.ru-run-c23cbd90.html,labirint.ru,ok,,43.09999999997672,,3914.3884000000544,31.0,31.0,31.0,False,,,,ok,False,3914.3884000000544,0.9643999999389052,HTML parse + extraction; shared across modes
20261002T161451Z-d2eb76ee,industrial,original_fast_query,dind-labirint.ru-d92a0991b3f5fccd,labirint.ru-run-c23cbd90.html,html/labirint.ru-run-c23cbd90.html,labirint.ru,ok,,43.09999999997672,,3915.3527999999933,17.0,17.0,17.0,False,,,,ok,False,3914.3884000000544,0.9643999999389052,HTML parse + extraction; shared across modes
20261002T161451Z-d2eb76ee,industrial,original_fast,dind-labirint.ru-186be25179ff4d2f,labirint.ru-run-d035826a.html,html/labirint.ru-run-d035826a.html,labirint.ru,ok,,14.916099999914877,,3919.5234000000637,31.0,31.0,31.0,False,,,,ok,False,3919.5234000000637,1.028400000068359,HTML parse + extraction; shared across modes
20261002T161451Z-d2eb76ee,industrial,original_fast_query,dind-labirint.ru-186be25179ff4d2f,labirint.ru-run-d035826a.html,html/labirint.ru-run-d035826a.html,labirint.ru,ok,,14.916099999914877,,3920.551800000132,17.0,17.0,17.0,False,,,,ok,False,3919.5234000000637,1.028400000068359,HTML parse + extraction; shared across modes
20261002T161451Z-d2eb76ee,industrial,original_fast,dind-labirint.ru-b5d7e810e7ca116a,labirint.ru-run-e4163107.html,html/labirint.ru-run-e4163107.html,labirint.ru,ok,,13.316699999966659,,5940.693299999926,53.0,52.0,52.0,False,,,,ok,False,5940.693299999926,2.023200000054203,HTML parse + extraction; shared across modes
20261002T161451Z-d2eb76ee,industrial,original_fast_query,dind-labirint.ru-b5d7e810e7ca116a,labirint.ru-run-e4163107.html,html/labirint.ru-run-e4163107.html,labirint.ru,ok,,13.316699999966659,,5942.71649999998,20.0,20.0,20.0,False,,,,ok,False,5940.693299999926,2.023200000054203,HTML parse + extraction; shared across modes
20261002T161451Z-d2eb76ee,industrial,original_fast,dind-labirint.ru-a54655182aa1fecc,labirint.ru-run-ec02639a.html,html/labirint.ru-run-ec02639a.html,labirint.ru,ok,,12.980600000009872,,3934.7959000000264,31.0,31.0,31.0,False,,,,ok,False,3934.7959000000264,1.3641000000061467,HTML parse + extraction; shared across modes
20261002T161451Z-d2eb76ee,industrial,original_fast_query,dind-labirint.ru-a54655182aa1fecc,labirint.ru-run-ec02639a.html,html/labirint.ru-run-ec02639a.html,labirint.ru,ok,,12.980600000009872,,3936.1600000000326,17.0,17.0,17.0,False,,,,ok,False,3934.7959000000264,1.3641000000061467,HTML parse + extraction; shared across modes
20261002T161451Z-d2eb76ee,industrial,original_fast,dind-lemanapro.ru-f0cfe5397616c775,lemanapro.ru-run-none1.html,html/lemanapro.ru-run-none1.html,lemanapro.ru,ok,,15.273000000044703,,2109.7497999999905,60.0,60.0,60.0,False,,,,ok,False,2109.7497999999905,4.046399999991991,HTML parse + extraction; shared across modes
20261002T161451Z-d2eb76ee,industrial,original_fast_query,dind-lemanapro.ru-f0cfe5397616c775,lemanapro.ru-run-none1.html,html/lemanapro.ru-run-none1.html,lemanapro.ru,ok,,15.273000000044703,,2113.7961999999825,1.0,1.0,1.0,False,,,,ok,False,2109.7497999999905,4.046399999991991,HTML parse + extraction; shared across modes
20261002T161451Z-d2eb76ee,industrial,original_fast,dind-lemanapro.ru-cf598f1239ed8afe,lemanapro.ru-run-none2.html,html/lemanapro.ru-run-none2.html,lemanapro.ru,ok,,14.351099999970756,,1926.484999999986,60.0,60.0,60.0,False,,,,ok,False,1926.484999999986,3.802100000088103,HTML parse + extraction; shared across modes
20261002T161451Z-d2eb76ee,industrial,original_fast_query,dind-lemanapro.ru-cf598f1239ed8afe,lemanapro.ru-run-none2.html,html/lemanapro.ru-run-none2.html,lemanapro.ru,ok,,14.351099999970756,,1930.2871000000741,1.0,1.0,1.0,False,,,,ok,False,1926.484999999986,3.802100000088103,HTML parse + extraction; shared across modes
20261002T161451Z-d2eb76ee,industrial,original_fast,dind-lemanapro.ru-fc39977cfc7e6c73,lemanapro.ru-run-none3.html,html/lemanapro.ru-run-none3.html,lemanapro.ru,ok,,3.1299000000581145,,2055.2602999999654,60.0,60.0,60.0,False,,,,ok,False,2055.2602999999654,4.229799999971874,HTML parse + extraction; shared across modes
20261002T161451Z-d2eb76ee,industrial,original_fast_query,dind-lemanapro.ru-fc39977cfc7e6c73,lemanapro.ru-run-none3.html,html/lemanapro.ru-run-none3.html,lemanapro.ru,ok,,3.1299000000581145,,2059.4900999999372,26.0,26.0,26.0,False,,,,ok,False,2055.2602999999654,4.229799999971874,HTML parse + extraction; shared across modes
20261002T161451Z-d2eb76ee,industrial,original_fast,dind-lemanapro.ru-4acdbb9eae290779,lemanapro.ru-run-none4.html,html/lemanapro.ru-run-none4.html,lemanapro.ru,ok,,3.6453000000910833,,1889.6472999999532,60.0,60.0,60.0,False,,,,ok,False,1889.6472999999532,4.23679999995511,HTML parse + extraction; shared across modes
20261002T161451Z-d2eb76ee,industrial,original_fast_query,dind-lemanapro.ru-4acdbb9eae290779,lemanapro.ru-run-none4.html,html/lemanapro.ru-run-none4.html,lemanapro.ru,ok,,3.6453000000910833,,1893.8840999999084,26.0,26.0,26.0,False,,,,ok,False,1889.6472999999532,4.23679999995511,HTML parse + extraction; shared across modes
20261002T161451Z-d2eb76ee,industrial,original_fast,dind-lemanapro.ru-fab71c309af5505b,lemanapro.ru-run-none5.html,html/lemanapro.ru-run-none5.html,lemanapro.ru,ok,,1.4683000000659376,,39.945300000021234,0.0,0.0,0.0,False,,,,empty,False,39.945300000021234,0.0748000000603497,HTML parse + extraction; shared across modes
20261002T161451Z-d2eb76ee,industrial,original_fast_query,dind-lemanapro.ru-fab71c309af5505b,lemanapro.ru-run-none5.html,html/lemanapro.ru-run-none5.html,lemanapro.ru,ok,,1.4683000000659376,,40.020100000081584,0.0,0.0,0.0,False,,,,empty,False,39.945300000021234,0.0748000000603497,HTML parse + extraction; shared across modes
20261002T161451Z-d2eb76ee,industrial,original_fast,dind-lemanapro.ru-486c6fb5ef917f2b,lemanapro.ru-run-none6.html,html/lemanapro.ru-run-none6.html,lemanapro.ru,ok,,3.062900000018999,,1982.3105000000214,60.0,60.0,60.0,False,,,,ok,False,1982.3105000000214,3.834499999997206,HTML parse + extraction; shared across modes
20261002T161451Z-d2eb76ee,industrial,original_fast_query,dind-lemanapro.ru-486c6fb5ef917f2b,lemanapro.ru-run-none6.html,html/lemanapro.ru-run-none6.html,lemanapro.ru,ok,,3.062900000018999,,1986.1450000000186,6.0,6.0,6.0,False,,,,ok,False,1982.3105000000214,3.834499999997206,HTML parse + extraction; shared across modes
20261002T161451Z-d2eb76ee,industrial,original_fast,dind-lemanapro.ru-09c3ea7e145206b2,lemanapro.ru-run-2e839b74.html,html/lemanapro.ru-run-2e839b74.html,lemanapro.ru,ok,,14.782900000107475,,1933.4123999999138,60.0,60.0,60.0,False,,,,ok,False,1933.4123999999138,3.9144000000087544,HTML parse + extraction; shared across modes
20261002T161451Z-d2eb76ee,industrial,original_fast_query,dind-lemanapro.ru-09c3ea7e145206b2,lemanapro.ru-run-2e839b74.html,html/lemanapro.ru-run-2e839b74.html,lemanapro.ru,ok,,14.782900000107475,,1937.3267999999225,6.0,6.0,6.0,False,,,,ok,False,1933.4123999999138,3.9144000000087544,HTML parse + extraction; shared across modes
20261002T161451Z-d2eb76ee,industrial,original_fast,dind-lemanapro.ru-f525d96c96aaf6dc,lemanapro.ru-run-99b5ac8f.html,html/lemanapro.ru-run-99b5ac8f.html,lemanapro.ru,ok,,14.43819999997504,,1842.2587999999523,60.0,60.0,60.0,False,,,,ok,False,1842.2587999999523,3.741700000013225,HTML parse + extraction; shared across modes
20261002T161451Z-d2eb76ee,industrial,original_fast_query,dind-lemanapro.ru-f525d96c96aaf6dc,lemanapro.ru-run-99b5ac8f.html,html/lemanapro.ru-run-99b5ac8f.html,lemanapro.ru,ok,,14.43819999997504,,1846.0004999999655,1.0,1.0,1.0,False,,,,ok,False,1842.2587999999523,3.741700000013225,HTML parse + extraction; shared across modes
20261002T161451Z-d2eb76ee,industrial,original_fast,dind-lemanapro.ru-df1069562cd0eec0,lemanapro.ru-run-ecee459d.html,html/lemanapro.ru-run-ecee459d.html,lemanapro.ru,ok,,1.226399999926798,,36.95319999998901,0.0,0.0,0.0,False,,,,empty,False,36.95319999998901,0.10779999999795109,HTML parse + extraction; shared across modes
20261002T161451Z-d2eb76ee,industrial,original_fast_query,dind-lemanapro.ru-df1069562cd0eec0,lemanapro.ru-run-ecee459d.html,html/lemanapro.ru-run-ecee459d.html,lemanapro.ru,ok,,1.226399999926798,,37.06099999998696,0.0,0.0,0.0,False,,,,empty,False,36.95319999998901,0.10779999999795109,HTML parse + extraction; shared across modes
20261002T161451Z-d2eb76ee,industrial,original_fast,dind-lemanapro.ru-b9b4d6ef071bd3cd,lemanapro.ru-run-fac98328.html,html/lemanapro.ru-run-fac98328.html,lemanapro.ru,ok,,3.313700000056997,,1962.6565999999875,60.0,60.0,60.0,False,,,,ok,False,1962.6565999999875,4.544299999950454,HTML parse + extraction; shared across modes
20261002T161451Z-d2eb76ee,industrial,original_fast_query,dind-lemanapro.ru-b9b4d6ef071bd3cd,lemanapro.ru-run-fac98328.html,html/lemanapro.ru-run-fac98328.html,lemanapro.ru,ok,,3.313700000056997,,1967.200899999938,26.0,26.0,26.0,False,,,,ok,False,1962.6565999999875,4.544299999950454,HTML parse + extraction; shared across modes
20261002T161451Z-d2eb76ee,industrial,original_fast,dind-lemanapro.ru-ecf8fe1428f45043,lemanapro.ru-run-fe1a35c2.html,html/lemanapro.ru-run-fe1a35c2.html,lemanapro.ru,ok,,14.258000000030734,,1836.3203000000212,60.0,60.0,60.0,False,,,,ok,False,1836.3203000000212,3.6515000000363216,HTML parse + extraction; shared across modes
20261002T161451Z-d2eb76ee,industrial,original_fast_query,dind-lemanapro.ru-ecf8fe1428f45043,lemanapro.ru-run-fe1a35c2.html,html/lemanapro.ru-run-fe1a35c2.html,lemanapro.ru,ok,,14.258000000030734,,1839.9718000000576,1.0,1.0,1.0,False,,,,ok,False,1836.3203000000212,3.6515000000363216,HTML parse + extraction; shared across modes
20261002T161451Z-d2eb76ee,industrial,original_fast,dind-market.yandex.ru-1b519c43e22aa033,market.yandex.ru-run-8d5e2489.html,html/market.yandex.ru-run-8d5e2489.html,market.yandex.ru,ok,,17.41940000001341,,1046.059899999993,24.0,24.0,24.0,False,,,,ok,False,1046.059899999993,2.75089999998454,HTML parse + extraction; shared across modes
20261002T161451Z-d2eb76ee,industrial,original_fast_query,dind-market.yandex.ru-1b519c43e22aa033,market.yandex.ru-run-8d5e2489.html,html/market.yandex.ru-run-8d5e2489.html,market.yandex.ru,ok,,17.41940000001341,,1048.8107999999775,14.0,14.0,14.0,False,,,,ok,False,1046.059899999993,2.75089999998454,HTML parse + extraction; shared across modes
20261002T161451Z-d2eb76ee,industrial,original_fast,dind-market.yandex.ru-4a073eb1b3d67309,market.yandex.ru-run-a52ccc6b.html,html/market.yandex.ru-run-a52ccc6b.html,market.yandex.ru,ok,,16.055999999982305,,1083.9440999999642,24.0,24.0,24.0,False,,,,ok,False,1083.9440999999642,3.050499999895692,HTML parse + extraction; shared across modes
20261002T161451Z-d2eb76ee,industrial,original_fast_query,dind-market.yandex.ru-4a073eb1b3d67309,market.yandex.ru-run-a52ccc6b.html,html/market.yandex.ru-run-a52ccc6b.html,market.yandex.ru,ok,,16.055999999982305,,1086.99459999986,18.0,18.0,18.0,False,,,,ok,False,1083.9440999999642,3.050499999895692,HTML parse + extraction; shared across modes
20261002T161451Z-d2eb76ee,industrial,original_fast,dind-mvideo.ru-397d20ee85741495,mvideo.ru-run-none1.html,html/mvideo.ru-run-none1.html,mvideo.ru,ok,,13.360700000077486,,2669.250800000038,40.0,40.0,40.0,False,,,,ok,False,2669.250800000038,2.055900000035763,HTML parse + extraction; shared across modes
20261002T161451Z-d2eb76ee,industrial,original_fast_query,dind-mvideo.ru-397d20ee85741495,mvideo.ru-run-none1.html,html/mvideo.ru-run-none1.html,mvideo.ru,ok,,13.360700000077486,,2671.3067000000738,0.0,0.0,0.0,False,,,,ok,False,2669.250800000038,2.055900000035763,HTML parse + extraction; shared across modes
20261002T161451Z-d2eb76ee,industrial,original_fast,dind-mvideo.ru-c492b59ab5a30f12,mvideo.ru-run-none2.html,html/mvideo.ru-run-none2.html,mvideo.ru,ok,,42.974500000011176,,6023.804300000076,57.0,57.0,57.0,False,,,,ok,False,6023.804300000076,2.195600000093691,HTML parse + extraction; shared across modes
20261002T161451Z-d2eb76ee,industrial,original_fast_query,dind-mvideo.ru-c492b59ab5a30f12,mvideo.ru-run-none2.html,html/mvideo.ru-run-none2.html,mvideo.ru,ok,,42.974500000011176,,6025.99990000017,0.0,0.0,0.0,False,,,,ok,False,6023.804300000076,2.195600000093691,HTML parse + extraction; shared across modes
20261002T161451Z-d2eb76ee,industrial,original_fast,dind-mvideo.ru-151bf8cc328c4ddc,mvideo.ru-run-none3.html,html/mvideo.ru-run-none3.html,mvideo.ru,ok,,14.152099999948405,,5954.977500000037,57.0,57.0,57.0,False,,,,ok,False,5954.977500000037,2.1429999999236315,HTML parse + extraction; shared across modes
20261002T161451Z-d2eb76ee,industrial,original_fast_query,dind-mvideo.ru-151bf8cc328c4ddc,mvideo.ru-run-none3.html,html/mvideo.ru-run-none3.html,mvideo.ru,ok,,14.152099999948405,,5957.120499999961,0.0,0.0,0.0,False,,,,ok,False,5954.977500000037,2.1429999999236315,HTML parse + extraction; shared across modes
20261002T161451Z-d2eb76ee,industrial,original_fast,dind-mvideo.ru-9b0cc1e81b38d9de,mvideo.ru-run-none4.html,html/mvideo.ru-run-none4.html,mvideo.ru,ok,,13.741199999931268,,5184.620400000014,53.0,53.0,53.0,False,,,,ok,False,5184.620400000014,2.148399999947287,HTML parse + extraction; shared across modes
20261002T161451Z-d2eb76ee,industrial,original_fast_query,dind-mvideo.ru-9b0cc1e81b38d9de,mvideo.ru-run-none4.html,html/mvideo.ru-run-none4.html,mvideo.ru,ok,,13.741199999931268,,5186.768799999962,27.0,27.0,27.0,False,,,,ok,False,5184.620400000014,2.148399999947287,HTML parse + extraction; shared across modes
20261002T161451Z-d2eb76ee,industrial,original_fast,dind-mvideo.ru-e426af76efa6c0dd,mvideo.ru-run-none5.html,html/mvideo.ru-run-none5.html,mvideo.ru,ok,,12.32620000001043,,5570.581399999908,53.0,53.0,53.0,False,,,,ok,False,5570.581399999908,2.2023000000044703,HTML parse + extraction; shared across modes
20261002T161451Z-d2eb76ee,industrial,original_fast_query,dind-mvideo.ru-e426af76efa6c0dd,mvideo.ru-run-none5.html,html/mvideo.ru-run-none5.html,mvideo.ru,ok,,12.32620000001043,,5572.783699999913,27.0,27.0,27.0,False,,,,ok,False,5570.581399999908,2.2023000000044703,HTML parse + extraction; shared across modes
20261002T161451Z-d2eb76ee,industrial,original_fast,dind-mvideo.ru-f4739083601ea838,mvideo.ru-run-none6.html,html/mvideo.ru-run-none6.html,mvideo.ru,ok,,12.836300000082701,,5221.256199999945,53.0,53.0,53.0,False,,,,ok,False,5221.256199999945,2.330500000040047,HTML parse + extraction; shared across modes
20261002T161451Z-d2eb76ee,industrial,original_fast_query,dind-mvideo.ru-f4739083601ea838,mvideo.ru-run-none6.html,html/mvideo.ru-run-none6.html,mvideo.ru,ok,,12.836300000082701,,5223.586699999985,27.0,27.0,27.0,False,,,,ok,False,5221.256199999945,2.330500000040047,HTML parse + extraction; shared across modes
20261002T161451Z-d2eb76ee,industrial,original_fast,dind-mvideo.ru-3e76af37ea2ac7ed,mvideo.ru-run-none7.html,html/mvideo.ru-run-none7.html,mvideo.ru,ok,,12.62140000006184,,5270.541900000069,53.0,53.0,53.0,False,,,,ok,False,5270.541900000069,2.2277999999932945,HTML parse + extraction; shared across modes
20261002T161451Z-d2eb76ee,industrial,original_fast_query,dind-mvideo.ru-3e76af37ea2ac7ed,mvideo.ru-run-none7.html,html/mvideo.ru-run-none7.html,mvideo.ru,ok,,12.62140000006184,,5272.769700000063,27.0,27.0,27.0,False,,,,ok,False,5270.541900000069,2.2277999999932945,HTML parse + extraction; shared across modes
20261002T161451Z-d2eb76ee,industrial,original_fast,dind-mvideo.ru-e3c8a4d018d42c79,mvideo.ru-run-none8.html,html/mvideo.ru-run-none8.html,mvideo.ru,ok,,12.534899999969639,,28.55870000005234,0.0,0.0,0.0,False,,,,empty,False,28.55870000005234,0.03700000001117587,HTML parse + extraction; shared across modes
20261002T161451Z-d2eb76ee,industrial,original_fast_query,dind-mvideo.ru-e3c8a4d018d42c79,mvideo.ru-run-none8.html,html/mvideo.ru-run-none8.html,mvideo.ru,ok,,12.534899999969639,,28.595700000063516,0.0,0.0,0.0,False,,,,empty,False,28.55870000005234,0.03700000001117587,HTML parse + extraction; shared across modes
20261002T161451Z-d2eb76ee,industrial,original_fast,dind-mvideo.ru-c964db29d85851de,mvideo.ru-run-none9.html,html/mvideo.ru-run-none9.html,mvideo.ru,ok,,1.1171000000322238,,31.49930000002496,0.0,0.0,0.0,False,,,,empty,False,31.49930000002496,0.045199999934993684,HTML parse + extraction; shared across modes
20261002T161451Z-d2eb76ee,industrial,original_fast_query,dind-mvideo.ru-c964db29d85851de,mvideo.ru-run-none9.html,html/mvideo.ru-run-none9.html,mvideo.ru,ok,,1.1171000000322238,,31.544499999959953,0.0,0.0,0.0,False,,,,empty,False,31.49930000002496,0.045199999934993684,HTML parse + extraction; shared across modes
20261002T161451Z-d2eb76ee,industrial,original_fast,dind-mvideo.ru-4c97407a7ea4c65d,mvideo.ru-run-none10.html,html/mvideo.ru-run-none10.html,mvideo.ru,ok,,1.1122000000905246,,27.362599999993108,0.0,0.0,0.0,False,,,,empty,False,27.362599999993108,0.02710000006482005,HTML parse + extraction; shared across modes
20261002T161451Z-d2eb76ee,industrial,original_fast_query,dind-mvideo.ru-4c97407a7ea4c65d,mvideo.ru-run-none10.html,html/mvideo.ru-run-none10.html,mvideo.ru,ok,,1.1122000000905246,,27.38970000005793,0.0,0.0,0.0,False,,,,empty,False,27.362599999993108,0.02710000006482005,HTML parse + extraction; shared across modes
20261002T161451Z-d2eb76ee,industrial,original_fast,dind-mvideo.ru-1dc9556f176f49b3,mvideo.ru-run-none11.html,html/mvideo.ru-run-none11.html,mvideo.ru,ok,,0.9762000000337139,,26.3756000000285,0.0,0.0,0.0,False,,,,empty,False,26.3756000000285,0.047999999951571226,HTML parse + extraction; shared across modes
20261002T161451Z-d2eb76ee,industrial,original_fast_query,dind-mvideo.ru-1dc9556f176f49b3,mvideo.ru-run-none11.html,html/mvideo.ru-run-none11.html,mvideo.ru,ok,,0.9762000000337139,,26.42359999998007,0.0,0.0,0.0,False,,,,empty,False,26.3756000000285,0.047999999951571226,HTML parse + extraction; shared across modes
20261002T161451Z-d2eb76ee,industrial,original_fast,dind-mvideo.ru-79ce14d153c633c2,mvideo.ru-run-82a41131.html,html/mvideo.ru-run-82a41131.html,mvideo.ru,ok,,1.5118999999249354,,5389.852599999984,53.0,53.0,53.0,False,,,,ok,False,5389.852599999984,2.1980000000912696,HTML parse + extraction; shared across modes
20261002T161451Z-d2eb76ee,industrial,original_fast_query,dind-mvideo.ru-79ce14d153c633c2,mvideo.ru-run-82a41131.html,html/mvideo.ru-run-82a41131.html,mvideo.ru,ok,,1.5118999999249354,,5392.050600000075,27.0,27.0,27.0,False,,,,ok,False,5389.852599999984,2.1980000000912696,HTML parse + extraction; shared across modes
20261002T161451Z-d2eb76ee,industrial,original_fast,dind-mvideo.ru-57409058dc51841b,mvideo.ru-run-bd396f4d.html,html/mvideo.ru-run-bd396f4d.html,mvideo.ru,ok,,12.391499999910593,,27733.30039999995,120.0,120.0,120.0,False,,,,ok,False,27733.30039999995,6.4769999999552965,HTML parse + extraction; shared across modes
20261002T161451Z-d2eb76ee,industrial,original_fast_query,dind-mvideo.ru-57409058dc51841b,mvideo.ru-run-bd396f4d.html,html/mvideo.ru-run-bd396f4d.html,mvideo.ru,ok,,12.391499999910593,,27739.777399999904,16.0,16.0,16.0,False,,,,ok,False,27733.30039999995,6.4769999999552965,HTML parse + extraction; shared across modes
20261002T161451Z-d2eb76ee,industrial,original_fast,dind-mvideo.ru-be793df4ca32b36e,mvideo.ru-run-f3583847.html,html/mvideo.ru-run-f3583847.html,mvideo.ru,ok,,1.7656000000424683,,24771.409400000004,114.0,114.0,114.0,False,,,,ok,False,24771.409400000004,4.887400000006892,HTML parse + extraction; shared across modes
20261002T161451Z-d2eb76ee,industrial,original_fast_query,dind-mvideo.ru-be793df4ca32b36e,mvideo.ru-run-f3583847.html,html/mvideo.ru-run-f3583847.html,mvideo.ru,ok,,1.7656000000424683,,24776.29680000001,37.0,37.0,37.0,False,,,,ok,False,24771.409400000004,4.887400000006892,HTML parse + extraction; shared across modes
20261002T161451Z-d2eb76ee,industrial,original_fast,dind-oaopolimer.ru-b10d46a99fe3b34d,oaopolimer.ru-run-none1.html,html/oaopolimer.ru-run-none1.html,oaopolimer.ru,ok,,42.37109999998938,,930.7550999999512,18.0,18.0,18.0,False,,,,ok,False,930.7550999999512,0.7965999998850748,HTML parse + extraction; shared across modes
20261002T161451Z-d2eb76ee,industrial,original_fast_query,dind-oaopolimer.ru-b10d46a99fe3b34d,oaopolimer.ru-run-none1.html,html/oaopolimer.ru-run-none1.html,oaopolimer.ru,ok,,42.37109999998938,,931.5516999998363,16.0,16.0,16.0,False,,,,ok,False,930.7550999999512,0.7965999998850748,HTML parse + extraction; shared across modes
20261002T161451Z-d2eb76ee,industrial,original_fast,dind-oaopolimer.ru-5b318217a3a3222c,oaopolimer.ru-run-none2.html,html/oaopolimer.ru-run-none2.html,oaopolimer.ru,ok,,11.915199999930337,,979.5080000000307,18.0,18.0,18.0,False,,,,ok,False,979.5080000000307,0.8216000000247732,HTML parse + extraction; shared across modes
20261002T161451Z-d2eb76ee,industrial,original_fast_query,dind-oaopolimer.ru-5b318217a3a3222c,oaopolimer.ru-run-none2.html,html/oaopolimer.ru-run-none2.html,oaopolimer.ru,ok,,11.915199999930337,,980.3296000000555,16.0,16.0,16.0,False,,,,ok,False,979.5080000000307,0.8216000000247732,HTML parse + extraction; shared across modes
20261002T161451Z-d2eb76ee,industrial,original_fast,dind-oaopolimer.ru-c8d55d81cc904ea3,oaopolimer.ru-run-none3.html,html/oaopolimer.ru-run-none3.html,oaopolimer.ru,ok,,13.437399999937043,,925.14300000004,18.0,18.0,18.0,False,,,,ok,False,925.14300000004,1.1378000000258908,HTML parse + extraction; shared across modes
20261002T161451Z-d2eb76ee,industrial,original_fast_query,dind-oaopolimer.ru-c8d55d81cc904ea3,oaopolimer.ru-run-none3.html,html/oaopolimer.ru-run-none3.html,oaopolimer.ru,ok,,13.437399999937043,,926.2808000000659,16.0,16.0,16.0,False,,,,ok,False,925.14300000004,1.1378000000258908,HTML parse + extraction; shared across modes
20261002T161451Z-d2eb76ee,industrial,original_fast,dind-oaopolimer.ru-8109f11938b71aeb,oaopolimer.ru-run-none4.html,html/oaopolimer.ru-run-none4.html,oaopolimer.ru,ok,,11.70589999994263,,923.7615999999689,18.0,18.0,18.0,False,,,,ok,False,923.7615999999689,0.7908000000752509,HTML parse + extraction; shared across modes
20261002T161451Z-d2eb76ee,industrial,original_fast_query,dind-oaopolimer.ru-8109f11938b71aeb,oaopolimer.ru-run-none4.html,html/oaopolimer.ru-run-none4.html,oaopolimer.ru,ok,,11.70589999994263,,924.5524000000441,16.0,16.0,16.0,False,,,,ok,False,923.7615999999689,0.7908000000752509,HTML parse + extraction; shared across modes
20261002T161451Z-d2eb76ee,industrial,original_fast,dind-oaopolimer.ru-2a0003d60012b8a6,oaopolimer.ru-run-none5.html,html/oaopolimer.ru-run-none5.html,oaopolimer.ru,ok,,11.700699999928474,,933.2079999999842,18.0,18.0,18.0,False,,,,ok,False,933.2079999999842,0.7968000000109896,HTML parse + extraction; shared across modes
20261002T161451Z-d2eb76ee,industrial,original_fast_query,dind-oaopolimer.ru-2a0003d60012b8a6,oaopolimer.ru-run-none5.html,html/oaopolimer.ru-run-none5.html,oaopolimer.ru,ok,,11.700699999928474,,934.0047999999952,16.0,16.0,16.0,False,,,,ok,False,933.2079999999842,0.7968000000109896,HTML parse + extraction; shared across modes
20261002T161451Z-d2eb76ee,industrial,original_fast,dind-oaopolimer.ru-02558b82bd865b0f,oaopolimer.ru-run-99bb6904.html,html/oaopolimer.ru-run-99bb6904.html,oaopolimer.ru,ok,,13.134099999908358,,941.8151000000071,18.0,18.0,18.0,False,,,,ok,False,941.8151000000071,0.9873999999836087,HTML parse + extraction; shared across modes
20261002T161451Z-d2eb76ee,industrial,original_fast_query,dind-oaopolimer.ru-02558b82bd865b0f,oaopolimer.ru-run-99bb6904.html,html/oaopolimer.ru-run-99bb6904.html,oaopolimer.ru,ok,,13.134099999908358,,942.8024999999907,16.0,16.0,16.0,False,,,,ok,False,941.8151000000071,0.9873999999836087,HTML parse + extraction; shared across modes
20261002T161451Z-d2eb76ee,industrial,original_fast,dind-oaopolimer.ru-a7c041cf2a18af01,oaopolimer.ru-run-bc19d776.html,html/oaopolimer.ru-run-bc19d776.html,oaopolimer.ru,ok,,0.881400000071153,,928.3623000000371,18.0,18.0,18.0,False,,,,ok,False,928.3623000000371,0.7940999999409541,HTML parse + extraction; shared across modes
20261002T161451Z-d2eb76ee,industrial,original_fast_query,dind-oaopolimer.ru-a7c041cf2a18af01,oaopolimer.ru-run-bc19d776.html,html/oaopolimer.ru-run-bc19d776.html,oaopolimer.ru,ok,,0.881400000071153,,929.156399999978,16.0,16.0,16.0,False,,,,ok,False,928.3623000000371,0.7940999999409541,HTML parse + extraction; shared across modes
20261002T161451Z-d2eb76ee,industrial,original_fast,dind-officemag.ru-00d53e795579eb90,officemag.ru-run-none1.html,html/officemag.ru-run-none1.html,officemag.ru,ok,,13.895200000028126,,6236.116999999969,13.0,13.0,13.0,False,,,,ok,False,6236.116999999969,0.004099999903701246,HTML parse + extraction; shared across modes
20261002T161451Z-d2eb76ee,industrial,original_fast_query,dind-officemag.ru-00d53e795579eb90,officemag.ru-run-none1.html,html/officemag.ru-run-none1.html,officemag.ru,ok,,13.895200000028126,,6236.121099999873,13.0,13.0,13.0,False,,,,ok,False,6236.116999999969,0.004099999903701246,HTML parse + extraction; shared across modes
20261002T161451Z-d2eb76ee,industrial,original_fast,dind-officemag.ru-5e08817729b9c1b0,officemag.ru-run-none2.html,html/officemag.ru-run-none2.html,officemag.ru,ok,,13.409999999916181,,883.7286999999778,1.0,1.0,1.0,False,,,,ok,False,883.7286999999778,0.004100000020116568,HTML parse + extraction; shared across modes
20261002T161451Z-d2eb76ee,industrial,original_fast_query,dind-officemag.ru-5e08817729b9c1b0,officemag.ru-run-none2.html,html/officemag.ru-run-none2.html,officemag.ru,ok,,13.409999999916181,,883.732799999998,1.0,1.0,1.0,False,,,,ok,False,883.7286999999778,0.004100000020116568,HTML parse + extraction; shared across modes
20261002T161451Z-d2eb76ee,industrial,original_fast,dind-officemag.ru-beec12f6c9b66652,officemag.ru-run-none3.html,html/officemag.ru-run-none3.html,officemag.ru,ok,,12.744599999976344,,6359.52489999996,13.0,13.0,13.0,False,,,,ok,False,6359.52489999996,0.004000000073574483,HTML parse + extraction; shared across modes
20261002T161451Z-d2eb76ee,industrial,original_fast_query,dind-officemag.ru-beec12f6c9b66652,officemag.ru-run-none3.html,html/officemag.ru-run-none3.html,officemag.ru,ok,,12.744599999976344,,6359.528900000034,13.0,13.0,13.0,False,,,,ok,False,6359.52489999996,0.004000000073574483,HTML parse + extraction; shared across modes
20261002T161451Z-d2eb76ee,industrial,original_fast,dind-officemag.ru-b0ddf2fa010706d1,officemag.ru-run-none4.html,html/officemag.ru-run-none4.html,officemag.ru,ok,,2.4486000000033528,,9030.28760000004,21.0,21.0,21.0,False,,,,ok,False,9030.28760000004,5.067299999995157,HTML parse + extraction; shared across modes
20261002T161451Z-d2eb76ee,industrial,original_fast_query,dind-officemag.ru-b0ddf2fa010706d1,officemag.ru-run-none4.html,html/officemag.ru-run-none4.html,officemag.ru,ok,,2.4486000000033528,,9035.354900000035,20.0,20.0,20.0,False,,,,ok,False,9030.28760000004,5.067299999995157,HTML parse + extraction; shared across modes
20261002T161451Z-d2eb76ee,industrial,original_fast,dind-officemag.ru-40809b5312781d55,officemag.ru-run-none5.html,html/officemag.ru-run-none5.html,officemag.ru,ok,,14.633799999952316,,8984.66769999999,21.0,21.0,21.0,False,,,,ok,False,8984.66769999999,4.979599999962375,HTML parse + extraction; shared across modes
20261002T161451Z-d2eb76ee,industrial,original_fast_query,dind-officemag.ru-40809b5312781d55,officemag.ru-run-none5.html,html/officemag.ru-run-none5.html,officemag.ru,ok,,14.633799999952316,,8989.647299999953,20.0,20.0,20.0,False,,,,ok,False,8984.66769999999,4.979599999962375,HTML parse + extraction; shared across modes
20261002T161451Z-d2eb76ee,industrial,original_fast,dind-officemag.ru-00c674729dcaa4ea,officemag.ru-run-2eca7e5f.html,html/officemag.ru-run-2eca7e5f.html,officemag.ru,ok,,41.57570000004489,,6277.971599999932,13.0,13.0,13.0,False,,,,ok,False,6277.971599999932,3.705599999986589,HTML parse + extraction; shared across modes
20261002T161451Z-d2eb76ee,industrial,original_fast_query,dind-officemag.ru-00c674729dcaa4ea,officemag.ru-run-2eca7e5f.html,html/officemag.ru-run-2eca7e5f.html,officemag.ru,ok,,41.57570000004489,,6281.677199999918,12.0,12.0,12.0,False,,,,ok,False,6277.971599999932,3.705599999986589,HTML parse + extraction; shared across modes
20261002T161451Z-d2eb76ee,industrial,original_fast,dind-officemag.ru-1bea9ed185f4b328,officemag.ru-run-3d0f801a.html,html/officemag.ru-run-3d0f801a.html,officemag.ru,ok,,42.2844000000041,,838.234999999986,1.0,1.0,1.0,False,,,,ok,False,838.234999999986,0.2207000000635162,HTML parse + extraction; shared across modes
20261002T161451Z-d2eb76ee,industrial,original_fast_query,dind-officemag.ru-1bea9ed185f4b328,officemag.ru-run-3d0f801a.html,html/officemag.ru-run-3d0f801a.html,officemag.ru,ok,,42.2844000000041,,838.4557000000495,0.0,0.0,0.0,False,,,,ok,False,838.234999999986,0.2207000000635162,HTML parse + extraction; shared across modes
20261002T161451Z-d2eb76ee,industrial,original_fast,dind-officemag.ru-892e0a35c31b5746,officemag.ru-run-ac6cc526.html,html/officemag.ru-run-ac6cc526.html,officemag.ru,ok,,12.82929999998305,,6297.238299999968,13.0,13.0,13.0,False,,,,ok,False,6297.238299999968,3.7135999999009073,HTML parse + extraction; shared across modes
20261002T161451Z-d2eb76ee,industrial,original_fast_query,dind-officemag.ru-892e0a35c31b5746,officemag.ru-run-ac6cc526.html,html/officemag.ru-run-ac6cc526.html,officemag.ru,ok,,12.82929999998305,,6300.951899999869,12.0,12.0,12.0,False,,,,ok,False,6297.238299999968,3.7135999999009073,HTML parse + extraction; shared across modes
20261002T161451Z-d2eb76ee,industrial,original_fast,dind-ozon.ru-bef199bc4e3cafc8,ozon.ru-run-none1.html,html/ozon.ru-run-none1.html,ozon.ru,ok,,14.3418000000529,,381.40850000001956,24.0,24.0,24.0,False,,,,ok,False,381.40850000001956,1.911599999992177,HTML parse + extraction; shared across modes
20261002T161451Z-d2eb76ee,industrial,original_fast_query,dind-ozon.ru-bef199bc4e3cafc8,ozon.ru-run-none1.html,html/ozon.ru-run-none1.html,ozon.ru,ok,,14.3418000000529,,383.32010000001173,13.0,13.0,13.0,False,,,,ok,False,381.40850000001956,1.911599999992177,HTML parse + extraction; shared across modes
20261002T161451Z-d2eb76ee,industrial,original_fast,dind-ozon.ru-7b0cb8482987d4b1,ozon.ru-run-none2.html,html/ozon.ru-run-none2.html,ozon.ru,ok,,1.8360000000102445,,384.26450000004843,24.0,24.0,24.0,False,,,,ok,False,384.26450000004843,1.5497999999206513,HTML parse + extraction; shared across modes
20261002T161451Z-d2eb76ee,industrial,original_fast_query,dind-ozon.ru-7b0cb8482987d4b1,ozon.ru-run-none2.html,html/ozon.ru-run-none2.html,ozon.ru,ok,,1.8360000000102445,,385.8142999999691,10.0,10.0,10.0,False,,,,ok,False,384.26450000004843,1.5497999999206513,HTML parse + extraction; shared across modes
20261002T161451Z-d2eb76ee,industrial,original_fast,dind-ozon.ru-4db869312af5e423,ozon.ru-run-none3.html,html/ozon.ru-run-none3.html,ozon.ru,ok,,13.43640000000596,,388.82279999996535,24.0,24.0,24.0,False,,,,ok,False,388.82279999996535,1.4525000000139698,HTML parse + extraction; shared across modes
20261002T161451Z-d2eb76ee,industrial,original_fast_query,dind-ozon.ru-4db869312af5e423,ozon.ru-run-none3.html,html/ozon.ru-run-none3.html,ozon.ru,ok,,13.43640000000596,,390.2752999999793,7.0,7.0,7.0,False,,,,ok,False,388.82279999996535,1.4525000000139698,HTML parse + extraction; shared across modes
20261002T161451Z-d2eb76ee,industrial,original_fast,dind-ozon.ru-d2cfdfef86ed8cff,ozon.ru-run-none4.html,html/ozon.ru-run-none4.html,ozon.ru,ok,,14.591499999980442,,432.6844000000274,24.0,24.0,24.0,False,,,,ok,False,432.6844000000274,2.4921000000322238,HTML parse + extraction; shared across modes
20261002T161451Z-d2eb76ee,industrial,original_fast_query,dind-ozon.ru-d2cfdfef86ed8cff,ozon.ru-run-none4.html,html/ozon.ru-run-none4.html,ozon.ru,ok,,14.591499999980442,,435.1765000000596,24.0,24.0,24.0,False,,,,ok,False,432.6844000000274,2.4921000000322238,HTML parse + extraction; shared across modes
20261002T161451Z-d2eb76ee,industrial,original_fast,dind-ozon.ru-0f7383450d9788c2,ozon.ru-run-none5.html,html/ozon.ru-run-none5.html,ozon.ru,ok,,13.765799999935552,,405.9395999999251,24.0,24.0,24.0,False,,,,ok,False,405.9395999999251,3.454600000055507,HTML parse + extraction; shared across modes
20261002T161451Z-d2eb76ee,industrial,original_fast_query,dind-ozon.ru-0f7383450d9788c2,ozon.ru-run-none5.html,html/ozon.ru-run-none5.html,ozon.ru,ok,,13.765799999935552,,409.39419999998063,24.0,24.0,24.0,False,,,,ok,False,405.9395999999251,3.454600000055507,HTML parse + extraction; shared across modes
20261002T161451Z-d2eb76ee,industrial,original_fast,dind-ozon.ru-ff95e1b297ba3635,ozon.ru-run-none6.html,html/ozon.ru-run-none6.html,ozon.ru,ok,,2.0160000000614673,,404.28350000001956,24.0,24.0,24.0,False,,,,ok,False,404.28350000001956,3.3580000000074506,HTML parse + extraction; shared across modes
20261002T161451Z-d2eb76ee,industrial,original_fast_query,dind-ozon.ru-ff95e1b297ba3635,ozon.ru-run-none6.html,html/ozon.ru-run-none6.html,ozon.ru,ok,,2.0160000000614673,,407.641500000027,24.0,24.0,24.0,False,,,,ok,False,404.28350000001956,3.3580000000074506,HTML parse + extraction; shared across modes
20261002T161451Z-d2eb76ee,industrial,original_fast,dind-ozon.ru-1ed0c2b94bc03684,ozon.ru-run-none7.html,html/ozon.ru-run-none7.html,ozon.ru,ok,,13.952999999979511,,315.33129999996163,16.0,16.0,16.0,False,,,,ok,False,315.33129999996163,2.3360000000102445,HTML parse + extraction; shared across modes
20261002T161451Z-d2eb76ee,industrial,original_fast_query,dind-ozon.ru-1ed0c2b94bc03684,ozon.ru-run-none7.html,html/ozon.ru-run-none7.html,ozon.ru,ok,,13.952999999979511,,317.6672999999719,16.0,16.0,16.0,False,,,,ok,False,315.33129999996163,2.3360000000102445,HTML parse + extraction; shared across modes
20261002T161451Z-d2eb76ee,industrial,original_fast,dind-ozon.ru-00fd247071d4b382,ozon.ru-run-none8.html,html/ozon.ru-run-none8.html,ozon.ru,ok,,13.367599999997765,,472.77430000004824,24.0,24.0,24.0,False,,,,ok,False,472.77430000004824,1.8290000000270084,HTML parse + extraction; shared across modes
20261002T161451Z-d2eb76ee,industrial,original_fast_query,dind-ozon.ru-00fd247071d4b382,ozon.ru-run-none8.html,html/ozon.ru-run-none8.html,ozon.ru,ok,,13.367599999997765,,474.60330000007525,6.0,6.0,6.0,False,,,,ok,False,472.77430000004824,1.8290000000270084,HTML parse + extraction; shared across modes
20261002T161451Z-d2eb76ee,industrial,original_fast,dind-ozon.ru-7c09464ecd40c35c,ozon.ru-run-none9.html,html/ozon.ru-run-none9.html,ozon.ru,ok,,2.035300000105053,,428.06440000003204,24.0,24.0,24.0,False,,,,ok,False,428.06440000003204,1.8382999999448657,HTML parse + extraction; shared across modes
20261002T161451Z-d2eb76ee,industrial,original_fast_query,dind-ozon.ru-7c09464ecd40c35c,ozon.ru-run-none9.html,html/ozon.ru-run-none9.html,ozon.ru,ok,,2.035300000105053,,429.9026999999769,6.0,6.0,6.0,False,,,,ok,False,428.06440000003204,1.8382999999448657,HTML parse + extraction; shared across modes
20261002T161451Z-d2eb76ee,industrial,original_fast,dind-ozon.ru-bc3414059b042541,ozon.ru-run-none10.html,html/ozon.ru-run-none10.html,ozon.ru,ok,,14.74640000006184,,403.9529999999795,24.0,24.0,24.0,False,,,,ok,False,403.9529999999795,1.8493000000016764,HTML parse + extraction; shared across modes
20261002T161451Z-d2eb76ee,industrial,original_fast_query,dind-ozon.ru-bc3414059b042541,ozon.ru-run-none10.html,html/ozon.ru-run-none10.html,ozon.ru,ok,,14.74640000006184,,405.8022999999812,6.0,6.0,6.0,False,,,,ok,False,403.9529999999795,1.8493000000016764,HTML parse + extraction; shared across modes
20261002T161451Z-d2eb76ee,industrial,original_fast,dind-ozon.ru-0af467e962767537,ozon.ru-run-none11.html,html/ozon.ru-run-none11.html,ozon.ru,ok,,12.881999999983236,,434.5431000000099,24.0,24.0,24.0,False,,,,ok,False,434.5431000000099,2.1955999999772757,HTML parse + extraction; shared across modes
20261002T161451Z-d2eb76ee,industrial,original_fast_query,dind-ozon.ru-0af467e962767537,ozon.ru-run-none11.html,html/ozon.ru-run-none11.html,ozon.ru,ok,,12.881999999983236,,436.73869999998715,7.0,7.0,7.0,False,,,,ok,False,434.5431000000099,2.1955999999772757,HTML parse + extraction; shared across modes
20261002T161451Z-d2eb76ee,industrial,original_fast,dind-ozon.ru-f0ada4e5d68779a7,ozon.ru-run-none12.html,html/ozon.ru-run-none12.html,ozon.ru,ok,,2.1138999999966472,,402.30870000005234,24.0,24.0,24.0,False,,,,ok,False,402.30870000005234,2.3845999999903142,HTML parse + extraction; shared across modes
20261002T161451Z-d2eb76ee,industrial,original_fast_query,dind-ozon.ru-f0ada4e5d68779a7,ozon.ru-run-none12.html,html/ozon.ru-run-none12.html,ozon.ru,ok,,2.1138999999966472,,404.69330000004265,24.0,24.0,24.0,False,,,,ok,False,402.30870000005234,2.3845999999903142,HTML parse + extraction; shared across modes
20261002T161451Z-d2eb76ee,industrial,original_fast,dind-ozon.ru-0893ebc9dae9a0b6,ozon.ru-run-none13.html,html/ozon.ru-run-none13.html,ozon.ru,ok,,12.776499999919906,,379.0193000000436,24.0,24.0,24.0,False,,,,ok,False,379.0193000000436,2.1381999999284744,HTML parse + extraction; shared across modes
20261002T161451Z-d2eb76ee,industrial,original_fast_query,dind-ozon.ru-0893ebc9dae9a0b6,ozon.ru-run-none13.html,html/ozon.ru-run-none13.html,ozon.ru,ok,,12.776499999919906,,381.15749999997206,13.0,13.0,13.0,False,,,,ok,False,379.0193000000436,2.1381999999284744,HTML parse + extraction; shared across modes
20261002T161451Z-d2eb76ee,industrial,original_fast,dind-ozon.ru-9912b1cd9743ff61,ozon.ru-run-none14.html,html/ozon.ru-run-none14.html,ozon.ru,ok,,14.86309999995865,,404.4629999999888,24.0,24.0,24.0,False,,,,ok,False,404.4629999999888,2.1084999999729916,HTML parse + extraction; shared across modes
20261002T161451Z-d2eb76ee,industrial,original_fast_query,dind-ozon.ru-9912b1cd9743ff61,ozon.ru-run-none14.html,html/ozon.ru-run-none14.html,ozon.ru,ok,,14.86309999995865,,406.5714999999618,6.0,6.0,6.0,False,,,,ok,False,404.4629999999888,2.1084999999729916,HTML parse + extraction; shared across modes
20261002T161451Z-d2eb76ee,industrial,original_fast,dind-ozon.ru-c1c4d36f73fb1884,ozon.ru-run-none15.html,html/ozon.ru-run-none15.html,ozon.ru,ok,,1.875800000037998,,381.5910000000149,24.0,24.0,24.0,False,,,,ok,False,381.5910000000149,1.9156000000657514,HTML parse + extraction; shared across modes
20261002T161451Z-d2eb76ee,industrial,original_fast_query,dind-ozon.ru-c1c4d36f73fb1884,ozon.ru-run-none15.html,html/ozon.ru-run-none15.html,ozon.ru,ok,,1.875800000037998,,383.50660000008065,13.0,13.0,13.0,False,,,,ok,False,381.5910000000149,1.9156000000657514,HTML parse + extraction; shared across modes
20261002T161451Z-d2eb76ee,industrial,original_fast,dind-ozon.ru-8cf713849b5ae916,ozon.ru-run-none16.html,html/ozon.ru-run-none16.html,ozon.ru,ok,,13.042299999971874,,376.8685000000987,24.0,24.0,24.0,False,,,,ok,False,376.8685000000987,1.6212999999988824,HTML parse + extraction; shared across modes
20261002T161451Z-d2eb76ee,industrial,original_fast_query,dind-ozon.ru-8cf713849b5ae916,ozon.ru-run-none16.html,html/ozon.ru-run-none16.html,ozon.ru,ok,,13.042299999971874,,378.4898000000976,11.0,11.0,11.0,False,,,,ok,False,376.8685000000987,1.6212999999988824,HTML parse + extraction; shared across modes
20261002T161451Z-d2eb76ee,industrial,original_fast,dind-ozon.ru-ff68223ce1cea753,ozon.ru-run-none17.html,html/ozon.ru-run-none17.html,ozon.ru,ok,,14.57709999999497,,586.250299999956,40.0,40.0,40.0,False,,,,ok,False,586.250299999956,2.604300000006333,HTML parse + extraction; shared across modes
20261002T161451Z-d2eb76ee,industrial,original_fast_query,dind-ozon.ru-ff68223ce1cea753,ozon.ru-run-none17.html,html/ozon.ru-run-none17.html,ozon.ru,ok,,14.57709999999497,,588.8545999999624,18.0,18.0,18.0,False,,,,ok,False,586.250299999956,2.604300000006333,HTML parse + extraction; shared across modes
20261002T161451Z-d2eb76ee,industrial,original_fast,dind-ozon.ru-af96b2643001265b,ozon.ru-run-none18.html,html/ozon.ru-run-none18.html,ozon.ru,ok,,1.8212999999523163,,416.673300000024,24.0,24.0,24.0,False,,,,ok,False,416.673300000024,1.4844999999040738,HTML parse + extraction; shared across modes
20261002T161451Z-d2eb76ee,industrial,original_fast_query,dind-ozon.ru-af96b2643001265b,ozon.ru-run-none18.html,html/ozon.ru-run-none18.html,ozon.ru,ok,,1.8212999999523163,,418.1577999999281,10.0,10.0,10.0,False,,,,ok,False,416.673300000024,1.4844999999040738,HTML parse + extraction; shared across modes
20261002T161451Z-d2eb76ee,industrial,original_fast,dind-ozon.ru-b36c824831b3255e,ozon.ru-run-none19.html,html/ozon.ru-run-none19.html,ozon.ru,ok,,13.859000000054948,,373.6755000000121,24.0,24.0,24.0,False,,,,ok,False,373.6755000000121,1.5143000000389293,HTML parse + extraction; shared across modes
20261002T161451Z-d2eb76ee,industrial,original_fast_query,dind-ozon.ru-b36c824831b3255e,ozon.ru-run-none19.html,html/ozon.ru-run-none19.html,ozon.ru,ok,,13.859000000054948,,375.18980000005104,13.0,13.0,13.0,False,,,,ok,False,373.6755000000121,1.5143000000389293,HTML parse + extraction; shared across modes
20261002T161451Z-d2eb76ee,industrial,original_fast,dind-ozon.ru-c0e19b1385e2c08d,ozon.ru-run-none20.html,html/ozon.ru-run-none20.html,ozon.ru,ok,,12.739000000059605,,368.40749999997206,24.0,24.0,24.0,False,,,,ok,False,368.40749999997206,1.5333000000100583,HTML parse + extraction; shared across modes
20261002T161451Z-d2eb76ee,industrial,original_fast_query,dind-ozon.ru-c0e19b1385e2c08d,ozon.ru-run-none20.html,html/ozon.ru-run-none20.html,ozon.ru,ok,,12.739000000059605,,369.9407999999821,13.0,13.0,13.0,False,,,,ok,False,368.40749999997206,1.5333000000100583,HTML parse + extraction; shared across modes
20261002T161451Z-d2eb76ee,industrial,original_fast,dind-ozon.ru-14349728faeae495,ozon.ru-run-none21.html,html/ozon.ru-run-none21.html,ozon.ru,ok,,13.170099999988452,,454.0551999999443,32.0,32.0,32.0,False,,,,ok,False,454.0551999999443,2.664100000052713,HTML parse + extraction; shared across modes
20261002T161451Z-d2eb76ee,industrial,original_fast_query,dind-ozon.ru-14349728faeae495,ozon.ru-run-none21.html,html/ozon.ru-run-none21.html,ozon.ru,ok,,13.170099999988452,,456.719299999997,16.0,16.0,16.0,False,,,,ok,False,454.0551999999443,2.664100000052713,HTML parse + extraction; shared across modes
20261002T161451Z-d2eb76ee,industrial,original_fast,dind-ozon.ru-7fc3cd29b958b570,ozon.ru-run-none22.html,html/ozon.ru-run-none22.html,ozon.ru,ok,,14.561199999996461,,377.06440000003204,24.0,24.0,24.0,False,,,,ok,False,377.06440000003204,2.684999999939464,HTML parse + extraction; shared across modes
20261002T161451Z-d2eb76ee,industrial,original_fast_query,dind-ozon.ru-7fc3cd29b958b570,ozon.ru-run-none22.html,html/ozon.ru-run-none22.html,ozon.ru,ok,,14.561199999996461,,379.7493999999715,13.0,13.0,13.0,False,,,,ok,False,377.06440000003204,2.684999999939464,HTML parse + extraction; shared across modes
20261002T161451Z-d2eb76ee,industrial,original_fast,dind-ozon.ru-17ea1a246cc5c852,ozon.ru-run-none23.html,html/ozon.ru-run-none23.html,ozon.ru,ok,,12.822900000028312,,370.02860000007786,24.0,24.0,24.0,False,,,,ok,False,370.02860000007786,1.7020000000484288,HTML parse + extraction; shared across modes
20261002T161451Z-d2eb76ee,industrial,original_fast_query,dind-ozon.ru-17ea1a246cc5c852,ozon.ru-run-none23.html,html/ozon.ru-run-none23.html,ozon.ru,ok,,12.822900000028312,,371.7306000001263,14.0,14.0,14.0,False,,,,ok,False,370.02860000007786,1.7020000000484288,HTML parse + extraction; shared across modes
20261002T161451Z-d2eb76ee,industrial,original_fast,dind-ozon.ru-664876f2c1bfe726,ozon.ru-run-none24.html,html/ozon.ru-run-none24.html,ozon.ru,ok,,13.194800000055693,,83.89049999997951,20.0,20.0,20.0,False,,,,ok,False,83.89049999997951,1.5791000000899658,HTML parse + extraction; shared across modes
20261002T161451Z-d2eb76ee,industrial,original_fast_query,dind-ozon.ru-664876f2c1bfe726,ozon.ru-run-none24.html,html/ozon.ru-run-none24.html,ozon.ru,ok,,13.194800000055693,,85.46960000006948,1.0,1.0,1.0,False,,,,ok,False,83.89049999997951,1.5791000000899658,HTML parse + extraction; shared across modes
20261002T161451Z-d2eb76ee,industrial,original_fast,dind-ozon.ru-030d0fbe4dcf938f,ozon.ru-run-none25.html,html/ozon.ru-run-none25.html,ozon.ru,ok,,2.1472999999532476,,409.91440000000875,24.0,24.0,24.0,False,,,,ok,False,409.91440000000875,1.3697000000393018,HTML parse + extraction; shared across modes
20261002T161451Z-d2eb76ee,industrial,original_fast_query,dind-ozon.ru-030d0fbe4dcf938f,ozon.ru-run-none25.html,html/ozon.ru-run-none25.html,ozon.ru,ok,,2.1472999999532476,,411.28410000004806,14.0,14.0,14.0,False,,,,ok,False,409.91440000000875,1.3697000000393018,HTML parse + extraction; shared across modes
20261002T161451Z-d2eb76ee,industrial,original_fast,dind-ozon.ru-2aee48801f977b0f,ozon.ru-run-none26.html,html/ozon.ru-run-none26.html,ozon.ru,ok,,12.916399999987334,,374.90890000003856,24.0,24.0,24.0,False,,,,ok,False,374.90890000003856,2.075000000069849,HTML parse + extraction; shared across modes
20261002T161451Z-d2eb76ee,industrial,original_fast_query,dind-ozon.ru-2aee48801f977b0f,ozon.ru-run-none26.html,html/ozon.ru-run-none26.html,ozon.ru,ok,,12.916399999987334,,376.9839000001084,13.0,13.0,13.0,False,,,,ok,False,374.90890000003856,2.075000000069849,HTML parse + extraction; shared across modes
20261002T161451Z-d2eb76ee,industrial,original_fast,dind-ozon.ru-981504bdf6f0c850,ozon.ru-run-none27.html,html/ozon.ru-run-none27.html,ozon.ru,ok,,13.41780000005383,,386.907700000098,24.0,24.0,24.0,False,,,,ok,False,386.907700000098,1.3880000000353903,HTML parse + extraction; shared across modes
20261002T161451Z-d2eb76ee,industrial,original_fast_query,dind-ozon.ru-981504bdf6f0c850,ozon.ru-run-none27.html,html/ozon.ru-run-none27.html,ozon.ru,ok,,13.41780000005383,,388.29570000013337,14.0,14.0,14.0,False,,,,ok,False,386.907700000098,1.3880000000353903,HTML parse + extraction; shared across modes
20261002T161451Z-d2eb76ee,industrial,original_fast,dind-ozon.ru-309ec1587fa9ccca,ozon.ru-run-none28.html,html/ozon.ru-run-none28.html,ozon.ru,ok,,14.15700000000652,,421.0879999999888,24.0,24.0,24.0,False,,,,ok,False,421.0879999999888,1.605600000009872,HTML parse + extraction; shared across modes
20261002T161451Z-d2eb76ee,industrial,original_fast_query,dind-ozon.ru-309ec1587fa9ccca,ozon.ru-run-none28.html,html/ozon.ru-run-none28.html,ozon.ru,ok,,14.15700000000652,,422.6935999999987,14.0,14.0,14.0,False,,,,ok,False,421.0879999999888,1.605600000009872,HTML parse + extraction; shared across modes
20261002T161451Z-d2eb76ee,industrial,original_fast,dind-ozon.ru-f0c4de7b7d4ddccc,ozon.ru-run-none29.html,html/ozon.ru-run-none29.html,ozon.ru,ok,,2.040599999949336,,382.1009999999078,24.0,24.0,24.0,False,,,,ok,False,382.1009999999078,1.4148000000277534,HTML parse + extraction; shared across modes
20261002T161451Z-d2eb76ee,industrial,original_fast_query,dind-ozon.ru-f0c4de7b7d4ddccc,ozon.ru-run-none29.html,html/ozon.ru-run-none29.html,ozon.ru,ok,,2.040599999949336,,383.51579999993555,15.0,15.0,15.0,False,,,,ok,False,382.1009999999078,1.4148000000277534,HTML parse + extraction; shared across modes
20261002T161451Z-d2eb76ee,industrial,original_fast,dind-ozon.ru-801ca96b303e9c70,ozon.ru-run-none30.html,html/ozon.ru-run-none30.html,ozon.ru,ok,,13.226699999999255,,91.56059999996796,30.0,30.0,30.0,False,,,,ok,False,91.56059999996796,1.978000000002794,HTML parse + extraction; shared across modes
20261002T161451Z-d2eb76ee,industrial,original_fast_query,dind-ozon.ru-801ca96b303e9c70,ozon.ru-run-none30.html,html/ozon.ru-run-none30.html,ozon.ru,ok,,13.226699999999255,,93.53859999997076,1.0,1.0,1.0,False,,,,ok,False,91.56059999996796,1.978000000002794,HTML parse + extraction; shared across modes
20261002T161451Z-d2eb76ee,industrial,original_fast,dind-ozon.ru-adcd554f73025799,ozon.ru-run-none31.html,html/ozon.ru-run-none31.html,ozon.ru,ok,,1.8489999999292195,,402.7282000000123,24.0,24.0,24.0,False,,,,ok,False,402.7282000000123,1.356900000013411,HTML parse + extraction; shared across modes
20261002T161451Z-d2eb76ee,industrial,original_fast_query,dind-ozon.ru-adcd554f73025799,ozon.ru-run-none31.html,html/ozon.ru-run-none31.html,ozon.ru,ok,,1.8489999999292195,,404.0851000000257,15.0,15.0,15.0,False,,,,ok,False,402.7282000000123,1.356900000013411,HTML parse + extraction; shared across modes
20261002T161451Z-d2eb76ee,industrial,original_fast,dind-ozon.ru-0f3fe0ffc5075f97,ozon.ru-run-none32.html,html/ozon.ru-run-none32.html,ozon.ru,ok,,1.9403999999631196,,370.139899999951,24.0,24.0,24.0,False,,,,ok,False,370.139899999951,1.3889000000199303,HTML parse + extraction; shared across modes
20261002T161451Z-d2eb76ee,industrial,original_fast_query,dind-ozon.ru-0f3fe0ffc5075f97,ozon.ru-run-none32.html,html/ozon.ru-run-none32.html,ozon.ru,ok,,1.9403999999631196,,371.52879999997094,14.0,14.0,14.0,False,,,,ok,False,370.139899999951,1.3889000000199303,HTML parse + extraction; shared across modes
20261002T161451Z-d2eb76ee,industrial,original_fast,dind-ozon.ru-89cacbfd8e2ec95b,ozon.ru-run-none33.html,html/ozon.ru-run-none33.html,ozon.ru,ok,,2.201200000010431,,379.3586999999825,24.0,24.0,24.0,False,,,,ok,False,379.3586999999825,1.5714000000152737,HTML parse + extraction; shared across modes
20261002T161451Z-d2eb76ee,industrial,original_fast_query,dind-ozon.ru-89cacbfd8e2ec95b,ozon.ru-run-none33.html,html/ozon.ru-run-none33.html,ozon.ru,ok,,2.201200000010431,,380.93009999999776,15.0,15.0,15.0,False,,,,ok,False,379.3586999999825,1.5714000000152737,HTML parse + extraction; shared across modes
20261002T161451Z-d2eb76ee,industrial,original_fast,dind-ozon.ru-6574195d5864256d,ozon.ru-run-4f3eb2b3.html,html/ozon.ru-run-4f3eb2b3.html,ozon.ru,ok,,14.716699999989942,,428.81569999991916,24.0,24.0,24.0,False,,,,ok,False,428.81569999991916,2.3040000000037253,HTML parse + extraction; shared across modes
20261002T161451Z-d2eb76ee,industrial,original_fast_query,dind-ozon.ru-6574195d5864256d,ozon.ru-run-4f3eb2b3.html,html/ozon.ru-run-4f3eb2b3.html,ozon.ru,ok,,14.716699999989942,,431.1196999999229,6.0,6.0,6.0,False,,,,ok,False,428.81569999991916,2.3040000000037253,HTML parse + extraction; shared across modes
20261002T161451Z-d2eb76ee,industrial,original_fast,dind-ozon.ru-40d639e4db2530b7,ozon.ru-run-5df0fc85.html,html/ozon.ru-run-5df0fc85.html,ozon.ru,ok,,13.852100000018254,,426.5991999999387,24.0,24.0,24.0,False,,,,ok,False,426.5991999999387,1.8942000000970438,HTML parse + extraction; shared across modes
20261002T161451Z-d2eb76ee,industrial,original_fast_query,dind-ozon.ru-40d639e4db2530b7,ozon.ru-run-5df0fc85.html,html/ozon.ru-run-5df0fc85.html,ozon.ru,ok,,13.852100000018254,,428.49340000003576,6.0,6.0,6.0,False,,,,ok,False,426.5991999999387,1.8942000000970438,HTML parse + extraction; shared across modes
20261002T161451Z-d2eb76ee,industrial,original_fast,dind-ozon.ru-9eaf36f7f4aa57b5,ozon.ru-run-7a5dc852.html,html/ozon.ru-run-7a5dc852.html,ozon.ru,ok,,15.014299999922514,,424.38219999999274,24.0,24.0,24.0,False,,,,ok,False,424.38219999999274,1.8286000000080094,HTML parse + extraction; shared across modes
20261002T161451Z-d2eb76ee,industrial,original_fast_query,dind-ozon.ru-9eaf36f7f4aa57b5,ozon.ru-run-7a5dc852.html,html/ozon.ru-run-7a5dc852.html,ozon.ru,ok,,15.014299999922514,,426.21080000000075,6.0,6.0,6.0,False,,,,ok,False,424.38219999999274,1.8286000000080094,HTML parse + extraction; shared across modes
20261002T161451Z-d2eb76ee,industrial,original_fast,dind-petrovich.ru-f5694ceb95402903,petrovich.ru-run-7ab9dec2.html,html/petrovich.ru-run-7ab9dec2.html,petrovich.ru,ok,,17.383700000005774,,18171.703499999945,20.0,20.0,20.0,False,,,,ok,False,18171.703499999945,1.708600000012666,HTML parse + extraction; shared across modes
20261002T161451Z-d2eb76ee,industrial,original_fast_query,dind-petrovich.ru-f5694ceb95402903,petrovich.ru-run-7ab9dec2.html,html/petrovich.ru-run-7ab9dec2.html,petrovich.ru,ok,,17.383700000005774,,18173.412099999958,1.0,1.0,1.0,False,,,,ok,False,18171.703499999945,1.708600000012666,HTML parse + extraction; shared across modes
20261002T161451Z-d2eb76ee,industrial,original_fast,dind-petrovich.ru-b70961cbdb8bd1e9,petrovich.ru-run-f37ca1e3.html,html/petrovich.ru-run-f37ca1e3.html,petrovich.ru,ok,,7.959199999924749,,19105.746599999955,20.0,20.0,20.0,False,,,,ok,False,19105.746599999955,1.754700000048615,HTML parse + extraction; shared across modes
20261002T161451Z-d2eb76ee,industrial,original_fast_query,dind-petrovich.ru-b70961cbdb8bd1e9,petrovich.ru-run-f37ca1e3.html,html/petrovich.ru-run-f37ca1e3.html,petrovich.ru,ok,,7.959199999924749,,19107.501300000004,1.0,1.0,1.0,False,,,,ok,False,19105.746599999955,1.754700000048615,HTML parse + extraction; shared across modes
20261002T161451Z-d2eb76ee,industrial,original_fast,dind-rs24.ru-e37f5e34d947d094,rs24.ru-run-none1.html,html/rs24.ru-run-none1.html,rs24.ru,ok,,13.928100000019185,,13671.158799999976,26.0,25.0,25.0,False,,,,ok,False,13671.158799999976,1.6566999999340624,HTML parse + extraction; shared across modes
20261002T161451Z-d2eb76ee,industrial,original_fast_query,dind-rs24.ru-e37f5e34d947d094,rs24.ru-run-none1.html,html/rs24.ru-run-none1.html,rs24.ru,ok,,13.928100000019185,,13672.81549999991,21.0,21.0,21.0,False,,,,ok,False,13671.158799999976,1.6566999999340624,HTML parse + extraction; shared across modes
20261002T161451Z-d2eb76ee,industrial,original_fast,dind-rs24.ru-1dae74c7261482fe,rs24.ru-run-none2.html,html/rs24.ru-run-none2.html,rs24.ru,ok,,15.564800000051036,,13649.71510000003,26.0,25.0,25.0,False,,,,ok,False,13649.71510000003,1.8229000000283122,HTML parse + extraction; shared across modes
20261002T161451Z-d2eb76ee,industrial,original_fast_query,dind-rs24.ru-1dae74c7261482fe,rs24.ru-run-none2.html,html/rs24.ru-run-none2.html,rs24.ru,ok,,15.564800000051036,,13651.538000000059,21.0,21.0,21.0,False,,,,ok,False,13649.71510000003,1.8229000000283122,HTML parse + extraction; shared across modes
20261002T161451Z-d2eb76ee,industrial,original_fast,dind-rs24.ru-a5509d4fda3f76ea,rs24.ru-run-none3.html,html/rs24.ru-run-none3.html,rs24.ru,ok,,13.963400000007823,,11538.186600000015,23.0,22.0,22.0,False,,,,ok,False,11538.186600000015,0.7380000000121072,HTML parse + extraction; shared across modes
20261002T161451Z-d2eb76ee,industrial,original_fast_query,dind-rs24.ru-a5509d4fda3f76ea,rs24.ru-run-none3.html,html/rs24.ru-run-none3.html,rs24.ru,ok,,13.963400000007823,,11538.924600000028,22.0,22.0,22.0,False,,,,ok,False,11538.186600000015,0.7380000000121072,HTML parse + extraction; shared across modes
20261002T161451Z-d2eb76ee,industrial,original_fast,dind-rs24.ru-7f6c61bab65e335f,rs24.ru-run-none4.html,html/rs24.ru-run-none4.html,rs24.ru,ok,,13.258000000030734,,1071.2889999999898,1.0,1.0,1.0,False,,,,ok,False,1071.2889999999898,0.15500000002793968,HTML parse + extraction; shared across modes
20261002T161451Z-d2eb76ee,industrial,original_fast_query,dind-rs24.ru-7f6c61bab65e335f,rs24.ru-run-none4.html,html/rs24.ru-run-none4.html,rs24.ru,ok,,13.258000000030734,,1071.4440000000177,1.0,1.0,1.0,False,,,,ok,False,1071.2889999999898,0.15500000002793968,HTML parse + extraction; shared across modes
20261002T161451Z-d2eb76ee,industrial,original_fast,dind-rs24.ru-04d8d106bd9c940f,rs24.ru-run-none5.html,html/rs24.ru-run-none5.html,rs24.ru,ok,,14.297799999942072,,13403.327099999995,26.0,25.0,25.0,False,,,,ok,False,13403.327099999995,1.914600000018254,HTML parse + extraction; shared across modes
20261002T161451Z-d2eb76ee,industrial,original_fast_query,dind-rs24.ru-04d8d106bd9c940f,rs24.ru-run-none5.html,html/rs24.ru-run-none5.html,rs24.ru,ok,,14.297799999942072,,13405.241700000013,4.0,4.0,4.0,False,,,,ok,False,13403.327099999995,1.914600000018254,HTML parse + extraction; shared across modes
20261002T161451Z-d2eb76ee,industrial,original_fast,dind-rs24.ru-eef846de51e83979,rs24.ru-run-none6.html,html/rs24.ru-run-none6.html,rs24.ru,ok,,13.004000000073574,,1506.3055000000168,2.0,1.0,1.0,False,,,,ok,False,1506.3055000000168,0.2203999999910593,HTML parse + extraction; shared across modes
20261002T161451Z-d2eb76ee,industrial,original_fast_query,dind-rs24.ru-eef846de51e83979,rs24.ru-run-none6.html,html/rs24.ru-run-none6.html,rs24.ru,ok,,13.004000000073574,,1506.5259000000078,0.0,0.0,0.0,False,,,,ok,False,1506.3055000000168,0.2203999999910593,HTML parse + extraction; shared across modes
20261002T161451Z-d2eb76ee,industrial,original_fast,dind-rs24.ru-675bf99e5b73b9d3,rs24.ru-run-none7.html,html/rs24.ru-run-none7.html,rs24.ru,ok,,13.65639999997802,,1374.0381000000052,2.0,1.0,1.0,False,,,,ok,False,1374.0381000000052,0.23839999991469085,HTML parse + extraction; shared across modes
20261002T161451Z-d2eb76ee,industrial,original_fast_query,dind-rs24.ru-675bf99e5b73b9d3,rs24.ru-run-none7.html,html/rs24.ru-run-none7.html,rs24.ru,ok,,13.65639999997802,,1374.27649999992,0.0,0.0,0.0,False,,,,ok,False,1374.0381000000052,0.23839999991469085,HTML parse + extraction; shared across modes
20261002T161451Z-d2eb76ee,industrial,original_fast,dind-rs24.ru-c08b8e40b58e9b34,rs24.ru-run-none8.html,html/rs24.ru-run-none8.html,rs24.ru,ok,,13.270900000003166,,1404.563099999912,2.0,1.0,1.0,False,,,,ok,False,1404.563099999912,0.23349999997299165,HTML parse + extraction; shared across modes
20261002T161451Z-d2eb76ee,industrial,original_fast_query,dind-rs24.ru-c08b8e40b58e9b34,rs24.ru-run-none8.html,html/rs24.ru-run-none8.html,rs24.ru,ok,,13.270900000003166,,1404.796599999885,0.0,0.0,0.0,False,,,,ok,False,1404.563099999912,0.23349999997299165,HTML parse + extraction; shared across modes
20261002T161451Z-d2eb76ee,industrial,original_fast,dind-rs24.ru-f0ddc824358ea6a4,rs24.ru-run-none9.html,html/rs24.ru-run-none9.html,rs24.ru,ok,,13.579000000027008,,1370.8340000000317,2.0,1.0,1.0,False,,,,ok,False,1370.8340000000317,0.24379999993834645,HTML parse + extraction; shared across modes
20261002T161451Z-d2eb76ee,industrial,original_fast_query,dind-rs24.ru-f0ddc824358ea6a4,rs24.ru-run-none9.html,html/rs24.ru-run-none9.html,rs24.ru,ok,,13.579000000027008,,1371.07779999997,0.0,0.0,0.0,False,,,,ok,False,1370.8340000000317,0.24379999993834645,HTML parse + extraction; shared across modes
20261002T161451Z-d2eb76ee,industrial,original_fast,dind-rs24.ru-9efe2cd0d7d6ad25,rs24.ru-run-04db4a0c.html,html/rs24.ru-run-04db4a0c.html,rs24.ru,ok,,2.7990999999456108,,13657.833400000003,26.0,25.0,25.0,False,,,,ok,False,13657.833400000003,1.669400000013411,HTML parse + extraction; shared across modes
20261002T161451Z-d2eb76ee,industrial,original_fast_query,dind-rs24.ru-9efe2cd0d7d6ad25,rs24.ru-run-04db4a0c.html,html/rs24.ru-run-04db4a0c.html,rs24.ru,ok,,2.7990999999456108,,13659.502800000017,21.0,21.0,21.0,False,,,,ok,False,13657.833400000003,1.669400000013411,HTML parse + extraction; shared across modes
20261002T161451Z-d2eb76ee,industrial,original_fast,dind-rs24.ru-5f1e642e572bd9cd,rs24.ru-run-80a083d9.html,html/rs24.ru-run-80a083d9.html,rs24.ru,ok,,2.9074000000255182,,13618.399300000048,26.0,25.0,25.0,False,,,,ok,False,13618.399300000048,1.6559999999590218,HTML parse + extraction; shared across modes
20261002T161451Z-d2eb76ee,industrial,original_fast_query,dind-rs24.ru-5f1e642e572bd9cd,rs24.ru-run-80a083d9.html,html/rs24.ru-run-80a083d9.html,rs24.ru,ok,,2.9074000000255182,,13620.055300000007,21.0,21.0,21.0,False,,,,ok,False,13618.399300000048,1.6559999999590218,HTML parse + extraction; shared across modes
20261002T161451Z-d2eb76ee,industrial,original_fast,dind-spb.kuvalda.ru-766cff99f79845f2,spb.kuvalda.ru-run-none1.html,html/spb.kuvalda.ru-run-none1.html,spb.kuvalda.ru,ok,,45.16940000001341,,5208.868000000017,0.0,0.0,0.0,False,,,,empty,False,5208.868000000017,0.11320000002160668,HTML parse + extraction; shared across modes
20261002T161451Z-d2eb76ee,industrial,original_fast_query,dind-spb.kuvalda.ru-766cff99f79845f2,spb.kuvalda.ru-run-none1.html,html/spb.kuvalda.ru-run-none1.html,spb.kuvalda.ru,ok,,45.16940000001341,,5208.981200000038,0.0,0.0,0.0,False,,,,empty,False,5208.868000000017,0.11320000002160668,HTML parse + extraction; shared across modes
20261002T161451Z-d2eb76ee,industrial,original_fast,dind-spb.tara.ru-c058547a7f8a948e,spb.tara.ru-run-none1.html,html/spb.tara.ru-run-none1.html,spb.tara.ru,ok,,13.432700000004843,,5357.888500000001,0.0,0.0,0.0,False,,,,empty,False,5357.888500000001,0.006599999964237213,HTML parse + extraction; shared across modes
20261002T161451Z-d2eb76ee,industrial,original_fast_query,dind-spb.tara.ru-c058547a7f8a948e,spb.tara.ru-run-none1.html,html/spb.tara.ru-run-none1.html,spb.tara.ru,ok,,13.432700000004843,,5357.895099999965,0.0,0.0,0.0,False,,,,empty,False,5357.888500000001,0.006599999964237213,HTML parse + extraction; shared across modes
20261002T161451Z-d2eb76ee,industrial,original_fast,dind-spb.tara.ru-eb7917756d3e38ce,spb.tara.ru-run-none2.html,html/spb.tara.ru-run-none2.html,spb.tara.ru,ok,,14.377100000041537,,19016.702500000014,19.0,19.0,19.0,False,,,,ok,False,19016.702500000014,1.4196000000229105,HTML parse + extraction; shared across modes
20261002T161451Z-d2eb76ee,industrial,original_fast_query,dind-spb.tara.ru-eb7917756d3e38ce,spb.tara.ru-run-none2.html,html/spb.tara.ru-run-none2.html,spb.tara.ru,ok,,14.377100000041537,,19018.122100000037,19.0,19.0,19.0,False,,,,ok,False,19016.702500000014,1.4196000000229105,HTML parse + extraction; shared across modes
20261002T161451Z-d2eb76ee,industrial,original_fast,dind-spb.tara.ru-b247ce637fbd5bab,spb.tara.ru-run-none3.html,html/spb.tara.ru-run-none3.html,spb.tara.ru,ok,,13.253200000035577,,4305.104500000016,0.0,0.0,0.0,False,,,,empty,False,4305.104500000016,0.01839999994263053,HTML parse + extraction; shared across modes
20261002T161451Z-d2eb76ee,industrial,original_fast_query,dind-spb.tara.ru-b247ce637fbd5bab,spb.tara.ru-run-none3.html,html/spb.tara.ru-run-none3.html,spb.tara.ru,ok,,13.253200000035577,,4305.1228999999585,0.0,0.0,0.0,False,,,,empty,False,4305.104500000016,0.01839999994263053,HTML parse + extraction; shared across modes
20261002T161451Z-d2eb76ee,industrial,original_fast,dind-spb.tara.ru-a5b72707164fdaac,spb.tara.ru-run-none4.html,html/spb.tara.ru-run-none4.html,spb.tara.ru,ok,,12.351900000008754,,5307.682700000005,0.0,0.0,0.0,False,,,,empty,False,5307.682700000005,0.014800000004470348,HTML parse + extraction; shared across modes
20261002T161451Z-d2eb76ee,industrial,original_fast_query,dind-spb.tara.ru-a5b72707164fdaac,spb.tara.ru-run-none4.html,html/spb.tara.ru-run-none4.html,spb.tara.ru,ok,,12.351900000008754,,5307.697500000009,0.0,0.0,0.0,False,,,,empty,False,5307.682700000005,0.014800000004470348,HTML parse + extraction; shared across modes
20261002T161451Z-d2eb76ee,industrial,original_fast,dind-spb.tara.ru-e38223cfffcc86d0,spb.tara.ru-run-none5.html,html/spb.tara.ru-run-none5.html,spb.tara.ru,ok,,13.660400000051595,,18794.00769999996,19.0,19.0,19.0,False,,,,ok,False,18794.00769999996,1.4214999999385327,HTML parse + extraction; shared across modes
20261002T161451Z-d2eb76ee,industrial,original_fast_query,dind-spb.tara.ru-e38223cfffcc86d0,spb.tara.ru-run-none5.html,html/spb.tara.ru-run-none5.html,spb.tara.ru,ok,,13.660400000051595,,18795.429199999897,19.0,19.0,19.0,False,,,,ok,False,18794.00769999996,1.4214999999385327,HTML parse + extraction; shared across modes
20261002T161451Z-d2eb76ee,industrial,original_fast,dind-spb.tara.ru-6339f71a84c7fe3f,spb.tara.ru-run-none6.html,html/spb.tara.ru-run-none6.html,spb.tara.ru,ok,,14.353299999958836,,19137.13540000003,19.0,19.0,19.0,False,,,,ok,False,19137.13540000003,1.4208000000799075,HTML parse + extraction; shared across modes
20261002T161451Z-d2eb76ee,industrial,original_fast_query,dind-spb.tara.ru-6339f71a84c7fe3f,spb.tara.ru-run-none6.html,html/spb.tara.ru-run-none6.html,spb.tara.ru,ok,,14.353299999958836,,19138.55620000011,19.0,19.0,19.0,False,,,,ok,False,19137.13540000003,1.4208000000799075,HTML parse + extraction; shared across modes
20261002T161451Z-d2eb76ee,industrial,original_fast,dind-tara.ru-29a986a694d3d56c,tara.ru-run-08e7e74c.html,html/tara.ru-run-08e7e74c.html,tara.ru,ok,,14.34809999994468,,19173.60560000001,19.0,19.0,19.0,False,,,,ok,False,19173.60560000001,1.4381999999750406,HTML parse + extraction; shared across modes
20261002T161451Z-d2eb76ee,industrial,original_fast_query,dind-tara.ru-29a986a694d3d56c,tara.ru-run-08e7e74c.html,html/tara.ru-run-08e7e74c.html,tara.ru,ok,,14.34809999994468,,19175.043799999985,19.0,19.0,19.0,False,,,,ok,False,19173.60560000001,1.4381999999750406,HTML parse + extraction; shared across modes
20261002T161451Z-d2eb76ee,industrial,original_fast,dind-tara.ru-79d24cb7a3d97e32,tara.ru-run-26e00e9e.html,html/tara.ru-run-26e00e9e.html,tara.ru,ok,,14.600199999986216,,18984.044999999925,19.0,19.0,19.0,False,,,,ok,False,18984.044999999925,1.4505000000353903,HTML parse + extraction; shared across modes
20261002T161451Z-d2eb76ee,industrial,original_fast_query,dind-tara.ru-79d24cb7a3d97e32,tara.ru-run-26e00e9e.html,html/tara.ru-run-26e00e9e.html,tara.ru,ok,,14.600199999986216,,18985.49549999996,19.0,19.0,19.0,False,,,,ok,False,18984.044999999925,1.4505000000353903,HTML parse + extraction; shared across modes
20261002T161451Z-d2eb76ee,industrial,original_fast,dind-tara.ru-5dd436ea3dedcde3,tara.ru-run-6b43fab8.html,html/tara.ru-run-6b43fab8.html,tara.ru,ok,,12.425300000002608,,5284.136900000041,0.0,0.0,0.0,False,,,,empty,False,5284.136900000041,0.06909999996423721,HTML parse + extraction; shared across modes
20261002T161451Z-d2eb76ee,industrial,original_fast_query,dind-tara.ru-5dd436ea3dedcde3,tara.ru-run-6b43fab8.html,html/tara.ru-run-6b43fab8.html,tara.ru,ok,,12.425300000002608,,5284.206000000006,0.0,0.0,0.0,False,,,,empty,False,5284.136900000041,0.06909999996423721,HTML parse + extraction; shared across modes
20261002T161451Z-d2eb76ee,industrial,original_fast,dind-tara.ru-996aa6565fe64523,tara.ru-run-a9c88d00.html,html/tara.ru-run-a9c88d00.html,tara.ru,ok,,1.2730999999912456,,4309.446600000025,0.0,0.0,0.0,False,,,,empty,False,4309.446600000025,0.08600000001024455,HTML parse + extraction; shared across modes
20261002T161451Z-d2eb76ee,industrial,original_fast_query,dind-tara.ru-996aa6565fe64523,tara.ru-run-a9c88d00.html,html/tara.ru-run-a9c88d00.html,tara.ru,ok,,1.2730999999912456,,4309.532600000035,0.0,0.0,0.0,False,,,,empty,False,4309.446600000025,0.08600000001024455,HTML parse + extraction; shared across modes
20261002T161451Z-d2eb76ee,industrial,original_fast,dind-vseinstrumenti.ru-f1a5402edd7ade81,vseinstrumenti.ru-run-8d52f5c4.html,html/vseinstrumenti.ru-run-8d52f5c4.html,vseinstrumenti.ru,ok,,13.813200000091456,,586.3606000000145,40.0,40.0,40.0,False,,,,ok,False,586.3606000000145,1.853800000040792,HTML parse + extraction; shared across modes
20261002T161451Z-d2eb76ee,industrial,original_fast_query,dind-vseinstrumenti.ru-f1a5402edd7ade81,vseinstrumenti.ru-run-8d52f5c4.html,html/vseinstrumenti.ru-run-8d52f5c4.html,vseinstrumenti.ru,ok,,13.813200000091456,,588.2144000000553,11.0,11.0,11.0,False,,,,ok,False,586.3606000000145,1.853800000040792,HTML parse + extraction; shared across modes
20261002T161451Z-d2eb76ee,industrial,original_fast,dind-wildberries.ru-ef3f50265721d3c2,wildberries.ru-run-none1.html,html/wildberries.ru-run-none1.html,wildberries.ru,ok,,14.710699999937788,,31648.373900000122,1.0,1.0,1.0,False,,,,ok,False,31648.373900000122,0.30440000002272427,HTML parse + extraction; shared across modes
20261002T161451Z-d2eb76ee,industrial,original_fast_query,dind-wildberries.ru-ef3f50265721d3c2,wildberries.ru-run-none1.html,html/wildberries.ru-run-none1.html,wildberries.ru,ok,,14.710699999937788,,31648.678300000145,0.0,0.0,0.0,False,,,,ok,False,31648.373900000122,0.30440000002272427,HTML parse + extraction; shared across modes
20261002T161451Z-d2eb76ee,industrial,original_fast,dind-wildberries.ru-70b945be0d4bf26a,wildberries.ru-run-none2.html,html/wildberries.ru-run-none2.html,wildberries.ru,ok,,2.781900000059977,,398.3703000000678,0.0,0.0,0.0,False,,,,empty,False,398.3703000000678,0.1635000000242144,HTML parse + extraction; shared across modes
20261002T161451Z-d2eb76ee,industrial,original_fast_query,dind-wildberries.ru-70b945be0d4bf26a,wildberries.ru-run-none2.html,html/wildberries.ru-run-none2.html,wildberries.ru,ok,,2.781900000059977,,398.533800000092,0.0,0.0,0.0,False,,,,empty,False,398.3703000000678,0.1635000000242144,HTML parse + extraction; shared across modes
20261002T161451Z-d2eb76ee,industrial,original_fast,dind-ximtek.ru-98dac1b01cd67510,ximtek.ru-run-none1.html,html/ximtek.ru-run-none1.html,ximtek.ru,ok,,12.472700000042096,,2010.3097000000998,13.0,13.0,13.0,False,,,,ok,False,2010.3097000000998,0.5937000000849366,HTML parse + extraction; shared across modes
20261002T161451Z-d2eb76ee,industrial,original_fast_query,dind-ximtek.ru-98dac1b01cd67510,ximtek.ru-run-none1.html,html/ximtek.ru-run-none1.html,ximtek.ru,ok,,12.472700000042096,,2010.9034000001848,2.0,2.0,2.0,False,,,,ok,False,2010.3097000000998,0.5937000000849366,HTML parse + extraction; shared across modes
20261002T161451Z-d2eb76ee,industrial,original_fast,dind-ximtek.ru-f97bddb789d6b997,ximtek.ru-run-none2.html,html/ximtek.ru-run-none2.html,ximtek.ru,ok,,1.6186999999918044,,1844.6672000000253,13.0,13.0,13.0,False,,,,ok,False,1844.6672000000253,0.6079000001773238,HTML parse + extraction; shared across modes
20261002T161451Z-d2eb76ee,industrial,original_fast_query,dind-ximtek.ru-f97bddb789d6b997,ximtek.ru-run-none2.html,html/ximtek.ru-run-none2.html,ximtek.ru,ok,,1.6186999999918044,,1845.2751000002027,2.0,2.0,2.0,False,,,,ok,False,1844.6672000000253,0.6079000001773238,HTML parse + extraction; shared across modes
20261002T161451Z-d2eb76ee,industrial,original_fast,dind-ximtek.ru-abe2b1a972996824,ximtek.ru-run-none3.html,html/ximtek.ru-run-none3.html,ximtek.ru,ok,,12.6921999999322,,13.849500000011176,0.0,0.0,0.0,False,,,,blocked,False,13.849500000011176,0.0851000000257045,HTML parse + extraction; shared across modes
20261002T161451Z-d2eb76ee,industrial,original_fast_query,dind-ximtek.ru-abe2b1a972996824,ximtek.ru-run-none3.html,html/ximtek.ru-run-none3.html,ximtek.ru,ok,,12.6921999999322,,13.93460000003688,0.0,0.0,0.0,False,,,,blocked,False,13.849500000011176,0.0851000000257045,HTML parse + extraction; shared across modes
20261002T161451Z-d2eb76ee,industrial,original_fast,dind-ximtek.ru-940ff623d7a49c34,ximtek.ru-run-none4.html,html/ximtek.ru-run-none4.html,ximtek.ru,ok,,1.4570999999996275,,13.487299999920651,0.0,0.0,0.0,False,,,,blocked,False,13.487299999920651,0.0921000000089407,HTML parse + extraction; shared across modes
20261002T161451Z-d2eb76ee,industrial,original_fast_query,dind-ximtek.ru-940ff623d7a49c34,ximtek.ru-run-none4.html,html/ximtek.ru-run-none4.html,ximtek.ru,ok,,1.4570999999996275,,13.579399999929592,0.0,0.0,0.0,False,,,,blocked,False,13.487299999920651,0.0921000000089407,HTML parse + extraction; shared across modes
20261002T161451Z-d2eb76ee,industrial,original_fast,dind-ximtek.ru-c35012c3b47572b1,ximtek.ru-run-60625fbe.html,html/ximtek.ru-run-60625fbe.html,ximtek.ru,ok,,1.2538999998942018,,1839.8023999999277,13.0,13.0,13.0,False,,,,ok,False,1839.8023999999277,0.59969999990426,HTML parse + extraction; shared across modes
20261002T161451Z-d2eb76ee,industrial,original_fast_query,dind-ximtek.ru-c35012c3b47572b1,ximtek.ru-run-60625fbe.html,html/ximtek.ru-run-60625fbe.html,ximtek.ru,ok,,1.2538999998942018,,1840.402099999832,2.0,2.0,2.0,False,,,,ok,False,1839.8023999999277,0.59969999990426,HTML parse + extraction; shared across modes
20261002T161451Z-d2eb76ee,industrial,original_fast,dind-ximtek.ru-a6bdec3f9b446bd1,ximtek.ru-run-8572df63.html,html/ximtek.ru-run-8572df63.html,ximtek.ru,ok,,13.474500000011176,,1974.534400000004,13.0,13.0,13.0,False,,,,ok,False,1974.534400000004,0.5927999999839813,HTML parse + extraction; shared across modes
20261002T161451Z-d2eb76ee,industrial,original_fast_query,dind-ximtek.ru-a6bdec3f9b446bd1,ximtek.ru-run-8572df63.html,html/ximtek.ru-run-8572df63.html,ximtek.ru,ok,,13.474500000011176,,1975.127199999988,2.0,2.0,2.0,False,,,,ok,False,1974.534400000004,0.5927999999839813,HTML parse + extraction; shared across modes
20261002T161451Z-d2eb76ee,industrial,original_fast,dind-xn----7sbbnaebi2cxajxwo0b.xn--p1ai-20db32191ce1e849,xn----7sbbnaebi2cxajxwo0b.xn--p1ai-run-none1.html,html/xn----7sbbnaebi2cxajxwo0b.xn--p1ai-run-none1.html,xn----7sbbnaebi2cxajxwo0b.xn--p1ai,ok,,1.0320999999530613,,108.96659999992698,106.0,106.0,106.0,False,,,,ok,False,108.96659999992698,8.064699999988079,HTML parse + extraction; shared across modes
20261002T161451Z-d2eb76ee,industrial,original_fast_query,dind-xn----7sbbnaebi2cxajxwo0b.xn--p1ai-20db32191ce1e849,xn----7sbbnaebi2cxajxwo0b.xn--p1ai-run-none1.html,html/xn----7sbbnaebi2cxajxwo0b.xn--p1ai-run-none1.html,xn----7sbbnaebi2cxajxwo0b.xn--p1ai,ok,,1.0320999999530613,,117.03129999991506,102.0,102.0,102.0,False,,,,ok,False,108.96659999992698,8.064699999988079,HTML parse + extraction; shared across modes
20261002T161451Z-d2eb76ee,industrial,original_fast,dind-xn----7sbbnaebi2cxajxwo0b.xn--p1ai-fa2a381a67d4ba03,xn----7sbbnaebi2cxajxwo0b.xn--p1ai-run-none2.html,html/xn----7sbbnaebi2cxajxwo0b.xn--p1ai-run-none2.html,xn----7sbbnaebi2cxajxwo0b.xn--p1ai,ok,,1.1090000001713634,,102.90039999992587,102.0,102.0,102.0,False,,,,ok,False,102.90039999992587,6.700999999884516,HTML parse + extraction; shared across modes
20261002T161451Z-d2eb76ee,industrial,original_fast_query,dind-xn----7sbbnaebi2cxajxwo0b.xn--p1ai-fa2a381a67d4ba03,xn----7sbbnaebi2cxajxwo0b.xn--p1ai-run-none2.html,html/xn----7sbbnaebi2cxajxwo0b.xn--p1ai-run-none2.html,xn----7sbbnaebi2cxajxwo0b.xn--p1ai,ok,,1.1090000001713634,,109.60139999981038,102.0,102.0,102.0,False,,,,ok,False,102.90039999992587,6.700999999884516,HTML parse + extraction; shared across modes
20261002T161451Z-d2eb76ee,industrial,original_fast,dind-xn----7sbbnaebi2cxajxwo0b.xn--p1ai-a714f745fc2dada6,xn----7sbbnaebi2cxajxwo0b.xn--p1ai-run-none3.html,html/xn----7sbbnaebi2cxajxwo0b.xn--p1ai-run-none3.html,xn----7sbbnaebi2cxajxwo0b.xn--p1ai,ok,,1.13440000009723,,106.85019999998622,106.0,106.0,106.0,False,,,,ok,False,106.85019999998622,6.878700000001118,HTML parse + extraction; shared across modes
20261002T161451Z-d2eb76ee,industrial,original_fast_query,dind-xn----7sbbnaebi2cxajxwo0b.xn--p1ai-a714f745fc2dada6,xn----7sbbnaebi2cxajxwo0b.xn--p1ai-run-none3.html,html/xn----7sbbnaebi2cxajxwo0b.xn--p1ai-run-none3.html,xn----7sbbnaebi2cxajxwo0b.xn--p1ai,ok,,1.13440000009723,,113.72889999998733,102.0,102.0,102.0,False,,,,ok,False,106.85019999998622,6.878700000001118,HTML parse + extraction; shared across modes
20261002T161451Z-d2eb76ee,industrial,original_fast,dind-.-e142c05b90bdf168,unknown-run-7839236e.html,html/unknown-run-7839236e.html,спецодежда-тула.рф,ok,,1.0420999999623746,,101.16940000001341,102.0,102.0,102.0,False,,,,ok,False,101.16940000001341,6.939199999906123,HTML parse + extraction; shared across modes
20261002T161451Z-d2eb76ee,industrial,original_fast_query,dind-.-e142c05b90bdf168,unknown-run-7839236e.html,html/unknown-run-7839236e.html,спецодежда-тула.рф,ok,,1.0420999999623746,,108.10859999991953,102.0,102.0,102.0,False,,,,ok,False,101.16940000001341,6.939199999906123,HTML parse + extraction; shared across modes
20261002T161451Z-d2eb76ee,industrial,original_fast,dind-.-1c84d53a2c5b20ea,unknown-run-af7893e6.html,html/unknown-run-af7893e6.html,спецодежда-тула.рф,ok,,1.1972000000532717,,106.69989999989048,106.0,106.0,106.0,False,,,,ok,False,106.69989999989048,6.890000000130385,HTML parse + extraction; shared across modes
20261002T161451Z-d2eb76ee,industrial,original_fast_query,dind-.-1c84d53a2c5b20ea,unknown-run-af7893e6.html,html/unknown-run-af7893e6.html,спецодежда-тула.рф,ok,,1.1972000000532717,,113.58990000002086,102.0,102.0,102.0,False,,,,ok,False,106.69989999989048,6.890000000130385,HTML parse + extraction; shared across modes
