benchmark_run_id,dataset,variant,page_id,html_key,html_file,source,extraction_status,skip_reason,html_read_ms,html_parse_ms,extract_ms,candidate_count,deduplicated_count,returned_count,candidate_limit_hit,error_type,error_message,error_traceback
20261001T114616Z-f7b52bbe,industrial,b1_jsonld,dind-bigam.ru-4c31321224ca0dfb,bigam.ru-run-070e415b.html,html/bigam.ru-run-070e415b.html,bigam.ru,ok,,2.4564999621361494,158.64309994503856,13.247400056570768,0.0,0.0,0.0,False,,,
20261001T114616Z-f7b52bbe,industrial,b2_css,dind-bigam.ru-4c31321224ca0dfb,bigam.ru-run-070e415b.html,html/bigam.ru-run-070e415b.html,bigam.ru,ok,,2.4564999621361494,158.64309994503856,2410.4999999981374,62.0,15.0,15.0,False,,,
20261001T114616Z-f7b52bbe,industrial,b1_jsonld,dind-bigam.ru-f2294a326cfcba05,bigam.ru-run-1a7ee5bc.html,html/bigam.ru-run-1a7ee5bc.html,bigam.ru,ok,,1.4295000582933426,136.91520015709102,7.521500112488866,0.0,0.0,0.0,False,,,
20261001T114616Z-f7b52bbe,industrial,b2_css,dind-bigam.ru-f2294a326cfcba05,bigam.ru-run-1a7ee5bc.html,html/bigam.ru-run-1a7ee5bc.html,bigam.ru,ok,,1.4295000582933426,136.91520015709102,2005.3954999893904,62.0,15.0,15.0,False,,,
20261001T114616Z-f7b52bbe,industrial,b1_jsonld,dind-bigam.ru-053b5e451a07d93b,bigam.ru-run-25730645.html,html/bigam.ru-run-25730645.html,bigam.ru,ok,,2.232200000435114,146.82619995437562,7.083199918270111,0.0,0.0,0.0,False,,,
20261001T114616Z-f7b52bbe,industrial,b2_css,dind-bigam.ru-053b5e451a07d93b,bigam.ru-run-25730645.html,html/bigam.ru-run-25730645.html,bigam.ru,ok,,2.232200000435114,146.82619995437562,1845.3449998050928,62.0,15.0,15.0,False,,,
20261001T114616Z-f7b52bbe,industrial,b1_jsonld,dind-bigam.ru-a17e0c3e4a6faaf2,bigam.ru-run-401e5667.html,html/bigam.ru-run-401e5667.html,bigam.ru,ok,,1.5920000150799751,151.94800007157028,9.214699966832995,0.0,0.0,0.0,False,,,
20261001T114616Z-f7b52bbe,industrial,b2_css,dind-bigam.ru-a17e0c3e4a6faaf2,bigam.ru-run-401e5667.html,html/bigam.ru-run-401e5667.html,bigam.ru,ok,,1.5920000150799751,151.94800007157028,1863.7924999929965,62.0,15.0,15.0,False,,,
20261001T114616Z-f7b52bbe,industrial,b1_jsonld,dind-bigam.ru-c6cf7468e0715e1f,bigam.ru-run-4671429e.html,html/bigam.ru-run-4671429e.html,bigam.ru,ok,,1.1728000827133656,155.0988000817597,7.416699780151248,0.0,0.0,0.0,False,,,
20261001T114616Z-f7b52bbe,industrial,b2_css,dind-bigam.ru-c6cf7468e0715e1f,bigam.ru-run-4671429e.html,html/bigam.ru-run-4671429e.html,bigam.ru,ok,,1.1728000827133656,155.0988000817597,1681.651399936527,62.0,15.0,15.0,False,,,
20261001T114616Z-f7b52bbe,industrial,b1_jsonld,dind-bigam.ru-d64d3122a4ac0d62,bigam.ru-run-4d6dca4d.html,html/bigam.ru-run-4d6dca4d.html,bigam.ru,ok,,2.553399885073304,140.52159991115332,7.048799889162183,0.0,0.0,0.0,False,,,
20261001T114616Z-f7b52bbe,industrial,b2_css,dind-bigam.ru-d64d3122a4ac0d62,bigam.ru-run-4d6dca4d.html,html/bigam.ru-run-4d6dca4d.html,bigam.ru,ok,,2.553399885073304,140.52159991115332,1805.6183999869972,62.0,15.0,15.0,False,,,
20261001T114616Z-f7b52bbe,industrial,b1_jsonld,dind-bigam.ru-9d6f5f15a221a4b8,bigam.ru-run-5ce6eea7.html,html/bigam.ru-run-5ce6eea7.html,bigam.ru,ok,,1.0772999376058578,116.14069994539022,5.9772999957203865,0.0,0.0,0.0,False,,,
20261001T114616Z-f7b52bbe,industrial,b2_css,dind-bigam.ru-9d6f5f15a221a4b8,bigam.ru-run-5ce6eea7.html,html/bigam.ru-run-5ce6eea7.html,bigam.ru,ok,,1.0772999376058578,116.14069994539022,1668.2270001620054,62.0,15.0,15.0,False,,,
20261001T114616Z-f7b52bbe,industrial,b1_jsonld,dind-bigam.ru-0b40accb7c68a78f,bigam.ru-run-8ce98d27.html,html/bigam.ru-run-8ce98d27.html,bigam.ru,ok,,1.1355001479387283,147.2887999843806,8.584799943491817,0.0,0.0,0.0,False,,,
20261001T114616Z-f7b52bbe,industrial,b2_css,dind-bigam.ru-0b40accb7c68a78f,bigam.ru-run-8ce98d27.html,html/bigam.ru-run-8ce98d27.html,bigam.ru,ok,,1.1355001479387283,147.2887999843806,1808.2627998664975,62.0,15.0,15.0,False,,,
20261001T114616Z-f7b52bbe,industrial,b1_jsonld,dind-bigam.ru-924b98be2f260451,bigam.ru-run-a4614cf8.html,html/bigam.ru-run-a4614cf8.html,bigam.ru,ok,,1.331100007519126,115.02279993146658,7.411400089040399,0.0,0.0,0.0,False,,,
20261001T114616Z-f7b52bbe,industrial,b2_css,dind-bigam.ru-924b98be2f260451,bigam.ru-run-a4614cf8.html,html/bigam.ru-run-a4614cf8.html,bigam.ru,ok,,1.331100007519126,115.02279993146658,1745.7034001126885,62.0,15.0,15.0,False,,,
20261001T114616Z-f7b52bbe,industrial,b1_jsonld,dind-bigam.ru-28741ad7ac8f3e85,bigam.ru-run-c32f0a7d.html,html/bigam.ru-run-c32f0a7d.html,bigam.ru,ok,,2.373400144279003,116.39790004119277,8.71289987117052,0.0,0.0,0.0,False,,,
20261001T114616Z-f7b52bbe,industrial,b2_css,dind-bigam.ru-28741ad7ac8f3e85,bigam.ru-run-c32f0a7d.html,html/bigam.ru-run-c32f0a7d.html,bigam.ru,ok,,2.373400144279003,116.39790004119277,1744.341499870643,62.0,15.0,15.0,False,,,
20261001T114616Z-f7b52bbe,industrial,b1_jsonld,dind-bigam.ru-f9a11490fa2ea0fe,bigam.ru-run-d479cc88.html,html/bigam.ru-run-d479cc88.html,bigam.ru,ok,,1.5475999098271132,108.74020005576313,7.073600078001618,0.0,0.0,0.0,False,,,
20261001T114616Z-f7b52bbe,industrial,b2_css,dind-bigam.ru-f9a11490fa2ea0fe,bigam.ru-run-d479cc88.html,html/bigam.ru-run-d479cc88.html,bigam.ru,ok,,1.5475999098271132,108.74020005576313,1772.8661000728607,62.0,15.0,15.0,False,,,
20261001T114616Z-f7b52bbe,industrial,b1_jsonld,dind-bigam.ru-06af9e1233a99d5f,bigam.ru-run-e6a01e2a.html,html/bigam.ru-run-e6a01e2a.html,bigam.ru,ok,,1.186500070616603,116.78709997795522,8.308899821713567,0.0,0.0,0.0,False,,,
20261001T114616Z-f7b52bbe,industrial,b2_css,dind-bigam.ru-06af9e1233a99d5f,bigam.ru-run-e6a01e2a.html,html/bigam.ru-run-e6a01e2a.html,bigam.ru,ok,,1.186500070616603,116.78709997795522,1887.824899982661,62.0,15.0,15.0,False,,,
20261001T114616Z-f7b52bbe,industrial,b1_jsonld,dind-bigam.ru-989575fef6752559,bigam.ru-run-f440dfcf.html,html/bigam.ru-run-f440dfcf.html,bigam.ru,ok,,2.599399769678712,438.7469000648707,9.689199971035123,0.0,0.0,0.0,False,,,
20261001T114616Z-f7b52bbe,industrial,b2_css,dind-bigam.ru-989575fef6752559,bigam.ru-run-f440dfcf.html,html/bigam.ru-run-f440dfcf.html,bigam.ru,ok,,2.599399769678712,438.7469000648707,2133.826600154862,62.0,15.0,15.0,False,,,
20261001T114616Z-f7b52bbe,industrial,b1_jsonld,dind-chipdip.ru-4f407af0c36f72b6,chipdip.ru-run-none1.html,html/chipdip.ru-run-none1.html,chipdip.ru,ok,,0.8725000079721212,76.59890013746917,18.34980002604425,0.0,0.0,0.0,False,,,
20261001T114616Z-f7b52bbe,industrial,b2_css,dind-chipdip.ru-4f407af0c36f72b6,chipdip.ru-run-none1.html,html/chipdip.ru-run-none1.html,chipdip.ru,ok,,0.8725000079721212,76.59890013746917,757.4983001686633,25.0,25.0,25.0,False,,,
20261001T114616Z-f7b52bbe,industrial,b1_jsonld,dind-chipdip.ru-ac550c02e68937ba,chipdip.ru-run-4d6dca4d.html,html/chipdip.ru-run-4d6dca4d.html,chipdip.ru,ok,,0.6192000582814217,47.9413999710232,27.79319998808205,0.0,0.0,0.0,False,,,
20261001T114616Z-f7b52bbe,industrial,b2_css,dind-chipdip.ru-ac550c02e68937ba,chipdip.ru-run-4d6dca4d.html,html/chipdip.ru-run-4d6dca4d.html,chipdip.ru,ok,,0.6192000582814217,47.9413999710232,591.5087999310344,21.0,21.0,21.0,False,,,
20261001T114616Z-f7b52bbe,industrial,b1_jsonld,dind-chipdip.ru-abf1baaa6803c0b8,chipdip.ru-run-8f5bbe64.html,html/chipdip.ru-run-8f5bbe64.html,chipdip.ru,ok,,0.9671999141573906,60.59779995121062,17.053200164809823,0.0,0.0,0.0,False,,,
20261001T114616Z-f7b52bbe,industrial,b2_css,dind-chipdip.ru-abf1baaa6803c0b8,chipdip.ru-run-8f5bbe64.html,html/chipdip.ru-run-8f5bbe64.html,chipdip.ru,ok,,0.9671999141573906,60.59779995121062,523.6392999067903,21.0,21.0,21.0,False,,,
20261001T114616Z-f7b52bbe,industrial,b1_jsonld,dind-chipdip.ru-8ffd0822c0dc4d40,chipdip.ru-run-90f03fab.html,html/chipdip.ru-run-90f03fab.html,chipdip.ru,ok,,0.9018001146614552,61.647500144317746,16.53630007058382,0.0,0.0,0.0,False,,,
20261001T114616Z-f7b52bbe,industrial,b2_css,dind-chipdip.ru-8ffd0822c0dc4d40,chipdip.ru-run-90f03fab.html,html/chipdip.ru-run-90f03fab.html,chipdip.ru,ok,,0.9018001146614552,61.647500144317746,525.930600007996,21.0,21.0,21.0,False,,,
20261001T114616Z-f7b52bbe,industrial,b1_jsonld,dind-chipdip.ru-0c732437ad22572f,chipdip.ru-run-c0047e44.html,html/chipdip.ru-run-c0047e44.html,chipdip.ru,ok,,0.6262001115828753,49.03969983570278,14.549100073054433,0.0,0.0,0.0,False,,,
20261001T114616Z-f7b52bbe,industrial,b2_css,dind-chipdip.ru-0c732437ad22572f,chipdip.ru-run-c0047e44.html,html/chipdip.ru-run-c0047e44.html,chipdip.ru,ok,,0.6262001115828753,49.03969983570278,518.8266998156905,21.0,21.0,21.0,False,,,
20261001T114616Z-f7b52bbe,industrial,b1_jsonld,dind-chipdip.ru-c2479b21b1035e7c,chipdip.ru-run-dd921485.html,html/chipdip.ru-run-dd921485.html,chipdip.ru,ok,,0.5934999790042639,52.35509993508458,16.70919987373054,0.0,0.0,0.0,False,,,
20261001T114616Z-f7b52bbe,industrial,b2_css,dind-chipdip.ru-c2479b21b1035e7c,chipdip.ru-run-dd921485.html,html/chipdip.ru-run-dd921485.html,chipdip.ru,ok,,0.5934999790042639,52.35509993508458,468.6171000357717,21.0,21.0,21.0,False,,,
20261001T114616Z-f7b52bbe,industrial,b1_jsonld,dind-chipdip.ru-976706e79c2f2987,chipdip.ru-run-e78490cf.html,html/chipdip.ru-run-e78490cf.html,chipdip.ru,ok,,0.5248000379651785,45.62909994274378,13.414100045338273,0.0,0.0,0.0,False,,,
20261001T114616Z-f7b52bbe,industrial,b2_css,dind-chipdip.ru-976706e79c2f2987,chipdip.ru-run-e78490cf.html,html/chipdip.ru-run-e78490cf.html,chipdip.ru,ok,,0.5248000379651785,45.62909994274378,492.1597000211477,21.0,21.0,21.0,False,,,
20261001T114616Z-f7b52bbe,industrial,b1_jsonld,dind-citilink.ru-6930b865e4517478,citilink.ru-run-none1.html,html/citilink.ru-run-none1.html,citilink.ru,ok,,1.7496999353170395,193.7720999121666,53.66079998202622,0.0,0.0,0.0,False,,,
20261001T114616Z-f7b52bbe,industrial,b2_css,dind-citilink.ru-6930b865e4517478,citilink.ru-run-none1.html,html/citilink.ru-run-none1.html,citilink.ru,ok,,1.7496999353170395,193.7720999121666,2045.1430999673903,72.0,36.0,36.0,False,,,
20261001T114616Z-f7b52bbe,industrial,b1_jsonld,dind-citilink.ru-30da59eb4be8c8d4,citilink.ru-run-none2.html,html/citilink.ru-run-none2.html,citilink.ru,ok,,1.5124001074582338,162.77040005661547,46.5595000423491,0.0,0.0,0.0,False,,,
20261001T114616Z-f7b52bbe,industrial,b2_css,dind-citilink.ru-30da59eb4be8c8d4,citilink.ru-run-none2.html,html/citilink.ru-run-none2.html,citilink.ru,ok,,1.5124001074582338,162.77040005661547,2133.441099897027,72.0,36.0,36.0,False,,,
20261001T114616Z-f7b52bbe,industrial,b1_jsonld,dind-citilink.ru-fc3d83fa07e578d5,citilink.ru-run-none3.html,html/citilink.ru-run-none3.html,citilink.ru,ok,,2.8522999491542578,166.717299958691,47.32379992492497,0.0,0.0,0.0,False,,,
20261001T114616Z-f7b52bbe,industrial,b2_css,dind-citilink.ru-fc3d83fa07e578d5,citilink.ru-run-none3.html,html/citilink.ru-run-none3.html,citilink.ru,ok,,2.8522999491542578,166.717299958691,1963.6366001795977,72.0,36.0,36.0,False,,,
20261001T114616Z-f7b52bbe,industrial,b1_jsonld,dind-citilink.ru-4ea974c7ea924633,citilink.ru-run-none4.html,html/citilink.ru-run-none4.html,citilink.ru,ok,,1.8587000668048859,140.56449988856912,39.7792998701334,0.0,0.0,0.0,False,,,
20261001T114616Z-f7b52bbe,industrial,b2_css,dind-citilink.ru-4ea974c7ea924633,citilink.ru-run-none4.html,html/citilink.ru-run-none4.html,citilink.ru,ok,,1.8587000668048859,140.56449988856912,1681.2134999781847,72.0,36.0,36.0,False,,,
20261001T114616Z-f7b52bbe,industrial,b1_jsonld,dind-citilink.ru-cda6466bd3c48b51,citilink.ru-run-none5.html,html/citilink.ru-run-none5.html,citilink.ru,ok,,2.1536999847739935,140.37810009904206,37.79289987869561,0.0,0.0,0.0,False,,,
20261001T114616Z-f7b52bbe,industrial,b2_css,dind-citilink.ru-cda6466bd3c48b51,citilink.ru-run-none5.html,html/citilink.ru-run-none5.html,citilink.ru,ok,,2.1536999847739935,140.37810009904206,1771.849500015378,72.0,36.0,36.0,False,,,
20261001T114616Z-f7b52bbe,industrial,b1_jsonld,dind-citilink.ru-e2440ead0d4289d7,citilink.ru-run-none6.html,html/citilink.ru-run-none6.html,citilink.ru,ok,,2.724299905821681,92.8323999978602,24.93700012564659,0.0,0.0,0.0,False,,,
20261001T114616Z-f7b52bbe,industrial,b2_css,dind-citilink.ru-e2440ead0d4289d7,citilink.ru-run-none6.html,html/citilink.ru-run-none6.html,citilink.ru,ok,,2.724299905821681,92.8323999978602,1017.4628000240773,24.0,12.0,12.0,False,,,
20261001T114616Z-f7b52bbe,industrial,b1_jsonld,dind-citilink.ru-fb08ef466206eb66,citilink.ru-run-none7.html,html/citilink.ru-run-none7.html,citilink.ru,ok,,2.9786000959575176,154.30289995856583,45.73299991898239,0.0,0.0,0.0,False,,,
20261001T114616Z-f7b52bbe,industrial,b2_css,dind-citilink.ru-fb08ef466206eb66,citilink.ru-run-none7.html,html/citilink.ru-run-none7.html,citilink.ru,ok,,2.9786000959575176,154.30289995856583,2051.1145999189466,72.0,36.0,36.0,False,,,
20261001T114616Z-f7b52bbe,industrial,b1_jsonld,dind-citilink.ru-c3b1bb2ebd5d428a,citilink.ru-run-none8.html,html/citilink.ru-run-none8.html,citilink.ru,ok,,2.8163001406937838,153.65919983014464,45.92469986528158,0.0,0.0,0.0,False,,,
20261001T114616Z-f7b52bbe,industrial,b2_css,dind-citilink.ru-c3b1bb2ebd5d428a,citilink.ru-run-none8.html,html/citilink.ru-run-none8.html,citilink.ru,ok,,2.8163001406937838,153.65919983014464,1893.1903999764472,72.0,36.0,36.0,False,,,
20261001T114616Z-f7b52bbe,industrial,b1_jsonld,dind-citilink.ru-27ce607b67285dce,citilink.ru-run-none9.html,html/citilink.ru-run-none9.html,citilink.ru,ok,,2.5844001211225986,207.36950007267296,45.33410002477467,0.0,0.0,0.0,False,,,
20261001T114616Z-f7b52bbe,industrial,b2_css,dind-citilink.ru-27ce607b67285dce,citilink.ru-run-none9.html,html/citilink.ru-run-none9.html,citilink.ru,ok,,2.5844001211225986,207.36950007267296,1867.286799941212,72.0,36.0,36.0,False,,,
20261001T114616Z-f7b52bbe,industrial,b1_jsonld,dind-citilink.ru-abcfe4fb034ca5a2,citilink.ru-run-none10.html,html/citilink.ru-run-none10.html,citilink.ru,ok,,2.692400012165308,165.45689990743995,39.15009996853769,0.0,0.0,0.0,False,,,
20261001T114616Z-f7b52bbe,industrial,b2_css,dind-citilink.ru-abcfe4fb034ca5a2,citilink.ru-run-none10.html,html/citilink.ru-run-none10.html,citilink.ru,ok,,2.692400012165308,165.45689990743995,1829.0443001314998,72.0,36.0,36.0,False,,,
20261001T114616Z-f7b52bbe,industrial,b1_jsonld,dind-citilink.ru-8f6401111a1db657,citilink.ru-run-none11.html,html/citilink.ru-run-none11.html,citilink.ru,ok,,4.334599943831563,586.7394001688808,49.90570014342666,0.0,0.0,0.0,False,,,
20261001T114616Z-f7b52bbe,industrial,b2_css,dind-citilink.ru-8f6401111a1db657,citilink.ru-run-none11.html,html/citilink.ru-run-none11.html,citilink.ru,ok,,4.334599943831563,586.7394001688808,2171.8400998506695,72.0,36.0,36.0,False,,,
20261001T114616Z-f7b52bbe,industrial,b1_jsonld,dind-citilink.ru-10ed9d833757ff85,citilink.ru-run-none12.html,html/citilink.ru-run-none12.html,citilink.ru,ok,,2.926400164142251,197.47280003502965,50.73160002939403,0.0,0.0,0.0,False,,,
20261001T114616Z-f7b52bbe,industrial,b2_css,dind-citilink.ru-10ed9d833757ff85,citilink.ru-run-none12.html,html/citilink.ru-run-none12.html,citilink.ru,ok,,2.926400164142251,197.47280003502965,2370.9923999849707,72.0,36.0,36.0,False,,,
20261001T114616Z-f7b52bbe,industrial,b1_jsonld,dind-citilink.ru-c9c5ca4bf5e41894,citilink.ru-run-none13.html,html/citilink.ru-run-none13.html,citilink.ru,ok,,3.623400116339326,239.31770003400743,62.11810000240803,0.0,0.0,0.0,False,,,
20261001T114616Z-f7b52bbe,industrial,b2_css,dind-citilink.ru-c9c5ca4bf5e41894,citilink.ru-run-none13.html,html/citilink.ru-run-none13.html,citilink.ru,ok,,3.623400116339326,239.31770003400743,2089.162199990824,72.0,36.0,36.0,False,,,
20261001T114616Z-f7b52bbe,industrial,b1_jsonld,dind-citilink.ru-c27eb4fecdbb44bb,citilink.ru-run-none14.html,html/citilink.ru-run-none14.html,citilink.ru,ok,,1.6615998465567827,56.757799815386534,20.269500091671944,0.0,0.0,0.0,False,,,
20261001T114616Z-f7b52bbe,industrial,b2_css,dind-citilink.ru-c27eb4fecdbb44bb,citilink.ru-run-none14.html,html/citilink.ru-run-none14.html,citilink.ru,ok,,1.6615998465567827,56.757799815386534,502.9204001184553,12.0,6.0,6.0,False,,,
20261001T114616Z-f7b52bbe,industrial,b1_jsonld,dind-cnc.su-60ca64ff8b5db935,cnc.su-run-3e95d0c6.html,html/cnc.su-run-3e95d0c6.html,cnc.su,ok,,1.8331001047044992,116.0540001001209,18.962000031024218,0.0,0.0,0.0,False,,,
20261001T114616Z-f7b52bbe,industrial,b2_css,dind-cnc.su-60ca64ff8b5db935,cnc.su-run-3e95d0c6.html,html/cnc.su-run-3e95d0c6.html,cnc.su,ok,,1.8331001047044992,116.0540001001209,1844.6444000583142,30.0,8.0,8.0,False,,,
20261001T114616Z-f7b52bbe,industrial,b1_jsonld,dind-cnc.su-3651d593e610dc79,cnc.su-run-76db53a6.html,html/cnc.su-run-76db53a6.html,cnc.su,ok,,2.751599997282028,180.78100006096065,28.415200067684054,0.0,0.0,0.0,False,,,
20261001T114616Z-f7b52bbe,industrial,b2_css,dind-cnc.su-3651d593e610dc79,cnc.su-run-76db53a6.html,html/cnc.su-run-76db53a6.html,cnc.su,ok,,2.751599997282028,180.78100006096065,2555.1252998411655,30.0,8.0,8.0,False,,,
20261001T114616Z-f7b52bbe,industrial,b1_jsonld,dind-cnc.su-aea17eda0f793a5b,cnc.su-run-7b56c8dd.html,html/cnc.su-run-7b56c8dd.html,cnc.su,ok,,2.423300174996257,187.21570004709065,32.30340010486543,0.0,0.0,0.0,False,,,
20261001T114616Z-f7b52bbe,industrial,b2_css,dind-cnc.su-aea17eda0f793a5b,cnc.su-run-7b56c8dd.html,html/cnc.su-run-7b56c8dd.html,cnc.su,ok,,2.423300174996257,187.21570004709065,2568.1613001506776,30.0,8.0,8.0,False,,,
20261001T114616Z-f7b52bbe,industrial,b1_jsonld,dind-cnc.su-cbe39bad76c5ee58,cnc.su-run-7efc742d.html,html/cnc.su-run-7efc742d.html,cnc.su,ok,,3.1697999220341444,198.28670006245375,28.18150003440678,0.0,0.0,0.0,False,,,
20261001T114616Z-f7b52bbe,industrial,b2_css,dind-cnc.su-cbe39bad76c5ee58,cnc.su-run-7efc742d.html,html/cnc.su-run-7efc742d.html,cnc.su,ok,,3.1697999220341444,198.28670006245375,2339.0987999737263,30.0,8.0,8.0,False,,,
20261001T114616Z-f7b52bbe,industrial,b1_jsonld,dind-dns-shop.ru-811008815de52c86,dns-shop.ru-run-none1.html,html/dns-shop.ru-run-none1.html,dns-shop.ru,ok,,1.172299962490797,53.654300048947334,4.510900005698204,0.0,0.0,0.0,False,,,
20261001T114616Z-f7b52bbe,industrial,b2_css,dind-dns-shop.ru-811008815de52c86,dns-shop.ru-run-none1.html,html/dns-shop.ru-run-none1.html,dns-shop.ru,ok,,1.172299962490797,53.654300048947334,1375.9414998348802,76.0,18.0,18.0,False,,,
20261001T114616Z-f7b52bbe,industrial,b1_jsonld,dind-dns-shop.ru-500c72a9307f6bee,dns-shop.ru-run-none2.html,html/dns-shop.ru-run-none2.html,dns-shop.ru,ok,,1.5825999435037374,67.88320001214743,6.974700139835477,0.0,0.0,0.0,False,,,
20261001T114616Z-f7b52bbe,industrial,b2_css,dind-dns-shop.ru-500c72a9307f6bee,dns-shop.ru-run-none2.html,html/dns-shop.ru-run-none2.html,dns-shop.ru,ok,,1.5825999435037374,67.88320001214743,1327.8193001169711,76.0,18.0,18.0,False,,,
20261001T114616Z-f7b52bbe,industrial,b1_jsonld,dind-dns-shop.ru-536061e6205968d4,dns-shop.ru-run-none3.html,html/dns-shop.ru-run-none3.html,dns-shop.ru,ok,,1.1968999169766903,58.9073000010103,4.480100004002452,0.0,0.0,0.0,False,,,
20261001T114616Z-f7b52bbe,industrial,b2_css,dind-dns-shop.ru-536061e6205968d4,dns-shop.ru-run-none3.html,html/dns-shop.ru-run-none3.html,dns-shop.ru,ok,,1.1968999169766903,58.9073000010103,1384.820400038734,76.0,18.0,18.0,False,,,
20261001T114616Z-f7b52bbe,industrial,b1_jsonld,dind-dns-shop.ru-7933239bf3e50771,dns-shop.ru-run-none4.html,html/dns-shop.ru-run-none4.html,dns-shop.ru,ok,,1.8152999691665173,63.22630005888641,4.5779000502079725,0.0,0.0,0.0,False,,,
20261001T114616Z-f7b52bbe,industrial,b2_css,dind-dns-shop.ru-7933239bf3e50771,dns-shop.ru-run-none4.html,html/dns-shop.ru-run-none4.html,dns-shop.ru,ok,,1.8152999691665173,63.22630005888641,1393.611499806866,76.0,18.0,18.0,False,,,
20261001T114616Z-f7b52bbe,industrial,b1_jsonld,dind-dns-shop.ru-85bc079e6fdf3596,dns-shop.ru-run-none5.html,html/dns-shop.ru-run-none5.html,dns-shop.ru,ok,,1.9577001221477985,71.05749985203147,7.870999863371253,1.0,1.0,1.0,False,,,
20261001T114616Z-f7b52bbe,industrial,b2_css,dind-dns-shop.ru-85bc079e6fdf3596,dns-shop.ru-run-none5.html,html/dns-shop.ru-run-none5.html,dns-shop.ru,ok,,1.9577001221477985,71.05749985203147,1658.9627000503242,75.0,19.0,19.0,False,,,
20261001T114616Z-f7b52bbe,industrial,b1_jsonld,dind-dns-shop.ru-3febee92cb878873,dns-shop.ru-run-none6.html,html/dns-shop.ru-run-none6.html,dns-shop.ru,ok,,2.803799929097295,92.21110004000366,6.470799911767244,1.0,1.0,1.0,False,,,
20261001T114616Z-f7b52bbe,industrial,b2_css,dind-dns-shop.ru-3febee92cb878873,dns-shop.ru-run-none6.html,html/dns-shop.ru-run-none6.html,dns-shop.ru,ok,,2.803799929097295,92.21110004000366,1593.9907999709249,75.0,19.0,19.0,False,,,
20261001T114616Z-f7b52bbe,industrial,b1_jsonld,dind-dns-shop.ru-b6cad428c103f85e,dns-shop.ru-run-none7.html,html/dns-shop.ru-run-none7.html,dns-shop.ru,ok,,1.2787999585270882,32.05230017192662,2.7748998254537582,0.0,0.0,0.0,False,,,
20261001T114616Z-f7b52bbe,industrial,b2_css,dind-dns-shop.ru-b6cad428c103f85e,dns-shop.ru-run-none7.html,html/dns-shop.ru-run-none7.html,dns-shop.ru,ok,,1.2787999585270882,32.05230017192662,463.49600004032254,20.0,4.0,4.0,False,,,
20261001T114616Z-f7b52bbe,industrial,b1_jsonld,dind-dns-shop.ru-a3790a136022ceb0,dns-shop.ru-run-none8.html,html/dns-shop.ru-run-none8.html,dns-shop.ru,ok,,0.9431999642401934,29.25010002218187,2.689699875190854,0.0,0.0,0.0,False,,,
20261001T114616Z-f7b52bbe,industrial,b2_css,dind-dns-shop.ru-a3790a136022ceb0,dns-shop.ru-run-none8.html,html/dns-shop.ru-run-none8.html,dns-shop.ru,ok,,0.9431999642401934,29.25010002218187,449.9117999803275,20.0,4.0,4.0,False,,,
20261001T114616Z-f7b52bbe,industrial,b1_jsonld,dind-dns-shop.ru-28746746c13ce562,dns-shop.ru-run-none9.html,html/dns-shop.ru-run-none9.html,dns-shop.ru,ok,,1.2293998152017593,30.876899836584926,2.6632999069988728,0.0,0.0,0.0,False,,,
20261001T114616Z-f7b52bbe,industrial,b2_css,dind-dns-shop.ru-28746746c13ce562,dns-shop.ru-run-none9.html,html/dns-shop.ru-run-none9.html,dns-shop.ru,ok,,1.2293998152017593,30.876899836584926,343.63569994457066,14.0,3.0,3.0,False,,,
20261001T114616Z-f7b52bbe,industrial,b1_jsonld,dind-dns-shop.ru-771d6387f7b3c12b,dns-shop.ru-run-none10.html,html/dns-shop.ru-run-none10.html,dns-shop.ru,ok,,1.226500142365694,56.29840004257858,4.0837000124156475,0.0,0.0,0.0,False,,,
20261001T114616Z-f7b52bbe,industrial,b2_css,dind-dns-shop.ru-771d6387f7b3c12b,dns-shop.ru-run-none10.html,html/dns-shop.ru-run-none10.html,dns-shop.ru,ok,,1.226500142365694,56.29840004257858,1154.9241000320762,77.0,21.0,21.0,False,,,
20261001T114616Z-f7b52bbe,industrial,b1_jsonld,dind-dns-shop.ru-90440791218a97f4,dns-shop.ru-run-none11.html,html/dns-shop.ru-run-none11.html,dns-shop.ru,ok,,1.1211999226361513,29.98899994418025,3.463299944996834,0.0,0.0,0.0,False,,,
20261001T114616Z-f7b52bbe,industrial,b2_css,dind-dns-shop.ru-90440791218a97f4,dns-shop.ru-run-none11.html,html/dns-shop.ru-run-none11.html,dns-shop.ru,ok,,1.1211999226361513,29.98899994418025,468.9682999160141,20.0,4.0,4.0,False,,,
20261001T114616Z-f7b52bbe,industrial,b1_jsonld,dind-dns-shop.ru-92ce0999672a52ef,dns-shop.ru-run-none12.html,html/dns-shop.ru-run-none12.html,dns-shop.ru,ok,,1.037699868902564,32.0011000148952,2.8134998865425587,0.0,0.0,0.0,False,,,
20261001T114616Z-f7b52bbe,industrial,b2_css,dind-dns-shop.ru-92ce0999672a52ef,dns-shop.ru-run-none12.html,html/dns-shop.ru-run-none12.html,dns-shop.ru,ok,,1.037699868902564,32.0011000148952,494.4893999490887,20.0,4.0,4.0,False,,,
20261001T114616Z-f7b52bbe,industrial,b1_jsonld,dind-dns-shop.ru-af963fbfbb118c6f,dns-shop.ru-run-none13.html,html/dns-shop.ru-run-none13.html,dns-shop.ru,ok,,1.088300021365285,34.81670003384352,2.7048999909311533,0.0,0.0,0.0,False,,,
20261001T114616Z-f7b52bbe,industrial,b2_css,dind-dns-shop.ru-af963fbfbb118c6f,dns-shop.ru-run-none13.html,html/dns-shop.ru-run-none13.html,dns-shop.ru,ok,,1.088300021365285,34.81670003384352,412.61240001767874,9.0,2.0,2.0,False,,,
20261001T114616Z-f7b52bbe,industrial,b1_jsonld,dind-dns-shop.ru-fdefdf05ba85008a,dns-shop.ru-run-none14.html,html/dns-shop.ru-run-none14.html,dns-shop.ru,ok,,1.0312001686543226,437.6030000858009,4.485700046643615,0.0,0.0,0.0,False,,,
20261001T114616Z-f7b52bbe,industrial,b2_css,dind-dns-shop.ru-fdefdf05ba85008a,dns-shop.ru-run-none14.html,html/dns-shop.ru-run-none14.html,dns-shop.ru,ok,,1.0312001686543226,437.6030000858009,1521.0851000156254,74.0,18.0,18.0,False,,,
20261001T114616Z-f7b52bbe,industrial,b1_jsonld,dind-dns-shop.ru-4a4e14f05378d4a5,dns-shop.ru-run-none15.html,html/dns-shop.ru-run-none15.html,dns-shop.ru,ok,,1.6240000259131193,25.59320000000298,2.688599983230233,1.0,1.0,1.0,False,,,
20261001T114616Z-f7b52bbe,industrial,b2_css,dind-dns-shop.ru-4a4e14f05378d4a5,dns-shop.ru-run-none15.html,html/dns-shop.ru-run-none15.html,dns-shop.ru,ok,,1.6240000259131193,25.59320000000298,443.65260004997253,30.0,7.0,7.0,False,,,
20261001T114616Z-f7b52bbe,industrial,b1_jsonld,dind-dns-shop.ru-564876217320f967,dns-shop.ru-run-none16.html,html/dns-shop.ru-run-none16.html,dns-shop.ru,ok,,0.9363000281155109,13.606599997729063,1.6407000366598368,0.0,0.0,0.0,False,,,
20261001T114616Z-f7b52bbe,industrial,b2_css,dind-dns-shop.ru-564876217320f967,dns-shop.ru-run-none16.html,html/dns-shop.ru-run-none16.html,dns-shop.ru,ok,,0.9363000281155109,13.606599997729063,297.8984999936074,30.0,7.0,7.0,False,,,
20261001T114616Z-f7b52bbe,industrial,b1_jsonld,dind-dns-shop.ru-46ebef5666c10c8e,dns-shop.ru-run-none17.html,html/dns-shop.ru-run-none17.html,dns-shop.ru,ok,,1.249199965968728,56.85339984484017,5.464000161737204,0.0,0.0,0.0,False,,,
20261001T114616Z-f7b52bbe,industrial,b2_css,dind-dns-shop.ru-46ebef5666c10c8e,dns-shop.ru-run-none17.html,html/dns-shop.ru-run-none17.html,dns-shop.ru,ok,,1.249199965968728,56.85339984484017,1511.6091999225318,77.0,18.0,18.0,False,,,
20261001T114616Z-f7b52bbe,industrial,b1_jsonld,dind-dns-shop.ru-3f4da6582900a525,dns-shop.ru-run-none18.html,html/dns-shop.ru-run-none18.html,dns-shop.ru,ok,,1.3957999181002378,75.70759998634458,5.428799893707037,0.0,0.0,0.0,False,,,
20261001T114616Z-f7b52bbe,industrial,b2_css,dind-dns-shop.ru-3f4da6582900a525,dns-shop.ru-run-none18.html,html/dns-shop.ru-run-none18.html,dns-shop.ru,ok,,1.3957999181002378,75.70759998634458,1448.5681999940425,76.0,20.0,20.0,False,,,
20261001T114616Z-f7b52bbe,industrial,b1_jsonld,dind-dns-shop.ru-4d693e109b55f82a,dns-shop.ru-run-none19.html,html/dns-shop.ru-run-none19.html,dns-shop.ru,ok,,1.4041999820619822,64.27860003896058,5.338900024071336,0.0,0.0,0.0,False,,,
20261001T114616Z-f7b52bbe,industrial,b2_css,dind-dns-shop.ru-4d693e109b55f82a,dns-shop.ru-run-none19.html,html/dns-shop.ru-run-none19.html,dns-shop.ru,ok,,1.4041999820619822,64.27860003896058,1309.4743001274765,79.0,23.0,23.0,False,,,
20261001T114616Z-f7b52bbe,industrial,b1_jsonld,dind-dns-shop.ru-ecbe705fe138bbfc,dns-shop.ru-run-none20.html,html/dns-shop.ru-run-none20.html,dns-shop.ru,ok,,1.2681998778134584,52.9086000751704,5.276800133287907,0.0,0.0,0.0,False,,,
20261001T114616Z-f7b52bbe,industrial,b2_css,dind-dns-shop.ru-ecbe705fe138bbfc,dns-shop.ru-run-none20.html,html/dns-shop.ru-run-none20.html,dns-shop.ru,ok,,1.2681998778134584,52.9086000751704,1484.9824998527765,79.0,18.0,18.0,False,,,
20261001T114616Z-f7b52bbe,industrial,b1_jsonld,dind-dns-shop.ru-8115aee7bc53974a,dns-shop.ru-run-none21.html,html/dns-shop.ru-run-none21.html,dns-shop.ru,ok,,2.279900014400482,77.15309993363917,5.5698000360280275,1.0,1.0,1.0,False,,,
20261001T114616Z-f7b52bbe,industrial,b2_css,dind-dns-shop.ru-8115aee7bc53974a,dns-shop.ru-run-none21.html,html/dns-shop.ru-run-none21.html,dns-shop.ru,ok,,2.279900014400482,77.15309993363917,1552.3639000020921,79.0,23.0,23.0,False,,,
20261001T114616Z-f7b52bbe,industrial,b1_jsonld,dind-dns-shop.ru-33bd96f05cc76522,dns-shop.ru-run-none22.html,html/dns-shop.ru-run-none22.html,dns-shop.ru,ok,,1.3633000198751688,55.023099994286895,5.722600035369396,0.0,0.0,0.0,False,,,
20261001T114616Z-f7b52bbe,industrial,b2_css,dind-dns-shop.ru-33bd96f05cc76522,dns-shop.ru-run-none22.html,html/dns-shop.ru-run-none22.html,dns-shop.ru,ok,,1.3633000198751688,55.023099994286895,1557.2546999901533,80.0,22.0,22.0,False,,,
20261001T114616Z-f7b52bbe,industrial,b1_jsonld,dind-dns-shop.ru-fb02082707bf4363,dns-shop.ru-run-none23.html,html/dns-shop.ru-run-none23.html,dns-shop.ru,ok,,1.2095000129193068,68.26139986515045,5.14580006711185,0.0,0.0,0.0,False,,,
20261001T114616Z-f7b52bbe,industrial,b2_css,dind-dns-shop.ru-fb02082707bf4363,dns-shop.ru-run-none23.html,html/dns-shop.ru-run-none23.html,dns-shop.ru,ok,,1.2095000129193068,68.26139986515045,1513.0767999216914,76.0,18.0,18.0,False,,,
20261001T114616Z-f7b52bbe,industrial,b1_jsonld,dind-dns-shop.ru-b7113a7a9f8e538f,dns-shop.ru-run-none24.html,html/dns-shop.ru-run-none24.html,dns-shop.ru,ok,,1.8615999724715948,58.64780000410974,4.724399885162711,0.0,0.0,0.0,False,,,
20261001T114616Z-f7b52bbe,industrial,b2_css,dind-dns-shop.ru-b7113a7a9f8e538f,dns-shop.ru-run-none24.html,html/dns-shop.ru-run-none24.html,dns-shop.ru,ok,,1.8615999724715948,58.64780000410974,1528.373199980706,77.0,18.0,18.0,False,,,
20261001T114616Z-f7b52bbe,industrial,b1_jsonld,dind-dns-shop.ru-996bc94411949f8b,dns-shop.ru-run-none25.html,html/dns-shop.ru-run-none25.html,dns-shop.ru,ok,,1.1970000341534615,59.459200128912926,4.7246001195162535,0.0,0.0,0.0,False,,,
20261001T114616Z-f7b52bbe,industrial,b2_css,dind-dns-shop.ru-996bc94411949f8b,dns-shop.ru-run-none25.html,html/dns-shop.ru-run-none25.html,dns-shop.ru,ok,,1.1970000341534615,59.459200128912926,1403.2242000102997,76.0,18.0,18.0,False,,,
20261001T114616Z-f7b52bbe,industrial,b1_jsonld,dind-dns-shop.ru-aa82f882645785f9,dns-shop.ru-run-none26.html,html/dns-shop.ru-run-none26.html,dns-shop.ru,ok,,1.1835999321192503,58.930999832227826,4.287600051611662,0.0,0.0,0.0,False,,,
20261001T114616Z-f7b52bbe,industrial,b2_css,dind-dns-shop.ru-aa82f882645785f9,dns-shop.ru-run-none26.html,html/dns-shop.ru-run-none26.html,dns-shop.ru,ok,,1.1835999321192503,58.930999832227826,1206.9107999559492,75.0,19.0,19.0,False,,,
20261001T114616Z-f7b52bbe,industrial,b1_jsonld,dind-dns-shop.ru-ea90543385536fce,dns-shop.ru-run-none27.html,html/dns-shop.ru-run-none27.html,dns-shop.ru,ok,,1.5529999509453773,53.00850002095103,5.722100147977471,0.0,0.0,0.0,False,,,
20261001T114616Z-f7b52bbe,industrial,b2_css,dind-dns-shop.ru-ea90543385536fce,dns-shop.ru-run-none27.html,html/dns-shop.ru-run-none27.html,dns-shop.ru,ok,,1.5529999509453773,53.00850002095103,1168.1184999179095,75.0,19.0,19.0,False,,,
20261001T114616Z-f7b52bbe,industrial,b1_jsonld,dind-dns-shop.ru-434df911d8c9446c,dns-shop.ru-run-none28.html,html/dns-shop.ru-run-none28.html,dns-shop.ru,ok,,1.3077999465167522,51.06889992021024,4.605500027537346,0.0,0.0,0.0,False,,,
20261001T114616Z-f7b52bbe,industrial,b2_css,dind-dns-shop.ru-434df911d8c9446c,dns-shop.ru-run-none28.html,html/dns-shop.ru-run-none28.html,dns-shop.ru,ok,,1.3077999465167522,51.06889992021024,1232.9771998338401,75.0,19.0,19.0,False,,,
20261001T114616Z-f7b52bbe,industrial,b1_jsonld,dind-dns-shop.ru-543d15ba7884e65d,dns-shop.ru-run-none29.html,html/dns-shop.ru-run-none29.html,dns-shop.ru,ok,,1.3107999693602324,74.94150009006262,5.004899809136987,0.0,0.0,0.0,False,,,
20261001T114616Z-f7b52bbe,industrial,b2_css,dind-dns-shop.ru-543d15ba7884e65d,dns-shop.ru-run-none29.html,html/dns-shop.ru-run-none29.html,dns-shop.ru,ok,,1.3107999693602324,74.94150009006262,1542.345599969849,75.0,19.0,19.0,False,,,
20261001T114616Z-f7b52bbe,industrial,b1_jsonld,dind-dns-shop.ru-f878c1c96441254e,dns-shop.ru-run-none30.html,html/dns-shop.ru-run-none30.html,dns-shop.ru,ok,,1.4799998607486486,56.728400057181716,4.4322998728603125,0.0,0.0,0.0,False,,,
20261001T114616Z-f7b52bbe,industrial,b2_css,dind-dns-shop.ru-f878c1c96441254e,dns-shop.ru-run-none30.html,html/dns-shop.ru-run-none30.html,dns-shop.ru,ok,,1.4799998607486486,56.728400057181716,1445.9977999795228,75.0,19.0,19.0,False,,,
20261001T114616Z-f7b52bbe,industrial,b1_jsonld,dind-dns-shop.ru-2198c54dfd3d2076,dns-shop.ru-run-none31.html,html/dns-shop.ru-run-none31.html,dns-shop.ru,ok,,1.7546999733895063,54.07119984738529,4.3027999345213175,0.0,0.0,0.0,False,,,
20261001T114616Z-f7b52bbe,industrial,b2_css,dind-dns-shop.ru-2198c54dfd3d2076,dns-shop.ru-run-none31.html,html/dns-shop.ru-run-none31.html,dns-shop.ru,ok,,1.7546999733895063,54.07119984738529,1294.4320999085903,75.0,19.0,19.0,False,,,
20261001T114616Z-f7b52bbe,industrial,b1_jsonld,dind-dns-shop.ru-e8d091ebce0ef80f,dns-shop.ru-run-none32.html,html/dns-shop.ru-run-none32.html,dns-shop.ru,ok,,1.298299990594387,74.83859988860786,5.361299961805344,0.0,0.0,0.0,False,,,
20261001T114616Z-f7b52bbe,industrial,b2_css,dind-dns-shop.ru-e8d091ebce0ef80f,dns-shop.ru-run-none32.html,html/dns-shop.ru-run-none32.html,dns-shop.ru,ok,,1.298299990594387,74.83859988860786,1297.3386000376195,75.0,19.0,19.0,False,,,
20261001T114616Z-f7b52bbe,industrial,b1_jsonld,dind-dns-shop.ru-f2b4db0b14d601f5,dns-shop.ru-run-none33.html,html/dns-shop.ru-run-none33.html,dns-shop.ru,ok,,1.6230999026447535,51.43660004250705,4.260599846020341,0.0,0.0,0.0,False,,,
20261001T114616Z-f7b52bbe,industrial,b2_css,dind-dns-shop.ru-f2b4db0b14d601f5,dns-shop.ru-run-none33.html,html/dns-shop.ru-run-none33.html,dns-shop.ru,ok,,1.6230999026447535,51.43660004250705,1252.638999838382,75.0,19.0,19.0,False,,,
20261001T114616Z-f7b52bbe,industrial,b1_jsonld,dind-dns-shop.ru-c972a387a5634908,dns-shop.ru-run-none34.html,html/dns-shop.ru-run-none34.html,dns-shop.ru,ok,,1.2614999432116747,71.99199986644089,6.274600047618151,0.0,0.0,0.0,False,,,
20261001T114616Z-f7b52bbe,industrial,b2_css,dind-dns-shop.ru-c972a387a5634908,dns-shop.ru-run-none34.html,html/dns-shop.ru-run-none34.html,dns-shop.ru,ok,,1.2614999432116747,71.99199986644089,1297.1443000715226,76.0,20.0,20.0,False,,,
20261001T114616Z-f7b52bbe,industrial,b1_jsonld,dind-dns-shop.ru-1daabf0100ef084e,dns-shop.ru-run-none35.html,html/dns-shop.ru-run-none35.html,dns-shop.ru,ok,,1.2266000267118216,52.72149993106723,4.305799957364798,0.0,0.0,0.0,False,,,
20261001T114616Z-f7b52bbe,industrial,b2_css,dind-dns-shop.ru-1daabf0100ef084e,dns-shop.ru-run-none35.html,html/dns-shop.ru-run-none35.html,dns-shop.ru,ok,,1.2266000267118216,52.72149993106723,1198.5874001402408,76.0,20.0,20.0,False,,,
20261001T114616Z-f7b52bbe,industrial,b1_jsonld,dind-dns-shop.ru-c540244729f3afe8,dns-shop.ru-run-none36.html,html/dns-shop.ru-run-none36.html,dns-shop.ru,ok,,1.2970000971108675,52.08920012228191,4.621699918061495,0.0,0.0,0.0,False,,,
20261001T114616Z-f7b52bbe,industrial,b2_css,dind-dns-shop.ru-c540244729f3afe8,dns-shop.ru-run-none36.html,html/dns-shop.ru-run-none36.html,dns-shop.ru,ok,,1.2970000971108675,52.08920012228191,1159.1568000148982,76.0,20.0,20.0,False,,,
20261001T114616Z-f7b52bbe,industrial,b1_jsonld,dind-dns-shop.ru-2824d29f205128a1,dns-shop.ru-run-none37.html,html/dns-shop.ru-run-none37.html,dns-shop.ru,ok,,1.4123001601547003,62.773399986326694,5.835599964484572,0.0,0.0,0.0,False,,,
20261001T114616Z-f7b52bbe,industrial,b2_css,dind-dns-shop.ru-2824d29f205128a1,dns-shop.ru-run-none37.html,html/dns-shop.ru-run-none37.html,dns-shop.ru,ok,,1.4123001601547003,62.773399986326694,1217.165800044313,76.0,20.0,20.0,False,,,
20261001T114616Z-f7b52bbe,industrial,b1_jsonld,dind-dns-shop.ru-e46adc0c328cc286,dns-shop.ru-run-none38.html,html/dns-shop.ru-run-none38.html,dns-shop.ru,ok,,1.3649000320583582,52.93980007991195,6.325299851596355,0.0,0.0,0.0,False,,,
20261001T114616Z-f7b52bbe,industrial,b2_css,dind-dns-shop.ru-e46adc0c328cc286,dns-shop.ru-run-none38.html,html/dns-shop.ru-run-none38.html,dns-shop.ru,ok,,1.3649000320583582,52.93980007991195,1182.2482999414206,76.0,20.0,20.0,False,,,
20261001T114616Z-f7b52bbe,industrial,b1_jsonld,dind-dns-shop.ru-f8afdc6ad037e786,dns-shop.ru-run-none39.html,html/dns-shop.ru-run-none39.html,dns-shop.ru,ok,,1.0377999860793352,48.280700109899044,4.2866000439971685,0.0,0.0,0.0,False,,,
20261001T114616Z-f7b52bbe,industrial,b2_css,dind-dns-shop.ru-f8afdc6ad037e786,dns-shop.ru-run-none39.html,html/dns-shop.ru-run-none39.html,dns-shop.ru,ok,,1.0377999860793352,48.280700109899044,1186.8793000467122,76.0,20.0,20.0,False,,,
20261001T114616Z-f7b52bbe,industrial,b1_jsonld,dind-dns-shop.ru-5564a34319f17254,dns-shop.ru-run-none40.html,html/dns-shop.ru-run-none40.html,dns-shop.ru,ok,,1.281500095501542,54.62520010769367,4.194499924778938,0.0,0.0,0.0,False,,,
20261001T114616Z-f7b52bbe,industrial,b2_css,dind-dns-shop.ru-5564a34319f17254,dns-shop.ru-run-none40.html,html/dns-shop.ru-run-none40.html,dns-shop.ru,ok,,1.281500095501542,54.62520010769367,1162.8145000431687,76.0,20.0,20.0,False,,,
20261001T114616Z-f7b52bbe,industrial,b1_jsonld,dind-dns-shop.ru-f81b39d0b9945b9b,dns-shop.ru-run-none41.html,html/dns-shop.ru-run-none41.html,dns-shop.ru,ok,,1.4359999913722277,49.94230018928647,4.068000009283423,0.0,0.0,0.0,False,,,
20261001T114616Z-f7b52bbe,industrial,b2_css,dind-dns-shop.ru-f81b39d0b9945b9b,dns-shop.ru-run-none41.html,html/dns-shop.ru-run-none41.html,dns-shop.ru,ok,,1.4359999913722277,49.94230018928647,1152.5034999940544,76.0,20.0,20.0,False,,,
20261001T114616Z-f7b52bbe,industrial,b1_jsonld,dind-dns-shop.ru-32b1fcaa3a2d2e3c,dns-shop.ru-run-none42.html,html/dns-shop.ru-run-none42.html,dns-shop.ru,ok,,1.6252999193966389,51.44549999386072,4.273399943485856,0.0,0.0,0.0,False,,,
20261001T114616Z-f7b52bbe,industrial,b2_css,dind-dns-shop.ru-32b1fcaa3a2d2e3c,dns-shop.ru-run-none42.html,html/dns-shop.ru-run-none42.html,dns-shop.ru,ok,,1.6252999193966389,51.44549999386072,1160.3884000796825,76.0,20.0,20.0,False,,,
20261001T114616Z-f7b52bbe,industrial,b1_jsonld,dind-dns-shop.ru-b4e6fddfb8cc1f85,dns-shop.ru-run-none43.html,html/dns-shop.ru-run-none43.html,dns-shop.ru,ok,,1.6396001446992159,57.56780016236007,4.578399937599897,0.0,0.0,0.0,False,,,
20261001T114616Z-f7b52bbe,industrial,b2_css,dind-dns-shop.ru-b4e6fddfb8cc1f85,dns-shop.ru-run-none43.html,html/dns-shop.ru-run-none43.html,dns-shop.ru,ok,,1.6396001446992159,57.56780016236007,1203.1107998918742,76.0,20.0,20.0,False,,,
20261001T114616Z-f7b52bbe,industrial,b1_jsonld,dind-dns-shop.ru-37f14821f393b029,dns-shop.ru-run-none44.html,html/dns-shop.ru-run-none44.html,dns-shop.ru,ok,,1.5124999918043613,44.16069993749261,4.2903998401016,0.0,0.0,0.0,False,,,
20261001T114616Z-f7b52bbe,industrial,b2_css,dind-dns-shop.ru-37f14821f393b029,dns-shop.ru-run-none44.html,html/dns-shop.ru-run-none44.html,dns-shop.ru,ok,,1.5124999918043613,44.16069993749261,1096.0059000644833,74.0,18.0,18.0,False,,,
20261001T114616Z-f7b52bbe,industrial,b1_jsonld,dind-dns-shop.ru-2c7a29d35d5d4eaf,dns-shop.ru-run-none45.html,html/dns-shop.ru-run-none45.html,dns-shop.ru,ok,,9.616099996492267,33.83959992788732,2.6434999890625477,0.0,0.0,0.0,False,,,
20261001T114616Z-f7b52bbe,industrial,b2_css,dind-dns-shop.ru-2c7a29d35d5d4eaf,dns-shop.ru-run-none45.html,html/dns-shop.ru-run-none45.html,dns-shop.ru,ok,,9.616099996492267,33.83959992788732,930.3262000903487,74.0,18.0,18.0,False,,,
20261001T114616Z-f7b52bbe,industrial,b1_jsonld,dind-dns-shop.ru-9dd9c1645a03e017,dns-shop.ru-run-2fcceeba.html,html/dns-shop.ru-run-2fcceeba.html,dns-shop.ru,ok,,2.3441000375896692,386.48399990051985,5.835799966007471,1.0,1.0,1.0,False,,,
20261001T114616Z-f7b52bbe,industrial,b2_css,dind-dns-shop.ru-9dd9c1645a03e017,dns-shop.ru-run-2fcceeba.html,html/dns-shop.ru-run-2fcceeba.html,dns-shop.ru,ok,,2.3441000375896692,386.48399990051985,1426.1619001626968,79.0,23.0,23.0,False,,,
20261001T114616Z-f7b52bbe,industrial,b1_jsonld,dind-dns-shop.ru-7a35f41002832ba2,dns-shop.ru-run-4ae1c2e7.html,html/dns-shop.ru-run-4ae1c2e7.html,dns-shop.ru,ok,,1.6067998949438334,59.73720015026629,5.325600039213896,0.0,0.0,0.0,False,,,
20261001T114616Z-f7b52bbe,industrial,b2_css,dind-dns-shop.ru-7a35f41002832ba2,dns-shop.ru-run-4ae1c2e7.html,html/dns-shop.ru-run-4ae1c2e7.html,dns-shop.ru,ok,,1.6067998949438334,59.73720015026629,1330.8696998283267,79.0,23.0,23.0,False,,,
20261001T114616Z-f7b52bbe,industrial,b1_jsonld,dind-dns-shop.ru-b189120c5c34179d,dns-shop.ru-run-77ea1710.html,html/dns-shop.ru-run-77ea1710.html,dns-shop.ru,ok,,1.7665999475866556,58.76919999718666,6.491899956017733,0.0,0.0,0.0,False,,,
20261001T114616Z-f7b52bbe,industrial,b2_css,dind-dns-shop.ru-b189120c5c34179d,dns-shop.ru-run-77ea1710.html,html/dns-shop.ru-run-77ea1710.html,dns-shop.ru,ok,,1.7665999475866556,58.76919999718666,1404.054000042379,79.0,18.0,18.0,False,,,
20261001T114616Z-f7b52bbe,industrial,b1_jsonld,dind-dns-shop.ru-74d2e0772b88cccb,dns-shop.ru-run-94fca290.html,html/dns-shop.ru-run-94fca290.html,dns-shop.ru,ok,,1.7343000508844852,81.61960006691515,6.277699954807758,0.0,0.0,0.0,False,,,
20261001T114616Z-f7b52bbe,industrial,b2_css,dind-dns-shop.ru-74d2e0772b88cccb,dns-shop.ru-run-94fca290.html,html/dns-shop.ru-run-94fca290.html,dns-shop.ru,ok,,1.7343000508844852,81.61960006691515,1548.3683999627829,80.0,22.0,22.0,False,,,
20261001T114616Z-f7b52bbe,industrial,b1_jsonld,dind-dns-shop.ru-8b9ca76d14a1d9e1,dns-shop.ru-run-b346efa2.html,html/dns-shop.ru-run-b346efa2.html,dns-shop.ru,ok,,1.999200088903308,55.587700102478266,5.168700125068426,0.0,0.0,0.0,False,,,
20261001T114616Z-f7b52bbe,industrial,b2_css,dind-dns-shop.ru-8b9ca76d14a1d9e1,dns-shop.ru-run-b346efa2.html,html/dns-shop.ru-run-b346efa2.html,dns-shop.ru,ok,,1.999200088903308,55.587700102478266,1319.0828999504447,76.0,20.0,20.0,False,,,
20261001T114616Z-f7b52bbe,industrial,b1_jsonld,dind-etm.ru-5ec13e2b305fa590,etm.ru-run-8dd91d0f.html,html/etm.ru-run-8dd91d0f.html,etm.ru,ok,,3.779500024393201,90.43899993412197,7.089799968525767,0.0,0.0,0.0,False,,,
20261001T114616Z-f7b52bbe,industrial,b2_css,dind-etm.ru-5ec13e2b305fa590,etm.ru-run-8dd91d0f.html,html/etm.ru-run-8dd91d0f.html,etm.ru,ok,,3.779500024393201,90.43899993412197,691.8465001508594,0.0,0.0,0.0,False,,,
20261001T114616Z-f7b52bbe,industrial,b1_jsonld,dind-etm.ru-ce65bfbecd538b17,etm.ru-run-b609a8c6.html,html/etm.ru-run-b609a8c6.html,etm.ru,ok,,3.7065998185425997,77.5129001121968,5.874200025573373,0.0,0.0,0.0,False,,,
20261001T114616Z-f7b52bbe,industrial,b2_css,dind-etm.ru-ce65bfbecd538b17,etm.ru-run-b609a8c6.html,html/etm.ru-run-b609a8c6.html,etm.ru,ok,,3.7065998185425997,77.5129001121968,725.5923000629991,0.0,0.0,0.0,False,,,
20261001T114616Z-f7b52bbe,industrial,b1_jsonld,dind-hahn-kolb.ru-0b2260cfa1d12dea,hahn-kolb.ru-run-8238baa5.html,html/hahn-kolb.ru-run-8238baa5.html,hahn-kolb.ru,skipped,missing_html,,,,,,,,,,
20261001T114616Z-f7b52bbe,industrial,b2_css,dind-hahn-kolb.ru-0b2260cfa1d12dea,hahn-kolb.ru-run-8238baa5.html,html/hahn-kolb.ru-run-8238baa5.html,hahn-kolb.ru,skipped,missing_html,,,,,,,,,,
20261001T114616Z-f7b52bbe,industrial,b1_jsonld,dind-komus.ru-b05effd6532b7f9b,komus.ru-run-none1.html,html/komus.ru-run-none1.html,komus.ru,ok,,2.269200049340725,192.76409992016852,10.951500153169036,0.0,0.0,0.0,False,,,
20261001T114616Z-f7b52bbe,industrial,b2_css,dind-komus.ru-b05effd6532b7f9b,komus.ru-run-none1.html,html/komus.ru-run-none1.html,komus.ru,ok,,2.269200049340725,192.76409992016852,4321.765500120819,163.0,43.0,43.0,False,,,
20261001T114616Z-f7b52bbe,industrial,b1_jsonld,dind-komus.ru-11490b3dd28bfa7d,komus.ru-run-none2.html,html/komus.ru-run-none2.html,komus.ru,ok,,4.247799981385469,349.82339991256595,20.62249998562038,0.0,0.0,0.0,False,,,
20261001T114616Z-f7b52bbe,industrial,b2_css,dind-komus.ru-11490b3dd28bfa7d,komus.ru-run-none2.html,html/komus.ru-run-none2.html,komus.ru,ok,,4.247799981385469,349.82339991256595,5565.181399928406,164.0,44.0,44.0,False,,,
20261001T114616Z-f7b52bbe,industrial,b1_jsonld,dind-komus.ru-6ab2c63743e80fe2,komus.ru-run-none3.html,html/komus.ru-run-none3.html,komus.ru,ok,,3.08790011331439,352.32380009256303,27.899199863895774,0.0,0.0,0.0,False,,,
20261001T114616Z-f7b52bbe,industrial,b2_css,dind-komus.ru-6ab2c63743e80fe2,komus.ru-run-none3.html,html/komus.ru-run-none3.html,komus.ru,ok,,3.08790011331439,352.32380009256303,4437.526599969715,164.0,44.0,44.0,False,,,
20261001T114616Z-f7b52bbe,industrial,b1_jsonld,dind-komus.ru-6f7eb9ea777697b3,komus.ru-run-none4.html,html/komus.ru-run-none4.html,komus.ru,ok,,3.6160999443382025,226.60390008240938,13.640299905091524,0.0,0.0,0.0,False,,,
20261001T114616Z-f7b52bbe,industrial,b2_css,dind-komus.ru-6f7eb9ea777697b3,komus.ru-run-none4.html,html/komus.ru-run-none4.html,komus.ru,ok,,3.6160999443382025,226.60390008240938,5362.194699933752,164.0,44.0,44.0,False,,,
20261001T114616Z-f7b52bbe,industrial,b1_jsonld,dind-komus.ru-2cf9855072dedf49,komus.ru-run-none5.html,html/komus.ru-run-none5.html,komus.ru,ok,,2.857599873095751,325.00009983778,15.291300136595964,0.0,0.0,0.0,False,,,
20261001T114616Z-f7b52bbe,industrial,b2_css,dind-komus.ru-2cf9855072dedf49,komus.ru-run-none5.html,html/komus.ru-run-none5.html,komus.ru,ok,,2.857599873095751,325.00009983778,8133.978600148112,164.0,44.0,44.0,False,,,
20261001T114616Z-f7b52bbe,industrial,b1_jsonld,dind-komus.ru-023e5ca676225909,komus.ru-run-none6.html,html/komus.ru-run-none6.html,komus.ru,ok,,3.5055000334978104,245.09380012750626,15.480299945920706,0.0,0.0,0.0,False,,,
20261001T114616Z-f7b52bbe,industrial,b2_css,dind-komus.ru-023e5ca676225909,komus.ru-run-none6.html,html/komus.ru-run-none6.html,komus.ru,ok,,3.5055000334978104,245.09380012750626,4710.81140008755,164.0,44.0,44.0,False,,,
20261001T114616Z-f7b52bbe,industrial,b1_jsonld,dind-komus.ru-58c1a96dda4c3778,komus.ru-run-none7.html,html/komus.ru-run-none7.html,komus.ru,ok,,2.9241000302135944,703.2267001923174,13.702600030228496,0.0,0.0,0.0,False,,,
20261001T114616Z-f7b52bbe,industrial,b2_css,dind-komus.ru-58c1a96dda4c3778,komus.ru-run-none7.html,html/komus.ru-run-none7.html,komus.ru,ok,,2.9241000302135944,703.2267001923174,8926.089899847284,164.0,44.0,44.0,False,,,
20261001T114616Z-f7b52bbe,industrial,b1_jsonld,dind-komus.ru-c0e90dc894a3f454,komus.ru-run-none8.html,html/komus.ru-run-none8.html,komus.ru,ok,,4.339999984949827,79.35250014998019,4.4189998880028725,0.0,0.0,0.0,False,,,
20261001T114616Z-f7b52bbe,industrial,b2_css,dind-komus.ru-c0e90dc894a3f454,komus.ru-run-none8.html,html/komus.ru-run-none8.html,komus.ru,ok,,4.339999984949827,79.35250014998019,1235.3102997876704,13.0,13.0,13.0,False,,,
20261001T114616Z-f7b52bbe,industrial,b1_jsonld,dind-komus.ru-41d20e640e2f54ca,komus.ru-run-none9.html,html/komus.ru-run-none9.html,komus.ru,ok,,4.193499917164445,311.2810000311583,17.83100003376603,0.0,0.0,0.0,False,,,
20261001T114616Z-f7b52bbe,industrial,b2_css,dind-komus.ru-41d20e640e2f54ca,komus.ru-run-none9.html,html/komus.ru-run-none9.html,komus.ru,ok,,4.193499917164445,311.2810000311583,5521.641500061378,164.0,44.0,44.0,False,,,
20261001T114616Z-f7b52bbe,industrial,b1_jsonld,dind-komus.ru-607c4231e49e9843,komus.ru-run-none10.html,html/komus.ru-run-none10.html,komus.ru,ok,,5.7517001405358315,297.6760999299586,15.08740009739995,0.0,0.0,0.0,False,,,
20261001T114616Z-f7b52bbe,industrial,b2_css,dind-komus.ru-607c4231e49e9843,komus.ru-run-none10.html,html/komus.ru-run-none10.html,komus.ru,ok,,5.7517001405358315,297.6760999299586,5595.114199910313,164.0,44.0,44.0,False,,,
20261001T114616Z-f7b52bbe,industrial,b1_jsonld,dind-komus.ru-cee4656ff9fe75f8,komus.ru-run-none11.html,html/komus.ru-run-none11.html,komus.ru,ok,,3.3283999655395746,215.82249994389713,11.994999833405018,0.0,0.0,0.0,False,,,
20261001T114616Z-f7b52bbe,industrial,b2_css,dind-komus.ru-cee4656ff9fe75f8,komus.ru-run-none11.html,html/komus.ru-run-none11.html,komus.ru,ok,,3.3283999655395746,215.82249994389713,4132.324100006372,164.0,44.0,44.0,False,,,
20261001T114616Z-f7b52bbe,industrial,b1_jsonld,dind-komus.ru-329f550a6d3b95ff,komus.ru-run-none12.html,html/komus.ru-run-none12.html,komus.ru,ok,,4.633800126612186,225.65949987620115,12.089099967852235,0.0,0.0,0.0,False,,,
20261001T114616Z-f7b52bbe,industrial,b2_css,dind-komus.ru-329f550a6d3b95ff,komus.ru-run-none12.html,html/komus.ru-run-none12.html,komus.ru,ok,,4.633800126612186,225.65949987620115,4795.175699982792,164.0,44.0,44.0,False,,,
20261001T114616Z-f7b52bbe,industrial,b1_jsonld,dind-komus.ru-6f947666964b40f8,komus.ru-run-none13.html,html/komus.ru-run-none13.html,komus.ru,ok,,4.025299800559878,252.37470003776252,14.709499897435308,0.0,0.0,0.0,False,,,
20261001T114616Z-f7b52bbe,industrial,b2_css,dind-komus.ru-6f947666964b40f8,komus.ru-run-none13.html,html/komus.ru-run-none13.html,komus.ru,ok,,4.025299800559878,252.37470003776252,4586.8353000842035,164.0,44.0,44.0,False,,,
20261001T114616Z-f7b52bbe,industrial,b1_jsonld,dind-komus.ru-84cbf3c2771d2ecd,komus.ru-run-none14.html,html/komus.ru-run-none14.html,komus.ru,ok,,42.64070000499487,233.8249001186341,13.534400146454573,0.0,0.0,0.0,False,,,
20261001T114616Z-f7b52bbe,industrial,b2_css,dind-komus.ru-84cbf3c2771d2ecd,komus.ru-run-none14.html,html/komus.ru-run-none14.html,komus.ru,ok,,42.64070000499487,233.8249001186341,4858.690199907869,164.0,44.0,44.0,False,,,
20261001T114616Z-f7b52bbe,industrial,b1_jsonld,dind-komus.ru-c4ec811f50b580fc,komus.ru-run-none15.html,html/komus.ru-run-none15.html,komus.ru,ok,,2.5620998349040747,278.46449986100197,15.058699995279312,0.0,0.0,0.0,False,,,
20261001T114616Z-f7b52bbe,industrial,b2_css,dind-komus.ru-c4ec811f50b580fc,komus.ru-run-none15.html,html/komus.ru-run-none15.html,komus.ru,ok,,2.5620998349040747,278.46449986100197,3941.3338999729604,164.0,44.0,44.0,False,,,
20261001T114616Z-f7b52bbe,industrial,b1_jsonld,dind-komus.ru-7a31877560a20352,komus.ru-run-none16.html,html/komus.ru-run-none16.html,komus.ru,ok,,3.6012001801282167,571.0937997791916,12.34790007583797,0.0,0.0,0.0,False,,,
20261001T114616Z-f7b52bbe,industrial,b2_css,dind-komus.ru-7a31877560a20352,komus.ru-run-none16.html,html/komus.ru-run-none16.html,komus.ru,ok,,3.6012001801282167,571.0937997791916,4344.528600107878,164.0,44.0,44.0,False,,,
20261001T114616Z-f7b52bbe,industrial,b1_jsonld,dind-komus.ru-31fd7c045fb2ea41,komus.ru-run-none17.html,html/komus.ru-run-none17.html,komus.ru,ok,,3.2285999041050673,226.66760021820664,13.16410000436008,0.0,0.0,0.0,False,,,
20261001T114616Z-f7b52bbe,industrial,b2_css,dind-komus.ru-31fd7c045fb2ea41,komus.ru-run-none17.html,html/komus.ru-run-none17.html,komus.ru,ok,,3.2285999041050673,226.66760021820664,4130.658200010657,164.0,44.0,44.0,False,,,
20261001T114616Z-f7b52bbe,industrial,b1_jsonld,dind-komus.ru-d35e011b185be0a6,komus.ru-run-none18.html,html/komus.ru-run-none18.html,komus.ru,ok,,1.7496999353170395,34.8235999699682,2.1037000697106123,0.0,0.0,0.0,False,,,
20261001T114616Z-f7b52bbe,industrial,b2_css,dind-komus.ru-d35e011b185be0a6,komus.ru-run-none18.html,html/komus.ru-run-none18.html,komus.ru,ok,,1.7496999353170395,34.8235999699682,327.76670018211007,13.0,13.0,13.0,False,,,
20261001T114616Z-f7b52bbe,industrial,b1_jsonld,dind-komus.ru-4ec3512b66f59759,komus.ru-run-none19.html,html/komus.ru-run-none19.html,komus.ru,ok,,1.4701001346111298,44.01149996556342,2.0493001211434603,0.0,0.0,0.0,False,,,
20261001T114616Z-f7b52bbe,industrial,b2_css,dind-komus.ru-4ec3512b66f59759,komus.ru-run-none19.html,html/komus.ru-run-none19.html,komus.ru,ok,,1.4701001346111298,44.01149996556342,335.88579995557666,13.0,13.0,13.0,False,,,
20261001T114616Z-f7b52bbe,industrial,b1_jsonld,dind-komus.ru-f83a8cdb85dbe548,komus.ru-run-none20.html,html/komus.ru-run-none20.html,komus.ru,ok,,3.1895998399704695,218.734199879691,13.644000049680471,0.0,0.0,0.0,False,,,
20261001T114616Z-f7b52bbe,industrial,b2_css,dind-komus.ru-f83a8cdb85dbe548,komus.ru-run-none20.html,html/komus.ru-run-none20.html,komus.ru,ok,,3.1895998399704695,218.734199879691,4272.862599929795,164.0,44.0,44.0,False,,,
20261001T114616Z-f7b52bbe,industrial,b1_jsonld,dind-komus.ru-fd526265f9a93c7c,komus.ru-run-437fc902.html,html/komus.ru-run-437fc902.html,komus.ru,ok,,5.317899864166975,229.0664000902325,12.937699910253286,0.0,0.0,0.0,False,,,
20261001T114616Z-f7b52bbe,industrial,b2_css,dind-komus.ru-fd526265f9a93c7c,komus.ru-run-437fc902.html,html/komus.ru-run-437fc902.html,komus.ru,ok,,5.317899864166975,229.0664000902325,4206.014499999583,164.0,44.0,44.0,False,,,
20261001T114616Z-f7b52bbe,industrial,b1_jsonld,dind-komus.ru-45e1fc98edfd6da1,komus.ru-run-6628d12b.html,html/komus.ru-run-6628d12b.html,komus.ru,ok,,4.491499857977033,207.83270010724664,12.908000033348799,0.0,0.0,0.0,False,,,
20261001T114616Z-f7b52bbe,industrial,b2_css,dind-komus.ru-45e1fc98edfd6da1,komus.ru-run-6628d12b.html,html/komus.ru-run-6628d12b.html,komus.ru,ok,,4.491499857977033,207.83270010724664,3948.7739999312907,164.0,44.0,44.0,False,,,
20261001T114616Z-f7b52bbe,industrial,b1_jsonld,dind-komus.ru-e44491f1d0a00d59,komus.ru-run-98da06df.html,html/komus.ru-run-98da06df.html,komus.ru,ok,,4.328199895098805,215.26660001836717,11.712800012901425,0.0,0.0,0.0,False,,,
20261001T114616Z-f7b52bbe,industrial,b2_css,dind-komus.ru-e44491f1d0a00d59,komus.ru-run-98da06df.html,html/komus.ru-run-98da06df.html,komus.ru,ok,,4.328199895098805,215.26660001836717,3968.4062998276204,164.0,44.0,44.0,False,,,
20261001T114616Z-f7b52bbe,industrial,b1_jsonld,dind-komus.ru-d039da717f66c987,komus.ru-run-daa9251b.html,html/komus.ru-run-daa9251b.html,komus.ru,ok,,4.476099973544478,222.23730012774467,18.793599912896752,0.0,0.0,0.0,False,,,
20261001T114616Z-f7b52bbe,industrial,b2_css,dind-komus.ru-d039da717f66c987,komus.ru-run-daa9251b.html,html/komus.ru-run-daa9251b.html,komus.ru,ok,,4.476099973544478,222.23730012774467,4689.475099788979,164.0,44.0,44.0,False,,,
20261001T114616Z-f7b52bbe,industrial,b1_jsonld,dind-komus.ru-e25d8f2aebb53e9c,komus.ru-run-db327323.html,html/komus.ru-run-db327323.html,komus.ru,ok,,1.770599978044629,39.711999939754605,2.4681999348104,0.0,0.0,0.0,False,,,
20261001T114616Z-f7b52bbe,industrial,b2_css,dind-komus.ru-e25d8f2aebb53e9c,komus.ru-run-db327323.html,html/komus.ru-run-db327323.html,komus.ru,ok,,1.770599978044629,39.711999939754605,359.19410013593733,13.0,13.0,13.0,False,,,
20261001T114616Z-f7b52bbe,industrial,b1_jsonld,dind-labirint.ru-21ac626ea371bd49,labirint.ru-run-168d58c6.html,html/labirint.ru-run-168d58c6.html,labirint.ru,ok,,4.179300041869283,261.8871999438852,11.810800060629845,0.0,0.0,0.0,False,,,
20261001T114616Z-f7b52bbe,industrial,b2_css,dind-labirint.ru-21ac626ea371bd49,labirint.ru-run-168d58c6.html,html/labirint.ru-run-168d58c6.html,labirint.ru,ok,,4.179300041869283,261.8871999438852,3932.9518999438733,120.0,59.0,59.0,False,,,
20261001T114616Z-f7b52bbe,industrial,b1_jsonld,dind-labirint.ru-4eb2fb8b1b347b32,labirint.ru-run-787cdb0e.html,html/labirint.ru-run-787cdb0e.html,labirint.ru,ok,,3.7115998566150665,755.1274001598358,11.853500036522746,0.0,0.0,0.0,False,,,
20261001T114616Z-f7b52bbe,industrial,b2_css,dind-labirint.ru-4eb2fb8b1b347b32,labirint.ru-run-787cdb0e.html,html/labirint.ru-run-787cdb0e.html,labirint.ru,ok,,3.7115998566150665,755.1274001598358,4175.714100012556,120.0,59.0,59.0,False,,,
20261001T114616Z-f7b52bbe,industrial,b1_jsonld,dind-labirint.ru-04ccf5be83eaa6ce,labirint.ru-run-99e5ac15.html,html/labirint.ru-run-99e5ac15.html,labirint.ru,ok,,4.708399996161461,518.1569000706077,23.669800022616982,0.0,0.0,0.0,False,,,
20261001T114616Z-f7b52bbe,industrial,b2_css,dind-labirint.ru-04ccf5be83eaa6ce,labirint.ru-run-99e5ac15.html,html/labirint.ru-run-99e5ac15.html,labirint.ru,ok,,4.708399996161461,518.1569000706077,4191.185000119731,108.0,53.0,53.0,False,,,
20261001T114616Z-f7b52bbe,industrial,b1_jsonld,dind-labirint.ru-017ca7137cd84dc1,labirint.ru-run-9e372646.html,html/labirint.ru-run-9e372646.html,labirint.ru,ok,,4.933099960908294,259.17560001835227,12.083999812602997,0.0,0.0,0.0,False,,,
20261001T114616Z-f7b52bbe,industrial,b2_css,dind-labirint.ru-017ca7137cd84dc1,labirint.ru-run-9e372646.html,html/labirint.ru-run-9e372646.html,labirint.ru,ok,,4.933099960908294,259.17560001835227,3832.737399963662,108.0,53.0,53.0,False,,,
20261001T114616Z-f7b52bbe,industrial,b1_jsonld,dind-labirint.ru-d92a0991b3f5fccd,labirint.ru-run-c23cbd90.html,html/labirint.ru-run-c23cbd90.html,labirint.ru,ok,,4.395299823954701,284.38219986855984,10.917499894276261,0.0,0.0,0.0,False,,,
20261001T114616Z-f7b52bbe,industrial,b2_css,dind-labirint.ru-d92a0991b3f5fccd,labirint.ru-run-c23cbd90.html,html/labirint.ru-run-c23cbd90.html,labirint.ru,ok,,4.395299823954701,284.38219986855984,3090.044799959287,122.0,60.0,60.0,False,,,
20261001T114616Z-f7b52bbe,industrial,b1_jsonld,dind-labirint.ru-186be25179ff4d2f,labirint.ru-run-d035826a.html,html/labirint.ru-run-d035826a.html,labirint.ru,ok,,5.224899854511023,227.6671000290662,10.784600162878633,0.0,0.0,0.0,False,,,
20261001T114616Z-f7b52bbe,industrial,b2_css,dind-labirint.ru-186be25179ff4d2f,labirint.ru-run-d035826a.html,html/labirint.ru-run-d035826a.html,labirint.ru,ok,,5.224899854511023,227.6671000290662,3188.1804999429733,122.0,60.0,60.0,False,,,
20261001T114616Z-f7b52bbe,industrial,b1_jsonld,dind-labirint.ru-b5d7e810e7ca116a,labirint.ru-run-e4163107.html,html/labirint.ru-run-e4163107.html,labirint.ru,ok,,4.826100077480078,229.00579986162484,10.71349997073412,0.0,0.0,0.0,False,,,
20261001T114616Z-f7b52bbe,industrial,b2_css,dind-labirint.ru-b5d7e810e7ca116a,labirint.ru-run-e4163107.html,html/labirint.ru-run-e4163107.html,labirint.ru,ok,,4.826100077480078,229.00579986162484,2889.966299990192,108.0,53.0,53.0,False,,,
20261001T114616Z-f7b52bbe,industrial,b1_jsonld,dind-labirint.ru-a54655182aa1fecc,labirint.ru-run-ec02639a.html,html/labirint.ru-run-ec02639a.html,labirint.ru,ok,,4.383399849757552,226.5574000775814,10.643000015988946,0.0,0.0,0.0,False,,,
20261001T114616Z-f7b52bbe,industrial,b2_css,dind-labirint.ru-a54655182aa1fecc,labirint.ru-run-ec02639a.html,html/labirint.ru-run-ec02639a.html,labirint.ru,ok,,4.383399849757552,226.5574000775814,2801.0434999596328,122.0,60.0,60.0,False,,,
20261001T114616Z-f7b52bbe,industrial,b1_jsonld,dind-lemanapro.ru-f0cfe5397616c775,lemanapro.ru-run-none1.html,html/lemanapro.ru-run-none1.html,lemanapro.ru,ok,,4.124300088733435,564.18909993954,1.2113000266253948,1.0,1.0,1.0,False,,,
20261001T114616Z-f7b52bbe,industrial,b2_css,dind-lemanapro.ru-f0cfe5397616c775,lemanapro.ru-run-none1.html,html/lemanapro.ru-run-none1.html,lemanapro.ru,ok,,4.124300088733435,564.18909993954,3879.61019994691,100.0,60.0,60.0,False,,,
20261001T114616Z-f7b52bbe,industrial,b1_jsonld,dind-lemanapro.ru-cf598f1239ed8afe,lemanapro.ru-run-none2.html,html/lemanapro.ru-run-none2.html,lemanapro.ru,ok,,4.791900049895048,222.71130001172423,1.331700012087822,1.0,1.0,1.0,False,,,
20261001T114616Z-f7b52bbe,industrial,b2_css,dind-lemanapro.ru-cf598f1239ed8afe,lemanapro.ru-run-none2.html,html/lemanapro.ru-run-none2.html,lemanapro.ru,ok,,4.791900049895048,222.71130001172423,3815.8485998865217,100.0,60.0,60.0,False,,,
20261001T114616Z-f7b52bbe,industrial,b1_jsonld,dind-lemanapro.ru-fc39977cfc7e6c73,lemanapro.ru-run-none3.html,html/lemanapro.ru-run-none3.html,lemanapro.ru,ok,,5.276900017634034,207.04349991865456,1.186799956485629,1.0,1.0,1.0,False,,,
20261001T114616Z-f7b52bbe,industrial,b2_css,dind-lemanapro.ru-fc39977cfc7e6c73,lemanapro.ru-run-none3.html,html/lemanapro.ru-run-none3.html,lemanapro.ru,ok,,5.276900017634034,207.04349991865456,4051.0233999229968,115.0,60.0,60.0,False,,,
20261001T114616Z-f7b52bbe,industrial,b1_jsonld,dind-lemanapro.ru-4acdbb9eae290779,lemanapro.ru-run-none4.html,html/lemanapro.ru-run-none4.html,lemanapro.ru,ok,,4.771099891513586,213.38180010206997,1.2548998929560184,1.0,1.0,1.0,False,,,
20261001T114616Z-f7b52bbe,industrial,b2_css,dind-lemanapro.ru-4acdbb9eae290779,lemanapro.ru-run-none4.html,html/lemanapro.ru-run-none4.html,lemanapro.ru,ok,,4.771099891513586,213.38180010206997,4293.656500056386,115.0,60.0,60.0,False,,,
20261001T114616Z-f7b52bbe,industrial,b1_jsonld,dind-lemanapro.ru-fab71c309af5505b,lemanapro.ru-run-none5.html,html/lemanapro.ru-run-none5.html,lemanapro.ru,ok,,2.0371999125927687,20.200399914756417,0.8941998239606619,1.0,1.0,1.0,False,,,
20261001T114616Z-f7b52bbe,industrial,b2_css,dind-lemanapro.ru-fab71c309af5505b,lemanapro.ru-run-none5.html,html/lemanapro.ru-run-none5.html,lemanapro.ru,ok,,2.0371999125927687,20.200399914756417,110.5190000962466,0.0,0.0,0.0,False,,,
20261001T114616Z-f7b52bbe,industrial,b1_jsonld,dind-lemanapro.ru-486c6fb5ef917f2b,lemanapro.ru-run-none6.html,html/lemanapro.ru-run-none6.html,lemanapro.ru,ok,,5.233099916949868,225.59769987128675,1.2566999066621065,1.0,1.0,1.0,False,,,
20261001T114616Z-f7b52bbe,industrial,b2_css,dind-lemanapro.ru-486c6fb5ef917f2b,lemanapro.ru-run-none6.html,html/lemanapro.ru-run-none6.html,lemanapro.ru,ok,,5.233099916949868,225.59769987128675,4690.578900044784,121.0,60.0,60.0,False,,,
20261001T114616Z-f7b52bbe,industrial,b1_jsonld,dind-lemanapro.ru-09c3ea7e145206b2,lemanapro.ru-run-2e839b74.html,html/lemanapro.ru-run-2e839b74.html,lemanapro.ru,ok,,7.72840017452836,219.29609985090792,1.7401999793946743,1.0,1.0,1.0,False,,,
20261001T114616Z-f7b52bbe,industrial,b2_css,dind-lemanapro.ru-09c3ea7e145206b2,lemanapro.ru-run-2e839b74.html,html/lemanapro.ru-run-2e839b74.html,lemanapro.ru,ok,,7.72840017452836,219.29609985090792,4848.237399943173,121.0,60.0,60.0,False,,,
20261001T114616Z-f7b52bbe,industrial,b1_jsonld,dind-lemanapro.ru-f525d96c96aaf6dc,lemanapro.ru-run-99b5ac8f.html,html/lemanapro.ru-run-99b5ac8f.html,lemanapro.ru,ok,,7.624499965459108,199.15680005215108,1.1316000018268824,1.0,1.0,1.0,False,,,
20261001T114616Z-f7b52bbe,industrial,b2_css,dind-lemanapro.ru-f525d96c96aaf6dc,lemanapro.ru-run-99b5ac8f.html,html/lemanapro.ru-run-99b5ac8f.html,lemanapro.ru,ok,,7.624499965459108,199.15680005215108,4219.68590002507,100.0,60.0,60.0,False,,,
20261001T114616Z-f7b52bbe,industrial,b1_jsonld,dind-lemanapro.ru-df1069562cd0eec0,lemanapro.ru-run-ecee459d.html,html/lemanapro.ru-run-ecee459d.html,lemanapro.ru,ok,,3.8207999896258116,24.380299961194396,1.0275000240653753,1.0,1.0,1.0,False,,,
20261001T114616Z-f7b52bbe,industrial,b2_css,dind-lemanapro.ru-df1069562cd0eec0,lemanapro.ru-run-ecee459d.html,html/lemanapro.ru-run-ecee459d.html,lemanapro.ru,ok,,3.8207999896258116,24.380299961194396,106.64419992826879,0.0,0.0,0.0,False,,,
20261001T114616Z-f7b52bbe,industrial,b1_jsonld,dind-lemanapro.ru-b9b4d6ef071bd3cd,lemanapro.ru-run-fac98328.html,html/lemanapro.ru-run-fac98328.html,lemanapro.ru,ok,,9.11909993737936,265.17400005832314,1.6344999894499779,1.0,1.0,1.0,False,,,
20261001T114616Z-f7b52bbe,industrial,b2_css,dind-lemanapro.ru-b9b4d6ef071bd3cd,lemanapro.ru-run-fac98328.html,html/lemanapro.ru-run-fac98328.html,lemanapro.ru,ok,,9.11909993737936,265.17400005832314,8706.808499991894,115.0,60.0,60.0,False,,,
20261001T114616Z-f7b52bbe,industrial,b1_jsonld,dind-lemanapro.ru-ecf8fe1428f45043,lemanapro.ru-run-fe1a35c2.html,html/lemanapro.ru-run-fe1a35c2.html,lemanapro.ru,ok,,10.597500018775463,313.5649000760168,2.090899972245097,1.0,1.0,1.0,False,,,
20261001T114616Z-f7b52bbe,industrial,b2_css,dind-lemanapro.ru-ecf8fe1428f45043,lemanapro.ru-run-fe1a35c2.html,html/lemanapro.ru-run-fe1a35c2.html,lemanapro.ru,ok,,10.597500018775463,313.5649000760168,7060.905999969691,100.0,60.0,60.0,False,,,
20261001T114616Z-f7b52bbe,industrial,b1_jsonld,dind-market.yandex.ru-1b519c43e22aa033,market.yandex.ru-run-8d5e2489.html,html/market.yandex.ru-run-8d5e2489.html,market.yandex.ru,ok,,28.42419990338385,407.75109990499914,24.240999948233366,1.0,1.0,1.0,False,,,
20261001T114616Z-f7b52bbe,industrial,b2_css,dind-market.yandex.ru-1b519c43e22aa033,market.yandex.ru-run-8d5e2489.html,html/market.yandex.ru-run-8d5e2489.html,market.yandex.ru,ok,,28.42419990338385,407.75109990499914,2473.0404999572784,0.0,0.0,0.0,False,,,
20261001T114616Z-f7b52bbe,industrial,b1_jsonld,dind-market.yandex.ru-4a073eb1b3d67309,market.yandex.ru-run-a52ccc6b.html,html/market.yandex.ru-run-a52ccc6b.html,market.yandex.ru,ok,,27.467200066894293,1073.5666998662055,15.737500041723251,1.0,1.0,1.0,False,,,
20261001T114616Z-f7b52bbe,industrial,b2_css,dind-market.yandex.ru-4a073eb1b3d67309,market.yandex.ru-run-a52ccc6b.html,html/market.yandex.ru-run-a52ccc6b.html,market.yandex.ru,ok,,27.467200066894293,1073.5666998662055,2902.4040000513196,0.0,0.0,0.0,False,,,
20261001T114616Z-f7b52bbe,industrial,b1_jsonld,dind-mvideo.ru-397d20ee85741495,mvideo.ru-run-none1.html,html/mvideo.ru-run-none1.html,mvideo.ru,ok,,4.519700072705746,87.19710004515946,1.5100000891834497,0.0,0.0,0.0,False,,,
20261001T114616Z-f7b52bbe,industrial,b2_css,dind-mvideo.ru-397d20ee85741495,mvideo.ru-run-none1.html,html/mvideo.ru-run-none1.html,mvideo.ru,ok,,4.519700072705746,87.19710004515946,2513.370600063354,1.0,1.0,1.0,False,,,
20261001T114616Z-f7b52bbe,industrial,b1_jsonld,dind-mvideo.ru-c492b59ab5a30f12,mvideo.ru-run-none2.html,html/mvideo.ru-run-none2.html,mvideo.ru,ok,,3.1024999916553497,117.6889999769628,1.121200155466795,0.0,0.0,0.0,False,,,
20261001T114616Z-f7b52bbe,industrial,b2_css,dind-mvideo.ru-c492b59ab5a30f12,mvideo.ru-run-none2.html,html/mvideo.ru-run-none2.html,mvideo.ru,ok,,3.1024999916553497,117.6889999769628,5187.184199923649,1.0,1.0,1.0,False,,,
20261001T114616Z-f7b52bbe,industrial,b1_jsonld,dind-mvideo.ru-151bf8cc328c4ddc,mvideo.ru-run-none3.html,html/mvideo.ru-run-none3.html,mvideo.ru,ok,,1.4973001088947058,78.789500053972,1.2820998672395945,0.0,0.0,0.0,False,,,
20261001T114616Z-f7b52bbe,industrial,b2_css,dind-mvideo.ru-151bf8cc328c4ddc,mvideo.ru-run-none3.html,html/mvideo.ru-run-none3.html,mvideo.ru,ok,,1.4973001088947058,78.789500053972,6488.490999909118,1.0,1.0,1.0,False,,,
20261001T114616Z-f7b52bbe,industrial,b1_jsonld,dind-mvideo.ru-9b0cc1e81b38d9de,mvideo.ru-run-none4.html,html/mvideo.ru-run-none4.html,mvideo.ru,ok,,1.9064999651163816,140.26269991882145,1.43989990465343,0.0,0.0,0.0,False,,,
20261001T114616Z-f7b52bbe,industrial,b2_css,dind-mvideo.ru-9b0cc1e81b38d9de,mvideo.ru-run-none4.html,html/mvideo.ru-run-none4.html,mvideo.ru,ok,,1.9064999651163816,140.26269991882145,5567.154699936509,1.0,1.0,1.0,False,,,
20261001T114616Z-f7b52bbe,industrial,b1_jsonld,dind-mvideo.ru-e426af76efa6c0dd,mvideo.ru-run-none5.html,html/mvideo.ru-run-none5.html,mvideo.ru,ok,,2.1927000489085913,84.27929994650185,0.5623998586088419,0.0,0.0,0.0,False,,,
20261001T114616Z-f7b52bbe,industrial,b2_css,dind-mvideo.ru-e426af76efa6c0dd,mvideo.ru-run-none5.html,html/mvideo.ru-run-none5.html,mvideo.ru,ok,,2.1927000489085913,84.27929994650185,5322.259400039911,1.0,1.0,1.0,False,,,
20261001T114616Z-f7b52bbe,industrial,b1_jsonld,dind-mvideo.ru-f4739083601ea838,mvideo.ru-run-none6.html,html/mvideo.ru-run-none6.html,mvideo.ru,ok,,2.3171999491751194,102.7353999670595,1.02830003015697,0.0,0.0,0.0,False,,,
20261001T114616Z-f7b52bbe,industrial,b2_css,dind-mvideo.ru-f4739083601ea838,mvideo.ru-run-none6.html,html/mvideo.ru-run-none6.html,mvideo.ru,ok,,2.3171999491751194,102.7353999670595,4379.517200170085,1.0,1.0,1.0,False,,,
20261001T114616Z-f7b52bbe,industrial,b1_jsonld,dind-mvideo.ru-3e76af37ea2ac7ed,mvideo.ru-run-none7.html,html/mvideo.ru-run-none7.html,mvideo.ru,ok,,1.9036999437958002,76.22980000451207,0.5765000823885202,0.0,0.0,0.0,False,,,
20261001T114616Z-f7b52bbe,industrial,b2_css,dind-mvideo.ru-3e76af37ea2ac7ed,mvideo.ru-run-none7.html,html/mvideo.ru-run-none7.html,mvideo.ru,ok,,1.9036999437958002,76.22980000451207,3892.0626000035554,1.0,1.0,1.0,False,,,
20261001T114616Z-f7b52bbe,industrial,b1_jsonld,dind-mvideo.ru-e3c8a4d018d42c79,mvideo.ru-run-none8.html,html/mvideo.ru-run-none8.html,mvideo.ru,ok,,2.665499923750758,23.696099873632193,0.522000016644597,0.0,0.0,0.0,False,,,
20261001T114616Z-f7b52bbe,industrial,b2_css,dind-mvideo.ru-e3c8a4d018d42c79,mvideo.ru-run-none8.html,html/mvideo.ru-run-none8.html,mvideo.ru,ok,,2.665499923750758,23.696099873632193,156.63699992001057,0.0,0.0,0.0,False,,,
20261001T114616Z-f7b52bbe,industrial,b1_jsonld,dind-mvideo.ru-c964db29d85851de,mvideo.ru-run-none9.html,html/mvideo.ru-run-none9.html,mvideo.ru,ok,,6.554400082677603,38.196400040760636,0.957100186496973,0.0,0.0,0.0,False,,,
20261001T114616Z-f7b52bbe,industrial,b2_css,dind-mvideo.ru-c964db29d85851de,mvideo.ru-run-none9.html,html/mvideo.ru-run-none9.html,mvideo.ru,ok,,6.554400082677603,38.196400040760636,141.33499981835485,0.0,0.0,0.0,False,,,
20261001T114616Z-f7b52bbe,industrial,b1_jsonld,dind-mvideo.ru-4c97407a7ea4c65d,mvideo.ru-run-none10.html,html/mvideo.ru-run-none10.html,mvideo.ru,ok,,1.2376999948173761,22.347900085151196,0.4414999857544899,0.0,0.0,0.0,False,,,
20261001T114616Z-f7b52bbe,industrial,b2_css,dind-mvideo.ru-4c97407a7ea4c65d,mvideo.ru-run-none10.html,html/mvideo.ru-run-none10.html,mvideo.ru,ok,,1.2376999948173761,22.347900085151196,154.6791000291705,0.0,0.0,0.0,False,,,
20261001T114616Z-f7b52bbe,industrial,b1_jsonld,dind-mvideo.ru-1dc9556f176f49b3,mvideo.ru-run-none11.html,html/mvideo.ru-run-none11.html,mvideo.ru,ok,,5.416099913418293,58.991999831050634,0.802100170403719,0.0,0.0,0.0,False,,,
20261001T114616Z-f7b52bbe,industrial,b2_css,dind-mvideo.ru-1dc9556f176f49b3,mvideo.ru-run-none11.html,html/mvideo.ru-run-none11.html,mvideo.ru,ok,,5.416099913418293,58.991999831050634,154.66560004279017,0.0,0.0,0.0,False,,,
20261001T114616Z-f7b52bbe,industrial,b1_jsonld,dind-mvideo.ru-79ce14d153c633c2,mvideo.ru-run-82a41131.html,html/mvideo.ru-run-82a41131.html,mvideo.ru,ok,,2.4166000075638294,103.99550013244152,1.6087000258266926,0.0,0.0,0.0,False,,,
20261001T114616Z-f7b52bbe,industrial,b2_css,dind-mvideo.ru-79ce14d153c633c2,mvideo.ru-run-82a41131.html,html/mvideo.ru-run-82a41131.html,mvideo.ru,ok,,2.4166000075638294,103.99550013244152,3972.285700030625,1.0,1.0,1.0,False,,,
20261001T114616Z-f7b52bbe,industrial,b1_jsonld,dind-mvideo.ru-57409058dc51841b,mvideo.ru-run-bd396f4d.html,html/mvideo.ru-run-bd396f4d.html,mvideo.ru,ok,,3.5639998968690634,168.4896000660956,0.8188998326659203,0.0,0.0,0.0,False,,,
20261001T114616Z-f7b52bbe,industrial,b2_css,dind-mvideo.ru-57409058dc51841b,mvideo.ru-run-bd396f4d.html,html/mvideo.ru-run-bd396f4d.html,mvideo.ru,ok,,3.5639998968690634,168.4896000660956,19159.55930016935,1.0,1.0,1.0,False,,,
20261001T114616Z-f7b52bbe,industrial,b1_jsonld,dind-mvideo.ru-be793df4ca32b36e,mvideo.ru-run-f3583847.html,html/mvideo.ru-run-f3583847.html,mvideo.ru,ok,,3.294300055131316,130.2961001638323,0.6788999307900667,0.0,0.0,0.0,False,,,
20261001T114616Z-f7b52bbe,industrial,b2_css,dind-mvideo.ru-be793df4ca32b36e,mvideo.ru-run-f3583847.html,html/mvideo.ru-run-f3583847.html,mvideo.ru,ok,,3.294300055131316,130.2961001638323,16555.265999864787,1.0,1.0,1.0,False,,,
20261001T114616Z-f7b52bbe,industrial,b1_jsonld,dind-oaopolimer.ru-b10d46a99fe3b34d,oaopolimer.ru-run-none1.html,html/oaopolimer.ru-run-none1.html,oaopolimer.ru,ok,,1.4473998453468084,28.13930017873645,7.876399904489517,0.0,0.0,0.0,False,,,
20261001T114616Z-f7b52bbe,industrial,b2_css,dind-oaopolimer.ru-b10d46a99fe3b34d,oaopolimer.ru-run-none1.html,html/oaopolimer.ru-run-none1.html,oaopolimer.ru,ok,,1.4473998453468084,28.13930017873645,249.69399999827147,2.0,1.0,1.0,False,,,
20261001T114616Z-f7b52bbe,industrial,b1_jsonld,dind-oaopolimer.ru-5b318217a3a3222c,oaopolimer.ru-run-none2.html,html/oaopolimer.ru-run-none2.html,oaopolimer.ru,ok,,1.9320999272167683,33.791600028052926,6.480199983343482,0.0,0.0,0.0,False,,,
20261001T114616Z-f7b52bbe,industrial,b2_css,dind-oaopolimer.ru-5b318217a3a3222c,oaopolimer.ru-run-none2.html,html/oaopolimer.ru-run-none2.html,oaopolimer.ru,ok,,1.9320999272167683,33.791600028052926,256.8495001178235,2.0,1.0,1.0,False,,,
20261001T114616Z-f7b52bbe,industrial,b1_jsonld,dind-oaopolimer.ru-c8d55d81cc904ea3,oaopolimer.ru-run-none3.html,html/oaopolimer.ru-run-none3.html,oaopolimer.ru,ok,,1.9453999120742083,23.963999934494495,7.3772999458014965,0.0,0.0,0.0,False,,,
20261001T114616Z-f7b52bbe,industrial,b2_css,dind-oaopolimer.ru-c8d55d81cc904ea3,oaopolimer.ru-run-none3.html,html/oaopolimer.ru-run-none3.html,oaopolimer.ru,ok,,1.9453999120742083,23.963999934494495,245.907099917531,2.0,1.0,1.0,False,,,
20261001T114616Z-f7b52bbe,industrial,b1_jsonld,dind-oaopolimer.ru-8109f11938b71aeb,oaopolimer.ru-run-none4.html,html/oaopolimer.ru-run-none4.html,oaopolimer.ru,ok,,2.2152001038193703,23.357100086286664,6.7541999742388725,0.0,0.0,0.0,False,,,
20261001T114616Z-f7b52bbe,industrial,b2_css,dind-oaopolimer.ru-8109f11938b71aeb,oaopolimer.ru-run-none4.html,html/oaopolimer.ru-run-none4.html,oaopolimer.ru,ok,,2.2152001038193703,23.357100086286664,309.0822999365628,2.0,1.0,1.0,False,,,
20261001T114616Z-f7b52bbe,industrial,b1_jsonld,dind-oaopolimer.ru-2a0003d60012b8a6,oaopolimer.ru-run-none5.html,html/oaopolimer.ru-run-none5.html,oaopolimer.ru,ok,,1.439299900084734,34.664199920371175,11.077499948441982,0.0,0.0,0.0,False,,,
20261001T114616Z-f7b52bbe,industrial,b2_css,dind-oaopolimer.ru-2a0003d60012b8a6,oaopolimer.ru-run-none5.html,html/oaopolimer.ru-run-none5.html,oaopolimer.ru,ok,,1.439299900084734,34.664199920371175,316.91680010408163,2.0,1.0,1.0,False,,,
20261001T114616Z-f7b52bbe,industrial,b1_jsonld,dind-oaopolimer.ru-02558b82bd865b0f,oaopolimer.ru-run-99bb6904.html,html/oaopolimer.ru-run-99bb6904.html,oaopolimer.ru,ok,,1.208700006827712,33.90339994803071,7.607700070366263,0.0,0.0,0.0,False,,,
20261001T114616Z-f7b52bbe,industrial,b2_css,dind-oaopolimer.ru-02558b82bd865b0f,oaopolimer.ru-run-99bb6904.html,html/oaopolimer.ru-run-99bb6904.html,oaopolimer.ru,ok,,1.208700006827712,33.90339994803071,330.5116998963058,2.0,1.0,1.0,False,,,
20261001T114616Z-f7b52bbe,industrial,b1_jsonld,dind-oaopolimer.ru-a7c041cf2a18af01,oaopolimer.ru-run-bc19d776.html,html/oaopolimer.ru-run-bc19d776.html,oaopolimer.ru,ok,,2.2661001421511173,28.374100103974342,8.665699977427721,0.0,0.0,0.0,False,,,
20261001T114616Z-f7b52bbe,industrial,b2_css,dind-oaopolimer.ru-a7c041cf2a18af01,oaopolimer.ru-run-bc19d776.html,html/oaopolimer.ru-run-bc19d776.html,oaopolimer.ru,ok,,2.2661001421511173,28.374100103974342,282.51220006495714,2.0,1.0,1.0,False,,,
20261001T114616Z-f7b52bbe,industrial,b1_jsonld,dind-officemag.ru-00d53e795579eb90,officemag.ru-run-none1.html,html/officemag.ru-run-none1.html,officemag.ru,ok,,3.465800080448389,208.51949998177588,10.580600006505847,0.0,0.0,0.0,False,,,
20261001T114616Z-f7b52bbe,industrial,b2_css,dind-officemag.ru-00d53e795579eb90,officemag.ru-run-none1.html,html/officemag.ru-run-none1.html,officemag.ru,ok,,3.465800080448389,208.51949998177588,2005.0821001641452,16.0,16.0,16.0,False,,,
20261001T114616Z-f7b52bbe,industrial,b1_jsonld,dind-officemag.ru-5e08817729b9c1b0,officemag.ru-run-none2.html,html/officemag.ru-run-none2.html,officemag.ru,ok,,2.9697001446038485,48.958199797198176,14.231099979951978,0.0,0.0,0.0,False,,,
20261001T114616Z-f7b52bbe,industrial,b2_css,dind-officemag.ru-5e08817729b9c1b0,officemag.ru-run-none2.html,html/officemag.ru-run-none2.html,officemag.ru,ok,,2.9697001446038485,48.958199797198176,445.62810007482767,4.0,4.0,4.0,False,,,
20261001T114616Z-f7b52bbe,industrial,b1_jsonld,dind-officemag.ru-beec12f6c9b66652,officemag.ru-run-none3.html,html/officemag.ru-run-none3.html,officemag.ru,ok,,2.8647000435739756,174.88990002311766,9.063699981197715,0.0,0.0,0.0,False,,,
20261001T114616Z-f7b52bbe,industrial,b2_css,dind-officemag.ru-beec12f6c9b66652,officemag.ru-run-none3.html,html/officemag.ru-run-none3.html,officemag.ru,ok,,2.8647000435739756,174.88990002311766,1748.8925999496132,16.0,16.0,16.0,False,,,
20261001T114616Z-f7b52bbe,industrial,b1_jsonld,dind-officemag.ru-b0ddf2fa010706d1,officemag.ru-run-none4.html,html/officemag.ru-run-none4.html,officemag.ru,ok,,7.482399931177497,1026.4188000001013,60.693199979141355,0.0,0.0,0.0,False,,,
20261001T114616Z-f7b52bbe,industrial,b2_css,dind-officemag.ru-b0ddf2fa010706d1,officemag.ru-run-none4.html,html/officemag.ru-run-none4.html,officemag.ru,ok,,7.482399931177497,1026.4188000001013,2325.3397000953555,24.0,24.0,24.0,False,,,
20261001T114616Z-f7b52bbe,industrial,b1_jsonld,dind-officemag.ru-40809b5312781d55,officemag.ru-run-none5.html,html/officemag.ru-run-none5.html,officemag.ru,ok,,3.9504999294877052,266.3102000951767,70.6991998013109,0.0,0.0,0.0,False,,,
20261001T114616Z-f7b52bbe,industrial,b2_css,dind-officemag.ru-40809b5312781d55,officemag.ru-run-none5.html,html/officemag.ru-run-none5.html,officemag.ru,ok,,3.9504999294877052,266.3102000951767,2324.3138000834733,24.0,24.0,24.0,False,,,
20261001T114616Z-f7b52bbe,industrial,b1_jsonld,dind-officemag.ru-00c674729dcaa4ea,officemag.ru-run-2eca7e5f.html,html/officemag.ru-run-2eca7e5f.html,officemag.ru,ok,,5.54109993390739,172.14949987828732,11.769999982789159,0.0,0.0,0.0,False,,,
20261001T114616Z-f7b52bbe,industrial,b2_css,dind-officemag.ru-00c674729dcaa4ea,officemag.ru-run-2eca7e5f.html,html/officemag.ru-run-2eca7e5f.html,officemag.ru,ok,,5.54109993390739,172.14949987828732,1894.0417000558227,16.0,16.0,16.0,False,,,
20261001T114616Z-f7b52bbe,industrial,b1_jsonld,dind-officemag.ru-1bea9ed185f4b328,officemag.ru-run-3d0f801a.html,html/officemag.ru-run-3d0f801a.html,officemag.ru,ok,,3.6625999491661787,52.253499859943986,17.22520007751882,0.0,0.0,0.0,False,,,
20261001T114616Z-f7b52bbe,industrial,b2_css,dind-officemag.ru-1bea9ed185f4b328,officemag.ru-run-3d0f801a.html,html/officemag.ru-run-3d0f801a.html,officemag.ru,ok,,3.6625999491661787,52.253499859943986,499.94840007275343,4.0,4.0,4.0,False,,,
20261001T114616Z-f7b52bbe,industrial,b1_jsonld,dind-officemag.ru-892e0a35c31b5746,officemag.ru-run-ac6cc526.html,html/officemag.ru-run-ac6cc526.html,officemag.ru,ok,,3.7094999570399523,206.5044001210481,11.050400091335177,0.0,0.0,0.0,False,,,
20261001T114616Z-f7b52bbe,industrial,b2_css,dind-officemag.ru-892e0a35c31b5746,officemag.ru-run-ac6cc526.html,html/officemag.ru-run-ac6cc526.html,officemag.ru,ok,,3.7094999570399523,206.5044001210481,2050.558000104502,16.0,16.0,16.0,False,,,
20261001T114616Z-f7b52bbe,industrial,b1_jsonld,dind-ozon.ru-bef199bc4e3cafc8,ozon.ru-run-none1.html,html/ozon.ru-run-none1.html,ozon.ru,ok,,2.451400039717555,112.64749988913536,28.747000033035874,0.0,0.0,0.0,False,,,
20261001T114616Z-f7b52bbe,industrial,b2_css,dind-ozon.ru-bef199bc4e3cafc8,ozon.ru-run-none1.html,html/ozon.ru-run-none1.html,ozon.ru,ok,,2.451400039717555,112.64749988913536,1008.9309001341462,24.0,24.0,24.0,False,,,
20261001T114616Z-f7b52bbe,industrial,b1_jsonld,dind-ozon.ru-7b0cb8482987d4b1,ozon.ru-run-none2.html,html/ozon.ru-run-none2.html,ozon.ru,ok,,2.9808999970555305,109.00340019725263,26.04639995843172,0.0,0.0,0.0,False,,,
20261001T114616Z-f7b52bbe,industrial,b2_css,dind-ozon.ru-7b0cb8482987d4b1,ozon.ru-run-none2.html,html/ozon.ru-run-none2.html,ozon.ru,ok,,2.9808999970555305,109.00340019725263,972.9863000102341,24.0,24.0,24.0,False,,,
20261001T114616Z-f7b52bbe,industrial,b1_jsonld,dind-ozon.ru-4db869312af5e423,ozon.ru-run-none3.html,html/ozon.ru-run-none3.html,ozon.ru,ok,,1.9695998635143042,92.21149981021881,26.744799921289086,0.0,0.0,0.0,False,,,
20261001T114616Z-f7b52bbe,industrial,b2_css,dind-ozon.ru-4db869312af5e423,ozon.ru-run-none3.html,html/ozon.ru-run-none3.html,ozon.ru,ok,,1.9695998635143042,92.21149981021881,951.4808999374509,24.0,24.0,24.0,False,,,
20261001T114616Z-f7b52bbe,industrial,b1_jsonld,dind-ozon.ru-d2cfdfef86ed8cff,ozon.ru-run-none4.html,html/ozon.ru-run-none4.html,ozon.ru,ok,,2.792899962514639,113.27209998853505,30.282500199973583,0.0,0.0,0.0,False,,,
20261001T114616Z-f7b52bbe,industrial,b2_css,dind-ozon.ru-d2cfdfef86ed8cff,ozon.ru-run-none4.html,html/ozon.ru-run-none4.html,ozon.ru,ok,,2.792899962514639,113.27209998853505,1303.0352999921888,24.0,24.0,24.0,False,,,
20261001T114616Z-f7b52bbe,industrial,b1_jsonld,dind-ozon.ru-0f7383450d9788c2,ozon.ru-run-none5.html,html/ozon.ru-run-none5.html,ozon.ru,ok,,3.6837998777627945,124.49910002760589,36.466000135988,0.0,0.0,0.0,False,,,
20261001T114616Z-f7b52bbe,industrial,b2_css,dind-ozon.ru-0f7383450d9788c2,ozon.ru-run-none5.html,html/ozon.ru-run-none5.html,ozon.ru,ok,,3.6837998777627945,124.49910002760589,1674.5701001491398,24.0,24.0,24.0,False,,,
20261001T114616Z-f7b52bbe,industrial,b1_jsonld,dind-ozon.ru-ff95e1b297ba3635,ozon.ru-run-none6.html,html/ozon.ru-run-none6.html,ozon.ru,ok,,3.088500117883086,123.836699873209,33.55059982277453,0.0,0.0,0.0,False,,,
20261001T114616Z-f7b52bbe,industrial,b2_css,dind-ozon.ru-ff95e1b297ba3635,ozon.ru-run-none6.html,html/ozon.ru-run-none6.html,ozon.ru,ok,,3.088500117883086,123.836699873209,1265.8619000576437,24.0,24.0,24.0,False,,,
20261001T114616Z-f7b52bbe,industrial,b1_jsonld,dind-ozon.ru-1ed0c2b94bc03684,ozon.ru-run-none7.html,html/ozon.ru-run-none7.html,ozon.ru,ok,,3.15170013345778,90.12469998560846,21.794000174850225,0.0,0.0,0.0,False,,,
20261001T114616Z-f7b52bbe,industrial,b2_css,dind-ozon.ru-1ed0c2b94bc03684,ozon.ru-run-none7.html,html/ozon.ru-run-none7.html,ozon.ru,ok,,3.15170013345778,90.12469998560846,809.4501001760364,16.0,16.0,16.0,False,,,
20261001T114616Z-f7b52bbe,industrial,b1_jsonld,dind-ozon.ru-00fd247071d4b382,ozon.ru-run-none8.html,html/ozon.ru-run-none8.html,ozon.ru,ok,,2.759000053629279,124.840899836272,29.70329998061061,0.0,0.0,0.0,False,,,
20261001T114616Z-f7b52bbe,industrial,b2_css,dind-ozon.ru-00fd247071d4b382,ozon.ru-run-none8.html,html/ozon.ru-run-none8.html,ozon.ru,ok,,2.759000053629279,124.840899836272,1239.1370998229831,24.0,24.0,24.0,False,,,
20261001T114616Z-f7b52bbe,industrial,b1_jsonld,dind-ozon.ru-7c09464ecd40c35c,ozon.ru-run-none9.html,html/ozon.ru-run-none9.html,ozon.ru,ok,,2.6048000436276197,122.41790001280606,29.061700217425823,0.0,0.0,0.0,False,,,
20261001T114616Z-f7b52bbe,industrial,b2_css,dind-ozon.ru-7c09464ecd40c35c,ozon.ru-run-none9.html,html/ozon.ru-run-none9.html,ozon.ru,ok,,2.6048000436276197,122.41790001280606,1137.3976999893785,24.0,24.0,24.0,False,,,
20261001T114616Z-f7b52bbe,industrial,b1_jsonld,dind-ozon.ru-bc3414059b042541,ozon.ru-run-none10.html,html/ozon.ru-run-none10.html,ozon.ru,ok,,3.842799924314022,277.79339998960495,31.536399852484465,0.0,0.0,0.0,False,,,
20261001T114616Z-f7b52bbe,industrial,b2_css,dind-ozon.ru-bc3414059b042541,ozon.ru-run-none10.html,html/ozon.ru-run-none10.html,ozon.ru,ok,,3.842799924314022,277.79339998960495,1164.1871999017894,24.0,24.0,24.0,False,,,
20261001T114616Z-f7b52bbe,industrial,b1_jsonld,dind-ozon.ru-0af467e962767537,ozon.ru-run-none11.html,html/ozon.ru-run-none11.html,ozon.ru,ok,,3.916400019079447,117.00630001723766,33.011000137776136,0.0,0.0,0.0,False,,,
20261001T114616Z-f7b52bbe,industrial,b2_css,dind-ozon.ru-0af467e962767537,ozon.ru-run-none11.html,html/ozon.ru-run-none11.html,ozon.ru,ok,,3.916400019079447,117.00630001723766,1096.6199999675155,24.0,24.0,24.0,False,,,
20261001T114616Z-f7b52bbe,industrial,b1_jsonld,dind-ozon.ru-f0ada4e5d68779a7,ozon.ru-run-none12.html,html/ozon.ru-run-none12.html,ozon.ru,ok,,2.212099963799119,118.64989995956421,25.45409998856485,0.0,0.0,0.0,False,,,
20261001T114616Z-f7b52bbe,industrial,b2_css,dind-ozon.ru-f0ada4e5d68779a7,ozon.ru-run-none12.html,html/ozon.ru-run-none12.html,ozon.ru,ok,,2.212099963799119,118.64989995956421,1196.6162000317127,24.0,24.0,24.0,False,,,
20261001T114616Z-f7b52bbe,industrial,b1_jsonld,dind-ozon.ru-0893ebc9dae9a0b6,ozon.ru-run-none13.html,html/ozon.ru-run-none13.html,ozon.ru,ok,,2.5507998652756214,450.1400999724865,28.631499968469143,0.0,0.0,0.0,False,,,
20261001T114616Z-f7b52bbe,industrial,b2_css,dind-ozon.ru-0893ebc9dae9a0b6,ozon.ru-run-none13.html,html/ozon.ru-run-none13.html,ozon.ru,ok,,2.5507998652756214,450.1400999724865,995.1253000181168,24.0,24.0,24.0,False,,,
20261001T114616Z-f7b52bbe,industrial,b1_jsonld,dind-ozon.ru-9912b1cd9743ff61,ozon.ru-run-none14.html,html/ozon.ru-run-none14.html,ozon.ru,ok,,4.2600000742822886,126.25059997662902,39.87609990872443,0.0,0.0,0.0,False,,,
20261001T114616Z-f7b52bbe,industrial,b2_css,dind-ozon.ru-9912b1cd9743ff61,ozon.ru-run-none14.html,html/ozon.ru-run-none14.html,ozon.ru,ok,,4.2600000742822886,126.25059997662902,1068.2634999975562,24.0,24.0,24.0,False,,,
20261001T114616Z-f7b52bbe,industrial,b1_jsonld,dind-ozon.ru-c1c4d36f73fb1884,ozon.ru-run-none15.html,html/ozon.ru-run-none15.html,ozon.ru,ok,,21.3748998939991,90.44239996001124,25.75800009071827,0.0,0.0,0.0,False,,,
20261001T114616Z-f7b52bbe,industrial,b2_css,dind-ozon.ru-c1c4d36f73fb1884,ozon.ru-run-none15.html,html/ozon.ru-run-none15.html,ozon.ru,ok,,21.3748998939991,90.44239996001124,895.6656998489052,24.0,24.0,24.0,False,,,
20261001T114616Z-f7b52bbe,industrial,b1_jsonld,dind-ozon.ru-8cf713849b5ae916,ozon.ru-run-none16.html,html/ozon.ru-run-none16.html,ozon.ru,ok,,2.926899818703532,83.63739983178675,24.980099871754646,0.0,0.0,0.0,False,,,
20261001T114616Z-f7b52bbe,industrial,b2_css,dind-ozon.ru-8cf713849b5ae916,ozon.ru-run-none16.html,html/ozon.ru-run-none16.html,ozon.ru,ok,,2.926899818703532,83.63739983178675,962.4052001163363,24.0,24.0,24.0,False,,,
20261001T114616Z-f7b52bbe,industrial,b1_jsonld,dind-ozon.ru-ff68223ce1cea753,ozon.ru-run-none17.html,html/ozon.ru-run-none17.html,ozon.ru,ok,,10.547499870881438,131.6190001089126,36.79030016064644,0.0,0.0,0.0,False,,,
20261001T114616Z-f7b52bbe,industrial,b2_css,dind-ozon.ru-ff68223ce1cea753,ozon.ru-run-none17.html,html/ozon.ru-run-none17.html,ozon.ru,ok,,10.547499870881438,131.6190001089126,1670.9642999339849,48.0,40.0,40.0,False,,,
20261001T114616Z-f7b52bbe,industrial,b1_jsonld,dind-ozon.ru-af96b2643001265b,ozon.ru-run-none18.html,html/ozon.ru-run-none18.html,ozon.ru,ok,,3.7374000530689955,115.41600013151765,29.72120000049472,0.0,0.0,0.0,False,,,
20261001T114616Z-f7b52bbe,industrial,b2_css,dind-ozon.ru-af96b2643001265b,ozon.ru-run-none18.html,html/ozon.ru-run-none18.html,ozon.ru,ok,,3.7374000530689955,115.41600013151765,1053.3565001096576,24.0,24.0,24.0,False,,,
20261001T114616Z-f7b52bbe,industrial,b1_jsonld,dind-ozon.ru-b36c824831b3255e,ozon.ru-run-none19.html,html/ozon.ru-run-none19.html,ozon.ru,ok,,2.9168000910431147,90.48900008201599,23.9395999815315,0.0,0.0,0.0,False,,,
20261001T114616Z-f7b52bbe,industrial,b2_css,dind-ozon.ru-b36c824831b3255e,ozon.ru-run-none19.html,html/ozon.ru-run-none19.html,ozon.ru,ok,,2.9168000910431147,90.48900008201599,936.9886999484152,24.0,24.0,24.0,False,,,
20261001T114616Z-f7b52bbe,industrial,b1_jsonld,dind-ozon.ru-c0e19b1385e2c08d,ozon.ru-run-none20.html,html/ozon.ru-run-none20.html,ozon.ru,ok,,2.7124998159706593,90.23480000905693,24.126899894326925,0.0,0.0,0.0,False,,,
20261001T114616Z-f7b52bbe,industrial,b2_css,dind-ozon.ru-c0e19b1385e2c08d,ozon.ru-run-none20.html,html/ozon.ru-run-none20.html,ozon.ru,ok,,2.7124998159706593,90.23480000905693,1046.6872001998127,24.0,24.0,24.0,False,,,
20261001T114616Z-f7b52bbe,industrial,b1_jsonld,dind-ozon.ru-14349728faeae495,ozon.ru-run-none21.html,html/ozon.ru-run-none21.html,ozon.ru,ok,,2.4575998540967703,98.87570003047585,29.26920005120337,0.0,0.0,0.0,False,,,
20261001T114616Z-f7b52bbe,industrial,b2_css,dind-ozon.ru-14349728faeae495,ozon.ru-run-none21.html,html/ozon.ru-run-none21.html,ozon.ru,ok,,2.4575998540967703,98.87570003047585,1207.605900010094,32.0,32.0,32.0,False,,,
20261001T114616Z-f7b52bbe,industrial,b1_jsonld,dind-ozon.ru-7fc3cd29b958b570,ozon.ru-run-none22.html,html/ozon.ru-run-none22.html,ozon.ru,ok,,3.428200026974082,92.99860009923577,25.293199811130762,0.0,0.0,0.0,False,,,
20261001T114616Z-f7b52bbe,industrial,b2_css,dind-ozon.ru-7fc3cd29b958b570,ozon.ru-run-none22.html,html/ozon.ru-run-none22.html,ozon.ru,ok,,3.428200026974082,92.99860009923577,951.3256000354886,24.0,24.0,24.0,False,,,
20261001T114616Z-f7b52bbe,industrial,b1_jsonld,dind-ozon.ru-17ea1a246cc5c852,ozon.ru-run-none23.html,html/ozon.ru-run-none23.html,ozon.ru,ok,,2.77039990760386,84.25930002704263,24.39439995214343,0.0,0.0,0.0,False,,,
20261001T114616Z-f7b52bbe,industrial,b2_css,dind-ozon.ru-17ea1a246cc5c852,ozon.ru-run-none23.html,html/ozon.ru-run-none23.html,ozon.ru,ok,,2.77039990760386,84.25930002704263,899.5864000171423,24.0,24.0,24.0,False,,,
20261001T114616Z-f7b52bbe,industrial,b1_jsonld,dind-ozon.ru-664876f2c1bfe726,ozon.ru-run-none24.html,html/ozon.ru-run-none24.html,ozon.ru,ok,,1.9855001010000706,40.69190006703138,3.495299955829978,0.0,0.0,0.0,False,,,
20261001T114616Z-f7b52bbe,industrial,b2_css,dind-ozon.ru-664876f2c1bfe726,ozon.ru-run-none24.html,html/ozon.ru-run-none24.html,ozon.ru,ok,,1.9855001010000706,40.69190006703138,455.9757001698017,20.0,20.0,20.0,False,,,
20261001T114616Z-f7b52bbe,industrial,b1_jsonld,dind-ozon.ru-030d0fbe4dcf938f,ozon.ru-run-none25.html,html/ozon.ru-run-none25.html,ozon.ru,ok,,2.468900056555867,94.32909986935556,24.582300102338195,0.0,0.0,0.0,False,,,
20261001T114616Z-f7b52bbe,industrial,b2_css,dind-ozon.ru-030d0fbe4dcf938f,ozon.ru-run-none25.html,html/ozon.ru-run-none25.html,ozon.ru,ok,,2.468900056555867,94.32909986935556,1052.6215999852866,24.0,24.0,24.0,False,,,
20261001T114616Z-f7b52bbe,industrial,b1_jsonld,dind-ozon.ru-2aee48801f977b0f,ozon.ru-run-none26.html,html/ozon.ru-run-none26.html,ozon.ru,ok,,4.910099785774946,113.13279997557402,29.389299917966127,0.0,0.0,0.0,False,,,
20261001T114616Z-f7b52bbe,industrial,b2_css,dind-ozon.ru-2aee48801f977b0f,ozon.ru-run-none26.html,html/ozon.ru-run-none26.html,ozon.ru,ok,,4.910099785774946,113.13279997557402,1251.3530999422073,24.0,24.0,24.0,False,,,
20261001T114616Z-f7b52bbe,industrial,b1_jsonld,dind-ozon.ru-981504bdf6f0c850,ozon.ru-run-none27.html,html/ozon.ru-run-none27.html,ozon.ru,ok,,2.497000154107809,198.16649984568357,29.77419993840158,0.0,0.0,0.0,False,,,
20261001T114616Z-f7b52bbe,industrial,b2_css,dind-ozon.ru-981504bdf6f0c850,ozon.ru-run-none27.html,html/ozon.ru-run-none27.html,ozon.ru,ok,,2.497000154107809,198.16649984568357,1073.2513999100775,24.0,24.0,24.0,False,,,
20261001T114616Z-f7b52bbe,industrial,b1_jsonld,dind-ozon.ru-309ec1587fa9ccca,ozon.ru-run-none28.html,html/ozon.ru-run-none28.html,ozon.ru,ok,,2.8343000449240208,95.90400010347366,24.782499996945262,0.0,0.0,0.0,False,,,
20261001T114616Z-f7b52bbe,industrial,b2_css,dind-ozon.ru-309ec1587fa9ccca,ozon.ru-run-none28.html,html/ozon.ru-run-none28.html,ozon.ru,ok,,2.8343000449240208,95.90400010347366,935.6672000139952,24.0,24.0,24.0,False,,,
20261001T114616Z-f7b52bbe,industrial,b1_jsonld,dind-ozon.ru-f0c4de7b7d4ddccc,ozon.ru-run-none29.html,html/ozon.ru-run-none29.html,ozon.ru,ok,,2.5929000694304705,100.07619997486472,26.072500040754676,0.0,0.0,0.0,False,,,
20261001T114616Z-f7b52bbe,industrial,b2_css,dind-ozon.ru-f0c4de7b7d4ddccc,ozon.ru-run-none29.html,html/ozon.ru-run-none29.html,ozon.ru,ok,,2.5929000694304705,100.07619997486472,1044.5898999460042,24.0,24.0,24.0,False,,,
20261001T114616Z-f7b52bbe,industrial,b1_jsonld,dind-ozon.ru-801ca96b303e9c70,ozon.ru-run-none30.html,html/ozon.ru-run-none30.html,ozon.ru,ok,,3.371699946001172,69.6325998287648,5.54440007545054,0.0,0.0,0.0,False,,,
20261001T114616Z-f7b52bbe,industrial,b2_css,dind-ozon.ru-801ca96b303e9c70,ozon.ru-run-none30.html,html/ozon.ru-run-none30.html,ozon.ru,ok,,3.371699946001172,69.6325998287648,665.9771001432091,30.0,30.0,30.0,False,,,
20261001T114616Z-f7b52bbe,industrial,b1_jsonld,dind-ozon.ru-adcd554f73025799,ozon.ru-run-none31.html,html/ozon.ru-run-none31.html,ozon.ru,ok,,3.1793999951332808,98.39930012822151,25.01980005763471,0.0,0.0,0.0,False,,,
20261001T114616Z-f7b52bbe,industrial,b2_css,dind-ozon.ru-adcd554f73025799,ozon.ru-run-none31.html,html/ozon.ru-run-none31.html,ozon.ru,ok,,3.1793999951332808,98.39930012822151,925.4129000473768,24.0,24.0,24.0,False,,,
20261001T114616Z-f7b52bbe,industrial,b1_jsonld,dind-ozon.ru-0f3fe0ffc5075f97,ozon.ru-run-none32.html,html/ozon.ru-run-none32.html,ozon.ru,ok,,3.1435999553650618,85.79910011030734,23.9828999619931,0.0,0.0,0.0,False,,,
20261001T114616Z-f7b52bbe,industrial,b2_css,dind-ozon.ru-0f3fe0ffc5075f97,ozon.ru-run-none32.html,html/ozon.ru-run-none32.html,ozon.ru,ok,,3.1435999553650618,85.79910011030734,956.5789001062512,24.0,24.0,24.0,False,,,
20261001T114616Z-f7b52bbe,industrial,b1_jsonld,dind-ozon.ru-89cacbfd8e2ec95b,ozon.ru-run-none33.html,html/ozon.ru-run-none33.html,ozon.ru,ok,,3.067899961024523,92.81879989430308,24.143199902027845,0.0,0.0,0.0,False,,,
20261001T114616Z-f7b52bbe,industrial,b2_css,dind-ozon.ru-89cacbfd8e2ec95b,ozon.ru-run-none33.html,html/ozon.ru-run-none33.html,ozon.ru,ok,,3.067899961024523,92.81879989430308,927.2111998870969,24.0,24.0,24.0,False,,,
20261001T114616Z-f7b52bbe,industrial,b1_jsonld,dind-ozon.ru-6574195d5864256d,ozon.ru-run-4f3eb2b3.html,html/ozon.ru-run-4f3eb2b3.html,ozon.ru,ok,,4.6045000199228525,93.82549999281764,27.232700027525425,0.0,0.0,0.0,False,,,
20261001T114616Z-f7b52bbe,industrial,b2_css,dind-ozon.ru-6574195d5864256d,ozon.ru-run-4f3eb2b3.html,html/ozon.ru-run-4f3eb2b3.html,ozon.ru,ok,,4.6045000199228525,93.82549999281764,970.8149000070989,24.0,24.0,24.0,False,,,
20261001T114616Z-f7b52bbe,industrial,b1_jsonld,dind-ozon.ru-40d639e4db2530b7,ozon.ru-run-5df0fc85.html,html/ozon.ru-run-5df0fc85.html,ozon.ru,ok,,4.61820000782609,433.2630999851972,28.919300064444542,0.0,0.0,0.0,False,,,
20261001T114616Z-f7b52bbe,industrial,b2_css,dind-ozon.ru-40d639e4db2530b7,ozon.ru-run-5df0fc85.html,html/ozon.ru-run-5df0fc85.html,ozon.ru,ok,,4.61820000782609,433.2630999851972,1011.2256999127567,24.0,24.0,24.0,False,,,
20261001T114616Z-f7b52bbe,industrial,b1_jsonld,dind-ozon.ru-9eaf36f7f4aa57b5,ozon.ru-run-7a5dc852.html,html/ozon.ru-run-7a5dc852.html,ozon.ru,ok,,3.934800159186125,103.88159984722733,30.788199976086617,0.0,0.0,0.0,False,,,
20261001T114616Z-f7b52bbe,industrial,b2_css,dind-ozon.ru-9eaf36f7f4aa57b5,ozon.ru-run-7a5dc852.html,html/ozon.ru-run-7a5dc852.html,ozon.ru,ok,,3.934800159186125,103.88159984722733,1015.788699965924,24.0,24.0,24.0,False,,,
20261001T114616Z-f7b52bbe,industrial,b1_jsonld,dind-petrovich.ru-f5694ceb95402903,petrovich.ru-run-7ab9dec2.html,html/petrovich.ru-run-7ab9dec2.html,petrovich.ru,ok,,16.59990008920431,168.55860012583435,9.917099960148335,0.0,0.0,0.0,False,,,
20261001T114616Z-f7b52bbe,industrial,b2_css,dind-petrovich.ru-f5694ceb95402903,petrovich.ru-run-7ab9dec2.html,html/petrovich.ru-run-7ab9dec2.html,petrovich.ru,ok,,16.59990008920431,168.55860012583435,2066.4588001091033,20.0,20.0,20.0,False,,,
20261001T114616Z-f7b52bbe,industrial,b1_jsonld,dind-petrovich.ru-b70961cbdb8bd1e9,petrovich.ru-run-f37ca1e3.html,html/petrovich.ru-run-f37ca1e3.html,petrovich.ru,ok,,15.631299931555986,191.41070009209216,10.28400007635355,0.0,0.0,0.0,False,,,
20261001T114616Z-f7b52bbe,industrial,b2_css,dind-petrovich.ru-b70961cbdb8bd1e9,petrovich.ru-run-f37ca1e3.html,html/petrovich.ru-run-f37ca1e3.html,petrovich.ru,ok,,15.631299931555986,191.41070009209216,1975.366499973461,20.0,20.0,20.0,False,,,
20261001T114616Z-f7b52bbe,industrial,b1_jsonld,dind-rs24.ru-e37f5e34d947d094,rs24.ru-run-none1.html,html/rs24.ru-run-none1.html,rs24.ru,ok,,4.2754001915454865,302.39140009507537,79.28060018457472,0.0,0.0,0.0,False,,,
20261001T114616Z-f7b52bbe,industrial,b2_css,dind-rs24.ru-e37f5e34d947d094,rs24.ru-run-none1.html,html/rs24.ru-run-none1.html,rs24.ru,ok,,4.2754001915454865,302.39140009507537,2310.2931000757962,76.0,25.0,25.0,False,,,
20261001T114616Z-f7b52bbe,industrial,b1_jsonld,dind-rs24.ru-1dae74c7261482fe,rs24.ru-run-none2.html,html/rs24.ru-run-none2.html,rs24.ru,ok,,5.0888999830931425,294.56830001436174,72.00049981474876,0.0,0.0,0.0,False,,,
20261001T114616Z-f7b52bbe,industrial,b2_css,dind-rs24.ru-1dae74c7261482fe,rs24.ru-run-none2.html,html/rs24.ru-run-none2.html,rs24.ru,ok,,5.0888999830931425,294.56830001436174,2328.5827001091093,76.0,25.0,25.0,False,,,
20261001T114616Z-f7b52bbe,industrial,b1_jsonld,dind-rs24.ru-a5509d4fda3f76ea,rs24.ru-run-none3.html,html/rs24.ru-run-none3.html,rs24.ru,ok,,4.743299912661314,243.18950017914176,54.79150009341538,0.0,0.0,0.0,False,,,
20261001T114616Z-f7b52bbe,industrial,b2_css,dind-rs24.ru-a5509d4fda3f76ea,rs24.ru-run-none3.html,html/rs24.ru-run-none3.html,rs24.ru,ok,,4.743299912661314,243.18950017914176,1914.084600051865,67.0,22.0,22.0,False,,,
20261001T114616Z-f7b52bbe,industrial,b1_jsonld,dind-rs24.ru-7f6c61bab65e335f,rs24.ru-run-none4.html,html/rs24.ru-run-none4.html,rs24.ru,ok,,2.959399949759245,60.111300088465214,12.654899852350354,0.0,0.0,0.0,False,,,
20261001T114616Z-f7b52bbe,industrial,b2_css,dind-rs24.ru-7f6c61bab65e335f,rs24.ru-run-none4.html,html/rs24.ru-run-none4.html,rs24.ru,ok,,2.959399949759245,60.111300088465214,339.62150011211634,4.0,1.0,1.0,False,,,
20261001T114616Z-f7b52bbe,industrial,b1_jsonld,dind-rs24.ru-04d8d106bd9c940f,rs24.ru-run-none5.html,html/rs24.ru-run-none5.html,rs24.ru,ok,,3.893899964168668,263.4463000576943,62.38129991106689,0.0,0.0,0.0,False,,,
20261001T114616Z-f7b52bbe,industrial,b2_css,dind-rs24.ru-04d8d106bd9c940f,rs24.ru-run-none5.html,html/rs24.ru-run-none5.html,rs24.ru,ok,,3.893899964168668,263.4463000576943,2176.4886998571455,76.0,25.0,25.0,False,,,
20261001T114616Z-f7b52bbe,industrial,b1_jsonld,dind-rs24.ru-eef846de51e83979,rs24.ru-run-none6.html,html/rs24.ru-run-none6.html,rs24.ru,ok,,6.5818000584840775,84.75879998877645,16.174999997019768,0.0,0.0,0.0,False,,,
20261001T114616Z-f7b52bbe,industrial,b2_css,dind-rs24.ru-eef846de51e83979,rs24.ru-run-none6.html,html/rs24.ru-run-none6.html,rs24.ru,ok,,6.5818000584840775,84.75879998877645,409.3255999032408,4.0,1.0,1.0,False,,,
20261001T114616Z-f7b52bbe,industrial,b1_jsonld,dind-rs24.ru-675bf99e5b73b9d3,rs24.ru-run-none7.html,html/rs24.ru-run-none7.html,rs24.ru,ok,,4.92609990760684,68.20300011895597,14.260200085118413,0.0,0.0,0.0,False,,,
20261001T114616Z-f7b52bbe,industrial,b2_css,dind-rs24.ru-675bf99e5b73b9d3,rs24.ru-run-none7.html,html/rs24.ru-run-none7.html,rs24.ru,ok,,4.92609990760684,68.20300011895597,394.9287000577897,4.0,1.0,1.0,False,,,
20261001T114616Z-f7b52bbe,industrial,b1_jsonld,dind-rs24.ru-c08b8e40b58e9b34,rs24.ru-run-none8.html,html/rs24.ru-run-none8.html,rs24.ru,ok,,3.189900191500783,65.97930006682873,13.53610004298389,0.0,0.0,0.0,False,,,
20261001T114616Z-f7b52bbe,industrial,b2_css,dind-rs24.ru-c08b8e40b58e9b34,rs24.ru-run-none8.html,html/rs24.ru-run-none8.html,rs24.ru,ok,,3.189900191500783,65.97930006682873,395.18929994665086,4.0,1.0,1.0,False,,,
20261001T114616Z-f7b52bbe,industrial,b1_jsonld,dind-rs24.ru-f0ddc824358ea6a4,rs24.ru-run-none9.html,html/rs24.ru-run-none9.html,rs24.ru,ok,,3.449199954047799,70.60069986619055,14.451200142502785,0.0,0.0,0.0,False,,,
20261001T114616Z-f7b52bbe,industrial,b2_css,dind-rs24.ru-f0ddc824358ea6a4,rs24.ru-run-none9.html,html/rs24.ru-run-none9.html,rs24.ru,ok,,3.449199954047799,70.60069986619055,366.69830000028014,4.0,1.0,1.0,False,,,
20261001T114616Z-f7b52bbe,industrial,b1_jsonld,dind-rs24.ru-9efe2cd0d7d6ad25,rs24.ru-run-04db4a0c.html,html/rs24.ru-run-04db4a0c.html,rs24.ru,ok,,8.383500156924129,586.9511000346392,71.82259997352958,0.0,0.0,0.0,False,,,
20261001T114616Z-f7b52bbe,industrial,b2_css,dind-rs24.ru-9efe2cd0d7d6ad25,rs24.ru-run-04db4a0c.html,html/rs24.ru-run-04db4a0c.html,rs24.ru,ok,,8.383500156924129,586.9511000346392,2271.2094001471996,76.0,25.0,25.0,False,,,
20261001T114616Z-f7b52bbe,industrial,b1_jsonld,dind-rs24.ru-5f1e642e572bd9cd,rs24.ru-run-80a083d9.html,html/rs24.ru-run-80a083d9.html,rs24.ru,ok,,6.970599992200732,303.96020016632974,70.94139978289604,0.0,0.0,0.0,False,,,
20261001T114616Z-f7b52bbe,industrial,b2_css,dind-rs24.ru-5f1e642e572bd9cd,rs24.ru-run-80a083d9.html,html/rs24.ru-run-80a083d9.html,rs24.ru,ok,,6.970599992200732,303.96020016632974,2240.203000139445,76.0,25.0,25.0,False,,,
20261001T114616Z-f7b52bbe,industrial,b1_jsonld,dind-spb.kuvalda.ru-766cff99f79845f2,spb.kuvalda.ru-run-none1.html,html/spb.kuvalda.ru-run-none1.html,spb.kuvalda.ru,ok,,4.845199873670936,78.21610011160374,10.1091000251472,0.0,0.0,0.0,False,,,
20261001T114616Z-f7b52bbe,industrial,b2_css,dind-spb.kuvalda.ru-766cff99f79845f2,spb.kuvalda.ru-run-none1.html,html/spb.kuvalda.ru-run-none1.html,spb.kuvalda.ru,ok,,4.845199873670936,78.21610011160374,1141.4340999908745,0.0,0.0,0.0,False,,,
20261001T114616Z-f7b52bbe,industrial,b1_jsonld,dind-spb.tara.ru-c058547a7f8a948e,spb.tara.ru-run-none1.html,html/spb.tara.ru-run-none1.html,spb.tara.ru,ok,,2.890900010243058,79.50910017825663,5.130999954417348,0.0,0.0,0.0,False,,,
20261001T114616Z-f7b52bbe,industrial,b2_css,dind-spb.tara.ru-c058547a7f8a948e,spb.tara.ru-run-none1.html,html/spb.tara.ru-run-none1.html,spb.tara.ru,ok,,2.890900010243058,79.50910017825663,1033.0035998485982,0.0,0.0,0.0,False,,,
20261001T114616Z-f7b52bbe,industrial,b1_jsonld,dind-spb.tara.ru-eb7917756d3e38ce,spb.tara.ru-run-none2.html,html/spb.tara.ru-run-none2.html,spb.tara.ru,ok,,4.62120003066957,261.4464000798762,16.93449984304607,0.0,0.0,0.0,False,,,
20261001T114616Z-f7b52bbe,industrial,b2_css,dind-spb.tara.ru-eb7917756d3e38ce,spb.tara.ru-run-none2.html,html/spb.tara.ru-run-none2.html,spb.tara.ru,ok,,4.62120003066957,261.4464000798762,3141.550099942833,40.0,20.0,20.0,False,,,
20261001T114616Z-f7b52bbe,industrial,b1_jsonld,dind-spb.tara.ru-b247ce637fbd5bab,spb.tara.ru-run-none3.html,html/spb.tara.ru-run-none3.html,spb.tara.ru,ok,,2.7341998647898436,66.24299986287951,4.414699971675873,0.0,0.0,0.0,False,,,
20261001T114616Z-f7b52bbe,industrial,b2_css,dind-spb.tara.ru-b247ce637fbd5bab,spb.tara.ru-run-none3.html,html/spb.tara.ru-run-none3.html,spb.tara.ru,ok,,2.7341998647898436,66.24299986287951,1048.0555000249296,0.0,0.0,0.0,False,,,
20261001T114616Z-f7b52bbe,industrial,b1_jsonld,dind-spb.tara.ru-a5b72707164fdaac,spb.tara.ru-run-none4.html,html/spb.tara.ru-run-none4.html,spb.tara.ru,ok,,1.5159000176936388,61.4220998249948,4.781899973750114,0.0,0.0,0.0,False,,,
20261001T114616Z-f7b52bbe,industrial,b2_css,dind-spb.tara.ru-a5b72707164fdaac,spb.tara.ru-run-none4.html,html/spb.tara.ru-run-none4.html,spb.tara.ru,ok,,1.5159000176936388,61.4220998249948,1035.0776000414044,0.0,0.0,0.0,False,,,
20261001T114616Z-f7b52bbe,industrial,b1_jsonld,dind-spb.tara.ru-e38223cfffcc86d0,spb.tara.ru-run-none5.html,html/spb.tara.ru-run-none5.html,spb.tara.ru,ok,,3.9045000448822975,241.6561001446098,17.012800090014935,0.0,0.0,0.0,False,,,
20261001T114616Z-f7b52bbe,industrial,b2_css,dind-spb.tara.ru-e38223cfffcc86d0,spb.tara.ru-run-none5.html,html/spb.tara.ru-run-none5.html,spb.tara.ru,ok,,3.9045000448822975,241.6561001446098,2922.2776000387967,40.0,20.0,20.0,False,,,
20261001T114616Z-f7b52bbe,industrial,b1_jsonld,dind-spb.tara.ru-6339f71a84c7fe3f,spb.tara.ru-run-none6.html,html/spb.tara.ru-run-none6.html,spb.tara.ru,ok,,4.458199953660369,249.662300106138,16.765600070357323,0.0,0.0,0.0,False,,,
20261001T114616Z-f7b52bbe,industrial,b2_css,dind-spb.tara.ru-6339f71a84c7fe3f,spb.tara.ru-run-none6.html,html/spb.tara.ru-run-none6.html,spb.tara.ru,ok,,4.458199953660369,249.662300106138,2885.7162999920547,40.0,20.0,20.0,False,,,
20261001T114616Z-f7b52bbe,industrial,b1_jsonld,dind-tara.ru-29a986a694d3d56c,tara.ru-run-08e7e74c.html,html/tara.ru-run-08e7e74c.html,tara.ru,ok,,6.48929993622005,588.8696999754757,18.155799945816398,0.0,0.0,0.0,False,,,
20261001T114616Z-f7b52bbe,industrial,b2_css,dind-tara.ru-29a986a694d3d56c,tara.ru-run-08e7e74c.html,html/tara.ru-run-08e7e74c.html,tara.ru,ok,,6.48929993622005,588.8696999754757,2960.864800028503,40.0,20.0,20.0,False,,,
20261001T114616Z-f7b52bbe,industrial,b1_jsonld,dind-tara.ru-79d24cb7a3d97e32,tara.ru-run-26e00e9e.html,html/tara.ru-run-26e00e9e.html,tara.ru,ok,,7.405899930745363,247.2592000849545,16.94809994660318,0.0,0.0,0.0,False,,,
20261001T114616Z-f7b52bbe,industrial,b2_css,dind-tara.ru-79d24cb7a3d97e32,tara.ru-run-26e00e9e.html,html/tara.ru-run-26e00e9e.html,tara.ru,ok,,7.405899930745363,247.2592000849545,3932.787099853158,40.0,20.0,20.0,False,,,
20261001T114616Z-f7b52bbe,industrial,b1_jsonld,dind-tara.ru-5dd436ea3dedcde3,tara.ru-run-6b43fab8.html,html/tara.ru-run-6b43fab8.html,tara.ru,ok,,4.55900002270937,81.63810009136796,6.088299909606576,0.0,0.0,0.0,False,,,
20261001T114616Z-f7b52bbe,industrial,b2_css,dind-tara.ru-5dd436ea3dedcde3,tara.ru-run-6b43fab8.html,html/tara.ru-run-6b43fab8.html,tara.ru,ok,,4.55900002270937,81.63810009136796,1765.590599970892,0.0,0.0,0.0,False,,,
20261001T114616Z-f7b52bbe,industrial,b1_jsonld,dind-tara.ru-996aa6565fe64523,tara.ru-run-a9c88d00.html,html/tara.ru-run-a9c88d00.html,tara.ru,ok,,3.274500137194991,90.09499987587333,5.551799898967147,0.0,0.0,0.0,False,,,
20261001T114616Z-f7b52bbe,industrial,b2_css,dind-tara.ru-996aa6565fe64523,tara.ru-run-a9c88d00.html,html/tara.ru-run-a9c88d00.html,tara.ru,ok,,3.274500137194991,90.09499987587333,1274.3069999851286,0.0,0.0,0.0,False,,,
20261001T114616Z-f7b52bbe,industrial,b1_jsonld,dind-vseinstrumenti.ru-f1a5402edd7ade81,vseinstrumenti.ru-run-8d52f5c4.html,html/vseinstrumenti.ru-run-8d52f5c4.html,vseinstrumenti.ru,ok,,4.105399828404188,230.89020000770688,12.79479986988008,1.0,1.0,1.0,False,,,
20261001T114616Z-f7b52bbe,industrial,b2_css,dind-vseinstrumenti.ru-f1a5402edd7ade81,vseinstrumenti.ru-run-8d52f5c4.html,html/vseinstrumenti.ru-run-8d52f5c4.html,vseinstrumenti.ru,ok,,4.105399828404188,230.89020000770688,2386.973600136116,40.0,40.0,40.0,False,,,
20261001T114616Z-f7b52bbe,industrial,b1_jsonld,dind-wildberries.ru-ef3f50265721d3c2,wildberries.ru-run-none1.html,html/wildberries.ru-run-none1.html,wildberries.ru,ok,,8.510200073942542,146.9637001864612,21.93970000371337,0.0,0.0,0.0,False,,,
20261001T114616Z-f7b52bbe,industrial,b2_css,dind-wildberries.ru-ef3f50265721d3c2,wildberries.ru-run-none1.html,html/wildberries.ru-run-none1.html,wildberries.ru,ok,,8.510200073942542,146.9637001864612,2724.0140999201685,3.0,3.0,3.0,False,,,
20261001T114616Z-f7b52bbe,industrial,b1_jsonld,dind-wildberries.ru-70b945be0d4bf26a,wildberries.ru-run-none2.html,html/wildberries.ru-run-none2.html,wildberries.ru,ok,,5.021499935537577,34.576999954879284,4.216899862512946,0.0,0.0,0.0,False,,,
20261001T114616Z-f7b52bbe,industrial,b2_css,dind-wildberries.ru-70b945be0d4bf26a,wildberries.ru-run-none2.html,html/wildberries.ru-run-none2.html,wildberries.ru,ok,,5.021499935537577,34.576999954879284,155.8532000053674,2.0,2.0,2.0,False,,,
20261001T114616Z-f7b52bbe,industrial,b1_jsonld,dind-ximtek.ru-98dac1b01cd67510,ximtek.ru-run-none1.html,html/ximtek.ru-run-none1.html,ximtek.ru,ok,,3.2883998937904835,84.70200002193451,18.7735001090914,0.0,0.0,0.0,False,,,
20261001T114616Z-f7b52bbe,industrial,b2_css,dind-ximtek.ru-98dac1b01cd67510,ximtek.ru-run-none1.html,html/ximtek.ru-run-none1.html,ximtek.ru,ok,,3.2883998937904835,84.70200002193451,604.4054999947548,89.0,70.0,70.0,False,,,
20261001T114616Z-f7b52bbe,industrial,b1_jsonld,dind-ximtek.ru-f97bddb789d6b997,ximtek.ru-run-none2.html,html/ximtek.ru-run-none2.html,ximtek.ru,ok,,2.317999955266714,69.54160006716847,30.173500068485737,0.0,0.0,0.0,False,,,
20261001T114616Z-f7b52bbe,industrial,b2_css,dind-ximtek.ru-f97bddb789d6b997,ximtek.ru-run-none2.html,html/ximtek.ru-run-none2.html,ximtek.ru,ok,,2.317999955266714,69.54160006716847,772.659899899736,89.0,70.0,70.0,False,,,
20261001T114616Z-f7b52bbe,industrial,b1_jsonld,dind-ximtek.ru-abe2b1a972996824,ximtek.ru-run-none3.html,html/ximtek.ru-run-none3.html,ximtek.ru,ok,,3.2574001234024763,54.69830008223653,13.14380019903183,0.0,0.0,0.0,False,,,
20261001T114616Z-f7b52bbe,industrial,b2_css,dind-ximtek.ru-abe2b1a972996824,ximtek.ru-run-none3.html,html/ximtek.ru-run-none3.html,ximtek.ru,ok,,3.2574001234024763,54.69830008223653,393.37219996377826,65.0,58.0,58.0,False,,,
20261001T114616Z-f7b52bbe,industrial,b1_jsonld,dind-ximtek.ru-940ff623d7a49c34,ximtek.ru-run-none4.html,html/ximtek.ru-run-none4.html,ximtek.ru,ok,,2.242900198325515,58.507699985057116,12.835400179028511,0.0,0.0,0.0,False,,,
20261001T114616Z-f7b52bbe,industrial,b2_css,dind-ximtek.ru-940ff623d7a49c34,ximtek.ru-run-none4.html,html/ximtek.ru-run-none4.html,ximtek.ru,ok,,2.242900198325515,58.507699985057116,382.6882999856025,65.0,58.0,58.0,False,,,
20261001T114616Z-f7b52bbe,industrial,b1_jsonld,dind-ximtek.ru-c35012c3b47572b1,ximtek.ru-run-60625fbe.html,html/ximtek.ru-run-60625fbe.html,ximtek.ru,ok,,3.8069000001996756,68.83599981665611,16.51870016939938,0.0,0.0,0.0,False,,,
20261001T114616Z-f7b52bbe,industrial,b2_css,dind-ximtek.ru-c35012c3b47572b1,ximtek.ru-run-60625fbe.html,html/ximtek.ru-run-60625fbe.html,ximtek.ru,ok,,3.8069000001996756,68.83599981665611,579.3425000738353,89.0,70.0,70.0,False,,,
20261001T114616Z-f7b52bbe,industrial,b1_jsonld,dind-ximtek.ru-a6bdec3f9b446bd1,ximtek.ru-run-8572df63.html,html/ximtek.ru-run-8572df63.html,ximtek.ru,ok,,3.8036999758332968,76.93689991720021,16.019900096580386,0.0,0.0,0.0,False,,,
20261001T114616Z-f7b52bbe,industrial,b2_css,dind-ximtek.ru-a6bdec3f9b446bd1,ximtek.ru-run-8572df63.html,html/ximtek.ru-run-8572df63.html,ximtek.ru,ok,,3.8036999758332968,76.93689991720021,553.703699959442,89.0,70.0,70.0,False,,,
20261001T114616Z-f7b52bbe,industrial,b1_jsonld,dind-xn----7sbbnaebi2cxajxwo0b.xn--p1ai-20db32191ce1e849,xn----7sbbnaebi2cxajxwo0b.xn--p1ai-run-none1.html,html/xn----7sbbnaebi2cxajxwo0b.xn--p1ai-run-none1.html,xn----7sbbnaebi2cxajxwo0b.xn--p1ai,ok,,2.8636001516133547,53.4725000616163,14.842200092971325,0.0,0.0,0.0,False,,,
20261001T114616Z-f7b52bbe,industrial,b2_css,dind-xn----7sbbnaebi2cxajxwo0b.xn--p1ai-20db32191ce1e849,xn----7sbbnaebi2cxajxwo0b.xn--p1ai-run-none1.html,html/xn----7sbbnaebi2cxajxwo0b.xn--p1ai-run-none1.html,xn----7sbbnaebi2cxajxwo0b.xn--p1ai,ok,,2.8636001516133547,53.4725000616163,309.9255000706762,0.0,0.0,0.0,False,,,
20261001T114616Z-f7b52bbe,industrial,b1_jsonld,dind-xn----7sbbnaebi2cxajxwo0b.xn--p1ai-fa2a381a67d4ba03,xn----7sbbnaebi2cxajxwo0b.xn--p1ai-run-none2.html,html/xn----7sbbnaebi2cxajxwo0b.xn--p1ai-run-none2.html,xn----7sbbnaebi2cxajxwo0b.xn--p1ai,ok,,1.79130001924932,54.91299997083843,13.04539991542697,0.0,0.0,0.0,False,,,
20261001T114616Z-f7b52bbe,industrial,b2_css,dind-xn----7sbbnaebi2cxajxwo0b.xn--p1ai-fa2a381a67d4ba03,xn----7sbbnaebi2cxajxwo0b.xn--p1ai-run-none2.html,html/xn----7sbbnaebi2cxajxwo0b.xn--p1ai-run-none2.html,xn----7sbbnaebi2cxajxwo0b.xn--p1ai,ok,,1.79130001924932,54.91299997083843,311.38510000891984,0.0,0.0,0.0,False,,,
20261001T114616Z-f7b52bbe,industrial,b1_jsonld,dind-xn----7sbbnaebi2cxajxwo0b.xn--p1ai-a714f745fc2dada6,xn----7sbbnaebi2cxajxwo0b.xn--p1ai-run-none3.html,html/xn----7sbbnaebi2cxajxwo0b.xn--p1ai-run-none3.html,xn----7sbbnaebi2cxajxwo0b.xn--p1ai,ok,,1.7498000524938107,66.6573999915272,14.157500118017197,0.0,0.0,0.0,False,,,
20261001T114616Z-f7b52bbe,industrial,b2_css,dind-xn----7sbbnaebi2cxajxwo0b.xn--p1ai-a714f745fc2dada6,xn----7sbbnaebi2cxajxwo0b.xn--p1ai-run-none3.html,html/xn----7sbbnaebi2cxajxwo0b.xn--p1ai-run-none3.html,xn----7sbbnaebi2cxajxwo0b.xn--p1ai,ok,,1.7498000524938107,66.6573999915272,312.4383999966085,0.0,0.0,0.0,False,,,
20261001T114616Z-f7b52bbe,industrial,b1_jsonld,dind-.-e142c05b90bdf168,unknown-run-7839236e.html,html/unknown-run-7839236e.html,спецодежда-тула.рф,ok,,1.5116001013666391,49.75040000863373,13.875399949029088,0.0,0.0,0.0,False,,,
20261001T114616Z-f7b52bbe,industrial,b2_css,dind-.-e142c05b90bdf168,unknown-run-7839236e.html,html/unknown-run-7839236e.html,спецодежда-тула.рф,ok,,1.5116001013666391,49.75040000863373,301.8060999456793,0.0,0.0,0.0,False,,,
20261001T114616Z-f7b52bbe,industrial,b1_jsonld,dind-.-1c84d53a2c5b20ea,unknown-run-af7893e6.html,html/unknown-run-af7893e6.html,спецодежда-тула.рф,ok,,1.6742001753300428,62.26409994997084,16.29299996420741,0.0,0.0,0.0,False,,,
20261001T114616Z-f7b52bbe,industrial,b2_css,dind-.-1c84d53a2c5b20ea,unknown-run-af7893e6.html,html/unknown-run-af7893e6.html,спецодежда-тула.рф,ok,,1.6742001753300428,62.26409994997084,310.9722000081092,0.0,0.0,0.0,False,,,
