benchmark_run_id,dataset,variant,page_id,html_file,query,page_status,is_scored,gt_positive_count,prediction_count,matched_gt,missing_prediction,unmatched_prediction,page_has_products_ok,entity_TP,entity_FP,entity_FN,name_TP,name_FP,name_FN,price_TP,price_FP,price_FN,manifest__dataset,manifest__html_file,manifest__html_key,manifest__run_id,manifest__source,manifest__html_path,manifest__page_url,manifest__source_url,manifest__query,manifest__location,manifest__route,manifest__artifact_kind,manifest__skip_reason,manifest__content_sha256,manifest__expected_sha256,page_meta__artifact_path,page_meta__base_page_id,page_meta__base_template,page_meta__benchmark_html_file,page_meta__category,page_meta__dataset_version,page_meta__mutation_axis,page_meta__mutation_id,page_meta__n_entities,page_meta__page_id,page_meta__page_url,page_meta__sha256,page_meta__source,page_meta__variant_idx,source,run_id,location,route,extraction_status,html_read_ms,html_parse_ms,extract_ms,candidate_count,deduplicated_count,returned_count,candidate_limit_hit,error_type,error_message,error_traceback,replay_cached,llm_attempts,new_llm_attempts,request_sha256,rejected_count,gt_price_present_count,gt_price_absent_count,gt_price_unannotated_count,matched_name_similarity_mean,matched_price_MAE,matched_price_MAPE,unexpected_price_FP,page_TP,page_FP,page_FN,page_TN,entity_P,entity_R,entity_F1,name_P,name_R,name_F1,price_P,price_R,price_F1
20261003T183020Z-b6869124,robustness,llm_full_html,syn-0001__class_rename__01,html/syn-0001__class_rename__01.html,,positive,True,12,12,12,0,0,1,12,0,0,12,0,0,12,0,0,robustness,html/syn-0001__class_rename__01.html,syn-0001__class_rename__01.html,run-none1,synthetic-shop.local,D:\Pet_Codes\science\article-price-tracker\synthetic\html\syn-0001__class_rename__01.html,https://synthetic-shop.local/search/syn-0001,https://synthetic-shop.local/search/syn-0001,,,,raw_html,,75e0c634cc454cc47bf37d23172b9b69d9173e4d0240d215e179de24bde29688,75e0c634cc454cc47bf37d23172b9b69d9173e4d0240d215e179de24bde29688,html/syn-0001__class_rename__01.html,syn-0001,jsonld_cards,html/syn-0001__class_rename__01.html,construction_instruments,synthetic-v2-12to30,class_rename,syn-0001__class_rename__01,12,syn-0001__class_rename__01,https://synthetic-shop.local/search/syn-0001,75e0c634cc454cc47bf37d23172b9b69d9173e4d0240d215e179de24bde29688,synthetic-shop.local,1,synthetic-shop.local,run-none1,,,ok,,,,12,12,12,False,,,,True,1,0,0c012329e658f86d055fc71661406ebe090f36cfe5c344e7aba23984d0a2dedf,0,12,0,0,1.0,0.0,0.0,0,1,0,0,0,1.0,1.0,1.0,1.0,1.0,1.0,1.0,1.0,1.0
20261003T183020Z-b6869124,robustness,llm_full_html,syn-0001__class_rename__02,html/syn-0001__class_rename__02.html,,positive,True,12,12,12,0,0,1,12,0,0,12,0,0,12,0,0,robustness,html/syn-0001__class_rename__02.html,syn-0001__class_rename__02.html,run-none2,synthetic-shop.local,D:\Pet_Codes\science\article-price-tracker\synthetic\html\syn-0001__class_rename__02.html,https://synthetic-shop.local/search/syn-0001,https://synthetic-shop.local/search/syn-0001,,,,raw_html,,b0da94e9411c1702ec1eaecdd98f6bb1f3e779d69f212107bf18c981b1d61e21,b0da94e9411c1702ec1eaecdd98f6bb1f3e779d69f212107bf18c981b1d61e21,html/syn-0001__class_rename__02.html,syn-0001,jsonld_cards,html/syn-0001__class_rename__02.html,construction_instruments,synthetic-v2-12to30,class_rename,syn-0001__class_rename__02,12,syn-0001__class_rename__02,https://synthetic-shop.local/search/syn-0001,b0da94e9411c1702ec1eaecdd98f6bb1f3e779d69f212107bf18c981b1d61e21,synthetic-shop.local,2,synthetic-shop.local,run-none2,,,ok,,,,12,12,12,False,,,,True,1,0,b7711d2ab5890ff85cf07b527f0153f59e39499abbd7e475c8411e4f5e2b1106,0,12,0,0,1.0,0.0,0.0,0,1,0,0,0,1.0,1.0,1.0,1.0,1.0,1.0,1.0,1.0,1.0
20261003T183020Z-b6869124,robustness,llm_full_html,syn-0001__class_rename__03,html/syn-0001__class_rename__03.html,,positive,True,12,12,12,0,0,1,12,0,0,12,0,0,12,0,0,robustness,html/syn-0001__class_rename__03.html,syn-0001__class_rename__03.html,run-none3,synthetic-shop.local,D:\Pet_Codes\science\article-price-tracker\synthetic\html\syn-0001__class_rename__03.html,https://synthetic-shop.local/search/syn-0001,https://synthetic-shop.local/search/syn-0001,,,,raw_html,,f3a1adb7447a6298d04985df8fae7b77642e0a0843cf92d68b76ce05ccf51ef8,f3a1adb7447a6298d04985df8fae7b77642e0a0843cf92d68b76ce05ccf51ef8,html/syn-0001__class_rename__03.html,syn-0001,jsonld_cards,html/syn-0001__class_rename__03.html,construction_instruments,synthetic-v2-12to30,class_rename,syn-0001__class_rename__03,12,syn-0001__class_rename__03,https://synthetic-shop.local/search/syn-0001,f3a1adb7447a6298d04985df8fae7b77642e0a0843cf92d68b76ce05ccf51ef8,synthetic-shop.local,3,synthetic-shop.local,run-none3,,,ok,,,,12,12,12,False,,,,True,1,0,7d84213c724577c07c8e7ed5e06c7872409fa51852fbda6aaf2c3a3ee254ac4f,0,12,0,0,1.0,0.0,0.0,0,1,0,0,0,1.0,1.0,1.0,1.0,1.0,1.0,1.0,1.0,1.0
20261003T183020Z-b6869124,robustness,llm_full_html,syn-0001__wrapper_insert__01,html/syn-0001__wrapper_insert__01.html,,positive,True,12,12,12,0,0,1,12,0,0,12,0,0,12,0,0,robustness,html/syn-0001__wrapper_insert__01.html,syn-0001__wrapper_insert__01.html,run-none4,synthetic-shop.local,D:\Pet_Codes\science\article-price-tracker\synthetic\html\syn-0001__wrapper_insert__01.html,https://synthetic-shop.local/search/syn-0001,https://synthetic-shop.local/search/syn-0001,,,,raw_html,,2635277de600e8e66914033a7a352d2c84dd83bfd011537aaa25ae120bb1a3bc,2635277de600e8e66914033a7a352d2c84dd83bfd011537aaa25ae120bb1a3bc,html/syn-0001__wrapper_insert__01.html,syn-0001,jsonld_cards,html/syn-0001__wrapper_insert__01.html,construction_instruments,synthetic-v2-12to30,wrapper_insert,syn-0001__wrapper_insert__01,12,syn-0001__wrapper_insert__01,https://synthetic-shop.local/search/syn-0001,2635277de600e8e66914033a7a352d2c84dd83bfd011537aaa25ae120bb1a3bc,synthetic-shop.local,1,synthetic-shop.local,run-none4,,,ok,,,,12,12,12,False,,,,True,1,0,45fb5999e7ae895f647960ecce0ffe1bc6caf4ca429af923ff4a757a365351fc,0,12,0,0,1.0,0.0,0.0,0,1,0,0,0,1.0,1.0,1.0,1.0,1.0,1.0,1.0,1.0,1.0
20261003T183020Z-b6869124,robustness,llm_full_html,syn-0001__wrapper_insert__02,html/syn-0001__wrapper_insert__02.html,,positive,True,12,12,12,0,0,1,12,0,0,12,0,0,12,0,0,robustness,html/syn-0001__wrapper_insert__02.html,syn-0001__wrapper_insert__02.html,run-none5,synthetic-shop.local,D:\Pet_Codes\science\article-price-tracker\synthetic\html\syn-0001__wrapper_insert__02.html,https://synthetic-shop.local/search/syn-0001,https://synthetic-shop.local/search/syn-0001,,,,raw_html,,775e882b43275a8dc7d939b2ef475a6f64a1964a59595f5a90b682d810e84540,775e882b43275a8dc7d939b2ef475a6f64a1964a59595f5a90b682d810e84540,html/syn-0001__wrapper_insert__02.html,syn-0001,jsonld_cards,html/syn-0001__wrapper_insert__02.html,construction_instruments,synthetic-v2-12to30,wrapper_insert,syn-0001__wrapper_insert__02,12,syn-0001__wrapper_insert__02,https://synthetic-shop.local/search/syn-0001,775e882b43275a8dc7d939b2ef475a6f64a1964a59595f5a90b682d810e84540,synthetic-shop.local,2,synthetic-shop.local,run-none5,,,ok,,,,12,12,12,False,,,,True,1,0,e6a0dbbaecef5f3be7ff8965a3ccb9911116aa08f2c8df6fca756535cd59da60,0,12,0,0,1.0,0.0,0.0,0,1,0,0,0,1.0,1.0,1.0,1.0,1.0,1.0,1.0,1.0,1.0
20261003T183020Z-b6869124,robustness,llm_full_html,syn-0001__wrapper_insert__03,html/syn-0001__wrapper_insert__03.html,,positive,True,12,12,12,0,0,1,12,0,0,12,0,0,12,0,0,robustness,html/syn-0001__wrapper_insert__03.html,syn-0001__wrapper_insert__03.html,run-none6,synthetic-shop.local,D:\Pet_Codes\science\article-price-tracker\synthetic\html\syn-0001__wrapper_insert__03.html,https://synthetic-shop.local/search/syn-0001,https://synthetic-shop.local/search/syn-0001,,,,raw_html,,72ba70a6e00ff1815cabb5dbf481a4f18b0f70a057028da342b106f04cc035ea,72ba70a6e00ff1815cabb5dbf481a4f18b0f70a057028da342b106f04cc035ea,html/syn-0001__wrapper_insert__03.html,syn-0001,jsonld_cards,html/syn-0001__wrapper_insert__03.html,construction_instruments,synthetic-v2-12to30,wrapper_insert,syn-0001__wrapper_insert__03,12,syn-0001__wrapper_insert__03,https://synthetic-shop.local/search/syn-0001,72ba70a6e00ff1815cabb5dbf481a4f18b0f70a057028da342b106f04cc035ea,synthetic-shop.local,3,synthetic-shop.local,run-none6,,,ok,,,,12,12,12,False,,,,True,1,0,7c90b595e3f1d1d729c4371c6d55e30dd6d0129b92ce6178d767a08087a5a330,0,12,0,0,1.0,0.0,0.0,0,1,0,0,0,1.0,1.0,1.0,1.0,1.0,1.0,1.0,1.0,1.0
20261003T183020Z-b6869124,robustness,llm_full_html,syn-0001__field_reorder__01,html/syn-0001__field_reorder__01.html,,positive,True,12,12,12,0,0,1,12,0,0,12,0,0,12,0,0,robustness,html/syn-0001__field_reorder__01.html,syn-0001__field_reorder__01.html,run-none7,synthetic-shop.local,D:\Pet_Codes\science\article-price-tracker\synthetic\html\syn-0001__field_reorder__01.html,https://synthetic-shop.local/search/syn-0001,https://synthetic-shop.local/search/syn-0001,,,,raw_html,,753159d2afc928e988b2b04e0ea5b5379993402d3861b96db54945c8114f9c1e,753159d2afc928e988b2b04e0ea5b5379993402d3861b96db54945c8114f9c1e,html/syn-0001__field_reorder__01.html,syn-0001,jsonld_cards,html/syn-0001__field_reorder__01.html,construction_instruments,synthetic-v2-12to30,field_reorder,syn-0001__field_reorder__01,12,syn-0001__field_reorder__01,https://synthetic-shop.local/search/syn-0001,753159d2afc928e988b2b04e0ea5b5379993402d3861b96db54945c8114f9c1e,synthetic-shop.local,1,synthetic-shop.local,run-none7,,,ok,,,,12,12,12,False,,,,True,1,0,efec9ad508d787b11545b13f8595e2d95c1929bdf57a10436a13ca5ff1851495,0,12,0,0,1.0,0.0,0.0,0,1,0,0,0,1.0,1.0,1.0,1.0,1.0,1.0,1.0,1.0,1.0
20261003T183020Z-b6869124,robustness,llm_full_html,syn-0001__field_reorder__02,html/syn-0001__field_reorder__02.html,,positive,True,12,12,12,0,0,1,12,0,0,12,0,0,12,0,0,robustness,html/syn-0001__field_reorder__02.html,syn-0001__field_reorder__02.html,run-none8,synthetic-shop.local,D:\Pet_Codes\science\article-price-tracker\synthetic\html\syn-0001__field_reorder__02.html,https://synthetic-shop.local/search/syn-0001,https://synthetic-shop.local/search/syn-0001,,,,raw_html,,04e9e757151f308ad912a1fc913dc344ade1a1c97afb83abc8396daa0f162b33,04e9e757151f308ad912a1fc913dc344ade1a1c97afb83abc8396daa0f162b33,html/syn-0001__field_reorder__02.html,syn-0001,jsonld_cards,html/syn-0001__field_reorder__02.html,construction_instruments,synthetic-v2-12to30,field_reorder,syn-0001__field_reorder__02,12,syn-0001__field_reorder__02,https://synthetic-shop.local/search/syn-0001,04e9e757151f308ad912a1fc913dc344ade1a1c97afb83abc8396daa0f162b33,synthetic-shop.local,2,synthetic-shop.local,run-none8,,,ok,,,,12,12,12,False,,,,True,1,0,999c560834849f8db3efacf56671dd4ecd73d6a82ccab9ce3d72b625e928607c,0,12,0,0,1.0,0.0,0.0,0,1,0,0,0,1.0,1.0,1.0,1.0,1.0,1.0,1.0,1.0,1.0
20261003T183020Z-b6869124,robustness,llm_full_html,syn-0001__subtree_relocate__01,html/syn-0001__subtree_relocate__01.html,,positive,True,12,12,12,0,0,1,12,0,0,12,0,0,12,0,0,robustness,html/syn-0001__subtree_relocate__01.html,syn-0001__subtree_relocate__01.html,run-none9,synthetic-shop.local,D:\Pet_Codes\science\article-price-tracker\synthetic\html\syn-0001__subtree_relocate__01.html,https://synthetic-shop.local/search/syn-0001,https://synthetic-shop.local/search/syn-0001,,,,raw_html,,466f7ab40e9e95898d4ab4a819bf534d666c92a57f2ea7f6dfad5610cd0aa961,466f7ab40e9e95898d4ab4a819bf534d666c92a57f2ea7f6dfad5610cd0aa961,html/syn-0001__subtree_relocate__01.html,syn-0001,jsonld_cards,html/syn-0001__subtree_relocate__01.html,construction_instruments,synthetic-v2-12to30,subtree_relocate,syn-0001__subtree_relocate__01,12,syn-0001__subtree_relocate__01,https://synthetic-shop.local/search/syn-0001,466f7ab40e9e95898d4ab4a819bf534d666c92a57f2ea7f6dfad5610cd0aa961,synthetic-shop.local,1,synthetic-shop.local,run-none9,,,ok,,,,12,12,12,False,,,,True,1,0,22036185708b4a5ee5573e4dd877443338df9cfd6fa8d95ebc7d40e0eb3880f0,0,12,0,0,1.0,0.0,0.0,0,1,0,0,0,1.0,1.0,1.0,1.0,1.0,1.0,1.0,1.0,1.0
20261003T183020Z-b6869124,robustness,llm_full_html,syn-0001__subtree_relocate__02,html/syn-0001__subtree_relocate__02.html,,positive,True,12,12,12,0,0,1,12,0,0,12,0,0,12,0,0,robustness,html/syn-0001__subtree_relocate__02.html,syn-0001__subtree_relocate__02.html,run-none10,synthetic-shop.local,D:\Pet_Codes\science\article-price-tracker\synthetic\html\syn-0001__subtree_relocate__02.html,https://synthetic-shop.local/search/syn-0001,https://synthetic-shop.local/search/syn-0001,,,,raw_html,,01c957de2eed2f313d56a66d2a03c8870d71ae898441471806bab51dc10ac892,01c957de2eed2f313d56a66d2a03c8870d71ae898441471806bab51dc10ac892,html/syn-0001__subtree_relocate__02.html,syn-0001,jsonld_cards,html/syn-0001__subtree_relocate__02.html,construction_instruments,synthetic-v2-12to30,subtree_relocate,syn-0001__subtree_relocate__02,12,syn-0001__subtree_relocate__02,https://synthetic-shop.local/search/syn-0001,01c957de2eed2f313d56a66d2a03c8870d71ae898441471806bab51dc10ac892,synthetic-shop.local,2,synthetic-shop.local,run-none10,,,ok,,,,12,12,12,False,,,,True,1,0,cc176a910cc3aa9686861c3e4848d7e91001fcd739705f22e0df13b1fba64981,0,12,0,0,1.0,0.0,0.0,0,1,0,0,0,1.0,1.0,1.0,1.0,1.0,1.0,1.0,1.0,1.0
20261003T183020Z-b6869124,robustness,llm_full_html,syn-0002__class_rename__01,html/syn-0002__class_rename__01.html,,positive,True,30,30,30,0,0,1,30,0,0,30,0,0,30,0,0,robustness,html/syn-0002__class_rename__01.html,syn-0002__class_rename__01.html,run-none11,synthetic-shop.local,D:\Pet_Codes\science\article-price-tracker\synthetic\html\syn-0002__class_rename__01.html,https://synthetic-shop.local/search/syn-0002,https://synthetic-shop.local/search/syn-0002,,,,raw_html,,8c34d9d30b886a3d1737568f289cfcfa0337c134c8303a567ac88f57669086e8,8c34d9d30b886a3d1737568f289cfcfa0337c134c8303a567ac88f57669086e8,html/syn-0002__class_rename__01.html,syn-0002,microdata_cards,html/syn-0002__class_rename__01.html,construction_instruments,synthetic-v2-12to30,class_rename,syn-0002__class_rename__01,30,syn-0002__class_rename__01,https://synthetic-shop.local/search/syn-0002,8c34d9d30b886a3d1737568f289cfcfa0337c134c8303a567ac88f57669086e8,synthetic-shop.local,1,synthetic-shop.local,run-none11,,,ok,,,,30,30,30,False,,,,True,1,0,aee0752dea7c184379f57e3acdaab7639f41697330d43c4d1adb7d654d3ea84e,0,30,0,0,1.0,0.0,0.0,0,1,0,0,0,1.0,1.0,1.0,1.0,1.0,1.0,1.0,1.0,1.0
20261003T183020Z-b6869124,robustness,llm_full_html,syn-0002__class_rename__02,html/syn-0002__class_rename__02.html,,positive,True,30,30,30,0,0,1,30,0,0,30,0,0,30,0,0,robustness,html/syn-0002__class_rename__02.html,syn-0002__class_rename__02.html,run-none12,synthetic-shop.local,D:\Pet_Codes\science\article-price-tracker\synthetic\html\syn-0002__class_rename__02.html,https://synthetic-shop.local/search/syn-0002,https://synthetic-shop.local/search/syn-0002,,,,raw_html,,9ec152f37f4b708583ad4ac53b9ec8b72baf228f179d35b197e9b012d49b2585,9ec152f37f4b708583ad4ac53b9ec8b72baf228f179d35b197e9b012d49b2585,html/syn-0002__class_rename__02.html,syn-0002,microdata_cards,html/syn-0002__class_rename__02.html,construction_instruments,synthetic-v2-12to30,class_rename,syn-0002__class_rename__02,30,syn-0002__class_rename__02,https://synthetic-shop.local/search/syn-0002,9ec152f37f4b708583ad4ac53b9ec8b72baf228f179d35b197e9b012d49b2585,synthetic-shop.local,2,synthetic-shop.local,run-none12,,,ok,,,,30,30,30,False,,,,True,1,0,a08d616d07bfe3b9a68a2b296f6cf678c4e102e3f31412b29099a8abff28cf69,0,30,0,0,1.0,0.0,0.0,0,1,0,0,0,1.0,1.0,1.0,1.0,1.0,1.0,1.0,1.0,1.0
20261003T183020Z-b6869124,robustness,llm_full_html,syn-0002__class_rename__03,html/syn-0002__class_rename__03.html,,positive,True,30,30,30,0,0,1,30,0,0,30,0,0,30,0,0,robustness,html/syn-0002__class_rename__03.html,syn-0002__class_rename__03.html,run-none13,synthetic-shop.local,D:\Pet_Codes\science\article-price-tracker\synthetic\html\syn-0002__class_rename__03.html,https://synthetic-shop.local/search/syn-0002,https://synthetic-shop.local/search/syn-0002,,,,raw_html,,533bf3a063aafe3094eab93ca5c3c691b8f16776517142ac38f599e9b4f4c1c7,533bf3a063aafe3094eab93ca5c3c691b8f16776517142ac38f599e9b4f4c1c7,html/syn-0002__class_rename__03.html,syn-0002,microdata_cards,html/syn-0002__class_rename__03.html,construction_instruments,synthetic-v2-12to30,class_rename,syn-0002__class_rename__03,30,syn-0002__class_rename__03,https://synthetic-shop.local/search/syn-0002,533bf3a063aafe3094eab93ca5c3c691b8f16776517142ac38f599e9b4f4c1c7,synthetic-shop.local,3,synthetic-shop.local,run-none13,,,ok,,,,30,30,30,False,,,,True,1,0,2bc3ef2924302b969071f5569d36292905455e0706efc59c4f441f9f2acf715d,0,30,0,0,1.0,0.0,0.0,0,1,0,0,0,1.0,1.0,1.0,1.0,1.0,1.0,1.0,1.0,1.0
20261003T183020Z-b6869124,robustness,llm_full_html,syn-0002__wrapper_insert__01,html/syn-0002__wrapper_insert__01.html,,positive,True,30,30,30,0,0,1,30,0,0,30,0,0,30,0,0,robustness,html/syn-0002__wrapper_insert__01.html,syn-0002__wrapper_insert__01.html,run-none14,synthetic-shop.local,D:\Pet_Codes\science\article-price-tracker\synthetic\html\syn-0002__wrapper_insert__01.html,https://synthetic-shop.local/search/syn-0002,https://synthetic-shop.local/search/syn-0002,,,,raw_html,,237f06b413f1c805d1c48337bfe356e093aaa150f2a04b6b3e84d5d8704905ff,237f06b413f1c805d1c48337bfe356e093aaa150f2a04b6b3e84d5d8704905ff,html/syn-0002__wrapper_insert__01.html,syn-0002,microdata_cards,html/syn-0002__wrapper_insert__01.html,construction_instruments,synthetic-v2-12to30,wrapper_insert,syn-0002__wrapper_insert__01,30,syn-0002__wrapper_insert__01,https://synthetic-shop.local/search/syn-0002,237f06b413f1c805d1c48337bfe356e093aaa150f2a04b6b3e84d5d8704905ff,synthetic-shop.local,1,synthetic-shop.local,run-none14,,,ok,,,,30,30,30,False,,,,True,1,0,835198cb8a8c7f3914ed6fd6fbb1669d0023fb3211e70cc2a544735e81333353,0,30,0,0,1.0,0.0,0.0,0,1,0,0,0,1.0,1.0,1.0,1.0,1.0,1.0,1.0,1.0,1.0
20261003T183020Z-b6869124,robustness,llm_full_html,syn-0002__wrapper_insert__02,html/syn-0002__wrapper_insert__02.html,,positive,True,30,30,30,0,0,1,30,0,0,30,0,0,30,0,0,robustness,html/syn-0002__wrapper_insert__02.html,syn-0002__wrapper_insert__02.html,run-none15,synthetic-shop.local,D:\Pet_Codes\science\article-price-tracker\synthetic\html\syn-0002__wrapper_insert__02.html,https://synthetic-shop.local/search/syn-0002,https://synthetic-shop.local/search/syn-0002,,,,raw_html,,df1a3f054d3d2abb5b416792164ad17f8f79ae1f7f2418e0021da4f41f92e5e4,df1a3f054d3d2abb5b416792164ad17f8f79ae1f7f2418e0021da4f41f92e5e4,html/syn-0002__wrapper_insert__02.html,syn-0002,microdata_cards,html/syn-0002__wrapper_insert__02.html,construction_instruments,synthetic-v2-12to30,wrapper_insert,syn-0002__wrapper_insert__02,30,syn-0002__wrapper_insert__02,https://synthetic-shop.local/search/syn-0002,df1a3f054d3d2abb5b416792164ad17f8f79ae1f7f2418e0021da4f41f92e5e4,synthetic-shop.local,2,synthetic-shop.local,run-none15,,,ok,,,,30,30,30,False,,,,True,1,0,9481a75feee3f60dc369fa4c2be00a64797fa61c7c98704a27921aa81aeda651,0,30,0,0,1.0,0.0,0.0,0,1,0,0,0,1.0,1.0,1.0,1.0,1.0,1.0,1.0,1.0,1.0
20261003T183020Z-b6869124,robustness,llm_full_html,syn-0002__wrapper_insert__03,html/syn-0002__wrapper_insert__03.html,,positive,True,30,30,30,0,0,1,30,0,0,30,0,0,30,0,0,robustness,html/syn-0002__wrapper_insert__03.html,syn-0002__wrapper_insert__03.html,run-none16,synthetic-shop.local,D:\Pet_Codes\science\article-price-tracker\synthetic\html\syn-0002__wrapper_insert__03.html,https://synthetic-shop.local/search/syn-0002,https://synthetic-shop.local/search/syn-0002,,,,raw_html,,e002af3822e157ac6bf11fe326ccfb4884cb128d4c43e9d15fc249139739f20d,e002af3822e157ac6bf11fe326ccfb4884cb128d4c43e9d15fc249139739f20d,html/syn-0002__wrapper_insert__03.html,syn-0002,microdata_cards,html/syn-0002__wrapper_insert__03.html,construction_instruments,synthetic-v2-12to30,wrapper_insert,syn-0002__wrapper_insert__03,30,syn-0002__wrapper_insert__03,https://synthetic-shop.local/search/syn-0002,e002af3822e157ac6bf11fe326ccfb4884cb128d4c43e9d15fc249139739f20d,synthetic-shop.local,3,synthetic-shop.local,run-none16,,,ok,,,,30,30,30,False,,,,True,1,0,23eaf4eeeaabb12395408d7f23b0bf0ccf1b66c01120f7c213ede5ef6c1cbc10,0,30,0,0,1.0,0.0,0.0,0,1,0,0,0,1.0,1.0,1.0,1.0,1.0,1.0,1.0,1.0,1.0
20261003T183020Z-b6869124,robustness,llm_full_html,syn-0002__field_reorder__01,html/syn-0002__field_reorder__01.html,,positive,True,30,30,30,0,0,1,30,0,0,30,0,0,30,0,0,robustness,html/syn-0002__field_reorder__01.html,syn-0002__field_reorder__01.html,run-none17,synthetic-shop.local,D:\Pet_Codes\science\article-price-tracker\synthetic\html\syn-0002__field_reorder__01.html,https://synthetic-shop.local/search/syn-0002,https://synthetic-shop.local/search/syn-0002,,,,raw_html,,ad5ecca0bf71baade6a395e1fb4439733a2fb34598d97caa6a890f62d9932cee,ad5ecca0bf71baade6a395e1fb4439733a2fb34598d97caa6a890f62d9932cee,html/syn-0002__field_reorder__01.html,syn-0002,microdata_cards,html/syn-0002__field_reorder__01.html,construction_instruments,synthetic-v2-12to30,field_reorder,syn-0002__field_reorder__01,30,syn-0002__field_reorder__01,https://synthetic-shop.local/search/syn-0002,ad5ecca0bf71baade6a395e1fb4439733a2fb34598d97caa6a890f62d9932cee,synthetic-shop.local,1,synthetic-shop.local,run-none17,,,ok,,,,30,30,30,False,,,,True,1,0,54a68e47c1c05f9a05f99f1eb188f5c0f16f0a5e9d78f054002c8c6612616c8c,0,30,0,0,1.0,0.0,0.0,0,1,0,0,0,1.0,1.0,1.0,1.0,1.0,1.0,1.0,1.0,1.0
20261003T183020Z-b6869124,robustness,llm_full_html,syn-0002__field_reorder__02,html/syn-0002__field_reorder__02.html,,positive,True,30,30,30,0,0,1,30,0,0,30,0,0,30,0,0,robustness,html/syn-0002__field_reorder__02.html,syn-0002__field_reorder__02.html,run-none18,synthetic-shop.local,D:\Pet_Codes\science\article-price-tracker\synthetic\html\syn-0002__field_reorder__02.html,https://synthetic-shop.local/search/syn-0002,https://synthetic-shop.local/search/syn-0002,,,,raw_html,,2123132bb0fd8332225f8c2d0daafdffeaa50506812c943d92be06b051ff5211,2123132bb0fd8332225f8c2d0daafdffeaa50506812c943d92be06b051ff5211,html/syn-0002__field_reorder__02.html,syn-0002,microdata_cards,html/syn-0002__field_reorder__02.html,construction_instruments,synthetic-v2-12to30,field_reorder,syn-0002__field_reorder__02,30,syn-0002__field_reorder__02,https://synthetic-shop.local/search/syn-0002,2123132bb0fd8332225f8c2d0daafdffeaa50506812c943d92be06b051ff5211,synthetic-shop.local,2,synthetic-shop.local,run-none18,,,ok,,,,30,30,30,False,,,,True,1,0,3e6f53e82a897ed0112f27ab61a41fec8894e1df1a0e2761b131cf4d1bb9ecb6,0,30,0,0,1.0,0.0,0.0,0,1,0,0,0,1.0,1.0,1.0,1.0,1.0,1.0,1.0,1.0,1.0
20261003T183020Z-b6869124,robustness,llm_full_html,syn-0002__subtree_relocate__01,html/syn-0002__subtree_relocate__01.html,,positive,True,30,30,30,0,0,1,30,0,0,30,0,0,30,0,0,robustness,html/syn-0002__subtree_relocate__01.html,syn-0002__subtree_relocate__01.html,run-none19,synthetic-shop.local,D:\Pet_Codes\science\article-price-tracker\synthetic\html\syn-0002__subtree_relocate__01.html,https://synthetic-shop.local/search/syn-0002,https://synthetic-shop.local/search/syn-0002,,,,raw_html,,71fea73224c0d1b09630579aef6bd0dbc1387f95a0fbb0cac661589975159cab,71fea73224c0d1b09630579aef6bd0dbc1387f95a0fbb0cac661589975159cab,html/syn-0002__subtree_relocate__01.html,syn-0002,microdata_cards,html/syn-0002__subtree_relocate__01.html,construction_instruments,synthetic-v2-12to30,subtree_relocate,syn-0002__subtree_relocate__01,30,syn-0002__subtree_relocate__01,https://synthetic-shop.local/search/syn-0002,71fea73224c0d1b09630579aef6bd0dbc1387f95a0fbb0cac661589975159cab,synthetic-shop.local,1,synthetic-shop.local,run-none19,,,ok,,,,30,30,30,False,,,,True,1,0,d601adb807e642ff27219a1b1049ae363129dccbcb50546aaf740e48eeaac66a,0,30,0,0,1.0,0.0,0.0,0,1,0,0,0,1.0,1.0,1.0,1.0,1.0,1.0,1.0,1.0,1.0
20261003T183020Z-b6869124,robustness,llm_full_html,syn-0002__subtree_relocate__02,html/syn-0002__subtree_relocate__02.html,,positive,True,30,30,30,0,0,1,30,0,0,30,0,0,30,0,0,robustness,html/syn-0002__subtree_relocate__02.html,syn-0002__subtree_relocate__02.html,run-none20,synthetic-shop.local,D:\Pet_Codes\science\article-price-tracker\synthetic\html\syn-0002__subtree_relocate__02.html,https://synthetic-shop.local/search/syn-0002,https://synthetic-shop.local/search/syn-0002,,,,raw_html,,79f79af55946d686f3f2f8ce9270d4ffee70f48a04e52cdbbcefdd0270bf6812,79f79af55946d686f3f2f8ce9270d4ffee70f48a04e52cdbbcefdd0270bf6812,html/syn-0002__subtree_relocate__02.html,syn-0002,microdata_cards,html/syn-0002__subtree_relocate__02.html,construction_instruments,synthetic-v2-12to30,subtree_relocate,syn-0002__subtree_relocate__02,30,syn-0002__subtree_relocate__02,https://synthetic-shop.local/search/syn-0002,79f79af55946d686f3f2f8ce9270d4ffee70f48a04e52cdbbcefdd0270bf6812,synthetic-shop.local,2,synthetic-shop.local,run-none20,,,ok,,,,30,30,30,False,,,,True,1,0,33a5acb2de245e7717264c4c830a400acca96355eed14e50f110ea4518ce5180,0,30,0,0,1.0,0.0,0.0,0,1,0,0,0,1.0,1.0,1.0,1.0,1.0,1.0,1.0,1.0,1.0
20261003T183020Z-b6869124,robustness,llm_full_html,syn-0003__class_rename__01,html/syn-0003__class_rename__01.html,,positive,True,16,16,16,0,0,1,16,0,0,16,0,0,16,0,0,robustness,html/syn-0003__class_rename__01.html,syn-0003__class_rename__01.html,run-none21,synthetic-shop.local,D:\Pet_Codes\science\article-price-tracker\synthetic\html\syn-0003__class_rename__01.html,https://synthetic-shop.local/search/syn-0003,https://synthetic-shop.local/search/syn-0003,,,,raw_html,,060bb1d23f00a4406ca51b07c07d95d12b9b940cabfc02cb882a060cecb061e0,060bb1d23f00a4406ca51b07c07d95d12b9b940cabfc02cb882a060cecb061e0,html/syn-0003__class_rename__01.html,syn-0003,plain_cards,html/syn-0003__class_rename__01.html,construction_instruments,synthetic-v2-12to30,class_rename,syn-0003__class_rename__01,16,syn-0003__class_rename__01,https://synthetic-shop.local/search/syn-0003,060bb1d23f00a4406ca51b07c07d95d12b9b940cabfc02cb882a060cecb061e0,synthetic-shop.local,1,synthetic-shop.local,run-none21,,,ok,,,,16,16,16,False,,,,True,1,0,113df3be868e59f42a5bdc17b3572251d983a602d5b822e5f705cb9cdb380361,0,16,0,0,1.0,0.0,0.0,0,1,0,0,0,1.0,1.0,1.0,1.0,1.0,1.0,1.0,1.0,1.0
20261003T183020Z-b6869124,robustness,llm_full_html,syn-0003__class_rename__02,html/syn-0003__class_rename__02.html,,positive,True,16,16,16,0,0,1,16,0,0,16,0,0,16,0,0,robustness,html/syn-0003__class_rename__02.html,syn-0003__class_rename__02.html,run-none22,synthetic-shop.local,D:\Pet_Codes\science\article-price-tracker\synthetic\html\syn-0003__class_rename__02.html,https://synthetic-shop.local/search/syn-0003,https://synthetic-shop.local/search/syn-0003,,,,raw_html,,3d4cd6d55c27f808fc423ff489064eb0d43e09f46f44ef8d6a7ec6f1e6888a8b,3d4cd6d55c27f808fc423ff489064eb0d43e09f46f44ef8d6a7ec6f1e6888a8b,html/syn-0003__class_rename__02.html,syn-0003,plain_cards,html/syn-0003__class_rename__02.html,construction_instruments,synthetic-v2-12to30,class_rename,syn-0003__class_rename__02,16,syn-0003__class_rename__02,https://synthetic-shop.local/search/syn-0003,3d4cd6d55c27f808fc423ff489064eb0d43e09f46f44ef8d6a7ec6f1e6888a8b,synthetic-shop.local,2,synthetic-shop.local,run-none22,,,ok,,,,16,16,16,False,,,,True,1,0,108c01aa901c0431750129cc5f58e6ff31a2c1a13a6b98a9e4baf8d3d5995daa,0,16,0,0,1.0,0.0,0.0,0,1,0,0,0,1.0,1.0,1.0,1.0,1.0,1.0,1.0,1.0,1.0
20261003T183020Z-b6869124,robustness,llm_full_html,syn-0003__class_rename__03,html/syn-0003__class_rename__03.html,,positive,True,16,16,16,0,0,1,16,0,0,16,0,0,16,0,0,robustness,html/syn-0003__class_rename__03.html,syn-0003__class_rename__03.html,run-none23,synthetic-shop.local,D:\Pet_Codes\science\article-price-tracker\synthetic\html\syn-0003__class_rename__03.html,https://synthetic-shop.local/search/syn-0003,https://synthetic-shop.local/search/syn-0003,,,,raw_html,,2fe4b106efe299a9982c26574f736c81e6ae1f15fe8e3a4793b980e634413e4e,2fe4b106efe299a9982c26574f736c81e6ae1f15fe8e3a4793b980e634413e4e,html/syn-0003__class_rename__03.html,syn-0003,plain_cards,html/syn-0003__class_rename__03.html,construction_instruments,synthetic-v2-12to30,class_rename,syn-0003__class_rename__03,16,syn-0003__class_rename__03,https://synthetic-shop.local/search/syn-0003,2fe4b106efe299a9982c26574f736c81e6ae1f15fe8e3a4793b980e634413e4e,synthetic-shop.local,3,synthetic-shop.local,run-none23,,,ok,,,,16,16,16,False,,,,True,1,0,7d2b7e6c76220241c57b2d775cb81bd8829276765ba61e2bd5ae285a19d19cc4,0,16,0,0,1.0,0.0,0.0,0,1,0,0,0,1.0,1.0,1.0,1.0,1.0,1.0,1.0,1.0,1.0
20261003T183020Z-b6869124,robustness,llm_full_html,syn-0003__wrapper_insert__01,html/syn-0003__wrapper_insert__01.html,,positive,True,16,16,16,0,0,1,16,0,0,16,0,0,16,0,0,robustness,html/syn-0003__wrapper_insert__01.html,syn-0003__wrapper_insert__01.html,run-none24,synthetic-shop.local,D:\Pet_Codes\science\article-price-tracker\synthetic\html\syn-0003__wrapper_insert__01.html,https://synthetic-shop.local/search/syn-0003,https://synthetic-shop.local/search/syn-0003,,,,raw_html,,90651b1721e7c10b5519cba220205463458d18969cb91bb89bf1bfb96fdde577,90651b1721e7c10b5519cba220205463458d18969cb91bb89bf1bfb96fdde577,html/syn-0003__wrapper_insert__01.html,syn-0003,plain_cards,html/syn-0003__wrapper_insert__01.html,construction_instruments,synthetic-v2-12to30,wrapper_insert,syn-0003__wrapper_insert__01,16,syn-0003__wrapper_insert__01,https://synthetic-shop.local/search/syn-0003,90651b1721e7c10b5519cba220205463458d18969cb91bb89bf1bfb96fdde577,synthetic-shop.local,1,synthetic-shop.local,run-none24,,,ok,,,,16,16,16,False,,,,True,1,0,aef68f01d17c440eb30fda749e6b9e6bd7af914495cd8ac6153a2fe454ea3f60,0,16,0,0,1.0,0.0,0.0,0,1,0,0,0,1.0,1.0,1.0,1.0,1.0,1.0,1.0,1.0,1.0
20261003T183020Z-b6869124,robustness,llm_full_html,syn-0003__wrapper_insert__02,html/syn-0003__wrapper_insert__02.html,,positive,True,16,16,16,0,0,1,16,0,0,16,0,0,16,0,0,robustness,html/syn-0003__wrapper_insert__02.html,syn-0003__wrapper_insert__02.html,run-none25,synthetic-shop.local,D:\Pet_Codes\science\article-price-tracker\synthetic\html\syn-0003__wrapper_insert__02.html,https://synthetic-shop.local/search/syn-0003,https://synthetic-shop.local/search/syn-0003,,,,raw_html,,ee466f79cb38d24807ea58a2896e5da11439f9baea8aa58bc568a3aab976a5f4,ee466f79cb38d24807ea58a2896e5da11439f9baea8aa58bc568a3aab976a5f4,html/syn-0003__wrapper_insert__02.html,syn-0003,plain_cards,html/syn-0003__wrapper_insert__02.html,construction_instruments,synthetic-v2-12to30,wrapper_insert,syn-0003__wrapper_insert__02,16,syn-0003__wrapper_insert__02,https://synthetic-shop.local/search/syn-0003,ee466f79cb38d24807ea58a2896e5da11439f9baea8aa58bc568a3aab976a5f4,synthetic-shop.local,2,synthetic-shop.local,run-none25,,,ok,,,,16,16,16,False,,,,True,1,0,a141d25d01de9089b8af88ec8ed8076143e4b09b3b2e2171dd3f990c0485d0d2,0,16,0,0,1.0,0.0,0.0,0,1,0,0,0,1.0,1.0,1.0,1.0,1.0,1.0,1.0,1.0,1.0
20261003T183020Z-b6869124,robustness,llm_full_html,syn-0003__wrapper_insert__03,html/syn-0003__wrapper_insert__03.html,,positive,True,16,16,16,0,0,1,16,0,0,16,0,0,16,0,0,robustness,html/syn-0003__wrapper_insert__03.html,syn-0003__wrapper_insert__03.html,run-none26,synthetic-shop.local,D:\Pet_Codes\science\article-price-tracker\synthetic\html\syn-0003__wrapper_insert__03.html,https://synthetic-shop.local/search/syn-0003,https://synthetic-shop.local/search/syn-0003,,,,raw_html,,9daa7b2341b791a7275b5a901fee3e384ba473e9e27f400c68500adc15586725,9daa7b2341b791a7275b5a901fee3e384ba473e9e27f400c68500adc15586725,html/syn-0003__wrapper_insert__03.html,syn-0003,plain_cards,html/syn-0003__wrapper_insert__03.html,construction_instruments,synthetic-v2-12to30,wrapper_insert,syn-0003__wrapper_insert__03,16,syn-0003__wrapper_insert__03,https://synthetic-shop.local/search/syn-0003,9daa7b2341b791a7275b5a901fee3e384ba473e9e27f400c68500adc15586725,synthetic-shop.local,3,synthetic-shop.local,run-none26,,,ok,,,,16,16,16,False,,,,True,1,0,ebed02230560ae605f859234db9fb1ee243a04e703025c989f8d052d978b94f7,0,16,0,0,1.0,0.0,0.0,0,1,0,0,0,1.0,1.0,1.0,1.0,1.0,1.0,1.0,1.0,1.0
20261003T183020Z-b6869124,robustness,llm_full_html,syn-0003__field_reorder__01,html/syn-0003__field_reorder__01.html,,positive,True,16,16,16,0,0,1,16,0,0,16,0,0,16,0,0,robustness,html/syn-0003__field_reorder__01.html,syn-0003__field_reorder__01.html,run-none27,synthetic-shop.local,D:\Pet_Codes\science\article-price-tracker\synthetic\html\syn-0003__field_reorder__01.html,https://synthetic-shop.local/search/syn-0003,https://synthetic-shop.local/search/syn-0003,,,,raw_html,,e78d8fa1181307f1d705c916be68483953f55f9d8780f06bcd99da4595ea75c5,e78d8fa1181307f1d705c916be68483953f55f9d8780f06bcd99da4595ea75c5,html/syn-0003__field_reorder__01.html,syn-0003,plain_cards,html/syn-0003__field_reorder__01.html,construction_instruments,synthetic-v2-12to30,field_reorder,syn-0003__field_reorder__01,16,syn-0003__field_reorder__01,https://synthetic-shop.local/search/syn-0003,e78d8fa1181307f1d705c916be68483953f55f9d8780f06bcd99da4595ea75c5,synthetic-shop.local,1,synthetic-shop.local,run-none27,,,ok,,,,16,16,16,False,,,,True,1,0,65e5646dbb50c0d31899cf519a17784aed86789af0ab801b71ff203e7eb6d7c3,0,16,0,0,1.0,0.0,0.0,0,1,0,0,0,1.0,1.0,1.0,1.0,1.0,1.0,1.0,1.0,1.0
20261003T183020Z-b6869124,robustness,llm_full_html,syn-0003__field_reorder__02,html/syn-0003__field_reorder__02.html,,positive,True,16,16,16,0,0,1,16,0,0,16,0,0,16,0,0,robustness,html/syn-0003__field_reorder__02.html,syn-0003__field_reorder__02.html,run-none28,synthetic-shop.local,D:\Pet_Codes\science\article-price-tracker\synthetic\html\syn-0003__field_reorder__02.html,https://synthetic-shop.local/search/syn-0003,https://synthetic-shop.local/search/syn-0003,,,,raw_html,,3250939c7d72254f799a5921a6bebdae5b2f0c0bf0e46d1434f3ed2acd7a7298,3250939c7d72254f799a5921a6bebdae5b2f0c0bf0e46d1434f3ed2acd7a7298,html/syn-0003__field_reorder__02.html,syn-0003,plain_cards,html/syn-0003__field_reorder__02.html,construction_instruments,synthetic-v2-12to30,field_reorder,syn-0003__field_reorder__02,16,syn-0003__field_reorder__02,https://synthetic-shop.local/search/syn-0003,3250939c7d72254f799a5921a6bebdae5b2f0c0bf0e46d1434f3ed2acd7a7298,synthetic-shop.local,2,synthetic-shop.local,run-none28,,,ok,,,,16,16,16,False,,,,True,1,0,bfacf67f1645cbaf238ff1dcd291bb1db98e01c1fd4ed8896cffd1225634dc70,0,16,0,0,1.0,0.0,0.0,0,1,0,0,0,1.0,1.0,1.0,1.0,1.0,1.0,1.0,1.0,1.0
20261003T183020Z-b6869124,robustness,llm_full_html,syn-0003__subtree_relocate__01,html/syn-0003__subtree_relocate__01.html,,positive,True,16,16,16,0,0,1,16,0,0,16,0,0,16,0,0,robustness,html/syn-0003__subtree_relocate__01.html,syn-0003__subtree_relocate__01.html,run-none29,synthetic-shop.local,D:\Pet_Codes\science\article-price-tracker\synthetic\html\syn-0003__subtree_relocate__01.html,https://synthetic-shop.local/search/syn-0003,https://synthetic-shop.local/search/syn-0003,,,,raw_html,,2c7dd0e86afefdc1f61402350b8c730310b9bf58c70b95c98c1a847b484ae474,2c7dd0e86afefdc1f61402350b8c730310b9bf58c70b95c98c1a847b484ae474,html/syn-0003__subtree_relocate__01.html,syn-0003,plain_cards,html/syn-0003__subtree_relocate__01.html,construction_instruments,synthetic-v2-12to30,subtree_relocate,syn-0003__subtree_relocate__01,16,syn-0003__subtree_relocate__01,https://synthetic-shop.local/search/syn-0003,2c7dd0e86afefdc1f61402350b8c730310b9bf58c70b95c98c1a847b484ae474,synthetic-shop.local,1,synthetic-shop.local,run-none29,,,ok,,,,16,16,16,False,,,,True,1,0,86ac1cdccb357faf4c4500761244f0660bb24d7417a116ab0a8dd1ab2096bec1,0,16,0,0,1.0,0.0,0.0,0,1,0,0,0,1.0,1.0,1.0,1.0,1.0,1.0,1.0,1.0,1.0
20261003T183020Z-b6869124,robustness,llm_full_html,syn-0003__subtree_relocate__02,html/syn-0003__subtree_relocate__02.html,,positive,True,16,16,16,0,0,1,16,0,0,16,0,0,16,0,0,robustness,html/syn-0003__subtree_relocate__02.html,syn-0003__subtree_relocate__02.html,run-none30,synthetic-shop.local,D:\Pet_Codes\science\article-price-tracker\synthetic\html\syn-0003__subtree_relocate__02.html,https://synthetic-shop.local/search/syn-0003,https://synthetic-shop.local/search/syn-0003,,,,raw_html,,00247ea539bd387c2576ef39f5eee993988768e739e57e28c609e211adcbbab2,00247ea539bd387c2576ef39f5eee993988768e739e57e28c609e211adcbbab2,html/syn-0003__subtree_relocate__02.html,syn-0003,plain_cards,html/syn-0003__subtree_relocate__02.html,construction_instruments,synthetic-v2-12to30,subtree_relocate,syn-0003__subtree_relocate__02,16,syn-0003__subtree_relocate__02,https://synthetic-shop.local/search/syn-0003,00247ea539bd387c2576ef39f5eee993988768e739e57e28c609e211adcbbab2,synthetic-shop.local,2,synthetic-shop.local,run-none30,,,ok,,,,16,16,16,False,,,,True,1,0,189cbff5d4cb98a525a4fb6b1f07b04d3fc95d24171379888490afb168173418,0,16,0,0,1.0,0.0,0.0,0,1,0,0,0,1.0,1.0,1.0,1.0,1.0,1.0,1.0,1.0,1.0
20261003T183020Z-b6869124,robustness,llm_full_html,syn-0004__class_rename__01,html/syn-0004__class_rename__01.html,,positive,True,26,26,26,0,0,1,26,0,0,26,0,0,26,0,0,robustness,html/syn-0004__class_rename__01.html,syn-0004__class_rename__01.html,run-none31,synthetic-shop.local,D:\Pet_Codes\science\article-price-tracker\synthetic\html\syn-0004__class_rename__01.html,https://synthetic-shop.local/search/syn-0004,https://synthetic-shop.local/search/syn-0004,,,,raw_html,,6e89039c7156a497afd98cee2188ad23ea9b812b9760077657751bfc31c1e6bc,6e89039c7156a497afd98cee2188ad23ea9b812b9760077657751bfc31c1e6bc,html/syn-0004__class_rename__01.html,syn-0004,embedded_state,html/syn-0004__class_rename__01.html,construction_instruments,synthetic-v2-12to30,class_rename,syn-0004__class_rename__01,26,syn-0004__class_rename__01,https://synthetic-shop.local/search/syn-0004,6e89039c7156a497afd98cee2188ad23ea9b812b9760077657751bfc31c1e6bc,synthetic-shop.local,1,synthetic-shop.local,run-none31,,,ok,,,,26,26,26,False,,,,True,1,0,ac72fdb0d8055776a2eb065efe89f4d1802419728ce7a6ad8793817c8ec12772,0,26,0,0,1.0,0.0,0.0,0,1,0,0,0,1.0,1.0,1.0,1.0,1.0,1.0,1.0,1.0,1.0
20261003T183020Z-b6869124,robustness,llm_full_html,syn-0004__class_rename__02,html/syn-0004__class_rename__02.html,,positive,True,26,26,26,0,0,1,26,0,0,26,0,0,26,0,0,robustness,html/syn-0004__class_rename__02.html,syn-0004__class_rename__02.html,run-none32,synthetic-shop.local,D:\Pet_Codes\science\article-price-tracker\synthetic\html\syn-0004__class_rename__02.html,https://synthetic-shop.local/search/syn-0004,https://synthetic-shop.local/search/syn-0004,,,,raw_html,,4cf1a8f7e14373d9499805d2108fd1b04c2d0ff23678d64872ef0db095a27754,4cf1a8f7e14373d9499805d2108fd1b04c2d0ff23678d64872ef0db095a27754,html/syn-0004__class_rename__02.html,syn-0004,embedded_state,html/syn-0004__class_rename__02.html,construction_instruments,synthetic-v2-12to30,class_rename,syn-0004__class_rename__02,26,syn-0004__class_rename__02,https://synthetic-shop.local/search/syn-0004,4cf1a8f7e14373d9499805d2108fd1b04c2d0ff23678d64872ef0db095a27754,synthetic-shop.local,2,synthetic-shop.local,run-none32,,,ok,,,,26,26,26,False,,,,True,1,0,a72fd514a213ceb7dbbb5177c4c096edcf8b1097b68f2346207b7002940de923,0,26,0,0,1.0,0.0,0.0,0,1,0,0,0,1.0,1.0,1.0,1.0,1.0,1.0,1.0,1.0,1.0
20261003T183020Z-b6869124,robustness,llm_full_html,syn-0004__class_rename__03,html/syn-0004__class_rename__03.html,,positive,True,26,26,26,0,0,1,26,0,0,26,0,0,26,0,0,robustness,html/syn-0004__class_rename__03.html,syn-0004__class_rename__03.html,run-none33,synthetic-shop.local,D:\Pet_Codes\science\article-price-tracker\synthetic\html\syn-0004__class_rename__03.html,https://synthetic-shop.local/search/syn-0004,https://synthetic-shop.local/search/syn-0004,,,,raw_html,,465a8feb526f6fb7b4fb046bdca237d6fd955e2c6b6282a2c4446238ddbcae54,465a8feb526f6fb7b4fb046bdca237d6fd955e2c6b6282a2c4446238ddbcae54,html/syn-0004__class_rename__03.html,syn-0004,embedded_state,html/syn-0004__class_rename__03.html,construction_instruments,synthetic-v2-12to30,class_rename,syn-0004__class_rename__03,26,syn-0004__class_rename__03,https://synthetic-shop.local/search/syn-0004,465a8feb526f6fb7b4fb046bdca237d6fd955e2c6b6282a2c4446238ddbcae54,synthetic-shop.local,3,synthetic-shop.local,run-none33,,,ok,,,,26,26,26,False,,,,True,1,0,2833b3bfd1f908bbf83323d03243f4a4549f63ce7e26a7ae70f9653d8665dcca,0,26,0,0,1.0,0.0,0.0,0,1,0,0,0,1.0,1.0,1.0,1.0,1.0,1.0,1.0,1.0,1.0
20261003T183020Z-b6869124,robustness,llm_full_html,syn-0004__wrapper_insert__01,html/syn-0004__wrapper_insert__01.html,,positive,True,26,26,26,0,0,1,26,0,0,26,0,0,26,0,0,robustness,html/syn-0004__wrapper_insert__01.html,syn-0004__wrapper_insert__01.html,run-none34,synthetic-shop.local,D:\Pet_Codes\science\article-price-tracker\synthetic\html\syn-0004__wrapper_insert__01.html,https://synthetic-shop.local/search/syn-0004,https://synthetic-shop.local/search/syn-0004,,,,raw_html,,8137fe9b4b855d758c6a48ea3a51d678df245b5ae79d6d8a7a06f38ca86bc885,8137fe9b4b855d758c6a48ea3a51d678df245b5ae79d6d8a7a06f38ca86bc885,html/syn-0004__wrapper_insert__01.html,syn-0004,embedded_state,html/syn-0004__wrapper_insert__01.html,construction_instruments,synthetic-v2-12to30,wrapper_insert,syn-0004__wrapper_insert__01,26,syn-0004__wrapper_insert__01,https://synthetic-shop.local/search/syn-0004,8137fe9b4b855d758c6a48ea3a51d678df245b5ae79d6d8a7a06f38ca86bc885,synthetic-shop.local,1,synthetic-shop.local,run-none34,,,ok,,,,26,26,26,False,,,,True,1,0,07f16a82f0d1a3162f6f479e05a0f6d1f597657622cea5c7ded653e408901c89,0,26,0,0,1.0,0.0,0.0,0,1,0,0,0,1.0,1.0,1.0,1.0,1.0,1.0,1.0,1.0,1.0
20261003T183020Z-b6869124,robustness,llm_full_html,syn-0004__wrapper_insert__02,html/syn-0004__wrapper_insert__02.html,,positive,True,26,26,26,0,0,1,26,0,0,26,0,0,26,0,0,robustness,html/syn-0004__wrapper_insert__02.html,syn-0004__wrapper_insert__02.html,run-none35,synthetic-shop.local,D:\Pet_Codes\science\article-price-tracker\synthetic\html\syn-0004__wrapper_insert__02.html,https://synthetic-shop.local/search/syn-0004,https://synthetic-shop.local/search/syn-0004,,,,raw_html,,9f2f24ec04f769e341be4e93439f2316f2504c56ddd567da647e4b9a40a5b5d8,9f2f24ec04f769e341be4e93439f2316f2504c56ddd567da647e4b9a40a5b5d8,html/syn-0004__wrapper_insert__02.html,syn-0004,embedded_state,html/syn-0004__wrapper_insert__02.html,construction_instruments,synthetic-v2-12to30,wrapper_insert,syn-0004__wrapper_insert__02,26,syn-0004__wrapper_insert__02,https://synthetic-shop.local/search/syn-0004,9f2f24ec04f769e341be4e93439f2316f2504c56ddd567da647e4b9a40a5b5d8,synthetic-shop.local,2,synthetic-shop.local,run-none35,,,ok,,,,26,26,26,False,,,,True,1,0,ba8aaa300ccea58f5cd5f9fa6a9d84cfe78a21fcaba07ea5973631494b33d52d,0,26,0,0,1.0,0.0,0.0,0,1,0,0,0,1.0,1.0,1.0,1.0,1.0,1.0,1.0,1.0,1.0
20261003T183020Z-b6869124,robustness,llm_full_html,syn-0004__wrapper_insert__03,html/syn-0004__wrapper_insert__03.html,,positive,True,26,26,26,0,0,1,26,0,0,26,0,0,26,0,0,robustness,html/syn-0004__wrapper_insert__03.html,syn-0004__wrapper_insert__03.html,run-none36,synthetic-shop.local,D:\Pet_Codes\science\article-price-tracker\synthetic\html\syn-0004__wrapper_insert__03.html,https://synthetic-shop.local/search/syn-0004,https://synthetic-shop.local/search/syn-0004,,,,raw_html,,1d373888ace035aeaa9f6782e37e77b0d9e9713ed94b9e6508893191eb6c0a13,1d373888ace035aeaa9f6782e37e77b0d9e9713ed94b9e6508893191eb6c0a13,html/syn-0004__wrapper_insert__03.html,syn-0004,embedded_state,html/syn-0004__wrapper_insert__03.html,construction_instruments,synthetic-v2-12to30,wrapper_insert,syn-0004__wrapper_insert__03,26,syn-0004__wrapper_insert__03,https://synthetic-shop.local/search/syn-0004,1d373888ace035aeaa9f6782e37e77b0d9e9713ed94b9e6508893191eb6c0a13,synthetic-shop.local,3,synthetic-shop.local,run-none36,,,ok,,,,26,26,26,False,,,,True,1,0,cfb6bb2bba5666dc8704c3e1d1973a5b25a3bfefe28d14eaa235cbafa8f876ba,0,26,0,0,1.0,0.0,0.0,0,1,0,0,0,1.0,1.0,1.0,1.0,1.0,1.0,1.0,1.0,1.0
20261003T183020Z-b6869124,robustness,llm_full_html,syn-0004__field_reorder__01,html/syn-0004__field_reorder__01.html,,positive,True,26,26,26,0,0,1,26,0,0,26,0,0,26,0,0,robustness,html/syn-0004__field_reorder__01.html,syn-0004__field_reorder__01.html,run-none37,synthetic-shop.local,D:\Pet_Codes\science\article-price-tracker\synthetic\html\syn-0004__field_reorder__01.html,https://synthetic-shop.local/search/syn-0004,https://synthetic-shop.local/search/syn-0004,,,,raw_html,,9a477ebd1b50f24acf9309a68bd65234e0eb669f1e99a1629138482cae4d5f42,9a477ebd1b50f24acf9309a68bd65234e0eb669f1e99a1629138482cae4d5f42,html/syn-0004__field_reorder__01.html,syn-0004,embedded_state,html/syn-0004__field_reorder__01.html,construction_instruments,synthetic-v2-12to30,field_reorder,syn-0004__field_reorder__01,26,syn-0004__field_reorder__01,https://synthetic-shop.local/search/syn-0004,9a477ebd1b50f24acf9309a68bd65234e0eb669f1e99a1629138482cae4d5f42,synthetic-shop.local,1,synthetic-shop.local,run-none37,,,ok,,,,26,26,26,False,,,,True,1,0,f695ac58b7e48e81639975448d73980b528999188cda8fce1599ee881c26870f,0,26,0,0,1.0,0.0,0.0,0,1,0,0,0,1.0,1.0,1.0,1.0,1.0,1.0,1.0,1.0,1.0
20261003T183020Z-b6869124,robustness,llm_full_html,syn-0004__field_reorder__02,html/syn-0004__field_reorder__02.html,,positive,True,26,26,26,0,0,1,26,0,0,26,0,0,26,0,0,robustness,html/syn-0004__field_reorder__02.html,syn-0004__field_reorder__02.html,run-none38,synthetic-shop.local,D:\Pet_Codes\science\article-price-tracker\synthetic\html\syn-0004__field_reorder__02.html,https://synthetic-shop.local/search/syn-0004,https://synthetic-shop.local/search/syn-0004,,,,raw_html,,48b1169273be54fff1d83e193a076c0b5d38dc131e3fef4ef53bad5c6ecd3318,48b1169273be54fff1d83e193a076c0b5d38dc131e3fef4ef53bad5c6ecd3318,html/syn-0004__field_reorder__02.html,syn-0004,embedded_state,html/syn-0004__field_reorder__02.html,construction_instruments,synthetic-v2-12to30,field_reorder,syn-0004__field_reorder__02,26,syn-0004__field_reorder__02,https://synthetic-shop.local/search/syn-0004,48b1169273be54fff1d83e193a076c0b5d38dc131e3fef4ef53bad5c6ecd3318,synthetic-shop.local,2,synthetic-shop.local,run-none38,,,ok,,,,26,26,26,False,,,,True,1,0,0a647fbebc5a47e960b832397023bd6ab474f23ca1e5cc7c3e57e34642f41883,0,26,0,0,1.0,0.0,0.0,0,1,0,0,0,1.0,1.0,1.0,1.0,1.0,1.0,1.0,1.0,1.0
20261003T183020Z-b6869124,robustness,llm_full_html,syn-0004__subtree_relocate__01,html/syn-0004__subtree_relocate__01.html,,positive,True,26,26,26,0,0,1,26,0,0,26,0,0,26,0,0,robustness,html/syn-0004__subtree_relocate__01.html,syn-0004__subtree_relocate__01.html,run-none39,synthetic-shop.local,D:\Pet_Codes\science\article-price-tracker\synthetic\html\syn-0004__subtree_relocate__01.html,https://synthetic-shop.local/search/syn-0004,https://synthetic-shop.local/search/syn-0004,,,,raw_html,,519ac684c5f508264377e617c7fd873a2badfd3bba29ff4515ee69571855f695,519ac684c5f508264377e617c7fd873a2badfd3bba29ff4515ee69571855f695,html/syn-0004__subtree_relocate__01.html,syn-0004,embedded_state,html/syn-0004__subtree_relocate__01.html,construction_instruments,synthetic-v2-12to30,subtree_relocate,syn-0004__subtree_relocate__01,26,syn-0004__subtree_relocate__01,https://synthetic-shop.local/search/syn-0004,519ac684c5f508264377e617c7fd873a2badfd3bba29ff4515ee69571855f695,synthetic-shop.local,1,synthetic-shop.local,run-none39,,,ok,,,,26,26,26,False,,,,True,1,0,8f1935801892f1074fd0355da65049654892c5eb18b2e30f79fbf19c06c7177d,0,26,0,0,1.0,0.0,0.0,0,1,0,0,0,1.0,1.0,1.0,1.0,1.0,1.0,1.0,1.0,1.0
20261003T183020Z-b6869124,robustness,llm_full_html,syn-0004__subtree_relocate__02,html/syn-0004__subtree_relocate__02.html,,positive,True,26,26,26,0,0,1,26,0,0,26,0,0,26,0,0,robustness,html/syn-0004__subtree_relocate__02.html,syn-0004__subtree_relocate__02.html,run-none40,synthetic-shop.local,D:\Pet_Codes\science\article-price-tracker\synthetic\html\syn-0004__subtree_relocate__02.html,https://synthetic-shop.local/search/syn-0004,https://synthetic-shop.local/search/syn-0004,,,,raw_html,,59ce238d8198b064358fd0c38e48f4e7fa6ff924cb78c006a2cc89d26b879bb9,59ce238d8198b064358fd0c38e48f4e7fa6ff924cb78c006a2cc89d26b879bb9,html/syn-0004__subtree_relocate__02.html,syn-0004,embedded_state,html/syn-0004__subtree_relocate__02.html,construction_instruments,synthetic-v2-12to30,subtree_relocate,syn-0004__subtree_relocate__02,26,syn-0004__subtree_relocate__02,https://synthetic-shop.local/search/syn-0004,59ce238d8198b064358fd0c38e48f4e7fa6ff924cb78c006a2cc89d26b879bb9,synthetic-shop.local,2,synthetic-shop.local,run-none40,,,ok,,,,26,26,26,False,,,,True,1,0,7643f1b9e1fe8113a0eb94ee9fb16dffef12639e2bbde9165598a512389d3ae9,0,26,0,0,1.0,0.0,0.0,0,1,0,0,0,1.0,1.0,1.0,1.0,1.0,1.0,1.0,1.0,1.0
20261003T183020Z-b6869124,robustness,llm_full_html,syn-0005__class_rename__01,html/syn-0005__class_rename__01.html,,positive,True,14,14,14,0,0,1,14,0,0,14,0,0,14,0,0,robustness,html/syn-0005__class_rename__01.html,syn-0005__class_rename__01.html,run-none41,synthetic-shop.local,D:\Pet_Codes\science\article-price-tracker\synthetic\html\syn-0005__class_rename__01.html,https://synthetic-shop.local/search/syn-0005,https://synthetic-shop.local/search/syn-0005,,,,raw_html,,a6a125c7511a44e9fb6c1101192a250d29228d09ee641fc620c515bbb4c62573,a6a125c7511a44e9fb6c1101192a250d29228d09ee641fc620c515bbb4c62573,html/syn-0005__class_rename__01.html,syn-0005,detail_grid,html/syn-0005__class_rename__01.html,construction_instruments,synthetic-v2-12to30,class_rename,syn-0005__class_rename__01,14,syn-0005__class_rename__01,https://synthetic-shop.local/search/syn-0005,a6a125c7511a44e9fb6c1101192a250d29228d09ee641fc620c515bbb4c62573,synthetic-shop.local,1,synthetic-shop.local,run-none41,,,ok,,,,14,14,14,False,,,,True,1,0,c0d48668fe59d6ff1134148a44da24bf16024eca3ff4459b81e3fe035ff44f4e,0,14,0,0,1.0,0.0,0.0,0,1,0,0,0,1.0,1.0,1.0,1.0,1.0,1.0,1.0,1.0,1.0
20261003T183020Z-b6869124,robustness,llm_full_html,syn-0005__class_rename__02,html/syn-0005__class_rename__02.html,,positive,True,14,14,14,0,0,1,14,0,0,14,0,0,14,0,0,robustness,html/syn-0005__class_rename__02.html,syn-0005__class_rename__02.html,run-none42,synthetic-shop.local,D:\Pet_Codes\science\article-price-tracker\synthetic\html\syn-0005__class_rename__02.html,https://synthetic-shop.local/search/syn-0005,https://synthetic-shop.local/search/syn-0005,,,,raw_html,,90b6f25ec5dbdb40dced5efee41d5574ed483c0c83b11be7e93e0de427865bd3,90b6f25ec5dbdb40dced5efee41d5574ed483c0c83b11be7e93e0de427865bd3,html/syn-0005__class_rename__02.html,syn-0005,detail_grid,html/syn-0005__class_rename__02.html,construction_instruments,synthetic-v2-12to30,class_rename,syn-0005__class_rename__02,14,syn-0005__class_rename__02,https://synthetic-shop.local/search/syn-0005,90b6f25ec5dbdb40dced5efee41d5574ed483c0c83b11be7e93e0de427865bd3,synthetic-shop.local,2,synthetic-shop.local,run-none42,,,ok,,,,14,14,14,False,,,,True,1,0,0b16d160012c86e9c0fdcf8952f750525684fd81227d2d679721aac22ca2f958,0,14,0,0,1.0,0.0,0.0,0,1,0,0,0,1.0,1.0,1.0,1.0,1.0,1.0,1.0,1.0,1.0
20261003T183020Z-b6869124,robustness,llm_full_html,syn-0005__class_rename__03,html/syn-0005__class_rename__03.html,,positive,True,14,14,14,0,0,1,14,0,0,14,0,0,14,0,0,robustness,html/syn-0005__class_rename__03.html,syn-0005__class_rename__03.html,run-none43,synthetic-shop.local,D:\Pet_Codes\science\article-price-tracker\synthetic\html\syn-0005__class_rename__03.html,https://synthetic-shop.local/search/syn-0005,https://synthetic-shop.local/search/syn-0005,,,,raw_html,,46bc6341fdfe0947c27c0d29a7a26e7cf971ded28b67cd41102b477df303de24,46bc6341fdfe0947c27c0d29a7a26e7cf971ded28b67cd41102b477df303de24,html/syn-0005__class_rename__03.html,syn-0005,detail_grid,html/syn-0005__class_rename__03.html,construction_instruments,synthetic-v2-12to30,class_rename,syn-0005__class_rename__03,14,syn-0005__class_rename__03,https://synthetic-shop.local/search/syn-0005,46bc6341fdfe0947c27c0d29a7a26e7cf971ded28b67cd41102b477df303de24,synthetic-shop.local,3,synthetic-shop.local,run-none43,,,ok,,,,14,14,14,False,,,,True,1,0,dcabb05b229baf443e13aa4f148c4929eba6ead6f335b54e5f7a958ab9bd3ab8,0,14,0,0,1.0,0.0,0.0,0,1,0,0,0,1.0,1.0,1.0,1.0,1.0,1.0,1.0,1.0,1.0
20261003T183020Z-b6869124,robustness,llm_full_html,syn-0005__wrapper_insert__01,html/syn-0005__wrapper_insert__01.html,,positive,True,14,14,14,0,0,1,14,0,0,14,0,0,14,0,0,robustness,html/syn-0005__wrapper_insert__01.html,syn-0005__wrapper_insert__01.html,run-none44,synthetic-shop.local,D:\Pet_Codes\science\article-price-tracker\synthetic\html\syn-0005__wrapper_insert__01.html,https://synthetic-shop.local/search/syn-0005,https://synthetic-shop.local/search/syn-0005,,,,raw_html,,b8531a374be6ddd19ff78ee9f2fcbc56969c1b5aef5c179b0055952b6167f0d5,b8531a374be6ddd19ff78ee9f2fcbc56969c1b5aef5c179b0055952b6167f0d5,html/syn-0005__wrapper_insert__01.html,syn-0005,detail_grid,html/syn-0005__wrapper_insert__01.html,construction_instruments,synthetic-v2-12to30,wrapper_insert,syn-0005__wrapper_insert__01,14,syn-0005__wrapper_insert__01,https://synthetic-shop.local/search/syn-0005,b8531a374be6ddd19ff78ee9f2fcbc56969c1b5aef5c179b0055952b6167f0d5,synthetic-shop.local,1,synthetic-shop.local,run-none44,,,ok,,,,14,14,14,False,,,,True,1,0,e8aef2b5c03410ea95617e896020a6902a6ebbb7fd419981cbfce9baadd25e8f,0,14,0,0,1.0,0.0,0.0,0,1,0,0,0,1.0,1.0,1.0,1.0,1.0,1.0,1.0,1.0,1.0
20261003T183020Z-b6869124,robustness,llm_full_html,syn-0005__wrapper_insert__02,html/syn-0005__wrapper_insert__02.html,,positive,True,14,14,14,0,0,1,14,0,0,14,0,0,14,0,0,robustness,html/syn-0005__wrapper_insert__02.html,syn-0005__wrapper_insert__02.html,run-none45,synthetic-shop.local,D:\Pet_Codes\science\article-price-tracker\synthetic\html\syn-0005__wrapper_insert__02.html,https://synthetic-shop.local/search/syn-0005,https://synthetic-shop.local/search/syn-0005,,,,raw_html,,a133baaab301a9ceed989b6adb5211d4ba32da767f4397bdb8b112a1fe8e116c,a133baaab301a9ceed989b6adb5211d4ba32da767f4397bdb8b112a1fe8e116c,html/syn-0005__wrapper_insert__02.html,syn-0005,detail_grid,html/syn-0005__wrapper_insert__02.html,construction_instruments,synthetic-v2-12to30,wrapper_insert,syn-0005__wrapper_insert__02,14,syn-0005__wrapper_insert__02,https://synthetic-shop.local/search/syn-0005,a133baaab301a9ceed989b6adb5211d4ba32da767f4397bdb8b112a1fe8e116c,synthetic-shop.local,2,synthetic-shop.local,run-none45,,,ok,,,,14,14,14,False,,,,True,1,0,caefc4e18dcec925bffdd965fea4acff58055736157cb34ef5a5f03783434919,0,14,0,0,1.0,0.0,0.0,0,1,0,0,0,1.0,1.0,1.0,1.0,1.0,1.0,1.0,1.0,1.0
20261003T183020Z-b6869124,robustness,llm_full_html,syn-0005__wrapper_insert__03,html/syn-0005__wrapper_insert__03.html,,positive,True,14,14,14,0,0,1,14,0,0,14,0,0,14,0,0,robustness,html/syn-0005__wrapper_insert__03.html,syn-0005__wrapper_insert__03.html,run-none46,synthetic-shop.local,D:\Pet_Codes\science\article-price-tracker\synthetic\html\syn-0005__wrapper_insert__03.html,https://synthetic-shop.local/search/syn-0005,https://synthetic-shop.local/search/syn-0005,,,,raw_html,,d640992c21a0139c7c5215ded3ce856cde6d80615ef059d9a02ff75d17cbf81d,d640992c21a0139c7c5215ded3ce856cde6d80615ef059d9a02ff75d17cbf81d,html/syn-0005__wrapper_insert__03.html,syn-0005,detail_grid,html/syn-0005__wrapper_insert__03.html,construction_instruments,synthetic-v2-12to30,wrapper_insert,syn-0005__wrapper_insert__03,14,syn-0005__wrapper_insert__03,https://synthetic-shop.local/search/syn-0005,d640992c21a0139c7c5215ded3ce856cde6d80615ef059d9a02ff75d17cbf81d,synthetic-shop.local,3,synthetic-shop.local,run-none46,,,ok,,,,14,14,14,False,,,,True,1,0,792b250741befaa9bc4e1299c594b4c0d2666d62ef1bba13310dbcb54daf4cb0,0,14,0,0,1.0,0.0,0.0,0,1,0,0,0,1.0,1.0,1.0,1.0,1.0,1.0,1.0,1.0,1.0
20261003T183020Z-b6869124,robustness,llm_full_html,syn-0005__field_reorder__01,html/syn-0005__field_reorder__01.html,,positive,True,14,14,14,0,0,1,14,0,0,14,0,0,14,0,0,robustness,html/syn-0005__field_reorder__01.html,syn-0005__field_reorder__01.html,run-none47,synthetic-shop.local,D:\Pet_Codes\science\article-price-tracker\synthetic\html\syn-0005__field_reorder__01.html,https://synthetic-shop.local/search/syn-0005,https://synthetic-shop.local/search/syn-0005,,,,raw_html,,3dcdbe14ae0ba34f5097da05784f9d58f03964d8fcbdabc9665fd4da07414d76,3dcdbe14ae0ba34f5097da05784f9d58f03964d8fcbdabc9665fd4da07414d76,html/syn-0005__field_reorder__01.html,syn-0005,detail_grid,html/syn-0005__field_reorder__01.html,construction_instruments,synthetic-v2-12to30,field_reorder,syn-0005__field_reorder__01,14,syn-0005__field_reorder__01,https://synthetic-shop.local/search/syn-0005,3dcdbe14ae0ba34f5097da05784f9d58f03964d8fcbdabc9665fd4da07414d76,synthetic-shop.local,1,synthetic-shop.local,run-none47,,,ok,,,,14,14,14,False,,,,True,1,0,4a27ac478d2850f750303683ea5e3350f09495a325add4b03842e39a8552681a,0,14,0,0,1.0,0.0,0.0,0,1,0,0,0,1.0,1.0,1.0,1.0,1.0,1.0,1.0,1.0,1.0
20261003T183020Z-b6869124,robustness,llm_full_html,syn-0005__field_reorder__02,html/syn-0005__field_reorder__02.html,,positive,True,14,14,14,0,0,1,14,0,0,14,0,0,14,0,0,robustness,html/syn-0005__field_reorder__02.html,syn-0005__field_reorder__02.html,run-none48,synthetic-shop.local,D:\Pet_Codes\science\article-price-tracker\synthetic\html\syn-0005__field_reorder__02.html,https://synthetic-shop.local/search/syn-0005,https://synthetic-shop.local/search/syn-0005,,,,raw_html,,b92f58df6fa48ce94c63d279e9c277febb26d2c12d60f7cbb7639b4480f7f082,b92f58df6fa48ce94c63d279e9c277febb26d2c12d60f7cbb7639b4480f7f082,html/syn-0005__field_reorder__02.html,syn-0005,detail_grid,html/syn-0005__field_reorder__02.html,construction_instruments,synthetic-v2-12to30,field_reorder,syn-0005__field_reorder__02,14,syn-0005__field_reorder__02,https://synthetic-shop.local/search/syn-0005,b92f58df6fa48ce94c63d279e9c277febb26d2c12d60f7cbb7639b4480f7f082,synthetic-shop.local,2,synthetic-shop.local,run-none48,,,ok,,,,14,14,14,False,,,,True,1,0,c213321b990e3680d1d54963d5c0baebcf0731a49f936337490cca40f6f2704b,0,14,0,0,1.0,0.0,0.0,0,1,0,0,0,1.0,1.0,1.0,1.0,1.0,1.0,1.0,1.0,1.0
20261003T183020Z-b6869124,robustness,llm_full_html,syn-0005__subtree_relocate__01,html/syn-0005__subtree_relocate__01.html,,positive,True,14,14,14,0,0,1,14,0,0,14,0,0,14,0,0,robustness,html/syn-0005__subtree_relocate__01.html,syn-0005__subtree_relocate__01.html,run-none49,synthetic-shop.local,D:\Pet_Codes\science\article-price-tracker\synthetic\html\syn-0005__subtree_relocate__01.html,https://synthetic-shop.local/search/syn-0005,https://synthetic-shop.local/search/syn-0005,,,,raw_html,,4e431c15ac2dc39f81f45a5998cd8319eec69245bf53b39658a8877c0e82cd95,4e431c15ac2dc39f81f45a5998cd8319eec69245bf53b39658a8877c0e82cd95,html/syn-0005__subtree_relocate__01.html,syn-0005,detail_grid,html/syn-0005__subtree_relocate__01.html,construction_instruments,synthetic-v2-12to30,subtree_relocate,syn-0005__subtree_relocate__01,14,syn-0005__subtree_relocate__01,https://synthetic-shop.local/search/syn-0005,4e431c15ac2dc39f81f45a5998cd8319eec69245bf53b39658a8877c0e82cd95,synthetic-shop.local,1,synthetic-shop.local,run-none49,,,ok,,,,14,14,14,False,,,,True,1,0,558b7a86d05198c5f3fed7a713add17f42804616b6fa9234ee44b6b46744a502,0,14,0,0,1.0,0.0,0.0,0,1,0,0,0,1.0,1.0,1.0,1.0,1.0,1.0,1.0,1.0,1.0
20261003T183020Z-b6869124,robustness,llm_full_html,syn-0005__subtree_relocate__02,html/syn-0005__subtree_relocate__02.html,,positive,True,14,14,14,0,0,1,14,0,0,14,0,0,14,0,0,robustness,html/syn-0005__subtree_relocate__02.html,syn-0005__subtree_relocate__02.html,run-none50,synthetic-shop.local,D:\Pet_Codes\science\article-price-tracker\synthetic\html\syn-0005__subtree_relocate__02.html,https://synthetic-shop.local/search/syn-0005,https://synthetic-shop.local/search/syn-0005,,,,raw_html,,c78b66a199c43847a4c3e9a7c4b376d53ce092389554575e2cd99e7465c92f3b,c78b66a199c43847a4c3e9a7c4b376d53ce092389554575e2cd99e7465c92f3b,html/syn-0005__subtree_relocate__02.html,syn-0005,detail_grid,html/syn-0005__subtree_relocate__02.html,construction_instruments,synthetic-v2-12to30,subtree_relocate,syn-0005__subtree_relocate__02,14,syn-0005__subtree_relocate__02,https://synthetic-shop.local/search/syn-0005,c78b66a199c43847a4c3e9a7c4b376d53ce092389554575e2cd99e7465c92f3b,synthetic-shop.local,2,synthetic-shop.local,run-none50,,,ok,,,,14,14,14,False,,,,True,1,0,8abd5f6bedf408ecae9f8751b881155ae484cb4e9fb7bd202dcea3b3e6ef0fd7,0,14,0,0,1.0,0.0,0.0,0,1,0,0,0,1.0,1.0,1.0,1.0,1.0,1.0,1.0,1.0,1.0
20261003T183020Z-b6869124,robustness,llm_full_html,syn-0006__class_rename__01,html/syn-0006__class_rename__01.html,,positive,True,28,28,28,0,0,1,28,0,0,28,0,0,28,0,0,robustness,html/syn-0006__class_rename__01.html,syn-0006__class_rename__01.html,run-none51,synthetic-shop.local,D:\Pet_Codes\science\article-price-tracker\synthetic\html\syn-0006__class_rename__01.html,https://synthetic-shop.local/search/syn-0006,https://synthetic-shop.local/search/syn-0006,,,,raw_html,,6c379cb5f6d9fdd9924d33147779a1c594a99a3d9ec8bb5388a2569f6cdb1d22,6c379cb5f6d9fdd9924d33147779a1c594a99a3d9ec8bb5388a2569f6cdb1d22,html/syn-0006__class_rename__01.html,syn-0006,table_listing,html/syn-0006__class_rename__01.html,construction_instruments,synthetic-v2-12to30,class_rename,syn-0006__class_rename__01,28,syn-0006__class_rename__01,https://synthetic-shop.local/search/syn-0006,6c379cb5f6d9fdd9924d33147779a1c594a99a3d9ec8bb5388a2569f6cdb1d22,synthetic-shop.local,1,synthetic-shop.local,run-none51,,,ok,,,,28,28,28,False,,,,True,1,0,a1c969d6da9ea10c2abaa1af449a630e323608693be2a2562017bd5901a0bb7a,0,28,0,0,1.0,0.0,0.0,0,1,0,0,0,1.0,1.0,1.0,1.0,1.0,1.0,1.0,1.0,1.0
20261003T183020Z-b6869124,robustness,llm_full_html,syn-0006__class_rename__02,html/syn-0006__class_rename__02.html,,positive,True,28,28,28,0,0,1,28,0,0,28,0,0,28,0,0,robustness,html/syn-0006__class_rename__02.html,syn-0006__class_rename__02.html,run-none52,synthetic-shop.local,D:\Pet_Codes\science\article-price-tracker\synthetic\html\syn-0006__class_rename__02.html,https://synthetic-shop.local/search/syn-0006,https://synthetic-shop.local/search/syn-0006,,,,raw_html,,a7b713bbf5e66e1981e46d924ca40d7e0557d3e1ac86eb70773e95965424a7ad,a7b713bbf5e66e1981e46d924ca40d7e0557d3e1ac86eb70773e95965424a7ad,html/syn-0006__class_rename__02.html,syn-0006,table_listing,html/syn-0006__class_rename__02.html,construction_instruments,synthetic-v2-12to30,class_rename,syn-0006__class_rename__02,28,syn-0006__class_rename__02,https://synthetic-shop.local/search/syn-0006,a7b713bbf5e66e1981e46d924ca40d7e0557d3e1ac86eb70773e95965424a7ad,synthetic-shop.local,2,synthetic-shop.local,run-none52,,,ok,,,,28,28,28,False,,,,True,1,0,c3fa74fe4d864a59ca01ff7e6daa0ea0509d560febb38c471d1fb4efefc99bb2,0,28,0,0,1.0,0.0,0.0,0,1,0,0,0,1.0,1.0,1.0,1.0,1.0,1.0,1.0,1.0,1.0
20261003T183020Z-b6869124,robustness,llm_full_html,syn-0006__class_rename__03,html/syn-0006__class_rename__03.html,,positive,True,28,28,28,0,0,1,28,0,0,28,0,0,28,0,0,robustness,html/syn-0006__class_rename__03.html,syn-0006__class_rename__03.html,run-none53,synthetic-shop.local,D:\Pet_Codes\science\article-price-tracker\synthetic\html\syn-0006__class_rename__03.html,https://synthetic-shop.local/search/syn-0006,https://synthetic-shop.local/search/syn-0006,,,,raw_html,,666def829196711fe266e0da351c3b8da1a236ea5162ec68128291ad15f7cda4,666def829196711fe266e0da351c3b8da1a236ea5162ec68128291ad15f7cda4,html/syn-0006__class_rename__03.html,syn-0006,table_listing,html/syn-0006__class_rename__03.html,construction_instruments,synthetic-v2-12to30,class_rename,syn-0006__class_rename__03,28,syn-0006__class_rename__03,https://synthetic-shop.local/search/syn-0006,666def829196711fe266e0da351c3b8da1a236ea5162ec68128291ad15f7cda4,synthetic-shop.local,3,synthetic-shop.local,run-none53,,,ok,,,,28,28,28,False,,,,True,1,0,5d64e0695ec7beb7d69d3e6b37c20185df4c483185d745e1c5e93e88ee4b2cbe,0,28,0,0,1.0,0.0,0.0,0,1,0,0,0,1.0,1.0,1.0,1.0,1.0,1.0,1.0,1.0,1.0
20261003T183020Z-b6869124,robustness,llm_full_html,syn-0006__wrapper_insert__01,html/syn-0006__wrapper_insert__01.html,,positive,True,28,28,28,0,0,1,28,0,0,28,0,0,28,0,0,robustness,html/syn-0006__wrapper_insert__01.html,syn-0006__wrapper_insert__01.html,run-none54,synthetic-shop.local,D:\Pet_Codes\science\article-price-tracker\synthetic\html\syn-0006__wrapper_insert__01.html,https://synthetic-shop.local/search/syn-0006,https://synthetic-shop.local/search/syn-0006,,,,raw_html,,f5da07d1de2de3e02213d0dce1b69133e51d7b26f5e1d4f94506d4aedb9b361e,f5da07d1de2de3e02213d0dce1b69133e51d7b26f5e1d4f94506d4aedb9b361e,html/syn-0006__wrapper_insert__01.html,syn-0006,table_listing,html/syn-0006__wrapper_insert__01.html,construction_instruments,synthetic-v2-12to30,wrapper_insert,syn-0006__wrapper_insert__01,28,syn-0006__wrapper_insert__01,https://synthetic-shop.local/search/syn-0006,f5da07d1de2de3e02213d0dce1b69133e51d7b26f5e1d4f94506d4aedb9b361e,synthetic-shop.local,1,synthetic-shop.local,run-none54,,,ok,,,,28,28,28,False,,,,True,1,0,01472ac65ad5646c98ebd90dc3b99c5fbc6b35ac1088c2ee241e2736750a3be4,0,28,0,0,1.0,0.0,0.0,0,1,0,0,0,1.0,1.0,1.0,1.0,1.0,1.0,1.0,1.0,1.0
20261003T183020Z-b6869124,robustness,llm_full_html,syn-0006__wrapper_insert__02,html/syn-0006__wrapper_insert__02.html,,positive,True,28,28,28,0,0,1,28,0,0,28,0,0,28,0,0,robustness,html/syn-0006__wrapper_insert__02.html,syn-0006__wrapper_insert__02.html,run-none55,synthetic-shop.local,D:\Pet_Codes\science\article-price-tracker\synthetic\html\syn-0006__wrapper_insert__02.html,https://synthetic-shop.local/search/syn-0006,https://synthetic-shop.local/search/syn-0006,,,,raw_html,,f5ceb27c4ccc8d489b80ae9a7edf2ace970fccdd32ee7de1855e0e3d64cb8404,f5ceb27c4ccc8d489b80ae9a7edf2ace970fccdd32ee7de1855e0e3d64cb8404,html/syn-0006__wrapper_insert__02.html,syn-0006,table_listing,html/syn-0006__wrapper_insert__02.html,construction_instruments,synthetic-v2-12to30,wrapper_insert,syn-0006__wrapper_insert__02,28,syn-0006__wrapper_insert__02,https://synthetic-shop.local/search/syn-0006,f5ceb27c4ccc8d489b80ae9a7edf2ace970fccdd32ee7de1855e0e3d64cb8404,synthetic-shop.local,2,synthetic-shop.local,run-none55,,,ok,,,,28,28,28,False,,,,True,1,0,70aa3b780d915ba4199fae6dc56dbe7e7987a7048ab00fa0accfeac48b5baab2,0,28,0,0,1.0,0.0,0.0,0,1,0,0,0,1.0,1.0,1.0,1.0,1.0,1.0,1.0,1.0,1.0
20261003T183020Z-b6869124,robustness,llm_full_html,syn-0006__wrapper_insert__03,html/syn-0006__wrapper_insert__03.html,,positive,True,28,28,28,0,0,1,28,0,0,28,0,0,28,0,0,robustness,html/syn-0006__wrapper_insert__03.html,syn-0006__wrapper_insert__03.html,run-none56,synthetic-shop.local,D:\Pet_Codes\science\article-price-tracker\synthetic\html\syn-0006__wrapper_insert__03.html,https://synthetic-shop.local/search/syn-0006,https://synthetic-shop.local/search/syn-0006,,,,raw_html,,74832e8c81383139f99bc6340bf8524af15d8864d2e0ca8d771434800d7e1901,74832e8c81383139f99bc6340bf8524af15d8864d2e0ca8d771434800d7e1901,html/syn-0006__wrapper_insert__03.html,syn-0006,table_listing,html/syn-0006__wrapper_insert__03.html,construction_instruments,synthetic-v2-12to30,wrapper_insert,syn-0006__wrapper_insert__03,28,syn-0006__wrapper_insert__03,https://synthetic-shop.local/search/syn-0006,74832e8c81383139f99bc6340bf8524af15d8864d2e0ca8d771434800d7e1901,synthetic-shop.local,3,synthetic-shop.local,run-none56,,,ok,,,,28,28,28,False,,,,True,1,0,e21ff12f62dd154461b56f22329bee3b2a5fb5086381d620043df5eee8bccef4,0,28,0,0,1.0,0.0,0.0,0,1,0,0,0,1.0,1.0,1.0,1.0,1.0,1.0,1.0,1.0,1.0
20261003T183020Z-b6869124,robustness,llm_full_html,syn-0006__field_reorder__01,html/syn-0006__field_reorder__01.html,,positive,True,28,28,28,0,0,1,28,0,0,28,0,0,28,0,0,robustness,html/syn-0006__field_reorder__01.html,syn-0006__field_reorder__01.html,run-none57,synthetic-shop.local,D:\Pet_Codes\science\article-price-tracker\synthetic\html\syn-0006__field_reorder__01.html,https://synthetic-shop.local/search/syn-0006,https://synthetic-shop.local/search/syn-0006,,,,raw_html,,7fca304ea40c22b1e3033f8cdb0164aa374028528c02186cdc7172ccd1fffb68,7fca304ea40c22b1e3033f8cdb0164aa374028528c02186cdc7172ccd1fffb68,html/syn-0006__field_reorder__01.html,syn-0006,table_listing,html/syn-0006__field_reorder__01.html,construction_instruments,synthetic-v2-12to30,field_reorder,syn-0006__field_reorder__01,28,syn-0006__field_reorder__01,https://synthetic-shop.local/search/syn-0006,7fca304ea40c22b1e3033f8cdb0164aa374028528c02186cdc7172ccd1fffb68,synthetic-shop.local,1,synthetic-shop.local,run-none57,,,ok,,,,28,28,28,False,,,,True,1,0,e2026ad0641ef2633b91111e1e0f0be5c8052d0abac66a16f145381970ece679,0,28,0,0,1.0,0.0,0.0,0,1,0,0,0,1.0,1.0,1.0,1.0,1.0,1.0,1.0,1.0,1.0
20261003T183020Z-b6869124,robustness,llm_full_html,syn-0006__field_reorder__02,html/syn-0006__field_reorder__02.html,,positive,True,28,28,28,0,0,1,28,0,0,28,0,0,28,0,0,robustness,html/syn-0006__field_reorder__02.html,syn-0006__field_reorder__02.html,run-none58,synthetic-shop.local,D:\Pet_Codes\science\article-price-tracker\synthetic\html\syn-0006__field_reorder__02.html,https://synthetic-shop.local/search/syn-0006,https://synthetic-shop.local/search/syn-0006,,,,raw_html,,772bce8f0b4557207371cf037e8493c99afc806a7697c97aa54c66c6e425b731,772bce8f0b4557207371cf037e8493c99afc806a7697c97aa54c66c6e425b731,html/syn-0006__field_reorder__02.html,syn-0006,table_listing,html/syn-0006__field_reorder__02.html,construction_instruments,synthetic-v2-12to30,field_reorder,syn-0006__field_reorder__02,28,syn-0006__field_reorder__02,https://synthetic-shop.local/search/syn-0006,772bce8f0b4557207371cf037e8493c99afc806a7697c97aa54c66c6e425b731,synthetic-shop.local,2,synthetic-shop.local,run-none58,,,ok,,,,28,28,28,False,,,,True,1,0,a639a32b11990b7d7f7d7a4e6271a138afa86f0ab21f90388f72d5d884ac4d51,0,28,0,0,1.0,0.0,0.0,0,1,0,0,0,1.0,1.0,1.0,1.0,1.0,1.0,1.0,1.0,1.0
20261003T183020Z-b6869124,robustness,llm_full_html,syn-0006__subtree_relocate__01,html/syn-0006__subtree_relocate__01.html,,positive,True,28,28,28,0,0,1,28,0,0,28,0,0,28,0,0,robustness,html/syn-0006__subtree_relocate__01.html,syn-0006__subtree_relocate__01.html,run-none59,synthetic-shop.local,D:\Pet_Codes\science\article-price-tracker\synthetic\html\syn-0006__subtree_relocate__01.html,https://synthetic-shop.local/search/syn-0006,https://synthetic-shop.local/search/syn-0006,,,,raw_html,,06709cce80449804902a171f1f0f207667d077c2519a413fa07b3d71bfb7c895,06709cce80449804902a171f1f0f207667d077c2519a413fa07b3d71bfb7c895,html/syn-0006__subtree_relocate__01.html,syn-0006,table_listing,html/syn-0006__subtree_relocate__01.html,construction_instruments,synthetic-v2-12to30,subtree_relocate,syn-0006__subtree_relocate__01,28,syn-0006__subtree_relocate__01,https://synthetic-shop.local/search/syn-0006,06709cce80449804902a171f1f0f207667d077c2519a413fa07b3d71bfb7c895,synthetic-shop.local,1,synthetic-shop.local,run-none59,,,ok,,,,28,28,28,False,,,,True,1,0,ef952dc0d787ddd40a1776b1b46152546a6b6b30933a5357f121f6738f6e57b9,0,28,0,0,1.0,0.0,0.0,0,1,0,0,0,1.0,1.0,1.0,1.0,1.0,1.0,1.0,1.0,1.0
20261003T183020Z-b6869124,robustness,llm_full_html,syn-0006__subtree_relocate__02,html/syn-0006__subtree_relocate__02.html,,positive,True,28,28,28,0,0,1,28,0,0,28,0,0,28,0,0,robustness,html/syn-0006__subtree_relocate__02.html,syn-0006__subtree_relocate__02.html,run-none60,synthetic-shop.local,D:\Pet_Codes\science\article-price-tracker\synthetic\html\syn-0006__subtree_relocate__02.html,https://synthetic-shop.local/search/syn-0006,https://synthetic-shop.local/search/syn-0006,,,,raw_html,,96e3d1ca26a75de00dc7b9d7cb9d21286019637fdb84cf452ea4c4822213a5ad,96e3d1ca26a75de00dc7b9d7cb9d21286019637fdb84cf452ea4c4822213a5ad,html/syn-0006__subtree_relocate__02.html,syn-0006,table_listing,html/syn-0006__subtree_relocate__02.html,construction_instruments,synthetic-v2-12to30,subtree_relocate,syn-0006__subtree_relocate__02,28,syn-0006__subtree_relocate__02,https://synthetic-shop.local/search/syn-0006,96e3d1ca26a75de00dc7b9d7cb9d21286019637fdb84cf452ea4c4822213a5ad,synthetic-shop.local,2,synthetic-shop.local,run-none60,,,ok,,,,28,28,28,False,,,,True,1,0,0170656f94b0b26defe3e11f393a7ebfa5ea6e4f7ef6fd181129956cdab6dde6,0,28,0,0,1.0,0.0,0.0,0,1,0,0,0,1.0,1.0,1.0,1.0,1.0,1.0,1.0,1.0,1.0
20261003T183020Z-b6869124,robustness,llm_full_html,syn-0007__class_rename__01,html/syn-0007__class_rename__01.html,,positive,True,18,18,18,0,0,1,18,0,0,18,0,0,18,0,0,robustness,html/syn-0007__class_rename__01.html,syn-0007__class_rename__01.html,run-none61,synthetic-shop.local,D:\Pet_Codes\science\article-price-tracker\synthetic\html\syn-0007__class_rename__01.html,https://synthetic-shop.local/search/syn-0007,https://synthetic-shop.local/search/syn-0007,,,,raw_html,,3163390b280ff8e846078394c31e0ac8c79a8865056a569f96205dd350b68b6f,3163390b280ff8e846078394c31e0ac8c79a8865056a569f96205dd350b68b6f,html/syn-0007__class_rename__01.html,syn-0007,semantic_articles,html/syn-0007__class_rename__01.html,construction_instruments,synthetic-v2-12to30,class_rename,syn-0007__class_rename__01,18,syn-0007__class_rename__01,https://synthetic-shop.local/search/syn-0007,3163390b280ff8e846078394c31e0ac8c79a8865056a569f96205dd350b68b6f,synthetic-shop.local,1,synthetic-shop.local,run-none61,,,ok,,,,18,18,18,False,,,,True,1,0,1ea46472335b241aa132e5d25cc17d78d8b5ac28c6023440068827f77bdb5180,0,18,0,0,1.0,0.0,0.0,0,1,0,0,0,1.0,1.0,1.0,1.0,1.0,1.0,1.0,1.0,1.0
20261003T183020Z-b6869124,robustness,llm_full_html,syn-0007__class_rename__02,html/syn-0007__class_rename__02.html,,positive,True,18,18,18,0,0,1,18,0,0,18,0,0,18,0,0,robustness,html/syn-0007__class_rename__02.html,syn-0007__class_rename__02.html,run-none62,synthetic-shop.local,D:\Pet_Codes\science\article-price-tracker\synthetic\html\syn-0007__class_rename__02.html,https://synthetic-shop.local/search/syn-0007,https://synthetic-shop.local/search/syn-0007,,,,raw_html,,5652af0f615f2ff68cef2b4fb51f4add7289e37b84e2c6e7af0f7cee228f1059,5652af0f615f2ff68cef2b4fb51f4add7289e37b84e2c6e7af0f7cee228f1059,html/syn-0007__class_rename__02.html,syn-0007,semantic_articles,html/syn-0007__class_rename__02.html,construction_instruments,synthetic-v2-12to30,class_rename,syn-0007__class_rename__02,18,syn-0007__class_rename__02,https://synthetic-shop.local/search/syn-0007,5652af0f615f2ff68cef2b4fb51f4add7289e37b84e2c6e7af0f7cee228f1059,synthetic-shop.local,2,synthetic-shop.local,run-none62,,,ok,,,,18,18,18,False,,,,True,1,0,9469c5d61af1a798d0aff6f3a3f174bf645da91998704569aaf600cecf2fe3a9,0,18,0,0,1.0,0.0,0.0,0,1,0,0,0,1.0,1.0,1.0,1.0,1.0,1.0,1.0,1.0,1.0
20261003T183020Z-b6869124,robustness,llm_full_html,syn-0007__class_rename__03,html/syn-0007__class_rename__03.html,,positive,True,18,18,18,0,0,1,18,0,0,18,0,0,18,0,0,robustness,html/syn-0007__class_rename__03.html,syn-0007__class_rename__03.html,run-none63,synthetic-shop.local,D:\Pet_Codes\science\article-price-tracker\synthetic\html\syn-0007__class_rename__03.html,https://synthetic-shop.local/search/syn-0007,https://synthetic-shop.local/search/syn-0007,,,,raw_html,,84ab0ad7fe5295244e0dcf66c319cbae8c5af6628a42bfd126e51a8b8cbf87aa,84ab0ad7fe5295244e0dcf66c319cbae8c5af6628a42bfd126e51a8b8cbf87aa,html/syn-0007__class_rename__03.html,syn-0007,semantic_articles,html/syn-0007__class_rename__03.html,construction_instruments,synthetic-v2-12to30,class_rename,syn-0007__class_rename__03,18,syn-0007__class_rename__03,https://synthetic-shop.local/search/syn-0007,84ab0ad7fe5295244e0dcf66c319cbae8c5af6628a42bfd126e51a8b8cbf87aa,synthetic-shop.local,3,synthetic-shop.local,run-none63,,,ok,,,,18,18,18,False,,,,True,1,0,54f1a3cf1a14d0aab63fc7e58f6c19680c566a85e7c76bd89bfe5e75c8c01396,0,18,0,0,1.0,0.0,0.0,0,1,0,0,0,1.0,1.0,1.0,1.0,1.0,1.0,1.0,1.0,1.0
20261003T183020Z-b6869124,robustness,llm_full_html,syn-0007__wrapper_insert__01,html/syn-0007__wrapper_insert__01.html,,positive,True,18,18,18,0,0,1,18,0,0,18,0,0,18,0,0,robustness,html/syn-0007__wrapper_insert__01.html,syn-0007__wrapper_insert__01.html,run-none64,synthetic-shop.local,D:\Pet_Codes\science\article-price-tracker\synthetic\html\syn-0007__wrapper_insert__01.html,https://synthetic-shop.local/search/syn-0007,https://synthetic-shop.local/search/syn-0007,,,,raw_html,,6d1cc7de4d96bc1c6356994008b502500906699a78066347198817550a0abc08,6d1cc7de4d96bc1c6356994008b502500906699a78066347198817550a0abc08,html/syn-0007__wrapper_insert__01.html,syn-0007,semantic_articles,html/syn-0007__wrapper_insert__01.html,construction_instruments,synthetic-v2-12to30,wrapper_insert,syn-0007__wrapper_insert__01,18,syn-0007__wrapper_insert__01,https://synthetic-shop.local/search/syn-0007,6d1cc7de4d96bc1c6356994008b502500906699a78066347198817550a0abc08,synthetic-shop.local,1,synthetic-shop.local,run-none64,,,ok,,,,18,18,18,False,,,,True,1,0,05860a0b6b6f14993bd70cd3808a225584ee97b4eec7837149e6330791a9a00f,0,18,0,0,1.0,0.0,0.0,0,1,0,0,0,1.0,1.0,1.0,1.0,1.0,1.0,1.0,1.0,1.0
20261003T183020Z-b6869124,robustness,llm_full_html,syn-0007__wrapper_insert__02,html/syn-0007__wrapper_insert__02.html,,positive,True,18,18,18,0,0,1,18,0,0,18,0,0,18,0,0,robustness,html/syn-0007__wrapper_insert__02.html,syn-0007__wrapper_insert__02.html,run-none65,synthetic-shop.local,D:\Pet_Codes\science\article-price-tracker\synthetic\html\syn-0007__wrapper_insert__02.html,https://synthetic-shop.local/search/syn-0007,https://synthetic-shop.local/search/syn-0007,,,,raw_html,,6bb74711984192fb9086b3a53b77ad25410384cf2bed2cb215b19e096db36b29,6bb74711984192fb9086b3a53b77ad25410384cf2bed2cb215b19e096db36b29,html/syn-0007__wrapper_insert__02.html,syn-0007,semantic_articles,html/syn-0007__wrapper_insert__02.html,construction_instruments,synthetic-v2-12to30,wrapper_insert,syn-0007__wrapper_insert__02,18,syn-0007__wrapper_insert__02,https://synthetic-shop.local/search/syn-0007,6bb74711984192fb9086b3a53b77ad25410384cf2bed2cb215b19e096db36b29,synthetic-shop.local,2,synthetic-shop.local,run-none65,,,ok,,,,18,18,18,False,,,,True,1,0,61581d76110b93f23831612adc9ec2600c44957ab4e84ead7271c1b0d5a8dc7b,0,18,0,0,1.0,0.0,0.0,0,1,0,0,0,1.0,1.0,1.0,1.0,1.0,1.0,1.0,1.0,1.0
20261003T183020Z-b6869124,robustness,llm_full_html,syn-0007__wrapper_insert__03,html/syn-0007__wrapper_insert__03.html,,positive,True,18,18,18,0,0,1,18,0,0,18,0,0,18,0,0,robustness,html/syn-0007__wrapper_insert__03.html,syn-0007__wrapper_insert__03.html,run-none66,synthetic-shop.local,D:\Pet_Codes\science\article-price-tracker\synthetic\html\syn-0007__wrapper_insert__03.html,https://synthetic-shop.local/search/syn-0007,https://synthetic-shop.local/search/syn-0007,,,,raw_html,,5cb7a9c1efddbf512376c4236aa97f6e8bcfedccf5e18184699c18f47f70caba,5cb7a9c1efddbf512376c4236aa97f6e8bcfedccf5e18184699c18f47f70caba,html/syn-0007__wrapper_insert__03.html,syn-0007,semantic_articles,html/syn-0007__wrapper_insert__03.html,construction_instruments,synthetic-v2-12to30,wrapper_insert,syn-0007__wrapper_insert__03,18,syn-0007__wrapper_insert__03,https://synthetic-shop.local/search/syn-0007,5cb7a9c1efddbf512376c4236aa97f6e8bcfedccf5e18184699c18f47f70caba,synthetic-shop.local,3,synthetic-shop.local,run-none66,,,ok,,,,18,18,18,False,,,,True,1,0,1eed0d39c32da37337cdca4c1b9957692300725caf9098cb21d51377e37e3029,0,18,0,0,1.0,0.0,0.0,0,1,0,0,0,1.0,1.0,1.0,1.0,1.0,1.0,1.0,1.0,1.0
20261003T183020Z-b6869124,robustness,llm_full_html,syn-0007__field_reorder__01,html/syn-0007__field_reorder__01.html,,positive,True,18,18,18,0,0,1,18,0,0,18,0,0,18,0,0,robustness,html/syn-0007__field_reorder__01.html,syn-0007__field_reorder__01.html,run-none67,synthetic-shop.local,D:\Pet_Codes\science\article-price-tracker\synthetic\html\syn-0007__field_reorder__01.html,https://synthetic-shop.local/search/syn-0007,https://synthetic-shop.local/search/syn-0007,,,,raw_html,,803611bee1cdd84121d3a2b2c1e0c549cac6228d6cd1b24a8b93f759535aa993,803611bee1cdd84121d3a2b2c1e0c549cac6228d6cd1b24a8b93f759535aa993,html/syn-0007__field_reorder__01.html,syn-0007,semantic_articles,html/syn-0007__field_reorder__01.html,construction_instruments,synthetic-v2-12to30,field_reorder,syn-0007__field_reorder__01,18,syn-0007__field_reorder__01,https://synthetic-shop.local/search/syn-0007,803611bee1cdd84121d3a2b2c1e0c549cac6228d6cd1b24a8b93f759535aa993,synthetic-shop.local,1,synthetic-shop.local,run-none67,,,ok,,,,18,18,18,False,,,,True,1,0,7f2009328d0e040c6a31e0e50bb3479eb2a4bfbd5a0a278b7c211ae2da60ec18,0,18,0,0,1.0,0.0,0.0,0,1,0,0,0,1.0,1.0,1.0,1.0,1.0,1.0,1.0,1.0,1.0
20261003T183020Z-b6869124,robustness,llm_full_html,syn-0007__field_reorder__02,html/syn-0007__field_reorder__02.html,,positive,True,18,18,18,0,0,1,18,0,0,18,0,0,18,0,0,robustness,html/syn-0007__field_reorder__02.html,syn-0007__field_reorder__02.html,run-none68,synthetic-shop.local,D:\Pet_Codes\science\article-price-tracker\synthetic\html\syn-0007__field_reorder__02.html,https://synthetic-shop.local/search/syn-0007,https://synthetic-shop.local/search/syn-0007,,,,raw_html,,573a19fd55438e288c21740303222b73e49a0a8e6ee1e7410e4cb26f58ba223b,573a19fd55438e288c21740303222b73e49a0a8e6ee1e7410e4cb26f58ba223b,html/syn-0007__field_reorder__02.html,syn-0007,semantic_articles,html/syn-0007__field_reorder__02.html,construction_instruments,synthetic-v2-12to30,field_reorder,syn-0007__field_reorder__02,18,syn-0007__field_reorder__02,https://synthetic-shop.local/search/syn-0007,573a19fd55438e288c21740303222b73e49a0a8e6ee1e7410e4cb26f58ba223b,synthetic-shop.local,2,synthetic-shop.local,run-none68,,,ok,,,,18,18,18,False,,,,True,1,0,318ee875bd6b6694fc0625db124fe7406a483ee947362f9c1f3f5636513986ad,0,18,0,0,1.0,0.0,0.0,0,1,0,0,0,1.0,1.0,1.0,1.0,1.0,1.0,1.0,1.0,1.0
20261003T183020Z-b6869124,robustness,llm_full_html,syn-0007__subtree_relocate__01,html/syn-0007__subtree_relocate__01.html,,positive,True,18,18,18,0,0,1,18,0,0,18,0,0,18,0,0,robustness,html/syn-0007__subtree_relocate__01.html,syn-0007__subtree_relocate__01.html,run-none69,synthetic-shop.local,D:\Pet_Codes\science\article-price-tracker\synthetic\html\syn-0007__subtree_relocate__01.html,https://synthetic-shop.local/search/syn-0007,https://synthetic-shop.local/search/syn-0007,,,,raw_html,,ca2205263bd0654a51c188b8a4c24b736d0958594039bf585cfe4cf39647090c,ca2205263bd0654a51c188b8a4c24b736d0958594039bf585cfe4cf39647090c,html/syn-0007__subtree_relocate__01.html,syn-0007,semantic_articles,html/syn-0007__subtree_relocate__01.html,construction_instruments,synthetic-v2-12to30,subtree_relocate,syn-0007__subtree_relocate__01,18,syn-0007__subtree_relocate__01,https://synthetic-shop.local/search/syn-0007,ca2205263bd0654a51c188b8a4c24b736d0958594039bf585cfe4cf39647090c,synthetic-shop.local,1,synthetic-shop.local,run-none69,,,ok,,,,18,18,18,False,,,,True,1,0,a4f488b3157941b0dadfa768ba0032d377060680cbab61a49a2d8e7d185ca0f0,0,18,0,0,1.0,0.0,0.0,0,1,0,0,0,1.0,1.0,1.0,1.0,1.0,1.0,1.0,1.0,1.0
20261003T183020Z-b6869124,robustness,llm_full_html,syn-0007__subtree_relocate__02,html/syn-0007__subtree_relocate__02.html,,positive,True,18,18,18,0,0,1,18,0,0,18,0,0,18,0,0,robustness,html/syn-0007__subtree_relocate__02.html,syn-0007__subtree_relocate__02.html,run-none70,synthetic-shop.local,D:\Pet_Codes\science\article-price-tracker\synthetic\html\syn-0007__subtree_relocate__02.html,https://synthetic-shop.local/search/syn-0007,https://synthetic-shop.local/search/syn-0007,,,,raw_html,,e7d24c238554f12c82b85e4120d83d2fe82c7b884bb227922829e44faa323b4e,e7d24c238554f12c82b85e4120d83d2fe82c7b884bb227922829e44faa323b4e,html/syn-0007__subtree_relocate__02.html,syn-0007,semantic_articles,html/syn-0007__subtree_relocate__02.html,construction_instruments,synthetic-v2-12to30,subtree_relocate,syn-0007__subtree_relocate__02,18,syn-0007__subtree_relocate__02,https://synthetic-shop.local/search/syn-0007,e7d24c238554f12c82b85e4120d83d2fe82c7b884bb227922829e44faa323b4e,synthetic-shop.local,2,synthetic-shop.local,run-none70,,,ok,,,,18,18,18,False,,,,True,1,0,a0e519c612106b5c51018df00ce2c480351550587adbf9f693be4859ea718253,0,18,0,0,1.0,0.0,0.0,0,1,0,0,0,1.0,1.0,1.0,1.0,1.0,1.0,1.0,1.0,1.0
20261003T183020Z-b6869124,robustness,llm_full_html,syn-0008__class_rename__01,html/syn-0008__class_rename__01.html,,positive,True,24,24,24,0,0,1,24,0,0,24,0,0,24,0,0,robustness,html/syn-0008__class_rename__01.html,syn-0008__class_rename__01.html,run-none71,synthetic-shop.local,D:\Pet_Codes\science\article-price-tracker\synthetic\html\syn-0008__class_rename__01.html,https://synthetic-shop.local/search/syn-0008,https://synthetic-shop.local/search/syn-0008,,,,raw_html,,0a08b4c9289100dba8417dbc488933de1a2800c7ff14af9f415ffc7b5aecf2ef,0a08b4c9289100dba8417dbc488933de1a2800c7ff14af9f415ffc7b5aecf2ef,html/syn-0008__class_rename__01.html,syn-0008,data_attrs,html/syn-0008__class_rename__01.html,construction_instruments,synthetic-v2-12to30,class_rename,syn-0008__class_rename__01,24,syn-0008__class_rename__01,https://synthetic-shop.local/search/syn-0008,0a08b4c9289100dba8417dbc488933de1a2800c7ff14af9f415ffc7b5aecf2ef,synthetic-shop.local,1,synthetic-shop.local,run-none71,,,ok,,,,24,24,24,False,,,,True,1,0,8dcb2b8ec81e08d757c3e6cbfdb7c77e1fc3bff6fd816364f735ec4951548dd4,0,24,0,0,1.0,0.0,0.0,0,1,0,0,0,1.0,1.0,1.0,1.0,1.0,1.0,1.0,1.0,1.0
20261003T183020Z-b6869124,robustness,llm_full_html,syn-0008__class_rename__02,html/syn-0008__class_rename__02.html,,positive,True,24,24,24,0,0,1,24,0,0,24,0,0,24,0,0,robustness,html/syn-0008__class_rename__02.html,syn-0008__class_rename__02.html,run-none72,synthetic-shop.local,D:\Pet_Codes\science\article-price-tracker\synthetic\html\syn-0008__class_rename__02.html,https://synthetic-shop.local/search/syn-0008,https://synthetic-shop.local/search/syn-0008,,,,raw_html,,f393d98f3c1c1560c2eb2721ae6792a9899ab0da2fb85445944a561a0a17ae1e,f393d98f3c1c1560c2eb2721ae6792a9899ab0da2fb85445944a561a0a17ae1e,html/syn-0008__class_rename__02.html,syn-0008,data_attrs,html/syn-0008__class_rename__02.html,construction_instruments,synthetic-v2-12to30,class_rename,syn-0008__class_rename__02,24,syn-0008__class_rename__02,https://synthetic-shop.local/search/syn-0008,f393d98f3c1c1560c2eb2721ae6792a9899ab0da2fb85445944a561a0a17ae1e,synthetic-shop.local,2,synthetic-shop.local,run-none72,,,ok,,,,24,24,24,False,,,,True,1,0,537319ac0a9b682770b1f35bdd48f68b21be8a7d646adbeb39ec0c6cd28afa00,0,24,0,0,1.0,0.0,0.0,0,1,0,0,0,1.0,1.0,1.0,1.0,1.0,1.0,1.0,1.0,1.0
20261003T183020Z-b6869124,robustness,llm_full_html,syn-0008__class_rename__03,html/syn-0008__class_rename__03.html,,positive,True,24,24,24,0,0,1,24,0,0,24,0,0,24,0,0,robustness,html/syn-0008__class_rename__03.html,syn-0008__class_rename__03.html,run-none73,synthetic-shop.local,D:\Pet_Codes\science\article-price-tracker\synthetic\html\syn-0008__class_rename__03.html,https://synthetic-shop.local/search/syn-0008,https://synthetic-shop.local/search/syn-0008,,,,raw_html,,fd269df1459ddc92c0e182c7c85255f2b1f025ffbc151cd8c53c2e0685421788,fd269df1459ddc92c0e182c7c85255f2b1f025ffbc151cd8c53c2e0685421788,html/syn-0008__class_rename__03.html,syn-0008,data_attrs,html/syn-0008__class_rename__03.html,construction_instruments,synthetic-v2-12to30,class_rename,syn-0008__class_rename__03,24,syn-0008__class_rename__03,https://synthetic-shop.local/search/syn-0008,fd269df1459ddc92c0e182c7c85255f2b1f025ffbc151cd8c53c2e0685421788,synthetic-shop.local,3,synthetic-shop.local,run-none73,,,ok,,,,24,24,24,False,,,,True,1,0,337a706614085a218d4c1f69af668f3d3f6732fbf0fc1dd1c4b78eb26a63ca01,0,24,0,0,1.0,0.0,0.0,0,1,0,0,0,1.0,1.0,1.0,1.0,1.0,1.0,1.0,1.0,1.0
20261003T183020Z-b6869124,robustness,llm_full_html,syn-0008__wrapper_insert__01,html/syn-0008__wrapper_insert__01.html,,positive,True,24,24,24,0,0,1,24,0,0,24,0,0,24,0,0,robustness,html/syn-0008__wrapper_insert__01.html,syn-0008__wrapper_insert__01.html,run-none74,synthetic-shop.local,D:\Pet_Codes\science\article-price-tracker\synthetic\html\syn-0008__wrapper_insert__01.html,https://synthetic-shop.local/search/syn-0008,https://synthetic-shop.local/search/syn-0008,,,,raw_html,,07f4ee2809548edda1232e8afb4f57826f27cfd0b83701c40ce39ccb43cf3e24,07f4ee2809548edda1232e8afb4f57826f27cfd0b83701c40ce39ccb43cf3e24,html/syn-0008__wrapper_insert__01.html,syn-0008,data_attrs,html/syn-0008__wrapper_insert__01.html,construction_instruments,synthetic-v2-12to30,wrapper_insert,syn-0008__wrapper_insert__01,24,syn-0008__wrapper_insert__01,https://synthetic-shop.local/search/syn-0008,07f4ee2809548edda1232e8afb4f57826f27cfd0b83701c40ce39ccb43cf3e24,synthetic-shop.local,1,synthetic-shop.local,run-none74,,,ok,,,,24,24,24,False,,,,True,1,0,ba6734b3aa3c780230457412c07d3cecc1747052dd518ea06289b2c75438fff2,0,24,0,0,1.0,0.0,0.0,0,1,0,0,0,1.0,1.0,1.0,1.0,1.0,1.0,1.0,1.0,1.0
20261003T183020Z-b6869124,robustness,llm_full_html,syn-0008__wrapper_insert__02,html/syn-0008__wrapper_insert__02.html,,positive,True,24,24,24,0,0,1,24,0,0,24,0,0,24,0,0,robustness,html/syn-0008__wrapper_insert__02.html,syn-0008__wrapper_insert__02.html,run-none75,synthetic-shop.local,D:\Pet_Codes\science\article-price-tracker\synthetic\html\syn-0008__wrapper_insert__02.html,https://synthetic-shop.local/search/syn-0008,https://synthetic-shop.local/search/syn-0008,,,,raw_html,,de0a92ec03ea0072131929e646898f0c7dc5d39d69ed076961a433c202b60a44,de0a92ec03ea0072131929e646898f0c7dc5d39d69ed076961a433c202b60a44,html/syn-0008__wrapper_insert__02.html,syn-0008,data_attrs,html/syn-0008__wrapper_insert__02.html,construction_instruments,synthetic-v2-12to30,wrapper_insert,syn-0008__wrapper_insert__02,24,syn-0008__wrapper_insert__02,https://synthetic-shop.local/search/syn-0008,de0a92ec03ea0072131929e646898f0c7dc5d39d69ed076961a433c202b60a44,synthetic-shop.local,2,synthetic-shop.local,run-none75,,,ok,,,,24,24,24,False,,,,True,1,0,5ec814e95a289f8cabdd81b6a081b179fbe242a6cac1d6292c9190eb925bf413,0,24,0,0,1.0,0.0,0.0,0,1,0,0,0,1.0,1.0,1.0,1.0,1.0,1.0,1.0,1.0,1.0
20261003T183020Z-b6869124,robustness,llm_full_html,syn-0008__wrapper_insert__03,html/syn-0008__wrapper_insert__03.html,,positive,True,24,24,24,0,0,1,24,0,0,24,0,0,24,0,0,robustness,html/syn-0008__wrapper_insert__03.html,syn-0008__wrapper_insert__03.html,run-none76,synthetic-shop.local,D:\Pet_Codes\science\article-price-tracker\synthetic\html\syn-0008__wrapper_insert__03.html,https://synthetic-shop.local/search/syn-0008,https://synthetic-shop.local/search/syn-0008,,,,raw_html,,c681055bd4a5c97e904403bc3e4c9adb2c697c49a3cf607c8c29ec005c6eebd6,c681055bd4a5c97e904403bc3e4c9adb2c697c49a3cf607c8c29ec005c6eebd6,html/syn-0008__wrapper_insert__03.html,syn-0008,data_attrs,html/syn-0008__wrapper_insert__03.html,construction_instruments,synthetic-v2-12to30,wrapper_insert,syn-0008__wrapper_insert__03,24,syn-0008__wrapper_insert__03,https://synthetic-shop.local/search/syn-0008,c681055bd4a5c97e904403bc3e4c9adb2c697c49a3cf607c8c29ec005c6eebd6,synthetic-shop.local,3,synthetic-shop.local,run-none76,,,ok,,,,24,24,24,False,,,,True,1,0,6a86386a515cb25e7bbfb6418b79c8ffc8ee585a9c22744ae2d0414118b039a6,0,24,0,0,1.0,0.0,0.0,0,1,0,0,0,1.0,1.0,1.0,1.0,1.0,1.0,1.0,1.0,1.0
20261003T183020Z-b6869124,robustness,llm_full_html,syn-0008__field_reorder__01,html/syn-0008__field_reorder__01.html,,positive,True,24,24,24,0,0,1,24,0,0,24,0,0,24,0,0,robustness,html/syn-0008__field_reorder__01.html,syn-0008__field_reorder__01.html,run-none77,synthetic-shop.local,D:\Pet_Codes\science\article-price-tracker\synthetic\html\syn-0008__field_reorder__01.html,https://synthetic-shop.local/search/syn-0008,https://synthetic-shop.local/search/syn-0008,,,,raw_html,,b9ae6f4a4f6808fd509fea6dcfe2c05a755ca57bdd97d153259d16e1b10e3052,b9ae6f4a4f6808fd509fea6dcfe2c05a755ca57bdd97d153259d16e1b10e3052,html/syn-0008__field_reorder__01.html,syn-0008,data_attrs,html/syn-0008__field_reorder__01.html,construction_instruments,synthetic-v2-12to30,field_reorder,syn-0008__field_reorder__01,24,syn-0008__field_reorder__01,https://synthetic-shop.local/search/syn-0008,b9ae6f4a4f6808fd509fea6dcfe2c05a755ca57bdd97d153259d16e1b10e3052,synthetic-shop.local,1,synthetic-shop.local,run-none77,,,ok,,,,24,24,24,False,,,,True,1,0,6b90d0686a61a540f9bd0c4bd3995df42a12614ffe399b3b7327c33350a4f432,0,24,0,0,1.0,0.0,0.0,0,1,0,0,0,1.0,1.0,1.0,1.0,1.0,1.0,1.0,1.0,1.0
20261003T183020Z-b6869124,robustness,llm_full_html,syn-0008__field_reorder__02,html/syn-0008__field_reorder__02.html,,positive,True,24,24,24,0,0,1,24,0,0,24,0,0,24,0,0,robustness,html/syn-0008__field_reorder__02.html,syn-0008__field_reorder__02.html,run-none78,synthetic-shop.local,D:\Pet_Codes\science\article-price-tracker\synthetic\html\syn-0008__field_reorder__02.html,https://synthetic-shop.local/search/syn-0008,https://synthetic-shop.local/search/syn-0008,,,,raw_html,,49f63a7f321d9afd510288e1b1d38d169a571c84540dbcd4296c8715c60ba904,49f63a7f321d9afd510288e1b1d38d169a571c84540dbcd4296c8715c60ba904,html/syn-0008__field_reorder__02.html,syn-0008,data_attrs,html/syn-0008__field_reorder__02.html,construction_instruments,synthetic-v2-12to30,field_reorder,syn-0008__field_reorder__02,24,syn-0008__field_reorder__02,https://synthetic-shop.local/search/syn-0008,49f63a7f321d9afd510288e1b1d38d169a571c84540dbcd4296c8715c60ba904,synthetic-shop.local,2,synthetic-shop.local,run-none78,,,ok,,,,24,24,24,False,,,,True,1,0,981c861423f9591fc0b08e4b5ecf439e577587d923c9d07e8c7d1a55a7f02f19,0,24,0,0,1.0,0.0,0.0,0,1,0,0,0,1.0,1.0,1.0,1.0,1.0,1.0,1.0,1.0,1.0
20261003T183020Z-b6869124,robustness,llm_full_html,syn-0008__subtree_relocate__01,html/syn-0008__subtree_relocate__01.html,,positive,True,24,24,24,0,0,1,24,0,0,24,0,0,24,0,0,robustness,html/syn-0008__subtree_relocate__01.html,syn-0008__subtree_relocate__01.html,run-none79,synthetic-shop.local,D:\Pet_Codes\science\article-price-tracker\synthetic\html\syn-0008__subtree_relocate__01.html,https://synthetic-shop.local/search/syn-0008,https://synthetic-shop.local/search/syn-0008,,,,raw_html,,e2f1d630e0cd21b299a91b7a9c6e76441717933da0865577f51eba3f76bfcdfc,e2f1d630e0cd21b299a91b7a9c6e76441717933da0865577f51eba3f76bfcdfc,html/syn-0008__subtree_relocate__01.html,syn-0008,data_attrs,html/syn-0008__subtree_relocate__01.html,construction_instruments,synthetic-v2-12to30,subtree_relocate,syn-0008__subtree_relocate__01,24,syn-0008__subtree_relocate__01,https://synthetic-shop.local/search/syn-0008,e2f1d630e0cd21b299a91b7a9c6e76441717933da0865577f51eba3f76bfcdfc,synthetic-shop.local,1,synthetic-shop.local,run-none79,,,ok,,,,24,24,24,False,,,,True,1,0,b031428ec8cb4dd416188a2c882cc49f9d25086f43576e545fbafe9dff07eeb2,0,24,0,0,1.0,0.0,0.0,0,1,0,0,0,1.0,1.0,1.0,1.0,1.0,1.0,1.0,1.0,1.0
20261003T183020Z-b6869124,robustness,llm_full_html,syn-0008__subtree_relocate__02,html/syn-0008__subtree_relocate__02.html,,positive,True,24,24,24,0,0,1,24,0,0,24,0,0,24,0,0,robustness,html/syn-0008__subtree_relocate__02.html,syn-0008__subtree_relocate__02.html,run-none80,synthetic-shop.local,D:\Pet_Codes\science\article-price-tracker\synthetic\html\syn-0008__subtree_relocate__02.html,https://synthetic-shop.local/search/syn-0008,https://synthetic-shop.local/search/syn-0008,,,,raw_html,,b9e434f394c05193ce6b4c32b96d35b84b163e7033bbf19f20c6c8105109313b,b9e434f394c05193ce6b4c32b96d35b84b163e7033bbf19f20c6c8105109313b,html/syn-0008__subtree_relocate__02.html,syn-0008,data_attrs,html/syn-0008__subtree_relocate__02.html,construction_instruments,synthetic-v2-12to30,subtree_relocate,syn-0008__subtree_relocate__02,24,syn-0008__subtree_relocate__02,https://synthetic-shop.local/search/syn-0008,b9e434f394c05193ce6b4c32b96d35b84b163e7033bbf19f20c6c8105109313b,synthetic-shop.local,2,synthetic-shop.local,run-none80,,,ok,,,,24,24,24,False,,,,True,1,0,d33ac9d54fd60f9f2a8e98480803fc5be44858174f1b21255a28ba841ee21678,0,24,0,0,1.0,0.0,0.0,0,1,0,0,0,1.0,1.0,1.0,1.0,1.0,1.0,1.0,1.0,1.0
20261003T183020Z-b6869124,robustness,llm_full_html,syn-0009__class_rename__01,html/syn-0009__class_rename__01.html,,positive,True,20,20,20,0,0,1,20,0,0,20,0,0,20,0,0,robustness,html/syn-0009__class_rename__01.html,syn-0009__class_rename__01.html,run-none81,synthetic-shop.local,D:\Pet_Codes\science\article-price-tracker\synthetic\html\syn-0009__class_rename__01.html,https://synthetic-shop.local/search/syn-0009,https://synthetic-shop.local/search/syn-0009,,,,raw_html,,262f11ef229434ee6f7b29c1cf9b8f01dd73ec58020c65510ef7611cdbfd5e7f,262f11ef229434ee6f7b29c1cf9b8f01dd73ec58020c65510ef7611cdbfd5e7f,html/syn-0009__class_rename__01.html,syn-0009,nested_cards,html/syn-0009__class_rename__01.html,construction_instruments,synthetic-v2-12to30,class_rename,syn-0009__class_rename__01,20,syn-0009__class_rename__01,https://synthetic-shop.local/search/syn-0009,262f11ef229434ee6f7b29c1cf9b8f01dd73ec58020c65510ef7611cdbfd5e7f,synthetic-shop.local,1,synthetic-shop.local,run-none81,,,ok,,,,20,20,20,False,,,,True,1,0,2b39620ddf9f311885659ac1f9f979e8af6c2a21d53ff4eda4fe4d274093d75a,0,20,0,0,1.0,0.0,0.0,0,1,0,0,0,1.0,1.0,1.0,1.0,1.0,1.0,1.0,1.0,1.0
20261003T183020Z-b6869124,robustness,llm_full_html,syn-0009__class_rename__02,html/syn-0009__class_rename__02.html,,positive,True,20,20,20,0,0,1,20,0,0,20,0,0,20,0,0,robustness,html/syn-0009__class_rename__02.html,syn-0009__class_rename__02.html,run-none82,synthetic-shop.local,D:\Pet_Codes\science\article-price-tracker\synthetic\html\syn-0009__class_rename__02.html,https://synthetic-shop.local/search/syn-0009,https://synthetic-shop.local/search/syn-0009,,,,raw_html,,350d33b1688dff11506e5f9bbf2144084cbe82a0d516c7d3aefc51e6d88fe194,350d33b1688dff11506e5f9bbf2144084cbe82a0d516c7d3aefc51e6d88fe194,html/syn-0009__class_rename__02.html,syn-0009,nested_cards,html/syn-0009__class_rename__02.html,construction_instruments,synthetic-v2-12to30,class_rename,syn-0009__class_rename__02,20,syn-0009__class_rename__02,https://synthetic-shop.local/search/syn-0009,350d33b1688dff11506e5f9bbf2144084cbe82a0d516c7d3aefc51e6d88fe194,synthetic-shop.local,2,synthetic-shop.local,run-none82,,,ok,,,,20,20,20,False,,,,True,1,0,3b92bc1565df038130970716d2cf31378b860cdfd27ee20852fca7163d5502d0,0,20,0,0,1.0,0.0,0.0,0,1,0,0,0,1.0,1.0,1.0,1.0,1.0,1.0,1.0,1.0,1.0
20261003T183020Z-b6869124,robustness,llm_full_html,syn-0009__class_rename__03,html/syn-0009__class_rename__03.html,,positive,True,20,20,20,0,0,1,20,0,0,20,0,0,20,0,0,robustness,html/syn-0009__class_rename__03.html,syn-0009__class_rename__03.html,run-none83,synthetic-shop.local,D:\Pet_Codes\science\article-price-tracker\synthetic\html\syn-0009__class_rename__03.html,https://synthetic-shop.local/search/syn-0009,https://synthetic-shop.local/search/syn-0009,,,,raw_html,,53d157038ccc516be1b42b293d8b51d33dffe0d849e14838d3f74197b5b20e96,53d157038ccc516be1b42b293d8b51d33dffe0d849e14838d3f74197b5b20e96,html/syn-0009__class_rename__03.html,syn-0009,nested_cards,html/syn-0009__class_rename__03.html,construction_instruments,synthetic-v2-12to30,class_rename,syn-0009__class_rename__03,20,syn-0009__class_rename__03,https://synthetic-shop.local/search/syn-0009,53d157038ccc516be1b42b293d8b51d33dffe0d849e14838d3f74197b5b20e96,synthetic-shop.local,3,synthetic-shop.local,run-none83,,,ok,,,,20,20,20,False,,,,True,1,0,63bfc1361d9ac9b8b4fdf1ff471087668a53deca9d6b63d9c3b7441b9c3129d4,0,20,0,0,1.0,0.0,0.0,0,1,0,0,0,1.0,1.0,1.0,1.0,1.0,1.0,1.0,1.0,1.0
20261003T183020Z-b6869124,robustness,llm_full_html,syn-0009__wrapper_insert__01,html/syn-0009__wrapper_insert__01.html,,positive,True,20,20,20,0,0,1,20,0,0,20,0,0,20,0,0,robustness,html/syn-0009__wrapper_insert__01.html,syn-0009__wrapper_insert__01.html,run-none84,synthetic-shop.local,D:\Pet_Codes\science\article-price-tracker\synthetic\html\syn-0009__wrapper_insert__01.html,https://synthetic-shop.local/search/syn-0009,https://synthetic-shop.local/search/syn-0009,,,,raw_html,,169cb3e94730939255424bec91c41ec897642525e126a91b0d39a04c8ac3712d,169cb3e94730939255424bec91c41ec897642525e126a91b0d39a04c8ac3712d,html/syn-0009__wrapper_insert__01.html,syn-0009,nested_cards,html/syn-0009__wrapper_insert__01.html,construction_instruments,synthetic-v2-12to30,wrapper_insert,syn-0009__wrapper_insert__01,20,syn-0009__wrapper_insert__01,https://synthetic-shop.local/search/syn-0009,169cb3e94730939255424bec91c41ec897642525e126a91b0d39a04c8ac3712d,synthetic-shop.local,1,synthetic-shop.local,run-none84,,,ok,,,,20,20,20,False,,,,True,1,0,cb677686b7da5ab9d76e557fe5674ba33786a79a1491c7d0ce29c25ac5ac8c52,0,20,0,0,1.0,0.0,0.0,0,1,0,0,0,1.0,1.0,1.0,1.0,1.0,1.0,1.0,1.0,1.0
20261003T183020Z-b6869124,robustness,llm_full_html,syn-0009__wrapper_insert__02,html/syn-0009__wrapper_insert__02.html,,positive,True,20,20,20,0,0,1,20,0,0,20,0,0,20,0,0,robustness,html/syn-0009__wrapper_insert__02.html,syn-0009__wrapper_insert__02.html,run-none85,synthetic-shop.local,D:\Pet_Codes\science\article-price-tracker\synthetic\html\syn-0009__wrapper_insert__02.html,https://synthetic-shop.local/search/syn-0009,https://synthetic-shop.local/search/syn-0009,,,,raw_html,,d846555c249aad98701657d82ffc952dd2f78f0a19e6ec7ecfeac5c326ce1765,d846555c249aad98701657d82ffc952dd2f78f0a19e6ec7ecfeac5c326ce1765,html/syn-0009__wrapper_insert__02.html,syn-0009,nested_cards,html/syn-0009__wrapper_insert__02.html,construction_instruments,synthetic-v2-12to30,wrapper_insert,syn-0009__wrapper_insert__02,20,syn-0009__wrapper_insert__02,https://synthetic-shop.local/search/syn-0009,d846555c249aad98701657d82ffc952dd2f78f0a19e6ec7ecfeac5c326ce1765,synthetic-shop.local,2,synthetic-shop.local,run-none85,,,ok,,,,20,20,20,False,,,,True,1,0,78dbd7a2b760089136882b8323ff9a07fa90551b21af4461ffc59269366d9419,0,20,0,0,1.0,0.0,0.0,0,1,0,0,0,1.0,1.0,1.0,1.0,1.0,1.0,1.0,1.0,1.0
20261003T183020Z-b6869124,robustness,llm_full_html,syn-0009__wrapper_insert__03,html/syn-0009__wrapper_insert__03.html,,positive,True,20,20,20,0,0,1,20,0,0,20,0,0,20,0,0,robustness,html/syn-0009__wrapper_insert__03.html,syn-0009__wrapper_insert__03.html,run-none86,synthetic-shop.local,D:\Pet_Codes\science\article-price-tracker\synthetic\html\syn-0009__wrapper_insert__03.html,https://synthetic-shop.local/search/syn-0009,https://synthetic-shop.local/search/syn-0009,,,,raw_html,,2f8b78de8d153ed3ca30085dc7b4f018a86f249ef9fdcf007498e6e8ae465abd,2f8b78de8d153ed3ca30085dc7b4f018a86f249ef9fdcf007498e6e8ae465abd,html/syn-0009__wrapper_insert__03.html,syn-0009,nested_cards,html/syn-0009__wrapper_insert__03.html,construction_instruments,synthetic-v2-12to30,wrapper_insert,syn-0009__wrapper_insert__03,20,syn-0009__wrapper_insert__03,https://synthetic-shop.local/search/syn-0009,2f8b78de8d153ed3ca30085dc7b4f018a86f249ef9fdcf007498e6e8ae465abd,synthetic-shop.local,3,synthetic-shop.local,run-none86,,,ok,,,,20,20,20,False,,,,True,1,0,46bb10379e5998a4e6fa817d7ff63e6f9008c13d071cdbe07d289b3cf380dc01,0,20,0,0,1.0,0.0,0.0,0,1,0,0,0,1.0,1.0,1.0,1.0,1.0,1.0,1.0,1.0,1.0
20261003T183020Z-b6869124,robustness,llm_full_html,syn-0009__field_reorder__01,html/syn-0009__field_reorder__01.html,,positive,True,20,20,20,0,0,1,20,0,0,20,0,0,20,0,0,robustness,html/syn-0009__field_reorder__01.html,syn-0009__field_reorder__01.html,run-none87,synthetic-shop.local,D:\Pet_Codes\science\article-price-tracker\synthetic\html\syn-0009__field_reorder__01.html,https://synthetic-shop.local/search/syn-0009,https://synthetic-shop.local/search/syn-0009,,,,raw_html,,6f9b2c0ad2b16787408ec359e1195adec7683c3bc294e19082ba9f0c5f168893,6f9b2c0ad2b16787408ec359e1195adec7683c3bc294e19082ba9f0c5f168893,html/syn-0009__field_reorder__01.html,syn-0009,nested_cards,html/syn-0009__field_reorder__01.html,construction_instruments,synthetic-v2-12to30,field_reorder,syn-0009__field_reorder__01,20,syn-0009__field_reorder__01,https://synthetic-shop.local/search/syn-0009,6f9b2c0ad2b16787408ec359e1195adec7683c3bc294e19082ba9f0c5f168893,synthetic-shop.local,1,synthetic-shop.local,run-none87,,,ok,,,,20,20,20,False,,,,True,1,0,3e5ce72c29f71e30ee7c1608448cb456169233dba011fbd8657842a1c975fa1d,0,20,0,0,1.0,0.0,0.0,0,1,0,0,0,1.0,1.0,1.0,1.0,1.0,1.0,1.0,1.0,1.0
20261003T183020Z-b6869124,robustness,llm_full_html,syn-0009__field_reorder__02,html/syn-0009__field_reorder__02.html,,positive,True,20,20,20,0,0,1,20,0,0,20,0,0,20,0,0,robustness,html/syn-0009__field_reorder__02.html,syn-0009__field_reorder__02.html,run-none88,synthetic-shop.local,D:\Pet_Codes\science\article-price-tracker\synthetic\html\syn-0009__field_reorder__02.html,https://synthetic-shop.local/search/syn-0009,https://synthetic-shop.local/search/syn-0009,,,,raw_html,,6d774ed451a99abaaecf49c5071a1440aee46bbfc671bb1568c0aac9329986a3,6d774ed451a99abaaecf49c5071a1440aee46bbfc671bb1568c0aac9329986a3,html/syn-0009__field_reorder__02.html,syn-0009,nested_cards,html/syn-0009__field_reorder__02.html,construction_instruments,synthetic-v2-12to30,field_reorder,syn-0009__field_reorder__02,20,syn-0009__field_reorder__02,https://synthetic-shop.local/search/syn-0009,6d774ed451a99abaaecf49c5071a1440aee46bbfc671bb1568c0aac9329986a3,synthetic-shop.local,2,synthetic-shop.local,run-none88,,,ok,,,,20,20,20,False,,,,True,1,0,198397655f3c465db1f48db082f5d62e174e1be3252a2325d27fe8908dc6b671,0,20,0,0,1.0,0.0,0.0,0,1,0,0,0,1.0,1.0,1.0,1.0,1.0,1.0,1.0,1.0,1.0
20261003T183020Z-b6869124,robustness,llm_full_html,syn-0009__subtree_relocate__01,html/syn-0009__subtree_relocate__01.html,,positive,True,20,20,20,0,0,1,20,0,0,20,0,0,20,0,0,robustness,html/syn-0009__subtree_relocate__01.html,syn-0009__subtree_relocate__01.html,run-none89,synthetic-shop.local,D:\Pet_Codes\science\article-price-tracker\synthetic\html\syn-0009__subtree_relocate__01.html,https://synthetic-shop.local/search/syn-0009,https://synthetic-shop.local/search/syn-0009,,,,raw_html,,e08b02a4863eb09296d8949ab74b83288bd3ac2d74d429e48877599a638dbb38,e08b02a4863eb09296d8949ab74b83288bd3ac2d74d429e48877599a638dbb38,html/syn-0009__subtree_relocate__01.html,syn-0009,nested_cards,html/syn-0009__subtree_relocate__01.html,construction_instruments,synthetic-v2-12to30,subtree_relocate,syn-0009__subtree_relocate__01,20,syn-0009__subtree_relocate__01,https://synthetic-shop.local/search/syn-0009,e08b02a4863eb09296d8949ab74b83288bd3ac2d74d429e48877599a638dbb38,synthetic-shop.local,1,synthetic-shop.local,run-none89,,,ok,,,,20,20,20,False,,,,True,1,0,7f6ac20bca8af94f2a3ede8a25b7c61e5dfdd0f0bbc599ce270416bd668f071c,0,20,0,0,1.0,0.0,0.0,0,1,0,0,0,1.0,1.0,1.0,1.0,1.0,1.0,1.0,1.0,1.0
20261003T183020Z-b6869124,robustness,llm_full_html,syn-0009__subtree_relocate__02,html/syn-0009__subtree_relocate__02.html,,positive,True,20,20,20,0,0,1,20,0,0,20,0,0,20,0,0,robustness,html/syn-0009__subtree_relocate__02.html,syn-0009__subtree_relocate__02.html,run-none90,synthetic-shop.local,D:\Pet_Codes\science\article-price-tracker\synthetic\html\syn-0009__subtree_relocate__02.html,https://synthetic-shop.local/search/syn-0009,https://synthetic-shop.local/search/syn-0009,,,,raw_html,,d277b46e7a3364100a26216e5cf0cec391d562f25ad889720121b01c063ad9c8,d277b46e7a3364100a26216e5cf0cec391d562f25ad889720121b01c063ad9c8,html/syn-0009__subtree_relocate__02.html,syn-0009,nested_cards,html/syn-0009__subtree_relocate__02.html,construction_instruments,synthetic-v2-12to30,subtree_relocate,syn-0009__subtree_relocate__02,20,syn-0009__subtree_relocate__02,https://synthetic-shop.local/search/syn-0009,d277b46e7a3364100a26216e5cf0cec391d562f25ad889720121b01c063ad9c8,synthetic-shop.local,2,synthetic-shop.local,run-none90,,,ok,,,,20,20,20,False,,,,True,1,0,4174189c903ad3553d9039424ab5bd8ef90e07939ea1747669e95b5f6a6413ff,0,20,0,0,1.0,0.0,0.0,0,1,0,0,0,1.0,1.0,1.0,1.0,1.0,1.0,1.0,1.0,1.0
20261003T183020Z-b6869124,robustness,llm_full_html,syn-0010__class_rename__01,html/syn-0010__class_rename__01.html,,positive,True,22,22,22,0,0,1,22,0,0,22,0,0,22,0,0,robustness,html/syn-0010__class_rename__01.html,syn-0010__class_rename__01.html,run-none91,synthetic-shop.local,D:\Pet_Codes\science\article-price-tracker\synthetic\html\syn-0010__class_rename__01.html,https://synthetic-shop.local/search/syn-0010,https://synthetic-shop.local/search/syn-0010,,,,raw_html,,dacffa786ac975df7fc5a84d95c67e3f79fa172893964bc1c8b1d1ec8148b3f5,dacffa786ac975df7fc5a84d95c67e3f79fa172893964bc1c8b1d1ec8148b3f5,html/syn-0010__class_rename__01.html,syn-0010,mixed_markup,html/syn-0010__class_rename__01.html,construction_instruments,synthetic-v2-12to30,class_rename,syn-0010__class_rename__01,22,syn-0010__class_rename__01,https://synthetic-shop.local/search/syn-0010,dacffa786ac975df7fc5a84d95c67e3f79fa172893964bc1c8b1d1ec8148b3f5,synthetic-shop.local,1,synthetic-shop.local,run-none91,,,ok,,,,22,22,22,False,,,,True,1,0,0ab43ec8e99b493cee899fb145b6a8f24d0930a92fc42a6591bdcb00b48e969a,0,22,0,0,1.0,0.0,0.0,0,1,0,0,0,1.0,1.0,1.0,1.0,1.0,1.0,1.0,1.0,1.0
20261003T183020Z-b6869124,robustness,llm_full_html,syn-0010__class_rename__02,html/syn-0010__class_rename__02.html,,positive,True,22,22,22,0,0,1,22,0,0,22,0,0,22,0,0,robustness,html/syn-0010__class_rename__02.html,syn-0010__class_rename__02.html,run-none92,synthetic-shop.local,D:\Pet_Codes\science\article-price-tracker\synthetic\html\syn-0010__class_rename__02.html,https://synthetic-shop.local/search/syn-0010,https://synthetic-shop.local/search/syn-0010,,,,raw_html,,18296d00255d45e8fd766563fe7283ecbf4b78d8b7c1b3f01969513fdbf64cf8,18296d00255d45e8fd766563fe7283ecbf4b78d8b7c1b3f01969513fdbf64cf8,html/syn-0010__class_rename__02.html,syn-0010,mixed_markup,html/syn-0010__class_rename__02.html,construction_instruments,synthetic-v2-12to30,class_rename,syn-0010__class_rename__02,22,syn-0010__class_rename__02,https://synthetic-shop.local/search/syn-0010,18296d00255d45e8fd766563fe7283ecbf4b78d8b7c1b3f01969513fdbf64cf8,synthetic-shop.local,2,synthetic-shop.local,run-none92,,,ok,,,,22,22,22,False,,,,True,1,0,7602e3aa5fd3aa917d5b9cbfabeed96e50f9062603563cfe257d93309168e26e,0,22,0,0,1.0,0.0,0.0,0,1,0,0,0,1.0,1.0,1.0,1.0,1.0,1.0,1.0,1.0,1.0
20261003T183020Z-b6869124,robustness,llm_full_html,syn-0010__class_rename__03,html/syn-0010__class_rename__03.html,,positive,True,22,22,22,0,0,1,22,0,0,22,0,0,22,0,0,robustness,html/syn-0010__class_rename__03.html,syn-0010__class_rename__03.html,run-none93,synthetic-shop.local,D:\Pet_Codes\science\article-price-tracker\synthetic\html\syn-0010__class_rename__03.html,https://synthetic-shop.local/search/syn-0010,https://synthetic-shop.local/search/syn-0010,,,,raw_html,,be9fd194276cc51a0f922015ef5997bb93b849ceedcee4f5eb27f6397a5fdda0,be9fd194276cc51a0f922015ef5997bb93b849ceedcee4f5eb27f6397a5fdda0,html/syn-0010__class_rename__03.html,syn-0010,mixed_markup,html/syn-0010__class_rename__03.html,construction_instruments,synthetic-v2-12to30,class_rename,syn-0010__class_rename__03,22,syn-0010__class_rename__03,https://synthetic-shop.local/search/syn-0010,be9fd194276cc51a0f922015ef5997bb93b849ceedcee4f5eb27f6397a5fdda0,synthetic-shop.local,3,synthetic-shop.local,run-none93,,,ok,,,,22,22,22,False,,,,True,1,0,8611e06c2e8f3e0d3e32b5f062c808cff74248f4642551584403cf559bfee081,0,22,0,0,1.0,0.0,0.0,0,1,0,0,0,1.0,1.0,1.0,1.0,1.0,1.0,1.0,1.0,1.0
20261003T183020Z-b6869124,robustness,llm_full_html,syn-0010__wrapper_insert__01,html/syn-0010__wrapper_insert__01.html,,positive,True,22,22,22,0,0,1,22,0,0,22,0,0,22,0,0,robustness,html/syn-0010__wrapper_insert__01.html,syn-0010__wrapper_insert__01.html,run-none94,synthetic-shop.local,D:\Pet_Codes\science\article-price-tracker\synthetic\html\syn-0010__wrapper_insert__01.html,https://synthetic-shop.local/search/syn-0010,https://synthetic-shop.local/search/syn-0010,,,,raw_html,,7534598156ecc62fd0179d6f5704be8fe65a9fe3b2a89298adc133b05b891e80,7534598156ecc62fd0179d6f5704be8fe65a9fe3b2a89298adc133b05b891e80,html/syn-0010__wrapper_insert__01.html,syn-0010,mixed_markup,html/syn-0010__wrapper_insert__01.html,construction_instruments,synthetic-v2-12to30,wrapper_insert,syn-0010__wrapper_insert__01,22,syn-0010__wrapper_insert__01,https://synthetic-shop.local/search/syn-0010,7534598156ecc62fd0179d6f5704be8fe65a9fe3b2a89298adc133b05b891e80,synthetic-shop.local,1,synthetic-shop.local,run-none94,,,ok,,,,22,22,22,False,,,,True,1,0,51c122374538f7e75f6309762ff5aa7b320b24e7d321e6a9d0b87b9a15fea95a,0,22,0,0,1.0,0.0,0.0,0,1,0,0,0,1.0,1.0,1.0,1.0,1.0,1.0,1.0,1.0,1.0
20261003T183020Z-b6869124,robustness,llm_full_html,syn-0010__wrapper_insert__02,html/syn-0010__wrapper_insert__02.html,,positive,True,22,22,22,0,0,1,22,0,0,22,0,0,22,0,0,robustness,html/syn-0010__wrapper_insert__02.html,syn-0010__wrapper_insert__02.html,run-none95,synthetic-shop.local,D:\Pet_Codes\science\article-price-tracker\synthetic\html\syn-0010__wrapper_insert__02.html,https://synthetic-shop.local/search/syn-0010,https://synthetic-shop.local/search/syn-0010,,,,raw_html,,8e409cf52a54b4c4410223a7311d7a9d2b1a829ed6c5fb3a9b7900851185ba12,8e409cf52a54b4c4410223a7311d7a9d2b1a829ed6c5fb3a9b7900851185ba12,html/syn-0010__wrapper_insert__02.html,syn-0010,mixed_markup,html/syn-0010__wrapper_insert__02.html,construction_instruments,synthetic-v2-12to30,wrapper_insert,syn-0010__wrapper_insert__02,22,syn-0010__wrapper_insert__02,https://synthetic-shop.local/search/syn-0010,8e409cf52a54b4c4410223a7311d7a9d2b1a829ed6c5fb3a9b7900851185ba12,synthetic-shop.local,2,synthetic-shop.local,run-none95,,,ok,,,,22,22,22,False,,,,True,1,0,0a9881d6f8bcade60514aa339fa7d5235bfe949afd324dd6e6005d4e4c96dca7,0,22,0,0,1.0,0.0,0.0,0,1,0,0,0,1.0,1.0,1.0,1.0,1.0,1.0,1.0,1.0,1.0
20261003T183020Z-b6869124,robustness,llm_full_html,syn-0010__wrapper_insert__03,html/syn-0010__wrapper_insert__03.html,,positive,True,22,22,22,0,0,1,22,0,0,22,0,0,22,0,0,robustness,html/syn-0010__wrapper_insert__03.html,syn-0010__wrapper_insert__03.html,run-none96,synthetic-shop.local,D:\Pet_Codes\science\article-price-tracker\synthetic\html\syn-0010__wrapper_insert__03.html,https://synthetic-shop.local/search/syn-0010,https://synthetic-shop.local/search/syn-0010,,,,raw_html,,f2c1de514ddbc3f6aa6dd84eff476084e954ffaa6d551c85bb5e79f14e360a20,f2c1de514ddbc3f6aa6dd84eff476084e954ffaa6d551c85bb5e79f14e360a20,html/syn-0010__wrapper_insert__03.html,syn-0010,mixed_markup,html/syn-0010__wrapper_insert__03.html,construction_instruments,synthetic-v2-12to30,wrapper_insert,syn-0010__wrapper_insert__03,22,syn-0010__wrapper_insert__03,https://synthetic-shop.local/search/syn-0010,f2c1de514ddbc3f6aa6dd84eff476084e954ffaa6d551c85bb5e79f14e360a20,synthetic-shop.local,3,synthetic-shop.local,run-none96,,,ok,,,,22,22,22,False,,,,True,1,0,d515c8f5c60231dd3a60538d558e0af26aac134d8ed2e434d51f4789feb4ad8a,0,22,0,0,1.0,0.0,0.0,0,1,0,0,0,1.0,1.0,1.0,1.0,1.0,1.0,1.0,1.0,1.0
20261003T183020Z-b6869124,robustness,llm_full_html,syn-0010__field_reorder__01,html/syn-0010__field_reorder__01.html,,positive,True,22,22,22,0,0,1,22,0,0,22,0,0,22,0,0,robustness,html/syn-0010__field_reorder__01.html,syn-0010__field_reorder__01.html,run-none97,synthetic-shop.local,D:\Pet_Codes\science\article-price-tracker\synthetic\html\syn-0010__field_reorder__01.html,https://synthetic-shop.local/search/syn-0010,https://synthetic-shop.local/search/syn-0010,,,,raw_html,,f637348f3f32974987f66d644ceac2ab191d063d2a169a2d8cb2280736c24f5d,f637348f3f32974987f66d644ceac2ab191d063d2a169a2d8cb2280736c24f5d,html/syn-0010__field_reorder__01.html,syn-0010,mixed_markup,html/syn-0010__field_reorder__01.html,construction_instruments,synthetic-v2-12to30,field_reorder,syn-0010__field_reorder__01,22,syn-0010__field_reorder__01,https://synthetic-shop.local/search/syn-0010,f637348f3f32974987f66d644ceac2ab191d063d2a169a2d8cb2280736c24f5d,synthetic-shop.local,1,synthetic-shop.local,run-none97,,,ok,,,,22,22,22,False,,,,True,1,0,385263a28cf00c694bb90056b36134556ca36bf2add8cf96330e9344da52a5b5,0,22,0,0,1.0,0.0,0.0,0,1,0,0,0,1.0,1.0,1.0,1.0,1.0,1.0,1.0,1.0,1.0
20261003T183020Z-b6869124,robustness,llm_full_html,syn-0010__field_reorder__02,html/syn-0010__field_reorder__02.html,,positive,True,22,22,22,0,0,1,22,0,0,22,0,0,22,0,0,robustness,html/syn-0010__field_reorder__02.html,syn-0010__field_reorder__02.html,run-none98,synthetic-shop.local,D:\Pet_Codes\science\article-price-tracker\synthetic\html\syn-0010__field_reorder__02.html,https://synthetic-shop.local/search/syn-0010,https://synthetic-shop.local/search/syn-0010,,,,raw_html,,5a6224b99cfc54b8a26fc9316db86bf9dc433065fc9dee3b4ccdc8aae30e25e8,5a6224b99cfc54b8a26fc9316db86bf9dc433065fc9dee3b4ccdc8aae30e25e8,html/syn-0010__field_reorder__02.html,syn-0010,mixed_markup,html/syn-0010__field_reorder__02.html,construction_instruments,synthetic-v2-12to30,field_reorder,syn-0010__field_reorder__02,22,syn-0010__field_reorder__02,https://synthetic-shop.local/search/syn-0010,5a6224b99cfc54b8a26fc9316db86bf9dc433065fc9dee3b4ccdc8aae30e25e8,synthetic-shop.local,2,synthetic-shop.local,run-none98,,,ok,,,,22,22,22,False,,,,True,1,0,daa5cd0b240d8bf525a520de2fc6887f514222f982307dd0e3fb09035739261c,0,22,0,0,1.0,0.0,0.0,0,1,0,0,0,1.0,1.0,1.0,1.0,1.0,1.0,1.0,1.0,1.0
20261003T183020Z-b6869124,robustness,llm_full_html,syn-0010__subtree_relocate__01,html/syn-0010__subtree_relocate__01.html,,positive,True,22,22,22,0,0,1,22,0,0,22,0,0,22,0,0,robustness,html/syn-0010__subtree_relocate__01.html,syn-0010__subtree_relocate__01.html,run-none99,synthetic-shop.local,D:\Pet_Codes\science\article-price-tracker\synthetic\html\syn-0010__subtree_relocate__01.html,https://synthetic-shop.local/search/syn-0010,https://synthetic-shop.local/search/syn-0010,,,,raw_html,,b0a5deb930ea9690ffb4c4c5b567dda207ffbfac0a6d1bb3c36553900bc7255a,b0a5deb930ea9690ffb4c4c5b567dda207ffbfac0a6d1bb3c36553900bc7255a,html/syn-0010__subtree_relocate__01.html,syn-0010,mixed_markup,html/syn-0010__subtree_relocate__01.html,construction_instruments,synthetic-v2-12to30,subtree_relocate,syn-0010__subtree_relocate__01,22,syn-0010__subtree_relocate__01,https://synthetic-shop.local/search/syn-0010,b0a5deb930ea9690ffb4c4c5b567dda207ffbfac0a6d1bb3c36553900bc7255a,synthetic-shop.local,1,synthetic-shop.local,run-none99,,,ok,,,,22,22,22,False,,,,True,1,0,ef346bedfeded113a859d9cf85ef692bc6930d811b2c9e3a4e26e64330fd78e7,0,22,0,0,1.0,0.0,0.0,0,1,0,0,0,1.0,1.0,1.0,1.0,1.0,1.0,1.0,1.0,1.0
20261003T183020Z-b6869124,robustness,llm_full_html,syn-0010__subtree_relocate__02,html/syn-0010__subtree_relocate__02.html,,positive,True,22,22,22,0,0,1,22,0,0,22,0,0,22,0,0,robustness,html/syn-0010__subtree_relocate__02.html,syn-0010__subtree_relocate__02.html,run-none100,synthetic-shop.local,D:\Pet_Codes\science\article-price-tracker\synthetic\html\syn-0010__subtree_relocate__02.html,https://synthetic-shop.local/search/syn-0010,https://synthetic-shop.local/search/syn-0010,,,,raw_html,,f2ddda58a926b902aef0b64acc87384f6f1473a01c392d3c96822cb8d79abfa9,f2ddda58a926b902aef0b64acc87384f6f1473a01c392d3c96822cb8d79abfa9,html/syn-0010__subtree_relocate__02.html,syn-0010,mixed_markup,html/syn-0010__subtree_relocate__02.html,construction_instruments,synthetic-v2-12to30,subtree_relocate,syn-0010__subtree_relocate__02,22,syn-0010__subtree_relocate__02,https://synthetic-shop.local/search/syn-0010,f2ddda58a926b902aef0b64acc87384f6f1473a01c392d3c96822cb8d79abfa9,synthetic-shop.local,2,synthetic-shop.local,run-none100,,,ok,,,,22,22,22,False,,,,True,1,0,d84d9eb7f5d39e7e591b2217f0615e7e549be2f1ee780b23e01fa3546d59443f,0,22,0,0,1.0,0.0,0.0,0,1,0,0,0,1.0,1.0,1.0,1.0,1.0,1.0,1.0,1.0,1.0
20261003T183020Z-b6869124,robustness,llm_full_html,syn-0011__class_rename__01,html/syn-0011__class_rename__01.html,,positive,True,30,30,30,0,0,1,30,0,0,30,0,0,30,0,0,robustness,html/syn-0011__class_rename__01.html,syn-0011__class_rename__01.html,run-none101,synthetic-shop.local,D:\Pet_Codes\science\article-price-tracker\synthetic\html\syn-0011__class_rename__01.html,https://synthetic-shop.local/search/syn-0011,https://synthetic-shop.local/search/syn-0011,,,,raw_html,,b064e2ec72df517854931d33775af7f4816453d8adc7afc33f53c25b90cf4c9e,b064e2ec72df517854931d33775af7f4816453d8adc7afc33f53c25b90cf4c9e,html/syn-0011__class_rename__01.html,syn-0011,jsonld_cards,html/syn-0011__class_rename__01.html,stationery,synthetic-v2-12to30,class_rename,syn-0011__class_rename__01,30,syn-0011__class_rename__01,https://synthetic-shop.local/search/syn-0011,b064e2ec72df517854931d33775af7f4816453d8adc7afc33f53c25b90cf4c9e,synthetic-shop.local,1,synthetic-shop.local,run-none101,,,ok,,,,30,30,30,False,,,,True,2,0,d75b6812ca96631d1847e9a8ad4d42d05b9f37b30a9f2265898877cdb8adb715,0,30,0,0,1.0,0.0,0.0,0,1,0,0,0,1.0,1.0,1.0,1.0,1.0,1.0,1.0,1.0,1.0
20261003T183020Z-b6869124,robustness,llm_full_html,syn-0011__class_rename__02,html/syn-0011__class_rename__02.html,,positive,True,30,30,30,0,0,1,30,0,0,30,0,0,30,0,0,robustness,html/syn-0011__class_rename__02.html,syn-0011__class_rename__02.html,run-none102,synthetic-shop.local,D:\Pet_Codes\science\article-price-tracker\synthetic\html\syn-0011__class_rename__02.html,https://synthetic-shop.local/search/syn-0011,https://synthetic-shop.local/search/syn-0011,,,,raw_html,,60381767259f00052ee057cfa0b2ed896cd47b13e87fedd3803b194da854cea1,60381767259f00052ee057cfa0b2ed896cd47b13e87fedd3803b194da854cea1,html/syn-0011__class_rename__02.html,syn-0011,jsonld_cards,html/syn-0011__class_rename__02.html,stationery,synthetic-v2-12to30,class_rename,syn-0011__class_rename__02,30,syn-0011__class_rename__02,https://synthetic-shop.local/search/syn-0011,60381767259f00052ee057cfa0b2ed896cd47b13e87fedd3803b194da854cea1,synthetic-shop.local,2,synthetic-shop.local,run-none102,,,ok,,,,30,30,30,False,,,,True,1,0,f4f2bd99fecb71593b9004ec90fb123dcc430165199416af05ac83c1f528d593,0,30,0,0,1.0,0.0,0.0,0,1,0,0,0,1.0,1.0,1.0,1.0,1.0,1.0,1.0,1.0,1.0
20261003T183020Z-b6869124,robustness,llm_full_html,syn-0011__class_rename__03,html/syn-0011__class_rename__03.html,,positive,True,30,30,30,0,0,1,30,0,0,30,0,0,30,0,0,robustness,html/syn-0011__class_rename__03.html,syn-0011__class_rename__03.html,run-none103,synthetic-shop.local,D:\Pet_Codes\science\article-price-tracker\synthetic\html\syn-0011__class_rename__03.html,https://synthetic-shop.local/search/syn-0011,https://synthetic-shop.local/search/syn-0011,,,,raw_html,,489b7826378c4d73dc567689c6c8a42a17b59cba615cef31b54439ce235891a7,489b7826378c4d73dc567689c6c8a42a17b59cba615cef31b54439ce235891a7,html/syn-0011__class_rename__03.html,syn-0011,jsonld_cards,html/syn-0011__class_rename__03.html,stationery,synthetic-v2-12to30,class_rename,syn-0011__class_rename__03,30,syn-0011__class_rename__03,https://synthetic-shop.local/search/syn-0011,489b7826378c4d73dc567689c6c8a42a17b59cba615cef31b54439ce235891a7,synthetic-shop.local,3,synthetic-shop.local,run-none103,,,ok,,,,30,30,30,False,,,,True,1,0,4d917ff7a3fce54e7ad85ae034944f25ca59e3fb674fc95b25d206c3a59b8e95,0,30,0,0,1.0,0.0,0.0,0,1,0,0,0,1.0,1.0,1.0,1.0,1.0,1.0,1.0,1.0,1.0
20261003T183020Z-b6869124,robustness,llm_full_html,syn-0011__wrapper_insert__01,html/syn-0011__wrapper_insert__01.html,,positive,True,30,30,30,0,0,1,30,0,0,30,0,0,30,0,0,robustness,html/syn-0011__wrapper_insert__01.html,syn-0011__wrapper_insert__01.html,run-none104,synthetic-shop.local,D:\Pet_Codes\science\article-price-tracker\synthetic\html\syn-0011__wrapper_insert__01.html,https://synthetic-shop.local/search/syn-0011,https://synthetic-shop.local/search/syn-0011,,,,raw_html,,2e371012fe4b3a3aa503acd5e233245202e0f14defb8c31a251c56ba3c687352,2e371012fe4b3a3aa503acd5e233245202e0f14defb8c31a251c56ba3c687352,html/syn-0011__wrapper_insert__01.html,syn-0011,jsonld_cards,html/syn-0011__wrapper_insert__01.html,stationery,synthetic-v2-12to30,wrapper_insert,syn-0011__wrapper_insert__01,30,syn-0011__wrapper_insert__01,https://synthetic-shop.local/search/syn-0011,2e371012fe4b3a3aa503acd5e233245202e0f14defb8c31a251c56ba3c687352,synthetic-shop.local,1,synthetic-shop.local,run-none104,,,ok,,,,30,30,30,False,,,,True,1,0,e520a7327ac77b2d06e9fd0dec3758707c7b82657dba763172da97ae912f99a0,0,30,0,0,1.0,0.0,0.0,0,1,0,0,0,1.0,1.0,1.0,1.0,1.0,1.0,1.0,1.0,1.0
20261003T183020Z-b6869124,robustness,llm_full_html,syn-0011__wrapper_insert__02,html/syn-0011__wrapper_insert__02.html,,positive,True,30,30,30,0,0,1,30,0,0,30,0,0,30,0,0,robustness,html/syn-0011__wrapper_insert__02.html,syn-0011__wrapper_insert__02.html,run-none105,synthetic-shop.local,D:\Pet_Codes\science\article-price-tracker\synthetic\html\syn-0011__wrapper_insert__02.html,https://synthetic-shop.local/search/syn-0011,https://synthetic-shop.local/search/syn-0011,,,,raw_html,,47186f80de9539434bae440ccb780093093f4b933fbddec3d86e08a9117badab,47186f80de9539434bae440ccb780093093f4b933fbddec3d86e08a9117badab,html/syn-0011__wrapper_insert__02.html,syn-0011,jsonld_cards,html/syn-0011__wrapper_insert__02.html,stationery,synthetic-v2-12to30,wrapper_insert,syn-0011__wrapper_insert__02,30,syn-0011__wrapper_insert__02,https://synthetic-shop.local/search/syn-0011,47186f80de9539434bae440ccb780093093f4b933fbddec3d86e08a9117badab,synthetic-shop.local,2,synthetic-shop.local,run-none105,,,ok,,,,30,30,30,False,,,,True,1,0,9ad3d6c81f560e274578e4f755e91cf7f8bf21af155b0fdf88a67a23bb0bbf8f,0,30,0,0,1.0,0.0,0.0,0,1,0,0,0,1.0,1.0,1.0,1.0,1.0,1.0,1.0,1.0,1.0
20261003T183020Z-b6869124,robustness,llm_full_html,syn-0011__wrapper_insert__03,html/syn-0011__wrapper_insert__03.html,,positive,True,30,30,30,0,0,1,30,0,0,30,0,0,30,0,0,robustness,html/syn-0011__wrapper_insert__03.html,syn-0011__wrapper_insert__03.html,run-none106,synthetic-shop.local,D:\Pet_Codes\science\article-price-tracker\synthetic\html\syn-0011__wrapper_insert__03.html,https://synthetic-shop.local/search/syn-0011,https://synthetic-shop.local/search/syn-0011,,,,raw_html,,4cc6c2c2e2a6facf5329e92c41c94104422817cdb0054a03625b1da576c1b06d,4cc6c2c2e2a6facf5329e92c41c94104422817cdb0054a03625b1da576c1b06d,html/syn-0011__wrapper_insert__03.html,syn-0011,jsonld_cards,html/syn-0011__wrapper_insert__03.html,stationery,synthetic-v2-12to30,wrapper_insert,syn-0011__wrapper_insert__03,30,syn-0011__wrapper_insert__03,https://synthetic-shop.local/search/syn-0011,4cc6c2c2e2a6facf5329e92c41c94104422817cdb0054a03625b1da576c1b06d,synthetic-shop.local,3,synthetic-shop.local,run-none106,,,ok,,,,30,30,30,False,,,,True,1,0,da6958daba74fec8c27f5cd183269d92d555ee802809c32f78ec9fe636829dad,0,30,0,0,1.0,0.0,0.0,0,1,0,0,0,1.0,1.0,1.0,1.0,1.0,1.0,1.0,1.0,1.0
20261003T183020Z-b6869124,robustness,llm_full_html,syn-0011__field_reorder__01,html/syn-0011__field_reorder__01.html,,positive,True,30,30,30,0,0,1,30,0,0,30,0,0,30,0,0,robustness,html/syn-0011__field_reorder__01.html,syn-0011__field_reorder__01.html,run-none107,synthetic-shop.local,D:\Pet_Codes\science\article-price-tracker\synthetic\html\syn-0011__field_reorder__01.html,https://synthetic-shop.local/search/syn-0011,https://synthetic-shop.local/search/syn-0011,,,,raw_html,,ede863eb3f3d36fce43ce97adcc7a43d3ebf6178e736ccd57b761694041ff4f6,ede863eb3f3d36fce43ce97adcc7a43d3ebf6178e736ccd57b761694041ff4f6,html/syn-0011__field_reorder__01.html,syn-0011,jsonld_cards,html/syn-0011__field_reorder__01.html,stationery,synthetic-v2-12to30,field_reorder,syn-0011__field_reorder__01,30,syn-0011__field_reorder__01,https://synthetic-shop.local/search/syn-0011,ede863eb3f3d36fce43ce97adcc7a43d3ebf6178e736ccd57b761694041ff4f6,synthetic-shop.local,1,synthetic-shop.local,run-none107,,,ok,,,,30,30,30,False,,,,True,1,0,2e75f28bc04aee41933c974578f8d1f006055388eb7f4768df64e020cb9aaaf5,0,30,0,0,1.0,0.0,0.0,0,1,0,0,0,1.0,1.0,1.0,1.0,1.0,1.0,1.0,1.0,1.0
20261003T183020Z-b6869124,robustness,llm_full_html,syn-0011__field_reorder__02,html/syn-0011__field_reorder__02.html,,positive,True,30,30,30,0,0,1,30,0,0,30,0,0,30,0,0,robustness,html/syn-0011__field_reorder__02.html,syn-0011__field_reorder__02.html,run-none108,synthetic-shop.local,D:\Pet_Codes\science\article-price-tracker\synthetic\html\syn-0011__field_reorder__02.html,https://synthetic-shop.local/search/syn-0011,https://synthetic-shop.local/search/syn-0011,,,,raw_html,,fd3f4225873a1d9160e6834e6d9ee87f726e4399328f655d6481aa8d1c0ac605,fd3f4225873a1d9160e6834e6d9ee87f726e4399328f655d6481aa8d1c0ac605,html/syn-0011__field_reorder__02.html,syn-0011,jsonld_cards,html/syn-0011__field_reorder__02.html,stationery,synthetic-v2-12to30,field_reorder,syn-0011__field_reorder__02,30,syn-0011__field_reorder__02,https://synthetic-shop.local/search/syn-0011,fd3f4225873a1d9160e6834e6d9ee87f726e4399328f655d6481aa8d1c0ac605,synthetic-shop.local,2,synthetic-shop.local,run-none108,,,ok,,,,30,30,30,False,,,,True,1,0,1617a9e282247354a8060dcf1c7166ace710a8420732d4c18e5acc2a882a7456,0,30,0,0,1.0,0.0,0.0,0,1,0,0,0,1.0,1.0,1.0,1.0,1.0,1.0,1.0,1.0,1.0
20261003T183020Z-b6869124,robustness,llm_full_html,syn-0011__subtree_relocate__01,html/syn-0011__subtree_relocate__01.html,,positive,True,30,30,30,0,0,1,30,0,0,30,0,0,30,0,0,robustness,html/syn-0011__subtree_relocate__01.html,syn-0011__subtree_relocate__01.html,run-none109,synthetic-shop.local,D:\Pet_Codes\science\article-price-tracker\synthetic\html\syn-0011__subtree_relocate__01.html,https://synthetic-shop.local/search/syn-0011,https://synthetic-shop.local/search/syn-0011,,,,raw_html,,f3b660b0ff9df331da45e50a18a4fda9ba82f27bc3b223c3748c5c82ea65c5da,f3b660b0ff9df331da45e50a18a4fda9ba82f27bc3b223c3748c5c82ea65c5da,html/syn-0011__subtree_relocate__01.html,syn-0011,jsonld_cards,html/syn-0011__subtree_relocate__01.html,stationery,synthetic-v2-12to30,subtree_relocate,syn-0011__subtree_relocate__01,30,syn-0011__subtree_relocate__01,https://synthetic-shop.local/search/syn-0011,f3b660b0ff9df331da45e50a18a4fda9ba82f27bc3b223c3748c5c82ea65c5da,synthetic-shop.local,1,synthetic-shop.local,run-none109,,,ok,,,,30,30,30,False,,,,True,1,0,7a60ee4b8fe2aaee48875426cbf0d84efe74fe6119342095fdf9165bfeb0836b,0,30,0,0,1.0,0.0,0.0,0,1,0,0,0,1.0,1.0,1.0,1.0,1.0,1.0,1.0,1.0,1.0
20261003T183020Z-b6869124,robustness,llm_full_html,syn-0011__subtree_relocate__02,html/syn-0011__subtree_relocate__02.html,,positive,True,30,30,30,0,0,1,30,0,0,30,0,0,30,0,0,robustness,html/syn-0011__subtree_relocate__02.html,syn-0011__subtree_relocate__02.html,run-none110,synthetic-shop.local,D:\Pet_Codes\science\article-price-tracker\synthetic\html\syn-0011__subtree_relocate__02.html,https://synthetic-shop.local/search/syn-0011,https://synthetic-shop.local/search/syn-0011,,,,raw_html,,d12bf5311b2e07358f77a930b6420601640eee3927c4674eb5964d0dfde9205d,d12bf5311b2e07358f77a930b6420601640eee3927c4674eb5964d0dfde9205d,html/syn-0011__subtree_relocate__02.html,syn-0011,jsonld_cards,html/syn-0011__subtree_relocate__02.html,stationery,synthetic-v2-12to30,subtree_relocate,syn-0011__subtree_relocate__02,30,syn-0011__subtree_relocate__02,https://synthetic-shop.local/search/syn-0011,d12bf5311b2e07358f77a930b6420601640eee3927c4674eb5964d0dfde9205d,synthetic-shop.local,2,synthetic-shop.local,run-none110,,,ok,,,,30,30,30,False,,,,True,1,0,624f7f1d50872965020b337ec9da669ba08e6c449cbb7eaf4cea05d6cca1c9d9,0,30,0,0,1.0,0.0,0.0,0,1,0,0,0,1.0,1.0,1.0,1.0,1.0,1.0,1.0,1.0,1.0
20261003T183020Z-b6869124,robustness,llm_full_html,syn-0012__class_rename__01,html/syn-0012__class_rename__01.html,,positive,True,12,12,12,0,0,1,12,0,0,12,0,0,12,0,0,robustness,html/syn-0012__class_rename__01.html,syn-0012__class_rename__01.html,run-none111,synthetic-shop.local,D:\Pet_Codes\science\article-price-tracker\synthetic\html\syn-0012__class_rename__01.html,https://synthetic-shop.local/search/syn-0012,https://synthetic-shop.local/search/syn-0012,,,,raw_html,,902f25a271810dfc382b1145914cd5b36f8336ddfa2f5dec7dcaea5397801068,902f25a271810dfc382b1145914cd5b36f8336ddfa2f5dec7dcaea5397801068,html/syn-0012__class_rename__01.html,syn-0012,microdata_cards,html/syn-0012__class_rename__01.html,stationery,synthetic-v2-12to30,class_rename,syn-0012__class_rename__01,12,syn-0012__class_rename__01,https://synthetic-shop.local/search/syn-0012,902f25a271810dfc382b1145914cd5b36f8336ddfa2f5dec7dcaea5397801068,synthetic-shop.local,1,synthetic-shop.local,run-none111,,,ok,,,,12,12,12,False,,,,True,1,0,0316f82849c49d75474410c1fc8feaf87eafc3b6afc4967b67171b61604d4925,0,12,0,0,1.0,0.0,0.0,0,1,0,0,0,1.0,1.0,1.0,1.0,1.0,1.0,1.0,1.0,1.0
20261003T183020Z-b6869124,robustness,llm_full_html,syn-0012__class_rename__02,html/syn-0012__class_rename__02.html,,positive,True,12,12,12,0,0,1,12,0,0,12,0,0,12,0,0,robustness,html/syn-0012__class_rename__02.html,syn-0012__class_rename__02.html,run-none112,synthetic-shop.local,D:\Pet_Codes\science\article-price-tracker\synthetic\html\syn-0012__class_rename__02.html,https://synthetic-shop.local/search/syn-0012,https://synthetic-shop.local/search/syn-0012,,,,raw_html,,83aef58b8f5b9382109b2e80e1d1d4c6dc6e3c0ff57fc7ae639592f10d33e350,83aef58b8f5b9382109b2e80e1d1d4c6dc6e3c0ff57fc7ae639592f10d33e350,html/syn-0012__class_rename__02.html,syn-0012,microdata_cards,html/syn-0012__class_rename__02.html,stationery,synthetic-v2-12to30,class_rename,syn-0012__class_rename__02,12,syn-0012__class_rename__02,https://synthetic-shop.local/search/syn-0012,83aef58b8f5b9382109b2e80e1d1d4c6dc6e3c0ff57fc7ae639592f10d33e350,synthetic-shop.local,2,synthetic-shop.local,run-none112,,,ok,,,,12,12,12,False,,,,True,1,0,9633ef8ec2d2881f4bd81df11ee5d284533ca26c02d2cef99483b324e823025b,0,12,0,0,1.0,0.0,0.0,0,1,0,0,0,1.0,1.0,1.0,1.0,1.0,1.0,1.0,1.0,1.0
20261003T183020Z-b6869124,robustness,llm_full_html,syn-0012__class_rename__03,html/syn-0012__class_rename__03.html,,positive,True,12,12,12,0,0,1,12,0,0,12,0,0,12,0,0,robustness,html/syn-0012__class_rename__03.html,syn-0012__class_rename__03.html,run-none113,synthetic-shop.local,D:\Pet_Codes\science\article-price-tracker\synthetic\html\syn-0012__class_rename__03.html,https://synthetic-shop.local/search/syn-0012,https://synthetic-shop.local/search/syn-0012,,,,raw_html,,b38652f47376f14d8e84c9a1fb0a56f4962fdaec9a9af47810060147143021dd,b38652f47376f14d8e84c9a1fb0a56f4962fdaec9a9af47810060147143021dd,html/syn-0012__class_rename__03.html,syn-0012,microdata_cards,html/syn-0012__class_rename__03.html,stationery,synthetic-v2-12to30,class_rename,syn-0012__class_rename__03,12,syn-0012__class_rename__03,https://synthetic-shop.local/search/syn-0012,b38652f47376f14d8e84c9a1fb0a56f4962fdaec9a9af47810060147143021dd,synthetic-shop.local,3,synthetic-shop.local,run-none113,,,ok,,,,12,12,12,False,,,,True,1,0,0707c2f0523a2eaacd35e8559e1390596de1e6268739506bb93a0ca12b4fc2f4,0,12,0,0,1.0,0.0,0.0,0,1,0,0,0,1.0,1.0,1.0,1.0,1.0,1.0,1.0,1.0,1.0
20261003T183020Z-b6869124,robustness,llm_full_html,syn-0012__wrapper_insert__01,html/syn-0012__wrapper_insert__01.html,,positive,True,12,12,12,0,0,1,12,0,0,12,0,0,12,0,0,robustness,html/syn-0012__wrapper_insert__01.html,syn-0012__wrapper_insert__01.html,run-none114,synthetic-shop.local,D:\Pet_Codes\science\article-price-tracker\synthetic\html\syn-0012__wrapper_insert__01.html,https://synthetic-shop.local/search/syn-0012,https://synthetic-shop.local/search/syn-0012,,,,raw_html,,b525539b8dd0c64b132133728df122819af194356f71eb2b147ffa92621fe1be,b525539b8dd0c64b132133728df122819af194356f71eb2b147ffa92621fe1be,html/syn-0012__wrapper_insert__01.html,syn-0012,microdata_cards,html/syn-0012__wrapper_insert__01.html,stationery,synthetic-v2-12to30,wrapper_insert,syn-0012__wrapper_insert__01,12,syn-0012__wrapper_insert__01,https://synthetic-shop.local/search/syn-0012,b525539b8dd0c64b132133728df122819af194356f71eb2b147ffa92621fe1be,synthetic-shop.local,1,synthetic-shop.local,run-none114,,,ok,,,,12,12,12,False,,,,True,1,0,6f8b07f73fc046315af7aa8940add1d8c1039829d98e7ef0fcad4710234c19c7,0,12,0,0,1.0,0.0,0.0,0,1,0,0,0,1.0,1.0,1.0,1.0,1.0,1.0,1.0,1.0,1.0
20261003T183020Z-b6869124,robustness,llm_full_html,syn-0012__wrapper_insert__02,html/syn-0012__wrapper_insert__02.html,,positive,True,12,12,12,0,0,1,12,0,0,12,0,0,12,0,0,robustness,html/syn-0012__wrapper_insert__02.html,syn-0012__wrapper_insert__02.html,run-none115,synthetic-shop.local,D:\Pet_Codes\science\article-price-tracker\synthetic\html\syn-0012__wrapper_insert__02.html,https://synthetic-shop.local/search/syn-0012,https://synthetic-shop.local/search/syn-0012,,,,raw_html,,8fb5a8cc383752b8760e664efedf66ce833a67b2aac49b198bf70b4b2c27ae77,8fb5a8cc383752b8760e664efedf66ce833a67b2aac49b198bf70b4b2c27ae77,html/syn-0012__wrapper_insert__02.html,syn-0012,microdata_cards,html/syn-0012__wrapper_insert__02.html,stationery,synthetic-v2-12to30,wrapper_insert,syn-0012__wrapper_insert__02,12,syn-0012__wrapper_insert__02,https://synthetic-shop.local/search/syn-0012,8fb5a8cc383752b8760e664efedf66ce833a67b2aac49b198bf70b4b2c27ae77,synthetic-shop.local,2,synthetic-shop.local,run-none115,,,ok,,,,12,12,12,False,,,,True,1,0,959900ad207f875af5b611e348015c240a6b67fb7a73b4fb64f743a20341a696,0,12,0,0,1.0,0.0,0.0,0,1,0,0,0,1.0,1.0,1.0,1.0,1.0,1.0,1.0,1.0,1.0
20261003T183020Z-b6869124,robustness,llm_full_html,syn-0012__wrapper_insert__03,html/syn-0012__wrapper_insert__03.html,,positive,True,12,12,12,0,0,1,12,0,0,12,0,0,12,0,0,robustness,html/syn-0012__wrapper_insert__03.html,syn-0012__wrapper_insert__03.html,run-none116,synthetic-shop.local,D:\Pet_Codes\science\article-price-tracker\synthetic\html\syn-0012__wrapper_insert__03.html,https://synthetic-shop.local/search/syn-0012,https://synthetic-shop.local/search/syn-0012,,,,raw_html,,bd5562a8154fc8a6bd13e25bd3d3be389a2ae93b79d474018ca5cf2d8f253850,bd5562a8154fc8a6bd13e25bd3d3be389a2ae93b79d474018ca5cf2d8f253850,html/syn-0012__wrapper_insert__03.html,syn-0012,microdata_cards,html/syn-0012__wrapper_insert__03.html,stationery,synthetic-v2-12to30,wrapper_insert,syn-0012__wrapper_insert__03,12,syn-0012__wrapper_insert__03,https://synthetic-shop.local/search/syn-0012,bd5562a8154fc8a6bd13e25bd3d3be389a2ae93b79d474018ca5cf2d8f253850,synthetic-shop.local,3,synthetic-shop.local,run-none116,,,ok,,,,12,12,12,False,,,,True,1,0,4dbb9134e6b6ceb807896ce67c0ee4091ca4b18ac5fac1982fa6dd395c1cc965,0,12,0,0,1.0,0.0,0.0,0,1,0,0,0,1.0,1.0,1.0,1.0,1.0,1.0,1.0,1.0,1.0
20261003T183020Z-b6869124,robustness,llm_full_html,syn-0012__field_reorder__01,html/syn-0012__field_reorder__01.html,,positive,True,12,12,12,0,0,1,12,0,0,12,0,0,12,0,0,robustness,html/syn-0012__field_reorder__01.html,syn-0012__field_reorder__01.html,run-none117,synthetic-shop.local,D:\Pet_Codes\science\article-price-tracker\synthetic\html\syn-0012__field_reorder__01.html,https://synthetic-shop.local/search/syn-0012,https://synthetic-shop.local/search/syn-0012,,,,raw_html,,806e13a85fcee7677974fc0c688822f380068a1300c78fb374c6ab379d6be2fe,806e13a85fcee7677974fc0c688822f380068a1300c78fb374c6ab379d6be2fe,html/syn-0012__field_reorder__01.html,syn-0012,microdata_cards,html/syn-0012__field_reorder__01.html,stationery,synthetic-v2-12to30,field_reorder,syn-0012__field_reorder__01,12,syn-0012__field_reorder__01,https://synthetic-shop.local/search/syn-0012,806e13a85fcee7677974fc0c688822f380068a1300c78fb374c6ab379d6be2fe,synthetic-shop.local,1,synthetic-shop.local,run-none117,,,ok,,,,12,12,12,False,,,,True,1,0,dfccc2bba34ebcb44d108e430280fdf92d139992843d0e8cce917dc58bd71d8d,0,12,0,0,1.0,0.0,0.0,0,1,0,0,0,1.0,1.0,1.0,1.0,1.0,1.0,1.0,1.0,1.0
20261003T183020Z-b6869124,robustness,llm_full_html,syn-0012__field_reorder__02,html/syn-0012__field_reorder__02.html,,positive,True,12,12,12,0,0,1,12,0,0,12,0,0,12,0,0,robustness,html/syn-0012__field_reorder__02.html,syn-0012__field_reorder__02.html,run-none118,synthetic-shop.local,D:\Pet_Codes\science\article-price-tracker\synthetic\html\syn-0012__field_reorder__02.html,https://synthetic-shop.local/search/syn-0012,https://synthetic-shop.local/search/syn-0012,,,,raw_html,,c62b7d380e37b1de46ed7efa9b3fcfa72ad960c6130f07d6008cf98e80f70fb3,c62b7d380e37b1de46ed7efa9b3fcfa72ad960c6130f07d6008cf98e80f70fb3,html/syn-0012__field_reorder__02.html,syn-0012,microdata_cards,html/syn-0012__field_reorder__02.html,stationery,synthetic-v2-12to30,field_reorder,syn-0012__field_reorder__02,12,syn-0012__field_reorder__02,https://synthetic-shop.local/search/syn-0012,c62b7d380e37b1de46ed7efa9b3fcfa72ad960c6130f07d6008cf98e80f70fb3,synthetic-shop.local,2,synthetic-shop.local,run-none118,,,ok,,,,12,12,12,False,,,,True,1,0,a8ff19a01e310ba38b47637f1c7f24db096961422887c9d044b27c15dbffe9b0,0,12,0,0,1.0,0.0,0.0,0,1,0,0,0,1.0,1.0,1.0,1.0,1.0,1.0,1.0,1.0,1.0
20261003T183020Z-b6869124,robustness,llm_full_html,syn-0012__subtree_relocate__01,html/syn-0012__subtree_relocate__01.html,,positive,True,12,12,12,0,0,1,12,0,0,12,0,0,12,0,0,robustness,html/syn-0012__subtree_relocate__01.html,syn-0012__subtree_relocate__01.html,run-none119,synthetic-shop.local,D:\Pet_Codes\science\article-price-tracker\synthetic\html\syn-0012__subtree_relocate__01.html,https://synthetic-shop.local/search/syn-0012,https://synthetic-shop.local/search/syn-0012,,,,raw_html,,340038ca1d2f594879169b30c24be98dd15c969f359ec061db72e58d628badc2,340038ca1d2f594879169b30c24be98dd15c969f359ec061db72e58d628badc2,html/syn-0012__subtree_relocate__01.html,syn-0012,microdata_cards,html/syn-0012__subtree_relocate__01.html,stationery,synthetic-v2-12to30,subtree_relocate,syn-0012__subtree_relocate__01,12,syn-0012__subtree_relocate__01,https://synthetic-shop.local/search/syn-0012,340038ca1d2f594879169b30c24be98dd15c969f359ec061db72e58d628badc2,synthetic-shop.local,1,synthetic-shop.local,run-none119,,,ok,,,,12,12,12,False,,,,True,1,0,60d27b64e3cbbbd4297c323ecfe7c6977c90b72b145ed047497438c7714e7d2f,0,12,0,0,1.0,0.0,0.0,0,1,0,0,0,1.0,1.0,1.0,1.0,1.0,1.0,1.0,1.0,1.0
20261003T183020Z-b6869124,robustness,llm_full_html,syn-0012__subtree_relocate__02,html/syn-0012__subtree_relocate__02.html,,positive,True,12,12,12,0,0,1,12,0,0,12,0,0,12,0,0,robustness,html/syn-0012__subtree_relocate__02.html,syn-0012__subtree_relocate__02.html,run-none120,synthetic-shop.local,D:\Pet_Codes\science\article-price-tracker\synthetic\html\syn-0012__subtree_relocate__02.html,https://synthetic-shop.local/search/syn-0012,https://synthetic-shop.local/search/syn-0012,,,,raw_html,,efec20a3048eaf4f38abe940f35199152f62427fb0c2fcc9bae9177edc54fd15,efec20a3048eaf4f38abe940f35199152f62427fb0c2fcc9bae9177edc54fd15,html/syn-0012__subtree_relocate__02.html,syn-0012,microdata_cards,html/syn-0012__subtree_relocate__02.html,stationery,synthetic-v2-12to30,subtree_relocate,syn-0012__subtree_relocate__02,12,syn-0012__subtree_relocate__02,https://synthetic-shop.local/search/syn-0012,efec20a3048eaf4f38abe940f35199152f62427fb0c2fcc9bae9177edc54fd15,synthetic-shop.local,2,synthetic-shop.local,run-none120,,,ok,,,,12,12,12,False,,,,True,1,0,f67dabce76e1bfab28f9b4190a160a5ce859e8486e846fa3d85ad777cf1b3874,0,12,0,0,1.0,0.0,0.0,0,1,0,0,0,1.0,1.0,1.0,1.0,1.0,1.0,1.0,1.0,1.0
20261003T183020Z-b6869124,robustness,llm_full_html,syn-0013__class_rename__01,html/syn-0013__class_rename__01.html,,positive,True,26,26,26,0,0,1,26,0,0,26,0,0,26,0,0,robustness,html/syn-0013__class_rename__01.html,syn-0013__class_rename__01.html,run-none121,synthetic-shop.local,D:\Pet_Codes\science\article-price-tracker\synthetic\html\syn-0013__class_rename__01.html,https://synthetic-shop.local/search/syn-0013,https://synthetic-shop.local/search/syn-0013,,,,raw_html,,639cde8cd532827ceb4f97c5acf0d97d65a875549f037e9163f0f1da97887841,639cde8cd532827ceb4f97c5acf0d97d65a875549f037e9163f0f1da97887841,html/syn-0013__class_rename__01.html,syn-0013,plain_cards,html/syn-0013__class_rename__01.html,stationery,synthetic-v2-12to30,class_rename,syn-0013__class_rename__01,26,syn-0013__class_rename__01,https://synthetic-shop.local/search/syn-0013,639cde8cd532827ceb4f97c5acf0d97d65a875549f037e9163f0f1da97887841,synthetic-shop.local,1,synthetic-shop.local,run-none121,,,ok,,,,26,26,26,False,,,,True,1,0,37b5000ba9e9da762a1146fd4937003615d8c895c0111166e332e3d49fe30566,0,26,0,0,1.0,0.0,0.0,0,1,0,0,0,1.0,1.0,1.0,1.0,1.0,1.0,1.0,1.0,1.0
20261003T183020Z-b6869124,robustness,llm_full_html,syn-0013__class_rename__02,html/syn-0013__class_rename__02.html,,positive,True,26,26,26,0,0,1,26,0,0,26,0,0,26,0,0,robustness,html/syn-0013__class_rename__02.html,syn-0013__class_rename__02.html,run-none122,synthetic-shop.local,D:\Pet_Codes\science\article-price-tracker\synthetic\html\syn-0013__class_rename__02.html,https://synthetic-shop.local/search/syn-0013,https://synthetic-shop.local/search/syn-0013,,,,raw_html,,c26d602106edac44b0c33b527d0b9e9762baf2d0d887adcd88e5be817c537445,c26d602106edac44b0c33b527d0b9e9762baf2d0d887adcd88e5be817c537445,html/syn-0013__class_rename__02.html,syn-0013,plain_cards,html/syn-0013__class_rename__02.html,stationery,synthetic-v2-12to30,class_rename,syn-0013__class_rename__02,26,syn-0013__class_rename__02,https://synthetic-shop.local/search/syn-0013,c26d602106edac44b0c33b527d0b9e9762baf2d0d887adcd88e5be817c537445,synthetic-shop.local,2,synthetic-shop.local,run-none122,,,ok,,,,26,26,26,False,,,,True,1,0,1bed08d5a858858b33dba6adb40518e4ac8fba5eed2b313b82b5f7d3c91709ee,0,26,0,0,1.0,0.0,0.0,0,1,0,0,0,1.0,1.0,1.0,1.0,1.0,1.0,1.0,1.0,1.0
20261003T183020Z-b6869124,robustness,llm_full_html,syn-0013__class_rename__03,html/syn-0013__class_rename__03.html,,positive,True,26,26,26,0,0,1,26,0,0,26,0,0,26,0,0,robustness,html/syn-0013__class_rename__03.html,syn-0013__class_rename__03.html,run-none123,synthetic-shop.local,D:\Pet_Codes\science\article-price-tracker\synthetic\html\syn-0013__class_rename__03.html,https://synthetic-shop.local/search/syn-0013,https://synthetic-shop.local/search/syn-0013,,,,raw_html,,9d2c0c6730ec0d48a6ab8ee145031c5ad79c662552dca04c4e4cdefbd988b5b8,9d2c0c6730ec0d48a6ab8ee145031c5ad79c662552dca04c4e4cdefbd988b5b8,html/syn-0013__class_rename__03.html,syn-0013,plain_cards,html/syn-0013__class_rename__03.html,stationery,synthetic-v2-12to30,class_rename,syn-0013__class_rename__03,26,syn-0013__class_rename__03,https://synthetic-shop.local/search/syn-0013,9d2c0c6730ec0d48a6ab8ee145031c5ad79c662552dca04c4e4cdefbd988b5b8,synthetic-shop.local,3,synthetic-shop.local,run-none123,,,ok,,,,26,26,26,False,,,,True,1,0,81ee90d849e634f857a03607c0629fcc9807467b099c4d40959e6454335fa764,0,26,0,0,1.0,0.0,0.0,0,1,0,0,0,1.0,1.0,1.0,1.0,1.0,1.0,1.0,1.0,1.0
20261003T183020Z-b6869124,robustness,llm_full_html,syn-0013__wrapper_insert__01,html/syn-0013__wrapper_insert__01.html,,positive,True,26,26,26,0,0,1,26,0,0,26,0,0,26,0,0,robustness,html/syn-0013__wrapper_insert__01.html,syn-0013__wrapper_insert__01.html,run-none124,synthetic-shop.local,D:\Pet_Codes\science\article-price-tracker\synthetic\html\syn-0013__wrapper_insert__01.html,https://synthetic-shop.local/search/syn-0013,https://synthetic-shop.local/search/syn-0013,,,,raw_html,,2c86afe59a36c71fa7c8b5b1f38e70a33729f5b3be72a4bb02f044621ed38fc8,2c86afe59a36c71fa7c8b5b1f38e70a33729f5b3be72a4bb02f044621ed38fc8,html/syn-0013__wrapper_insert__01.html,syn-0013,plain_cards,html/syn-0013__wrapper_insert__01.html,stationery,synthetic-v2-12to30,wrapper_insert,syn-0013__wrapper_insert__01,26,syn-0013__wrapper_insert__01,https://synthetic-shop.local/search/syn-0013,2c86afe59a36c71fa7c8b5b1f38e70a33729f5b3be72a4bb02f044621ed38fc8,synthetic-shop.local,1,synthetic-shop.local,run-none124,,,ok,,,,26,26,26,False,,,,True,1,0,3923da9d690429b872ff82425a9a577a82891d283ac042369fdcdb594fda8cbf,0,26,0,0,1.0,0.0,0.0,0,1,0,0,0,1.0,1.0,1.0,1.0,1.0,1.0,1.0,1.0,1.0
20261003T183020Z-b6869124,robustness,llm_full_html,syn-0013__wrapper_insert__02,html/syn-0013__wrapper_insert__02.html,,positive,True,26,26,26,0,0,1,26,0,0,26,0,0,26,0,0,robustness,html/syn-0013__wrapper_insert__02.html,syn-0013__wrapper_insert__02.html,run-none125,synthetic-shop.local,D:\Pet_Codes\science\article-price-tracker\synthetic\html\syn-0013__wrapper_insert__02.html,https://synthetic-shop.local/search/syn-0013,https://synthetic-shop.local/search/syn-0013,,,,raw_html,,1119f9b7aba75b878530be0d1416c166ead8b7918f9840760447c0108bee4be6,1119f9b7aba75b878530be0d1416c166ead8b7918f9840760447c0108bee4be6,html/syn-0013__wrapper_insert__02.html,syn-0013,plain_cards,html/syn-0013__wrapper_insert__02.html,stationery,synthetic-v2-12to30,wrapper_insert,syn-0013__wrapper_insert__02,26,syn-0013__wrapper_insert__02,https://synthetic-shop.local/search/syn-0013,1119f9b7aba75b878530be0d1416c166ead8b7918f9840760447c0108bee4be6,synthetic-shop.local,2,synthetic-shop.local,run-none125,,,ok,,,,26,26,26,False,,,,True,1,0,872b827218e7102f0199c45b8abbf57a505e3e8614a5aa96a5fce62e7784a0e3,0,26,0,0,1.0,0.0,0.0,0,1,0,0,0,1.0,1.0,1.0,1.0,1.0,1.0,1.0,1.0,1.0
20261003T183020Z-b6869124,robustness,llm_full_html,syn-0013__wrapper_insert__03,html/syn-0013__wrapper_insert__03.html,,positive,True,26,26,26,0,0,1,26,0,0,26,0,0,26,0,0,robustness,html/syn-0013__wrapper_insert__03.html,syn-0013__wrapper_insert__03.html,run-none126,synthetic-shop.local,D:\Pet_Codes\science\article-price-tracker\synthetic\html\syn-0013__wrapper_insert__03.html,https://synthetic-shop.local/search/syn-0013,https://synthetic-shop.local/search/syn-0013,,,,raw_html,,360f3a198d3e24c36ab61e1315eca8171e1a93634c31083a0c088cbb720dc5dc,360f3a198d3e24c36ab61e1315eca8171e1a93634c31083a0c088cbb720dc5dc,html/syn-0013__wrapper_insert__03.html,syn-0013,plain_cards,html/syn-0013__wrapper_insert__03.html,stationery,synthetic-v2-12to30,wrapper_insert,syn-0013__wrapper_insert__03,26,syn-0013__wrapper_insert__03,https://synthetic-shop.local/search/syn-0013,360f3a198d3e24c36ab61e1315eca8171e1a93634c31083a0c088cbb720dc5dc,synthetic-shop.local,3,synthetic-shop.local,run-none126,,,ok,,,,26,26,26,False,,,,True,1,0,43fdb03b6ff1af98e7014d80f5c58999d09c046b9e09c672c236aa2bb7977f2a,0,26,0,0,1.0,0.0,0.0,0,1,0,0,0,1.0,1.0,1.0,1.0,1.0,1.0,1.0,1.0,1.0
20261003T183020Z-b6869124,robustness,llm_full_html,syn-0013__field_reorder__01,html/syn-0013__field_reorder__01.html,,positive,True,26,26,26,0,0,1,26,0,0,26,0,0,26,0,0,robustness,html/syn-0013__field_reorder__01.html,syn-0013__field_reorder__01.html,run-none127,synthetic-shop.local,D:\Pet_Codes\science\article-price-tracker\synthetic\html\syn-0013__field_reorder__01.html,https://synthetic-shop.local/search/syn-0013,https://synthetic-shop.local/search/syn-0013,,,,raw_html,,a4fc785f6b2b0b3ebd8fe3532e797493cf2fabc289ded91b4948601b4dcf16e0,a4fc785f6b2b0b3ebd8fe3532e797493cf2fabc289ded91b4948601b4dcf16e0,html/syn-0013__field_reorder__01.html,syn-0013,plain_cards,html/syn-0013__field_reorder__01.html,stationery,synthetic-v2-12to30,field_reorder,syn-0013__field_reorder__01,26,syn-0013__field_reorder__01,https://synthetic-shop.local/search/syn-0013,a4fc785f6b2b0b3ebd8fe3532e797493cf2fabc289ded91b4948601b4dcf16e0,synthetic-shop.local,1,synthetic-shop.local,run-none127,,,ok,,,,26,26,26,False,,,,True,1,0,3a6239cb9910c55e1f1bf172a21c8ee31af61c6a04863158d39dcbc86c114d20,0,26,0,0,1.0,0.0,0.0,0,1,0,0,0,1.0,1.0,1.0,1.0,1.0,1.0,1.0,1.0,1.0
20261003T183020Z-b6869124,robustness,llm_full_html,syn-0013__field_reorder__02,html/syn-0013__field_reorder__02.html,,positive,True,26,26,26,0,0,1,26,0,0,26,0,0,26,0,0,robustness,html/syn-0013__field_reorder__02.html,syn-0013__field_reorder__02.html,run-none128,synthetic-shop.local,D:\Pet_Codes\science\article-price-tracker\synthetic\html\syn-0013__field_reorder__02.html,https://synthetic-shop.local/search/syn-0013,https://synthetic-shop.local/search/syn-0013,,,,raw_html,,7dd1e62b6d463b4e2e3ed912957993dee3698723427e4fb03fdd59eb12b77a76,7dd1e62b6d463b4e2e3ed912957993dee3698723427e4fb03fdd59eb12b77a76,html/syn-0013__field_reorder__02.html,syn-0013,plain_cards,html/syn-0013__field_reorder__02.html,stationery,synthetic-v2-12to30,field_reorder,syn-0013__field_reorder__02,26,syn-0013__field_reorder__02,https://synthetic-shop.local/search/syn-0013,7dd1e62b6d463b4e2e3ed912957993dee3698723427e4fb03fdd59eb12b77a76,synthetic-shop.local,2,synthetic-shop.local,run-none128,,,ok,,,,26,26,26,False,,,,True,1,0,b27a59cd10ae5c18cab243444251298f5eb1d1d460aceac98c5b91a363609876,0,26,0,0,1.0,0.0,0.0,0,1,0,0,0,1.0,1.0,1.0,1.0,1.0,1.0,1.0,1.0,1.0
20261003T183020Z-b6869124,robustness,llm_full_html,syn-0013__subtree_relocate__01,html/syn-0013__subtree_relocate__01.html,,positive,True,26,26,26,0,0,1,26,0,0,26,0,0,26,0,0,robustness,html/syn-0013__subtree_relocate__01.html,syn-0013__subtree_relocate__01.html,run-none129,synthetic-shop.local,D:\Pet_Codes\science\article-price-tracker\synthetic\html\syn-0013__subtree_relocate__01.html,https://synthetic-shop.local/search/syn-0013,https://synthetic-shop.local/search/syn-0013,,,,raw_html,,5153b66f5a5acab9387dd30fdb8b876a7c27a4e34dd18ce7c5b9cfb6d8acc10f,5153b66f5a5acab9387dd30fdb8b876a7c27a4e34dd18ce7c5b9cfb6d8acc10f,html/syn-0013__subtree_relocate__01.html,syn-0013,plain_cards,html/syn-0013__subtree_relocate__01.html,stationery,synthetic-v2-12to30,subtree_relocate,syn-0013__subtree_relocate__01,26,syn-0013__subtree_relocate__01,https://synthetic-shop.local/search/syn-0013,5153b66f5a5acab9387dd30fdb8b876a7c27a4e34dd18ce7c5b9cfb6d8acc10f,synthetic-shop.local,1,synthetic-shop.local,run-none129,,,ok,,,,26,26,26,False,,,,True,1,0,e212f4dbd062a928c2f969c6ce4c5a4383e2d12bac02e5b533e439e9efdc559e,0,26,0,0,1.0,0.0,0.0,0,1,0,0,0,1.0,1.0,1.0,1.0,1.0,1.0,1.0,1.0,1.0
20261003T183020Z-b6869124,robustness,llm_full_html,syn-0013__subtree_relocate__02,html/syn-0013__subtree_relocate__02.html,,positive,True,26,26,26,0,0,1,26,0,0,26,0,0,26,0,0,robustness,html/syn-0013__subtree_relocate__02.html,syn-0013__subtree_relocate__02.html,run-none130,synthetic-shop.local,D:\Pet_Codes\science\article-price-tracker\synthetic\html\syn-0013__subtree_relocate__02.html,https://synthetic-shop.local/search/syn-0013,https://synthetic-shop.local/search/syn-0013,,,,raw_html,,9af97bd64acf409d013c668e23c655312a4c559a77422dde5e74fdef1263b540,9af97bd64acf409d013c668e23c655312a4c559a77422dde5e74fdef1263b540,html/syn-0013__subtree_relocate__02.html,syn-0013,plain_cards,html/syn-0013__subtree_relocate__02.html,stationery,synthetic-v2-12to30,subtree_relocate,syn-0013__subtree_relocate__02,26,syn-0013__subtree_relocate__02,https://synthetic-shop.local/search/syn-0013,9af97bd64acf409d013c668e23c655312a4c559a77422dde5e74fdef1263b540,synthetic-shop.local,2,synthetic-shop.local,run-none130,,,ok,,,,26,26,26,False,,,,True,1,0,d8ba430d41f516c9ba7d25665f77ea61d5503264dc5773cbc193c4613920a54f,0,26,0,0,1.0,0.0,0.0,0,1,0,0,0,1.0,1.0,1.0,1.0,1.0,1.0,1.0,1.0,1.0
20261003T183020Z-b6869124,robustness,llm_full_html,syn-0014__class_rename__01,html/syn-0014__class_rename__01.html,,positive,True,16,16,16,0,0,1,16,0,0,16,0,0,16,0,0,robustness,html/syn-0014__class_rename__01.html,syn-0014__class_rename__01.html,run-none131,synthetic-shop.local,D:\Pet_Codes\science\article-price-tracker\synthetic\html\syn-0014__class_rename__01.html,https://synthetic-shop.local/search/syn-0014,https://synthetic-shop.local/search/syn-0014,,,,raw_html,,fd20c5a25a00b590e18adfcf951e56fa7bd6261e30f96e27dda22bb2bbafe0d7,fd20c5a25a00b590e18adfcf951e56fa7bd6261e30f96e27dda22bb2bbafe0d7,html/syn-0014__class_rename__01.html,syn-0014,embedded_state,html/syn-0014__class_rename__01.html,stationery,synthetic-v2-12to30,class_rename,syn-0014__class_rename__01,16,syn-0014__class_rename__01,https://synthetic-shop.local/search/syn-0014,fd20c5a25a00b590e18adfcf951e56fa7bd6261e30f96e27dda22bb2bbafe0d7,synthetic-shop.local,1,synthetic-shop.local,run-none131,,,ok,,,,16,16,16,False,,,,True,1,0,843b85a84196e764459543c061244ff81fd778726cde885209d3a65d12924ba4,0,16,0,0,1.0,0.0,0.0,0,1,0,0,0,1.0,1.0,1.0,1.0,1.0,1.0,1.0,1.0,1.0
20261003T183020Z-b6869124,robustness,llm_full_html,syn-0014__class_rename__02,html/syn-0014__class_rename__02.html,,positive,True,16,16,16,0,0,1,16,0,0,16,0,0,16,0,0,robustness,html/syn-0014__class_rename__02.html,syn-0014__class_rename__02.html,run-none132,synthetic-shop.local,D:\Pet_Codes\science\article-price-tracker\synthetic\html\syn-0014__class_rename__02.html,https://synthetic-shop.local/search/syn-0014,https://synthetic-shop.local/search/syn-0014,,,,raw_html,,88a8cb349f583d64a902f4b2fff415d594ef1a069517c89ba84f24bf8223fb80,88a8cb349f583d64a902f4b2fff415d594ef1a069517c89ba84f24bf8223fb80,html/syn-0014__class_rename__02.html,syn-0014,embedded_state,html/syn-0014__class_rename__02.html,stationery,synthetic-v2-12to30,class_rename,syn-0014__class_rename__02,16,syn-0014__class_rename__02,https://synthetic-shop.local/search/syn-0014,88a8cb349f583d64a902f4b2fff415d594ef1a069517c89ba84f24bf8223fb80,synthetic-shop.local,2,synthetic-shop.local,run-none132,,,ok,,,,16,16,16,False,,,,True,1,0,ce24cf0ce1a8d7d2ba46f97efdac613c552d8315882614bcfa2f6d4195e7a2cc,0,16,0,0,1.0,0.0,0.0,0,1,0,0,0,1.0,1.0,1.0,1.0,1.0,1.0,1.0,1.0,1.0
20261003T183020Z-b6869124,robustness,llm_full_html,syn-0014__class_rename__03,html/syn-0014__class_rename__03.html,,positive,True,16,16,16,0,0,1,16,0,0,16,0,0,16,0,0,robustness,html/syn-0014__class_rename__03.html,syn-0014__class_rename__03.html,run-none133,synthetic-shop.local,D:\Pet_Codes\science\article-price-tracker\synthetic\html\syn-0014__class_rename__03.html,https://synthetic-shop.local/search/syn-0014,https://synthetic-shop.local/search/syn-0014,,,,raw_html,,4e3f54dce5d30873235beaf2e0a29ea8e1572e2c760152dc0f4f84b6621d75ea,4e3f54dce5d30873235beaf2e0a29ea8e1572e2c760152dc0f4f84b6621d75ea,html/syn-0014__class_rename__03.html,syn-0014,embedded_state,html/syn-0014__class_rename__03.html,stationery,synthetic-v2-12to30,class_rename,syn-0014__class_rename__03,16,syn-0014__class_rename__03,https://synthetic-shop.local/search/syn-0014,4e3f54dce5d30873235beaf2e0a29ea8e1572e2c760152dc0f4f84b6621d75ea,synthetic-shop.local,3,synthetic-shop.local,run-none133,,,ok,,,,16,16,16,False,,,,True,1,0,2c690d73e558093865e3d7ea4296b110d204bcf143a786da660d05e0b511ca9b,0,16,0,0,1.0,0.0,0.0,0,1,0,0,0,1.0,1.0,1.0,1.0,1.0,1.0,1.0,1.0,1.0
20261003T183020Z-b6869124,robustness,llm_full_html,syn-0014__wrapper_insert__01,html/syn-0014__wrapper_insert__01.html,,positive,True,16,16,16,0,0,1,16,0,0,16,0,0,16,0,0,robustness,html/syn-0014__wrapper_insert__01.html,syn-0014__wrapper_insert__01.html,run-none134,synthetic-shop.local,D:\Pet_Codes\science\article-price-tracker\synthetic\html\syn-0014__wrapper_insert__01.html,https://synthetic-shop.local/search/syn-0014,https://synthetic-shop.local/search/syn-0014,,,,raw_html,,7db70118bc77cd7eb881c8229f5b6e2453920d3f1efbf84d005c7774aceb57f0,7db70118bc77cd7eb881c8229f5b6e2453920d3f1efbf84d005c7774aceb57f0,html/syn-0014__wrapper_insert__01.html,syn-0014,embedded_state,html/syn-0014__wrapper_insert__01.html,stationery,synthetic-v2-12to30,wrapper_insert,syn-0014__wrapper_insert__01,16,syn-0014__wrapper_insert__01,https://synthetic-shop.local/search/syn-0014,7db70118bc77cd7eb881c8229f5b6e2453920d3f1efbf84d005c7774aceb57f0,synthetic-shop.local,1,synthetic-shop.local,run-none134,,,ok,,,,16,16,16,False,,,,True,1,0,c7100c11a1ee690d70c149c7ad8c883dea19fa49fd717687caaa39e33a766199,0,16,0,0,1.0,0.0,0.0,0,1,0,0,0,1.0,1.0,1.0,1.0,1.0,1.0,1.0,1.0,1.0
20261003T183020Z-b6869124,robustness,llm_full_html,syn-0014__wrapper_insert__02,html/syn-0014__wrapper_insert__02.html,,positive,True,16,16,16,0,0,1,16,0,0,16,0,0,16,0,0,robustness,html/syn-0014__wrapper_insert__02.html,syn-0014__wrapper_insert__02.html,run-none135,synthetic-shop.local,D:\Pet_Codes\science\article-price-tracker\synthetic\html\syn-0014__wrapper_insert__02.html,https://synthetic-shop.local/search/syn-0014,https://synthetic-shop.local/search/syn-0014,,,,raw_html,,53510edb023195353917f600890b8ba9ab5cda5b36845cdbfed2b8e6fd5bd16b,53510edb023195353917f600890b8ba9ab5cda5b36845cdbfed2b8e6fd5bd16b,html/syn-0014__wrapper_insert__02.html,syn-0014,embedded_state,html/syn-0014__wrapper_insert__02.html,stationery,synthetic-v2-12to30,wrapper_insert,syn-0014__wrapper_insert__02,16,syn-0014__wrapper_insert__02,https://synthetic-shop.local/search/syn-0014,53510edb023195353917f600890b8ba9ab5cda5b36845cdbfed2b8e6fd5bd16b,synthetic-shop.local,2,synthetic-shop.local,run-none135,,,ok,,,,16,16,16,False,,,,True,1,0,2b365e0cfdb89859db59184e14e83ddc201a289e80e7de6c60be114d08bf2907,0,16,0,0,1.0,0.0,0.0,0,1,0,0,0,1.0,1.0,1.0,1.0,1.0,1.0,1.0,1.0,1.0
20261003T183020Z-b6869124,robustness,llm_full_html,syn-0014__wrapper_insert__03,html/syn-0014__wrapper_insert__03.html,,positive,True,16,16,16,0,0,1,16,0,0,16,0,0,16,0,0,robustness,html/syn-0014__wrapper_insert__03.html,syn-0014__wrapper_insert__03.html,run-none136,synthetic-shop.local,D:\Pet_Codes\science\article-price-tracker\synthetic\html\syn-0014__wrapper_insert__03.html,https://synthetic-shop.local/search/syn-0014,https://synthetic-shop.local/search/syn-0014,,,,raw_html,,6baf153273c0734cd6ee773066ef3187926d2e3f7ecd1dfefc9db12cfdb07c97,6baf153273c0734cd6ee773066ef3187926d2e3f7ecd1dfefc9db12cfdb07c97,html/syn-0014__wrapper_insert__03.html,syn-0014,embedded_state,html/syn-0014__wrapper_insert__03.html,stationery,synthetic-v2-12to30,wrapper_insert,syn-0014__wrapper_insert__03,16,syn-0014__wrapper_insert__03,https://synthetic-shop.local/search/syn-0014,6baf153273c0734cd6ee773066ef3187926d2e3f7ecd1dfefc9db12cfdb07c97,synthetic-shop.local,3,synthetic-shop.local,run-none136,,,ok,,,,16,16,16,False,,,,True,1,0,7e969e47bc6c31743b171e9515d92ce7c1ec381725d12dab765e4a3325378fac,0,16,0,0,1.0,0.0,0.0,0,1,0,0,0,1.0,1.0,1.0,1.0,1.0,1.0,1.0,1.0,1.0
20261003T183020Z-b6869124,robustness,llm_full_html,syn-0014__field_reorder__01,html/syn-0014__field_reorder__01.html,,positive,True,16,16,16,0,0,1,16,0,0,16,0,0,16,0,0,robustness,html/syn-0014__field_reorder__01.html,syn-0014__field_reorder__01.html,run-none137,synthetic-shop.local,D:\Pet_Codes\science\article-price-tracker\synthetic\html\syn-0014__field_reorder__01.html,https://synthetic-shop.local/search/syn-0014,https://synthetic-shop.local/search/syn-0014,,,,raw_html,,1080348afd98e01bd3f424d45b4759e18d1cdd2d83db2f0109bc72d920a584c5,1080348afd98e01bd3f424d45b4759e18d1cdd2d83db2f0109bc72d920a584c5,html/syn-0014__field_reorder__01.html,syn-0014,embedded_state,html/syn-0014__field_reorder__01.html,stationery,synthetic-v2-12to30,field_reorder,syn-0014__field_reorder__01,16,syn-0014__field_reorder__01,https://synthetic-shop.local/search/syn-0014,1080348afd98e01bd3f424d45b4759e18d1cdd2d83db2f0109bc72d920a584c5,synthetic-shop.local,1,synthetic-shop.local,run-none137,,,ok,,,,16,16,16,False,,,,True,1,0,bdd61cec40c2468e1ce0c3fc802cdbbe2c5842cc6c8f0381cc619a62ec528b58,0,16,0,0,1.0,0.0,0.0,0,1,0,0,0,1.0,1.0,1.0,1.0,1.0,1.0,1.0,1.0,1.0
20261003T183020Z-b6869124,robustness,llm_full_html,syn-0014__field_reorder__02,html/syn-0014__field_reorder__02.html,,positive,True,16,16,16,0,0,1,16,0,0,16,0,0,16,0,0,robustness,html/syn-0014__field_reorder__02.html,syn-0014__field_reorder__02.html,run-none138,synthetic-shop.local,D:\Pet_Codes\science\article-price-tracker\synthetic\html\syn-0014__field_reorder__02.html,https://synthetic-shop.local/search/syn-0014,https://synthetic-shop.local/search/syn-0014,,,,raw_html,,c629087974d9769a9f30ccf5c6f1e2147b80cace74d92dd457cdeca09396ceac,c629087974d9769a9f30ccf5c6f1e2147b80cace74d92dd457cdeca09396ceac,html/syn-0014__field_reorder__02.html,syn-0014,embedded_state,html/syn-0014__field_reorder__02.html,stationery,synthetic-v2-12to30,field_reorder,syn-0014__field_reorder__02,16,syn-0014__field_reorder__02,https://synthetic-shop.local/search/syn-0014,c629087974d9769a9f30ccf5c6f1e2147b80cace74d92dd457cdeca09396ceac,synthetic-shop.local,2,synthetic-shop.local,run-none138,,,ok,,,,16,16,16,False,,,,True,1,0,81f9b60ca96c5f41a5f3219bbc8195f4cff1ae519b9a1312cee0ce35538a6682,0,16,0,0,1.0,0.0,0.0,0,1,0,0,0,1.0,1.0,1.0,1.0,1.0,1.0,1.0,1.0,1.0
20261003T183020Z-b6869124,robustness,llm_full_html,syn-0014__subtree_relocate__01,html/syn-0014__subtree_relocate__01.html,,positive,True,16,16,16,0,0,1,16,0,0,16,0,0,16,0,0,robustness,html/syn-0014__subtree_relocate__01.html,syn-0014__subtree_relocate__01.html,run-none139,synthetic-shop.local,D:\Pet_Codes\science\article-price-tracker\synthetic\html\syn-0014__subtree_relocate__01.html,https://synthetic-shop.local/search/syn-0014,https://synthetic-shop.local/search/syn-0014,,,,raw_html,,b1c95a3804ae8ba8e877cba15172b6fe655ba063a2c5a6d4d8fa756f6084ec32,b1c95a3804ae8ba8e877cba15172b6fe655ba063a2c5a6d4d8fa756f6084ec32,html/syn-0014__subtree_relocate__01.html,syn-0014,embedded_state,html/syn-0014__subtree_relocate__01.html,stationery,synthetic-v2-12to30,subtree_relocate,syn-0014__subtree_relocate__01,16,syn-0014__subtree_relocate__01,https://synthetic-shop.local/search/syn-0014,b1c95a3804ae8ba8e877cba15172b6fe655ba063a2c5a6d4d8fa756f6084ec32,synthetic-shop.local,1,synthetic-shop.local,run-none139,,,ok,,,,16,16,16,False,,,,True,1,0,08c799dcf189299b06f97bbac9d55d6406950a94fdfeca62bf17a0353637a903,0,16,0,0,1.0,0.0,0.0,0,1,0,0,0,1.0,1.0,1.0,1.0,1.0,1.0,1.0,1.0,1.0
20261003T183020Z-b6869124,robustness,llm_full_html,syn-0014__subtree_relocate__02,html/syn-0014__subtree_relocate__02.html,,positive,True,16,16,16,0,0,1,16,0,0,16,0,0,16,0,0,robustness,html/syn-0014__subtree_relocate__02.html,syn-0014__subtree_relocate__02.html,run-none140,synthetic-shop.local,D:\Pet_Codes\science\article-price-tracker\synthetic\html\syn-0014__subtree_relocate__02.html,https://synthetic-shop.local/search/syn-0014,https://synthetic-shop.local/search/syn-0014,,,,raw_html,,4f5f66f13c359bdf48d1379dff2d70e1af38000b6829b2dfbbb3769b48874615,4f5f66f13c359bdf48d1379dff2d70e1af38000b6829b2dfbbb3769b48874615,html/syn-0014__subtree_relocate__02.html,syn-0014,embedded_state,html/syn-0014__subtree_relocate__02.html,stationery,synthetic-v2-12to30,subtree_relocate,syn-0014__subtree_relocate__02,16,syn-0014__subtree_relocate__02,https://synthetic-shop.local/search/syn-0014,4f5f66f13c359bdf48d1379dff2d70e1af38000b6829b2dfbbb3769b48874615,synthetic-shop.local,2,synthetic-shop.local,run-none140,,,ok,,,,16,16,16,False,,,,True,1,0,bd720de392c2442d551e44d5be7b9e180050bf56f98f74e4fc71259b05d60572,0,16,0,0,1.0,0.0,0.0,0,1,0,0,0,1.0,1.0,1.0,1.0,1.0,1.0,1.0,1.0,1.0
20261003T183020Z-b6869124,robustness,llm_full_html,syn-0015__class_rename__01,html/syn-0015__class_rename__01.html,,positive,True,28,28,28,0,0,1,28,0,0,28,0,0,28,0,0,robustness,html/syn-0015__class_rename__01.html,syn-0015__class_rename__01.html,run-none141,synthetic-shop.local,D:\Pet_Codes\science\article-price-tracker\synthetic\html\syn-0015__class_rename__01.html,https://synthetic-shop.local/search/syn-0015,https://synthetic-shop.local/search/syn-0015,,,,raw_html,,fba4f074aa205c7c9056cc02ff004374f0ad87c01fc1c5871c581e00948d162f,fba4f074aa205c7c9056cc02ff004374f0ad87c01fc1c5871c581e00948d162f,html/syn-0015__class_rename__01.html,syn-0015,detail_grid,html/syn-0015__class_rename__01.html,electronics,synthetic-v2-12to30,class_rename,syn-0015__class_rename__01,28,syn-0015__class_rename__01,https://synthetic-shop.local/search/syn-0015,fba4f074aa205c7c9056cc02ff004374f0ad87c01fc1c5871c581e00948d162f,synthetic-shop.local,1,synthetic-shop.local,run-none141,,,ok,,,,28,28,28,False,,,,True,1,0,709967d0232ccbd3fe581f6678118ca3c7d9ad9be05517e1283c3a95640a5d90,0,28,0,0,1.0,0.0,0.0,0,1,0,0,0,1.0,1.0,1.0,1.0,1.0,1.0,1.0,1.0,1.0
20261003T183020Z-b6869124,robustness,llm_full_html,syn-0015__class_rename__02,html/syn-0015__class_rename__02.html,,positive,True,28,28,28,0,0,1,28,0,0,28,0,0,28,0,0,robustness,html/syn-0015__class_rename__02.html,syn-0015__class_rename__02.html,run-none142,synthetic-shop.local,D:\Pet_Codes\science\article-price-tracker\synthetic\html\syn-0015__class_rename__02.html,https://synthetic-shop.local/search/syn-0015,https://synthetic-shop.local/search/syn-0015,,,,raw_html,,8fa8a1799d7d16d80454545151bd9baa33578b33a241503a64719dba9c65b5cb,8fa8a1799d7d16d80454545151bd9baa33578b33a241503a64719dba9c65b5cb,html/syn-0015__class_rename__02.html,syn-0015,detail_grid,html/syn-0015__class_rename__02.html,electronics,synthetic-v2-12to30,class_rename,syn-0015__class_rename__02,28,syn-0015__class_rename__02,https://synthetic-shop.local/search/syn-0015,8fa8a1799d7d16d80454545151bd9baa33578b33a241503a64719dba9c65b5cb,synthetic-shop.local,2,synthetic-shop.local,run-none142,,,ok,,,,28,28,28,False,,,,True,1,0,b0f67dc5eda4ae1d2534523dfd8beb77d51d663f101f23ececfd5924986c2adb,0,28,0,0,1.0,0.0,0.0,0,1,0,0,0,1.0,1.0,1.0,1.0,1.0,1.0,1.0,1.0,1.0
20261003T183020Z-b6869124,robustness,llm_full_html,syn-0015__class_rename__03,html/syn-0015__class_rename__03.html,,positive,True,28,28,28,0,0,1,28,0,0,28,0,0,28,0,0,robustness,html/syn-0015__class_rename__03.html,syn-0015__class_rename__03.html,run-none143,synthetic-shop.local,D:\Pet_Codes\science\article-price-tracker\synthetic\html\syn-0015__class_rename__03.html,https://synthetic-shop.local/search/syn-0015,https://synthetic-shop.local/search/syn-0015,,,,raw_html,,295d806a81177a3d253fe95144b304efbb2754997ddff2524760e874319a2b42,295d806a81177a3d253fe95144b304efbb2754997ddff2524760e874319a2b42,html/syn-0015__class_rename__03.html,syn-0015,detail_grid,html/syn-0015__class_rename__03.html,electronics,synthetic-v2-12to30,class_rename,syn-0015__class_rename__03,28,syn-0015__class_rename__03,https://synthetic-shop.local/search/syn-0015,295d806a81177a3d253fe95144b304efbb2754997ddff2524760e874319a2b42,synthetic-shop.local,3,synthetic-shop.local,run-none143,,,ok,,,,28,28,28,False,,,,True,1,0,4596842a1e5e3273ac9b061df0348575f138e49463037ae0979c2fea19069d8f,0,28,0,0,1.0,0.0,0.0,0,1,0,0,0,1.0,1.0,1.0,1.0,1.0,1.0,1.0,1.0,1.0
20261003T183020Z-b6869124,robustness,llm_full_html,syn-0015__wrapper_insert__01,html/syn-0015__wrapper_insert__01.html,,positive,True,28,28,28,0,0,1,28,0,0,28,0,0,28,0,0,robustness,html/syn-0015__wrapper_insert__01.html,syn-0015__wrapper_insert__01.html,run-none144,synthetic-shop.local,D:\Pet_Codes\science\article-price-tracker\synthetic\html\syn-0015__wrapper_insert__01.html,https://synthetic-shop.local/search/syn-0015,https://synthetic-shop.local/search/syn-0015,,,,raw_html,,602e0d3bc46c03ba7e2070bba74c9190cac0cfaaacc566b4544b197492c8fa0d,602e0d3bc46c03ba7e2070bba74c9190cac0cfaaacc566b4544b197492c8fa0d,html/syn-0015__wrapper_insert__01.html,syn-0015,detail_grid,html/syn-0015__wrapper_insert__01.html,electronics,synthetic-v2-12to30,wrapper_insert,syn-0015__wrapper_insert__01,28,syn-0015__wrapper_insert__01,https://synthetic-shop.local/search/syn-0015,602e0d3bc46c03ba7e2070bba74c9190cac0cfaaacc566b4544b197492c8fa0d,synthetic-shop.local,1,synthetic-shop.local,run-none144,,,ok,,,,28,28,28,False,,,,True,1,0,d6c33187ac28ec08742267431970c2bfa1b5f9258fe9a49ca38cdd12795dccf0,0,28,0,0,1.0,0.0,0.0,0,1,0,0,0,1.0,1.0,1.0,1.0,1.0,1.0,1.0,1.0,1.0
20261003T183020Z-b6869124,robustness,llm_full_html,syn-0015__wrapper_insert__02,html/syn-0015__wrapper_insert__02.html,,positive,True,28,28,28,0,0,1,28,0,0,28,0,0,28,0,0,robustness,html/syn-0015__wrapper_insert__02.html,syn-0015__wrapper_insert__02.html,run-none145,synthetic-shop.local,D:\Pet_Codes\science\article-price-tracker\synthetic\html\syn-0015__wrapper_insert__02.html,https://synthetic-shop.local/search/syn-0015,https://synthetic-shop.local/search/syn-0015,,,,raw_html,,32959d51b3f8aee5af27ee9daae6a4effae83bcda1afe575e7a59e4ce72f3356,32959d51b3f8aee5af27ee9daae6a4effae83bcda1afe575e7a59e4ce72f3356,html/syn-0015__wrapper_insert__02.html,syn-0015,detail_grid,html/syn-0015__wrapper_insert__02.html,electronics,synthetic-v2-12to30,wrapper_insert,syn-0015__wrapper_insert__02,28,syn-0015__wrapper_insert__02,https://synthetic-shop.local/search/syn-0015,32959d51b3f8aee5af27ee9daae6a4effae83bcda1afe575e7a59e4ce72f3356,synthetic-shop.local,2,synthetic-shop.local,run-none145,,,ok,,,,28,28,28,False,,,,True,1,0,3a001036c8495a84261dbe9f515df2ff1b911313d08935f96776f347666b2bce,0,28,0,0,1.0,0.0,0.0,0,1,0,0,0,1.0,1.0,1.0,1.0,1.0,1.0,1.0,1.0,1.0
20261003T183020Z-b6869124,robustness,llm_full_html,syn-0015__wrapper_insert__03,html/syn-0015__wrapper_insert__03.html,,positive,True,28,28,28,0,0,1,28,0,0,28,0,0,28,0,0,robustness,html/syn-0015__wrapper_insert__03.html,syn-0015__wrapper_insert__03.html,run-none146,synthetic-shop.local,D:\Pet_Codes\science\article-price-tracker\synthetic\html\syn-0015__wrapper_insert__03.html,https://synthetic-shop.local/search/syn-0015,https://synthetic-shop.local/search/syn-0015,,,,raw_html,,2b12a3bb6a2d5aa9d253af8ebce1d1854beb7e38ed650976cc7b1b155087cec3,2b12a3bb6a2d5aa9d253af8ebce1d1854beb7e38ed650976cc7b1b155087cec3,html/syn-0015__wrapper_insert__03.html,syn-0015,detail_grid,html/syn-0015__wrapper_insert__03.html,electronics,synthetic-v2-12to30,wrapper_insert,syn-0015__wrapper_insert__03,28,syn-0015__wrapper_insert__03,https://synthetic-shop.local/search/syn-0015,2b12a3bb6a2d5aa9d253af8ebce1d1854beb7e38ed650976cc7b1b155087cec3,synthetic-shop.local,3,synthetic-shop.local,run-none146,,,ok,,,,28,28,28,False,,,,True,1,0,047ebed4d1b8e462fe0d88b821bf77df62499c4f08686d6a88dd5ef6dcef9113,0,28,0,0,1.0,0.0,0.0,0,1,0,0,0,1.0,1.0,1.0,1.0,1.0,1.0,1.0,1.0,1.0
20261003T183020Z-b6869124,robustness,llm_full_html,syn-0015__field_reorder__01,html/syn-0015__field_reorder__01.html,,positive,True,28,28,28,0,0,1,28,0,0,28,0,0,28,0,0,robustness,html/syn-0015__field_reorder__01.html,syn-0015__field_reorder__01.html,run-none147,synthetic-shop.local,D:\Pet_Codes\science\article-price-tracker\synthetic\html\syn-0015__field_reorder__01.html,https://synthetic-shop.local/search/syn-0015,https://synthetic-shop.local/search/syn-0015,,,,raw_html,,518b44dd56e24e787d78727e3ab0702c684d42c5f4f71f16dcfcc945d1699f48,518b44dd56e24e787d78727e3ab0702c684d42c5f4f71f16dcfcc945d1699f48,html/syn-0015__field_reorder__01.html,syn-0015,detail_grid,html/syn-0015__field_reorder__01.html,electronics,synthetic-v2-12to30,field_reorder,syn-0015__field_reorder__01,28,syn-0015__field_reorder__01,https://synthetic-shop.local/search/syn-0015,518b44dd56e24e787d78727e3ab0702c684d42c5f4f71f16dcfcc945d1699f48,synthetic-shop.local,1,synthetic-shop.local,run-none147,,,ok,,,,28,28,28,False,,,,True,1,0,aaa3b0225cff3b2ab98b6c3e8fd25bbc2bf5d9d657bbb9d305a48c6c8fdae677,0,28,0,0,1.0,0.0,0.0,0,1,0,0,0,1.0,1.0,1.0,1.0,1.0,1.0,1.0,1.0,1.0
20261003T183020Z-b6869124,robustness,llm_full_html,syn-0015__field_reorder__02,html/syn-0015__field_reorder__02.html,,positive,True,28,28,28,0,0,1,28,0,0,28,0,0,28,0,0,robustness,html/syn-0015__field_reorder__02.html,syn-0015__field_reorder__02.html,run-none148,synthetic-shop.local,D:\Pet_Codes\science\article-price-tracker\synthetic\html\syn-0015__field_reorder__02.html,https://synthetic-shop.local/search/syn-0015,https://synthetic-shop.local/search/syn-0015,,,,raw_html,,278eea903dbfb54df6c7a55ee68235d9fec241c76c63276f6655377425af91a8,278eea903dbfb54df6c7a55ee68235d9fec241c76c63276f6655377425af91a8,html/syn-0015__field_reorder__02.html,syn-0015,detail_grid,html/syn-0015__field_reorder__02.html,electronics,synthetic-v2-12to30,field_reorder,syn-0015__field_reorder__02,28,syn-0015__field_reorder__02,https://synthetic-shop.local/search/syn-0015,278eea903dbfb54df6c7a55ee68235d9fec241c76c63276f6655377425af91a8,synthetic-shop.local,2,synthetic-shop.local,run-none148,,,ok,,,,28,28,28,False,,,,True,1,0,77c7c68bb79d1da4cfdbc7ce3bf6f8c87dce2d54bf2f3c408bce28039867eb92,0,28,0,0,1.0,0.0,0.0,0,1,0,0,0,1.0,1.0,1.0,1.0,1.0,1.0,1.0,1.0,1.0
20261003T183020Z-b6869124,robustness,llm_full_html,syn-0015__subtree_relocate__01,html/syn-0015__subtree_relocate__01.html,,positive,True,28,28,28,0,0,1,28,0,0,28,0,0,28,0,0,robustness,html/syn-0015__subtree_relocate__01.html,syn-0015__subtree_relocate__01.html,run-none149,synthetic-shop.local,D:\Pet_Codes\science\article-price-tracker\synthetic\html\syn-0015__subtree_relocate__01.html,https://synthetic-shop.local/search/syn-0015,https://synthetic-shop.local/search/syn-0015,,,,raw_html,,e5afdd68bedef00ad5d16998b885dd861dfa4d012fdf52aa435b4f0f27742e46,e5afdd68bedef00ad5d16998b885dd861dfa4d012fdf52aa435b4f0f27742e46,html/syn-0015__subtree_relocate__01.html,syn-0015,detail_grid,html/syn-0015__subtree_relocate__01.html,electronics,synthetic-v2-12to30,subtree_relocate,syn-0015__subtree_relocate__01,28,syn-0015__subtree_relocate__01,https://synthetic-shop.local/search/syn-0015,e5afdd68bedef00ad5d16998b885dd861dfa4d012fdf52aa435b4f0f27742e46,synthetic-shop.local,1,synthetic-shop.local,run-none149,,,ok,,,,28,28,28,False,,,,True,1,0,38d7f560e8ecd7fba5e657efc3626fba9012f3d98d3fd929f725654c4d40c75f,0,28,0,0,1.0,0.0,0.0,0,1,0,0,0,1.0,1.0,1.0,1.0,1.0,1.0,1.0,1.0,1.0
20261003T183020Z-b6869124,robustness,llm_full_html,syn-0015__subtree_relocate__02,html/syn-0015__subtree_relocate__02.html,,positive,True,28,28,28,0,0,1,28,0,0,28,0,0,28,0,0,robustness,html/syn-0015__subtree_relocate__02.html,syn-0015__subtree_relocate__02.html,run-none150,synthetic-shop.local,D:\Pet_Codes\science\article-price-tracker\synthetic\html\syn-0015__subtree_relocate__02.html,https://synthetic-shop.local/search/syn-0015,https://synthetic-shop.local/search/syn-0015,,,,raw_html,,2c6b748d2a1785dc53d40bfab1e3b240c2173205597e673dbb451e2662d6698b,2c6b748d2a1785dc53d40bfab1e3b240c2173205597e673dbb451e2662d6698b,html/syn-0015__subtree_relocate__02.html,syn-0015,detail_grid,html/syn-0015__subtree_relocate__02.html,electronics,synthetic-v2-12to30,subtree_relocate,syn-0015__subtree_relocate__02,28,syn-0015__subtree_relocate__02,https://synthetic-shop.local/search/syn-0015,2c6b748d2a1785dc53d40bfab1e3b240c2173205597e673dbb451e2662d6698b,synthetic-shop.local,2,synthetic-shop.local,run-none150,,,ok,,,,28,28,28,False,,,,True,1,0,88ba0e75ddddd55666db1cbee842ece910f030302064c6d4f5df96f990e55483,0,28,0,0,1.0,0.0,0.0,0,1,0,0,0,1.0,1.0,1.0,1.0,1.0,1.0,1.0,1.0,1.0
20261003T183020Z-b6869124,robustness,llm_full_html,syn-0016__class_rename__01,html/syn-0016__class_rename__01.html,,positive,True,14,14,14,0,0,1,14,0,0,14,0,0,14,0,0,robustness,html/syn-0016__class_rename__01.html,syn-0016__class_rename__01.html,run-none151,synthetic-shop.local,D:\Pet_Codes\science\article-price-tracker\synthetic\html\syn-0016__class_rename__01.html,https://synthetic-shop.local/search/syn-0016,https://synthetic-shop.local/search/syn-0016,,,,raw_html,,131cc4b646841dd12dc0451d7c4bf4be0011d80c7b14f54ff9101110625be082,131cc4b646841dd12dc0451d7c4bf4be0011d80c7b14f54ff9101110625be082,html/syn-0016__class_rename__01.html,syn-0016,table_listing,html/syn-0016__class_rename__01.html,electronics,synthetic-v2-12to30,class_rename,syn-0016__class_rename__01,14,syn-0016__class_rename__01,https://synthetic-shop.local/search/syn-0016,131cc4b646841dd12dc0451d7c4bf4be0011d80c7b14f54ff9101110625be082,synthetic-shop.local,1,synthetic-shop.local,run-none151,,,ok,,,,14,14,14,False,,,,True,1,0,c34c91025007dccc27b4bf181f19924f684768652ec986cbb15d86dce8b9a797,0,14,0,0,1.0,0.0,0.0,0,1,0,0,0,1.0,1.0,1.0,1.0,1.0,1.0,1.0,1.0,1.0
20261003T183020Z-b6869124,robustness,llm_full_html,syn-0016__class_rename__02,html/syn-0016__class_rename__02.html,,positive,True,14,14,14,0,0,1,14,0,0,14,0,0,14,0,0,robustness,html/syn-0016__class_rename__02.html,syn-0016__class_rename__02.html,run-none152,synthetic-shop.local,D:\Pet_Codes\science\article-price-tracker\synthetic\html\syn-0016__class_rename__02.html,https://synthetic-shop.local/search/syn-0016,https://synthetic-shop.local/search/syn-0016,,,,raw_html,,9bd8adeecd4422487fa502d10fd2de65a90f54e26615f3a95bde0d5fb9dd3279,9bd8adeecd4422487fa502d10fd2de65a90f54e26615f3a95bde0d5fb9dd3279,html/syn-0016__class_rename__02.html,syn-0016,table_listing,html/syn-0016__class_rename__02.html,electronics,synthetic-v2-12to30,class_rename,syn-0016__class_rename__02,14,syn-0016__class_rename__02,https://synthetic-shop.local/search/syn-0016,9bd8adeecd4422487fa502d10fd2de65a90f54e26615f3a95bde0d5fb9dd3279,synthetic-shop.local,2,synthetic-shop.local,run-none152,,,ok,,,,14,14,14,False,,,,True,1,0,b812a2d08b2c4a691095b7cd935f2b9a91d1a72cdd676de6da5ca170ef277c97,0,14,0,0,1.0,0.0,0.0,0,1,0,0,0,1.0,1.0,1.0,1.0,1.0,1.0,1.0,1.0,1.0
20261003T183020Z-b6869124,robustness,llm_full_html,syn-0016__class_rename__03,html/syn-0016__class_rename__03.html,,positive,True,14,14,14,0,0,1,14,0,0,14,0,0,14,0,0,robustness,html/syn-0016__class_rename__03.html,syn-0016__class_rename__03.html,run-none153,synthetic-shop.local,D:\Pet_Codes\science\article-price-tracker\synthetic\html\syn-0016__class_rename__03.html,https://synthetic-shop.local/search/syn-0016,https://synthetic-shop.local/search/syn-0016,,,,raw_html,,3ac38fbac2dc445bc09915a00df2a53582c449db8d689a32acad3ddf1a5df8ba,3ac38fbac2dc445bc09915a00df2a53582c449db8d689a32acad3ddf1a5df8ba,html/syn-0016__class_rename__03.html,syn-0016,table_listing,html/syn-0016__class_rename__03.html,electronics,synthetic-v2-12to30,class_rename,syn-0016__class_rename__03,14,syn-0016__class_rename__03,https://synthetic-shop.local/search/syn-0016,3ac38fbac2dc445bc09915a00df2a53582c449db8d689a32acad3ddf1a5df8ba,synthetic-shop.local,3,synthetic-shop.local,run-none153,,,ok,,,,14,14,14,False,,,,True,1,0,524b8a662c3049ea129091c630133e4aff23207105a78f1c4974428abe2e8257,0,14,0,0,1.0,0.0,0.0,0,1,0,0,0,1.0,1.0,1.0,1.0,1.0,1.0,1.0,1.0,1.0
20261003T183020Z-b6869124,robustness,llm_full_html,syn-0016__wrapper_insert__01,html/syn-0016__wrapper_insert__01.html,,positive,True,14,14,14,0,0,1,14,0,0,14,0,0,14,0,0,robustness,html/syn-0016__wrapper_insert__01.html,syn-0016__wrapper_insert__01.html,run-none154,synthetic-shop.local,D:\Pet_Codes\science\article-price-tracker\synthetic\html\syn-0016__wrapper_insert__01.html,https://synthetic-shop.local/search/syn-0016,https://synthetic-shop.local/search/syn-0016,,,,raw_html,,badc820dea4f03930f2c99736833741c57eb48f1e25bb656b553c14205e57e53,badc820dea4f03930f2c99736833741c57eb48f1e25bb656b553c14205e57e53,html/syn-0016__wrapper_insert__01.html,syn-0016,table_listing,html/syn-0016__wrapper_insert__01.html,electronics,synthetic-v2-12to30,wrapper_insert,syn-0016__wrapper_insert__01,14,syn-0016__wrapper_insert__01,https://synthetic-shop.local/search/syn-0016,badc820dea4f03930f2c99736833741c57eb48f1e25bb656b553c14205e57e53,synthetic-shop.local,1,synthetic-shop.local,run-none154,,,ok,,,,14,14,14,False,,,,True,1,0,13661e74e246919c7283ddd1bab8b1b50a6424cc0da62103cb0c71aed5a8ffed,0,14,0,0,1.0,0.0,0.0,0,1,0,0,0,1.0,1.0,1.0,1.0,1.0,1.0,1.0,1.0,1.0
20261003T183020Z-b6869124,robustness,llm_full_html,syn-0016__wrapper_insert__02,html/syn-0016__wrapper_insert__02.html,,positive,True,14,14,14,0,0,1,14,0,0,14,0,0,14,0,0,robustness,html/syn-0016__wrapper_insert__02.html,syn-0016__wrapper_insert__02.html,run-none155,synthetic-shop.local,D:\Pet_Codes\science\article-price-tracker\synthetic\html\syn-0016__wrapper_insert__02.html,https://synthetic-shop.local/search/syn-0016,https://synthetic-shop.local/search/syn-0016,,,,raw_html,,11cf35a43b48a65aacbea86554babcbcd65181179708021597368ede39cc0b4c,11cf35a43b48a65aacbea86554babcbcd65181179708021597368ede39cc0b4c,html/syn-0016__wrapper_insert__02.html,syn-0016,table_listing,html/syn-0016__wrapper_insert__02.html,electronics,synthetic-v2-12to30,wrapper_insert,syn-0016__wrapper_insert__02,14,syn-0016__wrapper_insert__02,https://synthetic-shop.local/search/syn-0016,11cf35a43b48a65aacbea86554babcbcd65181179708021597368ede39cc0b4c,synthetic-shop.local,2,synthetic-shop.local,run-none155,,,ok,,,,14,14,14,False,,,,True,1,0,24925397578a90a9e49c30477b63e6adb583b97da02fb186b769188efdd1fac9,0,14,0,0,1.0,0.0,0.0,0,1,0,0,0,1.0,1.0,1.0,1.0,1.0,1.0,1.0,1.0,1.0
20261003T183020Z-b6869124,robustness,llm_full_html,syn-0016__wrapper_insert__03,html/syn-0016__wrapper_insert__03.html,,positive,True,14,14,14,0,0,1,14,0,0,14,0,0,14,0,0,robustness,html/syn-0016__wrapper_insert__03.html,syn-0016__wrapper_insert__03.html,run-none156,synthetic-shop.local,D:\Pet_Codes\science\article-price-tracker\synthetic\html\syn-0016__wrapper_insert__03.html,https://synthetic-shop.local/search/syn-0016,https://synthetic-shop.local/search/syn-0016,,,,raw_html,,10fe76cbd1b04354adce6c06eae7402fbfb1fe13726abfde667e292661720ace,10fe76cbd1b04354adce6c06eae7402fbfb1fe13726abfde667e292661720ace,html/syn-0016__wrapper_insert__03.html,syn-0016,table_listing,html/syn-0016__wrapper_insert__03.html,electronics,synthetic-v2-12to30,wrapper_insert,syn-0016__wrapper_insert__03,14,syn-0016__wrapper_insert__03,https://synthetic-shop.local/search/syn-0016,10fe76cbd1b04354adce6c06eae7402fbfb1fe13726abfde667e292661720ace,synthetic-shop.local,3,synthetic-shop.local,run-none156,,,ok,,,,14,14,14,False,,,,True,1,0,ba3ade977e89689406258e9abab9c8ba238c50e6efd1bc8122630f6674d8a4d1,0,14,0,0,1.0,0.0,0.0,0,1,0,0,0,1.0,1.0,1.0,1.0,1.0,1.0,1.0,1.0,1.0
20261003T183020Z-b6869124,robustness,llm_full_html,syn-0016__field_reorder__01,html/syn-0016__field_reorder__01.html,,positive,True,14,14,14,0,0,1,14,0,0,14,0,0,14,0,0,robustness,html/syn-0016__field_reorder__01.html,syn-0016__field_reorder__01.html,run-none157,synthetic-shop.local,D:\Pet_Codes\science\article-price-tracker\synthetic\html\syn-0016__field_reorder__01.html,https://synthetic-shop.local/search/syn-0016,https://synthetic-shop.local/search/syn-0016,,,,raw_html,,6aaaa34afea987ff2892a283fdcf55027100a705398dd66992d3b3af33ae7b62,6aaaa34afea987ff2892a283fdcf55027100a705398dd66992d3b3af33ae7b62,html/syn-0016__field_reorder__01.html,syn-0016,table_listing,html/syn-0016__field_reorder__01.html,electronics,synthetic-v2-12to30,field_reorder,syn-0016__field_reorder__01,14,syn-0016__field_reorder__01,https://synthetic-shop.local/search/syn-0016,6aaaa34afea987ff2892a283fdcf55027100a705398dd66992d3b3af33ae7b62,synthetic-shop.local,1,synthetic-shop.local,run-none157,,,ok,,,,14,14,14,False,,,,True,1,0,6a63dd506d8443b050eb114df2142d5a83cc353f63195f34840875ba69a1e5a0,0,14,0,0,1.0,0.0,0.0,0,1,0,0,0,1.0,1.0,1.0,1.0,1.0,1.0,1.0,1.0,1.0
20261003T183020Z-b6869124,robustness,llm_full_html,syn-0016__field_reorder__02,html/syn-0016__field_reorder__02.html,,positive,True,14,14,14,0,0,1,14,0,0,14,0,0,14,0,0,robustness,html/syn-0016__field_reorder__02.html,syn-0016__field_reorder__02.html,run-none158,synthetic-shop.local,D:\Pet_Codes\science\article-price-tracker\synthetic\html\syn-0016__field_reorder__02.html,https://synthetic-shop.local/search/syn-0016,https://synthetic-shop.local/search/syn-0016,,,,raw_html,,aeb2ad5c552b0cc853efcba96f01116bef3556561949d5e6700d1df609a725e1,aeb2ad5c552b0cc853efcba96f01116bef3556561949d5e6700d1df609a725e1,html/syn-0016__field_reorder__02.html,syn-0016,table_listing,html/syn-0016__field_reorder__02.html,electronics,synthetic-v2-12to30,field_reorder,syn-0016__field_reorder__02,14,syn-0016__field_reorder__02,https://synthetic-shop.local/search/syn-0016,aeb2ad5c552b0cc853efcba96f01116bef3556561949d5e6700d1df609a725e1,synthetic-shop.local,2,synthetic-shop.local,run-none158,,,ok,,,,14,14,14,False,,,,True,1,0,b5751719eb530ff0e01834a349de333f7a1aec0b9baacc998622ba9a6bc2623e,0,14,0,0,1.0,0.0,0.0,0,1,0,0,0,1.0,1.0,1.0,1.0,1.0,1.0,1.0,1.0,1.0
20261003T183020Z-b6869124,robustness,llm_full_html,syn-0016__subtree_relocate__01,html/syn-0016__subtree_relocate__01.html,,positive,True,14,14,14,0,0,1,14,0,0,14,0,0,14,0,0,robustness,html/syn-0016__subtree_relocate__01.html,syn-0016__subtree_relocate__01.html,run-none159,synthetic-shop.local,D:\Pet_Codes\science\article-price-tracker\synthetic\html\syn-0016__subtree_relocate__01.html,https://synthetic-shop.local/search/syn-0016,https://synthetic-shop.local/search/syn-0016,,,,raw_html,,3ebdef55f3ab6816407fe85ee33d5bde8cc37732305f7a9f962b89f84f274abb,3ebdef55f3ab6816407fe85ee33d5bde8cc37732305f7a9f962b89f84f274abb,html/syn-0016__subtree_relocate__01.html,syn-0016,table_listing,html/syn-0016__subtree_relocate__01.html,electronics,synthetic-v2-12to30,subtree_relocate,syn-0016__subtree_relocate__01,14,syn-0016__subtree_relocate__01,https://synthetic-shop.local/search/syn-0016,3ebdef55f3ab6816407fe85ee33d5bde8cc37732305f7a9f962b89f84f274abb,synthetic-shop.local,1,synthetic-shop.local,run-none159,,,ok,,,,14,14,14,False,,,,True,1,0,444cf4ff3d1e8abdf9da37d06723e9900dccbd68bf3683e5dedf9f2e38f98c0e,0,14,0,0,1.0,0.0,0.0,0,1,0,0,0,1.0,1.0,1.0,1.0,1.0,1.0,1.0,1.0,1.0
20261003T183020Z-b6869124,robustness,llm_full_html,syn-0016__subtree_relocate__02,html/syn-0016__subtree_relocate__02.html,,positive,True,14,14,14,0,0,1,14,0,0,14,0,0,14,0,0,robustness,html/syn-0016__subtree_relocate__02.html,syn-0016__subtree_relocate__02.html,run-none160,synthetic-shop.local,D:\Pet_Codes\science\article-price-tracker\synthetic\html\syn-0016__subtree_relocate__02.html,https://synthetic-shop.local/search/syn-0016,https://synthetic-shop.local/search/syn-0016,,,,raw_html,,a176c1a4d6cc92607d05a9443d289ce2fa7af38e86a5c8c6b285ec2781b36723,a176c1a4d6cc92607d05a9443d289ce2fa7af38e86a5c8c6b285ec2781b36723,html/syn-0016__subtree_relocate__02.html,syn-0016,table_listing,html/syn-0016__subtree_relocate__02.html,electronics,synthetic-v2-12to30,subtree_relocate,syn-0016__subtree_relocate__02,14,syn-0016__subtree_relocate__02,https://synthetic-shop.local/search/syn-0016,a176c1a4d6cc92607d05a9443d289ce2fa7af38e86a5c8c6b285ec2781b36723,synthetic-shop.local,2,synthetic-shop.local,run-none160,,,ok,,,,14,14,14,False,,,,True,1,0,099ace604f0fe4c4887f14d0c1644158e281d4abc0118ecea34e67bd7b4ba703,0,14,0,0,1.0,0.0,0.0,0,1,0,0,0,1.0,1.0,1.0,1.0,1.0,1.0,1.0,1.0,1.0
20261003T183020Z-b6869124,robustness,llm_full_html,syn-0017__class_rename__01,html/syn-0017__class_rename__01.html,,positive,True,24,24,24,0,0,1,24,0,0,24,0,0,24,0,0,robustness,html/syn-0017__class_rename__01.html,syn-0017__class_rename__01.html,run-none161,synthetic-shop.local,D:\Pet_Codes\science\article-price-tracker\synthetic\html\syn-0017__class_rename__01.html,https://synthetic-shop.local/search/syn-0017,https://synthetic-shop.local/search/syn-0017,,,,raw_html,,1fbe79002090b831040a66ad6c10460b86b55b3062ab818bb1abeaa4d10c2fed,1fbe79002090b831040a66ad6c10460b86b55b3062ab818bb1abeaa4d10c2fed,html/syn-0017__class_rename__01.html,syn-0017,semantic_articles,html/syn-0017__class_rename__01.html,electronics,synthetic-v2-12to30,class_rename,syn-0017__class_rename__01,24,syn-0017__class_rename__01,https://synthetic-shop.local/search/syn-0017,1fbe79002090b831040a66ad6c10460b86b55b3062ab818bb1abeaa4d10c2fed,synthetic-shop.local,1,synthetic-shop.local,run-none161,,,ok,,,,24,24,24,False,,,,True,1,0,69cac71e856e61fd53c76f7cf1ca986d70221ffbb9b8ae3351ee127771d151ca,0,24,0,0,1.0,0.0,0.0,0,1,0,0,0,1.0,1.0,1.0,1.0,1.0,1.0,1.0,1.0,1.0
20261003T183020Z-b6869124,robustness,llm_full_html,syn-0017__class_rename__02,html/syn-0017__class_rename__02.html,,positive,True,24,24,24,0,0,1,24,0,0,24,0,0,24,0,0,robustness,html/syn-0017__class_rename__02.html,syn-0017__class_rename__02.html,run-none162,synthetic-shop.local,D:\Pet_Codes\science\article-price-tracker\synthetic\html\syn-0017__class_rename__02.html,https://synthetic-shop.local/search/syn-0017,https://synthetic-shop.local/search/syn-0017,,,,raw_html,,7f36d2f7e9d3d71603dd64cd9d6031a5ebc0ea02a91ffa7a3622512bdd8aa6bc,7f36d2f7e9d3d71603dd64cd9d6031a5ebc0ea02a91ffa7a3622512bdd8aa6bc,html/syn-0017__class_rename__02.html,syn-0017,semantic_articles,html/syn-0017__class_rename__02.html,electronics,synthetic-v2-12to30,class_rename,syn-0017__class_rename__02,24,syn-0017__class_rename__02,https://synthetic-shop.local/search/syn-0017,7f36d2f7e9d3d71603dd64cd9d6031a5ebc0ea02a91ffa7a3622512bdd8aa6bc,synthetic-shop.local,2,synthetic-shop.local,run-none162,,,ok,,,,24,24,24,False,,,,True,1,0,21b93f81f8e24db3ad8de638d6721eea563c3b63a001bf337e215e3efdfcaefe,0,24,0,0,1.0,0.0,0.0,0,1,0,0,0,1.0,1.0,1.0,1.0,1.0,1.0,1.0,1.0,1.0
20261003T183020Z-b6869124,robustness,llm_full_html,syn-0017__class_rename__03,html/syn-0017__class_rename__03.html,,positive,True,24,24,24,0,0,1,24,0,0,24,0,0,24,0,0,robustness,html/syn-0017__class_rename__03.html,syn-0017__class_rename__03.html,run-none163,synthetic-shop.local,D:\Pet_Codes\science\article-price-tracker\synthetic\html\syn-0017__class_rename__03.html,https://synthetic-shop.local/search/syn-0017,https://synthetic-shop.local/search/syn-0017,,,,raw_html,,d808cf6c5a65b5b98bca86000c09fb74814ddd23eabe7b441ec138ab2ffe641f,d808cf6c5a65b5b98bca86000c09fb74814ddd23eabe7b441ec138ab2ffe641f,html/syn-0017__class_rename__03.html,syn-0017,semantic_articles,html/syn-0017__class_rename__03.html,electronics,synthetic-v2-12to30,class_rename,syn-0017__class_rename__03,24,syn-0017__class_rename__03,https://synthetic-shop.local/search/syn-0017,d808cf6c5a65b5b98bca86000c09fb74814ddd23eabe7b441ec138ab2ffe641f,synthetic-shop.local,3,synthetic-shop.local,run-none163,,,ok,,,,24,24,24,False,,,,True,1,0,9ae1c559a47e78a88bba8d07f72e4ce03a3a0e33ac06ae50f3f9cf71bf002c50,0,24,0,0,1.0,0.0,0.0,0,1,0,0,0,1.0,1.0,1.0,1.0,1.0,1.0,1.0,1.0,1.0
20261003T183020Z-b6869124,robustness,llm_full_html,syn-0017__wrapper_insert__01,html/syn-0017__wrapper_insert__01.html,,positive,True,24,24,24,0,0,1,24,0,0,24,0,0,24,0,0,robustness,html/syn-0017__wrapper_insert__01.html,syn-0017__wrapper_insert__01.html,run-none164,synthetic-shop.local,D:\Pet_Codes\science\article-price-tracker\synthetic\html\syn-0017__wrapper_insert__01.html,https://synthetic-shop.local/search/syn-0017,https://synthetic-shop.local/search/syn-0017,,,,raw_html,,578d5f2c3087e824e92725f1cf43dc754007724d4b8128a0c5fa73343fdfad32,578d5f2c3087e824e92725f1cf43dc754007724d4b8128a0c5fa73343fdfad32,html/syn-0017__wrapper_insert__01.html,syn-0017,semantic_articles,html/syn-0017__wrapper_insert__01.html,electronics,synthetic-v2-12to30,wrapper_insert,syn-0017__wrapper_insert__01,24,syn-0017__wrapper_insert__01,https://synthetic-shop.local/search/syn-0017,578d5f2c3087e824e92725f1cf43dc754007724d4b8128a0c5fa73343fdfad32,synthetic-shop.local,1,synthetic-shop.local,run-none164,,,ok,,,,24,24,24,False,,,,True,1,0,68b125ba16e61f4bef3d4cd4ab3470b2304666b34743c66e210499ac4ff8f2ab,0,24,0,0,1.0,0.0,0.0,0,1,0,0,0,1.0,1.0,1.0,1.0,1.0,1.0,1.0,1.0,1.0
20261003T183020Z-b6869124,robustness,llm_full_html,syn-0017__wrapper_insert__02,html/syn-0017__wrapper_insert__02.html,,positive,True,24,24,24,0,0,1,24,0,0,24,0,0,24,0,0,robustness,html/syn-0017__wrapper_insert__02.html,syn-0017__wrapper_insert__02.html,run-none165,synthetic-shop.local,D:\Pet_Codes\science\article-price-tracker\synthetic\html\syn-0017__wrapper_insert__02.html,https://synthetic-shop.local/search/syn-0017,https://synthetic-shop.local/search/syn-0017,,,,raw_html,,5519343bc486a8183b94075beabba250d841bf9cf25153926f26e35d42a5946b,5519343bc486a8183b94075beabba250d841bf9cf25153926f26e35d42a5946b,html/syn-0017__wrapper_insert__02.html,syn-0017,semantic_articles,html/syn-0017__wrapper_insert__02.html,electronics,synthetic-v2-12to30,wrapper_insert,syn-0017__wrapper_insert__02,24,syn-0017__wrapper_insert__02,https://synthetic-shop.local/search/syn-0017,5519343bc486a8183b94075beabba250d841bf9cf25153926f26e35d42a5946b,synthetic-shop.local,2,synthetic-shop.local,run-none165,,,ok,,,,24,24,24,False,,,,True,1,0,2daa501128446ae023d8dab75bf7f39b420b4136d8e077a32f0dba9735fefa4b,0,24,0,0,1.0,0.0,0.0,0,1,0,0,0,1.0,1.0,1.0,1.0,1.0,1.0,1.0,1.0,1.0
20261003T183020Z-b6869124,robustness,llm_full_html,syn-0017__wrapper_insert__03,html/syn-0017__wrapper_insert__03.html,,positive,True,24,24,24,0,0,1,24,0,0,24,0,0,24,0,0,robustness,html/syn-0017__wrapper_insert__03.html,syn-0017__wrapper_insert__03.html,run-none166,synthetic-shop.local,D:\Pet_Codes\science\article-price-tracker\synthetic\html\syn-0017__wrapper_insert__03.html,https://synthetic-shop.local/search/syn-0017,https://synthetic-shop.local/search/syn-0017,,,,raw_html,,80ea26797c4f07a3dd2a0434c18d10a3e373170e946d73b71f4e58a28de62060,80ea26797c4f07a3dd2a0434c18d10a3e373170e946d73b71f4e58a28de62060,html/syn-0017__wrapper_insert__03.html,syn-0017,semantic_articles,html/syn-0017__wrapper_insert__03.html,electronics,synthetic-v2-12to30,wrapper_insert,syn-0017__wrapper_insert__03,24,syn-0017__wrapper_insert__03,https://synthetic-shop.local/search/syn-0017,80ea26797c4f07a3dd2a0434c18d10a3e373170e946d73b71f4e58a28de62060,synthetic-shop.local,3,synthetic-shop.local,run-none166,,,ok,,,,24,24,24,False,,,,True,1,0,2b5f358f897dc86a6828f8cc285000deb6f1c341c10d6be47f9e489a76f2faa9,0,24,0,0,1.0,0.0,0.0,0,1,0,0,0,1.0,1.0,1.0,1.0,1.0,1.0,1.0,1.0,1.0
20261003T183020Z-b6869124,robustness,llm_full_html,syn-0017__field_reorder__01,html/syn-0017__field_reorder__01.html,,positive,True,24,24,24,0,0,1,24,0,0,24,0,0,24,0,0,robustness,html/syn-0017__field_reorder__01.html,syn-0017__field_reorder__01.html,run-none167,synthetic-shop.local,D:\Pet_Codes\science\article-price-tracker\synthetic\html\syn-0017__field_reorder__01.html,https://synthetic-shop.local/search/syn-0017,https://synthetic-shop.local/search/syn-0017,,,,raw_html,,466b531abd520fd0865c051c4069e46e58e1288bcd0c7569450810657af433db,466b531abd520fd0865c051c4069e46e58e1288bcd0c7569450810657af433db,html/syn-0017__field_reorder__01.html,syn-0017,semantic_articles,html/syn-0017__field_reorder__01.html,electronics,synthetic-v2-12to30,field_reorder,syn-0017__field_reorder__01,24,syn-0017__field_reorder__01,https://synthetic-shop.local/search/syn-0017,466b531abd520fd0865c051c4069e46e58e1288bcd0c7569450810657af433db,synthetic-shop.local,1,synthetic-shop.local,run-none167,,,ok,,,,24,24,24,False,,,,True,1,0,62a23466497f6b879eb862fa1a46c746fca09cd2773c94ece589e532b42fae17,0,24,0,0,1.0,0.0,0.0,0,1,0,0,0,1.0,1.0,1.0,1.0,1.0,1.0,1.0,1.0,1.0
20261003T183020Z-b6869124,robustness,llm_full_html,syn-0017__field_reorder__02,html/syn-0017__field_reorder__02.html,,positive,True,24,24,24,0,0,1,24,0,0,24,0,0,24,0,0,robustness,html/syn-0017__field_reorder__02.html,syn-0017__field_reorder__02.html,run-none168,synthetic-shop.local,D:\Pet_Codes\science\article-price-tracker\synthetic\html\syn-0017__field_reorder__02.html,https://synthetic-shop.local/search/syn-0017,https://synthetic-shop.local/search/syn-0017,,,,raw_html,,54087b61d874b6792e61c0fd759a81d9ebb587a7cf1531b266703e27a0c5a77f,54087b61d874b6792e61c0fd759a81d9ebb587a7cf1531b266703e27a0c5a77f,html/syn-0017__field_reorder__02.html,syn-0017,semantic_articles,html/syn-0017__field_reorder__02.html,electronics,synthetic-v2-12to30,field_reorder,syn-0017__field_reorder__02,24,syn-0017__field_reorder__02,https://synthetic-shop.local/search/syn-0017,54087b61d874b6792e61c0fd759a81d9ebb587a7cf1531b266703e27a0c5a77f,synthetic-shop.local,2,synthetic-shop.local,run-none168,,,ok,,,,24,24,24,False,,,,True,1,0,a2ac7722b645ddfac4e3fe9efe02156c1f39205d05e341230c93a93f5c5ba348,0,24,0,0,1.0,0.0,0.0,0,1,0,0,0,1.0,1.0,1.0,1.0,1.0,1.0,1.0,1.0,1.0
20261003T183020Z-b6869124,robustness,llm_full_html,syn-0017__subtree_relocate__01,html/syn-0017__subtree_relocate__01.html,,positive,True,24,24,24,0,0,1,24,0,0,24,0,0,24,0,0,robustness,html/syn-0017__subtree_relocate__01.html,syn-0017__subtree_relocate__01.html,run-none169,synthetic-shop.local,D:\Pet_Codes\science\article-price-tracker\synthetic\html\syn-0017__subtree_relocate__01.html,https://synthetic-shop.local/search/syn-0017,https://synthetic-shop.local/search/syn-0017,,,,raw_html,,1bfedbd8f752243e83347cc9b093015c85a40550d84736f00c2853bf4410debd,1bfedbd8f752243e83347cc9b093015c85a40550d84736f00c2853bf4410debd,html/syn-0017__subtree_relocate__01.html,syn-0017,semantic_articles,html/syn-0017__subtree_relocate__01.html,electronics,synthetic-v2-12to30,subtree_relocate,syn-0017__subtree_relocate__01,24,syn-0017__subtree_relocate__01,https://synthetic-shop.local/search/syn-0017,1bfedbd8f752243e83347cc9b093015c85a40550d84736f00c2853bf4410debd,synthetic-shop.local,1,synthetic-shop.local,run-none169,,,ok,,,,24,24,24,False,,,,True,1,0,99ee993fd4ad716964828a92f03c86f9a3cb889b0e592523e7519feca6a086c3,0,24,0,0,1.0,0.0,0.0,0,1,0,0,0,1.0,1.0,1.0,1.0,1.0,1.0,1.0,1.0,1.0
20261003T183020Z-b6869124,robustness,llm_full_html,syn-0017__subtree_relocate__02,html/syn-0017__subtree_relocate__02.html,,positive,True,24,24,24,0,0,1,24,0,0,24,0,0,24,0,0,robustness,html/syn-0017__subtree_relocate__02.html,syn-0017__subtree_relocate__02.html,run-none170,synthetic-shop.local,D:\Pet_Codes\science\article-price-tracker\synthetic\html\syn-0017__subtree_relocate__02.html,https://synthetic-shop.local/search/syn-0017,https://synthetic-shop.local/search/syn-0017,,,,raw_html,,d8c2716cc74f137bb77c9cfc9017adc9d06c093e8493c66f8f9d84ba05331adc,d8c2716cc74f137bb77c9cfc9017adc9d06c093e8493c66f8f9d84ba05331adc,html/syn-0017__subtree_relocate__02.html,syn-0017,semantic_articles,html/syn-0017__subtree_relocate__02.html,electronics,synthetic-v2-12to30,subtree_relocate,syn-0017__subtree_relocate__02,24,syn-0017__subtree_relocate__02,https://synthetic-shop.local/search/syn-0017,d8c2716cc74f137bb77c9cfc9017adc9d06c093e8493c66f8f9d84ba05331adc,synthetic-shop.local,2,synthetic-shop.local,run-none170,,,ok,,,,24,24,24,False,,,,True,1,0,5c7e694d38e867455c832ee43effa5c5d1e34fe6a665f5b5d17b2582dc6a3b0e,0,24,0,0,1.0,0.0,0.0,0,1,0,0,0,1.0,1.0,1.0,1.0,1.0,1.0,1.0,1.0,1.0
20261003T183020Z-b6869124,robustness,llm_full_html,syn-0018__class_rename__01,html/syn-0018__class_rename__01.html,,positive,True,18,18,18,0,0,1,18,0,0,18,0,0,18,0,0,robustness,html/syn-0018__class_rename__01.html,syn-0018__class_rename__01.html,run-none171,synthetic-shop.local,D:\Pet_Codes\science\article-price-tracker\synthetic\html\syn-0018__class_rename__01.html,https://synthetic-shop.local/search/syn-0018,https://synthetic-shop.local/search/syn-0018,,,,raw_html,,fd34a016d21f4f014d6cb90ccca49ed811629918d44046d341609ef12f42dc94,fd34a016d21f4f014d6cb90ccca49ed811629918d44046d341609ef12f42dc94,html/syn-0018__class_rename__01.html,syn-0018,data_attrs,html/syn-0018__class_rename__01.html,electronics,synthetic-v2-12to30,class_rename,syn-0018__class_rename__01,18,syn-0018__class_rename__01,https://synthetic-shop.local/search/syn-0018,fd34a016d21f4f014d6cb90ccca49ed811629918d44046d341609ef12f42dc94,synthetic-shop.local,1,synthetic-shop.local,run-none171,,,ok,,,,18,18,18,False,,,,True,1,0,54b6f5306ff1bedff64182d2dc5b14d8aaf28e35bb31f8812457556cb20c8617,0,18,0,0,1.0,0.0,0.0,0,1,0,0,0,1.0,1.0,1.0,1.0,1.0,1.0,1.0,1.0,1.0
20261003T183020Z-b6869124,robustness,llm_full_html,syn-0018__class_rename__02,html/syn-0018__class_rename__02.html,,positive,True,18,18,18,0,0,1,18,0,0,18,0,0,18,0,0,robustness,html/syn-0018__class_rename__02.html,syn-0018__class_rename__02.html,run-none172,synthetic-shop.local,D:\Pet_Codes\science\article-price-tracker\synthetic\html\syn-0018__class_rename__02.html,https://synthetic-shop.local/search/syn-0018,https://synthetic-shop.local/search/syn-0018,,,,raw_html,,495278fc618fcf1fbfb8cd4d055f5a25d20dc8398b3090704e9b4a99b9746fbc,495278fc618fcf1fbfb8cd4d055f5a25d20dc8398b3090704e9b4a99b9746fbc,html/syn-0018__class_rename__02.html,syn-0018,data_attrs,html/syn-0018__class_rename__02.html,electronics,synthetic-v2-12to30,class_rename,syn-0018__class_rename__02,18,syn-0018__class_rename__02,https://synthetic-shop.local/search/syn-0018,495278fc618fcf1fbfb8cd4d055f5a25d20dc8398b3090704e9b4a99b9746fbc,synthetic-shop.local,2,synthetic-shop.local,run-none172,,,ok,,,,18,18,18,False,,,,True,1,0,10504970215e049d64daa663f20bafaf4c2a3c8392a17feb7469b0c81dc5db55,0,18,0,0,1.0,0.0,0.0,0,1,0,0,0,1.0,1.0,1.0,1.0,1.0,1.0,1.0,1.0,1.0
20261003T183020Z-b6869124,robustness,llm_full_html,syn-0018__class_rename__03,html/syn-0018__class_rename__03.html,,positive,True,18,18,18,0,0,1,18,0,0,18,0,0,18,0,0,robustness,html/syn-0018__class_rename__03.html,syn-0018__class_rename__03.html,run-none173,synthetic-shop.local,D:\Pet_Codes\science\article-price-tracker\synthetic\html\syn-0018__class_rename__03.html,https://synthetic-shop.local/search/syn-0018,https://synthetic-shop.local/search/syn-0018,,,,raw_html,,9c17ef284d58c197c92af49a392e8bbc9d7eb25508b8e7b95c059209bdaf010e,9c17ef284d58c197c92af49a392e8bbc9d7eb25508b8e7b95c059209bdaf010e,html/syn-0018__class_rename__03.html,syn-0018,data_attrs,html/syn-0018__class_rename__03.html,electronics,synthetic-v2-12to30,class_rename,syn-0018__class_rename__03,18,syn-0018__class_rename__03,https://synthetic-shop.local/search/syn-0018,9c17ef284d58c197c92af49a392e8bbc9d7eb25508b8e7b95c059209bdaf010e,synthetic-shop.local,3,synthetic-shop.local,run-none173,,,ok,,,,18,18,18,False,,,,True,1,0,9c6a8a55250f317a41ace842fa68d5e540bef87c915c58c308d5bbbb69f46ec9,0,18,0,0,1.0,0.0,0.0,0,1,0,0,0,1.0,1.0,1.0,1.0,1.0,1.0,1.0,1.0,1.0
20261003T183020Z-b6869124,robustness,llm_full_html,syn-0018__wrapper_insert__01,html/syn-0018__wrapper_insert__01.html,,positive,True,18,18,18,0,0,1,18,0,0,18,0,0,18,0,0,robustness,html/syn-0018__wrapper_insert__01.html,syn-0018__wrapper_insert__01.html,run-none174,synthetic-shop.local,D:\Pet_Codes\science\article-price-tracker\synthetic\html\syn-0018__wrapper_insert__01.html,https://synthetic-shop.local/search/syn-0018,https://synthetic-shop.local/search/syn-0018,,,,raw_html,,dd45725e2f35d2a7c0cf792de965d829173f0eace13e37df97472e601fa4c786,dd45725e2f35d2a7c0cf792de965d829173f0eace13e37df97472e601fa4c786,html/syn-0018__wrapper_insert__01.html,syn-0018,data_attrs,html/syn-0018__wrapper_insert__01.html,electronics,synthetic-v2-12to30,wrapper_insert,syn-0018__wrapper_insert__01,18,syn-0018__wrapper_insert__01,https://synthetic-shop.local/search/syn-0018,dd45725e2f35d2a7c0cf792de965d829173f0eace13e37df97472e601fa4c786,synthetic-shop.local,1,synthetic-shop.local,run-none174,,,ok,,,,18,18,18,False,,,,True,1,0,8adf8d6bc0dc4f93b2673cef3b0d44a274a9e76e48a75ee5267f9cbdb67bb2c4,0,18,0,0,1.0,0.0,0.0,0,1,0,0,0,1.0,1.0,1.0,1.0,1.0,1.0,1.0,1.0,1.0
20261003T183020Z-b6869124,robustness,llm_full_html,syn-0018__wrapper_insert__02,html/syn-0018__wrapper_insert__02.html,,positive,True,18,18,18,0,0,1,18,0,0,18,0,0,18,0,0,robustness,html/syn-0018__wrapper_insert__02.html,syn-0018__wrapper_insert__02.html,run-none175,synthetic-shop.local,D:\Pet_Codes\science\article-price-tracker\synthetic\html\syn-0018__wrapper_insert__02.html,https://synthetic-shop.local/search/syn-0018,https://synthetic-shop.local/search/syn-0018,,,,raw_html,,06978b2bee1207b3a28fc47e01cb96ee6ce39664b8e525c4eb500e11c958c90b,06978b2bee1207b3a28fc47e01cb96ee6ce39664b8e525c4eb500e11c958c90b,html/syn-0018__wrapper_insert__02.html,syn-0018,data_attrs,html/syn-0018__wrapper_insert__02.html,electronics,synthetic-v2-12to30,wrapper_insert,syn-0018__wrapper_insert__02,18,syn-0018__wrapper_insert__02,https://synthetic-shop.local/search/syn-0018,06978b2bee1207b3a28fc47e01cb96ee6ce39664b8e525c4eb500e11c958c90b,synthetic-shop.local,2,synthetic-shop.local,run-none175,,,ok,,,,18,18,18,False,,,,True,1,0,a5d845c84666fc3106ff49bcfb507288fadea9561fa24c0a4060d1482cc56f0d,0,18,0,0,1.0,0.0,0.0,0,1,0,0,0,1.0,1.0,1.0,1.0,1.0,1.0,1.0,1.0,1.0
20261003T183020Z-b6869124,robustness,llm_full_html,syn-0018__wrapper_insert__03,html/syn-0018__wrapper_insert__03.html,,positive,True,18,18,18,0,0,1,18,0,0,18,0,0,18,0,0,robustness,html/syn-0018__wrapper_insert__03.html,syn-0018__wrapper_insert__03.html,run-none176,synthetic-shop.local,D:\Pet_Codes\science\article-price-tracker\synthetic\html\syn-0018__wrapper_insert__03.html,https://synthetic-shop.local/search/syn-0018,https://synthetic-shop.local/search/syn-0018,,,,raw_html,,cf2161d03f69f323d85c1a1961be1ad06882a160ce5ced31be84b8645be4ee62,cf2161d03f69f323d85c1a1961be1ad06882a160ce5ced31be84b8645be4ee62,html/syn-0018__wrapper_insert__03.html,syn-0018,data_attrs,html/syn-0018__wrapper_insert__03.html,electronics,synthetic-v2-12to30,wrapper_insert,syn-0018__wrapper_insert__03,18,syn-0018__wrapper_insert__03,https://synthetic-shop.local/search/syn-0018,cf2161d03f69f323d85c1a1961be1ad06882a160ce5ced31be84b8645be4ee62,synthetic-shop.local,3,synthetic-shop.local,run-none176,,,ok,,,,18,18,18,False,,,,True,1,0,3137c343acb13b0c0f0db5164ef4515dfde84323aa0ee8f956fb5a52db6b3815,0,18,0,0,1.0,0.0,0.0,0,1,0,0,0,1.0,1.0,1.0,1.0,1.0,1.0,1.0,1.0,1.0
20261003T183020Z-b6869124,robustness,llm_full_html,syn-0018__field_reorder__01,html/syn-0018__field_reorder__01.html,,positive,True,18,18,18,0,0,1,18,0,0,18,0,0,18,0,0,robustness,html/syn-0018__field_reorder__01.html,syn-0018__field_reorder__01.html,run-none177,synthetic-shop.local,D:\Pet_Codes\science\article-price-tracker\synthetic\html\syn-0018__field_reorder__01.html,https://synthetic-shop.local/search/syn-0018,https://synthetic-shop.local/search/syn-0018,,,,raw_html,,809e5ea2b9c41d1334c52406fc030f91b5a564f1e60180ed71266bb16b9073e3,809e5ea2b9c41d1334c52406fc030f91b5a564f1e60180ed71266bb16b9073e3,html/syn-0018__field_reorder__01.html,syn-0018,data_attrs,html/syn-0018__field_reorder__01.html,electronics,synthetic-v2-12to30,field_reorder,syn-0018__field_reorder__01,18,syn-0018__field_reorder__01,https://synthetic-shop.local/search/syn-0018,809e5ea2b9c41d1334c52406fc030f91b5a564f1e60180ed71266bb16b9073e3,synthetic-shop.local,1,synthetic-shop.local,run-none177,,,ok,,,,18,18,18,False,,,,True,1,0,cf5a449f177ca435e806f30431e36ac7c94c4c2de2acb56aa418a949b244dc67,0,18,0,0,1.0,0.0,0.0,0,1,0,0,0,1.0,1.0,1.0,1.0,1.0,1.0,1.0,1.0,1.0
20261003T183020Z-b6869124,robustness,llm_full_html,syn-0018__field_reorder__02,html/syn-0018__field_reorder__02.html,,positive,True,18,18,18,0,0,1,18,0,0,18,0,0,18,0,0,robustness,html/syn-0018__field_reorder__02.html,syn-0018__field_reorder__02.html,run-none178,synthetic-shop.local,D:\Pet_Codes\science\article-price-tracker\synthetic\html\syn-0018__field_reorder__02.html,https://synthetic-shop.local/search/syn-0018,https://synthetic-shop.local/search/syn-0018,,,,raw_html,,8628c137d38a132ba7bec3bd959af11c3344817ad5c100f6d34db52d28624aa0,8628c137d38a132ba7bec3bd959af11c3344817ad5c100f6d34db52d28624aa0,html/syn-0018__field_reorder__02.html,syn-0018,data_attrs,html/syn-0018__field_reorder__02.html,electronics,synthetic-v2-12to30,field_reorder,syn-0018__field_reorder__02,18,syn-0018__field_reorder__02,https://synthetic-shop.local/search/syn-0018,8628c137d38a132ba7bec3bd959af11c3344817ad5c100f6d34db52d28624aa0,synthetic-shop.local,2,synthetic-shop.local,run-none178,,,ok,,,,18,18,18,False,,,,True,1,0,8dfd21861983b7e56c9a20eea9cc4afe4588b8b2db731aacc4cd17972471260d,0,18,0,0,1.0,0.0,0.0,0,1,0,0,0,1.0,1.0,1.0,1.0,1.0,1.0,1.0,1.0,1.0
20261003T183020Z-b6869124,robustness,llm_full_html,syn-0018__subtree_relocate__01,html/syn-0018__subtree_relocate__01.html,,positive,True,18,18,18,0,0,1,18,0,0,18,0,0,18,0,0,robustness,html/syn-0018__subtree_relocate__01.html,syn-0018__subtree_relocate__01.html,run-none179,synthetic-shop.local,D:\Pet_Codes\science\article-price-tracker\synthetic\html\syn-0018__subtree_relocate__01.html,https://synthetic-shop.local/search/syn-0018,https://synthetic-shop.local/search/syn-0018,,,,raw_html,,0570ff2ba3d724e2f0aba760fd3e041b655778ff049ce282237e4e8042cadccd,0570ff2ba3d724e2f0aba760fd3e041b655778ff049ce282237e4e8042cadccd,html/syn-0018__subtree_relocate__01.html,syn-0018,data_attrs,html/syn-0018__subtree_relocate__01.html,electronics,synthetic-v2-12to30,subtree_relocate,syn-0018__subtree_relocate__01,18,syn-0018__subtree_relocate__01,https://synthetic-shop.local/search/syn-0018,0570ff2ba3d724e2f0aba760fd3e041b655778ff049ce282237e4e8042cadccd,synthetic-shop.local,1,synthetic-shop.local,run-none179,,,ok,,,,18,18,18,False,,,,True,1,0,dd48d0045bb9c78079e3690eb160f663ca4d8c18915e43c5901dc13415d19e42,0,18,0,0,1.0,0.0,0.0,0,1,0,0,0,1.0,1.0,1.0,1.0,1.0,1.0,1.0,1.0,1.0
20261003T183020Z-b6869124,robustness,llm_full_html,syn-0018__subtree_relocate__02,html/syn-0018__subtree_relocate__02.html,,positive,True,18,18,18,0,0,1,18,0,0,18,0,0,18,0,0,robustness,html/syn-0018__subtree_relocate__02.html,syn-0018__subtree_relocate__02.html,run-none180,synthetic-shop.local,D:\Pet_Codes\science\article-price-tracker\synthetic\html\syn-0018__subtree_relocate__02.html,https://synthetic-shop.local/search/syn-0018,https://synthetic-shop.local/search/syn-0018,,,,raw_html,,7e748bb3344cf9899f93bd50b3985789fec559883589675e4f92449f4cb41cd0,7e748bb3344cf9899f93bd50b3985789fec559883589675e4f92449f4cb41cd0,html/syn-0018__subtree_relocate__02.html,syn-0018,data_attrs,html/syn-0018__subtree_relocate__02.html,electronics,synthetic-v2-12to30,subtree_relocate,syn-0018__subtree_relocate__02,18,syn-0018__subtree_relocate__02,https://synthetic-shop.local/search/syn-0018,7e748bb3344cf9899f93bd50b3985789fec559883589675e4f92449f4cb41cd0,synthetic-shop.local,2,synthetic-shop.local,run-none180,,,ok,,,,18,18,18,False,,,,True,1,0,90733e52f4ff3ff4d26e037ae9e9a4a78079f54f4d91c92c673b04abd3475d90,0,18,0,0,1.0,0.0,0.0,0,1,0,0,0,1.0,1.0,1.0,1.0,1.0,1.0,1.0,1.0,1.0
20261003T183020Z-b6869124,robustness,llm_full_html,syn-0019__class_rename__01,html/syn-0019__class_rename__01.html,,positive,True,22,22,22,0,0,1,22,0,0,22,0,0,22,0,0,robustness,html/syn-0019__class_rename__01.html,syn-0019__class_rename__01.html,run-none181,synthetic-shop.local,D:\Pet_Codes\science\article-price-tracker\synthetic\html\syn-0019__class_rename__01.html,https://synthetic-shop.local/search/syn-0019,https://synthetic-shop.local/search/syn-0019,,,,raw_html,,d642f0b82b4b1c67a0e329370f650c0f559aef23963dad59e48a4e223bace835,d642f0b82b4b1c67a0e329370f650c0f559aef23963dad59e48a4e223bace835,html/syn-0019__class_rename__01.html,syn-0019,nested_cards,html/syn-0019__class_rename__01.html,other,synthetic-v2-12to30,class_rename,syn-0019__class_rename__01,22,syn-0019__class_rename__01,https://synthetic-shop.local/search/syn-0019,d642f0b82b4b1c67a0e329370f650c0f559aef23963dad59e48a4e223bace835,synthetic-shop.local,1,synthetic-shop.local,run-none181,,,ok,,,,22,22,22,False,,,,True,1,0,93b6aac8a48225a9f25109b46b7ecd951080598fed2a3840d186518486015715,0,22,0,0,1.0,0.0,0.0,0,1,0,0,0,1.0,1.0,1.0,1.0,1.0,1.0,1.0,1.0,1.0
20261003T183020Z-b6869124,robustness,llm_full_html,syn-0019__class_rename__02,html/syn-0019__class_rename__02.html,,positive,True,22,22,22,0,0,1,22,0,0,22,0,0,22,0,0,robustness,html/syn-0019__class_rename__02.html,syn-0019__class_rename__02.html,run-none182,synthetic-shop.local,D:\Pet_Codes\science\article-price-tracker\synthetic\html\syn-0019__class_rename__02.html,https://synthetic-shop.local/search/syn-0019,https://synthetic-shop.local/search/syn-0019,,,,raw_html,,0fd15c9f4ced06e2aa460032d9313745d3b66bc00e6d03560982801693e31dff,0fd15c9f4ced06e2aa460032d9313745d3b66bc00e6d03560982801693e31dff,html/syn-0019__class_rename__02.html,syn-0019,nested_cards,html/syn-0019__class_rename__02.html,other,synthetic-v2-12to30,class_rename,syn-0019__class_rename__02,22,syn-0019__class_rename__02,https://synthetic-shop.local/search/syn-0019,0fd15c9f4ced06e2aa460032d9313745d3b66bc00e6d03560982801693e31dff,synthetic-shop.local,2,synthetic-shop.local,run-none182,,,ok,,,,22,22,22,False,,,,True,1,0,3dbb784256ddae318ee735c70088cb802c27a1ec08ed43bd06512dfbb263ab36,0,22,0,0,1.0,0.0,0.0,0,1,0,0,0,1.0,1.0,1.0,1.0,1.0,1.0,1.0,1.0,1.0
20261003T183020Z-b6869124,robustness,llm_full_html,syn-0019__class_rename__03,html/syn-0019__class_rename__03.html,,positive,True,22,22,22,0,0,1,22,0,0,22,0,0,22,0,0,robustness,html/syn-0019__class_rename__03.html,syn-0019__class_rename__03.html,run-none183,synthetic-shop.local,D:\Pet_Codes\science\article-price-tracker\synthetic\html\syn-0019__class_rename__03.html,https://synthetic-shop.local/search/syn-0019,https://synthetic-shop.local/search/syn-0019,,,,raw_html,,50513b73018f05979fd913f8f1abd327cef7535c7ae58e3520c28b35139ca593,50513b73018f05979fd913f8f1abd327cef7535c7ae58e3520c28b35139ca593,html/syn-0019__class_rename__03.html,syn-0019,nested_cards,html/syn-0019__class_rename__03.html,other,synthetic-v2-12to30,class_rename,syn-0019__class_rename__03,22,syn-0019__class_rename__03,https://synthetic-shop.local/search/syn-0019,50513b73018f05979fd913f8f1abd327cef7535c7ae58e3520c28b35139ca593,synthetic-shop.local,3,synthetic-shop.local,run-none183,,,ok,,,,22,22,22,False,,,,True,1,0,9745360c5d680fc96b76b5b9c34396852df8da50e95f67ae7735c1e0d4b77127,0,22,0,0,1.0,0.0,0.0,0,1,0,0,0,1.0,1.0,1.0,1.0,1.0,1.0,1.0,1.0,1.0
20261003T183020Z-b6869124,robustness,llm_full_html,syn-0019__wrapper_insert__01,html/syn-0019__wrapper_insert__01.html,,positive,True,22,22,22,0,0,1,22,0,0,22,0,0,22,0,0,robustness,html/syn-0019__wrapper_insert__01.html,syn-0019__wrapper_insert__01.html,run-none184,synthetic-shop.local,D:\Pet_Codes\science\article-price-tracker\synthetic\html\syn-0019__wrapper_insert__01.html,https://synthetic-shop.local/search/syn-0019,https://synthetic-shop.local/search/syn-0019,,,,raw_html,,40e4fe9a0dea3141efb83ae03e9a1fe9c4187839e46b8d93629eec9020a9388d,40e4fe9a0dea3141efb83ae03e9a1fe9c4187839e46b8d93629eec9020a9388d,html/syn-0019__wrapper_insert__01.html,syn-0019,nested_cards,html/syn-0019__wrapper_insert__01.html,other,synthetic-v2-12to30,wrapper_insert,syn-0019__wrapper_insert__01,22,syn-0019__wrapper_insert__01,https://synthetic-shop.local/search/syn-0019,40e4fe9a0dea3141efb83ae03e9a1fe9c4187839e46b8d93629eec9020a9388d,synthetic-shop.local,1,synthetic-shop.local,run-none184,,,ok,,,,22,22,22,False,,,,True,1,0,a4db74ffcd292a064b3327f3c34a23961d7187b58115605848d3790d0ecc9d16,0,22,0,0,1.0,0.0,0.0,0,1,0,0,0,1.0,1.0,1.0,1.0,1.0,1.0,1.0,1.0,1.0
20261003T183020Z-b6869124,robustness,llm_full_html,syn-0019__wrapper_insert__02,html/syn-0019__wrapper_insert__02.html,,positive,True,22,22,22,0,0,1,22,0,0,22,0,0,22,0,0,robustness,html/syn-0019__wrapper_insert__02.html,syn-0019__wrapper_insert__02.html,run-none185,synthetic-shop.local,D:\Pet_Codes\science\article-price-tracker\synthetic\html\syn-0019__wrapper_insert__02.html,https://synthetic-shop.local/search/syn-0019,https://synthetic-shop.local/search/syn-0019,,,,raw_html,,b2e127cd52eeefb80161572927dcb0ad967f2c8b337b6ff4fb9786b0966b8827,b2e127cd52eeefb80161572927dcb0ad967f2c8b337b6ff4fb9786b0966b8827,html/syn-0019__wrapper_insert__02.html,syn-0019,nested_cards,html/syn-0019__wrapper_insert__02.html,other,synthetic-v2-12to30,wrapper_insert,syn-0019__wrapper_insert__02,22,syn-0019__wrapper_insert__02,https://synthetic-shop.local/search/syn-0019,b2e127cd52eeefb80161572927dcb0ad967f2c8b337b6ff4fb9786b0966b8827,synthetic-shop.local,2,synthetic-shop.local,run-none185,,,ok,,,,22,22,22,False,,,,True,1,0,e47265531cf812722cd5b5fb7c0149973d1ce2c9a944b66d109d8645fb11f260,0,22,0,0,1.0,0.0,0.0,0,1,0,0,0,1.0,1.0,1.0,1.0,1.0,1.0,1.0,1.0,1.0
20261003T183020Z-b6869124,robustness,llm_full_html,syn-0019__wrapper_insert__03,html/syn-0019__wrapper_insert__03.html,,positive,True,22,22,22,0,0,1,22,0,0,22,0,0,22,0,0,robustness,html/syn-0019__wrapper_insert__03.html,syn-0019__wrapper_insert__03.html,run-none186,synthetic-shop.local,D:\Pet_Codes\science\article-price-tracker\synthetic\html\syn-0019__wrapper_insert__03.html,https://synthetic-shop.local/search/syn-0019,https://synthetic-shop.local/search/syn-0019,,,,raw_html,,0b060f6dbe7bdb2850e68e06f702c54d0add274cf75698dbd8a0f6dc439121d8,0b060f6dbe7bdb2850e68e06f702c54d0add274cf75698dbd8a0f6dc439121d8,html/syn-0019__wrapper_insert__03.html,syn-0019,nested_cards,html/syn-0019__wrapper_insert__03.html,other,synthetic-v2-12to30,wrapper_insert,syn-0019__wrapper_insert__03,22,syn-0019__wrapper_insert__03,https://synthetic-shop.local/search/syn-0019,0b060f6dbe7bdb2850e68e06f702c54d0add274cf75698dbd8a0f6dc439121d8,synthetic-shop.local,3,synthetic-shop.local,run-none186,,,ok,,,,22,22,22,False,,,,True,1,0,e249c34f81b8b34daf29da1b56603c590fdea67c3a82449db317a53ec6ad6039,0,22,0,0,1.0,0.0,0.0,0,1,0,0,0,1.0,1.0,1.0,1.0,1.0,1.0,1.0,1.0,1.0
20261003T183020Z-b6869124,robustness,llm_full_html,syn-0019__field_reorder__01,html/syn-0019__field_reorder__01.html,,positive,True,22,22,22,0,0,1,22,0,0,22,0,0,22,0,0,robustness,html/syn-0019__field_reorder__01.html,syn-0019__field_reorder__01.html,run-none187,synthetic-shop.local,D:\Pet_Codes\science\article-price-tracker\synthetic\html\syn-0019__field_reorder__01.html,https://synthetic-shop.local/search/syn-0019,https://synthetic-shop.local/search/syn-0019,,,,raw_html,,707ca3d7c4647db8f157f65995a3097405151ebc9e723ae6ee49915c9439a46f,707ca3d7c4647db8f157f65995a3097405151ebc9e723ae6ee49915c9439a46f,html/syn-0019__field_reorder__01.html,syn-0019,nested_cards,html/syn-0019__field_reorder__01.html,other,synthetic-v2-12to30,field_reorder,syn-0019__field_reorder__01,22,syn-0019__field_reorder__01,https://synthetic-shop.local/search/syn-0019,707ca3d7c4647db8f157f65995a3097405151ebc9e723ae6ee49915c9439a46f,synthetic-shop.local,1,synthetic-shop.local,run-none187,,,ok,,,,22,22,22,False,,,,True,1,0,827e63cde28698ac8526f524344b79205d60656a4ef27785f01613b6f30be193,0,22,0,0,1.0,0.0,0.0,0,1,0,0,0,1.0,1.0,1.0,1.0,1.0,1.0,1.0,1.0,1.0
20261003T183020Z-b6869124,robustness,llm_full_html,syn-0019__field_reorder__02,html/syn-0019__field_reorder__02.html,,positive,True,22,22,22,0,0,1,22,0,0,22,0,0,22,0,0,robustness,html/syn-0019__field_reorder__02.html,syn-0019__field_reorder__02.html,run-none188,synthetic-shop.local,D:\Pet_Codes\science\article-price-tracker\synthetic\html\syn-0019__field_reorder__02.html,https://synthetic-shop.local/search/syn-0019,https://synthetic-shop.local/search/syn-0019,,,,raw_html,,038dbb40e0fd63c5861ceae4884cff1d0f5bebeba0ce6a5deffe53a72a7ac90b,038dbb40e0fd63c5861ceae4884cff1d0f5bebeba0ce6a5deffe53a72a7ac90b,html/syn-0019__field_reorder__02.html,syn-0019,nested_cards,html/syn-0019__field_reorder__02.html,other,synthetic-v2-12to30,field_reorder,syn-0019__field_reorder__02,22,syn-0019__field_reorder__02,https://synthetic-shop.local/search/syn-0019,038dbb40e0fd63c5861ceae4884cff1d0f5bebeba0ce6a5deffe53a72a7ac90b,synthetic-shop.local,2,synthetic-shop.local,run-none188,,,ok,,,,22,22,22,False,,,,True,1,0,cc01a4eb7245b722ff428755aab9de21f33c9381b0015fc89464c747a9c8f53e,0,22,0,0,0.9989177489177489,0.0,0.0,0,1,0,0,0,1.0,1.0,1.0,1.0,1.0,1.0,1.0,1.0,1.0
20261003T183020Z-b6869124,robustness,llm_full_html,syn-0019__subtree_relocate__01,html/syn-0019__subtree_relocate__01.html,,positive,True,22,22,22,0,0,1,22,0,0,22,0,0,22,0,0,robustness,html/syn-0019__subtree_relocate__01.html,syn-0019__subtree_relocate__01.html,run-none189,synthetic-shop.local,D:\Pet_Codes\science\article-price-tracker\synthetic\html\syn-0019__subtree_relocate__01.html,https://synthetic-shop.local/search/syn-0019,https://synthetic-shop.local/search/syn-0019,,,,raw_html,,5068fb0b0c19136557a18ad52ff27ba383bad4c41e9a6b13877cb1c869da369d,5068fb0b0c19136557a18ad52ff27ba383bad4c41e9a6b13877cb1c869da369d,html/syn-0019__subtree_relocate__01.html,syn-0019,nested_cards,html/syn-0019__subtree_relocate__01.html,other,synthetic-v2-12to30,subtree_relocate,syn-0019__subtree_relocate__01,22,syn-0019__subtree_relocate__01,https://synthetic-shop.local/search/syn-0019,5068fb0b0c19136557a18ad52ff27ba383bad4c41e9a6b13877cb1c869da369d,synthetic-shop.local,1,synthetic-shop.local,run-none189,,,ok,,,,22,22,22,False,,,,True,1,0,0af085e262d5296a57864b39897ac66e229024ff8ce683ddcf83173abf89dce4,0,22,0,0,1.0,0.0,0.0,0,1,0,0,0,1.0,1.0,1.0,1.0,1.0,1.0,1.0,1.0,1.0
20261003T183020Z-b6869124,robustness,llm_full_html,syn-0019__subtree_relocate__02,html/syn-0019__subtree_relocate__02.html,,positive,True,22,22,22,0,0,1,22,0,0,22,0,0,22,0,0,robustness,html/syn-0019__subtree_relocate__02.html,syn-0019__subtree_relocate__02.html,run-none190,synthetic-shop.local,D:\Pet_Codes\science\article-price-tracker\synthetic\html\syn-0019__subtree_relocate__02.html,https://synthetic-shop.local/search/syn-0019,https://synthetic-shop.local/search/syn-0019,,,,raw_html,,1380fa25a9da51fed1ba0e1b894f5864474b57fdecb3d1d70f0919d371196b76,1380fa25a9da51fed1ba0e1b894f5864474b57fdecb3d1d70f0919d371196b76,html/syn-0019__subtree_relocate__02.html,syn-0019,nested_cards,html/syn-0019__subtree_relocate__02.html,other,synthetic-v2-12to30,subtree_relocate,syn-0019__subtree_relocate__02,22,syn-0019__subtree_relocate__02,https://synthetic-shop.local/search/syn-0019,1380fa25a9da51fed1ba0e1b894f5864474b57fdecb3d1d70f0919d371196b76,synthetic-shop.local,2,synthetic-shop.local,run-none190,,,ok,,,,22,22,22,False,,,,True,1,0,e16fc5aa46aba1b7452b6c1e9628f05750d4ae90ab118cdc3ef097283390215d,0,22,0,0,1.0,0.0,0.0,0,1,0,0,0,1.0,1.0,1.0,1.0,1.0,1.0,1.0,1.0,1.0
20261003T183020Z-b6869124,robustness,llm_full_html,syn-0020__class_rename__01,html/syn-0020__class_rename__01.html,,positive,True,20,20,20,0,0,1,20,0,0,20,0,0,20,0,0,robustness,html/syn-0020__class_rename__01.html,syn-0020__class_rename__01.html,run-none191,synthetic-shop.local,D:\Pet_Codes\science\article-price-tracker\synthetic\html\syn-0020__class_rename__01.html,https://synthetic-shop.local/search/syn-0020,https://synthetic-shop.local/search/syn-0020,,,,raw_html,,80d25629cc030dac0657c1d9ce23c36b9455851ffbbf7fcfd61934039d51b1f6,80d25629cc030dac0657c1d9ce23c36b9455851ffbbf7fcfd61934039d51b1f6,html/syn-0020__class_rename__01.html,syn-0020,mixed_markup,html/syn-0020__class_rename__01.html,other,synthetic-v2-12to30,class_rename,syn-0020__class_rename__01,20,syn-0020__class_rename__01,https://synthetic-shop.local/search/syn-0020,80d25629cc030dac0657c1d9ce23c36b9455851ffbbf7fcfd61934039d51b1f6,synthetic-shop.local,1,synthetic-shop.local,run-none191,,,ok,,,,20,20,20,False,,,,True,1,0,819c9abd2abe4f3b932ca15747b2bd9d60245f6a3c205d5e15bad437335c2e3f,0,20,0,0,1.0,0.0,0.0,0,1,0,0,0,1.0,1.0,1.0,1.0,1.0,1.0,1.0,1.0,1.0
20261003T183020Z-b6869124,robustness,llm_full_html,syn-0020__class_rename__02,html/syn-0020__class_rename__02.html,,positive,True,20,20,20,0,0,1,20,0,0,20,0,0,20,0,0,robustness,html/syn-0020__class_rename__02.html,syn-0020__class_rename__02.html,run-none192,synthetic-shop.local,D:\Pet_Codes\science\article-price-tracker\synthetic\html\syn-0020__class_rename__02.html,https://synthetic-shop.local/search/syn-0020,https://synthetic-shop.local/search/syn-0020,,,,raw_html,,f91112d05317915be7409d9a6d76289102612c5bedfa302f9125565de125840e,f91112d05317915be7409d9a6d76289102612c5bedfa302f9125565de125840e,html/syn-0020__class_rename__02.html,syn-0020,mixed_markup,html/syn-0020__class_rename__02.html,other,synthetic-v2-12to30,class_rename,syn-0020__class_rename__02,20,syn-0020__class_rename__02,https://synthetic-shop.local/search/syn-0020,f91112d05317915be7409d9a6d76289102612c5bedfa302f9125565de125840e,synthetic-shop.local,2,synthetic-shop.local,run-none192,,,ok,,,,20,20,20,False,,,,True,1,0,772e2d51c0cee227360f227374425b295befc3174de196b24332923b4bd1fcad,0,20,0,0,1.0,0.0,0.0,0,1,0,0,0,1.0,1.0,1.0,1.0,1.0,1.0,1.0,1.0,1.0
20261003T183020Z-b6869124,robustness,llm_full_html,syn-0020__class_rename__03,html/syn-0020__class_rename__03.html,,positive,True,20,20,20,0,0,1,20,0,0,20,0,0,20,0,0,robustness,html/syn-0020__class_rename__03.html,syn-0020__class_rename__03.html,run-none193,synthetic-shop.local,D:\Pet_Codes\science\article-price-tracker\synthetic\html\syn-0020__class_rename__03.html,https://synthetic-shop.local/search/syn-0020,https://synthetic-shop.local/search/syn-0020,,,,raw_html,,11d162f04cb5d363703d98d79077c0ac11494aa28c41abc5edb462da8a4bbd10,11d162f04cb5d363703d98d79077c0ac11494aa28c41abc5edb462da8a4bbd10,html/syn-0020__class_rename__03.html,syn-0020,mixed_markup,html/syn-0020__class_rename__03.html,other,synthetic-v2-12to30,class_rename,syn-0020__class_rename__03,20,syn-0020__class_rename__03,https://synthetic-shop.local/search/syn-0020,11d162f04cb5d363703d98d79077c0ac11494aa28c41abc5edb462da8a4bbd10,synthetic-shop.local,3,synthetic-shop.local,run-none193,,,ok,,,,20,20,20,False,,,,True,1,0,5a350344877c05d96390caa13c1ba1fb769d9e4cf7184be2a7275f131aa19ee8,0,20,0,0,1.0,0.0,0.0,0,1,0,0,0,1.0,1.0,1.0,1.0,1.0,1.0,1.0,1.0,1.0
20261003T183020Z-b6869124,robustness,llm_full_html,syn-0020__wrapper_insert__01,html/syn-0020__wrapper_insert__01.html,,positive,True,20,20,20,0,0,1,20,0,0,20,0,0,20,0,0,robustness,html/syn-0020__wrapper_insert__01.html,syn-0020__wrapper_insert__01.html,run-none194,synthetic-shop.local,D:\Pet_Codes\science\article-price-tracker\synthetic\html\syn-0020__wrapper_insert__01.html,https://synthetic-shop.local/search/syn-0020,https://synthetic-shop.local/search/syn-0020,,,,raw_html,,3506567207377b2c311af29565a02051624e48191a2e1df007529911117379b0,3506567207377b2c311af29565a02051624e48191a2e1df007529911117379b0,html/syn-0020__wrapper_insert__01.html,syn-0020,mixed_markup,html/syn-0020__wrapper_insert__01.html,other,synthetic-v2-12to30,wrapper_insert,syn-0020__wrapper_insert__01,20,syn-0020__wrapper_insert__01,https://synthetic-shop.local/search/syn-0020,3506567207377b2c311af29565a02051624e48191a2e1df007529911117379b0,synthetic-shop.local,1,synthetic-shop.local,run-none194,,,ok,,,,20,20,20,False,,,,True,1,0,a806589a7bec1a3c20c5575a85c820ddade7f3253b83efa627af8636428b162b,0,20,0,0,1.0,0.0,0.0,0,1,0,0,0,1.0,1.0,1.0,1.0,1.0,1.0,1.0,1.0,1.0
20261003T183020Z-b6869124,robustness,llm_full_html,syn-0020__wrapper_insert__02,html/syn-0020__wrapper_insert__02.html,,positive,True,20,20,20,0,0,1,20,0,0,20,0,0,20,0,0,robustness,html/syn-0020__wrapper_insert__02.html,syn-0020__wrapper_insert__02.html,run-none195,synthetic-shop.local,D:\Pet_Codes\science\article-price-tracker\synthetic\html\syn-0020__wrapper_insert__02.html,https://synthetic-shop.local/search/syn-0020,https://synthetic-shop.local/search/syn-0020,,,,raw_html,,f057e0e5a330b2d219f31089172c12d1d0137de6a435d8c7bbd4f242d0677a41,f057e0e5a330b2d219f31089172c12d1d0137de6a435d8c7bbd4f242d0677a41,html/syn-0020__wrapper_insert__02.html,syn-0020,mixed_markup,html/syn-0020__wrapper_insert__02.html,other,synthetic-v2-12to30,wrapper_insert,syn-0020__wrapper_insert__02,20,syn-0020__wrapper_insert__02,https://synthetic-shop.local/search/syn-0020,f057e0e5a330b2d219f31089172c12d1d0137de6a435d8c7bbd4f242d0677a41,synthetic-shop.local,2,synthetic-shop.local,run-none195,,,ok,,,,20,20,20,False,,,,True,1,0,9e90ab544feabc56e7a577268cfc136e3e28392ca878ad7206f484c7a1c543a4,0,20,0,0,1.0,0.0,0.0,0,1,0,0,0,1.0,1.0,1.0,1.0,1.0,1.0,1.0,1.0,1.0
20261003T183020Z-b6869124,robustness,llm_full_html,syn-0020__wrapper_insert__03,html/syn-0020__wrapper_insert__03.html,,positive,True,20,20,20,0,0,1,20,0,0,20,0,0,20,0,0,robustness,html/syn-0020__wrapper_insert__03.html,syn-0020__wrapper_insert__03.html,run-none196,synthetic-shop.local,D:\Pet_Codes\science\article-price-tracker\synthetic\html\syn-0020__wrapper_insert__03.html,https://synthetic-shop.local/search/syn-0020,https://synthetic-shop.local/search/syn-0020,,,,raw_html,,53abc16411b6aa92ba0441dac0c184354f968fccbbcd8a221cd6bfda6cc1759b,53abc16411b6aa92ba0441dac0c184354f968fccbbcd8a221cd6bfda6cc1759b,html/syn-0020__wrapper_insert__03.html,syn-0020,mixed_markup,html/syn-0020__wrapper_insert__03.html,other,synthetic-v2-12to30,wrapper_insert,syn-0020__wrapper_insert__03,20,syn-0020__wrapper_insert__03,https://synthetic-shop.local/search/syn-0020,53abc16411b6aa92ba0441dac0c184354f968fccbbcd8a221cd6bfda6cc1759b,synthetic-shop.local,3,synthetic-shop.local,run-none196,,,ok,,,,20,20,20,False,,,,True,1,0,b22a3ef00051fb2a08f9e610f7550059ef3ea7847ffb31b92cca4068444ccc79,0,20,0,0,1.0,0.0,0.0,0,1,0,0,0,1.0,1.0,1.0,1.0,1.0,1.0,1.0,1.0,1.0
20261003T183020Z-b6869124,robustness,llm_full_html,syn-0020__field_reorder__01,html/syn-0020__field_reorder__01.html,,positive,True,20,20,20,0,0,1,20,0,0,20,0,0,20,0,0,robustness,html/syn-0020__field_reorder__01.html,syn-0020__field_reorder__01.html,run-none197,synthetic-shop.local,D:\Pet_Codes\science\article-price-tracker\synthetic\html\syn-0020__field_reorder__01.html,https://synthetic-shop.local/search/syn-0020,https://synthetic-shop.local/search/syn-0020,,,,raw_html,,4b137303e51597ef9c45e96baa2f6469b0c2bbe6b2aa79a178a96aa85f6493f7,4b137303e51597ef9c45e96baa2f6469b0c2bbe6b2aa79a178a96aa85f6493f7,html/syn-0020__field_reorder__01.html,syn-0020,mixed_markup,html/syn-0020__field_reorder__01.html,other,synthetic-v2-12to30,field_reorder,syn-0020__field_reorder__01,20,syn-0020__field_reorder__01,https://synthetic-shop.local/search/syn-0020,4b137303e51597ef9c45e96baa2f6469b0c2bbe6b2aa79a178a96aa85f6493f7,synthetic-shop.local,1,synthetic-shop.local,run-none197,,,ok,,,,20,20,20,False,,,,True,1,0,9f7b98c4faa8b0caf73c7d1f73bfe6544290610a50471df5cc1c2ccfa3b67bd0,0,20,0,0,1.0,0.0,0.0,0,1,0,0,0,1.0,1.0,1.0,1.0,1.0,1.0,1.0,1.0,1.0
20261003T183020Z-b6869124,robustness,llm_full_html,syn-0020__field_reorder__02,html/syn-0020__field_reorder__02.html,,positive,True,20,20,20,0,0,1,20,0,0,20,0,0,20,0,0,robustness,html/syn-0020__field_reorder__02.html,syn-0020__field_reorder__02.html,run-none198,synthetic-shop.local,D:\Pet_Codes\science\article-price-tracker\synthetic\html\syn-0020__field_reorder__02.html,https://synthetic-shop.local/search/syn-0020,https://synthetic-shop.local/search/syn-0020,,,,raw_html,,eae33fc02e8fb927a8fb5982dfddc5556fd1ecd951bbb083bfd51f69dc1ee5fa,eae33fc02e8fb927a8fb5982dfddc5556fd1ecd951bbb083bfd51f69dc1ee5fa,html/syn-0020__field_reorder__02.html,syn-0020,mixed_markup,html/syn-0020__field_reorder__02.html,other,synthetic-v2-12to30,field_reorder,syn-0020__field_reorder__02,20,syn-0020__field_reorder__02,https://synthetic-shop.local/search/syn-0020,eae33fc02e8fb927a8fb5982dfddc5556fd1ecd951bbb083bfd51f69dc1ee5fa,synthetic-shop.local,2,synthetic-shop.local,run-none198,,,ok,,,,20,20,20,False,,,,True,1,0,0c73474823818f247c09b1bf62250239249ca1f07eb4191add70cd39eb9af732,0,20,0,0,1.0,0.0,0.0,0,1,0,0,0,1.0,1.0,1.0,1.0,1.0,1.0,1.0,1.0,1.0
20261003T183020Z-b6869124,robustness,llm_full_html,syn-0020__subtree_relocate__01,html/syn-0020__subtree_relocate__01.html,,positive,True,20,20,20,0,0,1,20,0,0,20,0,0,20,0,0,robustness,html/syn-0020__subtree_relocate__01.html,syn-0020__subtree_relocate__01.html,run-none199,synthetic-shop.local,D:\Pet_Codes\science\article-price-tracker\synthetic\html\syn-0020__subtree_relocate__01.html,https://synthetic-shop.local/search/syn-0020,https://synthetic-shop.local/search/syn-0020,,,,raw_html,,c76558f9e2661cc6a71260f3e139b8963953cd42a9090e4261c5437a2c3d863b,c76558f9e2661cc6a71260f3e139b8963953cd42a9090e4261c5437a2c3d863b,html/syn-0020__subtree_relocate__01.html,syn-0020,mixed_markup,html/syn-0020__subtree_relocate__01.html,other,synthetic-v2-12to30,subtree_relocate,syn-0020__subtree_relocate__01,20,syn-0020__subtree_relocate__01,https://synthetic-shop.local/search/syn-0020,c76558f9e2661cc6a71260f3e139b8963953cd42a9090e4261c5437a2c3d863b,synthetic-shop.local,1,synthetic-shop.local,run-none199,,,ok,,,,20,20,20,False,,,,True,1,0,288f70f7380d433e3dea58717e577b6b215b58e57e6bd3b3e0a1ba1da45af451,0,20,0,0,1.0,0.0,0.0,0,1,0,0,0,1.0,1.0,1.0,1.0,1.0,1.0,1.0,1.0,1.0
20261003T183020Z-b6869124,robustness,llm_full_html,syn-0020__subtree_relocate__02,html/syn-0020__subtree_relocate__02.html,,positive,True,20,20,20,0,0,1,20,0,0,20,0,0,20,0,0,robustness,html/syn-0020__subtree_relocate__02.html,syn-0020__subtree_relocate__02.html,run-none200,synthetic-shop.local,D:\Pet_Codes\science\article-price-tracker\synthetic\html\syn-0020__subtree_relocate__02.html,https://synthetic-shop.local/search/syn-0020,https://synthetic-shop.local/search/syn-0020,,,,raw_html,,a7a111ef3fb79ecdbe0ddde4e838db0524788128e5d550b7fe67c2cfff5f51ac,a7a111ef3fb79ecdbe0ddde4e838db0524788128e5d550b7fe67c2cfff5f51ac,html/syn-0020__subtree_relocate__02.html,syn-0020,mixed_markup,html/syn-0020__subtree_relocate__02.html,other,synthetic-v2-12to30,subtree_relocate,syn-0020__subtree_relocate__02,20,syn-0020__subtree_relocate__02,https://synthetic-shop.local/search/syn-0020,a7a111ef3fb79ecdbe0ddde4e838db0524788128e5d550b7fe67c2cfff5f51ac,synthetic-shop.local,2,synthetic-shop.local,run-none200,,,ok,,,,20,20,20,False,,,,True,1,0,735f0fed368e239ff7c96a9ebc791f1f7fbf81fd953c551ea8e74266bcfd02dd,0,20,0,0,1.0,0.0,0.0,0,1,0,0,0,1.0,1.0,1.0,1.0,1.0,1.0,1.0,1.0,1.0
