dataset,page_id,html_file,html_key,run_id,source,product_url,variant,pred_name,pred_price,pred_in_stock,pred_old_price,pred_image_url,pred_delivery_time,pred_reviews_count,extract_notes,html_path,llm_item_index,request_sha256
synthetic,syn-0001,html/syn-0001.html,syn-0001.html,run-none1,synthetic-shop.local,https://synthetic-shop.local/product/laser-level-01-01,llm_full_html,Лазерный уровень ЛУ-360 Pro,12990,False,,,1–3 дня,11.0,llm_full_html,D:\Pet_Codes\science\article-price-tracker\synthetic\html\syn-0001.html,0,c0a96e8f6c67feb177ef363f02bc9950a65c0cfc49967c809f179c10e35c5f47
synthetic,syn-0001,html/syn-0001.html,syn-0001.html,run-none1,synthetic-shop.local,https://synthetic-shop.local/product/laser-rangefinder-01-02,llm_full_html,Дальномер лазерный DM-80,7039,True,,,2–4 дня,12.0,llm_full_html,D:\Pet_Codes\science\article-price-tracker\synthetic\html\syn-0001.html,1,c0a96e8f6c67feb177ef363f02bc9950a65c0cfc49967c809f179c10e35c5f47
synthetic,syn-0001,html/syn-0001.html,syn-0001.html,run-none1,synthetic-shop.local,https://synthetic-shop.local/product/multimeter-01-03,llm_full_html,Мультиметр цифровой M830 Pro,1916,True,,,3–5 дня,13.0,llm_full_html,D:\Pet_Codes\science\article-price-tracker\synthetic\html\syn-0001.html,2,c0a96e8f6c67feb177ef363f02bc9950a65c0cfc49967c809f179c10e35c5f47
synthetic,syn-0001,html/syn-0001.html,syn-0001.html,run-none1,synthetic-shop.local,https://synthetic-shop.local/product/thermal-camera-01-04,llm_full_html,Тепловизор строительный IR-256,43800,True,,,1–6 дня,14.0,llm_full_html,D:\Pet_Codes\science\article-price-tracker\synthetic\html\syn-0001.html,3,c0a96e8f6c67feb177ef363f02bc9950a65c0cfc49967c809f179c10e35c5f47
synthetic,syn-0001,html/syn-0001.html,syn-0001.html,run-none1,synthetic-shop.local,https://synthetic-shop.local/product/optical-level-01-05,llm_full_html,Нивелир оптический N-32,21490,True,,,2–3 дня,15.0,llm_full_html,D:\Pet_Codes\science\article-price-tracker\synthetic\html\syn-0001.html,4,c0a96e8f6c67feb177ef363f02bc9950a65c0cfc49967c809f179c10e35c5f47
synthetic,syn-0001,html/syn-0001.html,syn-0001.html,run-none1,synthetic-shop.local,https://synthetic-shop.local/product/anemometer-01-06,llm_full_html,Анемометр цифровой AM-30,5925,True,,,2–3 дня,16.0,llm_full_html,D:\Pet_Codes\science\article-price-tracker\synthetic\html\syn-0001.html,5,c0a96e8f6c67feb177ef363f02bc9950a65c0cfc49967c809f179c10e35c5f47
synthetic,syn-0001,html/syn-0001.html,syn-0001.html,run-none1,synthetic-shop.local,https://synthetic-shop.local/product/moisture-meter-01-07,llm_full_html,Влагомер древесины WM-2,3299,True,,,1–5 дня,17.0,llm_full_html,D:\Pet_Codes\science\article-price-tracker\synthetic\html\syn-0001.html,6,c0a96e8f6c67feb177ef363f02bc9950a65c0cfc49967c809f179c10e35c5f47
synthetic,syn-0001,html/syn-0001.html,syn-0001.html,run-none1,synthetic-shop.local,https://synthetic-shop.local/product/wall-scanner-01-08,llm_full_html,Детектор скрытой проводки WallScan 5,4920,True,,,1–6 дня,18.0,llm_full_html,D:\Pet_Codes\science\article-price-tracker\synthetic\html\syn-0001.html,7,c0a96e8f6c67feb177ef363f02bc9950a65c0cfc49967c809f179c10e35c5f47
synthetic,syn-0001,html/syn-0001.html,syn-0001.html,run-none1,synthetic-shop.local,https://synthetic-shop.local/product/clamp-meter-01-09,llm_full_html,Клещи токовые CM-600,7155,False,,,2–6 дня,19.0,llm_full_html,D:\Pet_Codes\science\article-price-tracker\synthetic\html\syn-0001.html,8,c0a96e8f6c67feb177ef363f02bc9950a65c0cfc49967c809f179c10e35c5f47
synthetic,syn-0001,html/syn-0001.html,syn-0001.html,run-none1,synthetic-shop.local,https://synthetic-shop.local/product/luxmeter-01-10,llm_full_html,Люксметр LX-1010,3342,True,,,3–4 дня,20.0,llm_full_html,D:\Pet_Codes\science\article-price-tracker\synthetic\html\syn-0001.html,9,c0a96e8f6c67feb177ef363f02bc9950a65c0cfc49967c809f179c10e35c5f47
synthetic,syn-0001,html/syn-0001.html,syn-0001.html,run-none1,synthetic-shop.local,https://synthetic-shop.local/product/megohmmeter-01-11,llm_full_html,Мегаомметр цифровой MI-1000,16263,True,,,3–4 дня,21.0,llm_full_html,D:\Pet_Codes\science\article-price-tracker\synthetic\html\syn-0001.html,10,c0a96e8f6c67feb177ef363f02bc9950a65c0cfc49967c809f179c10e35c5f47
synthetic,syn-0001,html/syn-0001.html,syn-0001.html,run-none1,synthetic-shop.local,https://synthetic-shop.local/product/pyrometer-01-12,llm_full_html,Пирометр инфракрасный IR-900,3655,True,,,3–4 дня,22.0,llm_full_html,D:\Pet_Codes\science\article-price-tracker\synthetic\html\syn-0001.html,11,c0a96e8f6c67feb177ef363f02bc9950a65c0cfc49967c809f179c10e35c5f47
synthetic,syn-0002,html/syn-0002.html,syn-0002.html,run-none2,synthetic-shop.local,https://synthetic-shop.local/product/thermal-camera-02-01,llm_full_html,Тепловизор строительный IR-256,43200,True,,,2–4 дня,,llm_full_html,D:\Pet_Codes\science\article-price-tracker\synthetic\html\syn-0002.html,0,2e54812cb9de751c0493d6a7554b05d6d9e2f323f322681491201c926cf22247
synthetic,syn-0002,html/syn-0002.html,syn-0002.html,run-none2,synthetic-shop.local,https://synthetic-shop.local/product/optical-level-02-02,llm_full_html,Нивелир оптический N-32,21790,True,,,3–5 дня,,llm_full_html,D:\Pet_Codes\science\article-price-tracker\synthetic\html\syn-0002.html,1,2e54812cb9de751c0493d6a7554b05d6d9e2f323f322681491201c926cf22247
synthetic,syn-0002,html/syn-0002.html,syn-0002.html,run-none2,synthetic-shop.local,https://synthetic-shop.local/product/wall-scanner-02-03,llm_full_html,Детектор скрытой проводки WallScan 5,4686,True,,,1–6 дня,,llm_full_html,D:\Pet_Codes\science\article-price-tracker\synthetic\html\syn-0002.html,2,2e54812cb9de751c0493d6a7554b05d6d9e2f323f322681491201c926cf22247
synthetic,syn-0002,html/syn-0002.html,syn-0002.html,run-none2,synthetic-shop.local,https://synthetic-shop.local/product/anemometer-02-04,llm_full_html,Анемометр цифровой AM-30,5290,True,,,2–3 дня,,llm_full_html,D:\Pet_Codes\science\article-price-tracker\synthetic\html\syn-0002.html,3,2e54812cb9de751c0493d6a7554b05d6d9e2f323f322681491201c926cf22247
synthetic,syn-0002,html/syn-0002.html,syn-0002.html,run-none2,synthetic-shop.local,https://synthetic-shop.local/product/pyrometer-02-05,llm_full_html,Пирометр инфракрасный IR-900,3514,True,,,3–4 дня,,llm_full_html,D:\Pet_Codes\science\article-price-tracker\synthetic\html\syn-0002.html,4,2e54812cb9de751c0493d6a7554b05d6d9e2f323f322681491201c926cf22247
synthetic,syn-0002,html/syn-0002.html,syn-0002.html,run-none2,synthetic-shop.local,https://synthetic-shop.local/product/moisture-meter-02-06,llm_full_html,Влагомер древесины WM-2,3428,True,,,1–5 дня,,llm_full_html,D:\Pet_Codes\science\article-price-tracker\synthetic\html\syn-0002.html,5,2e54812cb9de751c0493d6a7554b05d6d9e2f323f322681491201c926cf22247
synthetic,syn-0002,html/syn-0002.html,syn-0002.html,run-none2,synthetic-shop.local,https://synthetic-shop.local/product/laser-rangefinder-02-07,llm_full_html,Дальномер лазерный DM-80,7673,True,,,2–4 дня,,llm_full_html,D:\Pet_Codes\science\article-price-tracker\synthetic\html\syn-0002.html,6,2e54812cb9de751c0493d6a7554b05d6d9e2f323f322681491201c926cf22247
synthetic,syn-0002,html/syn-0002.html,syn-0002.html,run-none2,synthetic-shop.local,https://synthetic-shop.local/product/clamp-meter-02-08,llm_full_html,Клещи токовые CM-600,7420,False,,,2–6 дня,,llm_full_html,D:\Pet_Codes\science\article-price-tracker\synthetic\html\syn-0002.html,7,2e54812cb9de751c0493d6a7554b05d6d9e2f323f322681491201c926cf22247
synthetic,syn-0002,html/syn-0002.html,syn-0002.html,run-none2,synthetic-shop.local,https://synthetic-shop.local/product/laser-level-02-09,llm_full_html,Лазерный уровень ЛУ-360 Pro,13250,False,,,1–3 дня,,llm_full_html,D:\Pet_Codes\science\article-price-tracker\synthetic\html\syn-0002.html,8,2e54812cb9de751c0493d6a7554b05d6d9e2f323f322681491201c926cf22247
synthetic,syn-0002,html/syn-0002.html,syn-0002.html,run-none2,synthetic-shop.local,https://synthetic-shop.local/product/luxmeter-02-10,llm_full_html,Люксметр LX-1010,3162,True,,,3–4 дня,,llm_full_html,D:\Pet_Codes\science\article-price-tracker\synthetic\html\syn-0002.html,9,2e54812cb9de751c0493d6a7554b05d6d9e2f323f322681491201c926cf22247
synthetic,syn-0002,html/syn-0002.html,syn-0002.html,run-none2,synthetic-shop.local,https://synthetic-shop.local/product/megohmmeter-02-11,llm_full_html,Мегаомметр цифровой MI-1000,17390,True,,,3–4 дня,,llm_full_html,D:\Pet_Codes\science\article-price-tracker\synthetic\html\syn-0002.html,10,2e54812cb9de751c0493d6a7554b05d6d9e2f323f322681491201c926cf22247
synthetic,syn-0002,html/syn-0002.html,syn-0002.html,run-none2,synthetic-shop.local,https://synthetic-shop.local/product/multimeter-02-12,llm_full_html,Мультиметр цифровой M830 Pro,2127,True,,,3–5 дня,,llm_full_html,D:\Pet_Codes\science\article-price-tracker\synthetic\html\syn-0002.html,11,2e54812cb9de751c0493d6a7554b05d6d9e2f323f322681491201c926cf22247
synthetic,syn-0002,html/syn-0002.html,syn-0002.html,run-none2,synthetic-shop.local,https://synthetic-shop.local/product/socket-tester-02-13,llm_full_html,Тестер розеток и УЗО ST-8,1834,True,,,1–5 дня,,llm_full_html,D:\Pet_Codes\science\article-price-tracker\synthetic\html\syn-0002.html,12,2e54812cb9de751c0493d6a7554b05d6d9e2f323f322681491201c926cf22247
synthetic,syn-0002,html/syn-0002.html,syn-0002.html,run-none2,synthetic-shop.local,https://synthetic-shop.local/product/coating-gauge-02-14,llm_full_html,Толщиномер покрытий CT-1200,9350,True,,,2–3 дня,,llm_full_html,D:\Pet_Codes\science\article-price-tracker\synthetic\html\syn-0002.html,13,2e54812cb9de751c0493d6a7554b05d6d9e2f323f322681491201c926cf22247
synthetic,syn-0002,html/syn-0002.html,syn-0002.html,run-none2,synthetic-shop.local,https://synthetic-shop.local/product/angle-meter-02-15,llm_full_html,Угломер электронный AG-360,4113,True,,,1–5 дня,,llm_full_html,D:\Pet_Codes\science\article-price-tracker\synthetic\html\syn-0002.html,14,2e54812cb9de751c0493d6a7554b05d6d9e2f323f322681491201c926cf22247
synthetic,syn-0002,html/syn-0002.html,syn-0002.html,run-none2,synthetic-shop.local,https://synthetic-shop.local/product/anemometer-02-16,llm_full_html,Анемометр цифровой AM-30 — серия 2,5819,True,,,2–3 дня,,llm_full_html,D:\Pet_Codes\science\article-price-tracker\synthetic\html\syn-0002.html,15,2e54812cb9de751c0493d6a7554b05d6d9e2f323f322681491201c926cf22247
synthetic,syn-0002,html/syn-0002.html,syn-0002.html,run-none2,synthetic-shop.local,https://synthetic-shop.local/product/moisture-meter-02-17,llm_full_html,Влагомер древесины WM-2 — серия 2,3234,True,,,1–5 дня,,llm_full_html,D:\Pet_Codes\science\article-price-tracker\synthetic\html\syn-0002.html,16,2e54812cb9de751c0493d6a7554b05d6d9e2f323f322681491201c926cf22247
synthetic,syn-0002,html/syn-0002.html,syn-0002.html,run-none2,synthetic-shop.local,https://synthetic-shop.local/product/laser-rangefinder-02-18,llm_full_html,Дальномер лазерный DM-80 — серия 2,7250,True,,,2–4 дня,,llm_full_html,D:\Pet_Codes\science\article-price-tracker\synthetic\html\syn-0002.html,17,2e54812cb9de751c0493d6a7554b05d6d9e2f323f322681491201c926cf22247
synthetic,syn-0002,html/syn-0002.html,syn-0002.html,run-none2,synthetic-shop.local,https://synthetic-shop.local/product/wall-scanner-02-19,llm_full_html,Детектор скрытой проводки WallScan 5 — серия 2,4967,True,,,1–6 дня,,llm_full_html,D:\Pet_Codes\science\article-price-tracker\synthetic\html\syn-0002.html,18,2e54812cb9de751c0493d6a7554b05d6d9e2f323f322681491201c926cf22247
synthetic,syn-0002,html/syn-0002.html,syn-0002.html,run-none2,synthetic-shop.local,https://synthetic-shop.local/product/clamp-meter-02-20,llm_full_html,Клещи токовые CM-600 — серия 2,7221,False,,,2–6 дня,,llm_full_html,D:\Pet_Codes\science\article-price-tracker\synthetic\html\syn-0002.html,19,2e54812cb9de751c0493d6a7554b05d6d9e2f323f322681491201c926cf22247
synthetic,syn-0002,html/syn-0002.html,syn-0002.html,run-none2,synthetic-shop.local,https://synthetic-shop.local/product/laser-level-02-21,llm_full_html,Лазерный уровень ЛУ-360 Pro — серия 2,14549,False,,,1–3 дня,,llm_full_html,D:\Pet_Codes\science\article-price-tracker\synthetic\html\syn-0002.html,20,2e54812cb9de751c0493d6a7554b05d6d9e2f323f322681491201c926cf22247
synthetic,syn-0002,html/syn-0002.html,syn-0002.html,run-none2,synthetic-shop.local,https://synthetic-shop.local/product/luxmeter-02-22,llm_full_html,Люксметр LX-1010 — серия 2,3071,True,,,3–4 дня,,llm_full_html,D:\Pet_Codes\science\article-price-tracker\synthetic\html\syn-0002.html,21,2e54812cb9de751c0493d6a7554b05d6d9e2f323f322681491201c926cf22247
synthetic,syn-0002,html/syn-0002.html,syn-0002.html,run-none2,synthetic-shop.local,https://synthetic-shop.local/product/megohmmeter-02-23,llm_full_html,Мегаомметр цифровой MI-1000 — серия 2,16907,True,,,3–4 дня,,llm_full_html,D:\Pet_Codes\science\article-price-tracker\synthetic\html\syn-0002.html,22,2e54812cb9de751c0493d6a7554b05d6d9e2f323f322681491201c926cf22247
synthetic,syn-0002,html/syn-0002.html,syn-0002.html,run-none2,synthetic-shop.local,https://synthetic-shop.local/product/multimeter-02-24,llm_full_html,Мультиметр цифровой M830 Pro — серия 2,2069,True,,,3–5 дня,,llm_full_html,D:\Pet_Codes\science\article-price-tracker\synthetic\html\syn-0002.html,23,2e54812cb9de751c0493d6a7554b05d6d9e2f323f322681491201c926cf22247
synthetic,syn-0002,html/syn-0002.html,syn-0002.html,run-none2,synthetic-shop.local,https://synthetic-shop.local/product/optical-level-02-25,llm_full_html,Нивелир оптический N-32 — серия 2,23854,True,,,2–3 дня,,llm_full_html,D:\Pet_Codes\science\article-price-tracker\synthetic\html\syn-0002.html,24,2e54812cb9de751c0493d6a7554b05d6d9e2f323f322681491201c926cf22247
synthetic,syn-0002,html/syn-0002.html,syn-0002.html,run-none2,synthetic-shop.local,https://synthetic-shop.local/product/pyrometer-02-26,llm_full_html,Пирометр инфракрасный IR-900 — серия 2,3549,True,,,3–4 дня,,llm_full_html,D:\Pet_Codes\science\article-price-tracker\synthetic\html\syn-0002.html,25,2e54812cb9de751c0493d6a7554b05d6d9e2f323f322681491201c926cf22247
synthetic,syn-0002,html/syn-0002.html,syn-0002.html,run-none2,synthetic-shop.local,https://synthetic-shop.local/product/thermal-camera-02-27,llm_full_html,Тепловизор строительный IR-256 — серия 2,45552,True,,,1–6 дня,,llm_full_html,D:\Pet_Codes\science\article-price-tracker\synthetic\html\syn-0002.html,26,2e54812cb9de751c0493d6a7554b05d6d9e2f323f322681491201c926cf22247
synthetic,syn-0002,html/syn-0002.html,syn-0002.html,run-none2,synthetic-shop.local,https://synthetic-shop.local/product/socket-tester-02-28,llm_full_html,Тестер розеток и УЗО ST-8 — серия 2,1943,True,,,1–5 дня,,llm_full_html,D:\Pet_Codes\science\article-price-tracker\synthetic\html\syn-0002.html,27,2e54812cb9de751c0493d6a7554b05d6d9e2f323f322681491201c926cf22247
synthetic,syn-0002,html/syn-0002.html,syn-0002.html,run-none2,synthetic-shop.local,https://synthetic-shop.local/product/coating-gauge-02-29,llm_full_html,Толщиномер покрытий CT-1200 — серия 2,9889,True,,,2–3 дня,,llm_full_html,D:\Pet_Codes\science\article-price-tracker\synthetic\html\syn-0002.html,28,2e54812cb9de751c0493d6a7554b05d6d9e2f323f322681491201c926cf22247
synthetic,syn-0002,html/syn-0002.html,syn-0002.html,run-none2,synthetic-shop.local,https://synthetic-shop.local/product/angle-meter-02-30,llm_full_html,Угломер электронный AG-360 — серия 2,3844,True,,,1–5 дня,,llm_full_html,D:\Pet_Codes\science\article-price-tracker\synthetic\html\syn-0002.html,29,2e54812cb9de751c0493d6a7554b05d6d9e2f323f322681491201c926cf22247
synthetic,syn-0003,html/syn-0003.html,syn-0003.html,run-none3,synthetic-shop.local,https://synthetic-shop.local/product/anemometer-03-01,llm_full_html,Анемометр цифровой AM-30,5364,True,,,3–5 дня,,llm_full_html,D:\Pet_Codes\science\article-price-tracker\synthetic\html\syn-0003.html,0,5c7f33503818ad6a390669e113ed143ff8b9c4ec7103a61a1ec04e061e09b67a
synthetic,syn-0003,html/syn-0003.html,syn-0003.html,run-none3,synthetic-shop.local,https://synthetic-shop.local/product/pyrometer-03-02,llm_full_html,Пирометр инфракрасный IR-900,3562,True,,,1–6 дня,,llm_full_html,D:\Pet_Codes\science\article-price-tracker\synthetic\html\syn-0003.html,1,5c7f33503818ad6a390669e113ed143ff8b9c4ec7103a61a1ec04e061e09b67a
synthetic,syn-0003,html/syn-0003.html,syn-0003.html,run-none3,synthetic-shop.local,https://synthetic-shop.local/product/coating-gauge-03-03,llm_full_html,Толщиномер покрытий CT-1200,8990,True,,,2–3 дня,,llm_full_html,D:\Pet_Codes\science\article-price-tracker\synthetic\html\syn-0003.html,2,5c7f33503818ad6a390669e113ed143ff8b9c4ec7103a61a1ec04e061e09b67a
synthetic,syn-0003,html/syn-0003.html,syn-0003.html,run-none3,synthetic-shop.local,https://synthetic-shop.local/product/megohmmeter-03-04,llm_full_html,Мегаомметр цифровой MI-1000,16102,True,,,3–4 дня,,llm_full_html,D:\Pet_Codes\science\article-price-tracker\synthetic\html\syn-0003.html,3,5c7f33503818ad6a390669e113ed143ff8b9c4ec7103a61a1ec04e061e09b67a
synthetic,syn-0003,html/syn-0003.html,syn-0003.html,run-none3,synthetic-shop.local,https://synthetic-shop.local/product/socket-tester-03-05,llm_full_html,Тестер розеток и УЗО ST-8,1816,True,,,1–5 дня,,llm_full_html,D:\Pet_Codes\science\article-price-tracker\synthetic\html\syn-0003.html,4,5c7f33503818ad6a390669e113ed143ff8b9c4ec7103a61a1ec04e061e09b67a
synthetic,syn-0003,html/syn-0003.html,syn-0003.html,run-none3,synthetic-shop.local,https://synthetic-shop.local/product/moisture-meter-03-06,llm_full_html,Влагомер древесины WM-2,3234,True,,,1–5 дня,,llm_full_html,D:\Pet_Codes\science\article-price-tracker\synthetic\html\syn-0003.html,5,5c7f33503818ad6a390669e113ed143ff8b9c4ec7103a61a1ec04e061e09b67a
synthetic,syn-0003,html/syn-0003.html,syn-0003.html,run-none3,synthetic-shop.local,https://synthetic-shop.local/product/laser-rangefinder-03-07,llm_full_html,Дальномер лазерный DM-80,7250,True,,,2–4 дня,,llm_full_html,D:\Pet_Codes\science\article-price-tracker\synthetic\html\syn-0003.html,6,5c7f33503818ad6a390669e113ed143ff8b9c4ec7103a61a1ec04e061e09b67a
synthetic,syn-0003,html/syn-0003.html,syn-0003.html,run-none3,synthetic-shop.local,https://synthetic-shop.local/product/wall-scanner-03-08,llm_full_html,Детектор скрытой проводки WallScan 5,4967,True,,,1–6 дня,,llm_full_html,D:\Pet_Codes\science\article-price-tracker\synthetic\html\syn-0003.html,7,5c7f33503818ad6a390669e113ed143ff8b9c4ec7103a61a1ec04e061e09b67a
synthetic,syn-0003,html/syn-0003.html,syn-0003.html,run-none3,synthetic-shop.local,https://synthetic-shop.local/product/clamp-meter-03-09,llm_full_html,Клещи токовые CM-600,7221,False,,,2–6 дня,,llm_full_html,D:\Pet_Codes\science\article-price-tracker\synthetic\html\syn-0003.html,8,5c7f33503818ad6a390669e113ed143ff8b9c4ec7103a61a1ec04e061e09b67a
synthetic,syn-0003,html/syn-0003.html,syn-0003.html,run-none3,synthetic-shop.local,https://synthetic-shop.local/product/laser-level-03-10,llm_full_html,Лазерный уровень ЛУ-360 Pro,14549,False,,,1–3 дня,,llm_full_html,D:\Pet_Codes\science\article-price-tracker\synthetic\html\syn-0003.html,9,5c7f33503818ad6a390669e113ed143ff8b9c4ec7103a61a1ec04e061e09b67a
synthetic,syn-0003,html/syn-0003.html,syn-0003.html,run-none3,synthetic-shop.local,https://synthetic-shop.local/product/luxmeter-03-11,llm_full_html,Люксметр LX-1010,3071,True,,,3–4 дня,,llm_full_html,D:\Pet_Codes\science\article-price-tracker\synthetic\html\syn-0003.html,10,5c7f33503818ad6a390669e113ed143ff8b9c4ec7103a61a1ec04e061e09b67a
synthetic,syn-0003,html/syn-0003.html,syn-0003.html,run-none3,synthetic-shop.local,https://synthetic-shop.local/product/multimeter-03-12,llm_full_html,Мультиметр цифровой M830 Pro,2012,True,,,3–5 дня,,llm_full_html,D:\Pet_Codes\science\article-price-tracker\synthetic\html\syn-0003.html,11,5c7f33503818ad6a390669e113ed143ff8b9c4ec7103a61a1ec04e061e09b67a
synthetic,syn-0003,html/syn-0003.html,syn-0003.html,run-none3,synthetic-shop.local,https://synthetic-shop.local/product/optical-level-03-13,llm_full_html,Нивелир оптический N-32,23209,True,,,2–3 дня,,llm_full_html,D:\Pet_Codes\science\article-price-tracker\synthetic\html\syn-0003.html,12,5c7f33503818ad6a390669e113ed143ff8b9c4ec7103a61a1ec04e061e09b67a
synthetic,syn-0003,html/syn-0003.html,syn-0003.html,run-none3,synthetic-shop.local,https://synthetic-shop.local/product/thermal-camera-03-14,llm_full_html,Тепловизор строительный IR-256,48618,True,,,1–6 дня,,llm_full_html,D:\Pet_Codes\science\article-price-tracker\synthetic\html\syn-0003.html,13,5c7f33503818ad6a390669e113ed143ff8b9c4ec7103a61a1ec04e061e09b67a
synthetic,syn-0003,html/syn-0003.html,syn-0003.html,run-none3,synthetic-shop.local,https://synthetic-shop.local/product/angle-meter-03-15,llm_full_html,Угломер электронный AG-360,3882,True,,,1–5 дня,,llm_full_html,D:\Pet_Codes\science\article-price-tracker\synthetic\html\syn-0003.html,14,5c7f33503818ad6a390669e113ed143ff8b9c4ec7103a61a1ec04e061e09b67a
synthetic,syn-0003,html/syn-0003.html,syn-0003.html,run-none3,synthetic-shop.local,https://synthetic-shop.local/product/anemometer-03-16,llm_full_html,Анемометр цифровой AM-30 — серия 2,5502,True,,,2–3 дня,,llm_full_html,D:\Pet_Codes\science\article-price-tracker\synthetic\html\syn-0003.html,15,5c7f33503818ad6a390669e113ed143ff8b9c4ec7103a61a1ec04e061e09b67a
synthetic,syn-0004,html/syn-0004.html,syn-0004.html,run-none4,synthetic-shop.local,https://synthetic-shop.local/product/megohmmeter-04-01,llm_full_html,Мегаомметр цифровой MI-1000,16326,True,,,1–6 дня,,llm_full_html,D:\Pet_Codes\science\article-price-tracker\synthetic\html\syn-0004.html,0,36a6b628acae6803633d8c67d6d492d8004adf2dd862d4abd52910436e21a6cb
synthetic,syn-0004,html/syn-0004.html,syn-0004.html,run-none4,synthetic-shop.local,https://synthetic-shop.local/product/socket-tester-04-02,llm_full_html,Тестер розеток и УЗО ST-8,1790,True,,,2–3 дня,,llm_full_html,D:\Pet_Codes\science\article-price-tracker\synthetic\html\syn-0004.html,1,36a6b628acae6803633d8c67d6d492d8004adf2dd862d4abd52910436e21a6cb
synthetic,syn-0004,html/syn-0004.html,syn-0004.html,run-none4,synthetic-shop.local,https://synthetic-shop.local/product/luxmeter-04-03,llm_full_html,Люксметр LX-1010,3011,True,,,3–4 дня,,llm_full_html,D:\Pet_Codes\science\article-price-tracker\synthetic\html\syn-0004.html,2,36a6b628acae6803633d8c67d6d492d8004adf2dd862d4abd52910436e21a6cb
synthetic,syn-0004,html/syn-0004.html,syn-0004.html,run-none4,synthetic-shop.local,https://synthetic-shop.local/product/moisture-meter-04-04,llm_full_html,Влагомер древесины WM-2,3234,True,,,1–5 дня,,llm_full_html,D:\Pet_Codes\science\article-price-tracker\synthetic\html\syn-0004.html,3,36a6b628acae6803633d8c67d6d492d8004adf2dd862d4abd52910436e21a6cb
synthetic,syn-0004,html/syn-0004.html,syn-0004.html,run-none4,synthetic-shop.local,https://synthetic-shop.local/product/clamp-meter-04-05,llm_full_html,Клещи токовые CM-600,6625,False,,,2–6 дня,,llm_full_html,D:\Pet_Codes\science\article-price-tracker\synthetic\html\syn-0004.html,4,36a6b628acae6803633d8c67d6d492d8004adf2dd862d4abd52910436e21a6cb
synthetic,syn-0004,html/syn-0004.html,syn-0004.html,run-none4,synthetic-shop.local,https://synthetic-shop.local/product/anemometer-04-06,llm_full_html,Анемометр цифровой AM-30,5660,True,,,2–3 дня,,llm_full_html,D:\Pet_Codes\science\article-price-tracker\synthetic\html\syn-0004.html,5,36a6b628acae6803633d8c67d6d492d8004adf2dd862d4abd52910436e21a6cb
synthetic,syn-0004,html/syn-0004.html,syn-0004.html,run-none4,synthetic-shop.local,https://synthetic-shop.local/product/laser-rangefinder-04-07,llm_full_html,Дальномер лазерный DM-80,7743,True,,,2–4 дня,,llm_full_html,D:\Pet_Codes\science\article-price-tracker\synthetic\html\syn-0004.html,6,36a6b628acae6803633d8c67d6d492d8004adf2dd862d4abd52910436e21a6cb
synthetic,syn-0004,html/syn-0004.html,syn-0004.html,run-none4,synthetic-shop.local,https://synthetic-shop.local/product/wall-scanner-04-08,llm_full_html,Детектор скрытой проводки WallScan 5,4686,True,,,1–6 дня,,llm_full_html,D:\Pet_Codes\science\article-price-tracker\synthetic\html\syn-0004.html,7,36a6b628acae6803633d8c67d6d492d8004adf2dd862d4abd52910436e21a6cb
synthetic,syn-0004,html/syn-0004.html,syn-0004.html,run-none4,synthetic-shop.local,https://synthetic-shop.local/product/laser-level-04-09,llm_full_html,Лазерный уровень ЛУ-360 Pro,13380,False,,,1–3 дня,,llm_full_html,D:\Pet_Codes\science\article-price-tracker\synthetic\html\syn-0004.html,8,36a6b628acae6803633d8c67d6d492d8004adf2dd862d4abd52910436e21a6cb
synthetic,syn-0004,html/syn-0004.html,syn-0004.html,run-none4,synthetic-shop.local,https://synthetic-shop.local/product/multimeter-04-10,llm_full_html,Мультиметр цифровой M830 Pro,2031,True,,,3–5 дня,,llm_full_html,D:\Pet_Codes\science\article-price-tracker\synthetic\html\syn-0004.html,9,36a6b628acae6803633d8c67d6d492d8004adf2dd862d4abd52910436e21a6cb
synthetic,syn-0004,html/syn-0004.html,syn-0004.html,run-none4,synthetic-shop.local,https://synthetic-shop.local/product/optical-level-04-11,llm_full_html,Нивелир оптический N-32,23424,True,,,2–3 дня,,llm_full_html,D:\Pet_Codes\science\article-price-tracker\synthetic\html\syn-0004.html,10,36a6b628acae6803633d8c67d6d492d8004adf2dd862d4abd52910436e21a6cb
synthetic,syn-0004,html/syn-0004.html,syn-0004.html,run-none4,synthetic-shop.local,https://synthetic-shop.local/product/pyrometer-04-12,llm_full_html,Пирометр инфракрасный IR-900,3936,True,,,3–4 дня,,llm_full_html,D:\Pet_Codes\science\article-price-tracker\synthetic\html\syn-0004.html,11,36a6b628acae6803633d8c67d6d492d8004adf2dd862d4abd52910436e21a6cb
synthetic,syn-0004,html/syn-0004.html,syn-0004.html,run-none4,synthetic-shop.local,https://synthetic-shop.local/product/thermal-camera-04-13,llm_full_html,Тепловизор строительный IR-256,44676,True,,,1–6 дня,,llm_full_html,D:\Pet_Codes\science\article-price-tracker\synthetic\html\syn-0004.html,12,36a6b628acae6803633d8c67d6d492d8004adf2dd862d4abd52910436e21a6cb
synthetic,syn-0004,html/syn-0004.html,syn-0004.html,run-none4,synthetic-shop.local,https://synthetic-shop.local/product/coating-gauge-04-14,llm_full_html,Толщиномер покрытий CT-1200,9440,True,,,2–3 дня,,llm_full_html,D:\Pet_Codes\science\article-price-tracker\synthetic\html\syn-0004.html,13,36a6b628acae6803633d8c67d6d492d8004adf2dd862d4abd52910436e21a6cb
synthetic,syn-0004,html/syn-0004.html,syn-0004.html,run-none4,synthetic-shop.local,https://synthetic-shop.local/product/angle-meter-04-15,llm_full_html,Угломер электронный AG-360,4152,True,,,1–5 дня,,llm_full_html,D:\Pet_Codes\science\article-price-tracker\synthetic\html\syn-0004.html,14,36a6b628acae6803633d8c67d6d492d8004adf2dd862d4abd52910436e21a6cb
synthetic,syn-0004,html/syn-0004.html,syn-0004.html,run-none4,synthetic-shop.local,https://synthetic-shop.local/product/anemometer-04-16,llm_full_html,Анемометр цифровой AM-30 — серия 2,5872,True,,,2–3 дня,,llm_full_html,D:\Pet_Codes\science\article-price-tracker\synthetic\html\syn-0004.html,15,36a6b628acae6803633d8c67d6d492d8004adf2dd862d4abd52910436e21a6cb
synthetic,syn-0004,html/syn-0004.html,syn-0004.html,run-none4,synthetic-shop.local,https://synthetic-shop.local/product/moisture-meter-04-17,llm_full_html,Влагомер древесины WM-2 — серия 2,3266,True,,,1–5 дня,,llm_full_html,D:\Pet_Codes\science\article-price-tracker\synthetic\html\syn-0004.html,16,36a6b628acae6803633d8c67d6d492d8004adf2dd862d4abd52910436e21a6cb
synthetic,syn-0004,html/syn-0004.html,syn-0004.html,run-none4,synthetic-shop.local,https://synthetic-shop.local/product/laser-rangefinder-04-18,llm_full_html,Дальномер лазерный DM-80 — серия 2,7321,True,,,2–4 дня,,llm_full_html,D:\Pet_Codes\science\article-price-tracker\synthetic\html\syn-0004.html,17,36a6b628acae6803633d8c67d6d492d8004adf2dd862d4abd52910436e21a6cb
synthetic,syn-0004,html/syn-0004.html,syn-0004.html,run-none4,synthetic-shop.local,https://synthetic-shop.local/product/wall-scanner-04-19,llm_full_html,Детектор скрытой проводки WallScan 5 — серия 2,5014,True,,,1–6 дня,,llm_full_html,D:\Pet_Codes\science\article-price-tracker\synthetic\html\syn-0004.html,18,36a6b628acae6803633d8c67d6d492d8004adf2dd862d4abd52910436e21a6cb
synthetic,syn-0004,html/syn-0004.html,syn-0004.html,run-none4,synthetic-shop.local,https://synthetic-shop.local/product/clamp-meter-04-20,llm_full_html,Клещи токовые CM-600 — серия 2,7288,False,,,2–6 дня,,llm_full_html,D:\Pet_Codes\science\article-price-tracker\synthetic\html\syn-0004.html,19,36a6b628acae6803633d8c67d6d492d8004adf2dd862d4abd52910436e21a6cb
synthetic,syn-0004,html/syn-0004.html,syn-0004.html,run-none4,synthetic-shop.local,https://synthetic-shop.local/product/laser-level-04-21,llm_full_html,Лазерный уровень ЛУ-360 Pro — серия 2,12990,False,,,1–3 дня,,llm_full_html,D:\Pet_Codes\science\article-price-tracker\synthetic\html\syn-0004.html,20,36a6b628acae6803633d8c67d6d492d8004adf2dd862d4abd52910436e21a6cb
synthetic,syn-0004,html/syn-0004.html,syn-0004.html,run-none4,synthetic-shop.local,https://synthetic-shop.local/product/luxmeter-04-22,llm_full_html,Люксметр LX-1010 — серия 2,3101,True,,,3–4 дня,,llm_full_html,D:\Pet_Codes\science\article-price-tracker\synthetic\html\syn-0004.html,21,36a6b628acae6803633d8c67d6d492d8004adf2dd862d4abd52910436e21a6cb
synthetic,syn-0004,html/syn-0004.html,syn-0004.html,run-none4,synthetic-shop.local,https://synthetic-shop.local/product/megohmmeter-04-23,llm_full_html,Мегаомметр цифровой MI-1000 — серия 2,17068,True,,,3–4 дня,,llm_full_html,D:\Pet_Codes\science\article-price-tracker\synthetic\html\syn-0004.html,22,36a6b628acae6803633d8c67d6d492d8004adf2dd862d4abd52910436e21a6cb
synthetic,syn-0004,html/syn-0004.html,syn-0004.html,run-none4,synthetic-shop.local,https://synthetic-shop.local/product/multimeter-04-24,llm_full_html,Мультиметр цифровой M830 Pro — серия 2,2088,True,,,3–5 дня,,llm_full_html,D:\Pet_Codes\science\article-price-tracker\synthetic\html\syn-0004.html,23,36a6b628acae6803633d8c67d6d492d8004adf2dd862d4abd52910436e21a6cb
synthetic,syn-0004,html/syn-0004.html,syn-0004.html,run-none4,synthetic-shop.local,https://synthetic-shop.local/product/optical-level-04-25,llm_full_html,Нивелир оптический N-32 — серия 2,24069,True,,,2–3 дня,,llm_full_html,D:\Pet_Codes\science\article-price-tracker\synthetic\html\syn-0004.html,24,36a6b628acae6803633d8c67d6d492d8004adf2dd862d4abd52910436e21a6cb
synthetic,syn-0004,html/syn-0004.html,syn-0004.html,run-none4,synthetic-shop.local,https://synthetic-shop.local/product/pyrometer-04-26,llm_full_html,Пирометр инфракрасный IR-900 — серия 2,3584,True,,,3–4 дня,,llm_full_html,D:\Pet_Codes\science\article-price-tracker\synthetic\html\syn-0004.html,25,36a6b628acae6803633d8c67d6d492d8004adf2dd862d4abd52910436e21a6cb
synthetic,syn-0005,html/syn-0005.html,syn-0005.html,run-none5,synthetic-shop.local,https://synthetic-shop.local/product/moisture-meter-05-01,llm_full_html,Влагомер древесины WM-2,3190,True,,,2–3 дня,,llm_full_html,D:\Pet_Codes\science\article-price-tracker\synthetic\html\syn-0005.html,0,a81d1115f7cfc45d862cb011f5f53bb9dfa5e4ac0f5953030b09495f539a7970
synthetic,syn-0005,html/syn-0005.html,syn-0005.html,run-none5,synthetic-shop.local,https://synthetic-shop.local/product/clamp-meter-05-02,llm_full_html,Клещи токовые CM-600,6535,True,,,3–4 дня,,llm_full_html,D:\Pet_Codes\science\article-price-tracker\synthetic\html\syn-0005.html,1,a81d1115f7cfc45d862cb011f5f53bb9dfa5e4ac0f5953030b09495f539a7970
synthetic,syn-0005,html/syn-0005.html,syn-0005.html,run-none5,synthetic-shop.local,https://synthetic-shop.local/product/angle-meter-05-03,llm_full_html,Угломер электронный AG-360,3844,True,,,1–5 дня,,llm_full_html,D:\Pet_Codes\science\article-price-tracker\synthetic\html\syn-0005.html,2,a81d1115f7cfc45d862cb011f5f53bb9dfa5e4ac0f5953030b09495f539a7970
synthetic,syn-0005,html/syn-0005.html,syn-0005.html,run-none5,synthetic-shop.local,https://synthetic-shop.local/product/laser-level-05-04,llm_full_html,Лазерный уровень ЛУ-360 Pro,13263,False,,,2–6 дня,,llm_full_html,D:\Pet_Codes\science\article-price-tracker\synthetic\html\syn-0005.html,3,a81d1115f7cfc45d862cb011f5f53bb9dfa5e4ac0f5953030b09495f539a7970
synthetic,syn-0005,html/syn-0005.html,syn-0005.html,run-none5,synthetic-shop.local,https://synthetic-shop.local/product/laser-rangefinder-05-05,llm_full_html,Дальномер лазерный DM-80,6990,True,,,3–3 дня,,llm_full_html,D:\Pet_Codes\science\article-price-tracker\synthetic\html\syn-0005.html,4,a81d1115f7cfc45d862cb011f5f53bb9dfa5e4ac0f5953030b09495f539a7970
synthetic,syn-0005,html/syn-0005.html,syn-0005.html,run-none5,synthetic-shop.local,https://synthetic-shop.local/product/anemometer-05-06,llm_full_html,Анемометр цифровой AM-30,5343,True,,,2–3 дня,,llm_full_html,D:\Pet_Codes\science\article-price-tracker\synthetic\html\syn-0005.html,5,a81d1115f7cfc45d862cb011f5f53bb9dfa5e4ac0f5953030b09495f539a7970
synthetic,syn-0005,html/syn-0005.html,syn-0005.html,run-none5,synthetic-shop.local,https://synthetic-shop.local/product/wall-scanner-05-07,llm_full_html,Детектор скрытой проводки WallScan 5,4873,True,,,1–6 дня,,llm_full_html,D:\Pet_Codes\science\article-price-tracker\synthetic\html\syn-0005.html,6,a81d1115f7cfc45d862cb011f5f53bb9dfa5e4ac0f5953030b09495f539a7970
synthetic,syn-0005,html/syn-0005.html,syn-0005.html,run-none5,synthetic-shop.local,https://synthetic-shop.local/product/luxmeter-05-08,llm_full_html,Люксметр LX-1010,3222,True,,,3–4 дня,,llm_full_html,D:\Pet_Codes\science\article-price-tracker\synthetic\html\syn-0005.html,7,a81d1115f7cfc45d862cb011f5f53bb9dfa5e4ac0f5953030b09495f539a7970
synthetic,syn-0005,html/syn-0005.html,syn-0005.html,run-none5,synthetic-shop.local,https://synthetic-shop.local/product/megohmmeter-05-09,llm_full_html,Мегаомметр цифровой MI-1000,17712,True,,,3–4 дня,,llm_full_html,D:\Pet_Codes\science\article-price-tracker\synthetic\html\syn-0005.html,8,a81d1115f7cfc45d862cb011f5f53bb9dfa5e4ac0f5953030b09495f539a7970
synthetic,syn-0005,html/syn-0005.html,syn-0005.html,run-none5,synthetic-shop.local,https://synthetic-shop.local/product/multimeter-05-10,llm_full_html,Мультиметр цифровой M830 Pro,1916,True,,,3–5 дня,,llm_full_html,D:\Pet_Codes\science\article-price-tracker\synthetic\html\syn-0005.html,9,a81d1115f7cfc45d862cb011f5f53bb9dfa5e4ac0f5953030b09495f539a7970
synthetic,syn-0005,html/syn-0005.html,syn-0005.html,run-none5,synthetic-shop.local,https://synthetic-shop.local/product/optical-level-05-11,llm_full_html,Нивелир оптический N-32,22135,True,,,2–3 дня,,llm_full_html,D:\Pet_Codes\science\article-price-tracker\synthetic\html\syn-0005.html,10,a81d1115f7cfc45d862cb011f5f53bb9dfa5e4ac0f5953030b09495f539a7970
synthetic,syn-0005,html/syn-0005.html,syn-0005.html,run-none5,synthetic-shop.local,https://synthetic-shop.local/product/pyrometer-05-12,llm_full_html,Пирометр инфракрасный IR-900,3725,True,,,3–4 дня,,llm_full_html,D:\Pet_Codes\science\article-price-tracker\synthetic\html\syn-0005.html,11,a81d1115f7cfc45d862cb011f5f53bb9dfa5e4ac0f5953030b09495f539a7970
synthetic,syn-0005,html/syn-0005.html,syn-0005.html,run-none5,synthetic-shop.local,https://synthetic-shop.local/product/thermal-camera-05-13,llm_full_html,Тепловизор строительный IR-256,47742,True,,,1–6 дня,,llm_full_html,D:\Pet_Codes\science\article-price-tracker\synthetic\html\syn-0005.html,12,a81d1115f7cfc45d862cb011f5f53bb9dfa5e4ac0f5953030b09495f539a7970
synthetic,syn-0005,html/syn-0005.html,syn-0005.html,run-none5,synthetic-shop.local,https://synthetic-shop.local/product/socket-tester-05-14,llm_full_html,Тестер розеток и УЗО ST-8,2034,True,,,1–5 дня,,llm_full_html,D:\Pet_Codes\science\article-price-tracker\synthetic\html\syn-0005.html,13,a81d1115f7cfc45d862cb011f5f53bb9dfa5e4ac0f5953030b09495f539a7970
synthetic,syn-0006,html/syn-0006.html,syn-0006.html,run-none6,synthetic-shop.local,https://synthetic-shop.local/product/laser-level-06-01,llm_full_html,Лазерный уровень ЛУ-360 Pro,13081,True,,,,,llm_full_html,D:\Pet_Codes\science\article-price-tracker\synthetic\html\syn-0006.html,0,ff501f1b2aaa00005be24871d1925fb2fcc59e4bb172ac3370106627025e2fa5
synthetic,syn-0006,html/syn-0006.html,syn-0006.html,run-none6,synthetic-shop.local,https://synthetic-shop.local/product/laser-rangefinder-06-02,llm_full_html,Дальномер лазерный DM-80,7088,True,,,,,llm_full_html,D:\Pet_Codes\science\article-price-tracker\synthetic\html\syn-0006.html,1,ff501f1b2aaa00005be24871d1925fb2fcc59e4bb172ac3370106627025e2fa5
synthetic,syn-0006,html/syn-0006.html,syn-0006.html,run-none6,synthetic-shop.local,https://synthetic-shop.local/product/multimeter-06-03,llm_full_html,Мультиметр цифровой M830 Pro,1929,False,,,,,llm_full_html,D:\Pet_Codes\science\article-price-tracker\synthetic\html\syn-0006.html,2,ff501f1b2aaa00005be24871d1925fb2fcc59e4bb172ac3370106627025e2fa5
synthetic,syn-0006,html/syn-0006.html,syn-0006.html,run-none6,synthetic-shop.local,https://synthetic-shop.local/product/thermal-camera-06-04,llm_full_html,Тепловизор строительный IR-256,42900,True,,,,,llm_full_html,D:\Pet_Codes\science\article-price-tracker\synthetic\html\syn-0006.html,3,ff501f1b2aaa00005be24871d1925fb2fcc59e4bb172ac3370106627025e2fa5
synthetic,syn-0006,html/syn-0006.html,syn-0006.html,run-none6,synthetic-shop.local,https://synthetic-shop.local/product/optical-level-06-05,llm_full_html,Нивелир оптический N-32,21640,True,,,,,llm_full_html,D:\Pet_Codes\science\article-price-tracker\synthetic\html\syn-0006.html,4,ff501f1b2aaa00005be24871d1925fb2fcc59e4bb172ac3370106627025e2fa5
synthetic,syn-0006,html/syn-0006.html,syn-0006.html,run-none6,synthetic-shop.local,https://synthetic-shop.local/product/anemometer-06-06,llm_full_html,Анемометр цифровой AM-30,5713,True,,,,,llm_full_html,D:\Pet_Codes\science\article-price-tracker\synthetic\html\syn-0006.html,5,ff501f1b2aaa00005be24871d1925fb2fcc59e4bb172ac3370106627025e2fa5
synthetic,syn-0006,html/syn-0006.html,syn-0006.html,run-none6,synthetic-shop.local,https://synthetic-shop.local/product/moisture-meter-06-07,llm_full_html,Влагомер древесины WM-2,3590,True,,,,,llm_full_html,D:\Pet_Codes\science\article-price-tracker\synthetic\html\syn-0006.html,6,ff501f1b2aaa00005be24871d1925fb2fcc59e4bb172ac3370106627025e2fa5
synthetic,syn-0006,html/syn-0006.html,syn-0006.html,run-none6,synthetic-shop.local,https://synthetic-shop.local/product/wall-scanner-06-08,llm_full_html,Детектор скрытой проводки WallScan 5,4733,True,,,,,llm_full_html,D:\Pet_Codes\science\article-price-tracker\synthetic\html\syn-0006.html,7,ff501f1b2aaa00005be24871d1925fb2fcc59e4bb172ac3370106627025e2fa5
synthetic,syn-0006,html/syn-0006.html,syn-0006.html,run-none6,synthetic-shop.local,https://synthetic-shop.local/product/clamp-meter-06-09,llm_full_html,Клещи токовые CM-600,6890,False,,,,,llm_full_html,D:\Pet_Codes\science\article-price-tracker\synthetic\html\syn-0006.html,8,ff501f1b2aaa00005be24871d1925fb2fcc59e4bb172ac3370106627025e2fa5
synthetic,syn-0006,html/syn-0006.html,syn-0006.html,run-none6,synthetic-shop.local,https://synthetic-shop.local/product/luxmeter-06-10,llm_full_html,Люксметр LX-1010,3222,True,,,,,llm_full_html,D:\Pet_Codes\science\article-price-tracker\synthetic\html\syn-0006.html,9,ff501f1b2aaa00005be24871d1925fb2fcc59e4bb172ac3370106627025e2fa5
synthetic,syn-0006,html/syn-0006.html,syn-0006.html,run-none6,synthetic-shop.local,https://synthetic-shop.local/product/megohmmeter-06-11,llm_full_html,Мегаомметр цифровой MI-1000,17712,True,,,,,llm_full_html,D:\Pet_Codes\science\article-price-tracker\synthetic\html\syn-0006.html,10,ff501f1b2aaa00005be24871d1925fb2fcc59e4bb172ac3370106627025e2fa5
synthetic,syn-0006,html/syn-0006.html,syn-0006.html,run-none6,synthetic-shop.local,https://synthetic-shop.local/product/pyrometer-06-12,llm_full_html,Пирометр инфракрасный IR-900,3514,True,,,,,llm_full_html,D:\Pet_Codes\science\article-price-tracker\synthetic\html\syn-0006.html,11,ff501f1b2aaa00005be24871d1925fb2fcc59e4bb172ac3370106627025e2fa5
synthetic,syn-0006,html/syn-0006.html,syn-0006.html,run-none6,synthetic-shop.local,https://synthetic-shop.local/product/socket-tester-06-13,llm_full_html,Тестер розеток и УЗО ST-8,1870,True,,,,,llm_full_html,D:\Pet_Codes\science\article-price-tracker\synthetic\html\syn-0006.html,12,ff501f1b2aaa00005be24871d1925fb2fcc59e4bb172ac3370106627025e2fa5
synthetic,syn-0006,html/syn-0006.html,syn-0006.html,run-none6,synthetic-shop.local,https://synthetic-shop.local/product/coating-gauge-06-14,llm_full_html,Толщиномер покрытий CT-1200,9529,True,,,,,llm_full_html,D:\Pet_Codes\science\article-price-tracker\synthetic\html\syn-0006.html,13,ff501f1b2aaa00005be24871d1925fb2fcc59e4bb172ac3370106627025e2fa5
synthetic,syn-0006,html/syn-0006.html,syn-0006.html,run-none6,synthetic-shop.local,https://synthetic-shop.local/product/angle-meter-06-15,llm_full_html,Угломер электронный AG-360,4190,True,,,,,llm_full_html,D:\Pet_Codes\science\article-price-tracker\synthetic\html\syn-0006.html,14,ff501f1b2aaa00005be24871d1925fb2fcc59e4bb172ac3370106627025e2fa5
synthetic,syn-0006,html/syn-0006.html,syn-0006.html,run-none6,synthetic-shop.local,https://synthetic-shop.local/product/anemometer-06-16,llm_full_html,Анемометр цифровой AM-30 — серия 2,5925,True,,,,,llm_full_html,D:\Pet_Codes\science\article-price-tracker\synthetic\html\syn-0006.html,15,ff501f1b2aaa00005be24871d1925fb2fcc59e4bb172ac3370106627025e2fa5
synthetic,syn-0006,html/syn-0006.html,syn-0006.html,run-none6,synthetic-shop.local,https://synthetic-shop.local/product/moisture-meter-06-17,llm_full_html,Влагомер древесины WM-2 — серия 2,3299,True,,,,,llm_full_html,D:\Pet_Codes\science\article-price-tracker\synthetic\html\syn-0006.html,16,ff501f1b2aaa00005be24871d1925fb2fcc59e4bb172ac3370106627025e2fa5
synthetic,syn-0006,html/syn-0006.html,syn-0006.html,run-none6,synthetic-shop.local,https://synthetic-shop.local/product/laser-rangefinder-06-18,llm_full_html,Дальномер лазерный DM-80 — серия 2,7391,True,,,,,llm_full_html,D:\Pet_Codes\science\article-price-tracker\synthetic\html\syn-0006.html,17,ff501f1b2aaa00005be24871d1925fb2fcc59e4bb172ac3370106627025e2fa5
synthetic,syn-0006,html/syn-0006.html,syn-0006.html,run-none6,synthetic-shop.local,https://synthetic-shop.local/product/wall-scanner-06-19,llm_full_html,Детектор скрытой проводки WallScan 5 — серия 2,5061,True,,,,,llm_full_html,D:\Pet_Codes\science\article-price-tracker\synthetic\html\syn-0006.html,18,ff501f1b2aaa00005be24871d1925fb2fcc59e4bb172ac3370106627025e2fa5
synthetic,syn-0006,html/syn-0006.html,syn-0006.html,run-none6,synthetic-shop.local,https://synthetic-shop.local/product/clamp-meter-06-20,llm_full_html,Клещи токовые CM-600 — серия 2,7354,False,,,,,llm_full_html,D:\Pet_Codes\science\article-price-tracker\synthetic\html\syn-0006.html,19,ff501f1b2aaa00005be24871d1925fb2fcc59e4bb172ac3370106627025e2fa5
synthetic,syn-0006,html/syn-0006.html,syn-0006.html,run-none6,synthetic-shop.local,https://synthetic-shop.local/product/laser-level-06-21,llm_full_html,Лазерный уровень ЛУ-360 Pro — серия 2,13120,False,,,,,llm_full_html,D:\Pet_Codes\science\article-price-tracker\synthetic\html\syn-0006.html,20,ff501f1b2aaa00005be24871d1925fb2fcc59e4bb172ac3370106627025e2fa5
synthetic,syn-0006,html/syn-0006.html,syn-0006.html,run-none6,synthetic-shop.local,https://synthetic-shop.local/product/luxmeter-06-22,llm_full_html,Люксметр LX-1010 — серия 2,3131,True,,,,,llm_full_html,D:\Pet_Codes\science\article-price-tracker\synthetic\html\syn-0006.html,21,ff501f1b2aaa00005be24871d1925fb2fcc59e4bb172ac3370106627025e2fa5
synthetic,syn-0006,html/syn-0006.html,syn-0006.html,run-none6,synthetic-shop.local,https://synthetic-shop.local/product/megohmmeter-06-23,llm_full_html,Мегаомметр цифровой MI-1000 — серия 2,17229,True,,,,,llm_full_html,D:\Pet_Codes\science\article-price-tracker\synthetic\html\syn-0006.html,22,ff501f1b2aaa00005be24871d1925fb2fcc59e4bb172ac3370106627025e2fa5
synthetic,syn-0006,html/syn-0006.html,syn-0006.html,run-none6,synthetic-shop.local,https://synthetic-shop.local/product/multimeter-06-24,llm_full_html,Мультиметр цифровой M830 Pro — серия 2,2108,True,,,,,llm_full_html,D:\Pet_Codes\science\article-price-tracker\synthetic\html\syn-0006.html,23,ff501f1b2aaa00005be24871d1925fb2fcc59e4bb172ac3370106627025e2fa5
synthetic,syn-0006,html/syn-0006.html,syn-0006.html,run-none6,synthetic-shop.local,https://synthetic-shop.local/product/optical-level-06-25,llm_full_html,Нивелир оптический N-32 — серия 2,21490,True,,,,,llm_full_html,D:\Pet_Codes\science\article-price-tracker\synthetic\html\syn-0006.html,24,ff501f1b2aaa00005be24871d1925fb2fcc59e4bb172ac3370106627025e2fa5
synthetic,syn-0006,html/syn-0006.html,syn-0006.html,run-none6,synthetic-shop.local,https://synthetic-shop.local/product/pyrometer-06-26,llm_full_html,Пирометр инфракрасный IR-900 — серия 2,3619,True,,,,,llm_full_html,D:\Pet_Codes\science\article-price-tracker\synthetic\html\syn-0006.html,25,ff501f1b2aaa00005be24871d1925fb2fcc59e4bb172ac3370106627025e2fa5
synthetic,syn-0006,html/syn-0006.html,syn-0006.html,run-none6,synthetic-shop.local,https://synthetic-shop.local/product/thermal-camera-06-27,llm_full_html,Тепловизор строительный IR-256 — серия 2,46428,True,,,,,llm_full_html,D:\Pet_Codes\science\article-price-tracker\synthetic\html\syn-0006.html,26,ff501f1b2aaa00005be24871d1925fb2fcc59e4bb172ac3370106627025e2fa5
synthetic,syn-0006,html/syn-0006.html,syn-0006.html,run-none6,synthetic-shop.local,https://synthetic-shop.local/product/socket-tester-06-28,llm_full_html,Тестер розеток и УЗО ST-8 — серия 2,1979,True,,,,,llm_full_html,D:\Pet_Codes\science\article-price-tracker\synthetic\html\syn-0006.html,27,ff501f1b2aaa00005be24871d1925fb2fcc59e4bb172ac3370106627025e2fa5
synthetic,syn-0007,html/syn-0007.html,syn-0007.html,run-none7,synthetic-shop.local,https://synthetic-shop.local/product/thermal-camera-07-01,llm_full_html,Тепловизор строительный IR-256,43500,True,,,1–5 дня,,llm_full_html,D:\Pet_Codes\science\article-price-tracker\synthetic\html\syn-0007.html,0,8052430a569ae20911513a91ff5bcb3afcf22eceb416d05230125e8708322944
synthetic,syn-0007,html/syn-0007.html,syn-0007.html,run-none7,synthetic-shop.local,https://synthetic-shop.local/product/optical-level-07-02,llm_full_html,Нивелир оптический N-32,21940,False,,,2–6 дня,,llm_full_html,D:\Pet_Codes\science\article-price-tracker\synthetic\html\syn-0007.html,1,8052430a569ae20911513a91ff5bcb3afcf22eceb416d05230125e8708322944
synthetic,syn-0007,html/syn-0007.html,syn-0007.html,run-none7,synthetic-shop.local,https://synthetic-shop.local/product/wall-scanner-07-03,llm_full_html,Детектор скрытой проводки WallScan 5,4590,True,,,3–3 дня,,llm_full_html,D:\Pet_Codes\science\article-price-tracker\synthetic\html\syn-0007.html,2,8052430a569ae20911513a91ff5bcb3afcf22eceb416d05230125e8708322944
synthetic,syn-0007,html/syn-0007.html,syn-0007.html,run-none7,synthetic-shop.local,https://synthetic-shop.local/product/anemometer-07-04,llm_full_html,Анемометр цифровой AM-30,5327,True,,,1–4 дня,,llm_full_html,D:\Pet_Codes\science\article-price-tracker\synthetic\html\syn-0007.html,3,8052430a569ae20911513a91ff5bcb3afcf22eceb416d05230125e8708322944
synthetic,syn-0007,html/syn-0007.html,syn-0007.html,run-none7,synthetic-shop.local,https://synthetic-shop.local/product/pyrometer-07-05,llm_full_html,Пирометр инфракрасный IR-900,3538,True,,,2–5 дня,,llm_full_html,D:\Pet_Codes\science\article-price-tracker\synthetic\html\syn-0007.html,4,8052430a569ae20911513a91ff5bcb3afcf22eceb416d05230125e8708322944
synthetic,syn-0007,html/syn-0007.html,syn-0007.html,run-none7,synthetic-shop.local,https://synthetic-shop.local/product/moisture-meter-07-06,llm_full_html,Влагомер древесины WM-2,3299,True,,,1–5 дня,,llm_full_html,D:\Pet_Codes\science\article-price-tracker\synthetic\html\syn-0007.html,5,8052430a569ae20911513a91ff5bcb3afcf22eceb416d05230125e8708322944
synthetic,syn-0007,html/syn-0007.html,syn-0007.html,run-none7,synthetic-shop.local,https://synthetic-shop.local/product/laser-rangefinder-07-07,llm_full_html,Дальномер лазерный DM-80,7391,True,,,2–4 дня,,llm_full_html,D:\Pet_Codes\science\article-price-tracker\synthetic\html\syn-0007.html,6,8052430a569ae20911513a91ff5bcb3afcf22eceb416d05230125e8708322944
synthetic,syn-0007,html/syn-0007.html,syn-0007.html,run-none7,synthetic-shop.local,https://synthetic-shop.local/product/clamp-meter-07-08,llm_full_html,Клещи токовые CM-600,7155,False,,,2–6 дня,,llm_full_html,D:\Pet_Codes\science\article-price-tracker\synthetic\html\syn-0007.html,7,8052430a569ae20911513a91ff5bcb3afcf22eceb416d05230125e8708322944
synthetic,syn-0007,html/syn-0007.html,syn-0007.html,run-none7,synthetic-shop.local,https://synthetic-shop.local/product/laser-level-07-09,llm_full_html,Лазерный уровень ЛУ-360 Pro,14419,False,,,1–3 дня,,llm_full_html,D:\Pet_Codes\science\article-price-tracker\synthetic\html\syn-0007.html,8,8052430a569ae20911513a91ff5bcb3afcf22eceb416d05230125e8708322944
synthetic,syn-0007,html/syn-0007.html,syn-0007.html,run-none7,synthetic-shop.local,https://synthetic-shop.local/product/luxmeter-07-10,llm_full_html,Люксметр LX-1010,3041,True,,,3–4 дня,,llm_full_html,D:\Pet_Codes\science\article-price-tracker\synthetic\html\syn-0007.html,9,8052430a569ae20911513a91ff5bcb3afcf22eceb416d05230125e8708322944
synthetic,syn-0007,html/syn-0007.html,syn-0007.html,run-none7,synthetic-shop.local,https://synthetic-shop.local/product/megohmmeter-07-11,llm_full_html,Мегаомметр цифровой MI-1000,16746,True,,,3–4 дня,,llm_full_html,D:\Pet_Codes\science\article-price-tracker\synthetic\html\syn-0007.html,10,8052430a569ae20911513a91ff5bcb3afcf22eceb416d05230125e8708322944
synthetic,syn-0007,html/syn-0007.html,syn-0007.html,run-none7,synthetic-shop.local,https://synthetic-shop.local/product/multimeter-07-12,llm_full_html,Мультиметр цифровой M830 Pro,2050,True,,,3–5 дня,,llm_full_html,D:\Pet_Codes\science\article-price-tracker\synthetic\html\syn-0007.html,11,8052430a569ae20911513a91ff5bcb3afcf22eceb416d05230125e8708322944
synthetic,syn-0007,html/syn-0007.html,syn-0007.html,run-none7,synthetic-shop.local,https://synthetic-shop.local/product/socket-tester-07-13,llm_full_html,Тестер розеток и УЗО ST-8,1998,True,,,1–5 дня,,llm_full_html,D:\Pet_Codes\science\article-price-tracker\synthetic\html\syn-0007.html,12,8052430a569ae20911513a91ff5bcb3afcf22eceb416d05230125e8708322944
synthetic,syn-0007,html/syn-0007.html,syn-0007.html,run-none7,synthetic-shop.local,https://synthetic-shop.local/product/coating-gauge-07-14,llm_full_html,Толщиномер покрытий CT-1200,8990,True,,,2–3 дня,,llm_full_html,D:\Pet_Codes\science\article-price-tracker\synthetic\html\syn-0007.html,13,8052430a569ae20911513a91ff5bcb3afcf22eceb416d05230125e8708322944
synthetic,syn-0007,html/syn-0007.html,syn-0007.html,run-none7,synthetic-shop.local,https://synthetic-shop.local/product/angle-meter-07-15,llm_full_html,Угломер электронный AG-360,3959,True,,,1–5 дня,,llm_full_html,D:\Pet_Codes\science\article-price-tracker\synthetic\html\syn-0007.html,14,8052430a569ae20911513a91ff5bcb3afcf22eceb416d05230125e8708322944
synthetic,syn-0007,html/syn-0007.html,syn-0007.html,run-none7,synthetic-shop.local,https://synthetic-shop.local/product/anemometer-07-16,llm_full_html,Анемометр цифровой AM-30 — серия 2,5607,True,,,2–3 дня,,llm_full_html,D:\Pet_Codes\science\article-price-tracker\synthetic\html\syn-0007.html,15,8052430a569ae20911513a91ff5bcb3afcf22eceb416d05230125e8708322944
synthetic,syn-0007,html/syn-0007.html,syn-0007.html,run-none7,synthetic-shop.local,https://synthetic-shop.local/product/moisture-meter-07-17,llm_full_html,Влагомер древесины WM-2 — серия 2,3525,True,,,1–5 дня,,llm_full_html,D:\Pet_Codes\science\article-price-tracker\synthetic\html\syn-0007.html,16,8052430a569ae20911513a91ff5bcb3afcf22eceb416d05230125e8708322944
synthetic,syn-0007,html/syn-0007.html,syn-0007.html,run-none7,synthetic-shop.local,https://synthetic-shop.local/product/laser-rangefinder-07-18,llm_full_html,Дальномер лазерный DM-80 — серия 2,7884,True,,,2–4 дня,,llm_full_html,D:\Pet_Codes\science\article-price-tracker\synthetic\html\syn-0007.html,17,8052430a569ae20911513a91ff5bcb3afcf22eceb416d05230125e8708322944
synthetic,syn-0008,html/syn-0008.html,syn-0008.html,run-none8,synthetic-shop.local,https://synthetic-shop.local/product/anemometer-08-01,llm_full_html,Анемометр цифровой AM-30,5401,False,,,2–6 дня,,llm_full_html,D:\Pet_Codes\science\article-price-tracker\synthetic\html\syn-0008.html,0,37b44553dd2740aef14df34d197797e21c2c51c3b2e8d798aa1137f82d255303
synthetic,syn-0008,html/syn-0008.html,syn-0008.html,run-none8,synthetic-shop.local,https://synthetic-shop.local/product/pyrometer-08-02,llm_full_html,Пирометр инфракрасный IR-900,3490,True,,,3–3 дня,,llm_full_html,D:\Pet_Codes\science\article-price-tracker\synthetic\html\syn-0008.html,1,37b44553dd2740aef14df34d197797e21c2c51c3b2e8d798aa1137f82d255303
synthetic,syn-0008,html/syn-0008.html,syn-0008.html,run-none8,synthetic-shop.local,https://synthetic-shop.local/product/coating-gauge-08-03,llm_full_html,Толщиномер покрытий CT-1200,9053,True,,,1–4 дня,,llm_full_html,D:\Pet_Codes\science\article-price-tracker\synthetic\html\syn-0008.html,2,37b44553dd2740aef14df34d197797e21c2c51c3b2e8d798aa1137f82d255303
synthetic,syn-0008,html/syn-0008.html,syn-0008.html,run-none8,synthetic-shop.local,https://synthetic-shop.local/product/megohmmeter-08-04,llm_full_html,Мегаомметр цифровой MI-1000,16214,True,,,2–5 дня,,llm_full_html,D:\Pet_Codes\science\article-price-tracker\synthetic\html\syn-0008.html,3,37b44553dd2740aef14df34d197797e21c2c51c3b2e8d798aa1137f82d255303
synthetic,syn-0008,html/syn-0008.html,syn-0008.html,run-none8,synthetic-shop.local,https://synthetic-shop.local/product/socket-tester-08-05,llm_full_html,Тестер розеток и УЗО ST-8,1829,True,,,3–6 дня,,llm_full_html,D:\Pet_Codes\science\article-price-tracker\synthetic\html\syn-0008.html,4,37b44553dd2740aef14df34d197797e21c2c51c3b2e8d798aa1137f82d255303
synthetic,syn-0008,html/syn-0008.html,syn-0008.html,run-none8,synthetic-shop.local,https://synthetic-shop.local/product/moisture-meter-08-06,llm_full_html,Влагомер древесины WM-2,3525,True,,,1–5 дня,,llm_full_html,D:\Pet_Codes\science\article-price-tracker\synthetic\html\syn-0008.html,5,37b44553dd2740aef14df34d197797e21c2c51c3b2e8d798aa1137f82d255303
synthetic,syn-0008,html/syn-0008.html,syn-0008.html,run-none8,synthetic-shop.local,https://synthetic-shop.local/product/laser-rangefinder-08-07,llm_full_html,Дальномер лазерный DM-80,7884,True,,,2–4 дня,,llm_full_html,D:\Pet_Codes\science\article-price-tracker\synthetic\html\syn-0008.html,6,37b44553dd2740aef14df34d197797e21c2c51c3b2e8d798aa1137f82d255303
synthetic,syn-0008,html/syn-0008.html,syn-0008.html,run-none8,synthetic-shop.local,https://synthetic-shop.local/product/wall-scanner-08-08,llm_full_html,Детектор скрытой проводки WallScan 5,4780,True,,,1–6 дня,,llm_full_html,D:\Pet_Codes\science\article-price-tracker\synthetic\html\syn-0008.html,7,37b44553dd2740aef14df34d197797e21c2c51c3b2e8d798aa1137f82d255303
synthetic,syn-0008,html/syn-0008.html,syn-0008.html,run-none8,synthetic-shop.local,https://synthetic-shop.local/product/clamp-meter-08-09,llm_full_html,Клещи токовые CM-600,6956,False,,,2–6 дня,,llm_full_html,D:\Pet_Codes\science\article-price-tracker\synthetic\html\syn-0008.html,8,37b44553dd2740aef14df34d197797e21c2c51c3b2e8d798aa1137f82d255303
synthetic,syn-0008,html/syn-0008.html,syn-0008.html,run-none8,synthetic-shop.local,https://synthetic-shop.local/product/laser-level-08-10,llm_full_html,Лазерный уровень ЛУ-360 Pro,14029,False,,,1–3 дня,,llm_full_html,D:\Pet_Codes\science\article-price-tracker\synthetic\html\syn-0008.html,9,37b44553dd2740aef14df34d197797e21c2c51c3b2e8d798aa1137f82d255303
synthetic,syn-0008,html/syn-0008.html,syn-0008.html,run-none8,synthetic-shop.local,https://synthetic-shop.local/product/luxmeter-08-11,llm_full_html,Люксметр LX-1010,3342,True,,,3–4 дня,,llm_full_html,D:\Pet_Codes\science\article-price-tracker\synthetic\html\syn-0008.html,10,37b44553dd2740aef14df34d197797e21c2c51c3b2e8d798aa1137f82d255303
synthetic,syn-0008,html/syn-0008.html,syn-0008.html,run-none8,synthetic-shop.local,https://synthetic-shop.local/product/multimeter-08-12,llm_full_html,Мультиметр цифровой M830 Pro,1935,True,,,3–5 дня,,llm_full_html,D:\Pet_Codes\science\article-price-tracker\synthetic\html\syn-0008.html,11,37b44553dd2740aef14df34d197797e21c2c51c3b2e8d798aa1137f82d255303
synthetic,syn-0008,html/syn-0008.html,syn-0008.html,run-none8,synthetic-shop.local,https://synthetic-shop.local/product/optical-level-08-13,llm_full_html,Нивелир оптический N-32,22350,True,,,2–3 дня,,llm_full_html,D:\Pet_Codes\science\article-price-tracker\synthetic\html\syn-0008.html,12,37b44553dd2740aef14df34d197797e21c2c51c3b2e8d798aa1137f82d255303
synthetic,syn-0008,html/syn-0008.html,syn-0008.html,run-none8,synthetic-shop.local,https://synthetic-shop.local/product/thermal-camera-08-14,llm_full_html,Тепловизор строительный IR-256,46866,True,,,1–6 дня,,llm_full_html,D:\Pet_Codes\science\article-price-tracker\synthetic\html\syn-0008.html,13,37b44553dd2740aef14df34d197797e21c2c51c3b2e8d798aa1137f82d255303
synthetic,syn-0008,html/syn-0008.html,syn-0008.html,run-none8,synthetic-shop.local,https://synthetic-shop.local/product/angle-meter-08-15,llm_full_html,Угломер электронный AG-360,4228,True,,,1–5 дня,,llm_full_html,D:\Pet_Codes\science\article-price-tracker\synthetic\html\syn-0008.html,14,37b44553dd2740aef14df34d197797e21c2c51c3b2e8d798aa1137f82d255303
synthetic,syn-0008,html/syn-0008.html,syn-0008.html,run-none8,synthetic-shop.local,https://synthetic-shop.local/product/anemometer-08-16,llm_full_html,Анемометр цифровой AM-30 — серия 2,5290,True,,,2–3 дня,,llm_full_html,D:\Pet_Codes\science\article-price-tracker\synthetic\html\syn-0008.html,15,37b44553dd2740aef14df34d197797e21c2c51c3b2e8d798aa1137f82d255303
synthetic,syn-0008,html/syn-0008.html,syn-0008.html,run-none8,synthetic-shop.local,https://synthetic-shop.local/product/moisture-meter-08-17,llm_full_html,Влагомер древесины WM-2 — серия 2,3331,True,,,1–5 дня,,llm_full_html,D:\Pet_Codes\science\article-price-tracker\synthetic\html\syn-0008.html,16,37b44553dd2740aef14df34d197797e21c2c51c3b2e8d798aa1137f82d255303
synthetic,syn-0008,html/syn-0008.html,syn-0008.html,run-none8,synthetic-shop.local,https://synthetic-shop.local/product/laser-rangefinder-08-18,llm_full_html,Дальномер лазерный DM-80 — серия 2,7461,True,,,2–4 дня,,llm_full_html,D:\Pet_Codes\science\article-price-tracker\synthetic\html\syn-0008.html,17,37b44553dd2740aef14df34d197797e21c2c51c3b2e8d798aa1137f82d255303
synthetic,syn-0008,html/syn-0008.html,syn-0008.html,run-none8,synthetic-shop.local,https://synthetic-shop.local/product/wall-scanner-08-19,llm_full_html,Детектор скрытой проводки WallScan 5 — серия 2,5108,True,,,1–6 дня,,llm_full_html,D:\Pet_Codes\science\article-price-tracker\synthetic\html\syn-0008.html,18,37b44553dd2740aef14df34d197797e21c2c51c3b2e8d798aa1137f82d255303
synthetic,syn-0008,html/syn-0008.html,syn-0008.html,run-none8,synthetic-shop.local,https://synthetic-shop.local/product/clamp-meter-08-20,llm_full_html,Клещи токовые CM-600 — серия 2,7420,False,,,2–6 дня,,llm_full_html,D:\Pet_Codes\science\article-price-tracker\synthetic\html\syn-0008.html,19,37b44553dd2740aef14df34d197797e21c2c51c3b2e8d798aa1137f82d255303
synthetic,syn-0008,html/syn-0008.html,syn-0008.html,run-none8,synthetic-shop.local,https://synthetic-shop.local/product/laser-level-08-21,llm_full_html,Лазерный уровень ЛУ-360 Pro — серия 2,13250,False,,,1–3 дня,,llm_full_html,D:\Pet_Codes\science\article-price-tracker\synthetic\html\syn-0008.html,20,37b44553dd2740aef14df34d197797e21c2c51c3b2e8d798aa1137f82d255303
synthetic,syn-0008,html/syn-0008.html,syn-0008.html,run-none8,synthetic-shop.local,https://synthetic-shop.local/product/luxmeter-08-22,llm_full_html,Люксметр LX-1010 — серия 2,3162,True,,,3–4 дня,,llm_full_html,D:\Pet_Codes\science\article-price-tracker\synthetic\html\syn-0008.html,21,37b44553dd2740aef14df34d197797e21c2c51c3b2e8d798aa1137f82d255303
synthetic,syn-0008,html/syn-0008.html,syn-0008.html,run-none8,synthetic-shop.local,https://synthetic-shop.local/product/megohmmeter-08-23,llm_full_html,Мегаомметр цифровой MI-1000 — серия 2,17390,True,,,3–4 дня,,llm_full_html,D:\Pet_Codes\science\article-price-tracker\synthetic\html\syn-0008.html,22,37b44553dd2740aef14df34d197797e21c2c51c3b2e8d798aa1137f82d255303
synthetic,syn-0008,html/syn-0008.html,syn-0008.html,run-none8,synthetic-shop.local,https://synthetic-shop.local/product/multimeter-08-24,llm_full_html,Мультиметр цифровой M830 Pro — серия 2,2127,True,,,3–5 дня,,llm_full_html,D:\Pet_Codes\science\article-price-tracker\synthetic\html\syn-0008.html,23,37b44553dd2740aef14df34d197797e21c2c51c3b2e8d798aa1137f82d255303
synthetic,syn-0009,html/syn-0009.html,syn-0009.html,run-none9,synthetic-shop.local,https://synthetic-shop.local/product/megohmmeter-09-01,llm_full_html,Мегаомметр цифровой MI-1000,15990,True,,,3–3 дня,,llm_full_html,D:\Pet_Codes\science\article-price-tracker\synthetic\html\syn-0009.html,0,ed1ff87ab725c26190edf5ece5a303c8c0b8c8527e4d146927427e1667e0b4ad
synthetic,syn-0009,html/syn-0009.html,syn-0009.html,run-none9,synthetic-shop.local,https://synthetic-shop.local/product/socket-tester-09-02,llm_full_html,Тестер розеток и УЗО ST-8,1803,True,,,1–4 дня,,llm_full_html,D:\Pet_Codes\science\article-price-tracker\synthetic\html\syn-0009.html,1,ed1ff87ab725c26190edf5ece5a303c8c0b8c8527e4d146927427e1667e0b4ad
synthetic,syn-0009,html/syn-0009.html,syn-0009.html,run-none9,synthetic-shop.local,https://synthetic-shop.local/product/luxmeter-09-03,llm_full_html,Люксметр LX-1010,3032,True,,,2–5 дня,,llm_full_html,D:\Pet_Codes\science\article-price-tracker\synthetic\html\syn-0009.html,2,ed1ff87ab725c26190edf5ece5a303c8c0b8c8527e4d146927427e1667e0b4ad
synthetic,syn-0009,html/syn-0009.html,syn-0009.html,run-none9,synthetic-shop.local,https://synthetic-shop.local/product/moisture-meter-09-04,llm_full_html,Влагомер древесины WM-2,3256,True,,,3–6 дня,,llm_full_html,D:\Pet_Codes\science\article-price-tracker\synthetic\html\syn-0009.html,3,ed1ff87ab725c26190edf5ece5a303c8c0b8c8527e4d146927427e1667e0b4ad
synthetic,syn-0009,html/syn-0009.html,syn-0009.html,run-none9,synthetic-shop.local,https://synthetic-shop.local/product/clamp-meter-09-05,llm_full_html,Клещи токовые CM-600,6490,True,,,1–3 дня,,llm_full_html,D:\Pet_Codes\science\article-price-tracker\synthetic\html\syn-0009.html,4,ed1ff87ab725c26190edf5ece5a303c8c0b8c8527e4d146927427e1667e0b4ad
synthetic,syn-0009,html/syn-0009.html,syn-0009.html,run-none9,synthetic-shop.local,https://synthetic-shop.local/product/anemometer-09-06,llm_full_html,Анемометр цифровой AM-30,5449,True,,,2–3 дня,,llm_full_html,D:\Pet_Codes\science\article-price-tracker\synthetic\html\syn-0009.html,5,ed1ff87ab725c26190edf5ece5a303c8c0b8c8527e4d146927427e1667e0b4ad
synthetic,syn-0009,html/syn-0009.html,syn-0009.html,run-none9,synthetic-shop.local,https://synthetic-shop.local/product/laser-rangefinder-09-07,llm_full_html,Дальномер лазерный DM-80,7461,True,,,2–4 дня,,llm_full_html,D:\Pet_Codes\science\article-price-tracker\synthetic\html\syn-0009.html,6,ed1ff87ab725c26190edf5ece5a303c8c0b8c8527e4d146927427e1667e0b4ad
synthetic,syn-0009,html/syn-0009.html,syn-0009.html,run-none9,synthetic-shop.local,https://synthetic-shop.local/product/wall-scanner-09-08,llm_full_html,Детектор скрытой проводки WallScan 5,5108,True,,,1–6 дня,,llm_full_html,D:\Pet_Codes\science\article-price-tracker\synthetic\html\syn-0009.html,7,ed1ff87ab725c26190edf5ece5a303c8c0b8c8527e4d146927427e1667e0b4ad
synthetic,syn-0009,html/syn-0009.html,syn-0009.html,run-none9,synthetic-shop.local,https://synthetic-shop.local/product/laser-level-09-09,llm_full_html,Лазерный уровень ЛУ-360 Pro,14549,False,,,1–3 дня,,llm_full_html,D:\Pet_Codes\science\article-price-tracker\synthetic\html\syn-0009.html,8,ed1ff87ab725c26190edf5ece5a303c8c0b8c8527e4d146927427e1667e0b4ad
synthetic,syn-0009,html/syn-0009.html,syn-0009.html,run-none9,synthetic-shop.local,https://synthetic-shop.local/product/multimeter-09-10,llm_full_html,Мультиметр цифровой M830 Pro,1954,True,,,3–5 дня,,llm_full_html,D:\Pet_Codes\science\article-price-tracker\synthetic\html\syn-0009.html,9,ed1ff87ab725c26190edf5ece5a303c8c0b8c8527e4d146927427e1667e0b4ad
synthetic,syn-0009,html/syn-0009.html,syn-0009.html,run-none9,synthetic-shop.local,https://synthetic-shop.local/product/optical-level-09-11,llm_full_html,Нивелир оптический N-32,22564,True,,,2–3 дня,,llm_full_html,D:\Pet_Codes\science\article-price-tracker\synthetic\html\syn-0009.html,10,ed1ff87ab725c26190edf5ece5a303c8c0b8c8527e4d146927427e1667e0b4ad
synthetic,syn-0009,html/syn-0009.html,syn-0009.html,run-none9,synthetic-shop.local,https://synthetic-shop.local/product/pyrometer-09-12,llm_full_html,Пирометр инфракрасный IR-900,3795,True,,,3–4 дня,,llm_full_html,D:\Pet_Codes\science\article-price-tracker\synthetic\html\syn-0009.html,11,ed1ff87ab725c26190edf5ece5a303c8c0b8c8527e4d146927427e1667e0b4ad
synthetic,syn-0009,html/syn-0009.html,syn-0009.html,run-none9,synthetic-shop.local,https://synthetic-shop.local/product/thermal-camera-09-13,llm_full_html,Тепловизор строительный IR-256,48618,True,,,1–6 дня,,llm_full_html,D:\Pet_Codes\science\article-price-tracker\synthetic\html\syn-0009.html,12,ed1ff87ab725c26190edf5ece5a303c8c0b8c8527e4d146927427e1667e0b4ad
synthetic,syn-0009,html/syn-0009.html,syn-0009.html,run-none9,synthetic-shop.local,https://synthetic-shop.local/product/coating-gauge-09-14,llm_full_html,Толщиномер покрытий CT-1200,9080,True,,,2–3 дня,,llm_full_html,D:\Pet_Codes\science\article-price-tracker\synthetic\html\syn-0009.html,13,ed1ff87ab725c26190edf5ece5a303c8c0b8c8527e4d146927427e1667e0b4ad
synthetic,syn-0009,html/syn-0009.html,syn-0009.html,run-none9,synthetic-shop.local,https://synthetic-shop.local/product/angle-meter-09-15,llm_full_html,Угломер электронный AG-360,3998,True,,,1–5 дня,,llm_full_html,D:\Pet_Codes\science\article-price-tracker\synthetic\html\syn-0009.html,14,ed1ff87ab725c26190edf5ece5a303c8c0b8c8527e4d146927427e1667e0b4ad
synthetic,syn-0009,html/syn-0009.html,syn-0009.html,run-none9,synthetic-shop.local,https://synthetic-shop.local/product/anemometer-09-16,llm_full_html,Анемометр цифровой AM-30 — серия 2,5660,True,,,2–3 дня,,llm_full_html,D:\Pet_Codes\science\article-price-tracker\synthetic\html\syn-0009.html,15,ed1ff87ab725c26190edf5ece5a303c8c0b8c8527e4d146927427e1667e0b4ad
synthetic,syn-0009,html/syn-0009.html,syn-0009.html,run-none9,synthetic-shop.local,https://synthetic-shop.local/product/moisture-meter-09-17,llm_full_html,Влагомер древесины WM-2 — серия 2,3557,True,,,1–5 дня,,llm_full_html,D:\Pet_Codes\science\article-price-tracker\synthetic\html\syn-0009.html,16,ed1ff87ab725c26190edf5ece5a303c8c0b8c8527e4d146927427e1667e0b4ad
synthetic,syn-0009,html/syn-0009.html,syn-0009.html,run-none9,synthetic-shop.local,https://synthetic-shop.local/product/laser-rangefinder-09-18,llm_full_html,Дальномер лазерный DM-80 — серия 2,7039,True,,,2–4 дня,,llm_full_html,D:\Pet_Codes\science\article-price-tracker\synthetic\html\syn-0009.html,17,ed1ff87ab725c26190edf5ece5a303c8c0b8c8527e4d146927427e1667e0b4ad
synthetic,syn-0009,html/syn-0009.html,syn-0009.html,run-none9,synthetic-shop.local,https://synthetic-shop.local/product/wall-scanner-09-19,llm_full_html,Детектор скрытой проводки WallScan 5 — серия 2,4827,True,,,1–6 дня,,llm_full_html,D:\Pet_Codes\science\article-price-tracker\synthetic\html\syn-0009.html,18,ed1ff87ab725c26190edf5ece5a303c8c0b8c8527e4d146927427e1667e0b4ad
synthetic,syn-0009,html/syn-0009.html,syn-0009.html,run-none9,synthetic-shop.local,https://synthetic-shop.local/product/clamp-meter-09-20,llm_full_html,Клещи токовые CM-600 — серия 2,7022,False,,,2–6 дня,,llm_full_html,D:\Pet_Codes\science\article-price-tracker\synthetic\html\syn-0009.html,19,ed1ff87ab725c26190edf5ece5a303c8c0b8c8527e4d146927427e1667e0b4ad
synthetic,syn-0010,html/syn-0010.html,syn-0010.html,run-none10,synthetic-shop.local,https://synthetic-shop.local/product/moisture-meter-10-01,llm_full_html,Влагомер древесины WM-2,3212,True,,,1–4 дня,11.0,llm_full_html,D:\Pet_Codes\science\article-price-tracker\synthetic\html\syn-0010.html,0,8f6617a6fd61bf3062bbeb5318c75bc551e1a84fdcd394c35a1735b7b990c9d2
synthetic,syn-0010,html/syn-0010.html,syn-0010.html,run-none10,synthetic-shop.local,https://synthetic-shop.local/product/clamp-meter-10-02,llm_full_html,Клещи токовые CM-600,6580,True,,,2–5 дня,12.0,llm_full_html,D:\Pet_Codes\science\article-price-tracker\synthetic\html\syn-0010.html,1,8f6617a6fd61bf3062bbeb5318c75bc551e1a84fdcd394c35a1735b7b990c9d2
synthetic,syn-0010,html/syn-0010.html,syn-0010.html,run-none10,synthetic-shop.local,https://synthetic-shop.local/product/angle-meter-10-03,llm_full_html,Угломер электронный AG-360,3871,True,,,3–6 дня,13.0,llm_full_html,D:\Pet_Codes\science\article-price-tracker\synthetic\html\syn-0010.html,2,8f6617a6fd61bf3062bbeb5318c75bc551e1a84fdcd394c35a1735b7b990c9d2
synthetic,syn-0010,html/syn-0010.html,syn-0010.html,run-none10,synthetic-shop.local,https://synthetic-shop.local/product/laser-level-10-04,llm_full_html,Лазерный уровень ЛУ-360 Pro,12990,True,,,1–3 дня,14.0,llm_full_html,D:\Pet_Codes\science\article-price-tracker\synthetic\html\syn-0010.html,3,8f6617a6fd61bf3062bbeb5318c75bc551e1a84fdcd394c35a1735b7b990c9d2
synthetic,syn-0010,html/syn-0010.html,syn-0010.html,run-none10,synthetic-shop.local,https://synthetic-shop.local/product/laser-rangefinder-10-05,llm_full_html,Дальномер лазерный DM-80,7039,True,,,2–4 дня,15.0,llm_full_html,D:\Pet_Codes\science\article-price-tracker\synthetic\html\syn-0010.html,4,8f6617a6fd61bf3062bbeb5318c75bc551e1a84fdcd394c35a1735b7b990c9d2
synthetic,syn-0010,html/syn-0010.html,syn-0010.html,run-none10,synthetic-shop.local,https://synthetic-shop.local/product/anemometer-10-06,llm_full_html,Анемометр цифровой AM-30,5819,True,,,2–3 дня,16.0,llm_full_html,D:\Pet_Codes\science\article-price-tracker\synthetic\html\syn-0010.html,5,8f6617a6fd61bf3062bbeb5318c75bc551e1a84fdcd394c35a1735b7b990c9d2
synthetic,syn-0010,html/syn-0010.html,syn-0010.html,run-none10,synthetic-shop.local,https://synthetic-shop.local/product/wall-scanner-10-07,llm_full_html,Детектор скрытой проводки WallScan 5,4686,True,,,1–6 дня,17.0,llm_full_html,D:\Pet_Codes\science\article-price-tracker\synthetic\html\syn-0010.html,6,8f6617a6fd61bf3062bbeb5318c75bc551e1a84fdcd394c35a1735b7b990c9d2
synthetic,syn-0010,html/syn-0010.html,syn-0010.html,run-none10,synthetic-shop.local,https://synthetic-shop.local/product/luxmeter-10-08,llm_full_html,Люксметр LX-1010,3101,True,,,3–4 дня,18.0,llm_full_html,D:\Pet_Codes\science\article-price-tracker\synthetic\html\syn-0010.html,7,8f6617a6fd61bf3062bbeb5318c75bc551e1a84fdcd394c35a1735b7b990c9d2
synthetic,syn-0010,html/syn-0010.html,syn-0010.html,run-none10,synthetic-shop.local,https://synthetic-shop.local/product/megohmmeter-10-09,llm_full_html,Мегаомметр цифровой MI-1000,17068,True,,,3–4 дня,19.0,llm_full_html,D:\Pet_Codes\science\article-price-tracker\synthetic\html\syn-0010.html,8,8f6617a6fd61bf3062bbeb5318c75bc551e1a84fdcd394c35a1735b7b990c9d2
synthetic,syn-0010,html/syn-0010.html,syn-0010.html,run-none10,synthetic-shop.local,https://synthetic-shop.local/product/multimeter-10-10,llm_full_html,Мультиметр цифровой M830 Pro,2088,True,,,3–5 дня,20.0,llm_full_html,D:\Pet_Codes\science\article-price-tracker\synthetic\html\syn-0010.html,9,8f6617a6fd61bf3062bbeb5318c75bc551e1a84fdcd394c35a1735b7b990c9d2
synthetic,syn-0010,html/syn-0010.html,syn-0010.html,run-none10,synthetic-shop.local,https://synthetic-shop.local/product/optical-level-10-11,llm_full_html,Нивелир оптический N-32,24069,True,,,2–3 дня,21.0,llm_full_html,D:\Pet_Codes\science\article-price-tracker\synthetic\html\syn-0010.html,10,8f6617a6fd61bf3062bbeb5318c75bc551e1a84fdcd394c35a1735b7b990c9d2
synthetic,syn-0010,html/syn-0010.html,syn-0010.html,run-none10,synthetic-shop.local,https://synthetic-shop.local/product/pyrometer-10-12,llm_full_html,Пирометр инфракрасный IR-900,3584,True,,,3–4 дня,22.0,llm_full_html,D:\Pet_Codes\science\article-price-tracker\synthetic\html\syn-0010.html,11,8f6617a6fd61bf3062bbeb5318c75bc551e1a84fdcd394c35a1735b7b990c9d2
synthetic,syn-0010,html/syn-0010.html,syn-0010.html,run-none10,synthetic-shop.local,https://synthetic-shop.local/product/thermal-camera-10-13,llm_full_html,Тепловизор строительный IR-256,45990,True,,,1–6 дня,23.0,llm_full_html,D:\Pet_Codes\science\article-price-tracker\synthetic\html\syn-0010.html,12,8f6617a6fd61bf3062bbeb5318c75bc551e1a84fdcd394c35a1735b7b990c9d2
synthetic,syn-0010,html/syn-0010.html,syn-0010.html,run-none10,synthetic-shop.local,https://synthetic-shop.local/product/socket-tester-10-14,llm_full_html,Тестер розеток и УЗО ST-8,1961,True,,,1–5 дня,24.0,llm_full_html,D:\Pet_Codes\science\article-price-tracker\synthetic\html\syn-0010.html,13,8f6617a6fd61bf3062bbeb5318c75bc551e1a84fdcd394c35a1735b7b990c9d2
synthetic,syn-0010,html/syn-0010.html,syn-0010.html,run-none10,synthetic-shop.local,https://synthetic-shop.local/product/coating-gauge-10-15,llm_full_html,Толщиномер покрытий CT-1200,9979,True,,,2–3 дня,25.0,llm_full_html,D:\Pet_Codes\science\article-price-tracker\synthetic\html\syn-0010.html,14,8f6617a6fd61bf3062bbeb5318c75bc551e1a84fdcd394c35a1735b7b990c9d2
synthetic,syn-0010,html/syn-0010.html,syn-0010.html,run-none10,synthetic-shop.local,https://synthetic-shop.local/product/anemometer-10-16,llm_full_html,Анемометр цифровой AM-30 — серия 2,5343,True,,,2–3 дня,26.0,llm_full_html,D:\Pet_Codes\science\article-price-tracker\synthetic\html\syn-0010.html,15,8f6617a6fd61bf3062bbeb5318c75bc551e1a84fdcd394c35a1735b7b990c9d2
synthetic,syn-0010,html/syn-0010.html,syn-0010.html,run-none10,synthetic-shop.local,https://synthetic-shop.local/product/moisture-meter-10-17,llm_full_html,Влагомер древесины WM-2 — серия 2,3363,True,,,1–5 дня,27.0,llm_full_html,D:\Pet_Codes\science\article-price-tracker\synthetic\html\syn-0010.html,16,8f6617a6fd61bf3062bbeb5318c75bc551e1a84fdcd394c35a1735b7b990c9d2
synthetic,syn-0010,html/syn-0010.html,syn-0010.html,run-none10,synthetic-shop.local,https://synthetic-shop.local/product/laser-rangefinder-10-18,llm_full_html,Дальномер лазерный DM-80 — серия 2,7532,True,,,2–4 дня,28.0,llm_full_html,D:\Pet_Codes\science\article-price-tracker\synthetic\html\syn-0010.html,17,8f6617a6fd61bf3062bbeb5318c75bc551e1a84fdcd394c35a1735b7b990c9d2
synthetic,syn-0010,html/syn-0010.html,syn-0010.html,run-none10,synthetic-shop.local,https://synthetic-shop.local/product/wall-scanner-10-19,llm_full_html,Детектор скрытой проводки WallScan 5 — серия 2,5155,True,,,1–6 дня,29.0,llm_full_html,D:\Pet_Codes\science\article-price-tracker\synthetic\html\syn-0010.html,18,8f6617a6fd61bf3062bbeb5318c75bc551e1a84fdcd394c35a1735b7b990c9d2
synthetic,syn-0010,html/syn-0010.html,syn-0010.html,run-none10,synthetic-shop.local,https://synthetic-shop.local/product/clamp-meter-10-20,llm_full_html,Клещи токовые CM-600 — серия 2,6625,False,,,2–6 дня,30.0,llm_full_html,D:\Pet_Codes\science\article-price-tracker\synthetic\html\syn-0010.html,19,8f6617a6fd61bf3062bbeb5318c75bc551e1a84fdcd394c35a1735b7b990c9d2
synthetic,syn-0010,html/syn-0010.html,syn-0010.html,run-none10,synthetic-shop.local,https://synthetic-shop.local/product/laser-level-10-21,llm_full_html,Лазерный уровень ЛУ-360 Pro — серия 2,13380,False,,,1–3 дня,31.0,llm_full_html,D:\Pet_Codes\science\article-price-tracker\synthetic\html\syn-0010.html,20,8f6617a6fd61bf3062bbeb5318c75bc551e1a84fdcd394c35a1735b7b990c9d2
synthetic,syn-0010,html/syn-0010.html,syn-0010.html,run-none10,synthetic-shop.local,https://synthetic-shop.local/product/luxmeter-10-22,llm_full_html,Люксметр LX-1010 — серия 2,3192,True,,,3–4 дня,32.0,llm_full_html,D:\Pet_Codes\science\article-price-tracker\synthetic\html\syn-0010.html,21,8f6617a6fd61bf3062bbeb5318c75bc551e1a84fdcd394c35a1735b7b990c9d2
synthetic,syn-0011,html/syn-0011.html,syn-0011.html,run-none11,synthetic-shop.local,https://synthetic-shop.local/product/a4-paper-11-01,llm_full_html,Бумага офисная A4 80 г/м² 500 листов,599,True,,,2–5 дня,11.0,llm_full_html,D:\Pet_Codes\science\article-price-tracker\synthetic\html\syn-0011.html,0,1aca6a6f3037bc81a4045bc13c290f5f9cd741c79a93fcd5f9733ff3d4708517
synthetic,syn-0011,html/syn-0011.html,syn-0011.html,run-none11,synthetic-shop.local,https://synthetic-shop.local/product/lever-arch-11-02,llm_full_html,Папка-регистратор 75 мм синяя,379,True,,,3–6 дня,12.0,llm_full_html,D:\Pet_Codes\science\article-price-tracker\synthetic\html\syn-0011.html,1,1aca6a6f3037bc81a4045bc13c290f5f9cd741c79a93fcd5f9733ff3d4708517
synthetic,syn-0011,html/syn-0011.html,syn-0011.html,run-none11,synthetic-shop.local,https://synthetic-shop.local/product/permanent-marker-11-03,llm_full_html,Маркер перманентный чёрный 2 мм,89,True,,,1–3 дня,13.0,llm_full_html,D:\Pet_Codes\science\article-price-tracker\synthetic\html\syn-0011.html,2,1aca6a6f3037bc81a4045bc13c290f5f9cd741c79a93fcd5f9733ff3d4708517
synthetic,syn-0011,html/syn-0011.html,syn-0011.html,run-none11,synthetic-shop.local,https://synthetic-shop.local/product/gel-pen-11-04,llm_full_html,Ручка гелевая синяя 0.5 мм,89,True,,,2–4 дня,14.0,llm_full_html,D:\Pet_Codes\science\article-price-tracker\synthetic\html\syn-0011.html,3,1aca6a6f3037bc81a4045bc13c290f5f9cd741c79a93fcd5f9733ff3d4708517
synthetic,syn-0011,html/syn-0011.html,syn-0011.html,run-none11,synthetic-shop.local,https://synthetic-shop.local/product/staples-11-05,llm_full_html,Скобы для степлера №24/6 1000 шт,139,False,,,3–5 дня,15.0,llm_full_html,D:\Pet_Codes\science\article-price-tracker\synthetic\html\syn-0011.html,4,1aca6a6f3037bc81a4045bc13c290f5f9cd741c79a93fcd5f9733ff3d4708517
synthetic,syn-0011,html/syn-0011.html,syn-0011.html,run-none11,synthetic-shop.local,https://synthetic-shop.local/product/notebook-a5-11-06,llm_full_html,Блокнот A5 96 листов клетка,311,True,,,2–4 дня,16.0,llm_full_html,D:\Pet_Codes\science\article-price-tracker\synthetic\html\syn-0011.html,5,1aca6a6f3037bc81a4045bc13c290f5f9cd741c79a93fcd5f9733ff3d4708517
synthetic,syn-0011,html/syn-0011.html,syn-0011.html,run-none11,synthetic-shop.local,https://synthetic-shop.local/product/glue-stick-11-07,llm_full_html,Клей-карандаш 21 г,181,True,,,1–6 дня,17.0,llm_full_html,D:\Pet_Codes\science\article-price-tracker\synthetic\html\syn-0011.html,6,1aca6a6f3037bc81a4045bc13c290f5f9cd741c79a93fcd5f9733ff3d4708517
synthetic,syn-0011,html/syn-0011.html,syn-0011.html,run-none11,synthetic-shop.local,https://synthetic-shop.local/product/correction-tape-11-08,llm_full_html,Корректирующая лента 5 мм × 8 м,230,True,,,1–6 дня,18.0,llm_full_html,D:\Pet_Codes\science\article-price-tracker\synthetic\html\syn-0011.html,7,1aca6a6f3037bc81a4045bc13c290f5f9cd741c79a93fcd5f9733ff3d4708517
synthetic,syn-0011,html/syn-0011.html,syn-0011.html,run-none11,synthetic-shop.local,https://synthetic-shop.local/product/sheet-protectors-11-09,llm_full_html,Файл-вкладыш A4 100 шт,519,False,,,3–5 дня,19.0,llm_full_html,D:\Pet_Codes\science\article-price-tracker\synthetic\html\syn-0011.html,8,1aca6a6f3037bc81a4045bc13c290f5f9cd741c79a93fcd5f9733ff3d4708517
synthetic,syn-0011,html/syn-0011.html,syn-0011.html,run-none11,synthetic-shop.local,https://synthetic-shop.local/product/labels-11-10,llm_full_html,Этикетки самоклеящиеся 70×37 мм,689,False,,,3–5 дня,20.0,llm_full_html,D:\Pet_Codes\science\article-price-tracker\synthetic\html\syn-0011.html,9,1aca6a6f3037bc81a4045bc13c290f5f9cd741c79a93fcd5f9733ff3d4708517
synthetic,syn-0011,html/syn-0011.html,syn-0011.html,run-none11,synthetic-shop.local,https://synthetic-shop.local/product/notebook-a5-11-11,llm_full_html,Блокнот A5 96 листов клетка — серия 2,317,True,,,2–4 дня,21.0,llm_full_html,D:\Pet_Codes\science\article-price-tracker\synthetic\html\syn-0011.html,10,1aca6a6f3037bc81a4045bc13c290f5f9cd741c79a93fcd5f9733ff3d4708517
synthetic,syn-0011,html/syn-0011.html,syn-0011.html,run-none11,synthetic-shop.local,https://synthetic-shop.local/product/a4-paper-11-12,llm_full_html,Бумага офисная A4 80 г/м² 500 листов — серия 2,653,True,,,2–5 дня,22.0,llm_full_html,D:\Pet_Codes\science\article-price-tracker\synthetic\html\syn-0011.html,11,1aca6a6f3037bc81a4045bc13c290f5f9cd741c79a93fcd5f9733ff3d4708517
synthetic,syn-0011,html/syn-0011.html,syn-0011.html,run-none11,synthetic-shop.local,https://synthetic-shop.local/product/glue-stick-11-13,llm_full_html,Клей-карандаш 21 г — серия 2,189,True,,,1–6 дня,23.0,llm_full_html,D:\Pet_Codes\science\article-price-tracker\synthetic\html\syn-0011.html,12,1aca6a6f3037bc81a4045bc13c290f5f9cd741c79a93fcd5f9733ff3d4708517
synthetic,syn-0011,html/syn-0011.html,syn-0011.html,run-none11,synthetic-shop.local,https://synthetic-shop.local/product/correction-tape-11-14,llm_full_html,Корректирующая лента 5 мм × 8 м — серия 2,213,True,,,1–6 дня,24.0,llm_full_html,D:\Pet_Codes\science\article-price-tracker\synthetic\html\syn-0011.html,13,1aca6a6f3037bc81a4045bc13c290f5f9cd741c79a93fcd5f9733ff3d4708517
synthetic,syn-0011,html/syn-0011.html,syn-0011.html,run-none11,synthetic-shop.local,https://synthetic-shop.local/product/permanent-marker-11-15,llm_full_html,Маркер перманентный чёрный 2 мм — серия 2,93,True,,,1–3 дня,25.0,llm_full_html,D:\Pet_Codes\science\article-price-tracker\synthetic\html\syn-0011.html,14,1aca6a6f3037bc81a4045bc13c290f5f9cd741c79a93fcd5f9733ff3d4708517
synthetic,syn-0011,html/syn-0011.html,syn-0011.html,run-none11,synthetic-shop.local,https://synthetic-shop.local/product/lever-arch-11-16,llm_full_html,Папка-регистратор 75 мм синяя — серия 2,409,True,,,3–6 дня,26.0,llm_full_html,D:\Pet_Codes\science\article-price-tracker\synthetic\html\syn-0011.html,15,1aca6a6f3037bc81a4045bc13c290f5f9cd741c79a93fcd5f9733ff3d4708517
synthetic,syn-0011,html/syn-0011.html,syn-0011.html,run-none11,synthetic-shop.local,https://synthetic-shop.local/product/gel-pen-11-17,llm_full_html,Ручка гелевая синяя 0.5 мм — серия 2,99,True,,,2–4 дня,27.0,llm_full_html,D:\Pet_Codes\science\article-price-tracker\synthetic\html\syn-0011.html,16,1aca6a6f3037bc81a4045bc13c290f5f9cd741c79a93fcd5f9733ff3d4708517
synthetic,syn-0011,html/syn-0011.html,syn-0011.html,run-none11,synthetic-shop.local,https://synthetic-shop.local/product/staples-11-18,llm_full_html,Скобы для степлера №24/6 1000 шт — серия 2,140,False,,,3–5 дня,28.0,llm_full_html,D:\Pet_Codes\science\article-price-tracker\synthetic\html\syn-0011.html,17,1aca6a6f3037bc81a4045bc13c290f5f9cd741c79a93fcd5f9733ff3d4708517
synthetic,syn-0011,html/syn-0011.html,syn-0011.html,run-none11,synthetic-shop.local,https://synthetic-shop.local/product/sheet-protectors-11-19,llm_full_html,Файл-вкладыш A4 100 шт — серия 2,540,False,,,3–5 дня,29.0,llm_full_html,D:\Pet_Codes\science\article-price-tracker\synthetic\html\syn-0011.html,18,1aca6a6f3037bc81a4045bc13c290f5f9cd741c79a93fcd5f9733ff3d4708517
synthetic,syn-0011,html/syn-0011.html,syn-0011.html,run-none11,synthetic-shop.local,https://synthetic-shop.local/product/labels-11-20,llm_full_html,Этикетки самоклеящиеся 70×37 мм — серия 2,716,False,,,3–5 дня,30.0,llm_full_html,D:\Pet_Codes\science\article-price-tracker\synthetic\html\syn-0011.html,19,1aca6a6f3037bc81a4045bc13c290f5f9cd741c79a93fcd5f9733ff3d4708517
synthetic,syn-0011,html/syn-0011.html,syn-0011.html,run-none11,synthetic-shop.local,https://synthetic-shop.local/product/notebook-a5-11-21,llm_full_html,Блокнот A5 96 листов клетка — серия 3,329,True,,,2–4 дня,31.0,llm_full_html,D:\Pet_Codes\science\article-price-tracker\synthetic\html\syn-0011.html,20,1aca6a6f3037bc81a4045bc13c290f5f9cd741c79a93fcd5f9733ff3d4708517
synthetic,syn-0011,html/syn-0011.html,syn-0011.html,run-none11,synthetic-shop.local,https://synthetic-shop.local/product/a4-paper-11-22,llm_full_html,Бумага офисная A4 80 г/м² 500 листов — серия 3,599,True,,,2–5 дня,32.0,llm_full_html,D:\Pet_Codes\science\article-price-tracker\synthetic\html\syn-0011.html,21,1aca6a6f3037bc81a4045bc13c290f5f9cd741c79a93fcd5f9733ff3d4708517
synthetic,syn-0011,html/syn-0011.html,syn-0011.html,run-none11,synthetic-shop.local,https://synthetic-shop.local/product/glue-stick-11-23,llm_full_html,Клей-карандаш 21 г — серия 3,174,True,,,1–6 дня,33.0,llm_full_html,D:\Pet_Codes\science\article-price-tracker\synthetic\html\syn-0011.html,22,1aca6a6f3037bc81a4045bc13c290f5f9cd741c79a93fcd5f9733ff3d4708517
synthetic,syn-0011,html/syn-0011.html,syn-0011.html,run-none11,synthetic-shop.local,https://synthetic-shop.local/product/correction-tape-11-24,llm_full_html,Корректирующая лента 5 мм × 8 м — серия 3,222,True,,,1–6 дня,34.0,llm_full_html,D:\Pet_Codes\science\article-price-tracker\synthetic\html\syn-0011.html,23,1aca6a6f3037bc81a4045bc13c290f5f9cd741c79a93fcd5f9733ff3d4708517
synthetic,syn-0011,html/syn-0011.html,syn-0011.html,run-none11,synthetic-shop.local,https://synthetic-shop.local/product/permanent-marker-11-25,llm_full_html,Маркер перманентный чёрный 2 мм — серия 3,97,True,,,1–3 дня,35.0,llm_full_html,D:\Pet_Codes\science\article-price-tracker\synthetic\html\syn-0011.html,24,1aca6a6f3037bc81a4045bc13c290f5f9cd741c79a93fcd5f9733ff3d4708517
synthetic,syn-0011,html/syn-0011.html,syn-0011.html,run-none11,synthetic-shop.local,https://synthetic-shop.local/product/lever-arch-11-26,llm_full_html,Папка-регистратор 75 мм синяя — серия 3,424,True,,,3–6 дня,36.0,llm_full_html,D:\Pet_Codes\science\article-price-tracker\synthetic\html\syn-0011.html,25,1aca6a6f3037bc81a4045bc13c290f5f9cd741c79a93fcd5f9733ff3d4708517
synthetic,syn-0011,html/syn-0011.html,syn-0011.html,run-none11,synthetic-shop.local,https://synthetic-shop.local/product/gel-pen-11-27,llm_full_html,Ручка гелевая синяя 0.5 мм — серия 3,91,True,,,2–4 дня,37.0,llm_full_html,D:\Pet_Codes\science\article-price-tracker\synthetic\html\syn-0011.html,26,1aca6a6f3037bc81a4045bc13c290f5f9cd741c79a93fcd5f9733ff3d4708517
synthetic,syn-0011,html/syn-0011.html,syn-0011.html,run-none11,synthetic-shop.local,https://synthetic-shop.local/product/staples-11-28,llm_full_html,Скобы для степлера №24/6 1000 шт — серия 3,146,False,,,3–5 дня,38.0,llm_full_html,D:\Pet_Codes\science\article-price-tracker\synthetic\html\syn-0011.html,27,1aca6a6f3037bc81a4045bc13c290f5f9cd741c79a93fcd5f9733ff3d4708517
synthetic,syn-0011,html/syn-0011.html,syn-0011.html,run-none11,synthetic-shop.local,https://synthetic-shop.local/product/sheet-protectors-11-29,llm_full_html,Файл-вкладыш A4 100 шт — серия 3,561,False,,,3–5 дня,39.0,llm_full_html,D:\Pet_Codes\science\article-price-tracker\synthetic\html\syn-0011.html,28,1aca6a6f3037bc81a4045bc13c290f5f9cd741c79a93fcd5f9733ff3d4708517
synthetic,syn-0011,html/syn-0011.html,syn-0011.html,run-none11,synthetic-shop.local,https://synthetic-shop.local/product/labels-11-30,llm_full_html,Этикетки самоклеящиеся 70×37 мм — серия 3,743,False,,,3–5 дня,40.0,llm_full_html,D:\Pet_Codes\science\article-price-tracker\synthetic\html\syn-0011.html,29,1aca6a6f3037bc81a4045bc13c290f5f9cd741c79a93fcd5f9733ff3d4708517
synthetic,syn-0012,html/syn-0012.html,syn-0012.html,run-none12,synthetic-shop.local,https://synthetic-shop.local/product/gel-pen-12-01,llm_full_html,Ручка гелевая синяя 0.5 мм,109,True,,,3–6 дня,,llm_full_html,D:\Pet_Codes\science\article-price-tracker\synthetic\html\syn-0012.html,0,1caa6aa9fb8e865ea0809956c81fda9a7d27caa18bd142bedc10847e861508f3
synthetic,syn-0012,html/syn-0012.html,syn-0012.html,run-none12,synthetic-shop.local,https://synthetic-shop.local/product/staples-12-02,llm_full_html,Скобы для степлера №24/6 1000 шт,119,True,,,1–3 дня,,llm_full_html,D:\Pet_Codes\science\article-price-tracker\synthetic\html\syn-0012.html,1,1caa6aa9fb8e865ea0809956c81fda9a7d27caa18bd142bedc10847e861508f3
synthetic,syn-0012,html/syn-0012.html,syn-0012.html,run-none12,synthetic-shop.local,https://synthetic-shop.local/product/notebook-a5-12-03,llm_full_html,Блокнот A5 96 листов клетка,299,True,,,2–4 дня,,llm_full_html,D:\Pet_Codes\science\article-price-tracker\synthetic\html\syn-0012.html,2,1caa6aa9fb8e865ea0809956c81fda9a7d27caa18bd142bedc10847e861508f3
synthetic,syn-0012,html/syn-0012.html,syn-0012.html,run-none12,synthetic-shop.local,https://synthetic-shop.local/product/labels-12-04,llm_full_html,Этикетки самоклеящиеся 70×37 мм,669,False,,,3–5 дня,,llm_full_html,D:\Pet_Codes\science\article-price-tracker\synthetic\html\syn-0012.html,3,1caa6aa9fb8e865ea0809956c81fda9a7d27caa18bd142bedc10847e861508f3
synthetic,syn-0012,html/syn-0012.html,syn-0012.html,run-none12,synthetic-shop.local,https://synthetic-shop.local/product/glue-stick-12-05,llm_full_html,Клей-карандаш 21 г,169,True,,,1–6 дня,,llm_full_html,D:\Pet_Codes\science\article-price-tracker\synthetic\html\syn-0012.html,4,1caa6aa9fb8e865ea0809956c81fda9a7d27caa18bd142bedc10847e861508f3
synthetic,syn-0012,html/syn-0012.html,syn-0012.html,run-none12,synthetic-shop.local,https://synthetic-shop.local/product/a4-paper-12-06,llm_full_html,Бумага офисная A4 80 г/м² 500 листов,665,True,,,2–5 дня,,llm_full_html,D:\Pet_Codes\science\article-price-tracker\synthetic\html\syn-0012.html,5,1caa6aa9fb8e865ea0809956c81fda9a7d27caa18bd142bedc10847e861508f3
synthetic,syn-0012,html/syn-0012.html,syn-0012.html,run-none12,synthetic-shop.local,https://synthetic-shop.local/product/correction-tape-12-07,llm_full_html,Корректирующая лента 5 мм × 8 м,211,True,,,1–6 дня,,llm_full_html,D:\Pet_Codes\science\article-price-tracker\synthetic\html\syn-0012.html,6,1caa6aa9fb8e865ea0809956c81fda9a7d27caa18bd142bedc10847e861508f3
synthetic,syn-0012,html/syn-0012.html,syn-0012.html,run-none12,synthetic-shop.local,https://synthetic-shop.local/product/permanent-marker-12-08,llm_full_html,Маркер перманентный чёрный 2 мм,93,True,,,1–3 дня,,llm_full_html,D:\Pet_Codes\science\article-price-tracker\synthetic\html\syn-0012.html,7,1caa6aa9fb8e865ea0809956c81fda9a7d27caa18bd142bedc10847e861508f3
synthetic,syn-0012,html/syn-0012.html,syn-0012.html,run-none12,synthetic-shop.local,https://synthetic-shop.local/product/lever-arch-12-09,llm_full_html,Папка-регистратор 75 мм синяя,406,True,,,3–6 дня,,llm_full_html,D:\Pet_Codes\science\article-price-tracker\synthetic\html\syn-0012.html,8,1caa6aa9fb8e865ea0809956c81fda9a7d27caa18bd142bedc10847e861508f3
synthetic,syn-0012,html/syn-0012.html,syn-0012.html,run-none12,synthetic-shop.local,https://synthetic-shop.local/product/sheet-protectors-12-10,llm_full_html,Файл-вкладыш A4 100 шт,571,False,,,3–5 дня,,llm_full_html,D:\Pet_Codes\science\article-price-tracker\synthetic\html\syn-0012.html,9,1caa6aa9fb8e865ea0809956c81fda9a7d27caa18bd142bedc10847e861508f3
synthetic,syn-0012,html/syn-0012.html,syn-0012.html,run-none12,synthetic-shop.local,https://synthetic-shop.local/product/notebook-a5-12-11,llm_full_html,Блокнот A5 96 листов клетка — серия 2,299,True,,,2–4 дня,,llm_full_html,D:\Pet_Codes\science\article-price-tracker\synthetic\html\syn-0012.html,10,1caa6aa9fb8e865ea0809956c81fda9a7d27caa18bd142bedc10847e861508f3
synthetic,syn-0012,html/syn-0012.html,syn-0012.html,run-none12,synthetic-shop.local,https://synthetic-shop.local/product/a4-paper-12-12,llm_full_html,Бумага офисная A4 80 г/м² 500 листов — серия 2,617,True,,,2–5 дня,,llm_full_html,D:\Pet_Codes\science\article-price-tracker\synthetic\html\syn-0012.html,11,1caa6aa9fb8e865ea0809956c81fda9a7d27caa18bd142bedc10847e861508f3
synthetic,syn-0013,html/syn-0013.html,syn-0013.html,run-none13,synthetic-shop.local,https://synthetic-shop.local/product/labels-13-01,llm_full_html,Этикетки самоклеящиеся 70×37 мм,649,True,,,1–3 дня,,llm_full_html,D:\Pet_Codes\science\article-price-tracker\synthetic\html\syn-0013.html,0,d1bc79e32b49f57ebe4d975f0eaf5ce1d1dd8edf757797fef879ec465b72b08d
synthetic,syn-0013,html/syn-0013.html,syn-0013.html,run-none13,synthetic-shop.local,https://synthetic-shop.local/product/glue-stick-13-02,llm_full_html,Клей-карандаш 21 г,149,True,,,2–4 дня,,llm_full_html,D:\Pet_Codes\science\article-price-tracker\synthetic\html\syn-0013.html,1,d1bc79e32b49f57ebe4d975f0eaf5ce1d1dd8edf757797fef879ec465b72b08d
synthetic,syn-0013,html/syn-0013.html,syn-0013.html,run-none13,synthetic-shop.local,https://synthetic-shop.local/product/sheet-protectors-13-03,llm_full_html,Файл-вкладыш A4 100 шт,519,False,,,3–5 дня,,llm_full_html,D:\Pet_Codes\science\article-price-tracker\synthetic\html\syn-0013.html,2,d1bc79e32b49f57ebe4d975f0eaf5ce1d1dd8edf757797fef879ec465b72b08d
synthetic,syn-0013,html/syn-0013.html,syn-0013.html,run-none13,synthetic-shop.local,https://synthetic-shop.local/product/correction-tape-13-04,llm_full_html,Корректирующая лента 5 мм × 8 м,209,True,,,1–6 дня,,llm_full_html,D:\Pet_Codes\science\article-price-tracker\synthetic\html\syn-0013.html,3,d1bc79e32b49f57ebe4d975f0eaf5ce1d1dd8edf757797fef879ec465b72b08d
synthetic,syn-0013,html/syn-0013.html,syn-0013.html,run-none13,synthetic-shop.local,https://synthetic-shop.local/product/a4-paper-13-05,llm_full_html,Бумага офисная A4 80 г/м² 500 листов,579,True,,,2–3 дня,,llm_full_html,D:\Pet_Codes\science\article-price-tracker\synthetic\html\syn-0013.html,4,d1bc79e32b49f57ebe4d975f0eaf5ce1d1dd8edf757797fef879ec465b72b08d
synthetic,syn-0013,html/syn-0013.html,syn-0013.html,run-none13,synthetic-shop.local,https://synthetic-shop.local/product/notebook-a5-13-06,llm_full_html,Блокнот A5 96 листов клетка,314,True,,,2–4 дня,,llm_full_html,D:\Pet_Codes\science\article-price-tracker\synthetic\html\syn-0013.html,5,d1bc79e32b49f57ebe4d975f0eaf5ce1d1dd8edf757797fef879ec465b72b08d
synthetic,syn-0013,html/syn-0013.html,syn-0013.html,run-none13,synthetic-shop.local,https://synthetic-shop.local/product/permanent-marker-13-07,llm_full_html,Маркер перманентный чёрный 2 мм,96,True,,,1–3 дня,,llm_full_html,D:\Pet_Codes\science\article-price-tracker\synthetic\html\syn-0013.html,6,d1bc79e32b49f57ebe4d975f0eaf5ce1d1dd8edf757797fef879ec465b72b08d
synthetic,syn-0013,html/syn-0013.html,syn-0013.html,run-none13,synthetic-shop.local,https://synthetic-shop.local/product/lever-arch-13-08,llm_full_html,Папка-регистратор 75 мм синяя,421,True,,,3–6 дня,,llm_full_html,D:\Pet_Codes\science\article-price-tracker\synthetic\html\syn-0013.html,7,d1bc79e32b49f57ebe4d975f0eaf5ce1d1dd8edf757797fef879ec465b72b08d
synthetic,syn-0013,html/syn-0013.html,syn-0013.html,run-none13,synthetic-shop.local,https://synthetic-shop.local/product/gel-pen-13-09,llm_full_html,Ручка гелевая синяя 0.5 мм,90,True,,,2–4 дня,,llm_full_html,D:\Pet_Codes\science\article-price-tracker\synthetic\html\syn-0013.html,8,d1bc79e32b49f57ebe4d975f0eaf5ce1d1dd8edf757797fef879ec465b72b08d
synthetic,syn-0013,html/syn-0013.html,syn-0013.html,run-none13,synthetic-shop.local,https://synthetic-shop.local/product/staples-13-10,llm_full_html,Скобы для степлера №24/6 1000 шт,145,False,,,3–5 дня,,llm_full_html,D:\Pet_Codes\science\article-price-tracker\synthetic\html\syn-0013.html,9,d1bc79e32b49f57ebe4d975f0eaf5ce1d1dd8edf757797fef879ec465b72b08d
synthetic,syn-0013,html/syn-0013.html,syn-0013.html,run-none13,synthetic-shop.local,https://synthetic-shop.local/product/notebook-a5-13-11,llm_full_html,Блокнот A5 96 листов клетка — серия 2,320,True,,,2–4 дня,,llm_full_html,D:\Pet_Codes\science\article-price-tracker\synthetic\html\syn-0013.html,10,d1bc79e32b49f57ebe4d975f0eaf5ce1d1dd8edf757797fef879ec465b72b08d
synthetic,syn-0013,html/syn-0013.html,syn-0013.html,run-none13,synthetic-shop.local,https://synthetic-shop.local/product/a4-paper-13-12,llm_full_html,Бумага офисная A4 80 г/м² 500 листов — серия 2,659,True,,,2–5 дня,,llm_full_html,D:\Pet_Codes\science\article-price-tracker\synthetic\html\syn-0013.html,11,d1bc79e32b49f57ebe4d975f0eaf5ce1d1dd8edf757797fef879ec465b72b08d
synthetic,syn-0013,html/syn-0013.html,syn-0013.html,run-none13,synthetic-shop.local,https://synthetic-shop.local/product/glue-stick-13-13,llm_full_html,Клей-карандаш 21 г — серия 2,169,True,,,1–6 дня,,llm_full_html,D:\Pet_Codes\science\article-price-tracker\synthetic\html\syn-0013.html,12,d1bc79e32b49f57ebe4d975f0eaf5ce1d1dd8edf757797fef879ec465b72b08d
synthetic,syn-0013,html/syn-0013.html,syn-0013.html,run-none13,synthetic-shop.local,https://synthetic-shop.local/product/correction-tape-13-14,llm_full_html,Корректирующая лента 5 мм × 8 м — серия 2,215,True,,,1–6 дня,,llm_full_html,D:\Pet_Codes\science\article-price-tracker\synthetic\html\syn-0013.html,13,d1bc79e32b49f57ebe4d975f0eaf5ce1d1dd8edf757797fef879ec465b72b08d
synthetic,syn-0013,html/syn-0013.html,syn-0013.html,run-none13,synthetic-shop.local,https://synthetic-shop.local/product/permanent-marker-13-15,llm_full_html,Маркер перманентный чёрный 2 мм — серия 2,94,True,,,1–3 дня,,llm_full_html,D:\Pet_Codes\science\article-price-tracker\synthetic\html\syn-0013.html,14,d1bc79e32b49f57ebe4d975f0eaf5ce1d1dd8edf757797fef879ec465b72b08d
synthetic,syn-0013,html/syn-0013.html,syn-0013.html,run-none13,synthetic-shop.local,https://synthetic-shop.local/product/lever-arch-13-16,llm_full_html,Папка-регистратор 75 мм синяя — серия 2,413,True,,,3–6 дня,,llm_full_html,D:\Pet_Codes\science\article-price-tracker\synthetic\html\syn-0013.html,15,d1bc79e32b49f57ebe4d975f0eaf5ce1d1dd8edf757797fef879ec465b72b08d
synthetic,syn-0013,html/syn-0013.html,syn-0013.html,run-none13,synthetic-shop.local,https://synthetic-shop.local/product/gel-pen-13-17,llm_full_html,Ручка гелевая синяя 0.5 мм — серия 2,100,True,,,2–4 дня,,llm_full_html,D:\Pet_Codes\science\article-price-tracker\synthetic\html\syn-0013.html,16,d1bc79e32b49f57ebe4d975f0eaf5ce1d1dd8edf757797fef879ec465b72b08d
synthetic,syn-0013,html/syn-0013.html,syn-0013.html,run-none13,synthetic-shop.local,https://synthetic-shop.local/product/staples-13-18,llm_full_html,Скобы для степлера №24/6 1000 шт — серия 2,142,False,,,3–5 дня,,llm_full_html,D:\Pet_Codes\science\article-price-tracker\synthetic\html\syn-0013.html,17,d1bc79e32b49f57ebe4d975f0eaf5ce1d1dd8edf757797fef879ec465b72b08d
synthetic,syn-0013,html/syn-0013.html,syn-0013.html,run-none13,synthetic-shop.local,https://synthetic-shop.local/product/sheet-protectors-13-19,llm_full_html,Файл-вкладыш A4 100 шт — серия 2,545,False,,,3–5 дня,,llm_full_html,D:\Pet_Codes\science\article-price-tracker\synthetic\html\syn-0013.html,18,d1bc79e32b49f57ebe4d975f0eaf5ce1d1dd8edf757797fef879ec465b72b08d
synthetic,syn-0013,html/syn-0013.html,syn-0013.html,run-none13,synthetic-shop.local,https://synthetic-shop.local/product/labels-13-20,llm_full_html,Этикетки самоклеящиеся 70×37 мм — серия 2,723,False,,,3–5 дня,,llm_full_html,D:\Pet_Codes\science\article-price-tracker\synthetic\html\syn-0013.html,19,d1bc79e32b49f57ebe4d975f0eaf5ce1d1dd8edf757797fef879ec465b72b08d
synthetic,syn-0013,html/syn-0013.html,syn-0013.html,run-none13,synthetic-shop.local,https://synthetic-shop.local/product/notebook-a5-13-21,llm_full_html,Блокнот A5 96 листов клетка — серия 3,332,True,,,2–4 дня,,llm_full_html,D:\Pet_Codes\science\article-price-tracker\synthetic\html\syn-0013.html,20,d1bc79e32b49f57ebe4d975f0eaf5ce1d1dd8edf757797fef879ec465b72b08d
synthetic,syn-0013,html/syn-0013.html,syn-0013.html,run-none13,synthetic-shop.local,https://synthetic-shop.local/product/a4-paper-13-22,llm_full_html,Бумага офисная A4 80 г/м² 500 листов — серия 3,605,True,,,2–5 дня,,llm_full_html,D:\Pet_Codes\science\article-price-tracker\synthetic\html\syn-0013.html,21,d1bc79e32b49f57ebe4d975f0eaf5ce1d1dd8edf757797fef879ec465b72b08d
synthetic,syn-0013,html/syn-0013.html,syn-0013.html,run-none13,synthetic-shop.local,https://synthetic-shop.local/product/glue-stick-13-23,llm_full_html,Клей-карандаш 21 г — серия 3,176,True,,,1–6 дня,,llm_full_html,D:\Pet_Codes\science\article-price-tracker\synthetic\html\syn-0013.html,22,d1bc79e32b49f57ebe4d975f0eaf5ce1d1dd8edf757797fef879ec465b72b08d
synthetic,syn-0013,html/syn-0013.html,syn-0013.html,run-none13,synthetic-shop.local,https://synthetic-shop.local/product/correction-tape-13-24,llm_full_html,Корректирующая лента 5 мм × 8 м — серия 3,224,True,,,1–6 дня,,llm_full_html,D:\Pet_Codes\science\article-price-tracker\synthetic\html\syn-0013.html,23,d1bc79e32b49f57ebe4d975f0eaf5ce1d1dd8edf757797fef879ec465b72b08d
synthetic,syn-0013,html/syn-0013.html,syn-0013.html,run-none13,synthetic-shop.local,https://synthetic-shop.local/product/permanent-marker-13-25,llm_full_html,Маркер перманентный чёрный 2 мм — серия 3,98,True,,,1–3 дня,,llm_full_html,D:\Pet_Codes\science\article-price-tracker\synthetic\html\syn-0013.html,24,d1bc79e32b49f57ebe4d975f0eaf5ce1d1dd8edf757797fef879ec465b72b08d
synthetic,syn-0013,html/syn-0013.html,syn-0013.html,run-none13,synthetic-shop.local,https://synthetic-shop.local/product/lever-arch-13-26,llm_full_html,Папка-регистратор 75 мм синяя — серия 3,379,True,,,3–6 дня,,llm_full_html,D:\Pet_Codes\science\article-price-tracker\synthetic\html\syn-0013.html,25,d1bc79e32b49f57ebe4d975f0eaf5ce1d1dd8edf757797fef879ec465b72b08d
synthetic,syn-0014,html/syn-0014.html,syn-0014.html,run-none14,synthetic-shop.local,https://synthetic-shop.local/product/correction-tape-14-01,llm_full_html,Корректирующая лента 5 мм × 8 м,189,True,,,2–4 дня,,llm_full_html,D:\Pet_Codes\science\article-price-tracker\synthetic\html\syn-0014.html,0,6d036775baf0f18784d3c109f84099f5a4e230727cd3fc86ed46c8d3808ade3f
synthetic,syn-0014,html/syn-0014.html,syn-0014.html,run-none14,synthetic-shop.local,https://synthetic-shop.local/product/a4-paper-14-02,llm_full_html,Бумага офисная A4 80 г/м² 500 листов,599,False,,,3–5 дня,,llm_full_html,D:\Pet_Codes\science\article-price-tracker\synthetic\html\syn-0014.html,1,6d036775baf0f18784d3c109f84099f5a4e230727cd3fc86ed46c8d3808ade3f
synthetic,syn-0014,html/syn-0014.html,syn-0014.html,run-none14,synthetic-shop.local,https://synthetic-shop.local/product/lever-arch-14-03,llm_full_html,Папка-регистратор 75 мм синяя,379,True,,,1–6 дня,,llm_full_html,D:\Pet_Codes\science\article-price-tracker\synthetic\html\syn-0014.html,2,6d036775baf0f18784d3c109f84099f5a4e230727cd3fc86ed46c8d3808ade3f
synthetic,syn-0014,html/syn-0014.html,syn-0014.html,run-none14,synthetic-shop.local,https://synthetic-shop.local/product/permanent-marker-14-04,llm_full_html,Маркер перманентный чёрный 2 мм,89,True,,,2–3 дня,,llm_full_html,D:\Pet_Codes\science\article-price-tracker\synthetic\html\syn-0014.html,3,6d036775baf0f18784d3c109f84099f5a4e230727cd3fc86ed46c8d3808ade3f
synthetic,syn-0014,html/syn-0014.html,syn-0014.html,run-none14,synthetic-shop.local,https://synthetic-shop.local/product/gel-pen-14-05,llm_full_html,Ручка гелевая синяя 0.5 мм,89,True,,,3–4 дня,,llm_full_html,D:\Pet_Codes\science\article-price-tracker\synthetic\html\syn-0014.html,4,6d036775baf0f18784d3c109f84099f5a4e230727cd3fc86ed46c8d3808ade3f
synthetic,syn-0014,html/syn-0014.html,syn-0014.html,run-none14,synthetic-shop.local,https://synthetic-shop.local/product/notebook-a5-14-06,llm_full_html,Блокнот A5 96 листов клетка,335,True,,,2–4 дня,,llm_full_html,D:\Pet_Codes\science\article-price-tracker\synthetic\html\syn-0014.html,5,6d036775baf0f18784d3c109f84099f5a4e230727cd3fc86ed46c8d3808ade3f
synthetic,syn-0014,html/syn-0014.html,syn-0014.html,run-none14,synthetic-shop.local,https://synthetic-shop.local/product/glue-stick-14-07,llm_full_html,Клей-карандаш 21 г,172,True,,,1–6 дня,,llm_full_html,D:\Pet_Codes\science\article-price-tracker\synthetic\html\syn-0014.html,6,6d036775baf0f18784d3c109f84099f5a4e230727cd3fc86ed46c8d3808ade3f
synthetic,syn-0014,html/syn-0014.html,syn-0014.html,run-none14,synthetic-shop.local,https://synthetic-shop.local/product/staples-14-08,llm_full_html,Скобы для степлера №24/6 1000 шт,146,False,,,3–5 дня,,llm_full_html,D:\Pet_Codes\science\article-price-tracker\synthetic\html\syn-0014.html,7,6d036775baf0f18784d3c109f84099f5a4e230727cd3fc86ed46c8d3808ade3f
synthetic,syn-0014,html/syn-0014.html,syn-0014.html,run-none14,synthetic-shop.local,https://synthetic-shop.local/product/sheet-protectors-14-09,llm_full_html,Файл-вкладыш A4 100 шт,561,False,,,3–5 дня,,llm_full_html,D:\Pet_Codes\science\article-price-tracker\synthetic\html\syn-0014.html,8,6d036775baf0f18784d3c109f84099f5a4e230727cd3fc86ed46c8d3808ade3f
synthetic,syn-0014,html/syn-0014.html,syn-0014.html,run-none14,synthetic-shop.local,https://synthetic-shop.local/product/labels-14-10,llm_full_html,Этикетки самоклеящиеся 70×37 мм,743,False,,,3–5 дня,,llm_full_html,D:\Pet_Codes\science\article-price-tracker\synthetic\html\syn-0014.html,9,6d036775baf0f18784d3c109f84099f5a4e230727cd3fc86ed46c8d3808ade3f
synthetic,syn-0014,html/syn-0014.html,syn-0014.html,run-none14,synthetic-shop.local,https://synthetic-shop.local/product/notebook-a5-14-11,llm_full_html,Блокнот A5 96 листов клетка — серия 2,302,True,,,2–4 дня,,llm_full_html,D:\Pet_Codes\science\article-price-tracker\synthetic\html\syn-0014.html,10,6d036775baf0f18784d3c109f84099f5a4e230727cd3fc86ed46c8d3808ade3f
synthetic,syn-0014,html/syn-0014.html,syn-0014.html,run-none14,synthetic-shop.local,https://synthetic-shop.local/product/a4-paper-14-12,llm_full_html,Бумага офисная A4 80 г/м² 500 листов — серия 2,623,True,,,2–5 дня,,llm_full_html,D:\Pet_Codes\science\article-price-tracker\synthetic\html\syn-0014.html,11,6d036775baf0f18784d3c109f84099f5a4e230727cd3fc86ed46c8d3808ade3f
synthetic,syn-0014,html/syn-0014.html,syn-0014.html,run-none14,synthetic-shop.local,https://synthetic-shop.local/product/glue-stick-14-13,llm_full_html,Клей-карандаш 21 г — серия 2,181,True,,,1–6 дня,,llm_full_html,D:\Pet_Codes\science\article-price-tracker\synthetic\html\syn-0014.html,12,6d036775baf0f18784d3c109f84099f5a4e230727cd3fc86ed46c8d3808ade3f
synthetic,syn-0014,html/syn-0014.html,syn-0014.html,run-none14,synthetic-shop.local,https://synthetic-shop.local/product/correction-tape-14-14,llm_full_html,Корректирующая лента 5 мм × 8 м — серия 2,230,True,,,1–6 дня,,llm_full_html,D:\Pet_Codes\science\article-price-tracker\synthetic\html\syn-0014.html,13,6d036775baf0f18784d3c109f84099f5a4e230727cd3fc86ed46c8d3808ade3f
synthetic,syn-0014,html/syn-0014.html,syn-0014.html,run-none14,synthetic-shop.local,https://synthetic-shop.local/product/permanent-marker-14-15,llm_full_html,Маркер перманентный чёрный 2 мм — серия 2,89,True,,,1–3 дня,,llm_full_html,D:\Pet_Codes\science\article-price-tracker\synthetic\html\syn-0014.html,14,6d036775baf0f18784d3c109f84099f5a4e230727cd3fc86ed46c8d3808ade3f
synthetic,syn-0014,html/syn-0014.html,syn-0014.html,run-none14,synthetic-shop.local,https://synthetic-shop.local/product/lever-arch-14-16,llm_full_html,Папка-регистратор 75 мм синяя — серия 2,390,True,,,3–6 дня,,llm_full_html,D:\Pet_Codes\science\article-price-tracker\synthetic\html\syn-0014.html,15,6d036775baf0f18784d3c109f84099f5a4e230727cd3fc86ed46c8d3808ade3f
synthetic,syn-0015,html/syn-0015.html,syn-0015.html,run-none15,synthetic-shop.local,https://synthetic-shop.local/product/monitor-27-15-01,llm_full_html,Монитор 27″ IPS QHD 165 Гц,29396,False,,,3–5 дня,,llm_full_html,D:\Pet_Codes\science\article-price-tracker\synthetic\html\syn-0015.html,0,9cb8d72898d4360e4ab828815da58ef43417fcc0a51d8219a652dd8aac605c25
synthetic,syn-0015,html/syn-0015.html,syn-0015.html,run-none15,synthetic-shop.local,https://synthetic-shop.local/product/ups-1000-15-02,llm_full_html,Источник бесперебойного питания 1000 ВА,12242,True,,,1–6 дня,,llm_full_html,D:\Pet_Codes\science\article-price-tracker\synthetic\html\syn-0015.html,1,9cb8d72898d4360e4ab828815da58ef43417fcc0a51d8219a652dd8aac605c25
synthetic,syn-0015,html/syn-0015.html,syn-0015.html,run-none15,synthetic-shop.local,https://synthetic-shop.local/product/mechanical-keyboard-15-03,llm_full_html,Клавиатура механическая USB,6490,True,,,2–3 дня,,llm_full_html,D:\Pet_Codes\science\article-price-tracker\synthetic\html\syn-0015.html,2,9cb8d72898d4360e4ab828815da58ef43417fcc0a51d8219a652dd8aac605c25
synthetic,syn-0015,html/syn-0015.html,syn-0015.html,run-none15,synthetic-shop.local,https://synthetic-shop.local/product/portable-ssd-15-04,llm_full_html,Внешний SSD 2 ТБ USB-C,17109,True,,,3–4 дня,,llm_full_html,D:\Pet_Codes\science\article-price-tracker\synthetic\html\syn-0015.html,3,9cb8d72898d4360e4ab828815da58ef43417fcc0a51d8219a652dd8aac605c25
synthetic,syn-0015,html/syn-0015.html,syn-0015.html,run-none15,synthetic-shop.local,https://synthetic-shop.local/product/webcam-15-05,llm_full_html,Веб-камера Full HD 1080p,4046,True,,,1–5 дня,,llm_full_html,D:\Pet_Codes\science\article-price-tracker\synthetic\html\syn-0015.html,4,9cb8d72898d4360e4ab828815da58ef43417fcc0a51d8219a652dd8aac605c25
synthetic,syn-0015,html/syn-0015.html,syn-0015.html,run-none15,synthetic-shop.local,https://synthetic-shop.local/product/ssd-1tb-15-06,llm_full_html,SSD накопитель 1 ТБ NVMe PCIe 4.0,9124,True,,,1–5 дня,,llm_full_html,D:\Pet_Codes\science\article-price-tracker\synthetic\html\syn-0015.html,5,9cb8d72898d4360e4ab828815da58ef43417fcc0a51d8219a652dd8aac605c25
synthetic,syn-0015,html/syn-0015.html,syn-0015.html,run-none15,synthetic-shop.local,https://synthetic-shop.local/product/switch-8p-15-07,llm_full_html,Коммутатор 8-портовый Gigabit,5038,True,,,3–4 дня,,llm_full_html,D:\Pet_Codes\science\article-price-tracker\synthetic\html\syn-0015.html,6,9cb8d72898d4360e4ab828815da58ef43417fcc0a51d8219a652dd8aac605c25
synthetic,syn-0015,html/syn-0015.html,syn-0015.html,run-none15,synthetic-shop.local,https://synthetic-shop.local/product/wifi-router-15-08,llm_full_html,Маршрутизатор Wi‑Fi 6 AX3000,7993,True,,,2–6 дня,,llm_full_html,D:\Pet_Codes\science\article-price-tracker\synthetic\html\syn-0015.html,7,9cb8d72898d4360e4ab828815da58ef43417fcc0a51d8219a652dd8aac605c25
synthetic,syn-0015,html/syn-0015.html,syn-0015.html,run-none15,synthetic-shop.local,https://synthetic-shop.local/product/mini-pc-15-09,llm_full_html,Мини-ПК 16 ГБ / 512 ГБ,37224,True,,,1–5 дня,,llm_full_html,D:\Pet_Codes\science\article-price-tracker\synthetic\html\syn-0015.html,8,9cb8d72898d4360e4ab828815da58ef43417fcc0a51d8219a652dd8aac605c25
synthetic,syn-0015,html/syn-0015.html,syn-0015.html,run-none15,synthetic-shop.local,https://synthetic-shop.local/product/usb-headset-15-10,llm_full_html,Наушники USB с микрофоном,3206,True,,,2–6 дня,,llm_full_html,D:\Pet_Codes\science\article-price-tracker\synthetic\html\syn-0015.html,9,9cb8d72898d4360e4ab828815da58ef43417fcc0a51d8219a652dd8aac605c25
synthetic,syn-0015,html/syn-0015.html,syn-0015.html,run-none15,synthetic-shop.local,https://synthetic-shop.local/product/ssd-1tb-15-11,llm_full_html,SSD накопитель 1 ТБ NVMe PCIe 4.0 — серия 2,9297,True,,,1–5 дня,,llm_full_html,D:\Pet_Codes\science\article-price-tracker\synthetic\html\syn-0015.html,10,9cb8d72898d4360e4ab828815da58ef43417fcc0a51d8219a652dd8aac605c25
synthetic,syn-0015,html/syn-0015.html,syn-0015.html,run-none15,synthetic-shop.local,https://synthetic-shop.local/product/webcam-15-12,llm_full_html,Веб-камера Full HD 1080p — серия 2,4491,True,,,1–5 дня,,llm_full_html,D:\Pet_Codes\science\article-price-tracker\synthetic\html\syn-0015.html,11,9cb8d72898d4360e4ab828815da58ef43417fcc0a51d8219a652dd8aac605c25
synthetic,syn-0015,html/syn-0015.html,syn-0015.html,run-none15,synthetic-shop.local,https://synthetic-shop.local/product/portable-ssd-15-13,llm_full_html,Внешний SSD 2 ТБ USB-C — серия 2,17280,True,,,3–4 дня,,llm_full_html,D:\Pet_Codes\science\article-price-tracker\synthetic\html\syn-0015.html,12,9cb8d72898d4360e4ab828815da58ef43417fcc0a51d8219a652dd8aac605c25
synthetic,syn-0015,html/syn-0015.html,syn-0015.html,run-none15,synthetic-shop.local,https://synthetic-shop.local/product/ups-1000-15-14,llm_full_html,Источник бесперебойного питания 1000 ВА — серия 2,12732,True,,,1–6 дня,,llm_full_html,D:\Pet_Codes\science\article-price-tracker\synthetic\html\syn-0015.html,13,9cb8d72898d4360e4ab828815da58ef43417fcc0a51d8219a652dd8aac605c25
synthetic,syn-0015,html/syn-0015.html,syn-0015.html,run-none15,synthetic-shop.local,https://synthetic-shop.local/product/mechanical-keyboard-15-15,llm_full_html,Клавиатура механическая USB — серия 2,6944,True,,,2–3 дня,,llm_full_html,D:\Pet_Codes\science\article-price-tracker\synthetic\html\syn-0015.html,14,9cb8d72898d4360e4ab828815da58ef43417fcc0a51d8219a652dd8aac605c25
synthetic,syn-0015,html/syn-0015.html,syn-0015.html,run-none15,synthetic-shop.local,https://synthetic-shop.local/product/switch-8p-15-16,llm_full_html,Коммутатор 8-портовый Gigabit — серия 2,5084,True,,,3–4 дня,,llm_full_html,D:\Pet_Codes\science\article-price-tracker\synthetic\html\syn-0015.html,15,9cb8d72898d4360e4ab828815da58ef43417fcc0a51d8219a652dd8aac605c25
synthetic,syn-0015,html/syn-0015.html,syn-0015.html,run-none15,synthetic-shop.local,https://synthetic-shop.local/product/wifi-router-15-17,llm_full_html,Маршрутизатор Wi‑Fi 6 AX3000 — серия 2,7137,True,,,2–6 дня,,llm_full_html,D:\Pet_Codes\science\article-price-tracker\synthetic\html\syn-0015.html,16,9cb8d72898d4360e4ab828815da58ef43417fcc0a51d8219a652dd8aac605c25
synthetic,syn-0015,html/syn-0015.html,syn-0015.html,run-none15,synthetic-shop.local,https://synthetic-shop.local/product/mini-pc-15-18,llm_full_html,Мини-ПК 16 ГБ / 512 ГБ — серия 2,37589,True,,,1–5 дня,,llm_full_html,D:\Pet_Codes\science\article-price-tracker\synthetic\html\syn-0015.html,17,9cb8d72898d4360e4ab828815da58ef43417fcc0a51d8219a652dd8aac605c25
synthetic,syn-0015,html/syn-0015.html,syn-0015.html,run-none15,synthetic-shop.local,https://synthetic-shop.local/product/monitor-27-15-19,llm_full_html,Монитор 27″ IPS QHD 165 Гц — серия 2,31160,False,,,3–5 дня,,llm_full_html,D:\Pet_Codes\science\article-price-tracker\synthetic\html\syn-0015.html,18,9cb8d72898d4360e4ab828815da58ef43417fcc0a51d8219a652dd8aac605c25
synthetic,syn-0015,html/syn-0015.html,syn-0015.html,run-none15,synthetic-shop.local,https://synthetic-shop.local/product/usb-headset-15-20,llm_full_html,Наушники USB с микрофоном — серия 2,3328,True,,,2–6 дня,,llm_full_html,D:\Pet_Codes\science\article-price-tracker\synthetic\html\syn-0015.html,19,9cb8d72898d4360e4ab828815da58ef43417fcc0a51d8219a652dd8aac605c25
synthetic,syn-0015,html/syn-0015.html,syn-0015.html,run-none15,synthetic-shop.local,https://synthetic-shop.local/product/ssd-1tb-15-21,llm_full_html,SSD накопитель 1 ТБ NVMe PCIe 4.0 — серия 3,9641,True,,,1–5 дня,,llm_full_html,D:\Pet_Codes\science\article-price-tracker\synthetic\html\syn-0015.html,20,9cb8d72898d4360e4ab828815da58ef43417fcc0a51d8219a652dd8aac605c25
synthetic,syn-0015,html/syn-0015.html,syn-0015.html,run-none15,synthetic-shop.local,https://synthetic-shop.local/product/webcam-15-22,llm_full_html,Веб-камера Full HD 1080p — серия 3,4127,True,,,1–5 дня,,llm_full_html,D:\Pet_Codes\science\article-price-tracker\synthetic\html\syn-0015.html,21,9cb8d72898d4360e4ab828815da58ef43417fcc0a51d8219a652dd8aac605c25
synthetic,syn-0015,html/syn-0015.html,syn-0015.html,run-none15,synthetic-shop.local,https://synthetic-shop.local/product/portable-ssd-15-23,llm_full_html,Внешний SSD 2 ТБ USB-C — серия 3,17964,True,,,3–4 дня,,llm_full_html,D:\Pet_Codes\science\article-price-tracker\synthetic\html\syn-0015.html,22,9cb8d72898d4360e4ab828815da58ef43417fcc0a51d8219a652dd8aac605c25
synthetic,syn-0015,html/syn-0015.html,syn-0015.html,run-none15,synthetic-shop.local,https://synthetic-shop.local/product/ups-1000-15-24,llm_full_html,Источник бесперебойного питания 1000 ВА — серия 3,13221,True,,,1–6 дня,,llm_full_html,D:\Pet_Codes\science\article-price-tracker\synthetic\html\syn-0015.html,23,9cb8d72898d4360e4ab828815da58ef43417fcc0a51d8219a652dd8aac605c25
synthetic,syn-0015,html/syn-0015.html,syn-0015.html,run-none15,synthetic-shop.local,https://synthetic-shop.local/product/mechanical-keyboard-15-25,llm_full_html,Клавиатура механическая USB — серия 3,7204,True,,,2–3 дня,,llm_full_html,D:\Pet_Codes\science\article-price-tracker\synthetic\html\syn-0015.html,24,9cb8d72898d4360e4ab828815da58ef43417fcc0a51d8219a652dd8aac605c25
synthetic,syn-0015,html/syn-0015.html,syn-0015.html,run-none15,synthetic-shop.local,https://synthetic-shop.local/product/switch-8p-15-26,llm_full_html,Коммутатор 8-портовый Gigabit — серия 3,4668,True,,,3–4 дня,,llm_full_html,D:\Pet_Codes\science\article-price-tracker\synthetic\html\syn-0015.html,25,9cb8d72898d4360e4ab828815da58ef43417fcc0a51d8219a652dd8aac605c25
synthetic,syn-0015,html/syn-0015.html,syn-0015.html,run-none15,synthetic-shop.local,https://synthetic-shop.local/product/wifi-router-15-27,llm_full_html,Маршрутизатор Wi‑Fi 6 AX3000 — серия 3,7422,True,,,2–6 дня,,llm_full_html,D:\Pet_Codes\science\article-price-tracker\synthetic\html\syn-0015.html,26,9cb8d72898d4360e4ab828815da58ef43417fcc0a51d8219a652dd8aac605c25
synthetic,syn-0015,html/syn-0015.html,syn-0015.html,run-none15,synthetic-shop.local,https://synthetic-shop.local/product/mini-pc-15-28,llm_full_html,Мини-ПК 16 ГБ / 512 ГБ — серия 3,39049,True,,,1–5 дня,,llm_full_html,D:\Pet_Codes\science\article-price-tracker\synthetic\html\syn-0015.html,27,9cb8d72898d4360e4ab828815da58ef43417fcc0a51d8219a652dd8aac605c25
synthetic,syn-0016,html/syn-0016.html,syn-0016.html,run-none16,synthetic-shop.local,https://synthetic-shop.local/product/portable-ssd-16-01,llm_full_html,Внешний SSD 2 ТБ USB-C,17347,True,,,,,llm_full_html,D:\Pet_Codes\science\article-price-tracker\synthetic\html\syn-0016.html,0,53e3016746ea9378ae8e2f97736287b17c863d2e33599c5f1cadae8fdf3fe16b
synthetic,syn-0016,html/syn-0016.html,syn-0016.html,run-none16,synthetic-shop.local,https://synthetic-shop.local/product/webcam-16-02,llm_full_html,Веб-камера Full HD 1080p,3990,True,,,,,llm_full_html,D:\Pet_Codes\science\article-price-tracker\synthetic\html\syn-0016.html,1,53e3016746ea9378ae8e2f97736287b17c863d2e33599c5f1cadae8fdf3fe16b
synthetic,syn-0016,html/syn-0016.html,syn-0016.html,run-none16,synthetic-shop.local,https://synthetic-shop.local/product/switch-8p-16-03,llm_full_html,Коммутатор 8-портовый Gigabit,4622,True,,,,,llm_full_html,D:\Pet_Codes\science\article-price-tracker\synthetic\html\syn-0016.html,2,53e3016746ea9378ae8e2f97736287b17c863d2e33599c5f1cadae8fdf3fe16b
synthetic,syn-0016,html/syn-0016.html,syn-0016.html,run-none16,synthetic-shop.local,https://synthetic-shop.local/product/mini-pc-16-04,llm_full_html,Мини-ПК 16 ГБ / 512 ГБ,36494,True,,,,,llm_full_html,D:\Pet_Codes\science\article-price-tracker\synthetic\html\syn-0016.html,3,53e3016746ea9378ae8e2f97736287b17c863d2e33599c5f1cadae8fdf3fe16b
synthetic,syn-0016,html/syn-0016.html,syn-0016.html,run-none16,synthetic-shop.local,https://synthetic-shop.local/product/usb-headset-16-05,llm_full_html,Наушники USB с микрофоном,3053,True,,,,,llm_full_html,D:\Pet_Codes\science\article-price-tracker\synthetic\html\syn-0016.html,4,53e3016746ea9378ae8e2f97736287b17c863d2e33599c5f1cadae8fdf3fe16b
synthetic,syn-0016,html/syn-0016.html,syn-0016.html,run-none16,synthetic-shop.local,https://synthetic-shop.local/product/ssd-1tb-16-06,llm_full_html,SSD накопитель 1 ТБ NVMe PCIe 4.0,8608,True,,,,,llm_full_html,D:\Pet_Codes\science\article-price-tracker\synthetic\html\syn-0016.html,5,53e3016746ea9378ae8e2f97736287b17c863d2e33599c5f1cadae8fdf3fe16b
synthetic,syn-0016,html/syn-0016.html,syn-0016.html,run-none16,synthetic-shop.local,https://synthetic-shop.local/product/ups-1000-16-07,llm_full_html,Источник бесперебойного питания 1000 ВА,12609,True,,,,,llm_full_html,D:\Pet_Codes\science\article-price-tracker\synthetic\html\syn-0016.html,6,53e3016746ea9378ae8e2f97736287b17c863d2e33599c5f1cadae8fdf3fe16b
synthetic,syn-0016,html/syn-0016.html,syn-0016.html,run-none16,synthetic-shop.local,https://synthetic-shop.local/product/mechanical-keyboard-16-08,llm_full_html,Клавиатура механическая USB,6879,True,,,,,llm_full_html,D:\Pet_Codes\science\article-price-tracker\synthetic\html\syn-0016.html,7,53e3016746ea9378ae8e2f97736287b17c863d2e33599c5f1cadae8fdf3fe16b
synthetic,syn-0016,html/syn-0016.html,syn-0016.html,run-none16,synthetic-shop.local,https://synthetic-shop.local/product/wifi-router-16-09,llm_full_html,Маршрутизатор Wi‑Fi 6 AX3000,7779,True,,,,,llm_full_html,D:\Pet_Codes\science\article-price-tracker\synthetic\html\syn-0016.html,8,53e3016746ea9378ae8e2f97736287b17c863d2e33599c5f1cadae8fdf3fe16b
synthetic,syn-0016,html/syn-0016.html,syn-0016.html,run-none16,synthetic-shop.local,https://synthetic-shop.local/product/monitor-27-16-10,llm_full_html,Монитор 27″ IPS QHD 165 Гц,32924,False,,,,,llm_full_html,D:\Pet_Codes\science\article-price-tracker\synthetic\html\syn-0016.html,9,53e3016746ea9378ae8e2f97736287b17c863d2e33599c5f1cadae8fdf3fe16b
synthetic,syn-0016,html/syn-0016.html,syn-0016.html,run-none16,synthetic-shop.local,https://synthetic-shop.local/product/ssd-1tb-16-11,llm_full_html,SSD накопитель 1 ТБ NVMe PCIe 4.0 — серия 2,8780,True,,,,,llm_full_html,D:\Pet_Codes\science\article-price-tracker\synthetic\html\syn-0016.html,10,53e3016746ea9378ae8e2f97736287b17c863d2e33599c5f1cadae8fdf3fe16b
synthetic,syn-0016,html/syn-0016.html,syn-0016.html,run-none16,synthetic-shop.local,https://synthetic-shop.local/product/webcam-16-12,llm_full_html,Веб-камера Full HD 1080p — серия 2,4248,True,,,,,llm_full_html,D:\Pet_Codes\science\article-price-tracker\synthetic\html\syn-0016.html,11,53e3016746ea9378ae8e2f97736287b17c863d2e33599c5f1cadae8fdf3fe16b
synthetic,syn-0016,html/syn-0016.html,syn-0016.html,run-none16,synthetic-shop.local,https://synthetic-shop.local/product/portable-ssd-16-13,llm_full_html,Внешний SSD 2 ТБ USB-C — серия 2,18478,True,,,,,llm_full_html,D:\Pet_Codes\science\article-price-tracker\synthetic\html\syn-0016.html,12,53e3016746ea9378ae8e2f97736287b17c863d2e33599c5f1cadae8fdf3fe16b
synthetic,syn-0016,html/syn-0016.html,syn-0016.html,run-none16,synthetic-shop.local,https://synthetic-shop.local/product/ups-1000-16-14,llm_full_html,Источник бесперебойного питания 1000 ВА — серия 2,13589,True,,,,,llm_full_html,D:\Pet_Codes\science\article-price-tracker\synthetic\html\syn-0016.html,13,53e3016746ea9378ae8e2f97736287b17c863d2e33599c5f1cadae8fdf3fe16b
synthetic,syn-0017,html/syn-0017.html,syn-0017.html,run-none17,synthetic-shop.local,https://synthetic-shop.local/product/mini-pc-17-01,llm_full_html,Мини-ПК 16 ГБ / 512 ГБ,35990,True,,,2–3 дня,,llm_full_html,D:\Pet_Codes\science\article-price-tracker\synthetic\html\syn-0017.html,0,665bc7900dd61a0f1d6ec1b62dcd4e6da5324daa69a99ccad497f902d38c39f4
synthetic,syn-0017,html/syn-0017.html,syn-0017.html,run-none17,synthetic-shop.local,https://synthetic-shop.local/product/usb-headset-17-02,llm_full_html,Наушники USB с микрофоном,3011,True,,,3–4 дня,,llm_full_html,D:\Pet_Codes\science\article-price-tracker\synthetic\html\syn-0017.html,1,665bc7900dd61a0f1d6ec1b62dcd4e6da5324daa69a99ccad497f902d38c39f4
synthetic,syn-0017,html/syn-0017.html,syn-0017.html,run-none17,synthetic-shop.local,https://synthetic-shop.local/product/ssd-1tb-17-03,llm_full_html,SSD накопитель 1 ТБ NVMe PCIe 4.0,8608,True,,,1–5 дня,,llm_full_html,D:\Pet_Codes\science\article-price-tracker\synthetic\html\syn-0017.html,2,665bc7900dd61a0f1d6ec1b62dcd4e6da5324daa69a99ccad497f902d38c39f4
synthetic,syn-0017,html/syn-0017.html,syn-0017.html,run-none17,synthetic-shop.local,https://synthetic-shop.local/product/wifi-router-17-04,llm_full_html,Маршрутизатор Wi‑Fi 6 AX3000,7137,True,,,2–6 дня,,llm_full_html,D:\Pet_Codes\science\article-price-tracker\synthetic\html\syn-0017.html,3,665bc7900dd61a0f1d6ec1b62dcd4e6da5324daa69a99ccad497f902d38c39f4
synthetic,syn-0017,html/syn-0017.html,syn-0017.html,run-none17,synthetic-shop.local,https://synthetic-shop.local/product/monitor-27-17-05,llm_full_html,Монитор 27″ IPS QHD 165 Гц,28990,True,,,3–3 дня,,llm_full_html,D:\Pet_Codes\science\article-price-tracker\synthetic\html\syn-0017.html,4,665bc7900dd61a0f1d6ec1b62dcd4e6da5324daa69a99ccad497f902d38c39f4
synthetic,syn-0017,html/syn-0017.html,syn-0017.html,run-none17,synthetic-shop.local,https://synthetic-shop.local/product/webcam-17-06,llm_full_html,Веб-камера Full HD 1080p,4329,True,,,1–5 дня,,llm_full_html,D:\Pet_Codes\science\article-price-tracker\synthetic\html\syn-0017.html,5,665bc7900dd61a0f1d6ec1b62dcd4e6da5324daa69a99ccad497f902d38c39f4
synthetic,syn-0017,html/syn-0017.html,syn-0017.html,run-none17,synthetic-shop.local,https://synthetic-shop.local/product/portable-ssd-17-07,llm_full_html,Внешний SSD 2 ТБ USB-C,18820,True,,,3–4 дня,,llm_full_html,D:\Pet_Codes\science\article-price-tracker\synthetic\html\syn-0017.html,6,665bc7900dd61a0f1d6ec1b62dcd4e6da5324daa69a99ccad497f902d38c39f4
synthetic,syn-0017,html/syn-0017.html,syn-0017.html,run-none17,synthetic-shop.local,https://synthetic-shop.local/product/ups-1000-17-08,llm_full_html,Источник бесперебойного питания 1000 ВА,12242,True,,,1–6 дня,,llm_full_html,D:\Pet_Codes\science\article-price-tracker\synthetic\html\syn-0017.html,7,665bc7900dd61a0f1d6ec1b62dcd4e6da5324daa69a99ccad497f902d38c39f4
synthetic,syn-0017,html/syn-0017.html,syn-0017.html,run-none17,synthetic-shop.local,https://synthetic-shop.local/product/mechanical-keyboard-17-09,llm_full_html,Клавиатура механическая USB,6685,True,,,2–3 дня,,llm_full_html,D:\Pet_Codes\science\article-price-tracker\synthetic\html\syn-0017.html,8,665bc7900dd61a0f1d6ec1b62dcd4e6da5324daa69a99ccad497f902d38c39f4
synthetic,syn-0017,html/syn-0017.html,syn-0017.html,run-none17,synthetic-shop.local,https://synthetic-shop.local/product/switch-8p-17-10,llm_full_html,Коммутатор 8-портовый Gigabit,4899,True,,,3–4 дня,,llm_full_html,D:\Pet_Codes\science\article-price-tracker\synthetic\html\syn-0017.html,9,665bc7900dd61a0f1d6ec1b62dcd4e6da5324daa69a99ccad497f902d38c39f4
synthetic,syn-0017,html/syn-0017.html,syn-0017.html,run-none17,synthetic-shop.local,https://synthetic-shop.local/product/ssd-1tb-17-11,llm_full_html,SSD накопитель 1 ТБ NVMe PCIe 4.0 — серия 2,9383,True,,,1–5 дня,,llm_full_html,D:\Pet_Codes\science\article-price-tracker\synthetic\html\syn-0017.html,10,665bc7900dd61a0f1d6ec1b62dcd4e6da5324daa69a99ccad497f902d38c39f4
synthetic,syn-0017,html/syn-0017.html,syn-0017.html,run-none17,synthetic-shop.local,https://synthetic-shop.local/product/webcam-17-12,llm_full_html,Веб-камера Full HD 1080p — серия 2,4532,True,,,1–5 дня,,llm_full_html,D:\Pet_Codes\science\article-price-tracker\synthetic\html\syn-0017.html,11,665bc7900dd61a0f1d6ec1b62dcd4e6da5324daa69a99ccad497f902d38c39f4
synthetic,syn-0017,html/syn-0017.html,syn-0017.html,run-none17,synthetic-shop.local,https://synthetic-shop.local/product/portable-ssd-17-13,llm_full_html,Внешний SSD 2 ТБ USB-C — серия 2,17451,True,,,3–4 дня,,llm_full_html,D:\Pet_Codes\science\article-price-tracker\synthetic\html\syn-0017.html,12,665bc7900dd61a0f1d6ec1b62dcd4e6da5324daa69a99ccad497f902d38c39f4
synthetic,syn-0017,html/syn-0017.html,syn-0017.html,run-none17,synthetic-shop.local,https://synthetic-shop.local/product/ups-1000-17-14,llm_full_html,Источник бесперебойного питания 1000 ВА — серия 2,12854,True,,,1–6 дня,,llm_full_html,D:\Pet_Codes\science\article-price-tracker\synthetic\html\syn-0017.html,13,665bc7900dd61a0f1d6ec1b62dcd4e6da5324daa69a99ccad497f902d38c39f4
synthetic,syn-0017,html/syn-0017.html,syn-0017.html,run-none17,synthetic-shop.local,https://synthetic-shop.local/product/mechanical-keyboard-17-15,llm_full_html,Клавиатура механическая USB — серия 2,7009,True,,,2–3 дня,,llm_full_html,D:\Pet_Codes\science\article-price-tracker\synthetic\html\syn-0017.html,14,665bc7900dd61a0f1d6ec1b62dcd4e6da5324daa69a99ccad497f902d38c39f4
synthetic,syn-0017,html/syn-0017.html,syn-0017.html,run-none17,synthetic-shop.local,https://synthetic-shop.local/product/switch-8p-17-16,llm_full_html,Коммутатор 8-портовый Gigabit — серия 2,5130,True,,,3–4 дня,,llm_full_html,D:\Pet_Codes\science\article-price-tracker\synthetic\html\syn-0017.html,15,665bc7900dd61a0f1d6ec1b62dcd4e6da5324daa69a99ccad497f902d38c39f4
synthetic,syn-0017,html/syn-0017.html,syn-0017.html,run-none17,synthetic-shop.local,https://synthetic-shop.local/product/wifi-router-17-17,llm_full_html,Маршрутизатор Wi‑Fi 6 AX3000 — серия 2,7208,True,,,2–6 дня,,llm_full_html,D:\Pet_Codes\science\article-price-tracker\synthetic\html\syn-0017.html,16,665bc7900dd61a0f1d6ec1b62dcd4e6da5324daa69a99ccad497f902d38c39f4
synthetic,syn-0017,html/syn-0017.html,syn-0017.html,run-none17,synthetic-shop.local,https://synthetic-shop.local/product/mini-pc-17-18,llm_full_html,Мини-ПК 16 ГБ / 512 ГБ — серия 2,37954,True,,,1–5 дня,,llm_full_html,D:\Pet_Codes\science\article-price-tracker\synthetic\html\syn-0017.html,17,665bc7900dd61a0f1d6ec1b62dcd4e6da5324daa69a99ccad497f902d38c39f4
synthetic,syn-0017,html/syn-0017.html,syn-0017.html,run-none17,synthetic-shop.local,https://synthetic-shop.local/product/monitor-27-17-19,llm_full_html,Монитор 27″ IPS QHD 165 Гц — серия 2,31454,False,,,3–5 дня,,llm_full_html,D:\Pet_Codes\science\article-price-tracker\synthetic\html\syn-0017.html,18,665bc7900dd61a0f1d6ec1b62dcd4e6da5324daa69a99ccad497f902d38c39f4
synthetic,syn-0017,html/syn-0017.html,syn-0017.html,run-none17,synthetic-shop.local,https://synthetic-shop.local/product/usb-headset-17-20,llm_full_html,Наушники USB с микрофоном — серия 2,3358,True,,,2–6 дня,,llm_full_html,D:\Pet_Codes\science\article-price-tracker\synthetic\html\syn-0017.html,19,665bc7900dd61a0f1d6ec1b62dcd4e6da5324daa69a99ccad497f902d38c39f4
synthetic,syn-0017,html/syn-0017.html,syn-0017.html,run-none17,synthetic-shop.local,https://synthetic-shop.local/product/ssd-1tb-17-21,llm_full_html,SSD накопитель 1 ТБ NVMe PCIe 4.0 — серия 3,8608,True,,,1–5 дня,,llm_full_html,D:\Pet_Codes\science\article-price-tracker\synthetic\html\syn-0017.html,20,665bc7900dd61a0f1d6ec1b62dcd4e6da5324daa69a99ccad497f902d38c39f4
synthetic,syn-0017,html/syn-0017.html,syn-0017.html,run-none17,synthetic-shop.local,https://synthetic-shop.local/product/webcam-17-22,llm_full_html,Веб-камера Full HD 1080p — серия 3,4167,True,,,1–5 дня,,llm_full_html,D:\Pet_Codes\science\article-price-tracker\synthetic\html\syn-0017.html,21,665bc7900dd61a0f1d6ec1b62dcd4e6da5324daa69a99ccad497f902d38c39f4
synthetic,syn-0017,html/syn-0017.html,syn-0017.html,run-none17,synthetic-shop.local,https://synthetic-shop.local/product/portable-ssd-17-23,llm_full_html,Внешний SSD 2 ТБ USB-C — серия 3,18136,True,,,3–4 дня,,llm_full_html,D:\Pet_Codes\science\article-price-tracker\synthetic\html\syn-0017.html,22,665bc7900dd61a0f1d6ec1b62dcd4e6da5324daa69a99ccad497f902d38c39f4
synthetic,syn-0017,html/syn-0017.html,syn-0017.html,run-none17,synthetic-shop.local,https://synthetic-shop.local/product/ups-1000-17-24,llm_full_html,Источник бесперебойного питания 1000 ВА — серия 3,13344,True,,,1–6 дня,,llm_full_html,D:\Pet_Codes\science\article-price-tracker\synthetic\html\syn-0017.html,23,665bc7900dd61a0f1d6ec1b62dcd4e6da5324daa69a99ccad497f902d38c39f4
synthetic,syn-0018,html/syn-0018.html,syn-0018.html,run-none18,synthetic-shop.local,https://synthetic-shop.local/product/wifi-router-18-01,llm_full_html,Маршрутизатор Wi‑Fi 6 AX3000,7039,True,,,3–4 дня,,llm_full_html,D:\Pet_Codes\science\article-price-tracker\synthetic\html\syn-0018.html,0,e0d2df464d5e0f895d94a38564f4f182b6262e7aac1d9486824c9c7f640c2a2b
synthetic,syn-0018,html/syn-0018.html,syn-0018.html,run-none18,synthetic-shop.local,https://synthetic-shop.local/product/monitor-27-18-02,llm_full_html,Монитор 27″ IPS QHD 165 Гц,29396,True,,,1–5 дня,,llm_full_html,D:\Pet_Codes\science\article-price-tracker\synthetic\html\syn-0018.html,1,e0d2df464d5e0f895d94a38564f4f182b6262e7aac1d9486824c9c7f640c2a2b
synthetic,syn-0018,html/syn-0018.html,syn-0018.html,run-none18,synthetic-shop.local,https://synthetic-shop.local/product/ups-1000-18-03,llm_full_html,Источник бесперебойного питания 1000 ВА,12242,True,,,2–6 дня,,llm_full_html,D:\Pet_Codes\science\article-price-tracker\synthetic\html\syn-0018.html,2,e0d2df464d5e0f895d94a38564f4f182b6262e7aac1d9486824c9c7f640c2a2b
synthetic,syn-0018,html/syn-0018.html,syn-0018.html,run-none18,synthetic-shop.local,https://synthetic-shop.local/product/mechanical-keyboard-18-04,llm_full_html,Клавиатура механическая USB,6490,True,,,3–3 дня,,llm_full_html,D:\Pet_Codes\science\article-price-tracker\synthetic\html\syn-0018.html,3,e0d2df464d5e0f895d94a38564f4f182b6262e7aac1d9486824c9c7f640c2a2b
synthetic,syn-0018,html/syn-0018.html,syn-0018.html,run-none18,synthetic-shop.local,https://synthetic-shop.local/product/portable-ssd-18-05,llm_full_html,Внешний SSD 2 ТБ USB-C,17109,False,,,1–4 дня,,llm_full_html,D:\Pet_Codes\science\article-price-tracker\synthetic\html\syn-0018.html,4,e0d2df464d5e0f895d94a38564f4f182b6262e7aac1d9486824c9c7f640c2a2b
synthetic,syn-0018,html/syn-0018.html,syn-0018.html,run-none18,synthetic-shop.local,https://synthetic-shop.local/product/ssd-1tb-18-06,llm_full_html,SSD накопитель 1 ТБ NVMe PCIe 4.0,8694,True,,,1–5 дня,,llm_full_html,D:\Pet_Codes\science\article-price-tracker\synthetic\html\syn-0018.html,5,e0d2df464d5e0f895d94a38564f4f182b6262e7aac1d9486824c9c7f640c2a2b
synthetic,syn-0018,html/syn-0018.html,syn-0018.html,run-none18,synthetic-shop.local,https://synthetic-shop.local/product/webcam-18-07,llm_full_html,Веб-камера Full HD 1080p,4208,True,,,1–5 дня,,llm_full_html,D:\Pet_Codes\science\article-price-tracker\synthetic\html\syn-0018.html,6,e0d2df464d5e0f895d94a38564f4f182b6262e7aac1d9486824c9c7f640c2a2b
synthetic,syn-0018,html/syn-0018.html,syn-0018.html,run-none18,synthetic-shop.local,https://synthetic-shop.local/product/switch-8p-18-08,llm_full_html,Коммутатор 8-портовый Gigabit,4946,True,,,3–4 дня,,llm_full_html,D:\Pet_Codes\science\article-price-tracker\synthetic\html\syn-0018.html,7,e0d2df464d5e0f895d94a38564f4f182b6262e7aac1d9486824c9c7f640c2a2b
synthetic,syn-0018,html/syn-0018.html,syn-0018.html,run-none18,synthetic-shop.local,https://synthetic-shop.local/product/mini-pc-18-09,llm_full_html,Мини-ПК 16 ГБ / 512 ГБ,40143,True,,,1–5 дня,,llm_full_html,D:\Pet_Codes\science\article-price-tracker\synthetic\html\syn-0018.html,8,e0d2df464d5e0f895d94a38564f4f182b6262e7aac1d9486824c9c7f640c2a2b
synthetic,syn-0018,html/syn-0018.html,syn-0018.html,run-none18,synthetic-shop.local,https://synthetic-shop.local/product/usb-headset-18-10,llm_full_html,Наушники USB с микрофоном,3053,True,,,2–6 дня,,llm_full_html,D:\Pet_Codes\science\article-price-tracker\synthetic\html\syn-0018.html,9,e0d2df464d5e0f895d94a38564f4f182b6262e7aac1d9486824c9c7f640c2a2b
synthetic,syn-0018,html/syn-0018.html,syn-0018.html,run-none18,synthetic-shop.local,https://synthetic-shop.local/product/ssd-1tb-18-11,llm_full_html,SSD накопитель 1 ТБ NVMe PCIe 4.0 — серия 2,8866,True,,,1–5 дня,,llm_full_html,D:\Pet_Codes\science\article-price-tracker\synthetic\html\syn-0018.html,10,e0d2df464d5e0f895d94a38564f4f182b6262e7aac1d9486824c9c7f640c2a2b
synthetic,syn-0018,html/syn-0018.html,syn-0018.html,run-none18,synthetic-shop.local,https://synthetic-shop.local/product/webcam-18-12,llm_full_html,Веб-камера Full HD 1080p — серия 2,4289,True,,,1–5 дня,,llm_full_html,D:\Pet_Codes\science\article-price-tracker\synthetic\html\syn-0018.html,11,e0d2df464d5e0f895d94a38564f4f182b6262e7aac1d9486824c9c7f640c2a2b
synthetic,syn-0018,html/syn-0018.html,syn-0018.html,run-none18,synthetic-shop.local,https://synthetic-shop.local/product/portable-ssd-18-13,llm_full_html,Внешний SSD 2 ТБ USB-C — серия 2,18649,True,,,3–4 дня,,llm_full_html,D:\Pet_Codes\science\article-price-tracker\synthetic\html\syn-0018.html,12,e0d2df464d5e0f895d94a38564f4f182b6262e7aac1d9486824c9c7f640c2a2b
synthetic,syn-0018,html/syn-0018.html,syn-0018.html,run-none18,synthetic-shop.local,https://synthetic-shop.local/product/ups-1000-18-14,llm_full_html,Источник бесперебойного питания 1000 ВА — серия 2,13711,True,,,1–6 дня,,llm_full_html,D:\Pet_Codes\science\article-price-tracker\synthetic\html\syn-0018.html,13,e0d2df464d5e0f895d94a38564f4f182b6262e7aac1d9486824c9c7f640c2a2b
synthetic,syn-0018,html/syn-0018.html,syn-0018.html,run-none18,synthetic-shop.local,https://synthetic-shop.local/product/mechanical-keyboard-18-15,llm_full_html,Клавиатура механическая USB — серия 2,6620,True,,,2–3 дня,,llm_full_html,D:\Pet_Codes\science\article-price-tracker\synthetic\html\syn-0018.html,14,e0d2df464d5e0f895d94a38564f4f182b6262e7aac1d9486824c9c7f640c2a2b
synthetic,syn-0018,html/syn-0018.html,syn-0018.html,run-none18,synthetic-shop.local,https://synthetic-shop.local/product/switch-8p-18-16,llm_full_html,Коммутатор 8-портовый Gigabit — серия 2,4853,True,,,3–4 дня,,llm_full_html,D:\Pet_Codes\science\article-price-tracker\synthetic\html\syn-0018.html,15,e0d2df464d5e0f895d94a38564f4f182b6262e7aac1d9486824c9c7f640c2a2b
synthetic,syn-0018,html/syn-0018.html,syn-0018.html,run-none18,synthetic-shop.local,https://synthetic-shop.local/product/wifi-router-18-17,llm_full_html,Маршрутизатор Wi‑Fi 6 AX3000 — серия 2,7708,True,,,2–6 дня,,llm_full_html,D:\Pet_Codes\science\article-price-tracker\synthetic\html\syn-0018.html,16,e0d2df464d5e0f895d94a38564f4f182b6262e7aac1d9486824c9c7f640c2a2b
synthetic,syn-0018,html/syn-0018.html,syn-0018.html,run-none18,synthetic-shop.local,https://synthetic-shop.local/product/mini-pc-18-18,llm_full_html,Мини-ПК 16 ГБ / 512 ГБ — серия 2,40508,True,,,1–5 дня,,llm_full_html,D:\Pet_Codes\science\article-price-tracker\synthetic\html\syn-0018.html,17,e0d2df464d5e0f895d94a38564f4f182b6262e7aac1d9486824c9c7f640c2a2b
synthetic,syn-0019,html/syn-0019.html,syn-0019.html,run-none19,synthetic-shop.local,https://synthetic-shop.local/product/surface-cleaner-19-01,llm_full_html,Средство для очистки поверхностей 5 л,1310,True,,,1–5 дня,,llm_full_html,D:\Pet_Codes\science\article-price-tracker\synthetic\html\syn-0019.html,0,0ece6742699d055d8575e7ece3fc7d740eba1ee1a04a3ceed3f343aed2e5aa74
synthetic,syn-0019,html/syn-0019.html,syn-0019.html,run-none19,synthetic-shop.local,https://synthetic-shop.local/product/liquid-soap-19-02,llm_full_html,Мыло жидкое профессиональное 5 л,1020,True,,,2–6 дня,,llm_full_html,D:\Pet_Codes\science\article-price-tracker\synthetic\html\syn-0019.html,1,0ece6742699d055d8575e7ece3fc7d740eba1ee1a04a3ceed3f343aed2e5aa74
synthetic,syn-0019,html/syn-0019.html,syn-0019.html,run-none19,synthetic-shop.local,https://synthetic-shop.local/product/glass-cleaner-19-03,llm_full_html,Очиститель стекол концентрат 1 л,690,True,,,3–3 дня,,llm_full_html,D:\Pet_Codes\science\article-price-tracker\synthetic\html\syn-0019.html,2,0ece6742699d055d8575e7ece3fc7d740eba1ee1a04a3ceed3f343aed2e5aa74
synthetic,syn-0019,html/syn-0019.html,syn-0019.html,run-none19,synthetic-shop.local,https://synthetic-shop.local/product/nitrile-gloves-19-04,llm_full_html,Перчатки защитные нитриловые 100 шт,1500,False,,,1–4 дня,,llm_full_html,D:\Pet_Codes\science\article-price-tracker\synthetic\html\syn-0019.html,3,0ece6742699d055d8575e7ece3fc7d740eba1ee1a04a3ceed3f343aed2e5aa74
synthetic,syn-0019,html/syn-0019.html,syn-0019.html,run-none19,synthetic-shop.local,https://synthetic-shop.local/product/respirator-ffp2-19-05,llm_full_html,Респиратор складной FFP2 10 шт,1210,True,,,2–5 дня,,llm_full_html,D:\Pet_Codes\science\article-price-tracker\synthetic\html\syn-0019.html,4,0ece6742699d055d8575e7ece3fc7d740eba1ee1a04a3ceed3f343aed2e5aa74
synthetic,syn-0019,html/syn-0019.html,syn-0019.html,run-none19,synthetic-shop.local,https://synthetic-shop.local/product/bucket-12l-19-06,llm_full_html,Ведро пластиковое 12 л с крышкой,562,True,,,3–6 дня,,llm_full_html,D:\Pet_Codes\science\article-price-tracker\synthetic\html\syn-0019.html,5,0ece6742699d055d8575e7ece3fc7d740eba1ee1a04a3ceed3f343aed2e5aa74
synthetic,syn-0019,html/syn-0019.html,syn-0019.html,run-none19,synthetic-shop.local,https://synthetic-shop.local/product/canister-20l-19-07,llm_full_html,Канистра 20 л пищевая,1232,True,,,2–5 дня,,llm_full_html,D:\Pet_Codes\science\article-price-tracker\synthetic\html\syn-0019.html,6,0ece6742699d055d8575e7ece3fc7d740eba1ee1a04a3ceed3f343aed2e5aa74
synthetic,syn-0019,html/syn-0019.html,syn-0019.html,run-none19,synthetic-shop.local,https://synthetic-shop.local/product/container-45l-19-08,llm_full_html,Контейнер пластиковый 45 л с крышкой,1909,True,,,3–3 дня,,llm_full_html,D:\Pet_Codes\science\article-price-tracker\synthetic\html\syn-0019.html,7,0ece6742699d055d8575e7ece3fc7d740eba1ee1a04a3ceed3f343aed2e5aa74
synthetic,syn-0019,html/syn-0019.html,syn-0019.html,run-none19,synthetic-shop.local,https://synthetic-shop.local/product/safety-glasses-19-09,llm_full_html,Очки защитные прозрачные,645,True,,,2–6 дня,,llm_full_html,D:\Pet_Codes\science\article-price-tracker\synthetic\html\syn-0019.html,8,0ece6742699d055d8575e7ece3fc7d740eba1ee1a04a3ceed3f343aed2e5aa74
synthetic,syn-0019,html/syn-0019.html,syn-0019.html,run-none19,synthetic-shop.local,https://synthetic-shop.local/product/warehouse-box-19-10,llm_full_html,Ящик складской 600×400×220 мм,2682,False,,,1–4 дня,,llm_full_html,D:\Pet_Codes\science\article-price-tracker\synthetic\html\syn-0019.html,9,0ece6742699d055d8575e7ece3fc7d740eba1ee1a04a3ceed3f343aed2e5aa74
synthetic,syn-0019,html/syn-0019.html,syn-0019.html,run-none19,synthetic-shop.local,https://synthetic-shop.local/product/bucket-12l-19-11,llm_full_html,Ведро пластиковое 12 л с крышкой — серия 2,572,True,,,3–6 дня,,llm_full_html,D:\Pet_Codes\science\article-price-tracker\synthetic\html\syn-0019.html,10,0ece6742699d055d8575e7ece3fc7d740eba1ee1a04a3ceed3f343aed2e5aa74
synthetic,syn-0019,html/syn-0019.html,syn-0019.html,run-none19,synthetic-shop.local,https://synthetic-shop.local/product/canister-20l-19-12,llm_full_html,Канистра 20 л пищевая — серия 2,1110,True,,,2–5 дня,,llm_full_html,D:\Pet_Codes\science\article-price-tracker\synthetic\html\syn-0019.html,11,0ece6742699d055d8575e7ece3fc7d740eba1ee1a04a3ceed3f343aed2e5aa74
synthetic,syn-0019,html/syn-0019.html,syn-0019.html,run-none19,synthetic-shop.local,https://synthetic-shop.local/product/container-45l-19-13,llm_full_html,Контейнер пластиковый 45 л с крышкой — серия 2,1947,True,,,3–3 дня,,llm_full_html,D:\Pet_Codes\science\article-price-tracker\synthetic\html\syn-0019.html,12,0ece6742699d055d8575e7ece3fc7d740eba1ee1a04a3ceed3f343aed2e5aa74
synthetic,syn-0019,html/syn-0019.html,syn-0019.html,run-none19,synthetic-shop.local,https://synthetic-shop.local/product/liquid-soap-19-14,llm_full_html,Мыло жидкое профессиональное 5 л — серия 2,1081,True,,,2–6 дня,,llm_full_html,D:\Pet_Codes\science\article-price-tracker\synthetic\html\syn-0019.html,13,0ece6742699d055d8575e7ece3fc7d740eba1ee1a04a3ceed3f343aed2e5aa74
synthetic,syn-0019,html/syn-0019.html,syn-0019.html,run-none19,synthetic-shop.local,https://synthetic-shop.local/product/glass-cleaner-19-15,llm_full_html,Очиститель стекол концентрат 1 л — серия 2,752,True,,,3–3 дня,,llm_full_html,D:\Pet_Codes\science\article-price-tracker\synthetic\html\syn-0019.html,14,0ece6742699d055d8575e7ece3fc7d740eba1ee1a04a3ceed3f343aed2e5aa74
synthetic,syn-0019,html/syn-0019.html,syn-0019.html,run-none19,synthetic-shop.local,https://synthetic-shop.local/product/safety-glasses-19-16,llm_full_html,Очки защитные прозрачные — серия 2,694,True,,,2–6 дня,,llm_full_html,D:\Pet_Codes\science\article-price-tracker\synthetic\html\syn-0019.html,15,0ece6742699d055d8575e7ece3fc7d740eba1ee1a04a3ceed3f343aed2e5aa74
synthetic,syn-0019,html/syn-0019.html,syn-0019.html,run-none19,synthetic-shop.local,https://synthetic-shop.local/product/nitrile-gloves-19-17,llm_full_html,Перчатки защитные нитриловые 100 шт — серия 2,1530,False,,,1–4 дня,,llm_full_html,D:\Pet_Codes\science\article-price-tracker\synthetic\html\syn-0019.html,16,0ece6742699d055d8575e7ece3fc7d740eba1ee1a04a3ceed3f343aed2e5aa74
synthetic,syn-0019,html/syn-0019.html,syn-0019.html,run-none19,synthetic-shop.local,https://synthetic-shop.local/product/respirator-ffp2-19-18,llm_full_html,Респиратор складной FFP2 10 шт — серия 2,1270,True,,,2–5 дня,,llm_full_html,D:\Pet_Codes\science\article-price-tracker\synthetic\html\syn-0019.html,17,0ece6742699d055d8575e7ece3fc7d740eba1ee1a04a3ceed3f343aed2e5aa74
synthetic,syn-0019,html/syn-0019.html,syn-0019.html,run-none19,synthetic-shop.local,https://synthetic-shop.local/product/surface-cleaner-19-19,llm_full_html,Средство для очистки поверхностей 5 л — серия 2,1415,True,,,1–5 дня,,llm_full_html,D:\Pet_Codes\science\article-price-tracker\synthetic\html\syn-0019.html,18,0ece6742699d055d8575e7ece3fc7d740eba1ee1a04a3ceed3f343aed2e5aa74
synthetic,syn-0019,html/syn-0019.html,syn-0019.html,run-none19,synthetic-shop.local,https://synthetic-shop.local/product/warehouse-box-19-20,llm_full_html,Ящик складской 600×400×220 мм — серия 2,2783,False,,,1–4 дня,,llm_full_html,D:\Pet_Codes\science\article-price-tracker\synthetic\html\syn-0019.html,19,0ece6742699d055d8575e7ece3fc7d740eba1ee1a04a3ceed3f343aed2e5aa74
synthetic,syn-0019,html/syn-0019.html,syn-0019.html,run-none19,synthetic-shop.local,https://synthetic-shop.local/product/bucket-12l-19-21,llm_full_html,Ведро пластиковое 12 л с крышкой — серия 3,525,True,,,3–6 дня,,llm_full_html,D:\Pet_Codes\science\article-price-tracker\synthetic\html\syn-0019.html,20,0ece6742699d055d8575e7ece3fc7d740eba1ee1a04a3ceed3f343aed2e5aa74
synthetic,syn-0019,html/syn-0019.html,syn-0019.html,run-none19,synthetic-shop.local,https://synthetic-shop.local/product/canister-20l-19-22,llm_full_html,Канистра 20 л пищевая — серия 3,1154,True,,,2–5 дня,,llm_full_html,D:\Pet_Codes\science\article-price-tracker\synthetic\html\syn-0019.html,21,0ece6742699d055d8575e7ece3fc7d740eba1ee1a04a3ceed3f343aed2e5aa74
synthetic,syn-0020,html/syn-0020.html,syn-0020.html,run-none20,synthetic-shop.local,https://synthetic-shop.local/product/safety-glasses-20-01,llm_full_html,Очки защитные прозрачные,620,True,,,2–6 дня,11.0,llm_full_html,D:\Pet_Codes\science\article-price-tracker\synthetic\html\syn-0020.html,0,3f991f4ba144db7d11e2db2df2056b94bcc218ce15364f87228161302b4edcf7
synthetic,syn-0020,html/syn-0020.html,syn-0020.html,run-none20,synthetic-shop.local,https://synthetic-shop.local/product/container-45l-20-02,llm_full_html,Контейнер пластиковый 45 л с крышкой,1890,True,,,3–3 дня,12.0,llm_full_html,D:\Pet_Codes\science\article-price-tracker\synthetic\html\syn-0020.html,1,3f991f4ba144db7d11e2db2df2056b94bcc218ce15364f87228161302b4edcf7
synthetic,syn-0020,html/syn-0020.html,syn-0020.html,run-none20,synthetic-shop.local,https://synthetic-shop.local/product/warehouse-box-20-03,llm_full_html,Ящик складской 600×400×220 мм,2507,False,,,1–4 дня,13.0,llm_full_html,D:\Pet_Codes\science\article-price-tracker\synthetic\html\syn-0020.html,2,3f991f4ba144db7d11e2db2df2056b94bcc218ce15364f87228161302b4edcf7
synthetic,syn-0020,html/syn-0020.html,syn-0020.html,run-none20,synthetic-shop.local,https://synthetic-shop.local/product/canister-20l-20-04,llm_full_html,Канистра 20 л пищевая,1110,True,,,2–5 дня,14.0,llm_full_html,D:\Pet_Codes\science\article-price-tracker\synthetic\html\syn-0020.html,3,3f991f4ba144db7d11e2db2df2056b94bcc218ce15364f87228161302b4edcf7
synthetic,syn-0020,html/syn-0020.html,syn-0020.html,run-none20,synthetic-shop.local,https://synthetic-shop.local/product/bucket-12l-20-05,llm_full_html,Ведро пластиковое 12 л с крышкой,520,True,,,3–6 дня,15.0,llm_full_html,D:\Pet_Codes\science\article-price-tracker\synthetic\html\syn-0020.html,4,3f991f4ba144db7d11e2db2df2056b94bcc218ce15364f87228161302b4edcf7
synthetic,syn-0020,html/syn-0020.html,syn-0020.html,run-none20,synthetic-shop.local,https://synthetic-shop.local/product/liquid-soap-20-06,llm_full_html,Мыло жидкое профессиональное 5 л,1040,True,,,2–6 дня,16.0,llm_full_html,D:\Pet_Codes\science\article-price-tracker\synthetic\html\syn-0020.html,5,3f991f4ba144db7d11e2db2df2056b94bcc218ce15364f87228161302b4edcf7
synthetic,syn-0020,html/syn-0020.html,syn-0020.html,run-none20,synthetic-shop.local,https://synthetic-shop.local/product/glass-cleaner-20-07,llm_full_html,Очиститель стекол концентрат 1 л,724,True,,,3–3 дня,17.0,llm_full_html,D:\Pet_Codes\science\article-price-tracker\synthetic\html\syn-0020.html,6,3f991f4ba144db7d11e2db2df2056b94bcc218ce15364f87228161302b4edcf7
synthetic,syn-0020,html/syn-0020.html,syn-0020.html,run-none20,synthetic-shop.local,https://synthetic-shop.local/product/nitrile-gloves-20-08,llm_full_html,Перчатки защитные нитриловые 100 шт,1620,False,,,1–4 дня,18.0,llm_full_html,D:\Pet_Codes\science\article-price-tracker\synthetic\html\syn-0020.html,7,3f991f4ba144db7d11e2db2df2056b94bcc218ce15364f87228161302b4edcf7
synthetic,syn-0020,html/syn-0020.html,syn-0020.html,run-none20,synthetic-shop.local,https://synthetic-shop.local/product/respirator-ffp2-20-09,llm_full_html,Респиратор складной FFP2 10 шт,1343,True,,,2–5 дня,19.0,llm_full_html,D:\Pet_Codes\science\article-price-tracker\synthetic\html\syn-0020.html,8,3f991f4ba144db7d11e2db2df2056b94bcc218ce15364f87228161302b4edcf7
synthetic,syn-0020,html/syn-0020.html,syn-0020.html,run-none20,synthetic-shop.local,https://synthetic-shop.local/product/surface-cleaner-20-10,llm_full_html,Средство для очистки поверхностей 5 л,1323,True,,,1–5 дня,20.0,llm_full_html,D:\Pet_Codes\science\article-price-tracker\synthetic\html\syn-0020.html,9,3f991f4ba144db7d11e2db2df2056b94bcc218ce15364f87228161302b4edcf7
synthetic,syn-0020,html/syn-0020.html,syn-0020.html,run-none20,synthetic-shop.local,https://synthetic-shop.local/product/bucket-12l-20-11,llm_full_html,Ведро пластиковое 12 л с крышкой — серия 2,541,True,,,3–6 дня,21.0,llm_full_html,D:\Pet_Codes\science\article-price-tracker\synthetic\html\syn-0020.html,10,3f991f4ba144db7d11e2db2df2056b94bcc218ce15364f87228161302b4edcf7
synthetic,syn-0020,html/syn-0020.html,syn-0020.html,run-none20,synthetic-shop.local,https://synthetic-shop.local/product/canister-20l-20-12,llm_full_html,Канистра 20 л пищевая — серия 2,1188,True,,,2–5 дня,22.0,llm_full_html,D:\Pet_Codes\science\article-price-tracker\synthetic\html\syn-0020.html,11,3f991f4ba144db7d11e2db2df2056b94bcc218ce15364f87228161302b4edcf7
synthetic,syn-0020,html/syn-0020.html,syn-0020.html,run-none20,synthetic-shop.local,https://synthetic-shop.local/product/container-45l-20-13,llm_full_html,Контейнер пластиковый 45 л с крышкой — серия 2,2079,True,,,3–3 дня,23.0,llm_full_html,D:\Pet_Codes\science\article-price-tracker\synthetic\html\syn-0020.html,12,3f991f4ba144db7d11e2db2df2056b94bcc218ce15364f87228161302b4edcf7
synthetic,syn-0020,html/syn-0020.html,syn-0020.html,run-none20,synthetic-shop.local,https://synthetic-shop.local/product/liquid-soap-20-14,llm_full_html,Мыло жидкое профессиональное 5 л — серия 2,1020,True,,,2–6 дня,24.0,llm_full_html,D:\Pet_Codes\science\article-price-tracker\synthetic\html\syn-0020.html,13,3f991f4ba144db7d11e2db2df2056b94bcc218ce15364f87228161302b4edcf7
synthetic,syn-0020,html/syn-0020.html,syn-0020.html,run-none20,synthetic-shop.local,https://synthetic-shop.local/product/glass-cleaner-20-15,llm_full_html,Очиститель стекол концентрат 1 л — серия 2,711,True,,,3–3 дня,25.0,llm_full_html,D:\Pet_Codes\science\article-price-tracker\synthetic\html\syn-0020.html,14,3f991f4ba144db7d11e2db2df2056b94bcc218ce15364f87228161302b4edcf7
synthetic,syn-0020,html/syn-0020.html,syn-0020.html,run-none20,synthetic-shop.local,https://synthetic-shop.local/product/safety-glasses-20-16,llm_full_html,Очки защитные прозрачные — серия 2,657,True,,,2–6 дня,26.0,llm_full_html,D:\Pet_Codes\science\article-price-tracker\synthetic\html\syn-0020.html,15,3f991f4ba144db7d11e2db2df2056b94bcc218ce15364f87228161302b4edcf7
synthetic,syn-0020,html/syn-0020.html,syn-0020.html,run-none20,synthetic-shop.local,https://synthetic-shop.local/product/nitrile-gloves-20-17,llm_full_html,Перчатки защитные нитриловые 100 шт — серия 2,1635,False,,,1–4 дня,27.0,llm_full_html,D:\Pet_Codes\science\article-price-tracker\synthetic\html\syn-0020.html,16,3f991f4ba144db7d11e2db2df2056b94bcc218ce15364f87228161302b4edcf7
synthetic,syn-0020,html/syn-0020.html,syn-0020.html,run-none20,synthetic-shop.local,https://synthetic-shop.local/product/respirator-ffp2-20-18,llm_full_html,Респиратор складной FFP2 10 шт — серия 2,1355,True,,,2–5 дня,28.0,llm_full_html,D:\Pet_Codes\science\article-price-tracker\synthetic\html\syn-0020.html,17,3f991f4ba144db7d11e2db2df2056b94bcc218ce15364f87228161302b4edcf7
synthetic,syn-0020,html/syn-0020.html,syn-0020.html,run-none20,synthetic-shop.local,https://synthetic-shop.local/product/surface-cleaner-20-19,llm_full_html,Средство для очистки поверхностей 5 л — серия 2,1336,True,,,1–5 дня,29.0,llm_full_html,D:\Pet_Codes\science\article-price-tracker\synthetic\html\syn-0020.html,18,3f991f4ba144db7d11e2db2df2056b94bcc218ce15364f87228161302b4edcf7
synthetic,syn-0020,html/syn-0020.html,syn-0020.html,run-none20,synthetic-shop.local,https://synthetic-shop.local/product/warehouse-box-20-20,llm_full_html,Ящик складской 600×400×220 мм — серия 2,2632,False,,,1–4 дня,30.0,llm_full_html,D:\Pet_Codes\science\article-price-tracker\synthetic\html\syn-0020.html,19,3f991f4ba144db7d11e2db2df2056b94bcc218ce15364f87228161302b4edcf7
