benchmark_run_id,result_id,pred_id,dataset,variant,page_id,gt_id,entity_id,html_file,html_key,run_id,source,query,product_url,match_status,gt_name,gt_price,gt_price_state,pred_name,pred_price,name_ok,price_ok,price_presence_ok,unexpected_price_FP,name_similarity,price_error_signed,price_error_absolute,price_error_relative,price_error_relative_absolute,error_labels,notes,entity_TP,entity_FP,entity_FN,name_TP,name_FP,name_FN,price_TP,price_FP,price_FN
20261003T183020Z-b6869124,llm_full_html-583e627afbd315,llm_full_html-583e627afbd315,synthetic,llm_full_html,syn-0001,gt-887a6c30294f636d2508,syn-0001-e06,html/syn-0001.html,syn-0001.html,run-none1,synthetic-shop.local,,https://synthetic-shop.local/product/anemometer-01-06,matched_gt,Анемометр цифровой AM-30,5925,present,Анемометр цифровой AM-30,5925.0,1,1,1,0,1.0,0.0,0.0,0.0,0.0,,matched_gt; llm_full_html,1,0,0,1,0,0,1,0,0
20261003T183020Z-b6869124,llm_full_html-76baa83beb4925,llm_full_html-76baa83beb4925,synthetic,llm_full_html,syn-0001,gt-a366ff95a9353ad37198,syn-0001-e09,html/syn-0001.html,syn-0001.html,run-none1,synthetic-shop.local,,https://synthetic-shop.local/product/clamp-meter-01-09,matched_gt,Клещи токовые CM-600,7155,present,Клещи токовые CM-600,7155.0,1,1,1,0,1.0,0.0,0.0,0.0,0.0,,matched_gt; llm_full_html,1,0,0,1,0,0,1,0,0
20261003T183020Z-b6869124,llm_full_html-26790a8c2d4060,llm_full_html-26790a8c2d4060,synthetic,llm_full_html,syn-0001,gt-d3a4118972524f9e2b1f,syn-0001-e01,html/syn-0001.html,syn-0001.html,run-none1,synthetic-shop.local,,https://synthetic-shop.local/product/laser-level-01-01,matched_gt,Лазерный уровень ЛУ-360 Pro,12990,present,Лазерный уровень ЛУ-360 Pro,12990.0,1,1,1,0,1.0,0.0,0.0,0.0,0.0,,matched_gt; llm_full_html,1,0,0,1,0,0,1,0,0
20261003T183020Z-b6869124,llm_full_html-9cf504bd457287,llm_full_html-9cf504bd457287,synthetic,llm_full_html,syn-0001,gt-7c0689ca310457392ddc,syn-0001-e02,html/syn-0001.html,syn-0001.html,run-none1,synthetic-shop.local,,https://synthetic-shop.local/product/laser-rangefinder-01-02,matched_gt,Дальномер лазерный DM-80,7039,present,Дальномер лазерный DM-80,7039.0,1,1,1,0,1.0,0.0,0.0,0.0,0.0,,matched_gt; llm_full_html,1,0,0,1,0,0,1,0,0
20261003T183020Z-b6869124,llm_full_html-fd3910c5a3edc6,llm_full_html-fd3910c5a3edc6,synthetic,llm_full_html,syn-0001,gt-3c158ef6c61de035c4a9,syn-0001-e10,html/syn-0001.html,syn-0001.html,run-none1,synthetic-shop.local,,https://synthetic-shop.local/product/luxmeter-01-10,matched_gt,Люксметр LX-1010,3342,present,Люксметр LX-1010,3342.0,1,1,1,0,1.0,0.0,0.0,0.0,0.0,,matched_gt; llm_full_html,1,0,0,1,0,0,1,0,0
20261003T183020Z-b6869124,llm_full_html-116da72213e82c,llm_full_html-116da72213e82c,synthetic,llm_full_html,syn-0001,gt-001f053c87e5141ef372,syn-0001-e11,html/syn-0001.html,syn-0001.html,run-none1,synthetic-shop.local,,https://synthetic-shop.local/product/megohmmeter-01-11,matched_gt,Мегаомметр цифровой MI-1000,16263,present,Мегаомметр цифровой MI-1000,16263.0,1,1,1,0,1.0,0.0,0.0,0.0,0.0,,matched_gt; llm_full_html,1,0,0,1,0,0,1,0,0
20261003T183020Z-b6869124,llm_full_html-c94fa312b2d08d,llm_full_html-c94fa312b2d08d,synthetic,llm_full_html,syn-0001,gt-b67b62e4439dd1703516,syn-0001-e07,html/syn-0001.html,syn-0001.html,run-none1,synthetic-shop.local,,https://synthetic-shop.local/product/moisture-meter-01-07,matched_gt,Влагомер древесины WM-2,3299,present,Влагомер древесины WM-2,3299.0,1,1,1,0,1.0,0.0,0.0,0.0,0.0,,matched_gt; llm_full_html,1,0,0,1,0,0,1,0,0
20261003T183020Z-b6869124,llm_full_html-0db45c76426054,llm_full_html-0db45c76426054,synthetic,llm_full_html,syn-0001,gt-ecdeeb5d61972870008d,syn-0001-e03,html/syn-0001.html,syn-0001.html,run-none1,synthetic-shop.local,,https://synthetic-shop.local/product/multimeter-01-03,matched_gt,Мультиметр цифровой M830 Pro,1916,present,Мультиметр цифровой M830 Pro,1916.0,1,1,1,0,1.0,0.0,0.0,0.0,0.0,,matched_gt; llm_full_html,1,0,0,1,0,0,1,0,0
20261003T183020Z-b6869124,llm_full_html-9e896f495806ad,llm_full_html-9e896f495806ad,synthetic,llm_full_html,syn-0001,gt-7e0bd1f55fb633b9df63,syn-0001-e05,html/syn-0001.html,syn-0001.html,run-none1,synthetic-shop.local,,https://synthetic-shop.local/product/optical-level-01-05,matched_gt,Нивелир оптический N-32,21490,present,Нивелир оптический N-32,21490.0,1,1,1,0,1.0,0.0,0.0,0.0,0.0,,matched_gt; llm_full_html,1,0,0,1,0,0,1,0,0
20261003T183020Z-b6869124,llm_full_html-17b3bb7eb45a90,llm_full_html-17b3bb7eb45a90,synthetic,llm_full_html,syn-0001,gt-1448017e756d20a064b8,syn-0001-e12,html/syn-0001.html,syn-0001.html,run-none1,synthetic-shop.local,,https://synthetic-shop.local/product/pyrometer-01-12,matched_gt,Пирометр инфракрасный IR-900,3655,present,Пирометр инфракрасный IR-900,3655.0,1,1,1,0,1.0,0.0,0.0,0.0,0.0,,matched_gt; llm_full_html,1,0,0,1,0,0,1,0,0
20261003T183020Z-b6869124,llm_full_html-82ee9366d6bbcf,llm_full_html-82ee9366d6bbcf,synthetic,llm_full_html,syn-0001,gt-20dae6b4a418ab6b6ea0,syn-0001-e04,html/syn-0001.html,syn-0001.html,run-none1,synthetic-shop.local,,https://synthetic-shop.local/product/thermal-camera-01-04,matched_gt,Тепловизор строительный IR-256,43800,present,Тепловизор строительный IR-256,43800.0,1,1,1,0,1.0,0.0,0.0,0.0,0.0,,matched_gt; llm_full_html,1,0,0,1,0,0,1,0,0
20261003T183020Z-b6869124,llm_full_html-83068a5a3d1d91,llm_full_html-83068a5a3d1d91,synthetic,llm_full_html,syn-0001,gt-329ee82360e537d689ea,syn-0001-e08,html/syn-0001.html,syn-0001.html,run-none1,synthetic-shop.local,,https://synthetic-shop.local/product/wall-scanner-01-08,matched_gt,Детектор скрытой проводки WallScan 5,4920,present,Детектор скрытой проводки WallScan 5,4920.0,1,1,1,0,1.0,0.0,0.0,0.0,0.0,,matched_gt; llm_full_html,1,0,0,1,0,0,1,0,0
20261003T183020Z-b6869124,llm_full_html-335613044bcdd1,llm_full_html-335613044bcdd1,synthetic,llm_full_html,syn-0002,gt-f13ec39348cbf3834d9a,syn-0002-e04,html/syn-0002.html,syn-0002.html,run-none2,synthetic-shop.local,,https://synthetic-shop.local/product/anemometer-02-04,matched_gt,Анемометр цифровой AM-30,5290,present,Анемометр цифровой AM-30,5290.0,1,1,1,0,1.0,0.0,0.0,0.0,0.0,,matched_gt; llm_full_html,1,0,0,1,0,0,1,0,0
20261003T183020Z-b6869124,llm_full_html-fb7cc77d7859cf,llm_full_html-fb7cc77d7859cf,synthetic,llm_full_html,syn-0002,gt-73d134663d3eb382a9f4,syn-0002-e16,html/syn-0002.html,syn-0002.html,run-none2,synthetic-shop.local,,https://synthetic-shop.local/product/anemometer-02-16,matched_gt,Анемометр цифровой AM-30 — серия 2,5819,present,Анемометр цифровой AM-30 — серия 2,5819.0,1,1,1,0,1.0,0.0,0.0,0.0,0.0,,matched_gt; llm_full_html,1,0,0,1,0,0,1,0,0
20261003T183020Z-b6869124,llm_full_html-3447afad852304,llm_full_html-3447afad852304,synthetic,llm_full_html,syn-0002,gt-b597b857334b97d6a2f3,syn-0002-e15,html/syn-0002.html,syn-0002.html,run-none2,synthetic-shop.local,,https://synthetic-shop.local/product/angle-meter-02-15,matched_gt,Угломер электронный AG-360,4113,present,Угломер электронный AG-360,4113.0,1,1,1,0,1.0,0.0,0.0,0.0,0.0,,matched_gt; llm_full_html,1,0,0,1,0,0,1,0,0
20261003T183020Z-b6869124,llm_full_html-d4020e823d07de,llm_full_html-d4020e823d07de,synthetic,llm_full_html,syn-0002,gt-2044bcf107bcbe0e0377,syn-0002-e30,html/syn-0002.html,syn-0002.html,run-none2,synthetic-shop.local,,https://synthetic-shop.local/product/angle-meter-02-30,matched_gt,Угломер электронный AG-360 — серия 2,3844,present,Угломер электронный AG-360 — серия 2,3844.0,1,1,1,0,1.0,0.0,0.0,0.0,0.0,,matched_gt; llm_full_html,1,0,0,1,0,0,1,0,0
20261003T183020Z-b6869124,llm_full_html-a118da48dcd7c6,llm_full_html-a118da48dcd7c6,synthetic,llm_full_html,syn-0002,gt-b6c726431439df499318,syn-0002-e08,html/syn-0002.html,syn-0002.html,run-none2,synthetic-shop.local,,https://synthetic-shop.local/product/clamp-meter-02-08,matched_gt,Клещи токовые CM-600,7420,present,Клещи токовые CM-600,7420.0,1,1,1,0,1.0,0.0,0.0,0.0,0.0,,matched_gt; llm_full_html,1,0,0,1,0,0,1,0,0
20261003T183020Z-b6869124,llm_full_html-a8139d8031a75f,llm_full_html-a8139d8031a75f,synthetic,llm_full_html,syn-0002,gt-fe1ef6a4be020f87174e,syn-0002-e20,html/syn-0002.html,syn-0002.html,run-none2,synthetic-shop.local,,https://synthetic-shop.local/product/clamp-meter-02-20,matched_gt,Клещи токовые CM-600 — серия 2,7221,present,Клещи токовые CM-600 — серия 2,7221.0,1,1,1,0,1.0,0.0,0.0,0.0,0.0,,matched_gt; llm_full_html,1,0,0,1,0,0,1,0,0
20261003T183020Z-b6869124,llm_full_html-792e76274b2ad2,llm_full_html-792e76274b2ad2,synthetic,llm_full_html,syn-0002,gt-c9cb65771a7bd060979a,syn-0002-e14,html/syn-0002.html,syn-0002.html,run-none2,synthetic-shop.local,,https://synthetic-shop.local/product/coating-gauge-02-14,matched_gt,Толщиномер покрытий CT-1200,9350,present,Толщиномер покрытий CT-1200,9350.0,1,1,1,0,1.0,0.0,0.0,0.0,0.0,,matched_gt; llm_full_html,1,0,0,1,0,0,1,0,0
20261003T183020Z-b6869124,llm_full_html-c792aa456cb670,llm_full_html-c792aa456cb670,synthetic,llm_full_html,syn-0002,gt-0fdde7957565cf061671,syn-0002-e29,html/syn-0002.html,syn-0002.html,run-none2,synthetic-shop.local,,https://synthetic-shop.local/product/coating-gauge-02-29,matched_gt,Толщиномер покрытий CT-1200 — серия 2,9889,present,Толщиномер покрытий CT-1200 — серия 2,9889.0,1,1,1,0,1.0,0.0,0.0,0.0,0.0,,matched_gt; llm_full_html,1,0,0,1,0,0,1,0,0
20261003T183020Z-b6869124,llm_full_html-100910c73e03da,llm_full_html-100910c73e03da,synthetic,llm_full_html,syn-0002,gt-6c24370fce3fc1acbd30,syn-0002-e09,html/syn-0002.html,syn-0002.html,run-none2,synthetic-shop.local,,https://synthetic-shop.local/product/laser-level-02-09,matched_gt,Лазерный уровень ЛУ-360 Pro,13250,present,Лазерный уровень ЛУ-360 Pro,13250.0,1,1,1,0,1.0,0.0,0.0,0.0,0.0,,matched_gt; llm_full_html,1,0,0,1,0,0,1,0,0
20261003T183020Z-b6869124,llm_full_html-1bdde82ef64fc7,llm_full_html-1bdde82ef64fc7,synthetic,llm_full_html,syn-0002,gt-fc0be44e6fb7958d702b,syn-0002-e21,html/syn-0002.html,syn-0002.html,run-none2,synthetic-shop.local,,https://synthetic-shop.local/product/laser-level-02-21,matched_gt,Лазерный уровень ЛУ-360 Pro — серия 2,14549,present,Лазерный уровень ЛУ-360 Pro — серия 2,14549.0,1,1,1,0,1.0,0.0,0.0,0.0,0.0,,matched_gt; llm_full_html,1,0,0,1,0,0,1,0,0
20261003T183020Z-b6869124,llm_full_html-a6d3c1ede0aa1b,llm_full_html-a6d3c1ede0aa1b,synthetic,llm_full_html,syn-0002,gt-6d4fc318070e30519ded,syn-0002-e07,html/syn-0002.html,syn-0002.html,run-none2,synthetic-shop.local,,https://synthetic-shop.local/product/laser-rangefinder-02-07,matched_gt,Дальномер лазерный DM-80,7673,present,Дальномер лазерный DM-80,7673.0,1,1,1,0,1.0,0.0,0.0,0.0,0.0,,matched_gt; llm_full_html,1,0,0,1,0,0,1,0,0
20261003T183020Z-b6869124,llm_full_html-69fd97886be1d1,llm_full_html-69fd97886be1d1,synthetic,llm_full_html,syn-0002,gt-1850f4aa1ed6cd5ba531,syn-0002-e18,html/syn-0002.html,syn-0002.html,run-none2,synthetic-shop.local,,https://synthetic-shop.local/product/laser-rangefinder-02-18,matched_gt,Дальномер лазерный DM-80 — серия 2,7250,present,Дальномер лазерный DM-80 — серия 2,7250.0,1,1,1,0,1.0,0.0,0.0,0.0,0.0,,matched_gt; llm_full_html,1,0,0,1,0,0,1,0,0
20261003T183020Z-b6869124,llm_full_html-7c417792229b5e,llm_full_html-7c417792229b5e,synthetic,llm_full_html,syn-0002,gt-db037d08f64e5b2ae1c7,syn-0002-e10,html/syn-0002.html,syn-0002.html,run-none2,synthetic-shop.local,,https://synthetic-shop.local/product/luxmeter-02-10,matched_gt,Люксметр LX-1010,3162,present,Люксметр LX-1010,3162.0,1,1,1,0,1.0,0.0,0.0,0.0,0.0,,matched_gt; llm_full_html,1,0,0,1,0,0,1,0,0
20261003T183020Z-b6869124,llm_full_html-2250217828a322,llm_full_html-2250217828a322,synthetic,llm_full_html,syn-0002,gt-613d5f4a8e40105c621a,syn-0002-e22,html/syn-0002.html,syn-0002.html,run-none2,synthetic-shop.local,,https://synthetic-shop.local/product/luxmeter-02-22,matched_gt,Люксметр LX-1010 — серия 2,3071,present,Люксметр LX-1010 — серия 2,3071.0,1,1,1,0,1.0,0.0,0.0,0.0,0.0,,matched_gt; llm_full_html,1,0,0,1,0,0,1,0,0
20261003T183020Z-b6869124,llm_full_html-c423247e82bd1b,llm_full_html-c423247e82bd1b,synthetic,llm_full_html,syn-0002,gt-84481342d49e5bfee21b,syn-0002-e11,html/syn-0002.html,syn-0002.html,run-none2,synthetic-shop.local,,https://synthetic-shop.local/product/megohmmeter-02-11,matched_gt,Мегаомметр цифровой MI-1000,17390,present,Мегаомметр цифровой MI-1000,17390.0,1,1,1,0,1.0,0.0,0.0,0.0,0.0,,matched_gt; llm_full_html,1,0,0,1,0,0,1,0,0
20261003T183020Z-b6869124,llm_full_html-28305094015c72,llm_full_html-28305094015c72,synthetic,llm_full_html,syn-0002,gt-be1025796bcacbc992a7,syn-0002-e23,html/syn-0002.html,syn-0002.html,run-none2,synthetic-shop.local,,https://synthetic-shop.local/product/megohmmeter-02-23,matched_gt,Мегаомметр цифровой MI-1000 — серия 2,16907,present,Мегаомметр цифровой MI-1000 — серия 2,16907.0,1,1,1,0,1.0,0.0,0.0,0.0,0.0,,matched_gt; llm_full_html,1,0,0,1,0,0,1,0,0
20261003T183020Z-b6869124,llm_full_html-cdecbb41d7250a,llm_full_html-cdecbb41d7250a,synthetic,llm_full_html,syn-0002,gt-04e9d49bd665ebfb48f4,syn-0002-e06,html/syn-0002.html,syn-0002.html,run-none2,synthetic-shop.local,,https://synthetic-shop.local/product/moisture-meter-02-06,matched_gt,Влагомер древесины WM-2,3428,present,Влагомер древесины WM-2,3428.0,1,1,1,0,1.0,0.0,0.0,0.0,0.0,,matched_gt; llm_full_html,1,0,0,1,0,0,1,0,0
20261003T183020Z-b6869124,llm_full_html-25e84f59beb035,llm_full_html-25e84f59beb035,synthetic,llm_full_html,syn-0002,gt-b3af68486107099bc4de,syn-0002-e17,html/syn-0002.html,syn-0002.html,run-none2,synthetic-shop.local,,https://synthetic-shop.local/product/moisture-meter-02-17,matched_gt,Влагомер древесины WM-2 — серия 2,3234,present,Влагомер древесины WM-2 — серия 2,3234.0,1,1,1,0,1.0,0.0,0.0,0.0,0.0,,matched_gt; llm_full_html,1,0,0,1,0,0,1,0,0
20261003T183020Z-b6869124,llm_full_html-5810c6b48a10a8,llm_full_html-5810c6b48a10a8,synthetic,llm_full_html,syn-0002,gt-9278d7babe5b698deae5,syn-0002-e12,html/syn-0002.html,syn-0002.html,run-none2,synthetic-shop.local,,https://synthetic-shop.local/product/multimeter-02-12,matched_gt,Мультиметр цифровой M830 Pro,2127,present,Мультиметр цифровой M830 Pro,2127.0,1,1,1,0,1.0,0.0,0.0,0.0,0.0,,matched_gt; llm_full_html,1,0,0,1,0,0,1,0,0
20261003T183020Z-b6869124,llm_full_html-387b18595711a4,llm_full_html-387b18595711a4,synthetic,llm_full_html,syn-0002,gt-9157577b18947e24873a,syn-0002-e24,html/syn-0002.html,syn-0002.html,run-none2,synthetic-shop.local,,https://synthetic-shop.local/product/multimeter-02-24,matched_gt,Мультиметр цифровой M830 Pro — серия 2,2069,present,Мультиметр цифровой M830 Pro — серия 2,2069.0,1,1,1,0,1.0,0.0,0.0,0.0,0.0,,matched_gt; llm_full_html,1,0,0,1,0,0,1,0,0
20261003T183020Z-b6869124,llm_full_html-0bfa927c86cd17,llm_full_html-0bfa927c86cd17,synthetic,llm_full_html,syn-0002,gt-75b01fd8b5bccfa23edf,syn-0002-e02,html/syn-0002.html,syn-0002.html,run-none2,synthetic-shop.local,,https://synthetic-shop.local/product/optical-level-02-02,matched_gt,Нивелир оптический N-32,21790,present,Нивелир оптический N-32,21790.0,1,1,1,0,1.0,0.0,0.0,0.0,0.0,,matched_gt; llm_full_html,1,0,0,1,0,0,1,0,0
20261003T183020Z-b6869124,llm_full_html-cad7afde139234,llm_full_html-cad7afde139234,synthetic,llm_full_html,syn-0002,gt-9294e07e7f433c05915b,syn-0002-e25,html/syn-0002.html,syn-0002.html,run-none2,synthetic-shop.local,,https://synthetic-shop.local/product/optical-level-02-25,matched_gt,Нивелир оптический N-32 — серия 2,23854,present,Нивелир оптический N-32 — серия 2,23854.0,1,1,1,0,1.0,0.0,0.0,0.0,0.0,,matched_gt; llm_full_html,1,0,0,1,0,0,1,0,0
20261003T183020Z-b6869124,llm_full_html-2b24ae3f53c475,llm_full_html-2b24ae3f53c475,synthetic,llm_full_html,syn-0002,gt-711f8053b98609aa46d3,syn-0002-e05,html/syn-0002.html,syn-0002.html,run-none2,synthetic-shop.local,,https://synthetic-shop.local/product/pyrometer-02-05,matched_gt,Пирометр инфракрасный IR-900,3514,present,Пирометр инфракрасный IR-900,3514.0,1,1,1,0,1.0,0.0,0.0,0.0,0.0,,matched_gt; llm_full_html,1,0,0,1,0,0,1,0,0
20261003T183020Z-b6869124,llm_full_html-a67df1613401ce,llm_full_html-a67df1613401ce,synthetic,llm_full_html,syn-0002,gt-18ea43d96680ed443ebc,syn-0002-e26,html/syn-0002.html,syn-0002.html,run-none2,synthetic-shop.local,,https://synthetic-shop.local/product/pyrometer-02-26,matched_gt,Пирометр инфракрасный IR-900 — серия 2,3549,present,Пирометр инфракрасный IR-900 — серия 2,3549.0,1,1,1,0,1.0,0.0,0.0,0.0,0.0,,matched_gt; llm_full_html,1,0,0,1,0,0,1,0,0
20261003T183020Z-b6869124,llm_full_html-81ef54e515caf0,llm_full_html-81ef54e515caf0,synthetic,llm_full_html,syn-0002,gt-724c93c39a20b642c72e,syn-0002-e13,html/syn-0002.html,syn-0002.html,run-none2,synthetic-shop.local,,https://synthetic-shop.local/product/socket-tester-02-13,matched_gt,Тестер розеток и УЗО ST-8,1834,present,Тестер розеток и УЗО ST-8,1834.0,1,1,1,0,1.0,0.0,0.0,0.0,0.0,,matched_gt; llm_full_html,1,0,0,1,0,0,1,0,0
20261003T183020Z-b6869124,llm_full_html-a88d6aa62a6f0e,llm_full_html-a88d6aa62a6f0e,synthetic,llm_full_html,syn-0002,gt-065b8587d3e803d72f80,syn-0002-e28,html/syn-0002.html,syn-0002.html,run-none2,synthetic-shop.local,,https://synthetic-shop.local/product/socket-tester-02-28,matched_gt,Тестер розеток и УЗО ST-8 — серия 2,1943,present,Тестер розеток и УЗО ST-8 — серия 2,1943.0,1,1,1,0,1.0,0.0,0.0,0.0,0.0,,matched_gt; llm_full_html,1,0,0,1,0,0,1,0,0
20261003T183020Z-b6869124,llm_full_html-dd6ec5bc132618,llm_full_html-dd6ec5bc132618,synthetic,llm_full_html,syn-0002,gt-734be3b9a4b8ca4c77e9,syn-0002-e01,html/syn-0002.html,syn-0002.html,run-none2,synthetic-shop.local,,https://synthetic-shop.local/product/thermal-camera-02-01,matched_gt,Тепловизор строительный IR-256,43200,present,Тепловизор строительный IR-256,43200.0,1,1,1,0,1.0,0.0,0.0,0.0,0.0,,matched_gt; llm_full_html,1,0,0,1,0,0,1,0,0
20261003T183020Z-b6869124,llm_full_html-936c7e4ad35f41,llm_full_html-936c7e4ad35f41,synthetic,llm_full_html,syn-0002,gt-ea51fd59fc877f048f9b,syn-0002-e27,html/syn-0002.html,syn-0002.html,run-none2,synthetic-shop.local,,https://synthetic-shop.local/product/thermal-camera-02-27,matched_gt,Тепловизор строительный IR-256 — серия 2,45552,present,Тепловизор строительный IR-256 — серия 2,45552.0,1,1,1,0,1.0,0.0,0.0,0.0,0.0,,matched_gt; llm_full_html,1,0,0,1,0,0,1,0,0
20261003T183020Z-b6869124,llm_full_html-a4f26ba116b118,llm_full_html-a4f26ba116b118,synthetic,llm_full_html,syn-0002,gt-1cc27f8ce29473cba62f,syn-0002-e03,html/syn-0002.html,syn-0002.html,run-none2,synthetic-shop.local,,https://synthetic-shop.local/product/wall-scanner-02-03,matched_gt,Детектор скрытой проводки WallScan 5,4686,present,Детектор скрытой проводки WallScan 5,4686.0,1,1,1,0,1.0,0.0,0.0,0.0,0.0,,matched_gt; llm_full_html,1,0,0,1,0,0,1,0,0
20261003T183020Z-b6869124,llm_full_html-ca44fe0df11020,llm_full_html-ca44fe0df11020,synthetic,llm_full_html,syn-0002,gt-ac6f87af024648015c3b,syn-0002-e19,html/syn-0002.html,syn-0002.html,run-none2,synthetic-shop.local,,https://synthetic-shop.local/product/wall-scanner-02-19,matched_gt,Детектор скрытой проводки WallScan 5 — серия 2,4967,present,Детектор скрытой проводки WallScan 5 — серия 2,4967.0,1,1,1,0,1.0,0.0,0.0,0.0,0.0,,matched_gt; llm_full_html,1,0,0,1,0,0,1,0,0
20261003T183020Z-b6869124,llm_full_html-2e51e223c229b0,llm_full_html-2e51e223c229b0,synthetic,llm_full_html,syn-0003,gt-ecb49e75cbeb5d96d003,syn-0003-e01,html/syn-0003.html,syn-0003.html,run-none3,synthetic-shop.local,,https://synthetic-shop.local/product/anemometer-03-01,matched_gt,Анемометр цифровой AM-30,5364,present,Анемометр цифровой AM-30,5364.0,1,1,1,0,1.0,0.0,0.0,0.0,0.0,,matched_gt; llm_full_html,1,0,0,1,0,0,1,0,0
20261003T183020Z-b6869124,llm_full_html-db163d90f982f0,llm_full_html-db163d90f982f0,synthetic,llm_full_html,syn-0003,gt-24f300168b1ba4e83023,syn-0003-e16,html/syn-0003.html,syn-0003.html,run-none3,synthetic-shop.local,,https://synthetic-shop.local/product/anemometer-03-16,matched_gt,Анемометр цифровой AM-30 — серия 2,5502,present,Анемометр цифровой AM-30 — серия 2,5502.0,1,1,1,0,1.0,0.0,0.0,0.0,0.0,,matched_gt; llm_full_html,1,0,0,1,0,0,1,0,0
20261003T183020Z-b6869124,llm_full_html-b08ad271e26c19,llm_full_html-b08ad271e26c19,synthetic,llm_full_html,syn-0003,gt-5fe46f27a8587d724b8c,syn-0003-e15,html/syn-0003.html,syn-0003.html,run-none3,synthetic-shop.local,,https://synthetic-shop.local/product/angle-meter-03-15,matched_gt,Угломер электронный AG-360,3882,present,Угломер электронный AG-360,3882.0,1,1,1,0,1.0,0.0,0.0,0.0,0.0,,matched_gt; llm_full_html,1,0,0,1,0,0,1,0,0
20261003T183020Z-b6869124,llm_full_html-5751708f63b041,llm_full_html-5751708f63b041,synthetic,llm_full_html,syn-0003,gt-181401204dd7f417dfc9,syn-0003-e09,html/syn-0003.html,syn-0003.html,run-none3,synthetic-shop.local,,https://synthetic-shop.local/product/clamp-meter-03-09,matched_gt,Клещи токовые CM-600,7221,present,Клещи токовые CM-600,7221.0,1,1,1,0,1.0,0.0,0.0,0.0,0.0,,matched_gt; llm_full_html,1,0,0,1,0,0,1,0,0
20261003T183020Z-b6869124,llm_full_html-ee863322eb8540,llm_full_html-ee863322eb8540,synthetic,llm_full_html,syn-0003,gt-462f8f165f82260133cf,syn-0003-e03,html/syn-0003.html,syn-0003.html,run-none3,synthetic-shop.local,,https://synthetic-shop.local/product/coating-gauge-03-03,matched_gt,Толщиномер покрытий CT-1200,8990,present,Толщиномер покрытий CT-1200,8990.0,1,1,1,0,1.0,0.0,0.0,0.0,0.0,,matched_gt; llm_full_html,1,0,0,1,0,0,1,0,0
20261003T183020Z-b6869124,llm_full_html-dc8bfac3496c80,llm_full_html-dc8bfac3496c80,synthetic,llm_full_html,syn-0003,gt-c4430eca9ef071fd3b8d,syn-0003-e10,html/syn-0003.html,syn-0003.html,run-none3,synthetic-shop.local,,https://synthetic-shop.local/product/laser-level-03-10,matched_gt,Лазерный уровень ЛУ-360 Pro,14549,present,Лазерный уровень ЛУ-360 Pro,14549.0,1,1,1,0,1.0,0.0,0.0,0.0,0.0,,matched_gt; llm_full_html,1,0,0,1,0,0,1,0,0
20261003T183020Z-b6869124,llm_full_html-b14a962d0f568c,llm_full_html-b14a962d0f568c,synthetic,llm_full_html,syn-0003,gt-a2b74fb44648317406e2,syn-0003-e07,html/syn-0003.html,syn-0003.html,run-none3,synthetic-shop.local,,https://synthetic-shop.local/product/laser-rangefinder-03-07,matched_gt,Дальномер лазерный DM-80,7250,present,Дальномер лазерный DM-80,7250.0,1,1,1,0,1.0,0.0,0.0,0.0,0.0,,matched_gt; llm_full_html,1,0,0,1,0,0,1,0,0
20261003T183020Z-b6869124,llm_full_html-883424a2cd3ae4,llm_full_html-883424a2cd3ae4,synthetic,llm_full_html,syn-0003,gt-456853c991edcf72c2bb,syn-0003-e11,html/syn-0003.html,syn-0003.html,run-none3,synthetic-shop.local,,https://synthetic-shop.local/product/luxmeter-03-11,matched_gt,Люксметр LX-1010,3071,present,Люксметр LX-1010,3071.0,1,1,1,0,1.0,0.0,0.0,0.0,0.0,,matched_gt; llm_full_html,1,0,0,1,0,0,1,0,0
20261003T183020Z-b6869124,llm_full_html-61fc4e2e692088,llm_full_html-61fc4e2e692088,synthetic,llm_full_html,syn-0003,gt-80bd9eab869b3a2b33c2,syn-0003-e04,html/syn-0003.html,syn-0003.html,run-none3,synthetic-shop.local,,https://synthetic-shop.local/product/megohmmeter-03-04,matched_gt,Мегаомметр цифровой MI-1000,16102,present,Мегаомметр цифровой MI-1000,16102.0,1,1,1,0,1.0,0.0,0.0,0.0,0.0,,matched_gt; llm_full_html,1,0,0,1,0,0,1,0,0
20261003T183020Z-b6869124,llm_full_html-bb15ec62bff622,llm_full_html-bb15ec62bff622,synthetic,llm_full_html,syn-0003,gt-141d578848e018f1c7a5,syn-0003-e06,html/syn-0003.html,syn-0003.html,run-none3,synthetic-shop.local,,https://synthetic-shop.local/product/moisture-meter-03-06,matched_gt,Влагомер древесины WM-2,3234,present,Влагомер древесины WM-2,3234.0,1,1,1,0,1.0,0.0,0.0,0.0,0.0,,matched_gt; llm_full_html,1,0,0,1,0,0,1,0,0
20261003T183020Z-b6869124,llm_full_html-6e653bf5f91e70,llm_full_html-6e653bf5f91e70,synthetic,llm_full_html,syn-0003,gt-267753a54e5bb552cbda,syn-0003-e12,html/syn-0003.html,syn-0003.html,run-none3,synthetic-shop.local,,https://synthetic-shop.local/product/multimeter-03-12,matched_gt,Мультиметр цифровой M830 Pro,2012,present,Мультиметр цифровой M830 Pro,2012.0,1,1,1,0,1.0,0.0,0.0,0.0,0.0,,matched_gt; llm_full_html,1,0,0,1,0,0,1,0,0
20261003T183020Z-b6869124,llm_full_html-7cc4d3dd6da301,llm_full_html-7cc4d3dd6da301,synthetic,llm_full_html,syn-0003,gt-c044eaa394dd36cc87e0,syn-0003-e13,html/syn-0003.html,syn-0003.html,run-none3,synthetic-shop.local,,https://synthetic-shop.local/product/optical-level-03-13,matched_gt,Нивелир оптический N-32,23209,present,Нивелир оптический N-32,23209.0,1,1,1,0,1.0,0.0,0.0,0.0,0.0,,matched_gt; llm_full_html,1,0,0,1,0,0,1,0,0
20261003T183020Z-b6869124,llm_full_html-f84a147d397803,llm_full_html-f84a147d397803,synthetic,llm_full_html,syn-0003,gt-807791f7813b4ebba757,syn-0003-e02,html/syn-0003.html,syn-0003.html,run-none3,synthetic-shop.local,,https://synthetic-shop.local/product/pyrometer-03-02,matched_gt,Пирометр инфракрасный IR-900,3562,present,Пирометр инфракрасный IR-900,3562.0,1,1,1,0,1.0,0.0,0.0,0.0,0.0,,matched_gt; llm_full_html,1,0,0,1,0,0,1,0,0
20261003T183020Z-b6869124,llm_full_html-da36a6e790cf46,llm_full_html-da36a6e790cf46,synthetic,llm_full_html,syn-0003,gt-8c0511cfaa723f81918b,syn-0003-e05,html/syn-0003.html,syn-0003.html,run-none3,synthetic-shop.local,,https://synthetic-shop.local/product/socket-tester-03-05,matched_gt,Тестер розеток и УЗО ST-8,1816,present,Тестер розеток и УЗО ST-8,1816.0,1,1,1,0,1.0,0.0,0.0,0.0,0.0,,matched_gt; llm_full_html,1,0,0,1,0,0,1,0,0
20261003T183020Z-b6869124,llm_full_html-487a27066de2c7,llm_full_html-487a27066de2c7,synthetic,llm_full_html,syn-0003,gt-d73fdaed5806b71439b8,syn-0003-e14,html/syn-0003.html,syn-0003.html,run-none3,synthetic-shop.local,,https://synthetic-shop.local/product/thermal-camera-03-14,matched_gt,Тепловизор строительный IR-256,48618,present,Тепловизор строительный IR-256,48618.0,1,1,1,0,1.0,0.0,0.0,0.0,0.0,,matched_gt; llm_full_html,1,0,0,1,0,0,1,0,0
20261003T183020Z-b6869124,llm_full_html-1787bd6f133f4e,llm_full_html-1787bd6f133f4e,synthetic,llm_full_html,syn-0003,gt-7e69ea2a3f73fa9ea836,syn-0003-e08,html/syn-0003.html,syn-0003.html,run-none3,synthetic-shop.local,,https://synthetic-shop.local/product/wall-scanner-03-08,matched_gt,Детектор скрытой проводки WallScan 5,4967,present,Детектор скрытой проводки WallScan 5,4967.0,1,1,1,0,1.0,0.0,0.0,0.0,0.0,,matched_gt; llm_full_html,1,0,0,1,0,0,1,0,0
20261003T183020Z-b6869124,llm_full_html-f148ac2b94388e,llm_full_html-f148ac2b94388e,synthetic,llm_full_html,syn-0004,gt-28ab4c4c47ba4d4ad2b4,syn-0004-e06,html/syn-0004.html,syn-0004.html,run-none4,synthetic-shop.local,,https://synthetic-shop.local/product/anemometer-04-06,matched_gt,Анемометр цифровой AM-30,5660,present,Анемометр цифровой AM-30,5660.0,1,1,1,0,1.0,0.0,0.0,0.0,0.0,,matched_gt; llm_full_html,1,0,0,1,0,0,1,0,0
20261003T183020Z-b6869124,llm_full_html-60ea625016e984,llm_full_html-60ea625016e984,synthetic,llm_full_html,syn-0004,gt-75da8531272537d8082f,syn-0004-e16,html/syn-0004.html,syn-0004.html,run-none4,synthetic-shop.local,,https://synthetic-shop.local/product/anemometer-04-16,matched_gt,Анемометр цифровой AM-30 — серия 2,5872,present,Анемометр цифровой AM-30 — серия 2,5872.0,1,1,1,0,1.0,0.0,0.0,0.0,0.0,,matched_gt; llm_full_html,1,0,0,1,0,0,1,0,0
20261003T183020Z-b6869124,llm_full_html-f81fae74dc68da,llm_full_html-f81fae74dc68da,synthetic,llm_full_html,syn-0004,gt-af2c9d5e92718b667f48,syn-0004-e15,html/syn-0004.html,syn-0004.html,run-none4,synthetic-shop.local,,https://synthetic-shop.local/product/angle-meter-04-15,matched_gt,Угломер электронный AG-360,4152,present,Угломер электронный AG-360,4152.0,1,1,1,0,1.0,0.0,0.0,0.0,0.0,,matched_gt; llm_full_html,1,0,0,1,0,0,1,0,0
20261003T183020Z-b6869124,llm_full_html-7cf2a8aa41b76d,llm_full_html-7cf2a8aa41b76d,synthetic,llm_full_html,syn-0004,gt-ea08119e0e5b8fd16a0b,syn-0004-e05,html/syn-0004.html,syn-0004.html,run-none4,synthetic-shop.local,,https://synthetic-shop.local/product/clamp-meter-04-05,matched_gt,Клещи токовые CM-600,6625,present,Клещи токовые CM-600,6625.0,1,1,1,0,1.0,0.0,0.0,0.0,0.0,,matched_gt; llm_full_html,1,0,0,1,0,0,1,0,0
20261003T183020Z-b6869124,llm_full_html-744bddd91bdda2,llm_full_html-744bddd91bdda2,synthetic,llm_full_html,syn-0004,gt-b8dcf7094175f3dd32ff,syn-0004-e20,html/syn-0004.html,syn-0004.html,run-none4,synthetic-shop.local,,https://synthetic-shop.local/product/clamp-meter-04-20,matched_gt,Клещи токовые CM-600 — серия 2,7288,present,Клещи токовые CM-600 — серия 2,7288.0,1,1,1,0,1.0,0.0,0.0,0.0,0.0,,matched_gt; llm_full_html,1,0,0,1,0,0,1,0,0
20261003T183020Z-b6869124,llm_full_html-da891ddd434aa7,llm_full_html-da891ddd434aa7,synthetic,llm_full_html,syn-0004,gt-7b31cb3cccf471fc2167,syn-0004-e14,html/syn-0004.html,syn-0004.html,run-none4,synthetic-shop.local,,https://synthetic-shop.local/product/coating-gauge-04-14,matched_gt,Толщиномер покрытий CT-1200,9440,present,Толщиномер покрытий CT-1200,9440.0,1,1,1,0,1.0,0.0,0.0,0.0,0.0,,matched_gt; llm_full_html,1,0,0,1,0,0,1,0,0
20261003T183020Z-b6869124,llm_full_html-1e41c41cd80e65,llm_full_html-1e41c41cd80e65,synthetic,llm_full_html,syn-0004,gt-13c9106e8899d9182fc3,syn-0004-e09,html/syn-0004.html,syn-0004.html,run-none4,synthetic-shop.local,,https://synthetic-shop.local/product/laser-level-04-09,matched_gt,Лазерный уровень ЛУ-360 Pro,13380,present,Лазерный уровень ЛУ-360 Pro,13380.0,1,1,1,0,1.0,0.0,0.0,0.0,0.0,,matched_gt; llm_full_html,1,0,0,1,0,0,1,0,0
20261003T183020Z-b6869124,llm_full_html-be770add629a4e,llm_full_html-be770add629a4e,synthetic,llm_full_html,syn-0004,gt-4659cf7f5ec978c38d97,syn-0004-e21,html/syn-0004.html,syn-0004.html,run-none4,synthetic-shop.local,,https://synthetic-shop.local/product/laser-level-04-21,matched_gt,Лазерный уровень ЛУ-360 Pro — серия 2,12990,present,Лазерный уровень ЛУ-360 Pro — серия 2,12990.0,1,1,1,0,1.0,0.0,0.0,0.0,0.0,,matched_gt; llm_full_html,1,0,0,1,0,0,1,0,0
20261003T183020Z-b6869124,llm_full_html-82dba92e604824,llm_full_html-82dba92e604824,synthetic,llm_full_html,syn-0004,gt-4842637329b994e1f98b,syn-0004-e07,html/syn-0004.html,syn-0004.html,run-none4,synthetic-shop.local,,https://synthetic-shop.local/product/laser-rangefinder-04-07,matched_gt,Дальномер лазерный DM-80,7743,present,Дальномер лазерный DM-80,7743.0,1,1,1,0,1.0,0.0,0.0,0.0,0.0,,matched_gt; llm_full_html,1,0,0,1,0,0,1,0,0
20261003T183020Z-b6869124,llm_full_html-b84cc4fa1351d0,llm_full_html-b84cc4fa1351d0,synthetic,llm_full_html,syn-0004,gt-01f65021eb3b834a34e5,syn-0004-e18,html/syn-0004.html,syn-0004.html,run-none4,synthetic-shop.local,,https://synthetic-shop.local/product/laser-rangefinder-04-18,matched_gt,Дальномер лазерный DM-80 — серия 2,7321,present,Дальномер лазерный DM-80 — серия 2,7321.0,1,1,1,0,1.0,0.0,0.0,0.0,0.0,,matched_gt; llm_full_html,1,0,0,1,0,0,1,0,0
20261003T183020Z-b6869124,llm_full_html-a8ac5dc4e7bc11,llm_full_html-a8ac5dc4e7bc11,synthetic,llm_full_html,syn-0004,gt-5bef3e67e4478c6adb09,syn-0004-e03,html/syn-0004.html,syn-0004.html,run-none4,synthetic-shop.local,,https://synthetic-shop.local/product/luxmeter-04-03,matched_gt,Люксметр LX-1010,3011,present,Люксметр LX-1010,3011.0,1,1,1,0,1.0,0.0,0.0,0.0,0.0,,matched_gt; llm_full_html,1,0,0,1,0,0,1,0,0
20261003T183020Z-b6869124,llm_full_html-cebcc2ee18a47b,llm_full_html-cebcc2ee18a47b,synthetic,llm_full_html,syn-0004,gt-901748ca07cfbc13712c,syn-0004-e22,html/syn-0004.html,syn-0004.html,run-none4,synthetic-shop.local,,https://synthetic-shop.local/product/luxmeter-04-22,matched_gt,Люксметр LX-1010 — серия 2,3101,present,Люксметр LX-1010 — серия 2,3101.0,1,1,1,0,1.0,0.0,0.0,0.0,0.0,,matched_gt; llm_full_html,1,0,0,1,0,0,1,0,0
20261003T183020Z-b6869124,llm_full_html-99d93b61f561dc,llm_full_html-99d93b61f561dc,synthetic,llm_full_html,syn-0004,gt-8504b3edbc2727bff70f,syn-0004-e01,html/syn-0004.html,syn-0004.html,run-none4,synthetic-shop.local,,https://synthetic-shop.local/product/megohmmeter-04-01,matched_gt,Мегаомметр цифровой MI-1000,16326,present,Мегаомметр цифровой MI-1000,16326.0,1,1,1,0,1.0,0.0,0.0,0.0,0.0,,matched_gt; llm_full_html,1,0,0,1,0,0,1,0,0
20261003T183020Z-b6869124,llm_full_html-af3df2dbd8177e,llm_full_html-af3df2dbd8177e,synthetic,llm_full_html,syn-0004,gt-310bb6d320916b9e3415,syn-0004-e23,html/syn-0004.html,syn-0004.html,run-none4,synthetic-shop.local,,https://synthetic-shop.local/product/megohmmeter-04-23,matched_gt,Мегаомметр цифровой MI-1000 — серия 2,17068,present,Мегаомметр цифровой MI-1000 — серия 2,17068.0,1,1,1,0,1.0,0.0,0.0,0.0,0.0,,matched_gt; llm_full_html,1,0,0,1,0,0,1,0,0
20261003T183020Z-b6869124,llm_full_html-09031de9f9c28f,llm_full_html-09031de9f9c28f,synthetic,llm_full_html,syn-0004,gt-d90946c8e16668ff30b3,syn-0004-e04,html/syn-0004.html,syn-0004.html,run-none4,synthetic-shop.local,,https://synthetic-shop.local/product/moisture-meter-04-04,matched_gt,Влагомер древесины WM-2,3234,present,Влагомер древесины WM-2,3234.0,1,1,1,0,1.0,0.0,0.0,0.0,0.0,,matched_gt; llm_full_html,1,0,0,1,0,0,1,0,0
20261003T183020Z-b6869124,llm_full_html-659ea736bff2be,llm_full_html-659ea736bff2be,synthetic,llm_full_html,syn-0004,gt-febe6967707013add357,syn-0004-e17,html/syn-0004.html,syn-0004.html,run-none4,synthetic-shop.local,,https://synthetic-shop.local/product/moisture-meter-04-17,matched_gt,Влагомер древесины WM-2 — серия 2,3266,present,Влагомер древесины WM-2 — серия 2,3266.0,1,1,1,0,1.0,0.0,0.0,0.0,0.0,,matched_gt; llm_full_html,1,0,0,1,0,0,1,0,0
20261003T183020Z-b6869124,llm_full_html-b2591ea1664162,llm_full_html-b2591ea1664162,synthetic,llm_full_html,syn-0004,gt-1feaf8f9f261c02b0208,syn-0004-e10,html/syn-0004.html,syn-0004.html,run-none4,synthetic-shop.local,,https://synthetic-shop.local/product/multimeter-04-10,matched_gt,Мультиметр цифровой M830 Pro,2031,present,Мультиметр цифровой M830 Pro,2031.0,1,1,1,0,1.0,0.0,0.0,0.0,0.0,,matched_gt; llm_full_html,1,0,0,1,0,0,1,0,0
20261003T183020Z-b6869124,llm_full_html-f7581e91c1db05,llm_full_html-f7581e91c1db05,synthetic,llm_full_html,syn-0004,gt-eacdba0f70827884b791,syn-0004-e24,html/syn-0004.html,syn-0004.html,run-none4,synthetic-shop.local,,https://synthetic-shop.local/product/multimeter-04-24,matched_gt,Мультиметр цифровой M830 Pro — серия 2,2088,present,Мультиметр цифровой M830 Pro — серия 2,2088.0,1,1,1,0,1.0,0.0,0.0,0.0,0.0,,matched_gt; llm_full_html,1,0,0,1,0,0,1,0,0
20261003T183020Z-b6869124,llm_full_html-a4aeefd13e6dc1,llm_full_html-a4aeefd13e6dc1,synthetic,llm_full_html,syn-0004,gt-6bb0ec5fe48e774969db,syn-0004-e11,html/syn-0004.html,syn-0004.html,run-none4,synthetic-shop.local,,https://synthetic-shop.local/product/optical-level-04-11,matched_gt,Нивелир оптический N-32,23424,present,Нивелир оптический N-32,23424.0,1,1,1,0,1.0,0.0,0.0,0.0,0.0,,matched_gt; llm_full_html,1,0,0,1,0,0,1,0,0
20261003T183020Z-b6869124,llm_full_html-c9e388a02c4a59,llm_full_html-c9e388a02c4a59,synthetic,llm_full_html,syn-0004,gt-ac331421713a6343f7f8,syn-0004-e25,html/syn-0004.html,syn-0004.html,run-none4,synthetic-shop.local,,https://synthetic-shop.local/product/optical-level-04-25,matched_gt,Нивелир оптический N-32 — серия 2,24069,present,Нивелир оптический N-32 — серия 2,24069.0,1,1,1,0,1.0,0.0,0.0,0.0,0.0,,matched_gt; llm_full_html,1,0,0,1,0,0,1,0,0
20261003T183020Z-b6869124,llm_full_html-19b52d2803e089,llm_full_html-19b52d2803e089,synthetic,llm_full_html,syn-0004,gt-16870f964653c6c328b4,syn-0004-e12,html/syn-0004.html,syn-0004.html,run-none4,synthetic-shop.local,,https://synthetic-shop.local/product/pyrometer-04-12,matched_gt,Пирометр инфракрасный IR-900,3936,present,Пирометр инфракрасный IR-900,3936.0,1,1,1,0,1.0,0.0,0.0,0.0,0.0,,matched_gt; llm_full_html,1,0,0,1,0,0,1,0,0
20261003T183020Z-b6869124,llm_full_html-6c73d6af14e41e,llm_full_html-6c73d6af14e41e,synthetic,llm_full_html,syn-0004,gt-262edd0a775de9ecf09e,syn-0004-e26,html/syn-0004.html,syn-0004.html,run-none4,synthetic-shop.local,,https://synthetic-shop.local/product/pyrometer-04-26,matched_gt,Пирометр инфракрасный IR-900 — серия 2,3584,present,Пирометр инфракрасный IR-900 — серия 2,3584.0,1,1,1,0,1.0,0.0,0.0,0.0,0.0,,matched_gt; llm_full_html,1,0,0,1,0,0,1,0,0
20261003T183020Z-b6869124,llm_full_html-dec1f6d3439bee,llm_full_html-dec1f6d3439bee,synthetic,llm_full_html,syn-0004,gt-50be9b0813bf6930835c,syn-0004-e02,html/syn-0004.html,syn-0004.html,run-none4,synthetic-shop.local,,https://synthetic-shop.local/product/socket-tester-04-02,matched_gt,Тестер розеток и УЗО ST-8,1790,present,Тестер розеток и УЗО ST-8,1790.0,1,1,1,0,1.0,0.0,0.0,0.0,0.0,,matched_gt; llm_full_html,1,0,0,1,0,0,1,0,0
20261003T183020Z-b6869124,llm_full_html-8207041bed8ab5,llm_full_html-8207041bed8ab5,synthetic,llm_full_html,syn-0004,gt-f5692bc4be7c706d074a,syn-0004-e13,html/syn-0004.html,syn-0004.html,run-none4,synthetic-shop.local,,https://synthetic-shop.local/product/thermal-camera-04-13,matched_gt,Тепловизор строительный IR-256,44676,present,Тепловизор строительный IR-256,44676.0,1,1,1,0,1.0,0.0,0.0,0.0,0.0,,matched_gt; llm_full_html,1,0,0,1,0,0,1,0,0
20261003T183020Z-b6869124,llm_full_html-9d97485cbda0eb,llm_full_html-9d97485cbda0eb,synthetic,llm_full_html,syn-0004,gt-16a4db2f7fc4d4fd89e6,syn-0004-e08,html/syn-0004.html,syn-0004.html,run-none4,synthetic-shop.local,,https://synthetic-shop.local/product/wall-scanner-04-08,matched_gt,Детектор скрытой проводки WallScan 5,4686,present,Детектор скрытой проводки WallScan 5,4686.0,1,1,1,0,1.0,0.0,0.0,0.0,0.0,,matched_gt; llm_full_html,1,0,0,1,0,0,1,0,0
20261003T183020Z-b6869124,llm_full_html-5f918d8804e707,llm_full_html-5f918d8804e707,synthetic,llm_full_html,syn-0004,gt-72eaf38bc6945608a461,syn-0004-e19,html/syn-0004.html,syn-0004.html,run-none4,synthetic-shop.local,,https://synthetic-shop.local/product/wall-scanner-04-19,matched_gt,Детектор скрытой проводки WallScan 5 — серия 2,5014,present,Детектор скрытой проводки WallScan 5 — серия 2,5014.0,1,1,1,0,1.0,0.0,0.0,0.0,0.0,,matched_gt; llm_full_html,1,0,0,1,0,0,1,0,0
20261003T183020Z-b6869124,llm_full_html-380b031d8dd5aa,llm_full_html-380b031d8dd5aa,synthetic,llm_full_html,syn-0005,gt-3c3a18447464a037c561,syn-0005-e06,html/syn-0005.html,syn-0005.html,run-none5,synthetic-shop.local,,https://synthetic-shop.local/product/anemometer-05-06,matched_gt,Анемометр цифровой AM-30,5343,present,Анемометр цифровой AM-30,5343.0,1,1,1,0,1.0,0.0,0.0,0.0,0.0,,matched_gt; llm_full_html,1,0,0,1,0,0,1,0,0
20261003T183020Z-b6869124,llm_full_html-493abfeafc479d,llm_full_html-493abfeafc479d,synthetic,llm_full_html,syn-0005,gt-9feffded54f82d9bbab9,syn-0005-e03,html/syn-0005.html,syn-0005.html,run-none5,synthetic-shop.local,,https://synthetic-shop.local/product/angle-meter-05-03,matched_gt,Угломер электронный AG-360,3844,present,Угломер электронный AG-360,3844.0,1,1,1,0,1.0,0.0,0.0,0.0,0.0,,matched_gt; llm_full_html,1,0,0,1,0,0,1,0,0
20261003T183020Z-b6869124,llm_full_html-82b46b46ebf9d0,llm_full_html-82b46b46ebf9d0,synthetic,llm_full_html,syn-0005,gt-9ef1621fc0f565dc9bbe,syn-0005-e02,html/syn-0005.html,syn-0005.html,run-none5,synthetic-shop.local,,https://synthetic-shop.local/product/clamp-meter-05-02,matched_gt,Клещи токовые CM-600,6535,present,Клещи токовые CM-600,6535.0,1,1,1,0,1.0,0.0,0.0,0.0,0.0,,matched_gt; llm_full_html,1,0,0,1,0,0,1,0,0
20261003T183020Z-b6869124,llm_full_html-b5bb9b4adedf7c,llm_full_html-b5bb9b4adedf7c,synthetic,llm_full_html,syn-0005,gt-366d5849313c6817c602,syn-0005-e04,html/syn-0005.html,syn-0005.html,run-none5,synthetic-shop.local,,https://synthetic-shop.local/product/laser-level-05-04,matched_gt,Лазерный уровень ЛУ-360 Pro,13263,present,Лазерный уровень ЛУ-360 Pro,13263.0,1,1,1,0,1.0,0.0,0.0,0.0,0.0,,matched_gt; llm_full_html,1,0,0,1,0,0,1,0,0
20261003T183020Z-b6869124,llm_full_html-6bca521a825ab4,llm_full_html-6bca521a825ab4,synthetic,llm_full_html,syn-0005,gt-e75e5e7210259c78535b,syn-0005-e05,html/syn-0005.html,syn-0005.html,run-none5,synthetic-shop.local,,https://synthetic-shop.local/product/laser-rangefinder-05-05,matched_gt,Дальномер лазерный DM-80,6990,present,Дальномер лазерный DM-80,6990.0,1,1,1,0,1.0,0.0,0.0,0.0,0.0,,matched_gt; llm_full_html,1,0,0,1,0,0,1,0,0
20261003T183020Z-b6869124,llm_full_html-1ca4470b177de1,llm_full_html-1ca4470b177de1,synthetic,llm_full_html,syn-0005,gt-692f049fb984af615774,syn-0005-e08,html/syn-0005.html,syn-0005.html,run-none5,synthetic-shop.local,,https://synthetic-shop.local/product/luxmeter-05-08,matched_gt,Люксметр LX-1010,3222,present,Люксметр LX-1010,3222.0,1,1,1,0,1.0,0.0,0.0,0.0,0.0,,matched_gt; llm_full_html,1,0,0,1,0,0,1,0,0
20261003T183020Z-b6869124,llm_full_html-5f5d2abe7fefc9,llm_full_html-5f5d2abe7fefc9,synthetic,llm_full_html,syn-0005,gt-8527231c17850f697666,syn-0005-e09,html/syn-0005.html,syn-0005.html,run-none5,synthetic-shop.local,,https://synthetic-shop.local/product/megohmmeter-05-09,matched_gt,Мегаомметр цифровой MI-1000,17712,present,Мегаомметр цифровой MI-1000,17712.0,1,1,1,0,1.0,0.0,0.0,0.0,0.0,,matched_gt; llm_full_html,1,0,0,1,0,0,1,0,0
20261003T183020Z-b6869124,llm_full_html-f3fcdd86585f6a,llm_full_html-f3fcdd86585f6a,synthetic,llm_full_html,syn-0005,gt-3d39e0711ae8d2b30c4f,syn-0005-e01,html/syn-0005.html,syn-0005.html,run-none5,synthetic-shop.local,,https://synthetic-shop.local/product/moisture-meter-05-01,matched_gt,Влагомер древесины WM-2,3190,present,Влагомер древесины WM-2,3190.0,1,1,1,0,1.0,0.0,0.0,0.0,0.0,,matched_gt; llm_full_html,1,0,0,1,0,0,1,0,0
20261003T183020Z-b6869124,llm_full_html-b736c932adde27,llm_full_html-b736c932adde27,synthetic,llm_full_html,syn-0005,gt-637891bc381fec7adf11,syn-0005-e10,html/syn-0005.html,syn-0005.html,run-none5,synthetic-shop.local,,https://synthetic-shop.local/product/multimeter-05-10,matched_gt,Мультиметр цифровой M830 Pro,1916,present,Мультиметр цифровой M830 Pro,1916.0,1,1,1,0,1.0,0.0,0.0,0.0,0.0,,matched_gt; llm_full_html,1,0,0,1,0,0,1,0,0
20261003T183020Z-b6869124,llm_full_html-c35606a69402ba,llm_full_html-c35606a69402ba,synthetic,llm_full_html,syn-0005,gt-563cc31e0cc3ae07f0e0,syn-0005-e11,html/syn-0005.html,syn-0005.html,run-none5,synthetic-shop.local,,https://synthetic-shop.local/product/optical-level-05-11,matched_gt,Нивелир оптический N-32,22135,present,Нивелир оптический N-32,22135.0,1,1,1,0,1.0,0.0,0.0,0.0,0.0,,matched_gt; llm_full_html,1,0,0,1,0,0,1,0,0
20261003T183020Z-b6869124,llm_full_html-b2302ec2b9e402,llm_full_html-b2302ec2b9e402,synthetic,llm_full_html,syn-0005,gt-7d26c9db306f937b694d,syn-0005-e12,html/syn-0005.html,syn-0005.html,run-none5,synthetic-shop.local,,https://synthetic-shop.local/product/pyrometer-05-12,matched_gt,Пирометр инфракрасный IR-900,3725,present,Пирометр инфракрасный IR-900,3725.0,1,1,1,0,1.0,0.0,0.0,0.0,0.0,,matched_gt; llm_full_html,1,0,0,1,0,0,1,0,0
20261003T183020Z-b6869124,llm_full_html-6867284ba6f50b,llm_full_html-6867284ba6f50b,synthetic,llm_full_html,syn-0005,gt-6f11d893fb6a551402e7,syn-0005-e14,html/syn-0005.html,syn-0005.html,run-none5,synthetic-shop.local,,https://synthetic-shop.local/product/socket-tester-05-14,matched_gt,Тестер розеток и УЗО ST-8,2034,present,Тестер розеток и УЗО ST-8,2034.0,1,1,1,0,1.0,0.0,0.0,0.0,0.0,,matched_gt; llm_full_html,1,0,0,1,0,0,1,0,0
20261003T183020Z-b6869124,llm_full_html-ef89f0e20f0108,llm_full_html-ef89f0e20f0108,synthetic,llm_full_html,syn-0005,gt-6f5c28e608646ff0591b,syn-0005-e13,html/syn-0005.html,syn-0005.html,run-none5,synthetic-shop.local,,https://synthetic-shop.local/product/thermal-camera-05-13,matched_gt,Тепловизор строительный IR-256,47742,present,Тепловизор строительный IR-256,47742.0,1,1,1,0,1.0,0.0,0.0,0.0,0.0,,matched_gt; llm_full_html,1,0,0,1,0,0,1,0,0
20261003T183020Z-b6869124,llm_full_html-a659264e9f5738,llm_full_html-a659264e9f5738,synthetic,llm_full_html,syn-0005,gt-973ffb89c42497ddc66f,syn-0005-e07,html/syn-0005.html,syn-0005.html,run-none5,synthetic-shop.local,,https://synthetic-shop.local/product/wall-scanner-05-07,matched_gt,Детектор скрытой проводки WallScan 5,4873,present,Детектор скрытой проводки WallScan 5,4873.0,1,1,1,0,1.0,0.0,0.0,0.0,0.0,,matched_gt; llm_full_html,1,0,0,1,0,0,1,0,0
20261003T183020Z-b6869124,llm_full_html-56807678282e0b,llm_full_html-56807678282e0b,synthetic,llm_full_html,syn-0006,gt-ad462f52578fd5be31f6,syn-0006-e06,html/syn-0006.html,syn-0006.html,run-none6,synthetic-shop.local,,https://synthetic-shop.local/product/anemometer-06-06,matched_gt,Анемометр цифровой AM-30,5713,present,Анемометр цифровой AM-30,5713.0,1,1,1,0,1.0,0.0,0.0,0.0,0.0,,matched_gt; llm_full_html,1,0,0,1,0,0,1,0,0
20261003T183020Z-b6869124,llm_full_html-05acca876f8dd6,llm_full_html-05acca876f8dd6,synthetic,llm_full_html,syn-0006,gt-5a2e4532be5f7caa8c10,syn-0006-e16,html/syn-0006.html,syn-0006.html,run-none6,synthetic-shop.local,,https://synthetic-shop.local/product/anemometer-06-16,matched_gt,Анемометр цифровой AM-30 — серия 2,5925,present,Анемометр цифровой AM-30 — серия 2,5925.0,1,1,1,0,1.0,0.0,0.0,0.0,0.0,,matched_gt; llm_full_html,1,0,0,1,0,0,1,0,0
20261003T183020Z-b6869124,llm_full_html-c719d46fa43bce,llm_full_html-c719d46fa43bce,synthetic,llm_full_html,syn-0006,gt-feb4456eb2a83ac80ff2,syn-0006-e15,html/syn-0006.html,syn-0006.html,run-none6,synthetic-shop.local,,https://synthetic-shop.local/product/angle-meter-06-15,matched_gt,Угломер электронный AG-360,4190,present,Угломер электронный AG-360,4190.0,1,1,1,0,1.0,0.0,0.0,0.0,0.0,,matched_gt; llm_full_html,1,0,0,1,0,0,1,0,0
20261003T183020Z-b6869124,llm_full_html-99fdd31604e8d8,llm_full_html-99fdd31604e8d8,synthetic,llm_full_html,syn-0006,gt-82899d7c9e71ef70af95,syn-0006-e09,html/syn-0006.html,syn-0006.html,run-none6,synthetic-shop.local,,https://synthetic-shop.local/product/clamp-meter-06-09,matched_gt,Клещи токовые CM-600,6890,present,Клещи токовые CM-600,6890.0,1,1,1,0,1.0,0.0,0.0,0.0,0.0,,matched_gt; llm_full_html,1,0,0,1,0,0,1,0,0
20261003T183020Z-b6869124,llm_full_html-f80935b4a61eee,llm_full_html-f80935b4a61eee,synthetic,llm_full_html,syn-0006,gt-94c43e745be459a8957b,syn-0006-e20,html/syn-0006.html,syn-0006.html,run-none6,synthetic-shop.local,,https://synthetic-shop.local/product/clamp-meter-06-20,matched_gt,Клещи токовые CM-600 — серия 2,7354,present,Клещи токовые CM-600 — серия 2,7354.0,1,1,1,0,1.0,0.0,0.0,0.0,0.0,,matched_gt; llm_full_html,1,0,0,1,0,0,1,0,0
20261003T183020Z-b6869124,llm_full_html-3484582ba6acdd,llm_full_html-3484582ba6acdd,synthetic,llm_full_html,syn-0006,gt-c0de96314f4027813ff2,syn-0006-e14,html/syn-0006.html,syn-0006.html,run-none6,synthetic-shop.local,,https://synthetic-shop.local/product/coating-gauge-06-14,matched_gt,Толщиномер покрытий CT-1200,9529,present,Толщиномер покрытий CT-1200,9529.0,1,1,1,0,1.0,0.0,0.0,0.0,0.0,,matched_gt; llm_full_html,1,0,0,1,0,0,1,0,0
20261003T183020Z-b6869124,llm_full_html-46d0419e70c3e0,llm_full_html-46d0419e70c3e0,synthetic,llm_full_html,syn-0006,gt-cf309e193a3528642ce6,syn-0006-e01,html/syn-0006.html,syn-0006.html,run-none6,synthetic-shop.local,,https://synthetic-shop.local/product/laser-level-06-01,matched_gt,Лазерный уровень ЛУ-360 Pro,13081,present,Лазерный уровень ЛУ-360 Pro,13081.0,1,1,1,0,1.0,0.0,0.0,0.0,0.0,,matched_gt; llm_full_html,1,0,0,1,0,0,1,0,0
20261003T183020Z-b6869124,llm_full_html-13566ee67f01f2,llm_full_html-13566ee67f01f2,synthetic,llm_full_html,syn-0006,gt-9fde91975eedd4434df4,syn-0006-e21,html/syn-0006.html,syn-0006.html,run-none6,synthetic-shop.local,,https://synthetic-shop.local/product/laser-level-06-21,matched_gt,Лазерный уровень ЛУ-360 Pro — серия 2,13120,present,Лазерный уровень ЛУ-360 Pro — серия 2,13120.0,1,1,1,0,1.0,0.0,0.0,0.0,0.0,,matched_gt; llm_full_html,1,0,0,1,0,0,1,0,0
20261003T183020Z-b6869124,llm_full_html-a94868799d0191,llm_full_html-a94868799d0191,synthetic,llm_full_html,syn-0006,gt-2a68fcdeefbf9469cf18,syn-0006-e02,html/syn-0006.html,syn-0006.html,run-none6,synthetic-shop.local,,https://synthetic-shop.local/product/laser-rangefinder-06-02,matched_gt,Дальномер лазерный DM-80,7088,present,Дальномер лазерный DM-80,7088.0,1,1,1,0,1.0,0.0,0.0,0.0,0.0,,matched_gt; llm_full_html,1,0,0,1,0,0,1,0,0
20261003T183020Z-b6869124,llm_full_html-3265020a030fa4,llm_full_html-3265020a030fa4,synthetic,llm_full_html,syn-0006,gt-767bfcfce26ef121c76d,syn-0006-e18,html/syn-0006.html,syn-0006.html,run-none6,synthetic-shop.local,,https://synthetic-shop.local/product/laser-rangefinder-06-18,matched_gt,Дальномер лазерный DM-80 — серия 2,7391,present,Дальномер лазерный DM-80 — серия 2,7391.0,1,1,1,0,1.0,0.0,0.0,0.0,0.0,,matched_gt; llm_full_html,1,0,0,1,0,0,1,0,0
20261003T183020Z-b6869124,llm_full_html-6fb9be31a8435b,llm_full_html-6fb9be31a8435b,synthetic,llm_full_html,syn-0006,gt-ca4d90d565b7129f9463,syn-0006-e10,html/syn-0006.html,syn-0006.html,run-none6,synthetic-shop.local,,https://synthetic-shop.local/product/luxmeter-06-10,matched_gt,Люксметр LX-1010,3222,present,Люксметр LX-1010,3222.0,1,1,1,0,1.0,0.0,0.0,0.0,0.0,,matched_gt; llm_full_html,1,0,0,1,0,0,1,0,0
20261003T183020Z-b6869124,llm_full_html-1e66c35db6155a,llm_full_html-1e66c35db6155a,synthetic,llm_full_html,syn-0006,gt-5e5b8c86e02d333b46d2,syn-0006-e22,html/syn-0006.html,syn-0006.html,run-none6,synthetic-shop.local,,https://synthetic-shop.local/product/luxmeter-06-22,matched_gt,Люксметр LX-1010 — серия 2,3131,present,Люксметр LX-1010 — серия 2,3131.0,1,1,1,0,1.0,0.0,0.0,0.0,0.0,,matched_gt; llm_full_html,1,0,0,1,0,0,1,0,0
20261003T183020Z-b6869124,llm_full_html-562091f5fdfa2c,llm_full_html-562091f5fdfa2c,synthetic,llm_full_html,syn-0006,gt-3ab51695c3adcde33b5a,syn-0006-e11,html/syn-0006.html,syn-0006.html,run-none6,synthetic-shop.local,,https://synthetic-shop.local/product/megohmmeter-06-11,matched_gt,Мегаомметр цифровой MI-1000,17712,present,Мегаомметр цифровой MI-1000,17712.0,1,1,1,0,1.0,0.0,0.0,0.0,0.0,,matched_gt; llm_full_html,1,0,0,1,0,0,1,0,0
20261003T183020Z-b6869124,llm_full_html-40c949b47ae86f,llm_full_html-40c949b47ae86f,synthetic,llm_full_html,syn-0006,gt-257313f2c2b563727410,syn-0006-e23,html/syn-0006.html,syn-0006.html,run-none6,synthetic-shop.local,,https://synthetic-shop.local/product/megohmmeter-06-23,matched_gt,Мегаомметр цифровой MI-1000 — серия 2,17229,present,Мегаомметр цифровой MI-1000 — серия 2,17229.0,1,1,1,0,1.0,0.0,0.0,0.0,0.0,,matched_gt; llm_full_html,1,0,0,1,0,0,1,0,0
20261003T183020Z-b6869124,llm_full_html-253e77180a854b,llm_full_html-253e77180a854b,synthetic,llm_full_html,syn-0006,gt-92092586c704c9c338fd,syn-0006-e07,html/syn-0006.html,syn-0006.html,run-none6,synthetic-shop.local,,https://synthetic-shop.local/product/moisture-meter-06-07,matched_gt,Влагомер древесины WM-2,3590,present,Влагомер древесины WM-2,3590.0,1,1,1,0,1.0,0.0,0.0,0.0,0.0,,matched_gt; llm_full_html,1,0,0,1,0,0,1,0,0
20261003T183020Z-b6869124,llm_full_html-6f601ab22f1058,llm_full_html-6f601ab22f1058,synthetic,llm_full_html,syn-0006,gt-6b445de34f645078f43b,syn-0006-e17,html/syn-0006.html,syn-0006.html,run-none6,synthetic-shop.local,,https://synthetic-shop.local/product/moisture-meter-06-17,matched_gt,Влагомер древесины WM-2 — серия 2,3299,present,Влагомер древесины WM-2 — серия 2,3299.0,1,1,1,0,1.0,0.0,0.0,0.0,0.0,,matched_gt; llm_full_html,1,0,0,1,0,0,1,0,0
20261003T183020Z-b6869124,llm_full_html-611f4ea5c9a1bc,llm_full_html-611f4ea5c9a1bc,synthetic,llm_full_html,syn-0006,gt-cd9c1707608e0ed54ecd,syn-0006-e03,html/syn-0006.html,syn-0006.html,run-none6,synthetic-shop.local,,https://synthetic-shop.local/product/multimeter-06-03,matched_gt,Мультиметр цифровой M830 Pro,1929,present,Мультиметр цифровой M830 Pro,1929.0,1,1,1,0,1.0,0.0,0.0,0.0,0.0,,matched_gt; llm_full_html,1,0,0,1,0,0,1,0,0
20261003T183020Z-b6869124,llm_full_html-8b9b320e3faa95,llm_full_html-8b9b320e3faa95,synthetic,llm_full_html,syn-0006,gt-98e2611c0802f38972b8,syn-0006-e24,html/syn-0006.html,syn-0006.html,run-none6,synthetic-shop.local,,https://synthetic-shop.local/product/multimeter-06-24,matched_gt,Мультиметр цифровой M830 Pro — серия 2,2108,present,Мультиметр цифровой M830 Pro — серия 2,2108.0,1,1,1,0,1.0,0.0,0.0,0.0,0.0,,matched_gt; llm_full_html,1,0,0,1,0,0,1,0,0
20261003T183020Z-b6869124,llm_full_html-6572c3193bd6fd,llm_full_html-6572c3193bd6fd,synthetic,llm_full_html,syn-0006,gt-dd965fd8c7ef6475a705,syn-0006-e05,html/syn-0006.html,syn-0006.html,run-none6,synthetic-shop.local,,https://synthetic-shop.local/product/optical-level-06-05,matched_gt,Нивелир оптический N-32,21640,present,Нивелир оптический N-32,21640.0,1,1,1,0,1.0,0.0,0.0,0.0,0.0,,matched_gt; llm_full_html,1,0,0,1,0,0,1,0,0
20261003T183020Z-b6869124,llm_full_html-c270af4223d8b4,llm_full_html-c270af4223d8b4,synthetic,llm_full_html,syn-0006,gt-ad5830f99b12388656ba,syn-0006-e25,html/syn-0006.html,syn-0006.html,run-none6,synthetic-shop.local,,https://synthetic-shop.local/product/optical-level-06-25,matched_gt,Нивелир оптический N-32 — серия 2,21490,present,Нивелир оптический N-32 — серия 2,21490.0,1,1,1,0,1.0,0.0,0.0,0.0,0.0,,matched_gt; llm_full_html,1,0,0,1,0,0,1,0,0
20261003T183020Z-b6869124,llm_full_html-ffadefe7da9814,llm_full_html-ffadefe7da9814,synthetic,llm_full_html,syn-0006,gt-274afe4e1fafe4c898b2,syn-0006-e12,html/syn-0006.html,syn-0006.html,run-none6,synthetic-shop.local,,https://synthetic-shop.local/product/pyrometer-06-12,matched_gt,Пирометр инфракрасный IR-900,3514,present,Пирометр инфракрасный IR-900,3514.0,1,1,1,0,1.0,0.0,0.0,0.0,0.0,,matched_gt; llm_full_html,1,0,0,1,0,0,1,0,0
20261003T183020Z-b6869124,llm_full_html-bde52b69f01f8d,llm_full_html-bde52b69f01f8d,synthetic,llm_full_html,syn-0006,gt-fd402c6c501b126a76f5,syn-0006-e26,html/syn-0006.html,syn-0006.html,run-none6,synthetic-shop.local,,https://synthetic-shop.local/product/pyrometer-06-26,matched_gt,Пирометр инфракрасный IR-900 — серия 2,3619,present,Пирометр инфракрасный IR-900 — серия 2,3619.0,1,1,1,0,1.0,0.0,0.0,0.0,0.0,,matched_gt; llm_full_html,1,0,0,1,0,0,1,0,0
20261003T183020Z-b6869124,llm_full_html-24b72d162aa61e,llm_full_html-24b72d162aa61e,synthetic,llm_full_html,syn-0006,gt-e6ca59f2e7841eaada61,syn-0006-e13,html/syn-0006.html,syn-0006.html,run-none6,synthetic-shop.local,,https://synthetic-shop.local/product/socket-tester-06-13,matched_gt,Тестер розеток и УЗО ST-8,1870,present,Тестер розеток и УЗО ST-8,1870.0,1,1,1,0,1.0,0.0,0.0,0.0,0.0,,matched_gt; llm_full_html,1,0,0,1,0,0,1,0,0
20261003T183020Z-b6869124,llm_full_html-c8b3eb84241d2e,llm_full_html-c8b3eb84241d2e,synthetic,llm_full_html,syn-0006,gt-b43fe2ec01934f8a74cd,syn-0006-e28,html/syn-0006.html,syn-0006.html,run-none6,synthetic-shop.local,,https://synthetic-shop.local/product/socket-tester-06-28,matched_gt,Тестер розеток и УЗО ST-8 — серия 2,1979,present,Тестер розеток и УЗО ST-8 — серия 2,1979.0,1,1,1,0,1.0,0.0,0.0,0.0,0.0,,matched_gt; llm_full_html,1,0,0,1,0,0,1,0,0
20261003T183020Z-b6869124,llm_full_html-9f9f323d29a495,llm_full_html-9f9f323d29a495,synthetic,llm_full_html,syn-0006,gt-e4fcbd7b03a868db3919,syn-0006-e04,html/syn-0006.html,syn-0006.html,run-none6,synthetic-shop.local,,https://synthetic-shop.local/product/thermal-camera-06-04,matched_gt,Тепловизор строительный IR-256,42900,present,Тепловизор строительный IR-256,42900.0,1,1,1,0,1.0,0.0,0.0,0.0,0.0,,matched_gt; llm_full_html,1,0,0,1,0,0,1,0,0
20261003T183020Z-b6869124,llm_full_html-05154b1d8ff069,llm_full_html-05154b1d8ff069,synthetic,llm_full_html,syn-0006,gt-6412558454268978833e,syn-0006-e27,html/syn-0006.html,syn-0006.html,run-none6,synthetic-shop.local,,https://synthetic-shop.local/product/thermal-camera-06-27,matched_gt,Тепловизор строительный IR-256 — серия 2,46428,present,Тепловизор строительный IR-256 — серия 2,46428.0,1,1,1,0,1.0,0.0,0.0,0.0,0.0,,matched_gt; llm_full_html,1,0,0,1,0,0,1,0,0
20261003T183020Z-b6869124,llm_full_html-fc943ffbbf56ca,llm_full_html-fc943ffbbf56ca,synthetic,llm_full_html,syn-0006,gt-e7eb1fb9c767ce9310c7,syn-0006-e08,html/syn-0006.html,syn-0006.html,run-none6,synthetic-shop.local,,https://synthetic-shop.local/product/wall-scanner-06-08,matched_gt,Детектор скрытой проводки WallScan 5,4733,present,Детектор скрытой проводки WallScan 5,4733.0,1,1,1,0,1.0,0.0,0.0,0.0,0.0,,matched_gt; llm_full_html,1,0,0,1,0,0,1,0,0
20261003T183020Z-b6869124,llm_full_html-cb14fd40e2dc06,llm_full_html-cb14fd40e2dc06,synthetic,llm_full_html,syn-0006,gt-e9a4ec8a39f72ac2ba93,syn-0006-e19,html/syn-0006.html,syn-0006.html,run-none6,synthetic-shop.local,,https://synthetic-shop.local/product/wall-scanner-06-19,matched_gt,Детектор скрытой проводки WallScan 5 — серия 2,5061,present,Детектор скрытой проводки WallScan 5 — серия 2,5061.0,1,1,1,0,1.0,0.0,0.0,0.0,0.0,,matched_gt; llm_full_html,1,0,0,1,0,0,1,0,0
20261003T183020Z-b6869124,llm_full_html-71e1b24a5d1b8b,llm_full_html-71e1b24a5d1b8b,synthetic,llm_full_html,syn-0007,gt-6ddb68a0752bfd91e21d,syn-0007-e04,html/syn-0007.html,syn-0007.html,run-none7,synthetic-shop.local,,https://synthetic-shop.local/product/anemometer-07-04,matched_gt,Анемометр цифровой AM-30,5327,present,Анемометр цифровой AM-30,5327.0,1,1,1,0,1.0,0.0,0.0,0.0,0.0,,matched_gt; llm_full_html,1,0,0,1,0,0,1,0,0
20261003T183020Z-b6869124,llm_full_html-1f327dcc4ff003,llm_full_html-1f327dcc4ff003,synthetic,llm_full_html,syn-0007,gt-c248f5209c830804618e,syn-0007-e16,html/syn-0007.html,syn-0007.html,run-none7,synthetic-shop.local,,https://synthetic-shop.local/product/anemometer-07-16,matched_gt,Анемометр цифровой AM-30 — серия 2,5607,present,Анемометр цифровой AM-30 — серия 2,5607.0,1,1,1,0,1.0,0.0,0.0,0.0,0.0,,matched_gt; llm_full_html,1,0,0,1,0,0,1,0,0
20261003T183020Z-b6869124,llm_full_html-40569451737cbf,llm_full_html-40569451737cbf,synthetic,llm_full_html,syn-0007,gt-9e5d05fc2be5fe9f0706,syn-0007-e15,html/syn-0007.html,syn-0007.html,run-none7,synthetic-shop.local,,https://synthetic-shop.local/product/angle-meter-07-15,matched_gt,Угломер электронный AG-360,3959,present,Угломер электронный AG-360,3959.0,1,1,1,0,1.0,0.0,0.0,0.0,0.0,,matched_gt; llm_full_html,1,0,0,1,0,0,1,0,0
20261003T183020Z-b6869124,llm_full_html-31e04b1fcf12d8,llm_full_html-31e04b1fcf12d8,synthetic,llm_full_html,syn-0007,gt-1a13d4bc3fc2de595f6a,syn-0007-e08,html/syn-0007.html,syn-0007.html,run-none7,synthetic-shop.local,,https://synthetic-shop.local/product/clamp-meter-07-08,matched_gt,Клещи токовые CM-600,7155,present,Клещи токовые CM-600,7155.0,1,1,1,0,1.0,0.0,0.0,0.0,0.0,,matched_gt; llm_full_html,1,0,0,1,0,0,1,0,0
20261003T183020Z-b6869124,llm_full_html-f02a74d89a10bd,llm_full_html-f02a74d89a10bd,synthetic,llm_full_html,syn-0007,gt-c3c8ce5e7af4c261729c,syn-0007-e14,html/syn-0007.html,syn-0007.html,run-none7,synthetic-shop.local,,https://synthetic-shop.local/product/coating-gauge-07-14,matched_gt,Толщиномер покрытий CT-1200,8990,present,Толщиномер покрытий CT-1200,8990.0,1,1,1,0,1.0,0.0,0.0,0.0,0.0,,matched_gt; llm_full_html,1,0,0,1,0,0,1,0,0
20261003T183020Z-b6869124,llm_full_html-9d8c2568ab8400,llm_full_html-9d8c2568ab8400,synthetic,llm_full_html,syn-0007,gt-504b5d53f17385f51e22,syn-0007-e09,html/syn-0007.html,syn-0007.html,run-none7,synthetic-shop.local,,https://synthetic-shop.local/product/laser-level-07-09,matched_gt,Лазерный уровень ЛУ-360 Pro,14419,present,Лазерный уровень ЛУ-360 Pro,14419.0,1,1,1,0,1.0,0.0,0.0,0.0,0.0,,matched_gt; llm_full_html,1,0,0,1,0,0,1,0,0
20261003T183020Z-b6869124,llm_full_html-5c402c518f3c20,llm_full_html-5c402c518f3c20,synthetic,llm_full_html,syn-0007,gt-7c748769944939cd7e5c,syn-0007-e07,html/syn-0007.html,syn-0007.html,run-none7,synthetic-shop.local,,https://synthetic-shop.local/product/laser-rangefinder-07-07,matched_gt,Дальномер лазерный DM-80,7391,present,Дальномер лазерный DM-80,7391.0,1,1,1,0,1.0,0.0,0.0,0.0,0.0,,matched_gt; llm_full_html,1,0,0,1,0,0,1,0,0
20261003T183020Z-b6869124,llm_full_html-f460f78667ce0f,llm_full_html-f460f78667ce0f,synthetic,llm_full_html,syn-0007,gt-19428174e8dbb2eb557f,syn-0007-e18,html/syn-0007.html,syn-0007.html,run-none7,synthetic-shop.local,,https://synthetic-shop.local/product/laser-rangefinder-07-18,matched_gt,Дальномер лазерный DM-80 — серия 2,7884,present,Дальномер лазерный DM-80 — серия 2,7884.0,1,1,1,0,1.0,0.0,0.0,0.0,0.0,,matched_gt; llm_full_html,1,0,0,1,0,0,1,0,0
20261003T183020Z-b6869124,llm_full_html-ef3dcaae845ee9,llm_full_html-ef3dcaae845ee9,synthetic,llm_full_html,syn-0007,gt-4e92b2875ef480ee15b9,syn-0007-e10,html/syn-0007.html,syn-0007.html,run-none7,synthetic-shop.local,,https://synthetic-shop.local/product/luxmeter-07-10,matched_gt,Люксметр LX-1010,3041,present,Люксметр LX-1010,3041.0,1,1,1,0,1.0,0.0,0.0,0.0,0.0,,matched_gt; llm_full_html,1,0,0,1,0,0,1,0,0
20261003T183020Z-b6869124,llm_full_html-950ca201bf059f,llm_full_html-950ca201bf059f,synthetic,llm_full_html,syn-0007,gt-cacbf228d1bd86419150,syn-0007-e11,html/syn-0007.html,syn-0007.html,run-none7,synthetic-shop.local,,https://synthetic-shop.local/product/megohmmeter-07-11,matched_gt,Мегаомметр цифровой MI-1000,16746,present,Мегаомметр цифровой MI-1000,16746.0,1,1,1,0,1.0,0.0,0.0,0.0,0.0,,matched_gt; llm_full_html,1,0,0,1,0,0,1,0,0
20261003T183020Z-b6869124,llm_full_html-746b75ddc6774e,llm_full_html-746b75ddc6774e,synthetic,llm_full_html,syn-0007,gt-a3447cbac72177ece8a6,syn-0007-e06,html/syn-0007.html,syn-0007.html,run-none7,synthetic-shop.local,,https://synthetic-shop.local/product/moisture-meter-07-06,matched_gt,Влагомер древесины WM-2,3299,present,Влагомер древесины WM-2,3299.0,1,1,1,0,1.0,0.0,0.0,0.0,0.0,,matched_gt; llm_full_html,1,0,0,1,0,0,1,0,0
20261003T183020Z-b6869124,llm_full_html-2dfbb6d20dc250,llm_full_html-2dfbb6d20dc250,synthetic,llm_full_html,syn-0007,gt-e7cbf8750c4f4f2bf096,syn-0007-e17,html/syn-0007.html,syn-0007.html,run-none7,synthetic-shop.local,,https://synthetic-shop.local/product/moisture-meter-07-17,matched_gt,Влагомер древесины WM-2 — серия 2,3525,present,Влагомер древесины WM-2 — серия 2,3525.0,1,1,1,0,1.0,0.0,0.0,0.0,0.0,,matched_gt; llm_full_html,1,0,0,1,0,0,1,0,0
20261003T183020Z-b6869124,llm_full_html-08e781250c0262,llm_full_html-08e781250c0262,synthetic,llm_full_html,syn-0007,gt-a0c21979d1f167c2e04a,syn-0007-e12,html/syn-0007.html,syn-0007.html,run-none7,synthetic-shop.local,,https://synthetic-shop.local/product/multimeter-07-12,matched_gt,Мультиметр цифровой M830 Pro,2050,present,Мультиметр цифровой M830 Pro,2050.0,1,1,1,0,1.0,0.0,0.0,0.0,0.0,,matched_gt; llm_full_html,1,0,0,1,0,0,1,0,0
20261003T183020Z-b6869124,llm_full_html-d34b29781a3881,llm_full_html-d34b29781a3881,synthetic,llm_full_html,syn-0007,gt-6eaca0fcd066eea3926a,syn-0007-e02,html/syn-0007.html,syn-0007.html,run-none7,synthetic-shop.local,,https://synthetic-shop.local/product/optical-level-07-02,matched_gt,Нивелир оптический N-32,21940,present,Нивелир оптический N-32,21940.0,1,1,1,0,1.0,0.0,0.0,0.0,0.0,,matched_gt; llm_full_html,1,0,0,1,0,0,1,0,0
20261003T183020Z-b6869124,llm_full_html-f05aff46d30f96,llm_full_html-f05aff46d30f96,synthetic,llm_full_html,syn-0007,gt-41b21952426b0be5fa6d,syn-0007-e05,html/syn-0007.html,syn-0007.html,run-none7,synthetic-shop.local,,https://synthetic-shop.local/product/pyrometer-07-05,matched_gt,Пирометр инфракрасный IR-900,3538,present,Пирометр инфракрасный IR-900,3538.0,1,1,1,0,1.0,0.0,0.0,0.0,0.0,,matched_gt; llm_full_html,1,0,0,1,0,0,1,0,0
20261003T183020Z-b6869124,llm_full_html-3e2843ac4b4451,llm_full_html-3e2843ac4b4451,synthetic,llm_full_html,syn-0007,gt-97a69308209b0685b194,syn-0007-e13,html/syn-0007.html,syn-0007.html,run-none7,synthetic-shop.local,,https://synthetic-shop.local/product/socket-tester-07-13,matched_gt,Тестер розеток и УЗО ST-8,1998,present,Тестер розеток и УЗО ST-8,1998.0,1,1,1,0,1.0,0.0,0.0,0.0,0.0,,matched_gt; llm_full_html,1,0,0,1,0,0,1,0,0
20261003T183020Z-b6869124,llm_full_html-343e261b703f62,llm_full_html-343e261b703f62,synthetic,llm_full_html,syn-0007,gt-4a48f9732c83c1100e64,syn-0007-e01,html/syn-0007.html,syn-0007.html,run-none7,synthetic-shop.local,,https://synthetic-shop.local/product/thermal-camera-07-01,matched_gt,Тепловизор строительный IR-256,43500,present,Тепловизор строительный IR-256,43500.0,1,1,1,0,1.0,0.0,0.0,0.0,0.0,,matched_gt; llm_full_html,1,0,0,1,0,0,1,0,0
20261003T183020Z-b6869124,llm_full_html-9c4fa3a14ae767,llm_full_html-9c4fa3a14ae767,synthetic,llm_full_html,syn-0007,gt-ce86ef7d2b7602757c1f,syn-0007-e03,html/syn-0007.html,syn-0007.html,run-none7,synthetic-shop.local,,https://synthetic-shop.local/product/wall-scanner-07-03,matched_gt,Детектор скрытой проводки WallScan 5,4590,present,Детектор скрытой проводки WallScan 5,4590.0,1,1,1,0,1.0,0.0,0.0,0.0,0.0,,matched_gt; llm_full_html,1,0,0,1,0,0,1,0,0
20261003T183020Z-b6869124,llm_full_html-cc7a6184450d6b,llm_full_html-cc7a6184450d6b,synthetic,llm_full_html,syn-0008,gt-75fb4fd43a051e891511,syn-0008-e01,html/syn-0008.html,syn-0008.html,run-none8,synthetic-shop.local,,https://synthetic-shop.local/product/anemometer-08-01,matched_gt,Анемометр цифровой AM-30,5401,present,Анемометр цифровой AM-30,5401.0,1,1,1,0,1.0,0.0,0.0,0.0,0.0,,matched_gt; llm_full_html,1,0,0,1,0,0,1,0,0
20261003T183020Z-b6869124,llm_full_html-5d37ccf24902c2,llm_full_html-5d37ccf24902c2,synthetic,llm_full_html,syn-0008,gt-98f7cc7f80514ed7653c,syn-0008-e16,html/syn-0008.html,syn-0008.html,run-none8,synthetic-shop.local,,https://synthetic-shop.local/product/anemometer-08-16,matched_gt,Анемометр цифровой AM-30 — серия 2,5290,present,Анемометр цифровой AM-30 — серия 2,5290.0,1,1,1,0,1.0,0.0,0.0,0.0,0.0,,matched_gt; llm_full_html,1,0,0,1,0,0,1,0,0
20261003T183020Z-b6869124,llm_full_html-10fbb49fe2724c,llm_full_html-10fbb49fe2724c,synthetic,llm_full_html,syn-0008,gt-31203d8fc7d382b92c40,syn-0008-e15,html/syn-0008.html,syn-0008.html,run-none8,synthetic-shop.local,,https://synthetic-shop.local/product/angle-meter-08-15,matched_gt,Угломер электронный AG-360,4228,present,Угломер электронный AG-360,4228.0,1,1,1,0,1.0,0.0,0.0,0.0,0.0,,matched_gt; llm_full_html,1,0,0,1,0,0,1,0,0
20261003T183020Z-b6869124,llm_full_html-5645b764ee464d,llm_full_html-5645b764ee464d,synthetic,llm_full_html,syn-0008,gt-2906912c7b5cfb5367c0,syn-0008-e09,html/syn-0008.html,syn-0008.html,run-none8,synthetic-shop.local,,https://synthetic-shop.local/product/clamp-meter-08-09,matched_gt,Клещи токовые CM-600,6956,present,Клещи токовые CM-600,6956.0,1,1,1,0,1.0,0.0,0.0,0.0,0.0,,matched_gt; llm_full_html,1,0,0,1,0,0,1,0,0
20261003T183020Z-b6869124,llm_full_html-4c2c5ca4780cbd,llm_full_html-4c2c5ca4780cbd,synthetic,llm_full_html,syn-0008,gt-d4b9136203687e76cb1b,syn-0008-e20,html/syn-0008.html,syn-0008.html,run-none8,synthetic-shop.local,,https://synthetic-shop.local/product/clamp-meter-08-20,matched_gt,Клещи токовые CM-600 — серия 2,7420,present,Клещи токовые CM-600 — серия 2,7420.0,1,1,1,0,1.0,0.0,0.0,0.0,0.0,,matched_gt; llm_full_html,1,0,0,1,0,0,1,0,0
20261003T183020Z-b6869124,llm_full_html-49ceb070dfdd27,llm_full_html-49ceb070dfdd27,synthetic,llm_full_html,syn-0008,gt-19e84c8d47089602ac45,syn-0008-e03,html/syn-0008.html,syn-0008.html,run-none8,synthetic-shop.local,,https://synthetic-shop.local/product/coating-gauge-08-03,matched_gt,Толщиномер покрытий CT-1200,9053,present,Толщиномер покрытий CT-1200,9053.0,1,1,1,0,1.0,0.0,0.0,0.0,0.0,,matched_gt; llm_full_html,1,0,0,1,0,0,1,0,0
20261003T183020Z-b6869124,llm_full_html-ded0f1f27aa44a,llm_full_html-ded0f1f27aa44a,synthetic,llm_full_html,syn-0008,gt-4bfcd29c35aec25a31ab,syn-0008-e10,html/syn-0008.html,syn-0008.html,run-none8,synthetic-shop.local,,https://synthetic-shop.local/product/laser-level-08-10,matched_gt,Лазерный уровень ЛУ-360 Pro,14029,present,Лазерный уровень ЛУ-360 Pro,14029.0,1,1,1,0,1.0,0.0,0.0,0.0,0.0,,matched_gt; llm_full_html,1,0,0,1,0,0,1,0,0
20261003T183020Z-b6869124,llm_full_html-9975a948120c7c,llm_full_html-9975a948120c7c,synthetic,llm_full_html,syn-0008,gt-deb550fbfbe0aa55aefa,syn-0008-e21,html/syn-0008.html,syn-0008.html,run-none8,synthetic-shop.local,,https://synthetic-shop.local/product/laser-level-08-21,matched_gt,Лазерный уровень ЛУ-360 Pro — серия 2,13250,present,Лазерный уровень ЛУ-360 Pro — серия 2,13250.0,1,1,1,0,1.0,0.0,0.0,0.0,0.0,,matched_gt; llm_full_html,1,0,0,1,0,0,1,0,0
20261003T183020Z-b6869124,llm_full_html-417795710aca16,llm_full_html-417795710aca16,synthetic,llm_full_html,syn-0008,gt-db1c43085ab8d7b26933,syn-0008-e07,html/syn-0008.html,syn-0008.html,run-none8,synthetic-shop.local,,https://synthetic-shop.local/product/laser-rangefinder-08-07,matched_gt,Дальномер лазерный DM-80,7884,present,Дальномер лазерный DM-80,7884.0,1,1,1,0,1.0,0.0,0.0,0.0,0.0,,matched_gt; llm_full_html,1,0,0,1,0,0,1,0,0
20261003T183020Z-b6869124,llm_full_html-0a2c506c4bfb3b,llm_full_html-0a2c506c4bfb3b,synthetic,llm_full_html,syn-0008,gt-b715f931a08214e5948b,syn-0008-e18,html/syn-0008.html,syn-0008.html,run-none8,synthetic-shop.local,,https://synthetic-shop.local/product/laser-rangefinder-08-18,matched_gt,Дальномер лазерный DM-80 — серия 2,7461,present,Дальномер лазерный DM-80 — серия 2,7461.0,1,1,1,0,1.0,0.0,0.0,0.0,0.0,,matched_gt; llm_full_html,1,0,0,1,0,0,1,0,0
20261003T183020Z-b6869124,llm_full_html-a848f189c76867,llm_full_html-a848f189c76867,synthetic,llm_full_html,syn-0008,gt-7ac2e1ffe92b786ea932,syn-0008-e11,html/syn-0008.html,syn-0008.html,run-none8,synthetic-shop.local,,https://synthetic-shop.local/product/luxmeter-08-11,matched_gt,Люксметр LX-1010,3342,present,Люксметр LX-1010,3342.0,1,1,1,0,1.0,0.0,0.0,0.0,0.0,,matched_gt; llm_full_html,1,0,0,1,0,0,1,0,0
20261003T183020Z-b6869124,llm_full_html-d0b62224ddfb10,llm_full_html-d0b62224ddfb10,synthetic,llm_full_html,syn-0008,gt-a62d9b2b33c56142cd28,syn-0008-e22,html/syn-0008.html,syn-0008.html,run-none8,synthetic-shop.local,,https://synthetic-shop.local/product/luxmeter-08-22,matched_gt,Люксметр LX-1010 — серия 2,3162,present,Люксметр LX-1010 — серия 2,3162.0,1,1,1,0,1.0,0.0,0.0,0.0,0.0,,matched_gt; llm_full_html,1,0,0,1,0,0,1,0,0
20261003T183020Z-b6869124,llm_full_html-ffa7102ed48a2d,llm_full_html-ffa7102ed48a2d,synthetic,llm_full_html,syn-0008,gt-8ee380a2f1c9410d1299,syn-0008-e04,html/syn-0008.html,syn-0008.html,run-none8,synthetic-shop.local,,https://synthetic-shop.local/product/megohmmeter-08-04,matched_gt,Мегаомметр цифровой MI-1000,16214,present,Мегаомметр цифровой MI-1000,16214.0,1,1,1,0,1.0,0.0,0.0,0.0,0.0,,matched_gt; llm_full_html,1,0,0,1,0,0,1,0,0
20261003T183020Z-b6869124,llm_full_html-9e54fa576ca383,llm_full_html-9e54fa576ca383,synthetic,llm_full_html,syn-0008,gt-7b94144c37f31e5825b0,syn-0008-e23,html/syn-0008.html,syn-0008.html,run-none8,synthetic-shop.local,,https://synthetic-shop.local/product/megohmmeter-08-23,matched_gt,Мегаомметр цифровой MI-1000 — серия 2,17390,present,Мегаомметр цифровой MI-1000 — серия 2,17390.0,1,1,1,0,1.0,0.0,0.0,0.0,0.0,,matched_gt; llm_full_html,1,0,0,1,0,0,1,0,0
20261003T183020Z-b6869124,llm_full_html-25c7e34acc4016,llm_full_html-25c7e34acc4016,synthetic,llm_full_html,syn-0008,gt-b2f49fc19d35557d022f,syn-0008-e06,html/syn-0008.html,syn-0008.html,run-none8,synthetic-shop.local,,https://synthetic-shop.local/product/moisture-meter-08-06,matched_gt,Влагомер древесины WM-2,3525,present,Влагомер древесины WM-2,3525.0,1,1,1,0,1.0,0.0,0.0,0.0,0.0,,matched_gt; llm_full_html,1,0,0,1,0,0,1,0,0
20261003T183020Z-b6869124,llm_full_html-4e7b367203d8a4,llm_full_html-4e7b367203d8a4,synthetic,llm_full_html,syn-0008,gt-ba68d27d8bf7d0458a29,syn-0008-e17,html/syn-0008.html,syn-0008.html,run-none8,synthetic-shop.local,,https://synthetic-shop.local/product/moisture-meter-08-17,matched_gt,Влагомер древесины WM-2 — серия 2,3331,present,Влагомер древесины WM-2 — серия 2,3331.0,1,1,1,0,1.0,0.0,0.0,0.0,0.0,,matched_gt; llm_full_html,1,0,0,1,0,0,1,0,0
20261003T183020Z-b6869124,llm_full_html-14acf5d6898de8,llm_full_html-14acf5d6898de8,synthetic,llm_full_html,syn-0008,gt-e4ee61d53a57a0ae91ca,syn-0008-e12,html/syn-0008.html,syn-0008.html,run-none8,synthetic-shop.local,,https://synthetic-shop.local/product/multimeter-08-12,matched_gt,Мультиметр цифровой M830 Pro,1935,present,Мультиметр цифровой M830 Pro,1935.0,1,1,1,0,1.0,0.0,0.0,0.0,0.0,,matched_gt; llm_full_html,1,0,0,1,0,0,1,0,0
20261003T183020Z-b6869124,llm_full_html-6c6d238cf1b4f6,llm_full_html-6c6d238cf1b4f6,synthetic,llm_full_html,syn-0008,gt-546d6e9b16c5f961deff,syn-0008-e24,html/syn-0008.html,syn-0008.html,run-none8,synthetic-shop.local,,https://synthetic-shop.local/product/multimeter-08-24,matched_gt,Мультиметр цифровой M830 Pro — серия 2,2127,present,Мультиметр цифровой M830 Pro — серия 2,2127.0,1,1,1,0,1.0,0.0,0.0,0.0,0.0,,matched_gt; llm_full_html,1,0,0,1,0,0,1,0,0
20261003T183020Z-b6869124,llm_full_html-4ff394cc5d0b93,llm_full_html-4ff394cc5d0b93,synthetic,llm_full_html,syn-0008,gt-002294d0aed9cd061149,syn-0008-e13,html/syn-0008.html,syn-0008.html,run-none8,synthetic-shop.local,,https://synthetic-shop.local/product/optical-level-08-13,matched_gt,Нивелир оптический N-32,22350,present,Нивелир оптический N-32,22350.0,1,1,1,0,1.0,0.0,0.0,0.0,0.0,,matched_gt; llm_full_html,1,0,0,1,0,0,1,0,0
20261003T183020Z-b6869124,llm_full_html-cb167c3332ec7d,llm_full_html-cb167c3332ec7d,synthetic,llm_full_html,syn-0008,gt-28467db6ff8747309e9e,syn-0008-e02,html/syn-0008.html,syn-0008.html,run-none8,synthetic-shop.local,,https://synthetic-shop.local/product/pyrometer-08-02,matched_gt,Пирометр инфракрасный IR-900,3490,present,Пирометр инфракрасный IR-900,3490.0,1,1,1,0,1.0,0.0,0.0,0.0,0.0,,matched_gt; llm_full_html,1,0,0,1,0,0,1,0,0
20261003T183020Z-b6869124,llm_full_html-726db9cc554d37,llm_full_html-726db9cc554d37,synthetic,llm_full_html,syn-0008,gt-05ecc785392f4d300cfa,syn-0008-e05,html/syn-0008.html,syn-0008.html,run-none8,synthetic-shop.local,,https://synthetic-shop.local/product/socket-tester-08-05,matched_gt,Тестер розеток и УЗО ST-8,1829,present,Тестер розеток и УЗО ST-8,1829.0,1,1,1,0,1.0,0.0,0.0,0.0,0.0,,matched_gt; llm_full_html,1,0,0,1,0,0,1,0,0
20261003T183020Z-b6869124,llm_full_html-a74c4a9fa483e1,llm_full_html-a74c4a9fa483e1,synthetic,llm_full_html,syn-0008,gt-57423765583791e2b752,syn-0008-e14,html/syn-0008.html,syn-0008.html,run-none8,synthetic-shop.local,,https://synthetic-shop.local/product/thermal-camera-08-14,matched_gt,Тепловизор строительный IR-256,46866,present,Тепловизор строительный IR-256,46866.0,1,1,1,0,1.0,0.0,0.0,0.0,0.0,,matched_gt; llm_full_html,1,0,0,1,0,0,1,0,0
20261003T183020Z-b6869124,llm_full_html-38fed58524015b,llm_full_html-38fed58524015b,synthetic,llm_full_html,syn-0008,gt-97a37e883dadfebca512,syn-0008-e08,html/syn-0008.html,syn-0008.html,run-none8,synthetic-shop.local,,https://synthetic-shop.local/product/wall-scanner-08-08,matched_gt,Детектор скрытой проводки WallScan 5,4780,present,Детектор скрытой проводки WallScan 5,4780.0,1,1,1,0,1.0,0.0,0.0,0.0,0.0,,matched_gt; llm_full_html,1,0,0,1,0,0,1,0,0
20261003T183020Z-b6869124,llm_full_html-94fadfa567a448,llm_full_html-94fadfa567a448,synthetic,llm_full_html,syn-0008,gt-f9c753d60a77555a9f03,syn-0008-e19,html/syn-0008.html,syn-0008.html,run-none8,synthetic-shop.local,,https://synthetic-shop.local/product/wall-scanner-08-19,matched_gt,Детектор скрытой проводки WallScan 5 — серия 2,5108,present,Детектор скрытой проводки WallScan 5 — серия 2,5108.0,1,1,1,0,1.0,0.0,0.0,0.0,0.0,,matched_gt; llm_full_html,1,0,0,1,0,0,1,0,0
20261003T183020Z-b6869124,llm_full_html-89b6f23cebe327,llm_full_html-89b6f23cebe327,synthetic,llm_full_html,syn-0009,gt-1c20723b8da7f1a93ac8,syn-0009-e06,html/syn-0009.html,syn-0009.html,run-none9,synthetic-shop.local,,https://synthetic-shop.local/product/anemometer-09-06,matched_gt,Анемометр цифровой AM-30,5449,present,Анемометр цифровой AM-30,5449.0,1,1,1,0,1.0,0.0,0.0,0.0,0.0,,matched_gt; llm_full_html,1,0,0,1,0,0,1,0,0
20261003T183020Z-b6869124,llm_full_html-fb388cec983ba4,llm_full_html-fb388cec983ba4,synthetic,llm_full_html,syn-0009,gt-1b99cf948493e50fa3b1,syn-0009-e16,html/syn-0009.html,syn-0009.html,run-none9,synthetic-shop.local,,https://synthetic-shop.local/product/anemometer-09-16,matched_gt,Анемометр цифровой AM-30 — серия 2,5660,present,Анемометр цифровой AM-30 — серия 2,5660.0,1,1,1,0,1.0,0.0,0.0,0.0,0.0,,matched_gt; llm_full_html,1,0,0,1,0,0,1,0,0
20261003T183020Z-b6869124,llm_full_html-0c533d737ba8bd,llm_full_html-0c533d737ba8bd,synthetic,llm_full_html,syn-0009,gt-e6134c0a005a8489b044,syn-0009-e15,html/syn-0009.html,syn-0009.html,run-none9,synthetic-shop.local,,https://synthetic-shop.local/product/angle-meter-09-15,matched_gt,Угломер электронный AG-360,3998,present,Угломер электронный AG-360,3998.0,1,1,1,0,1.0,0.0,0.0,0.0,0.0,,matched_gt; llm_full_html,1,0,0,1,0,0,1,0,0
20261003T183020Z-b6869124,llm_full_html-806707d96de038,llm_full_html-806707d96de038,synthetic,llm_full_html,syn-0009,gt-2ef335245296822fb66e,syn-0009-e05,html/syn-0009.html,syn-0009.html,run-none9,synthetic-shop.local,,https://synthetic-shop.local/product/clamp-meter-09-05,matched_gt,Клещи токовые CM-600,6490,present,Клещи токовые CM-600,6490.0,1,1,1,0,1.0,0.0,0.0,0.0,0.0,,matched_gt; llm_full_html,1,0,0,1,0,0,1,0,0
20261003T183020Z-b6869124,llm_full_html-becc163b908b8c,llm_full_html-becc163b908b8c,synthetic,llm_full_html,syn-0009,gt-656df5ce853f615837cc,syn-0009-e20,html/syn-0009.html,syn-0009.html,run-none9,synthetic-shop.local,,https://synthetic-shop.local/product/clamp-meter-09-20,matched_gt,Клещи токовые CM-600 — серия 2,7022,present,Клещи токовые CM-600 — серия 2,7022.0,1,1,1,0,1.0,0.0,0.0,0.0,0.0,,matched_gt; llm_full_html,1,0,0,1,0,0,1,0,0
20261003T183020Z-b6869124,llm_full_html-1efccb289c2d63,llm_full_html-1efccb289c2d63,synthetic,llm_full_html,syn-0009,gt-39681bdde81ce4254550,syn-0009-e14,html/syn-0009.html,syn-0009.html,run-none9,synthetic-shop.local,,https://synthetic-shop.local/product/coating-gauge-09-14,matched_gt,Толщиномер покрытий CT-1200,9080,present,Толщиномер покрытий CT-1200,9080.0,1,1,1,0,1.0,0.0,0.0,0.0,0.0,,matched_gt; llm_full_html,1,0,0,1,0,0,1,0,0
20261003T183020Z-b6869124,llm_full_html-d19b32a85c17af,llm_full_html-d19b32a85c17af,synthetic,llm_full_html,syn-0009,gt-4063be1d367710d2b21d,syn-0009-e09,html/syn-0009.html,syn-0009.html,run-none9,synthetic-shop.local,,https://synthetic-shop.local/product/laser-level-09-09,matched_gt,Лазерный уровень ЛУ-360 Pro,14549,present,Лазерный уровень ЛУ-360 Pro,14549.0,1,1,1,0,1.0,0.0,0.0,0.0,0.0,,matched_gt; llm_full_html,1,0,0,1,0,0,1,0,0
20261003T183020Z-b6869124,llm_full_html-299599229485b4,llm_full_html-299599229485b4,synthetic,llm_full_html,syn-0009,gt-59aa59bb6d9ab5f4fac4,syn-0009-e07,html/syn-0009.html,syn-0009.html,run-none9,synthetic-shop.local,,https://synthetic-shop.local/product/laser-rangefinder-09-07,matched_gt,Дальномер лазерный DM-80,7461,present,Дальномер лазерный DM-80,7461.0,1,1,1,0,1.0,0.0,0.0,0.0,0.0,,matched_gt; llm_full_html,1,0,0,1,0,0,1,0,0
20261003T183020Z-b6869124,llm_full_html-454a5f083094a2,llm_full_html-454a5f083094a2,synthetic,llm_full_html,syn-0009,gt-7be3a9532bdb4c70ebda,syn-0009-e18,html/syn-0009.html,syn-0009.html,run-none9,synthetic-shop.local,,https://synthetic-shop.local/product/laser-rangefinder-09-18,matched_gt,Дальномер лазерный DM-80 — серия 2,7039,present,Дальномер лазерный DM-80 — серия 2,7039.0,1,1,1,0,1.0,0.0,0.0,0.0,0.0,,matched_gt; llm_full_html,1,0,0,1,0,0,1,0,0
20261003T183020Z-b6869124,llm_full_html-57d2ad91ae661f,llm_full_html-57d2ad91ae661f,synthetic,llm_full_html,syn-0009,gt-1b50a95d7f7b576b4e17,syn-0009-e03,html/syn-0009.html,syn-0009.html,run-none9,synthetic-shop.local,,https://synthetic-shop.local/product/luxmeter-09-03,matched_gt,Люксметр LX-1010,3032,present,Люксметр LX-1010,3032.0,1,1,1,0,1.0,0.0,0.0,0.0,0.0,,matched_gt; llm_full_html,1,0,0,1,0,0,1,0,0
20261003T183020Z-b6869124,llm_full_html-6188ff2f567700,llm_full_html-6188ff2f567700,synthetic,llm_full_html,syn-0009,gt-ed74bbae1dfaf7eea157,syn-0009-e01,html/syn-0009.html,syn-0009.html,run-none9,synthetic-shop.local,,https://synthetic-shop.local/product/megohmmeter-09-01,matched_gt,Мегаомметр цифровой MI-1000,15990,present,Мегаомметр цифровой MI-1000,15990.0,1,1,1,0,1.0,0.0,0.0,0.0,0.0,,matched_gt; llm_full_html,1,0,0,1,0,0,1,0,0
20261003T183020Z-b6869124,llm_full_html-a4be1e27223eaf,llm_full_html-a4be1e27223eaf,synthetic,llm_full_html,syn-0009,gt-cb1d4661eff41c20b9c2,syn-0009-e04,html/syn-0009.html,syn-0009.html,run-none9,synthetic-shop.local,,https://synthetic-shop.local/product/moisture-meter-09-04,matched_gt,Влагомер древесины WM-2,3256,present,Влагомер древесины WM-2,3256.0,1,1,1,0,1.0,0.0,0.0,0.0,0.0,,matched_gt; llm_full_html,1,0,0,1,0,0,1,0,0
20261003T183020Z-b6869124,llm_full_html-769489edd30a80,llm_full_html-769489edd30a80,synthetic,llm_full_html,syn-0009,gt-104876b651f4eec41a3c,syn-0009-e17,html/syn-0009.html,syn-0009.html,run-none9,synthetic-shop.local,,https://synthetic-shop.local/product/moisture-meter-09-17,matched_gt,Влагомер древесины WM-2 — серия 2,3557,present,Влагомер древесины WM-2 — серия 2,3557.0,1,1,1,0,1.0,0.0,0.0,0.0,0.0,,matched_gt; llm_full_html,1,0,0,1,0,0,1,0,0
20261003T183020Z-b6869124,llm_full_html-1544d5b5cbf22b,llm_full_html-1544d5b5cbf22b,synthetic,llm_full_html,syn-0009,gt-8b2b0e5bafe4d5eaebea,syn-0009-e10,html/syn-0009.html,syn-0009.html,run-none9,synthetic-shop.local,,https://synthetic-shop.local/product/multimeter-09-10,matched_gt,Мультиметр цифровой M830 Pro,1954,present,Мультиметр цифровой M830 Pro,1954.0,1,1,1,0,1.0,0.0,0.0,0.0,0.0,,matched_gt; llm_full_html,1,0,0,1,0,0,1,0,0
20261003T183020Z-b6869124,llm_full_html-864a4cbdfac294,llm_full_html-864a4cbdfac294,synthetic,llm_full_html,syn-0009,gt-1217c8c21ed535aa2adc,syn-0009-e11,html/syn-0009.html,syn-0009.html,run-none9,synthetic-shop.local,,https://synthetic-shop.local/product/optical-level-09-11,matched_gt,Нивелир оптический N-32,22564,present,Нивелир оптический N-32,22564.0,1,1,1,0,1.0,0.0,0.0,0.0,0.0,,matched_gt; llm_full_html,1,0,0,1,0,0,1,0,0
20261003T183020Z-b6869124,llm_full_html-6144820adc95f9,llm_full_html-6144820adc95f9,synthetic,llm_full_html,syn-0009,gt-687e23e9f1f0cf302b5f,syn-0009-e12,html/syn-0009.html,syn-0009.html,run-none9,synthetic-shop.local,,https://synthetic-shop.local/product/pyrometer-09-12,matched_gt,Пирометр инфракрасный IR-900,3795,present,Пирометр инфракрасный IR-900,3795.0,1,1,1,0,1.0,0.0,0.0,0.0,0.0,,matched_gt; llm_full_html,1,0,0,1,0,0,1,0,0
20261003T183020Z-b6869124,llm_full_html-bf5c9271f5de94,llm_full_html-bf5c9271f5de94,synthetic,llm_full_html,syn-0009,gt-f5bb448ae53b5862fb8a,syn-0009-e02,html/syn-0009.html,syn-0009.html,run-none9,synthetic-shop.local,,https://synthetic-shop.local/product/socket-tester-09-02,matched_gt,Тестер розеток и УЗО ST-8,1803,present,Тестер розеток и УЗО ST-8,1803.0,1,1,1,0,1.0,0.0,0.0,0.0,0.0,,matched_gt; llm_full_html,1,0,0,1,0,0,1,0,0
20261003T183020Z-b6869124,llm_full_html-72f4c608484088,llm_full_html-72f4c608484088,synthetic,llm_full_html,syn-0009,gt-fa706a807bfdb020f6c0,syn-0009-e13,html/syn-0009.html,syn-0009.html,run-none9,synthetic-shop.local,,https://synthetic-shop.local/product/thermal-camera-09-13,matched_gt,Тепловизор строительный IR-256,48618,present,Тепловизор строительный IR-256,48618.0,1,1,1,0,1.0,0.0,0.0,0.0,0.0,,matched_gt; llm_full_html,1,0,0,1,0,0,1,0,0
20261003T183020Z-b6869124,llm_full_html-518a574e85094d,llm_full_html-518a574e85094d,synthetic,llm_full_html,syn-0009,gt-a579344b7f845e1d284a,syn-0009-e08,html/syn-0009.html,syn-0009.html,run-none9,synthetic-shop.local,,https://synthetic-shop.local/product/wall-scanner-09-08,matched_gt,Детектор скрытой проводки WallScan 5,5108,present,Детектор скрытой проводки WallScan 5,5108.0,1,1,1,0,1.0,0.0,0.0,0.0,0.0,,matched_gt; llm_full_html,1,0,0,1,0,0,1,0,0
20261003T183020Z-b6869124,llm_full_html-c8ca538c241f0b,llm_full_html-c8ca538c241f0b,synthetic,llm_full_html,syn-0009,gt-df9690439c2f00adfa07,syn-0009-e19,html/syn-0009.html,syn-0009.html,run-none9,synthetic-shop.local,,https://synthetic-shop.local/product/wall-scanner-09-19,matched_gt,Детектор скрытой проводки WallScan 5 — серия 2,4827,present,Детектор скрытой проводки WallScan 5 — серия 2,4827.0,1,1,1,0,1.0,0.0,0.0,0.0,0.0,,matched_gt; llm_full_html,1,0,0,1,0,0,1,0,0
20261003T183020Z-b6869124,llm_full_html-45be309ff69167,llm_full_html-45be309ff69167,synthetic,llm_full_html,syn-0010,gt-6d52eb38df3ba1746758,syn-0010-e06,html/syn-0010.html,syn-0010.html,run-none10,synthetic-shop.local,,https://synthetic-shop.local/product/anemometer-10-06,matched_gt,Анемометр цифровой AM-30,5819,present,Анемометр цифровой AM-30,5819.0,1,1,1,0,1.0,0.0,0.0,0.0,0.0,,matched_gt; llm_full_html,1,0,0,1,0,0,1,0,0
20261003T183020Z-b6869124,llm_full_html-311e49ca39a744,llm_full_html-311e49ca39a744,synthetic,llm_full_html,syn-0010,gt-847dd0369289c53a1d6b,syn-0010-e16,html/syn-0010.html,syn-0010.html,run-none10,synthetic-shop.local,,https://synthetic-shop.local/product/anemometer-10-16,matched_gt,Анемометр цифровой AM-30 — серия 2,5343,present,Анемометр цифровой AM-30 — серия 2,5343.0,1,1,1,0,1.0,0.0,0.0,0.0,0.0,,matched_gt; llm_full_html,1,0,0,1,0,0,1,0,0
20261003T183020Z-b6869124,llm_full_html-4dbcf2bb59a60b,llm_full_html-4dbcf2bb59a60b,synthetic,llm_full_html,syn-0010,gt-8e1523ab306d42bcc240,syn-0010-e03,html/syn-0010.html,syn-0010.html,run-none10,synthetic-shop.local,,https://synthetic-shop.local/product/angle-meter-10-03,matched_gt,Угломер электронный AG-360,3871,present,Угломер электронный AG-360,3871.0,1,1,1,0,1.0,0.0,0.0,0.0,0.0,,matched_gt; llm_full_html,1,0,0,1,0,0,1,0,0
20261003T183020Z-b6869124,llm_full_html-99b827ed76311f,llm_full_html-99b827ed76311f,synthetic,llm_full_html,syn-0010,gt-d094d2e6d58743d842ea,syn-0010-e02,html/syn-0010.html,syn-0010.html,run-none10,synthetic-shop.local,,https://synthetic-shop.local/product/clamp-meter-10-02,matched_gt,Клещи токовые CM-600,6580,present,Клещи токовые CM-600,6580.0,1,1,1,0,1.0,0.0,0.0,0.0,0.0,,matched_gt; llm_full_html,1,0,0,1,0,0,1,0,0
20261003T183020Z-b6869124,llm_full_html-5e7f67165e45c0,llm_full_html-5e7f67165e45c0,synthetic,llm_full_html,syn-0010,gt-1ac9e42cb3f7572d003f,syn-0010-e20,html/syn-0010.html,syn-0010.html,run-none10,synthetic-shop.local,,https://synthetic-shop.local/product/clamp-meter-10-20,matched_gt,Клещи токовые CM-600 — серия 2,6625,present,Клещи токовые CM-600 — серия 2,6625.0,1,1,1,0,1.0,0.0,0.0,0.0,0.0,,matched_gt; llm_full_html,1,0,0,1,0,0,1,0,0
20261003T183020Z-b6869124,llm_full_html-b648d4549987a5,llm_full_html-b648d4549987a5,synthetic,llm_full_html,syn-0010,gt-add635f5a8b82fdb343b,syn-0010-e15,html/syn-0010.html,syn-0010.html,run-none10,synthetic-shop.local,,https://synthetic-shop.local/product/coating-gauge-10-15,matched_gt,Толщиномер покрытий CT-1200,9979,present,Толщиномер покрытий CT-1200,9979.0,1,1,1,0,1.0,0.0,0.0,0.0,0.0,,matched_gt; llm_full_html,1,0,0,1,0,0,1,0,0
20261003T183020Z-b6869124,llm_full_html-8aed8e1ca785b1,llm_full_html-8aed8e1ca785b1,synthetic,llm_full_html,syn-0010,gt-5b99b2e8723bc339a288,syn-0010-e04,html/syn-0010.html,syn-0010.html,run-none10,synthetic-shop.local,,https://synthetic-shop.local/product/laser-level-10-04,matched_gt,Лазерный уровень ЛУ-360 Pro,12990,present,Лазерный уровень ЛУ-360 Pro,12990.0,1,1,1,0,1.0,0.0,0.0,0.0,0.0,,matched_gt; llm_full_html,1,0,0,1,0,0,1,0,0
20261003T183020Z-b6869124,llm_full_html-769c41cf7cc701,llm_full_html-769c41cf7cc701,synthetic,llm_full_html,syn-0010,gt-fddfef844d6bbb9c1192,syn-0010-e21,html/syn-0010.html,syn-0010.html,run-none10,synthetic-shop.local,,https://synthetic-shop.local/product/laser-level-10-21,matched_gt,Лазерный уровень ЛУ-360 Pro — серия 2,13380,present,Лазерный уровень ЛУ-360 Pro — серия 2,13380.0,1,1,1,0,1.0,0.0,0.0,0.0,0.0,,matched_gt; llm_full_html,1,0,0,1,0,0,1,0,0
20261003T183020Z-b6869124,llm_full_html-8f17aab2ccd9f9,llm_full_html-8f17aab2ccd9f9,synthetic,llm_full_html,syn-0010,gt-7ef331e977b61403ef7f,syn-0010-e05,html/syn-0010.html,syn-0010.html,run-none10,synthetic-shop.local,,https://synthetic-shop.local/product/laser-rangefinder-10-05,matched_gt,Дальномер лазерный DM-80,7039,present,Дальномер лазерный DM-80,7039.0,1,1,1,0,1.0,0.0,0.0,0.0,0.0,,matched_gt; llm_full_html,1,0,0,1,0,0,1,0,0
20261003T183020Z-b6869124,llm_full_html-14735bd61b6786,llm_full_html-14735bd61b6786,synthetic,llm_full_html,syn-0010,gt-8518436822ba5fa3081f,syn-0010-e18,html/syn-0010.html,syn-0010.html,run-none10,synthetic-shop.local,,https://synthetic-shop.local/product/laser-rangefinder-10-18,matched_gt,Дальномер лазерный DM-80 — серия 2,7532,present,Дальномер лазерный DM-80 — серия 2,7532.0,1,1,1,0,1.0,0.0,0.0,0.0,0.0,,matched_gt; llm_full_html,1,0,0,1,0,0,1,0,0
20261003T183020Z-b6869124,llm_full_html-ce3a0c0e612c2b,llm_full_html-ce3a0c0e612c2b,synthetic,llm_full_html,syn-0010,gt-73989479d2cbe5e0095a,syn-0010-e08,html/syn-0010.html,syn-0010.html,run-none10,synthetic-shop.local,,https://synthetic-shop.local/product/luxmeter-10-08,matched_gt,Люксметр LX-1010,3101,present,Люксметр LX-1010,3101.0,1,1,1,0,1.0,0.0,0.0,0.0,0.0,,matched_gt; llm_full_html,1,0,0,1,0,0,1,0,0
20261003T183020Z-b6869124,llm_full_html-d816b73f2c291d,llm_full_html-d816b73f2c291d,synthetic,llm_full_html,syn-0010,gt-5b2636d879fea07908f8,syn-0010-e22,html/syn-0010.html,syn-0010.html,run-none10,synthetic-shop.local,,https://synthetic-shop.local/product/luxmeter-10-22,matched_gt,Люксметр LX-1010 — серия 2,3192,present,Люксметр LX-1010 — серия 2,3192.0,1,1,1,0,1.0,0.0,0.0,0.0,0.0,,matched_gt; llm_full_html,1,0,0,1,0,0,1,0,0
20261003T183020Z-b6869124,llm_full_html-21e681d0a7776e,llm_full_html-21e681d0a7776e,synthetic,llm_full_html,syn-0010,gt-c0256fc763a91906b615,syn-0010-e09,html/syn-0010.html,syn-0010.html,run-none10,synthetic-shop.local,,https://synthetic-shop.local/product/megohmmeter-10-09,matched_gt,Мегаомметр цифровой MI-1000,17068,present,Мегаомметр цифровой MI-1000,17068.0,1,1,1,0,1.0,0.0,0.0,0.0,0.0,,matched_gt; llm_full_html,1,0,0,1,0,0,1,0,0
20261003T183020Z-b6869124,llm_full_html-718c31ae14eacc,llm_full_html-718c31ae14eacc,synthetic,llm_full_html,syn-0010,gt-d10add0c2bcb05ec1cfb,syn-0010-e01,html/syn-0010.html,syn-0010.html,run-none10,synthetic-shop.local,,https://synthetic-shop.local/product/moisture-meter-10-01,matched_gt,Влагомер древесины WM-2,3212,present,Влагомер древесины WM-2,3212.0,1,1,1,0,1.0,0.0,0.0,0.0,0.0,,matched_gt; llm_full_html,1,0,0,1,0,0,1,0,0
20261003T183020Z-b6869124,llm_full_html-a1e2f9b75e3940,llm_full_html-a1e2f9b75e3940,synthetic,llm_full_html,syn-0010,gt-a6920911218fa94225c0,syn-0010-e17,html/syn-0010.html,syn-0010.html,run-none10,synthetic-shop.local,,https://synthetic-shop.local/product/moisture-meter-10-17,matched_gt,Влагомер древесины WM-2 — серия 2,3363,present,Влагомер древесины WM-2 — серия 2,3363.0,1,1,1,0,1.0,0.0,0.0,0.0,0.0,,matched_gt; llm_full_html,1,0,0,1,0,0,1,0,0
20261003T183020Z-b6869124,llm_full_html-2e2f3a39ffec5a,llm_full_html-2e2f3a39ffec5a,synthetic,llm_full_html,syn-0010,gt-dfe4758641be6d3e3c80,syn-0010-e10,html/syn-0010.html,syn-0010.html,run-none10,synthetic-shop.local,,https://synthetic-shop.local/product/multimeter-10-10,matched_gt,Мультиметр цифровой M830 Pro,2088,present,Мультиметр цифровой M830 Pro,2088.0,1,1,1,0,1.0,0.0,0.0,0.0,0.0,,matched_gt; llm_full_html,1,0,0,1,0,0,1,0,0
20261003T183020Z-b6869124,llm_full_html-978f3d27b392a5,llm_full_html-978f3d27b392a5,synthetic,llm_full_html,syn-0010,gt-5bbd21805fa1e7aa90bc,syn-0010-e11,html/syn-0010.html,syn-0010.html,run-none10,synthetic-shop.local,,https://synthetic-shop.local/product/optical-level-10-11,matched_gt,Нивелир оптический N-32,24069,present,Нивелир оптический N-32,24069.0,1,1,1,0,1.0,0.0,0.0,0.0,0.0,,matched_gt; llm_full_html,1,0,0,1,0,0,1,0,0
20261003T183020Z-b6869124,llm_full_html-c80fc408b0bd5e,llm_full_html-c80fc408b0bd5e,synthetic,llm_full_html,syn-0010,gt-4bf9d085cf4cb83e0fa0,syn-0010-e12,html/syn-0010.html,syn-0010.html,run-none10,synthetic-shop.local,,https://synthetic-shop.local/product/pyrometer-10-12,matched_gt,Пирометр инфракрасный IR-900,3584,present,Пирометр инфракрасный IR-900,3584.0,1,1,1,0,1.0,0.0,0.0,0.0,0.0,,matched_gt; llm_full_html,1,0,0,1,0,0,1,0,0
20261003T183020Z-b6869124,llm_full_html-65d6a662d7c265,llm_full_html-65d6a662d7c265,synthetic,llm_full_html,syn-0010,gt-790dd0de204f4ed619d8,syn-0010-e14,html/syn-0010.html,syn-0010.html,run-none10,synthetic-shop.local,,https://synthetic-shop.local/product/socket-tester-10-14,matched_gt,Тестер розеток и УЗО ST-8,1961,present,Тестер розеток и УЗО ST-8,1961.0,1,1,1,0,1.0,0.0,0.0,0.0,0.0,,matched_gt; llm_full_html,1,0,0,1,0,0,1,0,0
20261003T183020Z-b6869124,llm_full_html-a66445b1d81747,llm_full_html-a66445b1d81747,synthetic,llm_full_html,syn-0010,gt-1419c781902cccfdfeda,syn-0010-e13,html/syn-0010.html,syn-0010.html,run-none10,synthetic-shop.local,,https://synthetic-shop.local/product/thermal-camera-10-13,matched_gt,Тепловизор строительный IR-256,45990,present,Тепловизор строительный IR-256,45990.0,1,1,1,0,1.0,0.0,0.0,0.0,0.0,,matched_gt; llm_full_html,1,0,0,1,0,0,1,0,0
20261003T183020Z-b6869124,llm_full_html-24b3d8eb803e28,llm_full_html-24b3d8eb803e28,synthetic,llm_full_html,syn-0010,gt-3eef369be5198c3a48ba,syn-0010-e07,html/syn-0010.html,syn-0010.html,run-none10,synthetic-shop.local,,https://synthetic-shop.local/product/wall-scanner-10-07,matched_gt,Детектор скрытой проводки WallScan 5,4686,present,Детектор скрытой проводки WallScan 5,4686.0,1,1,1,0,1.0,0.0,0.0,0.0,0.0,,matched_gt; llm_full_html,1,0,0,1,0,0,1,0,0
20261003T183020Z-b6869124,llm_full_html-8ab2317d62bfd3,llm_full_html-8ab2317d62bfd3,synthetic,llm_full_html,syn-0010,gt-f521b27ee2b8ae14927c,syn-0010-e19,html/syn-0010.html,syn-0010.html,run-none10,synthetic-shop.local,,https://synthetic-shop.local/product/wall-scanner-10-19,matched_gt,Детектор скрытой проводки WallScan 5 — серия 2,5155,present,Детектор скрытой проводки WallScan 5 — серия 2,5155.0,1,1,1,0,1.0,0.0,0.0,0.0,0.0,,matched_gt; llm_full_html,1,0,0,1,0,0,1,0,0
20261003T183020Z-b6869124,llm_full_html-961c4e5179b717,llm_full_html-961c4e5179b717,synthetic,llm_full_html,syn-0011,gt-09676a3a35db09422fca,syn-0011-e01,html/syn-0011.html,syn-0011.html,run-none11,synthetic-shop.local,,https://synthetic-shop.local/product/a4-paper-11-01,matched_gt,Бумага офисная A4 80 г/м² 500 листов,599,present,Бумага офисная A4 80 г/м² 500 листов,599.0,1,1,1,0,1.0,0.0,0.0,0.0,0.0,,matched_gt; llm_full_html,1,0,0,1,0,0,1,0,0
20261003T183020Z-b6869124,llm_full_html-ed9174bc37e295,llm_full_html-ed9174bc37e295,synthetic,llm_full_html,syn-0011,gt-d6cdf345d986a0dad09d,syn-0011-e12,html/syn-0011.html,syn-0011.html,run-none11,synthetic-shop.local,,https://synthetic-shop.local/product/a4-paper-11-12,matched_gt,Бумага офисная A4 80 г/м² 500 листов — серия 2,653,present,Бумага офисная A4 80 г/м² 500 листов — серия 2,653.0,1,1,1,0,1.0,0.0,0.0,0.0,0.0,,matched_gt; llm_full_html,1,0,0,1,0,0,1,0,0
20261003T183020Z-b6869124,llm_full_html-b580276e58d0b0,llm_full_html-b580276e58d0b0,synthetic,llm_full_html,syn-0011,gt-1942d0619229212dacd4,syn-0011-e22,html/syn-0011.html,syn-0011.html,run-none11,synthetic-shop.local,,https://synthetic-shop.local/product/a4-paper-11-22,matched_gt,Бумага офисная A4 80 г/м² 500 листов — серия 3,599,present,Бумага офисная A4 80 г/м² 500 листов — серия 3,599.0,1,1,1,0,1.0,0.0,0.0,0.0,0.0,,matched_gt; llm_full_html,1,0,0,1,0,0,1,0,0
20261003T183020Z-b6869124,llm_full_html-c447d6ad8e3752,llm_full_html-c447d6ad8e3752,synthetic,llm_full_html,syn-0011,gt-58eb268ceb2d3de2e5b7,syn-0011-e08,html/syn-0011.html,syn-0011.html,run-none11,synthetic-shop.local,,https://synthetic-shop.local/product/correction-tape-11-08,matched_gt,Корректирующая лента 5 мм × 8 м,230,present,Корректирующая лента 5 мм × 8 м,230.0,1,1,1,0,1.0,0.0,0.0,0.0,0.0,,matched_gt; llm_full_html,1,0,0,1,0,0,1,0,0
20261003T183020Z-b6869124,llm_full_html-7d771aff5284f3,llm_full_html-7d771aff5284f3,synthetic,llm_full_html,syn-0011,gt-35a9207bb924ec759e83,syn-0011-e14,html/syn-0011.html,syn-0011.html,run-none11,synthetic-shop.local,,https://synthetic-shop.local/product/correction-tape-11-14,matched_gt,Корректирующая лента 5 мм × 8 м — серия 2,213,present,Корректирующая лента 5 мм × 8 м — серия 2,213.0,1,1,1,0,1.0,0.0,0.0,0.0,0.0,,matched_gt; llm_full_html,1,0,0,1,0,0,1,0,0
20261003T183020Z-b6869124,llm_full_html-77d3ac36ad7d35,llm_full_html-77d3ac36ad7d35,synthetic,llm_full_html,syn-0011,gt-36ea6eca42a9371098e2,syn-0011-e24,html/syn-0011.html,syn-0011.html,run-none11,synthetic-shop.local,,https://synthetic-shop.local/product/correction-tape-11-24,matched_gt,Корректирующая лента 5 мм × 8 м — серия 3,222,present,Корректирующая лента 5 мм × 8 м — серия 3,222.0,1,1,1,0,1.0,0.0,0.0,0.0,0.0,,matched_gt; llm_full_html,1,0,0,1,0,0,1,0,0
20261003T183020Z-b6869124,llm_full_html-c377efd7b79cdd,llm_full_html-c377efd7b79cdd,synthetic,llm_full_html,syn-0011,gt-d1a56fd59e76893d9aa8,syn-0011-e04,html/syn-0011.html,syn-0011.html,run-none11,synthetic-shop.local,,https://synthetic-shop.local/product/gel-pen-11-04,matched_gt,Ручка гелевая синяя 0.5 мм,89,present,Ручка гелевая синяя 0.5 мм,89.0,1,1,1,0,1.0,0.0,0.0,0.0,0.0,,matched_gt; llm_full_html,1,0,0,1,0,0,1,0,0
20261003T183020Z-b6869124,llm_full_html-cc903544ac4c78,llm_full_html-cc903544ac4c78,synthetic,llm_full_html,syn-0011,gt-781b51ea7147746a49ec,syn-0011-e17,html/syn-0011.html,syn-0011.html,run-none11,synthetic-shop.local,,https://synthetic-shop.local/product/gel-pen-11-17,matched_gt,Ручка гелевая синяя 0.5 мм — серия 2,99,present,Ручка гелевая синяя 0.5 мм — серия 2,99.0,1,1,1,0,1.0,0.0,0.0,0.0,0.0,,matched_gt; llm_full_html,1,0,0,1,0,0,1,0,0
20261003T183020Z-b6869124,llm_full_html-81c922e91720cb,llm_full_html-81c922e91720cb,synthetic,llm_full_html,syn-0011,gt-62bbbb9522907b579c04,syn-0011-e27,html/syn-0011.html,syn-0011.html,run-none11,synthetic-shop.local,,https://synthetic-shop.local/product/gel-pen-11-27,matched_gt,Ручка гелевая синяя 0.5 мм — серия 3,91,present,Ручка гелевая синяя 0.5 мм — серия 3,91.0,1,1,1,0,1.0,0.0,0.0,0.0,0.0,,matched_gt; llm_full_html,1,0,0,1,0,0,1,0,0
20261003T183020Z-b6869124,llm_full_html-f2b5aed95acd31,llm_full_html-f2b5aed95acd31,synthetic,llm_full_html,syn-0011,gt-1bc0ba1d0e19790c58ef,syn-0011-e07,html/syn-0011.html,syn-0011.html,run-none11,synthetic-shop.local,,https://synthetic-shop.local/product/glue-stick-11-07,matched_gt,Клей-карандаш 21 г,181,present,Клей-карандаш 21 г,181.0,1,1,1,0,1.0,0.0,0.0,0.0,0.0,,matched_gt; llm_full_html,1,0,0,1,0,0,1,0,0
20261003T183020Z-b6869124,llm_full_html-1ec1399bb78210,llm_full_html-1ec1399bb78210,synthetic,llm_full_html,syn-0011,gt-4d9cf7e157aaabab14d7,syn-0011-e13,html/syn-0011.html,syn-0011.html,run-none11,synthetic-shop.local,,https://synthetic-shop.local/product/glue-stick-11-13,matched_gt,Клей-карандаш 21 г — серия 2,189,present,Клей-карандаш 21 г — серия 2,189.0,1,1,1,0,1.0,0.0,0.0,0.0,0.0,,matched_gt; llm_full_html,1,0,0,1,0,0,1,0,0
20261003T183020Z-b6869124,llm_full_html-f76a5046ff6fa7,llm_full_html-f76a5046ff6fa7,synthetic,llm_full_html,syn-0011,gt-a47f4e2eb9d4716de8bf,syn-0011-e23,html/syn-0011.html,syn-0011.html,run-none11,synthetic-shop.local,,https://synthetic-shop.local/product/glue-stick-11-23,matched_gt,Клей-карандаш 21 г — серия 3,174,present,Клей-карандаш 21 г — серия 3,174.0,1,1,1,0,1.0,0.0,0.0,0.0,0.0,,matched_gt; llm_full_html,1,0,0,1,0,0,1,0,0
20261003T183020Z-b6869124,llm_full_html-05ae14c4f3a46a,llm_full_html-05ae14c4f3a46a,synthetic,llm_full_html,syn-0011,gt-5100861a3d83143421fb,syn-0011-e10,html/syn-0011.html,syn-0011.html,run-none11,synthetic-shop.local,,https://synthetic-shop.local/product/labels-11-10,matched_gt,Этикетки самоклеящиеся 70×37 мм,689,present,Этикетки самоклеящиеся 70×37 мм,689.0,1,1,1,0,1.0,0.0,0.0,0.0,0.0,,matched_gt; llm_full_html,1,0,0,1,0,0,1,0,0
20261003T183020Z-b6869124,llm_full_html-c9dd8870cf5cef,llm_full_html-c9dd8870cf5cef,synthetic,llm_full_html,syn-0011,gt-32513242f91b29aaa39f,syn-0011-e20,html/syn-0011.html,syn-0011.html,run-none11,synthetic-shop.local,,https://synthetic-shop.local/product/labels-11-20,matched_gt,Этикетки самоклеящиеся 70×37 мм — серия 2,716,present,Этикетки самоклеящиеся 70×37 мм — серия 2,716.0,1,1,1,0,1.0,0.0,0.0,0.0,0.0,,matched_gt; llm_full_html,1,0,0,1,0,0,1,0,0
20261003T183020Z-b6869124,llm_full_html-049abb081e3b17,llm_full_html-049abb081e3b17,synthetic,llm_full_html,syn-0011,gt-338b792991a94c17c8fe,syn-0011-e30,html/syn-0011.html,syn-0011.html,run-none11,synthetic-shop.local,,https://synthetic-shop.local/product/labels-11-30,matched_gt,Этикетки самоклеящиеся 70×37 мм — серия 3,743,present,Этикетки самоклеящиеся 70×37 мм — серия 3,743.0,1,1,1,0,1.0,0.0,0.0,0.0,0.0,,matched_gt; llm_full_html,1,0,0,1,0,0,1,0,0
20261003T183020Z-b6869124,llm_full_html-1b1664bee581a4,llm_full_html-1b1664bee581a4,synthetic,llm_full_html,syn-0011,gt-e3f4f587c292a773a7ff,syn-0011-e02,html/syn-0011.html,syn-0011.html,run-none11,synthetic-shop.local,,https://synthetic-shop.local/product/lever-arch-11-02,matched_gt,Папка-регистратор 75 мм синяя,379,present,Папка-регистратор 75 мм синяя,379.0,1,1,1,0,1.0,0.0,0.0,0.0,0.0,,matched_gt; llm_full_html,1,0,0,1,0,0,1,0,0
20261003T183020Z-b6869124,llm_full_html-fac69824925ed4,llm_full_html-fac69824925ed4,synthetic,llm_full_html,syn-0011,gt-f346746e989a1e7da890,syn-0011-e16,html/syn-0011.html,syn-0011.html,run-none11,synthetic-shop.local,,https://synthetic-shop.local/product/lever-arch-11-16,matched_gt,Папка-регистратор 75 мм синяя — серия 2,409,present,Папка-регистратор 75 мм синяя — серия 2,409.0,1,1,1,0,1.0,0.0,0.0,0.0,0.0,,matched_gt; llm_full_html,1,0,0,1,0,0,1,0,0
20261003T183020Z-b6869124,llm_full_html-c7a6f29ee7c928,llm_full_html-c7a6f29ee7c928,synthetic,llm_full_html,syn-0011,gt-6b00bcaa3fcd72449559,syn-0011-e26,html/syn-0011.html,syn-0011.html,run-none11,synthetic-shop.local,,https://synthetic-shop.local/product/lever-arch-11-26,matched_gt,Папка-регистратор 75 мм синяя — серия 3,424,present,Папка-регистратор 75 мм синяя — серия 3,424.0,1,1,1,0,1.0,0.0,0.0,0.0,0.0,,matched_gt; llm_full_html,1,0,0,1,0,0,1,0,0
20261003T183020Z-b6869124,llm_full_html-22e3e3e832f889,llm_full_html-22e3e3e832f889,synthetic,llm_full_html,syn-0011,gt-f609066baee65787cf73,syn-0011-e06,html/syn-0011.html,syn-0011.html,run-none11,synthetic-shop.local,,https://synthetic-shop.local/product/notebook-a5-11-06,matched_gt,Блокнот A5 96 листов клетка,311,present,Блокнот A5 96 листов клетка,311.0,1,1,1,0,1.0,0.0,0.0,0.0,0.0,,matched_gt; llm_full_html,1,0,0,1,0,0,1,0,0
20261003T183020Z-b6869124,llm_full_html-6e7367f72a0f5c,llm_full_html-6e7367f72a0f5c,synthetic,llm_full_html,syn-0011,gt-7cf6614ba189cdb42873,syn-0011-e11,html/syn-0011.html,syn-0011.html,run-none11,synthetic-shop.local,,https://synthetic-shop.local/product/notebook-a5-11-11,matched_gt,Блокнот A5 96 листов клетка — серия 2,317,present,Блокнот A5 96 листов клетка — серия 2,317.0,1,1,1,0,1.0,0.0,0.0,0.0,0.0,,matched_gt; llm_full_html,1,0,0,1,0,0,1,0,0
20261003T183020Z-b6869124,llm_full_html-225d017c5e078a,llm_full_html-225d017c5e078a,synthetic,llm_full_html,syn-0011,gt-09f10169e2d6ea12f42a,syn-0011-e21,html/syn-0011.html,syn-0011.html,run-none11,synthetic-shop.local,,https://synthetic-shop.local/product/notebook-a5-11-21,matched_gt,Блокнот A5 96 листов клетка — серия 3,329,present,Блокнот A5 96 листов клетка — серия 3,329.0,1,1,1,0,1.0,0.0,0.0,0.0,0.0,,matched_gt; llm_full_html,1,0,0,1,0,0,1,0,0
20261003T183020Z-b6869124,llm_full_html-6f92c2a89060a3,llm_full_html-6f92c2a89060a3,synthetic,llm_full_html,syn-0011,gt-e8f28f40d6e4ba0014f2,syn-0011-e03,html/syn-0011.html,syn-0011.html,run-none11,synthetic-shop.local,,https://synthetic-shop.local/product/permanent-marker-11-03,matched_gt,Маркер перманентный чёрный 2 мм,89,present,Маркер перманентный чёрный 2 мм,89.0,1,1,1,0,1.0,0.0,0.0,0.0,0.0,,matched_gt; llm_full_html,1,0,0,1,0,0,1,0,0
20261003T183020Z-b6869124,llm_full_html-474c8cf47a8877,llm_full_html-474c8cf47a8877,synthetic,llm_full_html,syn-0011,gt-6463a042a306d1f9d198,syn-0011-e15,html/syn-0011.html,syn-0011.html,run-none11,synthetic-shop.local,,https://synthetic-shop.local/product/permanent-marker-11-15,matched_gt,Маркер перманентный чёрный 2 мм — серия 2,93,present,Маркер перманентный чёрный 2 мм — серия 2,93.0,1,1,1,0,1.0,0.0,0.0,0.0,0.0,,matched_gt; llm_full_html,1,0,0,1,0,0,1,0,0
20261003T183020Z-b6869124,llm_full_html-5a423ce02d5387,llm_full_html-5a423ce02d5387,synthetic,llm_full_html,syn-0011,gt-9f95abcebb4896e47bed,syn-0011-e25,html/syn-0011.html,syn-0011.html,run-none11,synthetic-shop.local,,https://synthetic-shop.local/product/permanent-marker-11-25,matched_gt,Маркер перманентный чёрный 2 мм — серия 3,97,present,Маркер перманентный чёрный 2 мм — серия 3,97.0,1,1,1,0,1.0,0.0,0.0,0.0,0.0,,matched_gt; llm_full_html,1,0,0,1,0,0,1,0,0
20261003T183020Z-b6869124,llm_full_html-3660cd268c7a7b,llm_full_html-3660cd268c7a7b,synthetic,llm_full_html,syn-0011,gt-33acaefd9ce394e39353,syn-0011-e09,html/syn-0011.html,syn-0011.html,run-none11,synthetic-shop.local,,https://synthetic-shop.local/product/sheet-protectors-11-09,matched_gt,Файл-вкладыш A4 100 шт,519,present,Файл-вкладыш A4 100 шт,519.0,1,1,1,0,1.0,0.0,0.0,0.0,0.0,,matched_gt; llm_full_html,1,0,0,1,0,0,1,0,0
20261003T183020Z-b6869124,llm_full_html-2503e05369fc84,llm_full_html-2503e05369fc84,synthetic,llm_full_html,syn-0011,gt-895c5b8f0645aa263e5e,syn-0011-e19,html/syn-0011.html,syn-0011.html,run-none11,synthetic-shop.local,,https://synthetic-shop.local/product/sheet-protectors-11-19,matched_gt,Файл-вкладыш A4 100 шт — серия 2,540,present,Файл-вкладыш A4 100 шт — серия 2,540.0,1,1,1,0,1.0,0.0,0.0,0.0,0.0,,matched_gt; llm_full_html,1,0,0,1,0,0,1,0,0
20261003T183020Z-b6869124,llm_full_html-9f549179ea578f,llm_full_html-9f549179ea578f,synthetic,llm_full_html,syn-0011,gt-e6058a84c44f89e2766c,syn-0011-e29,html/syn-0011.html,syn-0011.html,run-none11,synthetic-shop.local,,https://synthetic-shop.local/product/sheet-protectors-11-29,matched_gt,Файл-вкладыш A4 100 шт — серия 3,561,present,Файл-вкладыш A4 100 шт — серия 3,561.0,1,1,1,0,1.0,0.0,0.0,0.0,0.0,,matched_gt; llm_full_html,1,0,0,1,0,0,1,0,0
20261003T183020Z-b6869124,llm_full_html-8c3765d87dcae5,llm_full_html-8c3765d87dcae5,synthetic,llm_full_html,syn-0011,gt-c3d7affe301892c94c6d,syn-0011-e05,html/syn-0011.html,syn-0011.html,run-none11,synthetic-shop.local,,https://synthetic-shop.local/product/staples-11-05,matched_gt,Скобы для степлера №24/6 1000 шт,139,present,Скобы для степлера №24/6 1000 шт,139.0,1,1,1,0,1.0,0.0,0.0,0.0,0.0,,matched_gt; llm_full_html,1,0,0,1,0,0,1,0,0
20261003T183020Z-b6869124,llm_full_html-144a69e5b22a16,llm_full_html-144a69e5b22a16,synthetic,llm_full_html,syn-0011,gt-f92eb6714fc0ad095db2,syn-0011-e18,html/syn-0011.html,syn-0011.html,run-none11,synthetic-shop.local,,https://synthetic-shop.local/product/staples-11-18,matched_gt,Скобы для степлера №24/6 1000 шт — серия 2,140,present,Скобы для степлера №24/6 1000 шт — серия 2,140.0,1,1,1,0,1.0,0.0,0.0,0.0,0.0,,matched_gt; llm_full_html,1,0,0,1,0,0,1,0,0
20261003T183020Z-b6869124,llm_full_html-1f567632345c0a,llm_full_html-1f567632345c0a,synthetic,llm_full_html,syn-0011,gt-adc662869fca49f78318,syn-0011-e28,html/syn-0011.html,syn-0011.html,run-none11,synthetic-shop.local,,https://synthetic-shop.local/product/staples-11-28,matched_gt,Скобы для степлера №24/6 1000 шт — серия 3,146,present,Скобы для степлера №24/6 1000 шт — серия 3,146.0,1,1,1,0,1.0,0.0,0.0,0.0,0.0,,matched_gt; llm_full_html,1,0,0,1,0,0,1,0,0
20261003T183020Z-b6869124,llm_full_html-cf282755ff5bd6,llm_full_html-cf282755ff5bd6,synthetic,llm_full_html,syn-0012,gt-20edec28a042a233a285,syn-0012-e06,html/syn-0012.html,syn-0012.html,run-none12,synthetic-shop.local,,https://synthetic-shop.local/product/a4-paper-12-06,matched_gt,Бумага офисная A4 80 г/м² 500 листов,665,present,Бумага офисная A4 80 г/м² 500 листов,665.0,1,1,1,0,1.0,0.0,0.0,0.0,0.0,,matched_gt; llm_full_html,1,0,0,1,0,0,1,0,0
20261003T183020Z-b6869124,llm_full_html-04006df887aaa5,llm_full_html-04006df887aaa5,synthetic,llm_full_html,syn-0012,gt-d964032fc040853511ba,syn-0012-e12,html/syn-0012.html,syn-0012.html,run-none12,synthetic-shop.local,,https://synthetic-shop.local/product/a4-paper-12-12,matched_gt,Бумага офисная A4 80 г/м² 500 листов — серия 2,617,present,Бумага офисная A4 80 г/м² 500 листов — серия 2,617.0,1,1,1,0,1.0,0.0,0.0,0.0,0.0,,matched_gt; llm_full_html,1,0,0,1,0,0,1,0,0
20261003T183020Z-b6869124,llm_full_html-04d9dacbb40aa3,llm_full_html-04d9dacbb40aa3,synthetic,llm_full_html,syn-0012,gt-d54a491913e0c21332de,syn-0012-e07,html/syn-0012.html,syn-0012.html,run-none12,synthetic-shop.local,,https://synthetic-shop.local/product/correction-tape-12-07,matched_gt,Корректирующая лента 5 мм × 8 м,211,present,Корректирующая лента 5 мм × 8 м,211.0,1,1,1,0,1.0,0.0,0.0,0.0,0.0,,matched_gt; llm_full_html,1,0,0,1,0,0,1,0,0
20261003T183020Z-b6869124,llm_full_html-721e06205f34d8,llm_full_html-721e06205f34d8,synthetic,llm_full_html,syn-0012,gt-d188550af0f4fed7551c,syn-0012-e01,html/syn-0012.html,syn-0012.html,run-none12,synthetic-shop.local,,https://synthetic-shop.local/product/gel-pen-12-01,matched_gt,Ручка гелевая синяя 0.5 мм,109,present,Ручка гелевая синяя 0.5 мм,109.0,1,1,1,0,1.0,0.0,0.0,0.0,0.0,,matched_gt; llm_full_html,1,0,0,1,0,0,1,0,0
20261003T183020Z-b6869124,llm_full_html-6ff90360d1108f,llm_full_html-6ff90360d1108f,synthetic,llm_full_html,syn-0012,gt-575315a0d1012db7b2b8,syn-0012-e05,html/syn-0012.html,syn-0012.html,run-none12,synthetic-shop.local,,https://synthetic-shop.local/product/glue-stick-12-05,matched_gt,Клей-карандаш 21 г,169,present,Клей-карандаш 21 г,169.0,1,1,1,0,1.0,0.0,0.0,0.0,0.0,,matched_gt; llm_full_html,1,0,0,1,0,0,1,0,0
20261003T183020Z-b6869124,llm_full_html-45f3435aa5340d,llm_full_html-45f3435aa5340d,synthetic,llm_full_html,syn-0012,gt-70cba3d7bd31dcbdc4a1,syn-0012-e04,html/syn-0012.html,syn-0012.html,run-none12,synthetic-shop.local,,https://synthetic-shop.local/product/labels-12-04,matched_gt,Этикетки самоклеящиеся 70×37 мм,669,present,Этикетки самоклеящиеся 70×37 мм,669.0,1,1,1,0,1.0,0.0,0.0,0.0,0.0,,matched_gt; llm_full_html,1,0,0,1,0,0,1,0,0
20261003T183020Z-b6869124,llm_full_html-4a14fe64097a5f,llm_full_html-4a14fe64097a5f,synthetic,llm_full_html,syn-0012,gt-e85a6a6a191ccb57a030,syn-0012-e09,html/syn-0012.html,syn-0012.html,run-none12,synthetic-shop.local,,https://synthetic-shop.local/product/lever-arch-12-09,matched_gt,Папка-регистратор 75 мм синяя,406,present,Папка-регистратор 75 мм синяя,406.0,1,1,1,0,1.0,0.0,0.0,0.0,0.0,,matched_gt; llm_full_html,1,0,0,1,0,0,1,0,0
20261003T183020Z-b6869124,llm_full_html-5eccea93298767,llm_full_html-5eccea93298767,synthetic,llm_full_html,syn-0012,gt-8d2dc9d6ef5f9b056985,syn-0012-e03,html/syn-0012.html,syn-0012.html,run-none12,synthetic-shop.local,,https://synthetic-shop.local/product/notebook-a5-12-03,matched_gt,Блокнот A5 96 листов клетка,299,present,Блокнот A5 96 листов клетка,299.0,1,1,1,0,1.0,0.0,0.0,0.0,0.0,,matched_gt; llm_full_html,1,0,0,1,0,0,1,0,0
20261003T183020Z-b6869124,llm_full_html-3483ded634a5fc,llm_full_html-3483ded634a5fc,synthetic,llm_full_html,syn-0012,gt-e85e3785af1f7f4485ec,syn-0012-e11,html/syn-0012.html,syn-0012.html,run-none12,synthetic-shop.local,,https://synthetic-shop.local/product/notebook-a5-12-11,matched_gt,Блокнот A5 96 листов клетка — серия 2,299,present,Блокнот A5 96 листов клетка — серия 2,299.0,1,1,1,0,1.0,0.0,0.0,0.0,0.0,,matched_gt; llm_full_html,1,0,0,1,0,0,1,0,0
20261003T183020Z-b6869124,llm_full_html-a389ce8115968d,llm_full_html-a389ce8115968d,synthetic,llm_full_html,syn-0012,gt-164a660ea65f1f45cc2e,syn-0012-e08,html/syn-0012.html,syn-0012.html,run-none12,synthetic-shop.local,,https://synthetic-shop.local/product/permanent-marker-12-08,matched_gt,Маркер перманентный чёрный 2 мм,93,present,Маркер перманентный чёрный 2 мм,93.0,1,1,1,0,1.0,0.0,0.0,0.0,0.0,,matched_gt; llm_full_html,1,0,0,1,0,0,1,0,0
20261003T183020Z-b6869124,llm_full_html-00fa81ab2be2bf,llm_full_html-00fa81ab2be2bf,synthetic,llm_full_html,syn-0012,gt-9a5505d48726bbe429dd,syn-0012-e10,html/syn-0012.html,syn-0012.html,run-none12,synthetic-shop.local,,https://synthetic-shop.local/product/sheet-protectors-12-10,matched_gt,Файл-вкладыш A4 100 шт,571,present,Файл-вкладыш A4 100 шт,571.0,1,1,1,0,1.0,0.0,0.0,0.0,0.0,,matched_gt; llm_full_html,1,0,0,1,0,0,1,0,0
20261003T183020Z-b6869124,llm_full_html-d9fe6330400cbf,llm_full_html-d9fe6330400cbf,synthetic,llm_full_html,syn-0012,gt-0c158da0de43e468089a,syn-0012-e02,html/syn-0012.html,syn-0012.html,run-none12,synthetic-shop.local,,https://synthetic-shop.local/product/staples-12-02,matched_gt,Скобы для степлера №24/6 1000 шт,119,present,Скобы для степлера №24/6 1000 шт,119.0,1,1,1,0,1.0,0.0,0.0,0.0,0.0,,matched_gt; llm_full_html,1,0,0,1,0,0,1,0,0
20261003T183020Z-b6869124,llm_full_html-439f1b0fd81aff,llm_full_html-439f1b0fd81aff,synthetic,llm_full_html,syn-0013,gt-4179185338f9610ff92e,syn-0013-e05,html/syn-0013.html,syn-0013.html,run-none13,synthetic-shop.local,,https://synthetic-shop.local/product/a4-paper-13-05,matched_gt,Бумага офисная A4 80 г/м² 500 листов,579,present,Бумага офисная A4 80 г/м² 500 листов,579.0,1,1,1,0,1.0,0.0,0.0,0.0,0.0,,matched_gt; llm_full_html,1,0,0,1,0,0,1,0,0
20261003T183020Z-b6869124,llm_full_html-3f02f41baedbcc,llm_full_html-3f02f41baedbcc,synthetic,llm_full_html,syn-0013,gt-7ed215389f1eaee3ffb9,syn-0013-e12,html/syn-0013.html,syn-0013.html,run-none13,synthetic-shop.local,,https://synthetic-shop.local/product/a4-paper-13-12,matched_gt,Бумага офисная A4 80 г/м² 500 листов — серия 2,659,present,Бумага офисная A4 80 г/м² 500 листов — серия 2,659.0,1,1,1,0,1.0,0.0,0.0,0.0,0.0,,matched_gt; llm_full_html,1,0,0,1,0,0,1,0,0
20261003T183020Z-b6869124,llm_full_html-91900353b4c121,llm_full_html-91900353b4c121,synthetic,llm_full_html,syn-0013,gt-40ea114d4f7306eee230,syn-0013-e22,html/syn-0013.html,syn-0013.html,run-none13,synthetic-shop.local,,https://synthetic-shop.local/product/a4-paper-13-22,matched_gt,Бумага офисная A4 80 г/м² 500 листов — серия 3,605,present,Бумага офисная A4 80 г/м² 500 листов — серия 3,605.0,1,1,1,0,1.0,0.0,0.0,0.0,0.0,,matched_gt; llm_full_html,1,0,0,1,0,0,1,0,0
20261003T183020Z-b6869124,llm_full_html-043a759cbdeb8f,llm_full_html-043a759cbdeb8f,synthetic,llm_full_html,syn-0013,gt-7d1cb160764783b93f09,syn-0013-e04,html/syn-0013.html,syn-0013.html,run-none13,synthetic-shop.local,,https://synthetic-shop.local/product/correction-tape-13-04,matched_gt,Корректирующая лента 5 мм × 8 м,209,present,Корректирующая лента 5 мм × 8 м,209.0,1,1,1,0,1.0,0.0,0.0,0.0,0.0,,matched_gt; llm_full_html,1,0,0,1,0,0,1,0,0
20261003T183020Z-b6869124,llm_full_html-daa740eeedbf95,llm_full_html-daa740eeedbf95,synthetic,llm_full_html,syn-0013,gt-63969f6ab6f5760c1084,syn-0013-e14,html/syn-0013.html,syn-0013.html,run-none13,synthetic-shop.local,,https://synthetic-shop.local/product/correction-tape-13-14,matched_gt,Корректирующая лента 5 мм × 8 м — серия 2,215,present,Корректирующая лента 5 мм × 8 м — серия 2,215.0,1,1,1,0,1.0,0.0,0.0,0.0,0.0,,matched_gt; llm_full_html,1,0,0,1,0,0,1,0,0
20261003T183020Z-b6869124,llm_full_html-5308777ede7c77,llm_full_html-5308777ede7c77,synthetic,llm_full_html,syn-0013,gt-99d92f6af7e964ad84c6,syn-0013-e24,html/syn-0013.html,syn-0013.html,run-none13,synthetic-shop.local,,https://synthetic-shop.local/product/correction-tape-13-24,matched_gt,Корректирующая лента 5 мм × 8 м — серия 3,224,present,Корректирующая лента 5 мм × 8 м — серия 3,224.0,1,1,1,0,1.0,0.0,0.0,0.0,0.0,,matched_gt; llm_full_html,1,0,0,1,0,0,1,0,0
20261003T183020Z-b6869124,llm_full_html-b3c084f36c29aa,llm_full_html-b3c084f36c29aa,synthetic,llm_full_html,syn-0013,gt-d2b74e377540959cae5d,syn-0013-e09,html/syn-0013.html,syn-0013.html,run-none13,synthetic-shop.local,,https://synthetic-shop.local/product/gel-pen-13-09,matched_gt,Ручка гелевая синяя 0.5 мм,90,present,Ручка гелевая синяя 0.5 мм,90.0,1,1,1,0,1.0,0.0,0.0,0.0,0.0,,matched_gt; llm_full_html,1,0,0,1,0,0,1,0,0
20261003T183020Z-b6869124,llm_full_html-5e44a7150de3fa,llm_full_html-5e44a7150de3fa,synthetic,llm_full_html,syn-0013,gt-8c278b5b1d6a19670850,syn-0013-e17,html/syn-0013.html,syn-0013.html,run-none13,synthetic-shop.local,,https://synthetic-shop.local/product/gel-pen-13-17,matched_gt,Ручка гелевая синяя 0.5 мм — серия 2,100,present,Ручка гелевая синяя 0.5 мм — серия 2,100.0,1,1,1,0,1.0,0.0,0.0,0.0,0.0,,matched_gt; llm_full_html,1,0,0,1,0,0,1,0,0
20261003T183020Z-b6869124,llm_full_html-1a55973f19ac5b,llm_full_html-1a55973f19ac5b,synthetic,llm_full_html,syn-0013,gt-ab8ecfeb6d5228c1d6ad,syn-0013-e02,html/syn-0013.html,syn-0013.html,run-none13,synthetic-shop.local,,https://synthetic-shop.local/product/glue-stick-13-02,matched_gt,Клей-карандаш 21 г,149,present,Клей-карандаш 21 г,149.0,1,1,1,0,1.0,0.0,0.0,0.0,0.0,,matched_gt; llm_full_html,1,0,0,1,0,0,1,0,0
20261003T183020Z-b6869124,llm_full_html-16ab01ab3cf5f8,llm_full_html-16ab01ab3cf5f8,synthetic,llm_full_html,syn-0013,gt-1d3f608e29a4979a5bbc,syn-0013-e13,html/syn-0013.html,syn-0013.html,run-none13,synthetic-shop.local,,https://synthetic-shop.local/product/glue-stick-13-13,matched_gt,Клей-карандаш 21 г — серия 2,169,present,Клей-карандаш 21 г — серия 2,169.0,1,1,1,0,1.0,0.0,0.0,0.0,0.0,,matched_gt; llm_full_html,1,0,0,1,0,0,1,0,0
20261003T183020Z-b6869124,llm_full_html-18dff5f59200c2,llm_full_html-18dff5f59200c2,synthetic,llm_full_html,syn-0013,gt-d7d6b4d589eda3ae71d1,syn-0013-e23,html/syn-0013.html,syn-0013.html,run-none13,synthetic-shop.local,,https://synthetic-shop.local/product/glue-stick-13-23,matched_gt,Клей-карандаш 21 г — серия 3,176,present,Клей-карандаш 21 г — серия 3,176.0,1,1,1,0,1.0,0.0,0.0,0.0,0.0,,matched_gt; llm_full_html,1,0,0,1,0,0,1,0,0
20261003T183020Z-b6869124,llm_full_html-b4745baba9ae23,llm_full_html-b4745baba9ae23,synthetic,llm_full_html,syn-0013,gt-27f3798eb2f499379a42,syn-0013-e01,html/syn-0013.html,syn-0013.html,run-none13,synthetic-shop.local,,https://synthetic-shop.local/product/labels-13-01,matched_gt,Этикетки самоклеящиеся 70×37 мм,649,present,Этикетки самоклеящиеся 70×37 мм,649.0,1,1,1,0,1.0,0.0,0.0,0.0,0.0,,matched_gt; llm_full_html,1,0,0,1,0,0,1,0,0
20261003T183020Z-b6869124,llm_full_html-17ec6d985b0ab7,llm_full_html-17ec6d985b0ab7,synthetic,llm_full_html,syn-0013,gt-fa44e4c4cc565d7f7c69,syn-0013-e20,html/syn-0013.html,syn-0013.html,run-none13,synthetic-shop.local,,https://synthetic-shop.local/product/labels-13-20,matched_gt,Этикетки самоклеящиеся 70×37 мм — серия 2,723,present,Этикетки самоклеящиеся 70×37 мм — серия 2,723.0,1,1,1,0,1.0,0.0,0.0,0.0,0.0,,matched_gt; llm_full_html,1,0,0,1,0,0,1,0,0
20261003T183020Z-b6869124,llm_full_html-4eec18e2be422d,llm_full_html-4eec18e2be422d,synthetic,llm_full_html,syn-0013,gt-d3c3d425dfb9dcdd832e,syn-0013-e08,html/syn-0013.html,syn-0013.html,run-none13,synthetic-shop.local,,https://synthetic-shop.local/product/lever-arch-13-08,matched_gt,Папка-регистратор 75 мм синяя,421,present,Папка-регистратор 75 мм синяя,421.0,1,1,1,0,1.0,0.0,0.0,0.0,0.0,,matched_gt; llm_full_html,1,0,0,1,0,0,1,0,0
20261003T183020Z-b6869124,llm_full_html-4bf1deb2ebc93f,llm_full_html-4bf1deb2ebc93f,synthetic,llm_full_html,syn-0013,gt-2888ed260d1b08e3517d,syn-0013-e16,html/syn-0013.html,syn-0013.html,run-none13,synthetic-shop.local,,https://synthetic-shop.local/product/lever-arch-13-16,matched_gt,Папка-регистратор 75 мм синяя — серия 2,413,present,Папка-регистратор 75 мм синяя — серия 2,413.0,1,1,1,0,1.0,0.0,0.0,0.0,0.0,,matched_gt; llm_full_html,1,0,0,1,0,0,1,0,0
20261003T183020Z-b6869124,llm_full_html-ba738f118592cb,llm_full_html-ba738f118592cb,synthetic,llm_full_html,syn-0013,gt-ca65b53de05ecada8fcd,syn-0013-e26,html/syn-0013.html,syn-0013.html,run-none13,synthetic-shop.local,,https://synthetic-shop.local/product/lever-arch-13-26,matched_gt,Папка-регистратор 75 мм синяя — серия 3,379,present,Папка-регистратор 75 мм синяя — серия 3,379.0,1,1,1,0,1.0,0.0,0.0,0.0,0.0,,matched_gt; llm_full_html,1,0,0,1,0,0,1,0,0
20261003T183020Z-b6869124,llm_full_html-8042e94608c879,llm_full_html-8042e94608c879,synthetic,llm_full_html,syn-0013,gt-8b7fd8e124d36bb2d4a8,syn-0013-e06,html/syn-0013.html,syn-0013.html,run-none13,synthetic-shop.local,,https://synthetic-shop.local/product/notebook-a5-13-06,matched_gt,Блокнот A5 96 листов клетка,314,present,Блокнот A5 96 листов клетка,314.0,1,1,1,0,1.0,0.0,0.0,0.0,0.0,,matched_gt; llm_full_html,1,0,0,1,0,0,1,0,0
20261003T183020Z-b6869124,llm_full_html-e511f3e274a8f8,llm_full_html-e511f3e274a8f8,synthetic,llm_full_html,syn-0013,gt-da1354dc1ae4805aae00,syn-0013-e11,html/syn-0013.html,syn-0013.html,run-none13,synthetic-shop.local,,https://synthetic-shop.local/product/notebook-a5-13-11,matched_gt,Блокнот A5 96 листов клетка — серия 2,320,present,Блокнот A5 96 листов клетка — серия 2,320.0,1,1,1,0,1.0,0.0,0.0,0.0,0.0,,matched_gt; llm_full_html,1,0,0,1,0,0,1,0,0
20261003T183020Z-b6869124,llm_full_html-ee12393a3c68aa,llm_full_html-ee12393a3c68aa,synthetic,llm_full_html,syn-0013,gt-58475106c36fd13be28c,syn-0013-e21,html/syn-0013.html,syn-0013.html,run-none13,synthetic-shop.local,,https://synthetic-shop.local/product/notebook-a5-13-21,matched_gt,Блокнот A5 96 листов клетка — серия 3,332,present,Блокнот A5 96 листов клетка — серия 3,332.0,1,1,1,0,1.0,0.0,0.0,0.0,0.0,,matched_gt; llm_full_html,1,0,0,1,0,0,1,0,0
20261003T183020Z-b6869124,llm_full_html-7ce21a392dc0f9,llm_full_html-7ce21a392dc0f9,synthetic,llm_full_html,syn-0013,gt-19557d3a3580c4856a58,syn-0013-e07,html/syn-0013.html,syn-0013.html,run-none13,synthetic-shop.local,,https://synthetic-shop.local/product/permanent-marker-13-07,matched_gt,Маркер перманентный чёрный 2 мм,96,present,Маркер перманентный чёрный 2 мм,96.0,1,1,1,0,1.0,0.0,0.0,0.0,0.0,,matched_gt; llm_full_html,1,0,0,1,0,0,1,0,0
20261003T183020Z-b6869124,llm_full_html-48d0a6ca227ea4,llm_full_html-48d0a6ca227ea4,synthetic,llm_full_html,syn-0013,gt-3874b99d984ac1ef1ecc,syn-0013-e15,html/syn-0013.html,syn-0013.html,run-none13,synthetic-shop.local,,https://synthetic-shop.local/product/permanent-marker-13-15,matched_gt,Маркер перманентный чёрный 2 мм — серия 2,94,present,Маркер перманентный чёрный 2 мм — серия 2,94.0,1,1,1,0,1.0,0.0,0.0,0.0,0.0,,matched_gt; llm_full_html,1,0,0,1,0,0,1,0,0
20261003T183020Z-b6869124,llm_full_html-51c32ba03c06b6,llm_full_html-51c32ba03c06b6,synthetic,llm_full_html,syn-0013,gt-1f4938f079a1835f1cf0,syn-0013-e25,html/syn-0013.html,syn-0013.html,run-none13,synthetic-shop.local,,https://synthetic-shop.local/product/permanent-marker-13-25,matched_gt,Маркер перманентный чёрный 2 мм — серия 3,98,present,Маркер перманентный чёрный 2 мм — серия 3,98.0,1,1,1,0,1.0,0.0,0.0,0.0,0.0,,matched_gt; llm_full_html,1,0,0,1,0,0,1,0,0
20261003T183020Z-b6869124,llm_full_html-fca86c9b539c8f,llm_full_html-fca86c9b539c8f,synthetic,llm_full_html,syn-0013,gt-9a3dd944784d91c1a4e5,syn-0013-e03,html/syn-0013.html,syn-0013.html,run-none13,synthetic-shop.local,,https://synthetic-shop.local/product/sheet-protectors-13-03,matched_gt,Файл-вкладыш A4 100 шт,519,present,Файл-вкладыш A4 100 шт,519.0,1,1,1,0,1.0,0.0,0.0,0.0,0.0,,matched_gt; llm_full_html,1,0,0,1,0,0,1,0,0
20261003T183020Z-b6869124,llm_full_html-30f36ae8cf10ee,llm_full_html-30f36ae8cf10ee,synthetic,llm_full_html,syn-0013,gt-1a680184bddb501329c6,syn-0013-e19,html/syn-0013.html,syn-0013.html,run-none13,synthetic-shop.local,,https://synthetic-shop.local/product/sheet-protectors-13-19,matched_gt,Файл-вкладыш A4 100 шт — серия 2,545,present,Файл-вкладыш A4 100 шт — серия 2,545.0,1,1,1,0,1.0,0.0,0.0,0.0,0.0,,matched_gt; llm_full_html,1,0,0,1,0,0,1,0,0
20261003T183020Z-b6869124,llm_full_html-be2b0760556866,llm_full_html-be2b0760556866,synthetic,llm_full_html,syn-0013,gt-ef0506b57309472e3173,syn-0013-e10,html/syn-0013.html,syn-0013.html,run-none13,synthetic-shop.local,,https://synthetic-shop.local/product/staples-13-10,matched_gt,Скобы для степлера №24/6 1000 шт,145,present,Скобы для степлера №24/6 1000 шт,145.0,1,1,1,0,1.0,0.0,0.0,0.0,0.0,,matched_gt; llm_full_html,1,0,0,1,0,0,1,0,0
20261003T183020Z-b6869124,llm_full_html-4b4442e46bd20b,llm_full_html-4b4442e46bd20b,synthetic,llm_full_html,syn-0013,gt-91b8d8d48e2d4425179f,syn-0013-e18,html/syn-0013.html,syn-0013.html,run-none13,synthetic-shop.local,,https://synthetic-shop.local/product/staples-13-18,matched_gt,Скобы для степлера №24/6 1000 шт — серия 2,142,present,Скобы для степлера №24/6 1000 шт — серия 2,142.0,1,1,1,0,1.0,0.0,0.0,0.0,0.0,,matched_gt; llm_full_html,1,0,0,1,0,0,1,0,0
20261003T183020Z-b6869124,llm_full_html-6ca1d58d492748,llm_full_html-6ca1d58d492748,synthetic,llm_full_html,syn-0014,gt-c6f764188f8fb5782673,syn-0014-e02,html/syn-0014.html,syn-0014.html,run-none14,synthetic-shop.local,,https://synthetic-shop.local/product/a4-paper-14-02,matched_gt,Бумага офисная A4 80 г/м² 500 листов,599,present,Бумага офисная A4 80 г/м² 500 листов,599.0,1,1,1,0,1.0,0.0,0.0,0.0,0.0,,matched_gt; llm_full_html,1,0,0,1,0,0,1,0,0
20261003T183020Z-b6869124,llm_full_html-8f10bccd3ae8fc,llm_full_html-8f10bccd3ae8fc,synthetic,llm_full_html,syn-0014,gt-79a0a2d0e4e70476247c,syn-0014-e12,html/syn-0014.html,syn-0014.html,run-none14,synthetic-shop.local,,https://synthetic-shop.local/product/a4-paper-14-12,matched_gt,Бумага офисная A4 80 г/м² 500 листов — серия 2,623,present,Бумага офисная A4 80 г/м² 500 листов — серия 2,623.0,1,1,1,0,1.0,0.0,0.0,0.0,0.0,,matched_gt; llm_full_html,1,0,0,1,0,0,1,0,0
20261003T183020Z-b6869124,llm_full_html-569dd70ff7e3d0,llm_full_html-569dd70ff7e3d0,synthetic,llm_full_html,syn-0014,gt-eba07503a08f9268279c,syn-0014-e01,html/syn-0014.html,syn-0014.html,run-none14,synthetic-shop.local,,https://synthetic-shop.local/product/correction-tape-14-01,matched_gt,Корректирующая лента 5 мм × 8 м,189,present,Корректирующая лента 5 мм × 8 м,189.0,1,1,1,0,1.0,0.0,0.0,0.0,0.0,,matched_gt; llm_full_html,1,0,0,1,0,0,1,0,0
20261003T183020Z-b6869124,llm_full_html-330a7589453ae1,llm_full_html-330a7589453ae1,synthetic,llm_full_html,syn-0014,gt-353cdf52a47b60392a3a,syn-0014-e14,html/syn-0014.html,syn-0014.html,run-none14,synthetic-shop.local,,https://synthetic-shop.local/product/correction-tape-14-14,matched_gt,Корректирующая лента 5 мм × 8 м — серия 2,230,present,Корректирующая лента 5 мм × 8 м — серия 2,230.0,1,1,1,0,1.0,0.0,0.0,0.0,0.0,,matched_gt; llm_full_html,1,0,0,1,0,0,1,0,0
20261003T183020Z-b6869124,llm_full_html-e789aa0b4a1099,llm_full_html-e789aa0b4a1099,synthetic,llm_full_html,syn-0014,gt-23540a1347fc3ce347cb,syn-0014-e05,html/syn-0014.html,syn-0014.html,run-none14,synthetic-shop.local,,https://synthetic-shop.local/product/gel-pen-14-05,matched_gt,Ручка гелевая синяя 0.5 мм,89,present,Ручка гелевая синяя 0.5 мм,89.0,1,1,1,0,1.0,0.0,0.0,0.0,0.0,,matched_gt; llm_full_html,1,0,0,1,0,0,1,0,0
20261003T183020Z-b6869124,llm_full_html-dfca9009e88786,llm_full_html-dfca9009e88786,synthetic,llm_full_html,syn-0014,gt-3c6c7b856cca0249fc96,syn-0014-e07,html/syn-0014.html,syn-0014.html,run-none14,synthetic-shop.local,,https://synthetic-shop.local/product/glue-stick-14-07,matched_gt,Клей-карандаш 21 г,172,present,Клей-карандаш 21 г,172.0,1,1,1,0,1.0,0.0,0.0,0.0,0.0,,matched_gt; llm_full_html,1,0,0,1,0,0,1,0,0
20261003T183020Z-b6869124,llm_full_html-5c2af4fed47175,llm_full_html-5c2af4fed47175,synthetic,llm_full_html,syn-0014,gt-6f1a061105b3e027bcaf,syn-0014-e13,html/syn-0014.html,syn-0014.html,run-none14,synthetic-shop.local,,https://synthetic-shop.local/product/glue-stick-14-13,matched_gt,Клей-карандаш 21 г — серия 2,181,present,Клей-карандаш 21 г — серия 2,181.0,1,1,1,0,1.0,0.0,0.0,0.0,0.0,,matched_gt; llm_full_html,1,0,0,1,0,0,1,0,0
20261003T183020Z-b6869124,llm_full_html-7c8a8b2b3fa0c7,llm_full_html-7c8a8b2b3fa0c7,synthetic,llm_full_html,syn-0014,gt-57baa55fddd8c814b814,syn-0014-e10,html/syn-0014.html,syn-0014.html,run-none14,synthetic-shop.local,,https://synthetic-shop.local/product/labels-14-10,matched_gt,Этикетки самоклеящиеся 70×37 мм,743,present,Этикетки самоклеящиеся 70×37 мм,743.0,1,1,1,0,1.0,0.0,0.0,0.0,0.0,,matched_gt; llm_full_html,1,0,0,1,0,0,1,0,0
20261003T183020Z-b6869124,llm_full_html-40973fef62b187,llm_full_html-40973fef62b187,synthetic,llm_full_html,syn-0014,gt-64cfd063db53827aadab,syn-0014-e03,html/syn-0014.html,syn-0014.html,run-none14,synthetic-shop.local,,https://synthetic-shop.local/product/lever-arch-14-03,matched_gt,Папка-регистратор 75 мм синяя,379,present,Папка-регистратор 75 мм синяя,379.0,1,1,1,0,1.0,0.0,0.0,0.0,0.0,,matched_gt; llm_full_html,1,0,0,1,0,0,1,0,0
20261003T183020Z-b6869124,llm_full_html-799c9a240ed169,llm_full_html-799c9a240ed169,synthetic,llm_full_html,syn-0014,gt-5bf4129f828719241865,syn-0014-e16,html/syn-0014.html,syn-0014.html,run-none14,synthetic-shop.local,,https://synthetic-shop.local/product/lever-arch-14-16,matched_gt,Папка-регистратор 75 мм синяя — серия 2,390,present,Папка-регистратор 75 мм синяя — серия 2,390.0,1,1,1,0,1.0,0.0,0.0,0.0,0.0,,matched_gt; llm_full_html,1,0,0,1,0,0,1,0,0
20261003T183020Z-b6869124,llm_full_html-5076fcf2a313a8,llm_full_html-5076fcf2a313a8,synthetic,llm_full_html,syn-0014,gt-fe7feb13468f978035f3,syn-0014-e06,html/syn-0014.html,syn-0014.html,run-none14,synthetic-shop.local,,https://synthetic-shop.local/product/notebook-a5-14-06,matched_gt,Блокнот A5 96 листов клетка,335,present,Блокнот A5 96 листов клетка,335.0,1,1,1,0,1.0,0.0,0.0,0.0,0.0,,matched_gt; llm_full_html,1,0,0,1,0,0,1,0,0
20261003T183020Z-b6869124,llm_full_html-4b50eeac239a7b,llm_full_html-4b50eeac239a7b,synthetic,llm_full_html,syn-0014,gt-f1d2bb4377932bd6002f,syn-0014-e11,html/syn-0014.html,syn-0014.html,run-none14,synthetic-shop.local,,https://synthetic-shop.local/product/notebook-a5-14-11,matched_gt,Блокнот A5 96 листов клетка — серия 2,302,present,Блокнот A5 96 листов клетка — серия 2,302.0,1,1,1,0,1.0,0.0,0.0,0.0,0.0,,matched_gt; llm_full_html,1,0,0,1,0,0,1,0,0
20261003T183020Z-b6869124,llm_full_html-5626b28368f7ac,llm_full_html-5626b28368f7ac,synthetic,llm_full_html,syn-0014,gt-c7f33955fe201fa6166f,syn-0014-e04,html/syn-0014.html,syn-0014.html,run-none14,synthetic-shop.local,,https://synthetic-shop.local/product/permanent-marker-14-04,matched_gt,Маркер перманентный чёрный 2 мм,89,present,Маркер перманентный чёрный 2 мм,89.0,1,1,1,0,1.0,0.0,0.0,0.0,0.0,,matched_gt; llm_full_html,1,0,0,1,0,0,1,0,0
20261003T183020Z-b6869124,llm_full_html-cad8f4d3422b2d,llm_full_html-cad8f4d3422b2d,synthetic,llm_full_html,syn-0014,gt-6bc34fed2bc420c0dc4b,syn-0014-e15,html/syn-0014.html,syn-0014.html,run-none14,synthetic-shop.local,,https://synthetic-shop.local/product/permanent-marker-14-15,matched_gt,Маркер перманентный чёрный 2 мм — серия 2,89,present,Маркер перманентный чёрный 2 мм — серия 2,89.0,1,1,1,0,1.0,0.0,0.0,0.0,0.0,,matched_gt; llm_full_html,1,0,0,1,0,0,1,0,0
20261003T183020Z-b6869124,llm_full_html-24faf748b40322,llm_full_html-24faf748b40322,synthetic,llm_full_html,syn-0014,gt-1193566ae36d8c4e349e,syn-0014-e09,html/syn-0014.html,syn-0014.html,run-none14,synthetic-shop.local,,https://synthetic-shop.local/product/sheet-protectors-14-09,matched_gt,Файл-вкладыш A4 100 шт,561,present,Файл-вкладыш A4 100 шт,561.0,1,1,1,0,1.0,0.0,0.0,0.0,0.0,,matched_gt; llm_full_html,1,0,0,1,0,0,1,0,0
20261003T183020Z-b6869124,llm_full_html-46a091223e148e,llm_full_html-46a091223e148e,synthetic,llm_full_html,syn-0014,gt-e742878e3e4a649428e3,syn-0014-e08,html/syn-0014.html,syn-0014.html,run-none14,synthetic-shop.local,,https://synthetic-shop.local/product/staples-14-08,matched_gt,Скобы для степлера №24/6 1000 шт,146,present,Скобы для степлера №24/6 1000 шт,146.0,1,1,1,0,1.0,0.0,0.0,0.0,0.0,,matched_gt; llm_full_html,1,0,0,1,0,0,1,0,0
20261003T183020Z-b6869124,llm_full_html-2e86b3f2168de4,llm_full_html-2e86b3f2168de4,synthetic,llm_full_html,syn-0015,gt-968b3438474cf2db9339,syn-0015-e03,html/syn-0015.html,syn-0015.html,run-none15,synthetic-shop.local,,https://synthetic-shop.local/product/mechanical-keyboard-15-03,matched_gt,Клавиатура механическая USB,6490,present,Клавиатура механическая USB,6490.0,1,1,1,0,1.0,0.0,0.0,0.0,0.0,,matched_gt; llm_full_html,1,0,0,1,0,0,1,0,0
20261003T183020Z-b6869124,llm_full_html-d0c6cc10f04195,llm_full_html-d0c6cc10f04195,synthetic,llm_full_html,syn-0015,gt-0f318d8ae7663a6e8801,syn-0015-e15,html/syn-0015.html,syn-0015.html,run-none15,synthetic-shop.local,,https://synthetic-shop.local/product/mechanical-keyboard-15-15,matched_gt,Клавиатура механическая USB — серия 2,6944,present,Клавиатура механическая USB — серия 2,6944.0,1,1,1,0,1.0,0.0,0.0,0.0,0.0,,matched_gt; llm_full_html,1,0,0,1,0,0,1,0,0
20261003T183020Z-b6869124,llm_full_html-8987b7fb378b7c,llm_full_html-8987b7fb378b7c,synthetic,llm_full_html,syn-0015,gt-aad2745dd7151d7d8c32,syn-0015-e25,html/syn-0015.html,syn-0015.html,run-none15,synthetic-shop.local,,https://synthetic-shop.local/product/mechanical-keyboard-15-25,matched_gt,Клавиатура механическая USB — серия 3,7204,present,Клавиатура механическая USB — серия 3,7204.0,1,1,1,0,1.0,0.0,0.0,0.0,0.0,,matched_gt; llm_full_html,1,0,0,1,0,0,1,0,0
20261003T183020Z-b6869124,llm_full_html-5f8b148a97a6e8,llm_full_html-5f8b148a97a6e8,synthetic,llm_full_html,syn-0015,gt-e7aaa1617028d7803960,syn-0015-e09,html/syn-0015.html,syn-0015.html,run-none15,synthetic-shop.local,,https://synthetic-shop.local/product/mini-pc-15-09,matched_gt,Мини-ПК 16 ГБ / 512 ГБ,37224,present,Мини-ПК 16 ГБ / 512 ГБ,37224.0,1,1,1,0,1.0,0.0,0.0,0.0,0.0,,matched_gt; llm_full_html,1,0,0,1,0,0,1,0,0
20261003T183020Z-b6869124,llm_full_html-a010dd22a9543f,llm_full_html-a010dd22a9543f,synthetic,llm_full_html,syn-0015,gt-4ba85691b8db00193eb3,syn-0015-e18,html/syn-0015.html,syn-0015.html,run-none15,synthetic-shop.local,,https://synthetic-shop.local/product/mini-pc-15-18,matched_gt,Мини-ПК 16 ГБ / 512 ГБ — серия 2,37589,present,Мини-ПК 16 ГБ / 512 ГБ — серия 2,37589.0,1,1,1,0,1.0,0.0,0.0,0.0,0.0,,matched_gt; llm_full_html,1,0,0,1,0,0,1,0,0
20261003T183020Z-b6869124,llm_full_html-16c3018dbfff1b,llm_full_html-16c3018dbfff1b,synthetic,llm_full_html,syn-0015,gt-bb470eb8277eef020521,syn-0015-e28,html/syn-0015.html,syn-0015.html,run-none15,synthetic-shop.local,,https://synthetic-shop.local/product/mini-pc-15-28,matched_gt,Мини-ПК 16 ГБ / 512 ГБ — серия 3,39049,present,Мини-ПК 16 ГБ / 512 ГБ — серия 3,39049.0,1,1,1,0,1.0,0.0,0.0,0.0,0.0,,matched_gt; llm_full_html,1,0,0,1,0,0,1,0,0
20261003T183020Z-b6869124,llm_full_html-a9d78eba88ce5d,llm_full_html-a9d78eba88ce5d,synthetic,llm_full_html,syn-0015,gt-e595bf0813c72252afe7,syn-0015-e01,html/syn-0015.html,syn-0015.html,run-none15,synthetic-shop.local,,https://synthetic-shop.local/product/monitor-27-15-01,matched_gt,Монитор 27″ IPS QHD 165 Гц,29396,present,Монитор 27″ IPS QHD 165 Гц,29396.0,1,1,1,0,1.0,0.0,0.0,0.0,0.0,,matched_gt; llm_full_html,1,0,0,1,0,0,1,0,0
20261003T183020Z-b6869124,llm_full_html-45082f4ae46297,llm_full_html-45082f4ae46297,synthetic,llm_full_html,syn-0015,gt-791c94a8c5859b47e1b4,syn-0015-e19,html/syn-0015.html,syn-0015.html,run-none15,synthetic-shop.local,,https://synthetic-shop.local/product/monitor-27-15-19,matched_gt,Монитор 27″ IPS QHD 165 Гц — серия 2,31160,present,Монитор 27″ IPS QHD 165 Гц — серия 2,31160.0,1,1,1,0,1.0,0.0,0.0,0.0,0.0,,matched_gt; llm_full_html,1,0,0,1,0,0,1,0,0
20261003T183020Z-b6869124,llm_full_html-357640a50907dd,llm_full_html-357640a50907dd,synthetic,llm_full_html,syn-0015,gt-7bd82e9570a7f1c5e573,syn-0015-e04,html/syn-0015.html,syn-0015.html,run-none15,synthetic-shop.local,,https://synthetic-shop.local/product/portable-ssd-15-04,matched_gt,Внешний SSD 2 ТБ USB-C,17109,present,Внешний SSD 2 ТБ USB-C,17109.0,1,1,1,0,1.0,0.0,0.0,0.0,0.0,,matched_gt; llm_full_html,1,0,0,1,0,0,1,0,0
20261003T183020Z-b6869124,llm_full_html-9508aad9aeed3b,llm_full_html-9508aad9aeed3b,synthetic,llm_full_html,syn-0015,gt-a8656fade887f8d7891e,syn-0015-e13,html/syn-0015.html,syn-0015.html,run-none15,synthetic-shop.local,,https://synthetic-shop.local/product/portable-ssd-15-13,matched_gt,Внешний SSD 2 ТБ USB-C — серия 2,17280,present,Внешний SSD 2 ТБ USB-C — серия 2,17280.0,1,1,1,0,1.0,0.0,0.0,0.0,0.0,,matched_gt; llm_full_html,1,0,0,1,0,0,1,0,0
20261003T183020Z-b6869124,llm_full_html-410bbc31d59a6e,llm_full_html-410bbc31d59a6e,synthetic,llm_full_html,syn-0015,gt-ae32eb04f7811547b135,syn-0015-e23,html/syn-0015.html,syn-0015.html,run-none15,synthetic-shop.local,,https://synthetic-shop.local/product/portable-ssd-15-23,matched_gt,Внешний SSD 2 ТБ USB-C — серия 3,17964,present,Внешний SSD 2 ТБ USB-C — серия 3,17964.0,1,1,1,0,1.0,0.0,0.0,0.0,0.0,,matched_gt; llm_full_html,1,0,0,1,0,0,1,0,0
20261003T183020Z-b6869124,llm_full_html-c14ed2341f6f1c,llm_full_html-c14ed2341f6f1c,synthetic,llm_full_html,syn-0015,gt-524a55b4661897802c94,syn-0015-e06,html/syn-0015.html,syn-0015.html,run-none15,synthetic-shop.local,,https://synthetic-shop.local/product/ssd-1tb-15-06,matched_gt,SSD накопитель 1 ТБ NVMe PCIe 4.0,9124,present,SSD накопитель 1 ТБ NVMe PCIe 4.0,9124.0,1,1,1,0,1.0,0.0,0.0,0.0,0.0,,matched_gt; llm_full_html,1,0,0,1,0,0,1,0,0
20261003T183020Z-b6869124,llm_full_html-cf8f2fbeac452e,llm_full_html-cf8f2fbeac452e,synthetic,llm_full_html,syn-0015,gt-f6ec2b53b18c1b670590,syn-0015-e11,html/syn-0015.html,syn-0015.html,run-none15,synthetic-shop.local,,https://synthetic-shop.local/product/ssd-1tb-15-11,matched_gt,SSD накопитель 1 ТБ NVMe PCIe 4.0 — серия 2,9297,present,SSD накопитель 1 ТБ NVMe PCIe 4.0 — серия 2,9297.0,1,1,1,0,1.0,0.0,0.0,0.0,0.0,,matched_gt; llm_full_html,1,0,0,1,0,0,1,0,0
20261003T183020Z-b6869124,llm_full_html-9bf34067551462,llm_full_html-9bf34067551462,synthetic,llm_full_html,syn-0015,gt-ef96e0cf612f7e669d75,syn-0015-e21,html/syn-0015.html,syn-0015.html,run-none15,synthetic-shop.local,,https://synthetic-shop.local/product/ssd-1tb-15-21,matched_gt,SSD накопитель 1 ТБ NVMe PCIe 4.0 — серия 3,9641,present,SSD накопитель 1 ТБ NVMe PCIe 4.0 — серия 3,9641.0,1,1,1,0,1.0,0.0,0.0,0.0,0.0,,matched_gt; llm_full_html,1,0,0,1,0,0,1,0,0
20261003T183020Z-b6869124,llm_full_html-1f4fef068cf399,llm_full_html-1f4fef068cf399,synthetic,llm_full_html,syn-0015,gt-c5c3d4c65eb0ebf2039d,syn-0015-e07,html/syn-0015.html,syn-0015.html,run-none15,synthetic-shop.local,,https://synthetic-shop.local/product/switch-8p-15-07,matched_gt,Коммутатор 8-портовый Gigabit,5038,present,Коммутатор 8-портовый Gigabit,5038.0,1,1,1,0,1.0,0.0,0.0,0.0,0.0,,matched_gt; llm_full_html,1,0,0,1,0,0,1,0,0
20261003T183020Z-b6869124,llm_full_html-9ee2640b59055a,llm_full_html-9ee2640b59055a,synthetic,llm_full_html,syn-0015,gt-d749aeb134cf88a27a47,syn-0015-e16,html/syn-0015.html,syn-0015.html,run-none15,synthetic-shop.local,,https://synthetic-shop.local/product/switch-8p-15-16,matched_gt,Коммутатор 8-портовый Gigabit — серия 2,5084,present,Коммутатор 8-портовый Gigabit — серия 2,5084.0,1,1,1,0,1.0,0.0,0.0,0.0,0.0,,matched_gt; llm_full_html,1,0,0,1,0,0,1,0,0
20261003T183020Z-b6869124,llm_full_html-7ec49f5ca4d0be,llm_full_html-7ec49f5ca4d0be,synthetic,llm_full_html,syn-0015,gt-a4ed040c1844b54912a0,syn-0015-e26,html/syn-0015.html,syn-0015.html,run-none15,synthetic-shop.local,,https://synthetic-shop.local/product/switch-8p-15-26,matched_gt,Коммутатор 8-портовый Gigabit — серия 3,4668,present,Коммутатор 8-портовый Gigabit — серия 3,4668.0,1,1,1,0,1.0,0.0,0.0,0.0,0.0,,matched_gt; llm_full_html,1,0,0,1,0,0,1,0,0
20261003T183020Z-b6869124,llm_full_html-01acbafd5ef45a,llm_full_html-01acbafd5ef45a,synthetic,llm_full_html,syn-0015,gt-264114a9db4ab4f7910f,syn-0015-e02,html/syn-0015.html,syn-0015.html,run-none15,synthetic-shop.local,,https://synthetic-shop.local/product/ups-1000-15-02,matched_gt,Источник бесперебойного питания 1000 ВА,12242,present,Источник бесперебойного питания 1000 ВА,12242.0,1,1,1,0,1.0,0.0,0.0,0.0,0.0,,matched_gt; llm_full_html,1,0,0,1,0,0,1,0,0
20261003T183020Z-b6869124,llm_full_html-a1cd3705309388,llm_full_html-a1cd3705309388,synthetic,llm_full_html,syn-0015,gt-05689cce7d9ea18ebea9,syn-0015-e14,html/syn-0015.html,syn-0015.html,run-none15,synthetic-shop.local,,https://synthetic-shop.local/product/ups-1000-15-14,matched_gt,Источник бесперебойного питания 1000 ВА — серия 2,12732,present,Источник бесперебойного питания 1000 ВА — серия 2,12732.0,1,1,1,0,1.0,0.0,0.0,0.0,0.0,,matched_gt; llm_full_html,1,0,0,1,0,0,1,0,0
20261003T183020Z-b6869124,llm_full_html-ecf65b5ecbe54c,llm_full_html-ecf65b5ecbe54c,synthetic,llm_full_html,syn-0015,gt-62447c13f743c4b5c785,syn-0015-e24,html/syn-0015.html,syn-0015.html,run-none15,synthetic-shop.local,,https://synthetic-shop.local/product/ups-1000-15-24,matched_gt,Источник бесперебойного питания 1000 ВА — серия 3,13221,present,Источник бесперебойного питания 1000 ВА — серия 3,13221.0,1,1,1,0,1.0,0.0,0.0,0.0,0.0,,matched_gt; llm_full_html,1,0,0,1,0,0,1,0,0
20261003T183020Z-b6869124,llm_full_html-6184df528e283e,llm_full_html-6184df528e283e,synthetic,llm_full_html,syn-0015,gt-781d467817a3fa5c9af1,syn-0015-e10,html/syn-0015.html,syn-0015.html,run-none15,synthetic-shop.local,,https://synthetic-shop.local/product/usb-headset-15-10,matched_gt,Наушники USB с микрофоном,3206,present,Наушники USB с микрофоном,3206.0,1,1,1,0,1.0,0.0,0.0,0.0,0.0,,matched_gt; llm_full_html,1,0,0,1,0,0,1,0,0
20261003T183020Z-b6869124,llm_full_html-90d7559d416412,llm_full_html-90d7559d416412,synthetic,llm_full_html,syn-0015,gt-c738fe87d5a99c079482,syn-0015-e20,html/syn-0015.html,syn-0015.html,run-none15,synthetic-shop.local,,https://synthetic-shop.local/product/usb-headset-15-20,matched_gt,Наушники USB с микрофоном — серия 2,3328,present,Наушники USB с микрофоном — серия 2,3328.0,1,1,1,0,1.0,0.0,0.0,0.0,0.0,,matched_gt; llm_full_html,1,0,0,1,0,0,1,0,0
20261003T183020Z-b6869124,llm_full_html-3f785dc0b9cd38,llm_full_html-3f785dc0b9cd38,synthetic,llm_full_html,syn-0015,gt-1c66cc4a92eec54d0432,syn-0015-e05,html/syn-0015.html,syn-0015.html,run-none15,synthetic-shop.local,,https://synthetic-shop.local/product/webcam-15-05,matched_gt,Веб-камера Full HD 1080p,4046,present,Веб-камера Full HD 1080p,4046.0,1,1,1,0,1.0,0.0,0.0,0.0,0.0,,matched_gt; llm_full_html,1,0,0,1,0,0,1,0,0
20261003T183020Z-b6869124,llm_full_html-fb0cc0941e4750,llm_full_html-fb0cc0941e4750,synthetic,llm_full_html,syn-0015,gt-db92c83a2a84760aebba,syn-0015-e12,html/syn-0015.html,syn-0015.html,run-none15,synthetic-shop.local,,https://synthetic-shop.local/product/webcam-15-12,matched_gt,Веб-камера Full HD 1080p — серия 2,4491,present,Веб-камера Full HD 1080p — серия 2,4491.0,1,1,1,0,1.0,0.0,0.0,0.0,0.0,,matched_gt; llm_full_html,1,0,0,1,0,0,1,0,0
20261003T183020Z-b6869124,llm_full_html-e5dc4bda477808,llm_full_html-e5dc4bda477808,synthetic,llm_full_html,syn-0015,gt-e1077231963fb6cb4fd8,syn-0015-e22,html/syn-0015.html,syn-0015.html,run-none15,synthetic-shop.local,,https://synthetic-shop.local/product/webcam-15-22,matched_gt,Веб-камера Full HD 1080p — серия 3,4127,present,Веб-камера Full HD 1080p — серия 3,4127.0,1,1,1,0,1.0,0.0,0.0,0.0,0.0,,matched_gt; llm_full_html,1,0,0,1,0,0,1,0,0
20261003T183020Z-b6869124,llm_full_html-ea332798697d7b,llm_full_html-ea332798697d7b,synthetic,llm_full_html,syn-0015,gt-f928170cef7fdaf4e8ad,syn-0015-e08,html/syn-0015.html,syn-0015.html,run-none15,synthetic-shop.local,,https://synthetic-shop.local/product/wifi-router-15-08,matched_gt,Маршрутизатор Wi‑Fi 6 AX3000,7993,present,Маршрутизатор Wi‑Fi 6 AX3000,7993.0,1,1,1,0,1.0,0.0,0.0,0.0,0.0,,matched_gt; llm_full_html,1,0,0,1,0,0,1,0,0
20261003T183020Z-b6869124,llm_full_html-709c36eb27cb6e,llm_full_html-709c36eb27cb6e,synthetic,llm_full_html,syn-0015,gt-bb5541d29a6d511353a3,syn-0015-e17,html/syn-0015.html,syn-0015.html,run-none15,synthetic-shop.local,,https://synthetic-shop.local/product/wifi-router-15-17,matched_gt,Маршрутизатор Wi‑Fi 6 AX3000 — серия 2,7137,present,Маршрутизатор Wi‑Fi 6 AX3000 — серия 2,7137.0,1,1,1,0,1.0,0.0,0.0,0.0,0.0,,matched_gt; llm_full_html,1,0,0,1,0,0,1,0,0
20261003T183020Z-b6869124,llm_full_html-d260035950da32,llm_full_html-d260035950da32,synthetic,llm_full_html,syn-0015,gt-df7ab2a635a36092542b,syn-0015-e27,html/syn-0015.html,syn-0015.html,run-none15,synthetic-shop.local,,https://synthetic-shop.local/product/wifi-router-15-27,matched_gt,Маршрутизатор Wi‑Fi 6 AX3000 — серия 3,7422,present,Маршрутизатор Wi‑Fi 6 AX3000 — серия 3,7422.0,1,1,1,0,1.0,0.0,0.0,0.0,0.0,,matched_gt; llm_full_html,1,0,0,1,0,0,1,0,0
20261003T183020Z-b6869124,llm_full_html-964730d1b96120,llm_full_html-964730d1b96120,synthetic,llm_full_html,syn-0016,gt-92ab2145ac974cb8b49d,syn-0016-e08,html/syn-0016.html,syn-0016.html,run-none16,synthetic-shop.local,,https://synthetic-shop.local/product/mechanical-keyboard-16-08,matched_gt,Клавиатура механическая USB,6879,present,Клавиатура механическая USB,6879.0,1,1,1,0,1.0,0.0,0.0,0.0,0.0,,matched_gt; llm_full_html,1,0,0,1,0,0,1,0,0
20261003T183020Z-b6869124,llm_full_html-3738d9b28d23f8,llm_full_html-3738d9b28d23f8,synthetic,llm_full_html,syn-0016,gt-abd51d2eb3d90985f977,syn-0016-e04,html/syn-0016.html,syn-0016.html,run-none16,synthetic-shop.local,,https://synthetic-shop.local/product/mini-pc-16-04,matched_gt,Мини-ПК 16 ГБ / 512 ГБ,36494,present,Мини-ПК 16 ГБ / 512 ГБ,36494.0,1,1,1,0,1.0,0.0,0.0,0.0,0.0,,matched_gt; llm_full_html,1,0,0,1,0,0,1,0,0
20261003T183020Z-b6869124,llm_full_html-6747040665c31a,llm_full_html-6747040665c31a,synthetic,llm_full_html,syn-0016,gt-a3d5866c24fbd7a67299,syn-0016-e10,html/syn-0016.html,syn-0016.html,run-none16,synthetic-shop.local,,https://synthetic-shop.local/product/monitor-27-16-10,matched_gt,Монитор 27″ IPS QHD 165 Гц,32924,present,Монитор 27″ IPS QHD 165 Гц,32924.0,1,1,1,0,1.0,0.0,0.0,0.0,0.0,,matched_gt; llm_full_html,1,0,0,1,0,0,1,0,0
20261003T183020Z-b6869124,llm_full_html-54cba03f9e0a6d,llm_full_html-54cba03f9e0a6d,synthetic,llm_full_html,syn-0016,gt-1e798148de91d99b05f6,syn-0016-e01,html/syn-0016.html,syn-0016.html,run-none16,synthetic-shop.local,,https://synthetic-shop.local/product/portable-ssd-16-01,matched_gt,Внешний SSD 2 ТБ USB-C,17347,present,Внешний SSD 2 ТБ USB-C,17347.0,1,1,1,0,1.0,0.0,0.0,0.0,0.0,,matched_gt; llm_full_html,1,0,0,1,0,0,1,0,0
20261003T183020Z-b6869124,llm_full_html-06581415149120,llm_full_html-06581415149120,synthetic,llm_full_html,syn-0016,gt-10feec3533280f1c779d,syn-0016-e13,html/syn-0016.html,syn-0016.html,run-none16,synthetic-shop.local,,https://synthetic-shop.local/product/portable-ssd-16-13,matched_gt,Внешний SSD 2 ТБ USB-C — серия 2,18478,present,Внешний SSD 2 ТБ USB-C — серия 2,18478.0,1,1,1,0,1.0,0.0,0.0,0.0,0.0,,matched_gt; llm_full_html,1,0,0,1,0,0,1,0,0
20261003T183020Z-b6869124,llm_full_html-448b4e35628076,llm_full_html-448b4e35628076,synthetic,llm_full_html,syn-0016,gt-08499857b3e9fb874256,syn-0016-e06,html/syn-0016.html,syn-0016.html,run-none16,synthetic-shop.local,,https://synthetic-shop.local/product/ssd-1tb-16-06,matched_gt,SSD накопитель 1 ТБ NVMe PCIe 4.0,8608,present,SSD накопитель 1 ТБ NVMe PCIe 4.0,8608.0,1,1,1,0,1.0,0.0,0.0,0.0,0.0,,matched_gt; llm_full_html,1,0,0,1,0,0,1,0,0
20261003T183020Z-b6869124,llm_full_html-a439c9165d7b8a,llm_full_html-a439c9165d7b8a,synthetic,llm_full_html,syn-0016,gt-a22016070cb805a29174,syn-0016-e11,html/syn-0016.html,syn-0016.html,run-none16,synthetic-shop.local,,https://synthetic-shop.local/product/ssd-1tb-16-11,matched_gt,SSD накопитель 1 ТБ NVMe PCIe 4.0 — серия 2,8780,present,SSD накопитель 1 ТБ NVMe PCIe 4.0 — серия 2,8780.0,1,1,1,0,1.0,0.0,0.0,0.0,0.0,,matched_gt; llm_full_html,1,0,0,1,0,0,1,0,0
20261003T183020Z-b6869124,llm_full_html-d2ffa0e1c3419d,llm_full_html-d2ffa0e1c3419d,synthetic,llm_full_html,syn-0016,gt-dfce91bdaa8e25f91f95,syn-0016-e03,html/syn-0016.html,syn-0016.html,run-none16,synthetic-shop.local,,https://synthetic-shop.local/product/switch-8p-16-03,matched_gt,Коммутатор 8-портовый Gigabit,4622,present,Коммутатор 8-портовый Gigabit,4622.0,1,1,1,0,1.0,0.0,0.0,0.0,0.0,,matched_gt; llm_full_html,1,0,0,1,0,0,1,0,0
20261003T183020Z-b6869124,llm_full_html-bedbb2f40577d0,llm_full_html-bedbb2f40577d0,synthetic,llm_full_html,syn-0016,gt-2acfa2112507e8f27b97,syn-0016-e07,html/syn-0016.html,syn-0016.html,run-none16,synthetic-shop.local,,https://synthetic-shop.local/product/ups-1000-16-07,matched_gt,Источник бесперебойного питания 1000 ВА,12609,present,Источник бесперебойного питания 1000 ВА,12609.0,1,1,1,0,1.0,0.0,0.0,0.0,0.0,,matched_gt; llm_full_html,1,0,0,1,0,0,1,0,0
20261003T183020Z-b6869124,llm_full_html-6e37a7ddf7f25f,llm_full_html-6e37a7ddf7f25f,synthetic,llm_full_html,syn-0016,gt-751af424a09949633f28,syn-0016-e14,html/syn-0016.html,syn-0016.html,run-none16,synthetic-shop.local,,https://synthetic-shop.local/product/ups-1000-16-14,matched_gt,Источник бесперебойного питания 1000 ВА — серия 2,13589,present,Источник бесперебойного питания 1000 ВА — серия 2,13589.0,1,1,1,0,1.0,0.0,0.0,0.0,0.0,,matched_gt; llm_full_html,1,0,0,1,0,0,1,0,0
20261003T183020Z-b6869124,llm_full_html-5357c44581526e,llm_full_html-5357c44581526e,synthetic,llm_full_html,syn-0016,gt-46720e0e89db8ecd8375,syn-0016-e05,html/syn-0016.html,syn-0016.html,run-none16,synthetic-shop.local,,https://synthetic-shop.local/product/usb-headset-16-05,matched_gt,Наушники USB с микрофоном,3053,present,Наушники USB с микрофоном,3053.0,1,1,1,0,1.0,0.0,0.0,0.0,0.0,,matched_gt; llm_full_html,1,0,0,1,0,0,1,0,0
20261003T183020Z-b6869124,llm_full_html-a91165a624b00b,llm_full_html-a91165a624b00b,synthetic,llm_full_html,syn-0016,gt-0a325ebab72634370037,syn-0016-e02,html/syn-0016.html,syn-0016.html,run-none16,synthetic-shop.local,,https://synthetic-shop.local/product/webcam-16-02,matched_gt,Веб-камера Full HD 1080p,3990,present,Веб-камера Full HD 1080p,3990.0,1,1,1,0,1.0,0.0,0.0,0.0,0.0,,matched_gt; llm_full_html,1,0,0,1,0,0,1,0,0
20261003T183020Z-b6869124,llm_full_html-5c73c5eb3b691a,llm_full_html-5c73c5eb3b691a,synthetic,llm_full_html,syn-0016,gt-51e86d55df89936ac5e8,syn-0016-e12,html/syn-0016.html,syn-0016.html,run-none16,synthetic-shop.local,,https://synthetic-shop.local/product/webcam-16-12,matched_gt,Веб-камера Full HD 1080p — серия 2,4248,present,Веб-камера Full HD 1080p — серия 2,4248.0,1,1,1,0,1.0,0.0,0.0,0.0,0.0,,matched_gt; llm_full_html,1,0,0,1,0,0,1,0,0
20261003T183020Z-b6869124,llm_full_html-61de9bc0a533bc,llm_full_html-61de9bc0a533bc,synthetic,llm_full_html,syn-0016,gt-4775462642c6e57d9dae,syn-0016-e09,html/syn-0016.html,syn-0016.html,run-none16,synthetic-shop.local,,https://synthetic-shop.local/product/wifi-router-16-09,matched_gt,Маршрутизатор Wi‑Fi 6 AX3000,7779,present,Маршрутизатор Wi‑Fi 6 AX3000,7779.0,1,1,1,0,1.0,0.0,0.0,0.0,0.0,,matched_gt; llm_full_html,1,0,0,1,0,0,1,0,0
20261003T183020Z-b6869124,llm_full_html-d91615e9dbc6db,llm_full_html-d91615e9dbc6db,synthetic,llm_full_html,syn-0017,gt-fdb37c297b8bae17ab7d,syn-0017-e09,html/syn-0017.html,syn-0017.html,run-none17,synthetic-shop.local,,https://synthetic-shop.local/product/mechanical-keyboard-17-09,matched_gt,Клавиатура механическая USB,6685,present,Клавиатура механическая USB,6685.0,1,1,1,0,1.0,0.0,0.0,0.0,0.0,,matched_gt; llm_full_html,1,0,0,1,0,0,1,0,0
20261003T183020Z-b6869124,llm_full_html-7a71995c58481a,llm_full_html-7a71995c58481a,synthetic,llm_full_html,syn-0017,gt-d05dd7f3fc367c53d302,syn-0017-e15,html/syn-0017.html,syn-0017.html,run-none17,synthetic-shop.local,,https://synthetic-shop.local/product/mechanical-keyboard-17-15,matched_gt,Клавиатура механическая USB — серия 2,7009,present,Клавиатура механическая USB — серия 2,7009.0,1,1,1,0,1.0,0.0,0.0,0.0,0.0,,matched_gt; llm_full_html,1,0,0,1,0,0,1,0,0
20261003T183020Z-b6869124,llm_full_html-64b5da2d8a7db1,llm_full_html-64b5da2d8a7db1,synthetic,llm_full_html,syn-0017,gt-f3be33576c6e408e4e97,syn-0017-e01,html/syn-0017.html,syn-0017.html,run-none17,synthetic-shop.local,,https://synthetic-shop.local/product/mini-pc-17-01,matched_gt,Мини-ПК 16 ГБ / 512 ГБ,35990,present,Мини-ПК 16 ГБ / 512 ГБ,35990.0,1,1,1,0,1.0,0.0,0.0,0.0,0.0,,matched_gt; llm_full_html,1,0,0,1,0,0,1,0,0
20261003T183020Z-b6869124,llm_full_html-b2c653a714d36e,llm_full_html-b2c653a714d36e,synthetic,llm_full_html,syn-0017,gt-57888b726100b398446d,syn-0017-e18,html/syn-0017.html,syn-0017.html,run-none17,synthetic-shop.local,,https://synthetic-shop.local/product/mini-pc-17-18,matched_gt,Мини-ПК 16 ГБ / 512 ГБ — серия 2,37954,present,Мини-ПК 16 ГБ / 512 ГБ — серия 2,37954.0,1,1,1,0,1.0,0.0,0.0,0.0,0.0,,matched_gt; llm_full_html,1,0,0,1,0,0,1,0,0
20261003T183020Z-b6869124,llm_full_html-acde4bdef19d6c,llm_full_html-acde4bdef19d6c,synthetic,llm_full_html,syn-0017,gt-ab638406c3f8c431a2e9,syn-0017-e05,html/syn-0017.html,syn-0017.html,run-none17,synthetic-shop.local,,https://synthetic-shop.local/product/monitor-27-17-05,matched_gt,Монитор 27″ IPS QHD 165 Гц,28990,present,Монитор 27″ IPS QHD 165 Гц,28990.0,1,1,1,0,1.0,0.0,0.0,0.0,0.0,,matched_gt; llm_full_html,1,0,0,1,0,0,1,0,0
20261003T183020Z-b6869124,llm_full_html-a7c384e7e12672,llm_full_html-a7c384e7e12672,synthetic,llm_full_html,syn-0017,gt-120916bd4e3734067650,syn-0017-e19,html/syn-0017.html,syn-0017.html,run-none17,synthetic-shop.local,,https://synthetic-shop.local/product/monitor-27-17-19,matched_gt,Монитор 27″ IPS QHD 165 Гц — серия 2,31454,present,Монитор 27″ IPS QHD 165 Гц — серия 2,31454.0,1,1,1,0,1.0,0.0,0.0,0.0,0.0,,matched_gt; llm_full_html,1,0,0,1,0,0,1,0,0
20261003T183020Z-b6869124,llm_full_html-5a0c803a17a75b,llm_full_html-5a0c803a17a75b,synthetic,llm_full_html,syn-0017,gt-cd3b258da0ef85726c14,syn-0017-e07,html/syn-0017.html,syn-0017.html,run-none17,synthetic-shop.local,,https://synthetic-shop.local/product/portable-ssd-17-07,matched_gt,Внешний SSD 2 ТБ USB-C,18820,present,Внешний SSD 2 ТБ USB-C,18820.0,1,1,1,0,1.0,0.0,0.0,0.0,0.0,,matched_gt; llm_full_html,1,0,0,1,0,0,1,0,0
20261003T183020Z-b6869124,llm_full_html-ea1fb4f2fc88b7,llm_full_html-ea1fb4f2fc88b7,synthetic,llm_full_html,syn-0017,gt-3b14fe5d8ad58f401043,syn-0017-e13,html/syn-0017.html,syn-0017.html,run-none17,synthetic-shop.local,,https://synthetic-shop.local/product/portable-ssd-17-13,matched_gt,Внешний SSD 2 ТБ USB-C — серия 2,17451,present,Внешний SSD 2 ТБ USB-C — серия 2,17451.0,1,1,1,0,1.0,0.0,0.0,0.0,0.0,,matched_gt; llm_full_html,1,0,0,1,0,0,1,0,0
20261003T183020Z-b6869124,llm_full_html-bf12573bd8fd7f,llm_full_html-bf12573bd8fd7f,synthetic,llm_full_html,syn-0017,gt-c8a88ba4ffd15ae583bd,syn-0017-e23,html/syn-0017.html,syn-0017.html,run-none17,synthetic-shop.local,,https://synthetic-shop.local/product/portable-ssd-17-23,matched_gt,Внешний SSD 2 ТБ USB-C — серия 3,18136,present,Внешний SSD 2 ТБ USB-C — серия 3,18136.0,1,1,1,0,1.0,0.0,0.0,0.0,0.0,,matched_gt; llm_full_html,1,0,0,1,0,0,1,0,0
20261003T183020Z-b6869124,llm_full_html-547b147cfc95cc,llm_full_html-547b147cfc95cc,synthetic,llm_full_html,syn-0017,gt-e7880bb84de635de223e,syn-0017-e03,html/syn-0017.html,syn-0017.html,run-none17,synthetic-shop.local,,https://synthetic-shop.local/product/ssd-1tb-17-03,matched_gt,SSD накопитель 1 ТБ NVMe PCIe 4.0,8608,present,SSD накопитель 1 ТБ NVMe PCIe 4.0,8608.0,1,1,1,0,1.0,0.0,0.0,0.0,0.0,,matched_gt; llm_full_html,1,0,0,1,0,0,1,0,0
20261003T183020Z-b6869124,llm_full_html-b539a7a3224955,llm_full_html-b539a7a3224955,synthetic,llm_full_html,syn-0017,gt-c0a17866f835a9d6b3d5,syn-0017-e11,html/syn-0017.html,syn-0017.html,run-none17,synthetic-shop.local,,https://synthetic-shop.local/product/ssd-1tb-17-11,matched_gt,SSD накопитель 1 ТБ NVMe PCIe 4.0 — серия 2,9383,present,SSD накопитель 1 ТБ NVMe PCIe 4.0 — серия 2,9383.0,1,1,1,0,1.0,0.0,0.0,0.0,0.0,,matched_gt; llm_full_html,1,0,0,1,0,0,1,0,0
20261003T183020Z-b6869124,llm_full_html-df2bc273e1e0b5,llm_full_html-df2bc273e1e0b5,synthetic,llm_full_html,syn-0017,gt-556876f59706cd317b8e,syn-0017-e21,html/syn-0017.html,syn-0017.html,run-none17,synthetic-shop.local,,https://synthetic-shop.local/product/ssd-1tb-17-21,matched_gt,SSD накопитель 1 ТБ NVMe PCIe 4.0 — серия 3,8608,present,SSD накопитель 1 ТБ NVMe PCIe 4.0 — серия 3,8608.0,1,1,1,0,1.0,0.0,0.0,0.0,0.0,,matched_gt; llm_full_html,1,0,0,1,0,0,1,0,0
20261003T183020Z-b6869124,llm_full_html-0907337c5e0b29,llm_full_html-0907337c5e0b29,synthetic,llm_full_html,syn-0017,gt-e4be8c831066afff9fb7,syn-0017-e10,html/syn-0017.html,syn-0017.html,run-none17,synthetic-shop.local,,https://synthetic-shop.local/product/switch-8p-17-10,matched_gt,Коммутатор 8-портовый Gigabit,4899,present,Коммутатор 8-портовый Gigabit,4899.0,1,1,1,0,1.0,0.0,0.0,0.0,0.0,,matched_gt; llm_full_html,1,0,0,1,0,0,1,0,0
20261003T183020Z-b6869124,llm_full_html-b0936b8c75fa84,llm_full_html-b0936b8c75fa84,synthetic,llm_full_html,syn-0017,gt-e75976b43d401f6d2fef,syn-0017-e16,html/syn-0017.html,syn-0017.html,run-none17,synthetic-shop.local,,https://synthetic-shop.local/product/switch-8p-17-16,matched_gt,Коммутатор 8-портовый Gigabit — серия 2,5130,present,Коммутатор 8-портовый Gigabit — серия 2,5130.0,1,1,1,0,1.0,0.0,0.0,0.0,0.0,,matched_gt; llm_full_html,1,0,0,1,0,0,1,0,0
20261003T183020Z-b6869124,llm_full_html-7c089b01be5988,llm_full_html-7c089b01be5988,synthetic,llm_full_html,syn-0017,gt-6737337cb8b14297d0d1,syn-0017-e08,html/syn-0017.html,syn-0017.html,run-none17,synthetic-shop.local,,https://synthetic-shop.local/product/ups-1000-17-08,matched_gt,Источник бесперебойного питания 1000 ВА,12242,present,Источник бесперебойного питания 1000 ВА,12242.0,1,1,1,0,1.0,0.0,0.0,0.0,0.0,,matched_gt; llm_full_html,1,0,0,1,0,0,1,0,0
20261003T183020Z-b6869124,llm_full_html-e8ba9234b637c5,llm_full_html-e8ba9234b637c5,synthetic,llm_full_html,syn-0017,gt-6c8deced4aeb854fb7c9,syn-0017-e14,html/syn-0017.html,syn-0017.html,run-none17,synthetic-shop.local,,https://synthetic-shop.local/product/ups-1000-17-14,matched_gt,Источник бесперебойного питания 1000 ВА — серия 2,12854,present,Источник бесперебойного питания 1000 ВА — серия 2,12854.0,1,1,1,0,1.0,0.0,0.0,0.0,0.0,,matched_gt; llm_full_html,1,0,0,1,0,0,1,0,0
20261003T183020Z-b6869124,llm_full_html-5953cb25e57d8c,llm_full_html-5953cb25e57d8c,synthetic,llm_full_html,syn-0017,gt-9cb754ef49ed09d00bfd,syn-0017-e24,html/syn-0017.html,syn-0017.html,run-none17,synthetic-shop.local,,https://synthetic-shop.local/product/ups-1000-17-24,matched_gt,Источник бесперебойного питания 1000 ВА — серия 3,13344,present,Источник бесперебойного питания 1000 ВА — серия 3,13344.0,1,1,1,0,1.0,0.0,0.0,0.0,0.0,,matched_gt; llm_full_html,1,0,0,1,0,0,1,0,0
20261003T183020Z-b6869124,llm_full_html-f7a36afd3831e7,llm_full_html-f7a36afd3831e7,synthetic,llm_full_html,syn-0017,gt-c6a5f8a46e888e693f31,syn-0017-e02,html/syn-0017.html,syn-0017.html,run-none17,synthetic-shop.local,,https://synthetic-shop.local/product/usb-headset-17-02,matched_gt,Наушники USB с микрофоном,3011,present,Наушники USB с микрофоном,3011.0,1,1,1,0,1.0,0.0,0.0,0.0,0.0,,matched_gt; llm_full_html,1,0,0,1,0,0,1,0,0
20261003T183020Z-b6869124,llm_full_html-99a61bdd21de3f,llm_full_html-99a61bdd21de3f,synthetic,llm_full_html,syn-0017,gt-f535018d1f1c7d6b4058,syn-0017-e20,html/syn-0017.html,syn-0017.html,run-none17,synthetic-shop.local,,https://synthetic-shop.local/product/usb-headset-17-20,matched_gt,Наушники USB с микрофоном — серия 2,3358,present,Наушники USB с микрофоном — серия 2,3358.0,1,1,1,0,1.0,0.0,0.0,0.0,0.0,,matched_gt; llm_full_html,1,0,0,1,0,0,1,0,0
20261003T183020Z-b6869124,llm_full_html-f83d128f9727cf,llm_full_html-f83d128f9727cf,synthetic,llm_full_html,syn-0017,gt-2dd32ba6a647a687618d,syn-0017-e06,html/syn-0017.html,syn-0017.html,run-none17,synthetic-shop.local,,https://synthetic-shop.local/product/webcam-17-06,matched_gt,Веб-камера Full HD 1080p,4329,present,Веб-камера Full HD 1080p,4329.0,1,1,1,0,1.0,0.0,0.0,0.0,0.0,,matched_gt; llm_full_html,1,0,0,1,0,0,1,0,0
20261003T183020Z-b6869124,llm_full_html-3e0d70c07ab062,llm_full_html-3e0d70c07ab062,synthetic,llm_full_html,syn-0017,gt-199d34d5bf751f1462bd,syn-0017-e12,html/syn-0017.html,syn-0017.html,run-none17,synthetic-shop.local,,https://synthetic-shop.local/product/webcam-17-12,matched_gt,Веб-камера Full HD 1080p — серия 2,4532,present,Веб-камера Full HD 1080p — серия 2,4532.0,1,1,1,0,1.0,0.0,0.0,0.0,0.0,,matched_gt; llm_full_html,1,0,0,1,0,0,1,0,0
20261003T183020Z-b6869124,llm_full_html-ce3873d7c7bc82,llm_full_html-ce3873d7c7bc82,synthetic,llm_full_html,syn-0017,gt-d9f7c005e326f5141263,syn-0017-e22,html/syn-0017.html,syn-0017.html,run-none17,synthetic-shop.local,,https://synthetic-shop.local/product/webcam-17-22,matched_gt,Веб-камера Full HD 1080p — серия 3,4167,present,Веб-камера Full HD 1080p — серия 3,4167.0,1,1,1,0,1.0,0.0,0.0,0.0,0.0,,matched_gt; llm_full_html,1,0,0,1,0,0,1,0,0
20261003T183020Z-b6869124,llm_full_html-f9da30388fb46c,llm_full_html-f9da30388fb46c,synthetic,llm_full_html,syn-0017,gt-21db3aed400a7ab86933,syn-0017-e04,html/syn-0017.html,syn-0017.html,run-none17,synthetic-shop.local,,https://synthetic-shop.local/product/wifi-router-17-04,matched_gt,Маршрутизатор Wi‑Fi 6 AX3000,7137,present,Маршрутизатор Wi‑Fi 6 AX3000,7137.0,1,1,1,0,1.0,0.0,0.0,0.0,0.0,,matched_gt; llm_full_html,1,0,0,1,0,0,1,0,0
20261003T183020Z-b6869124,llm_full_html-c608b8fe002fc6,llm_full_html-c608b8fe002fc6,synthetic,llm_full_html,syn-0017,gt-8d52693c549a6fd48a85,syn-0017-e17,html/syn-0017.html,syn-0017.html,run-none17,synthetic-shop.local,,https://synthetic-shop.local/product/wifi-router-17-17,matched_gt,Маршрутизатор Wi‑Fi 6 AX3000 — серия 2,7208,present,Маршрутизатор Wi‑Fi 6 AX3000 — серия 2,7208.0,1,1,1,0,1.0,0.0,0.0,0.0,0.0,,matched_gt; llm_full_html,1,0,0,1,0,0,1,0,0
20261003T183020Z-b6869124,llm_full_html-5bc80b168020be,llm_full_html-5bc80b168020be,synthetic,llm_full_html,syn-0018,gt-0b4d9b1f955d8aef3d01,syn-0018-e04,html/syn-0018.html,syn-0018.html,run-none18,synthetic-shop.local,,https://synthetic-shop.local/product/mechanical-keyboard-18-04,matched_gt,Клавиатура механическая USB,6490,present,Клавиатура механическая USB,6490.0,1,1,1,0,1.0,0.0,0.0,0.0,0.0,,matched_gt; llm_full_html,1,0,0,1,0,0,1,0,0
20261003T183020Z-b6869124,llm_full_html-5964b9464a9d85,llm_full_html-5964b9464a9d85,synthetic,llm_full_html,syn-0018,gt-6bbf7774435f635b983e,syn-0018-e15,html/syn-0018.html,syn-0018.html,run-none18,synthetic-shop.local,,https://synthetic-shop.local/product/mechanical-keyboard-18-15,matched_gt,Клавиатура механическая USB — серия 2,6620,present,Клавиатура механическая USB — серия 2,6620.0,1,1,1,0,1.0,0.0,0.0,0.0,0.0,,matched_gt; llm_full_html,1,0,0,1,0,0,1,0,0
20261003T183020Z-b6869124,llm_full_html-fd21111c57d193,llm_full_html-fd21111c57d193,synthetic,llm_full_html,syn-0018,gt-115724b640cbd5a47aa9,syn-0018-e09,html/syn-0018.html,syn-0018.html,run-none18,synthetic-shop.local,,https://synthetic-shop.local/product/mini-pc-18-09,matched_gt,Мини-ПК 16 ГБ / 512 ГБ,40143,present,Мини-ПК 16 ГБ / 512 ГБ,40143.0,1,1,1,0,1.0,0.0,0.0,0.0,0.0,,matched_gt; llm_full_html,1,0,0,1,0,0,1,0,0
20261003T183020Z-b6869124,llm_full_html-03d62ba4e70d25,llm_full_html-03d62ba4e70d25,synthetic,llm_full_html,syn-0018,gt-d259116626a9ff4234bd,syn-0018-e18,html/syn-0018.html,syn-0018.html,run-none18,synthetic-shop.local,,https://synthetic-shop.local/product/mini-pc-18-18,matched_gt,Мини-ПК 16 ГБ / 512 ГБ — серия 2,40508,present,Мини-ПК 16 ГБ / 512 ГБ — серия 2,40508.0,1,1,1,0,1.0,0.0,0.0,0.0,0.0,,matched_gt; llm_full_html,1,0,0,1,0,0,1,0,0
20261003T183020Z-b6869124,llm_full_html-14c58f52fd3050,llm_full_html-14c58f52fd3050,synthetic,llm_full_html,syn-0018,gt-c393f8bf13d924c65224,syn-0018-e02,html/syn-0018.html,syn-0018.html,run-none18,synthetic-shop.local,,https://synthetic-shop.local/product/monitor-27-18-02,matched_gt,Монитор 27″ IPS QHD 165 Гц,29396,present,Монитор 27″ IPS QHD 165 Гц,29396.0,1,1,1,0,1.0,0.0,0.0,0.0,0.0,,matched_gt; llm_full_html,1,0,0,1,0,0,1,0,0
20261003T183020Z-b6869124,llm_full_html-5a82acda3112b7,llm_full_html-5a82acda3112b7,synthetic,llm_full_html,syn-0018,gt-a1b1497ac0f82dfc32b4,syn-0018-e05,html/syn-0018.html,syn-0018.html,run-none18,synthetic-shop.local,,https://synthetic-shop.local/product/portable-ssd-18-05,matched_gt,Внешний SSD 2 ТБ USB-C,17109,present,Внешний SSD 2 ТБ USB-C,17109.0,1,1,1,0,1.0,0.0,0.0,0.0,0.0,,matched_gt; llm_full_html,1,0,0,1,0,0,1,0,0
20261003T183020Z-b6869124,llm_full_html-662cbc68cfdb56,llm_full_html-662cbc68cfdb56,synthetic,llm_full_html,syn-0018,gt-a29359fe77e4deadd35b,syn-0018-e13,html/syn-0018.html,syn-0018.html,run-none18,synthetic-shop.local,,https://synthetic-shop.local/product/portable-ssd-18-13,matched_gt,Внешний SSD 2 ТБ USB-C — серия 2,18649,present,Внешний SSD 2 ТБ USB-C — серия 2,18649.0,1,1,1,0,1.0,0.0,0.0,0.0,0.0,,matched_gt; llm_full_html,1,0,0,1,0,0,1,0,0
20261003T183020Z-b6869124,llm_full_html-9d6b7d1d68c107,llm_full_html-9d6b7d1d68c107,synthetic,llm_full_html,syn-0018,gt-6decd776b0c050e126c1,syn-0018-e06,html/syn-0018.html,syn-0018.html,run-none18,synthetic-shop.local,,https://synthetic-shop.local/product/ssd-1tb-18-06,matched_gt,SSD накопитель 1 ТБ NVMe PCIe 4.0,8694,present,SSD накопитель 1 ТБ NVMe PCIe 4.0,8694.0,1,1,1,0,1.0,0.0,0.0,0.0,0.0,,matched_gt; llm_full_html,1,0,0,1,0,0,1,0,0
20261003T183020Z-b6869124,llm_full_html-1b39725a064dde,llm_full_html-1b39725a064dde,synthetic,llm_full_html,syn-0018,gt-588ff14c59bf9bbf156b,syn-0018-e11,html/syn-0018.html,syn-0018.html,run-none18,synthetic-shop.local,,https://synthetic-shop.local/product/ssd-1tb-18-11,matched_gt,SSD накопитель 1 ТБ NVMe PCIe 4.0 — серия 2,8866,present,SSD накопитель 1 ТБ NVMe PCIe 4.0 — серия 2,8866.0,1,1,1,0,1.0,0.0,0.0,0.0,0.0,,matched_gt; llm_full_html,1,0,0,1,0,0,1,0,0
20261003T183020Z-b6869124,llm_full_html-5dc2910ea6ce0c,llm_full_html-5dc2910ea6ce0c,synthetic,llm_full_html,syn-0018,gt-0d2dd6948b1af2bf27a8,syn-0018-e08,html/syn-0018.html,syn-0018.html,run-none18,synthetic-shop.local,,https://synthetic-shop.local/product/switch-8p-18-08,matched_gt,Коммутатор 8-портовый Gigabit,4946,present,Коммутатор 8-портовый Gigabit,4946.0,1,1,1,0,1.0,0.0,0.0,0.0,0.0,,matched_gt; llm_full_html,1,0,0,1,0,0,1,0,0
20261003T183020Z-b6869124,llm_full_html-42c500e44a4763,llm_full_html-42c500e44a4763,synthetic,llm_full_html,syn-0018,gt-1f0e4a12508c52c4865a,syn-0018-e16,html/syn-0018.html,syn-0018.html,run-none18,synthetic-shop.local,,https://synthetic-shop.local/product/switch-8p-18-16,matched_gt,Коммутатор 8-портовый Gigabit — серия 2,4853,present,Коммутатор 8-портовый Gigabit — серия 2,4853.0,1,1,1,0,1.0,0.0,0.0,0.0,0.0,,matched_gt; llm_full_html,1,0,0,1,0,0,1,0,0
20261003T183020Z-b6869124,llm_full_html-5ea417c59f7a10,llm_full_html-5ea417c59f7a10,synthetic,llm_full_html,syn-0018,gt-60cf4da4d69a3bd5c06c,syn-0018-e03,html/syn-0018.html,syn-0018.html,run-none18,synthetic-shop.local,,https://synthetic-shop.local/product/ups-1000-18-03,matched_gt,Источник бесперебойного питания 1000 ВА,12242,present,Источник бесперебойного питания 1000 ВА,12242.0,1,1,1,0,1.0,0.0,0.0,0.0,0.0,,matched_gt; llm_full_html,1,0,0,1,0,0,1,0,0
20261003T183020Z-b6869124,llm_full_html-92ea365469566c,llm_full_html-92ea365469566c,synthetic,llm_full_html,syn-0018,gt-1fc870205c714dab2ef5,syn-0018-e14,html/syn-0018.html,syn-0018.html,run-none18,synthetic-shop.local,,https://synthetic-shop.local/product/ups-1000-18-14,matched_gt,Источник бесперебойного питания 1000 ВА — серия 2,13711,present,Источник бесперебойного питания 1000 ВА — серия 2,13711.0,1,1,1,0,1.0,0.0,0.0,0.0,0.0,,matched_gt; llm_full_html,1,0,0,1,0,0,1,0,0
20261003T183020Z-b6869124,llm_full_html-236f4feffd5de9,llm_full_html-236f4feffd5de9,synthetic,llm_full_html,syn-0018,gt-20fc70d3869f595f8c15,syn-0018-e10,html/syn-0018.html,syn-0018.html,run-none18,synthetic-shop.local,,https://synthetic-shop.local/product/usb-headset-18-10,matched_gt,Наушники USB с микрофоном,3053,present,Наушники USB с микрофоном,3053.0,1,1,1,0,1.0,0.0,0.0,0.0,0.0,,matched_gt; llm_full_html,1,0,0,1,0,0,1,0,0
20261003T183020Z-b6869124,llm_full_html-b936f454df3071,llm_full_html-b936f454df3071,synthetic,llm_full_html,syn-0018,gt-3b8f6572b53a4cc6d86f,syn-0018-e07,html/syn-0018.html,syn-0018.html,run-none18,synthetic-shop.local,,https://synthetic-shop.local/product/webcam-18-07,matched_gt,Веб-камера Full HD 1080p,4208,present,Веб-камера Full HD 1080p,4208.0,1,1,1,0,1.0,0.0,0.0,0.0,0.0,,matched_gt; llm_full_html,1,0,0,1,0,0,1,0,0
20261003T183020Z-b6869124,llm_full_html-48d7448164889a,llm_full_html-48d7448164889a,synthetic,llm_full_html,syn-0018,gt-01c4f42e4dc7a7cbaee5,syn-0018-e12,html/syn-0018.html,syn-0018.html,run-none18,synthetic-shop.local,,https://synthetic-shop.local/product/webcam-18-12,matched_gt,Веб-камера Full HD 1080p — серия 2,4289,present,Веб-камера Full HD 1080p — серия 2,4289.0,1,1,1,0,1.0,0.0,0.0,0.0,0.0,,matched_gt; llm_full_html,1,0,0,1,0,0,1,0,0
20261003T183020Z-b6869124,llm_full_html-69a1b90d9b28cd,llm_full_html-69a1b90d9b28cd,synthetic,llm_full_html,syn-0018,gt-09eb47d73ee8022d5a09,syn-0018-e01,html/syn-0018.html,syn-0018.html,run-none18,synthetic-shop.local,,https://synthetic-shop.local/product/wifi-router-18-01,matched_gt,Маршрутизатор Wi‑Fi 6 AX3000,7039,present,Маршрутизатор Wi‑Fi 6 AX3000,7039.0,1,1,1,0,1.0,0.0,0.0,0.0,0.0,,matched_gt; llm_full_html,1,0,0,1,0,0,1,0,0
20261003T183020Z-b6869124,llm_full_html-a439e7e7e370ae,llm_full_html-a439e7e7e370ae,synthetic,llm_full_html,syn-0018,gt-150831052d39273f97f3,syn-0018-e17,html/syn-0018.html,syn-0018.html,run-none18,synthetic-shop.local,,https://synthetic-shop.local/product/wifi-router-18-17,matched_gt,Маршрутизатор Wi‑Fi 6 AX3000 — серия 2,7708,present,Маршрутизатор Wi‑Fi 6 AX3000 — серия 2,7708.0,1,1,1,0,1.0,0.0,0.0,0.0,0.0,,matched_gt; llm_full_html,1,0,0,1,0,0,1,0,0
20261003T183020Z-b6869124,llm_full_html-c0819d74504e30,llm_full_html-c0819d74504e30,synthetic,llm_full_html,syn-0019,gt-b695b36a312ba15e5095,syn-0019-e06,html/syn-0019.html,syn-0019.html,run-none19,synthetic-shop.local,,https://synthetic-shop.local/product/bucket-12l-19-06,matched_gt,Ведро пластиковое 12 л с крышкой,562,present,Ведро пластиковое 12 л с крышкой,562.0,1,1,1,0,1.0,0.0,0.0,0.0,0.0,,matched_gt; llm_full_html,1,0,0,1,0,0,1,0,0
20261003T183020Z-b6869124,llm_full_html-399a931cf86343,llm_full_html-399a931cf86343,synthetic,llm_full_html,syn-0019,gt-38500b15855283b51a33,syn-0019-e11,html/syn-0019.html,syn-0019.html,run-none19,synthetic-shop.local,,https://synthetic-shop.local/product/bucket-12l-19-11,matched_gt,Ведро пластиковое 12 л с крышкой — серия 2,572,present,Ведро пластиковое 12 л с крышкой — серия 2,572.0,1,1,1,0,1.0,0.0,0.0,0.0,0.0,,matched_gt; llm_full_html,1,0,0,1,0,0,1,0,0
20261003T183020Z-b6869124,llm_full_html-939155f26c3cc3,llm_full_html-939155f26c3cc3,synthetic,llm_full_html,syn-0019,gt-617cc5c075671bf45b58,syn-0019-e21,html/syn-0019.html,syn-0019.html,run-none19,synthetic-shop.local,,https://synthetic-shop.local/product/bucket-12l-19-21,matched_gt,Ведро пластиковое 12 л с крышкой — серия 3,525,present,Ведро пластиковое 12 л с крышкой — серия 3,525.0,1,1,1,0,1.0,0.0,0.0,0.0,0.0,,matched_gt; llm_full_html,1,0,0,1,0,0,1,0,0
20261003T183020Z-b6869124,llm_full_html-09fd421479b6ef,llm_full_html-09fd421479b6ef,synthetic,llm_full_html,syn-0019,gt-a7b431e9d1b4b744c4b7,syn-0019-e07,html/syn-0019.html,syn-0019.html,run-none19,synthetic-shop.local,,https://synthetic-shop.local/product/canister-20l-19-07,matched_gt,Канистра 20 л пищевая,1232,present,Канистра 20 л пищевая,1232.0,1,1,1,0,1.0,0.0,0.0,0.0,0.0,,matched_gt; llm_full_html,1,0,0,1,0,0,1,0,0
20261003T183020Z-b6869124,llm_full_html-e10b1965c6b3a8,llm_full_html-e10b1965c6b3a8,synthetic,llm_full_html,syn-0019,gt-cce40e03007039a3ad6e,syn-0019-e12,html/syn-0019.html,syn-0019.html,run-none19,synthetic-shop.local,,https://synthetic-shop.local/product/canister-20l-19-12,matched_gt,Канистра 20 л пищевая — серия 2,1110,present,Канистра 20 л пищевая — серия 2,1110.0,1,1,1,0,1.0,0.0,0.0,0.0,0.0,,matched_gt; llm_full_html,1,0,0,1,0,0,1,0,0
20261003T183020Z-b6869124,llm_full_html-8e37847732dd6c,llm_full_html-8e37847732dd6c,synthetic,llm_full_html,syn-0019,gt-ba4f29e3cfb5d0e64234,syn-0019-e22,html/syn-0019.html,syn-0019.html,run-none19,synthetic-shop.local,,https://synthetic-shop.local/product/canister-20l-19-22,matched_gt,Канистра 20 л пищевая — серия 3,1154,present,Канистра 20 л пищевая — серия 3,1154.0,1,1,1,0,1.0,0.0,0.0,0.0,0.0,,matched_gt; llm_full_html,1,0,0,1,0,0,1,0,0
20261003T183020Z-b6869124,llm_full_html-56da56063383cf,llm_full_html-56da56063383cf,synthetic,llm_full_html,syn-0019,gt-aff2fa15a510477be03c,syn-0019-e08,html/syn-0019.html,syn-0019.html,run-none19,synthetic-shop.local,,https://synthetic-shop.local/product/container-45l-19-08,matched_gt,Контейнер пластиковый 45 л с крышкой,1909,present,Контейнер пластиковый 45 л с крышкой,1909.0,1,1,1,0,1.0,0.0,0.0,0.0,0.0,,matched_gt; llm_full_html,1,0,0,1,0,0,1,0,0
20261003T183020Z-b6869124,llm_full_html-25a48a42a14967,llm_full_html-25a48a42a14967,synthetic,llm_full_html,syn-0019,gt-44f8fa8defd8d89e4e32,syn-0019-e13,html/syn-0019.html,syn-0019.html,run-none19,synthetic-shop.local,,https://synthetic-shop.local/product/container-45l-19-13,matched_gt,Контейнер пластиковый 45 л с крышкой — серия 2,1947,present,Контейнер пластиковый 45 л с крышкой — серия 2,1947.0,1,1,1,0,1.0,0.0,0.0,0.0,0.0,,matched_gt; llm_full_html,1,0,0,1,0,0,1,0,0
20261003T183020Z-b6869124,llm_full_html-f91e41a17a77ff,llm_full_html-f91e41a17a77ff,synthetic,llm_full_html,syn-0019,gt-588bd80de857e718cc1d,syn-0019-e03,html/syn-0019.html,syn-0019.html,run-none19,synthetic-shop.local,,https://synthetic-shop.local/product/glass-cleaner-19-03,matched_gt,Очиститель стекол концентрат 1 л,690,present,Очиститель стекол концентрат 1 л,690.0,1,1,1,0,1.0,0.0,0.0,0.0,0.0,,matched_gt; llm_full_html,1,0,0,1,0,0,1,0,0
20261003T183020Z-b6869124,llm_full_html-d0c9b7627b4ade,llm_full_html-d0c9b7627b4ade,synthetic,llm_full_html,syn-0019,gt-8b148e1a39906896f336,syn-0019-e15,html/syn-0019.html,syn-0019.html,run-none19,synthetic-shop.local,,https://synthetic-shop.local/product/glass-cleaner-19-15,matched_gt,Очиститель стекол концентрат 1 л — серия 2,752,present,Очиститель стекол концентрат 1 л — серия 2,752.0,1,1,1,0,1.0,0.0,0.0,0.0,0.0,,matched_gt; llm_full_html,1,0,0,1,0,0,1,0,0
20261003T183020Z-b6869124,llm_full_html-d595291d880223,llm_full_html-d595291d880223,synthetic,llm_full_html,syn-0019,gt-dee453101c30dd892148,syn-0019-e02,html/syn-0019.html,syn-0019.html,run-none19,synthetic-shop.local,,https://synthetic-shop.local/product/liquid-soap-19-02,matched_gt,Мыло жидкое профессиональное 5 л,1020,present,Мыло жидкое профессиональное 5 л,1020.0,1,1,1,0,1.0,0.0,0.0,0.0,0.0,,matched_gt; llm_full_html,1,0,0,1,0,0,1,0,0
20261003T183020Z-b6869124,llm_full_html-910917b2799d3d,llm_full_html-910917b2799d3d,synthetic,llm_full_html,syn-0019,gt-3e473254f09b6bddd9c5,syn-0019-e14,html/syn-0019.html,syn-0019.html,run-none19,synthetic-shop.local,,https://synthetic-shop.local/product/liquid-soap-19-14,matched_gt,Мыло жидкое профессиональное 5 л — серия 2,1081,present,Мыло жидкое профессиональное 5 л — серия 2,1081.0,1,1,1,0,1.0,0.0,0.0,0.0,0.0,,matched_gt; llm_full_html,1,0,0,1,0,0,1,0,0
20261003T183020Z-b6869124,llm_full_html-2422924b9c0ccd,llm_full_html-2422924b9c0ccd,synthetic,llm_full_html,syn-0019,gt-949aa198292ad678ae15,syn-0019-e04,html/syn-0019.html,syn-0019.html,run-none19,synthetic-shop.local,,https://synthetic-shop.local/product/nitrile-gloves-19-04,matched_gt,Перчатки защитные нитриловые 100 шт,1500,present,Перчатки защитные нитриловые 100 шт,1500.0,1,1,1,0,1.0,0.0,0.0,0.0,0.0,,matched_gt; llm_full_html,1,0,0,1,0,0,1,0,0
20261003T183020Z-b6869124,llm_full_html-ab8d2146bb9e80,llm_full_html-ab8d2146bb9e80,synthetic,llm_full_html,syn-0019,gt-165dd303f9c47e8a585f,syn-0019-e17,html/syn-0019.html,syn-0019.html,run-none19,synthetic-shop.local,,https://synthetic-shop.local/product/nitrile-gloves-19-17,matched_gt,Перчатки защитные нитриловые 100 шт — серия 2,1530,present,Перчатки защитные нитриловые 100 шт — серия 2,1530.0,1,1,1,0,1.0,0.0,0.0,0.0,0.0,,matched_gt; llm_full_html,1,0,0,1,0,0,1,0,0
20261003T183020Z-b6869124,llm_full_html-ff5c8231f63eb8,llm_full_html-ff5c8231f63eb8,synthetic,llm_full_html,syn-0019,gt-b9ae08ca94f1782ae32a,syn-0019-e05,html/syn-0019.html,syn-0019.html,run-none19,synthetic-shop.local,,https://synthetic-shop.local/product/respirator-ffp2-19-05,matched_gt,Респиратор складной FFP2 10 шт,1210,present,Респиратор складной FFP2 10 шт,1210.0,1,1,1,0,1.0,0.0,0.0,0.0,0.0,,matched_gt; llm_full_html,1,0,0,1,0,0,1,0,0
20261003T183020Z-b6869124,llm_full_html-2de064dfe1e6cf,llm_full_html-2de064dfe1e6cf,synthetic,llm_full_html,syn-0019,gt-ee31ab3b794258883eab,syn-0019-e18,html/syn-0019.html,syn-0019.html,run-none19,synthetic-shop.local,,https://synthetic-shop.local/product/respirator-ffp2-19-18,matched_gt,Респиратор складной FFP2 10 шт — серия 2,1270,present,Респиратор складной FFP2 10 шт — серия 2,1270.0,1,1,1,0,1.0,0.0,0.0,0.0,0.0,,matched_gt; llm_full_html,1,0,0,1,0,0,1,0,0
20261003T183020Z-b6869124,llm_full_html-ecf5c53caf4b08,llm_full_html-ecf5c53caf4b08,synthetic,llm_full_html,syn-0019,gt-fe319353bbc9ea33dda8,syn-0019-e09,html/syn-0019.html,syn-0019.html,run-none19,synthetic-shop.local,,https://synthetic-shop.local/product/safety-glasses-19-09,matched_gt,Очки защитные прозрачные,645,present,Очки защитные прозрачные,645.0,1,1,1,0,1.0,0.0,0.0,0.0,0.0,,matched_gt; llm_full_html,1,0,0,1,0,0,1,0,0
20261003T183020Z-b6869124,llm_full_html-635ff90bd02636,llm_full_html-635ff90bd02636,synthetic,llm_full_html,syn-0019,gt-2f6e6c7f427b14dc400f,syn-0019-e16,html/syn-0019.html,syn-0019.html,run-none19,synthetic-shop.local,,https://synthetic-shop.local/product/safety-glasses-19-16,matched_gt,Очки защитные прозрачные — серия 2,694,present,Очки защитные прозрачные — серия 2,694.0,1,1,1,0,1.0,0.0,0.0,0.0,0.0,,matched_gt; llm_full_html,1,0,0,1,0,0,1,0,0
20261003T183020Z-b6869124,llm_full_html-bb5b470f4bae53,llm_full_html-bb5b470f4bae53,synthetic,llm_full_html,syn-0019,gt-7d1b04a21059091332db,syn-0019-e01,html/syn-0019.html,syn-0019.html,run-none19,synthetic-shop.local,,https://synthetic-shop.local/product/surface-cleaner-19-01,matched_gt,Средство для очистки поверхностей 5 л,1310,present,Средство для очистки поверхностей 5 л,1310.0,1,1,1,0,1.0,0.0,0.0,0.0,0.0,,matched_gt; llm_full_html,1,0,0,1,0,0,1,0,0
20261003T183020Z-b6869124,llm_full_html-10e660841c01f1,llm_full_html-10e660841c01f1,synthetic,llm_full_html,syn-0019,gt-6d16df3f66843342b212,syn-0019-e19,html/syn-0019.html,syn-0019.html,run-none19,synthetic-shop.local,,https://synthetic-shop.local/product/surface-cleaner-19-19,matched_gt,Средство для очистки поверхностей 5 л — серия 2,1415,present,Средство для очистки поверхностей 5 л — серия 2,1415.0,1,1,1,0,1.0,0.0,0.0,0.0,0.0,,matched_gt; llm_full_html,1,0,0,1,0,0,1,0,0
20261003T183020Z-b6869124,llm_full_html-8917013146b0bc,llm_full_html-8917013146b0bc,synthetic,llm_full_html,syn-0019,gt-5a05eb54be6abb09a678,syn-0019-e10,html/syn-0019.html,syn-0019.html,run-none19,synthetic-shop.local,,https://synthetic-shop.local/product/warehouse-box-19-10,matched_gt,Ящик складской 600×400×220 мм,2682,present,Ящик складской 600×400×220 мм,2682.0,1,1,1,0,1.0,0.0,0.0,0.0,0.0,,matched_gt; llm_full_html,1,0,0,1,0,0,1,0,0
20261003T183020Z-b6869124,llm_full_html-88c7f69d1b999d,llm_full_html-88c7f69d1b999d,synthetic,llm_full_html,syn-0019,gt-fff409da57a749e63ee4,syn-0019-e20,html/syn-0019.html,syn-0019.html,run-none19,synthetic-shop.local,,https://synthetic-shop.local/product/warehouse-box-19-20,matched_gt,Ящик складской 600×400×220 мм — серия 2,2783,present,Ящик складской 600×400×220 мм — серия 2,2783.0,1,1,1,0,1.0,0.0,0.0,0.0,0.0,,matched_gt; llm_full_html,1,0,0,1,0,0,1,0,0
20261003T183020Z-b6869124,llm_full_html-f8803d673eac22,llm_full_html-f8803d673eac22,synthetic,llm_full_html,syn-0020,gt-e1fe1f0af9a2917ca37d,syn-0020-e05,html/syn-0020.html,syn-0020.html,run-none20,synthetic-shop.local,,https://synthetic-shop.local/product/bucket-12l-20-05,matched_gt,Ведро пластиковое 12 л с крышкой,520,present,Ведро пластиковое 12 л с крышкой,520.0,1,1,1,0,1.0,0.0,0.0,0.0,0.0,,matched_gt; llm_full_html,1,0,0,1,0,0,1,0,0
20261003T183020Z-b6869124,llm_full_html-3a59867bc9114d,llm_full_html-3a59867bc9114d,synthetic,llm_full_html,syn-0020,gt-b8b5f2e55c001532c108,syn-0020-e11,html/syn-0020.html,syn-0020.html,run-none20,synthetic-shop.local,,https://synthetic-shop.local/product/bucket-12l-20-11,matched_gt,Ведро пластиковое 12 л с крышкой — серия 2,541,present,Ведро пластиковое 12 л с крышкой — серия 2,541.0,1,1,1,0,1.0,0.0,0.0,0.0,0.0,,matched_gt; llm_full_html,1,0,0,1,0,0,1,0,0
20261003T183020Z-b6869124,llm_full_html-733b6795de1e4f,llm_full_html-733b6795de1e4f,synthetic,llm_full_html,syn-0020,gt-9941848427d96341af34,syn-0020-e04,html/syn-0020.html,syn-0020.html,run-none20,synthetic-shop.local,,https://synthetic-shop.local/product/canister-20l-20-04,matched_gt,Канистра 20 л пищевая,1110,present,Канистра 20 л пищевая,1110.0,1,1,1,0,1.0,0.0,0.0,0.0,0.0,,matched_gt; llm_full_html,1,0,0,1,0,0,1,0,0
20261003T183020Z-b6869124,llm_full_html-2d305c24294db7,llm_full_html-2d305c24294db7,synthetic,llm_full_html,syn-0020,gt-df4f81f8235a114435fd,syn-0020-e12,html/syn-0020.html,syn-0020.html,run-none20,synthetic-shop.local,,https://synthetic-shop.local/product/canister-20l-20-12,matched_gt,Канистра 20 л пищевая — серия 2,1188,present,Канистра 20 л пищевая — серия 2,1188.0,1,1,1,0,1.0,0.0,0.0,0.0,0.0,,matched_gt; llm_full_html,1,0,0,1,0,0,1,0,0
20261003T183020Z-b6869124,llm_full_html-3741e003425c0f,llm_full_html-3741e003425c0f,synthetic,llm_full_html,syn-0020,gt-77d0c3a61fd0b5623ba3,syn-0020-e02,html/syn-0020.html,syn-0020.html,run-none20,synthetic-shop.local,,https://synthetic-shop.local/product/container-45l-20-02,matched_gt,Контейнер пластиковый 45 л с крышкой,1890,present,Контейнер пластиковый 45 л с крышкой,1890.0,1,1,1,0,1.0,0.0,0.0,0.0,0.0,,matched_gt; llm_full_html,1,0,0,1,0,0,1,0,0
20261003T183020Z-b6869124,llm_full_html-bb21170de3b4ae,llm_full_html-bb21170de3b4ae,synthetic,llm_full_html,syn-0020,gt-54d59f552e633fd63489,syn-0020-e13,html/syn-0020.html,syn-0020.html,run-none20,synthetic-shop.local,,https://synthetic-shop.local/product/container-45l-20-13,matched_gt,Контейнер пластиковый 45 л с крышкой — серия 2,2079,present,Контейнер пластиковый 45 л с крышкой — серия 2,2079.0,1,1,1,0,1.0,0.0,0.0,0.0,0.0,,matched_gt; llm_full_html,1,0,0,1,0,0,1,0,0
20261003T183020Z-b6869124,llm_full_html-8b2a27fc5d8cbc,llm_full_html-8b2a27fc5d8cbc,synthetic,llm_full_html,syn-0020,gt-2ca0eec64a65870fb440,syn-0020-e07,html/syn-0020.html,syn-0020.html,run-none20,synthetic-shop.local,,https://synthetic-shop.local/product/glass-cleaner-20-07,matched_gt,Очиститель стекол концентрат 1 л,724,present,Очиститель стекол концентрат 1 л,724.0,1,1,1,0,1.0,0.0,0.0,0.0,0.0,,matched_gt; llm_full_html,1,0,0,1,0,0,1,0,0
20261003T183020Z-b6869124,llm_full_html-d9b63a8975734f,llm_full_html-d9b63a8975734f,synthetic,llm_full_html,syn-0020,gt-71455f2ac910312d6fc1,syn-0020-e15,html/syn-0020.html,syn-0020.html,run-none20,synthetic-shop.local,,https://synthetic-shop.local/product/glass-cleaner-20-15,matched_gt,Очиститель стекол концентрат 1 л — серия 2,711,present,Очиститель стекол концентрат 1 л — серия 2,711.0,1,1,1,0,1.0,0.0,0.0,0.0,0.0,,matched_gt; llm_full_html,1,0,0,1,0,0,1,0,0
20261003T183020Z-b6869124,llm_full_html-feea6b703bb96c,llm_full_html-feea6b703bb96c,synthetic,llm_full_html,syn-0020,gt-9d94ee4173bf43cbc7a6,syn-0020-e06,html/syn-0020.html,syn-0020.html,run-none20,synthetic-shop.local,,https://synthetic-shop.local/product/liquid-soap-20-06,matched_gt,Мыло жидкое профессиональное 5 л,1040,present,Мыло жидкое профессиональное 5 л,1040.0,1,1,1,0,1.0,0.0,0.0,0.0,0.0,,matched_gt; llm_full_html,1,0,0,1,0,0,1,0,0
20261003T183020Z-b6869124,llm_full_html-b9bca7d7f61c50,llm_full_html-b9bca7d7f61c50,synthetic,llm_full_html,syn-0020,gt-5332aef001d76e87c234,syn-0020-e14,html/syn-0020.html,syn-0020.html,run-none20,synthetic-shop.local,,https://synthetic-shop.local/product/liquid-soap-20-14,matched_gt,Мыло жидкое профессиональное 5 л — серия 2,1020,present,Мыло жидкое профессиональное 5 л — серия 2,1020.0,1,1,1,0,1.0,0.0,0.0,0.0,0.0,,matched_gt; llm_full_html,1,0,0,1,0,0,1,0,0
20261003T183020Z-b6869124,llm_full_html-64450698ac4c86,llm_full_html-64450698ac4c86,synthetic,llm_full_html,syn-0020,gt-d71c8bb3fe29867903c2,syn-0020-e08,html/syn-0020.html,syn-0020.html,run-none20,synthetic-shop.local,,https://synthetic-shop.local/product/nitrile-gloves-20-08,matched_gt,Перчатки защитные нитриловые 100 шт,1620,present,Перчатки защитные нитриловые 100 шт,1620.0,1,1,1,0,1.0,0.0,0.0,0.0,0.0,,matched_gt; llm_full_html,1,0,0,1,0,0,1,0,0
20261003T183020Z-b6869124,llm_full_html-a4df86aad90f0a,llm_full_html-a4df86aad90f0a,synthetic,llm_full_html,syn-0020,gt-2571cff605eaf55d7da2,syn-0020-e17,html/syn-0020.html,syn-0020.html,run-none20,synthetic-shop.local,,https://synthetic-shop.local/product/nitrile-gloves-20-17,matched_gt,Перчатки защитные нитриловые 100 шт — серия 2,1635,present,Перчатки защитные нитриловые 100 шт — серия 2,1635.0,1,1,1,0,1.0,0.0,0.0,0.0,0.0,,matched_gt; llm_full_html,1,0,0,1,0,0,1,0,0
20261003T183020Z-b6869124,llm_full_html-41582c3516fcaa,llm_full_html-41582c3516fcaa,synthetic,llm_full_html,syn-0020,gt-e7648ba62a1d1707dd5d,syn-0020-e09,html/syn-0020.html,syn-0020.html,run-none20,synthetic-shop.local,,https://synthetic-shop.local/product/respirator-ffp2-20-09,matched_gt,Респиратор складной FFP2 10 шт,1343,present,Респиратор складной FFP2 10 шт,1343.0,1,1,1,0,1.0,0.0,0.0,0.0,0.0,,matched_gt; llm_full_html,1,0,0,1,0,0,1,0,0
20261003T183020Z-b6869124,llm_full_html-28f60ac7a772ca,llm_full_html-28f60ac7a772ca,synthetic,llm_full_html,syn-0020,gt-dce7a901c1cbab1b2b47,syn-0020-e18,html/syn-0020.html,syn-0020.html,run-none20,synthetic-shop.local,,https://synthetic-shop.local/product/respirator-ffp2-20-18,matched_gt,Респиратор складной FFP2 10 шт — серия 2,1355,present,Респиратор складной FFP2 10 шт — серия 2,1355.0,1,1,1,0,1.0,0.0,0.0,0.0,0.0,,matched_gt; llm_full_html,1,0,0,1,0,0,1,0,0
20261003T183020Z-b6869124,llm_full_html-87d1578b453db3,llm_full_html-87d1578b453db3,synthetic,llm_full_html,syn-0020,gt-1b3c346282ac3986409e,syn-0020-e01,html/syn-0020.html,syn-0020.html,run-none20,synthetic-shop.local,,https://synthetic-shop.local/product/safety-glasses-20-01,matched_gt,Очки защитные прозрачные,620,present,Очки защитные прозрачные,620.0,1,1,1,0,1.0,0.0,0.0,0.0,0.0,,matched_gt; llm_full_html,1,0,0,1,0,0,1,0,0
20261003T183020Z-b6869124,llm_full_html-257f76fe8cc670,llm_full_html-257f76fe8cc670,synthetic,llm_full_html,syn-0020,gt-898f32357320b945dd76,syn-0020-e16,html/syn-0020.html,syn-0020.html,run-none20,synthetic-shop.local,,https://synthetic-shop.local/product/safety-glasses-20-16,matched_gt,Очки защитные прозрачные — серия 2,657,present,Очки защитные прозрачные — серия 2,657.0,1,1,1,0,1.0,0.0,0.0,0.0,0.0,,matched_gt; llm_full_html,1,0,0,1,0,0,1,0,0
20261003T183020Z-b6869124,llm_full_html-6be19ea4c79146,llm_full_html-6be19ea4c79146,synthetic,llm_full_html,syn-0020,gt-1ba647261d976e8bd5d9,syn-0020-e10,html/syn-0020.html,syn-0020.html,run-none20,synthetic-shop.local,,https://synthetic-shop.local/product/surface-cleaner-20-10,matched_gt,Средство для очистки поверхностей 5 л,1323,present,Средство для очистки поверхностей 5 л,1323.0,1,1,1,0,1.0,0.0,0.0,0.0,0.0,,matched_gt; llm_full_html,1,0,0,1,0,0,1,0,0
20261003T183020Z-b6869124,llm_full_html-4187cbc0c368f9,llm_full_html-4187cbc0c368f9,synthetic,llm_full_html,syn-0020,gt-4a6f4183c0ed5f432dfb,syn-0020-e19,html/syn-0020.html,syn-0020.html,run-none20,synthetic-shop.local,,https://synthetic-shop.local/product/surface-cleaner-20-19,matched_gt,Средство для очистки поверхностей 5 л — серия 2,1336,present,Средство для очистки поверхностей 5 л — серия 2,1336.0,1,1,1,0,1.0,0.0,0.0,0.0,0.0,,matched_gt; llm_full_html,1,0,0,1,0,0,1,0,0
20261003T183020Z-b6869124,llm_full_html-2b439f32d0d153,llm_full_html-2b439f32d0d153,synthetic,llm_full_html,syn-0020,gt-c6d3520d7d9339ae0549,syn-0020-e03,html/syn-0020.html,syn-0020.html,run-none20,synthetic-shop.local,,https://synthetic-shop.local/product/warehouse-box-20-03,matched_gt,Ящик складской 600×400×220 мм,2507,present,Ящик складской 600×400×220 мм,2507.0,1,1,1,0,1.0,0.0,0.0,0.0,0.0,,matched_gt; llm_full_html,1,0,0,1,0,0,1,0,0
20261003T183020Z-b6869124,llm_full_html-bd958bfa3028c8,llm_full_html-bd958bfa3028c8,synthetic,llm_full_html,syn-0020,gt-01c377dfc2942c4081a0,syn-0020-e20,html/syn-0020.html,syn-0020.html,run-none20,synthetic-shop.local,,https://synthetic-shop.local/product/warehouse-box-20-20,matched_gt,Ящик складской 600×400×220 мм — серия 2,2632,present,Ящик складской 600×400×220 мм — серия 2,2632.0,1,1,1,0,1.0,0.0,0.0,0.0,0.0,,matched_gt; llm_full_html,1,0,0,1,0,0,1,0,0
