dataset,variant,page_id,entity_id,result_id,field,annotated,gt_value,pred_value,TP,FP,FN
synthetic,llm_full_html,syn-0001,syn-0001-e06,llm_full_html-583e627afbd315,availability,True,True,True,1,0,0
synthetic,llm_full_html,syn-0001,syn-0001-e06,llm_full_html-583e627afbd315,delivery_time,True,2–3 дня,2–3 дня,1,0,0
synthetic,llm_full_html,syn-0001,syn-0001-e06,llm_full_html-583e627afbd315,old_price,False,,,0,0,0
synthetic,llm_full_html,syn-0001,syn-0001-e06,llm_full_html-583e627afbd315,image_url,False,,,0,0,0
synthetic,llm_full_html,syn-0001,syn-0001-e06,llm_full_html-583e627afbd315,reviews_count,False,,16.0,0,0,0
synthetic,llm_full_html,syn-0001,syn-0001-e09,llm_full_html-76baa83beb4925,availability,True,False,False,1,0,0
synthetic,llm_full_html,syn-0001,syn-0001-e09,llm_full_html-76baa83beb4925,delivery_time,True,2–6 дня,2–6 дня,1,0,0
synthetic,llm_full_html,syn-0001,syn-0001-e09,llm_full_html-76baa83beb4925,old_price,False,,,0,0,0
synthetic,llm_full_html,syn-0001,syn-0001-e09,llm_full_html-76baa83beb4925,image_url,False,,,0,0,0
synthetic,llm_full_html,syn-0001,syn-0001-e09,llm_full_html-76baa83beb4925,reviews_count,False,,19.0,0,0,0
synthetic,llm_full_html,syn-0001,syn-0001-e01,llm_full_html-26790a8c2d4060,availability,True,False,False,1,0,0
synthetic,llm_full_html,syn-0001,syn-0001-e01,llm_full_html-26790a8c2d4060,delivery_time,True,1–3 дня,1–3 дня,1,0,0
synthetic,llm_full_html,syn-0001,syn-0001-e01,llm_full_html-26790a8c2d4060,old_price,False,,,0,0,0
synthetic,llm_full_html,syn-0001,syn-0001-e01,llm_full_html-26790a8c2d4060,image_url,False,,,0,0,0
synthetic,llm_full_html,syn-0001,syn-0001-e01,llm_full_html-26790a8c2d4060,reviews_count,False,,11.0,0,0,0
synthetic,llm_full_html,syn-0001,syn-0001-e02,llm_full_html-9cf504bd457287,availability,True,True,True,1,0,0
synthetic,llm_full_html,syn-0001,syn-0001-e02,llm_full_html-9cf504bd457287,delivery_time,True,2–4 дня,2–4 дня,1,0,0
synthetic,llm_full_html,syn-0001,syn-0001-e02,llm_full_html-9cf504bd457287,old_price,False,,,0,0,0
synthetic,llm_full_html,syn-0001,syn-0001-e02,llm_full_html-9cf504bd457287,image_url,False,,,0,0,0
synthetic,llm_full_html,syn-0001,syn-0001-e02,llm_full_html-9cf504bd457287,reviews_count,False,,12.0,0,0,0
synthetic,llm_full_html,syn-0001,syn-0001-e10,llm_full_html-fd3910c5a3edc6,availability,True,True,True,1,0,0
synthetic,llm_full_html,syn-0001,syn-0001-e10,llm_full_html-fd3910c5a3edc6,delivery_time,True,3–4 дня,3–4 дня,1,0,0
synthetic,llm_full_html,syn-0001,syn-0001-e10,llm_full_html-fd3910c5a3edc6,old_price,False,,,0,0,0
synthetic,llm_full_html,syn-0001,syn-0001-e10,llm_full_html-fd3910c5a3edc6,image_url,False,,,0,0,0
synthetic,llm_full_html,syn-0001,syn-0001-e10,llm_full_html-fd3910c5a3edc6,reviews_count,False,,20.0,0,0,0
synthetic,llm_full_html,syn-0001,syn-0001-e11,llm_full_html-116da72213e82c,availability,True,True,True,1,0,0
synthetic,llm_full_html,syn-0001,syn-0001-e11,llm_full_html-116da72213e82c,delivery_time,True,3–4 дня,3–4 дня,1,0,0
synthetic,llm_full_html,syn-0001,syn-0001-e11,llm_full_html-116da72213e82c,old_price,False,,,0,0,0
synthetic,llm_full_html,syn-0001,syn-0001-e11,llm_full_html-116da72213e82c,image_url,False,,,0,0,0
synthetic,llm_full_html,syn-0001,syn-0001-e11,llm_full_html-116da72213e82c,reviews_count,False,,21.0,0,0,0
synthetic,llm_full_html,syn-0001,syn-0001-e07,llm_full_html-c94fa312b2d08d,availability,True,True,True,1,0,0
synthetic,llm_full_html,syn-0001,syn-0001-e07,llm_full_html-c94fa312b2d08d,delivery_time,True,1–5 дня,1–5 дня,1,0,0
synthetic,llm_full_html,syn-0001,syn-0001-e07,llm_full_html-c94fa312b2d08d,old_price,False,,,0,0,0
synthetic,llm_full_html,syn-0001,syn-0001-e07,llm_full_html-c94fa312b2d08d,image_url,False,,,0,0,0
synthetic,llm_full_html,syn-0001,syn-0001-e07,llm_full_html-c94fa312b2d08d,reviews_count,False,,17.0,0,0,0
synthetic,llm_full_html,syn-0001,syn-0001-e03,llm_full_html-0db45c76426054,availability,True,True,True,1,0,0
synthetic,llm_full_html,syn-0001,syn-0001-e03,llm_full_html-0db45c76426054,delivery_time,True,3–5 дня,3–5 дня,1,0,0
synthetic,llm_full_html,syn-0001,syn-0001-e03,llm_full_html-0db45c76426054,old_price,False,,,0,0,0
synthetic,llm_full_html,syn-0001,syn-0001-e03,llm_full_html-0db45c76426054,image_url,False,,,0,0,0
synthetic,llm_full_html,syn-0001,syn-0001-e03,llm_full_html-0db45c76426054,reviews_count,False,,13.0,0,0,0
synthetic,llm_full_html,syn-0001,syn-0001-e05,llm_full_html-9e896f495806ad,availability,True,True,True,1,0,0
synthetic,llm_full_html,syn-0001,syn-0001-e05,llm_full_html-9e896f495806ad,delivery_time,True,2–3 дня,2–3 дня,1,0,0
synthetic,llm_full_html,syn-0001,syn-0001-e05,llm_full_html-9e896f495806ad,old_price,False,,,0,0,0
synthetic,llm_full_html,syn-0001,syn-0001-e05,llm_full_html-9e896f495806ad,image_url,False,,,0,0,0
synthetic,llm_full_html,syn-0001,syn-0001-e05,llm_full_html-9e896f495806ad,reviews_count,False,,15.0,0,0,0
synthetic,llm_full_html,syn-0001,syn-0001-e12,llm_full_html-17b3bb7eb45a90,availability,True,True,True,1,0,0
synthetic,llm_full_html,syn-0001,syn-0001-e12,llm_full_html-17b3bb7eb45a90,delivery_time,True,3–4 дня,3–4 дня,1,0,0
synthetic,llm_full_html,syn-0001,syn-0001-e12,llm_full_html-17b3bb7eb45a90,old_price,False,,,0,0,0
synthetic,llm_full_html,syn-0001,syn-0001-e12,llm_full_html-17b3bb7eb45a90,image_url,False,,,0,0,0
synthetic,llm_full_html,syn-0001,syn-0001-e12,llm_full_html-17b3bb7eb45a90,reviews_count,False,,22.0,0,0,0
synthetic,llm_full_html,syn-0001,syn-0001-e04,llm_full_html-82ee9366d6bbcf,availability,True,True,True,1,0,0
synthetic,llm_full_html,syn-0001,syn-0001-e04,llm_full_html-82ee9366d6bbcf,delivery_time,True,1–6 дня,1–6 дня,1,0,0
synthetic,llm_full_html,syn-0001,syn-0001-e04,llm_full_html-82ee9366d6bbcf,old_price,False,,,0,0,0
synthetic,llm_full_html,syn-0001,syn-0001-e04,llm_full_html-82ee9366d6bbcf,image_url,False,,,0,0,0
synthetic,llm_full_html,syn-0001,syn-0001-e04,llm_full_html-82ee9366d6bbcf,reviews_count,False,,14.0,0,0,0
synthetic,llm_full_html,syn-0001,syn-0001-e08,llm_full_html-83068a5a3d1d91,availability,True,True,True,1,0,0
synthetic,llm_full_html,syn-0001,syn-0001-e08,llm_full_html-83068a5a3d1d91,delivery_time,True,1–6 дня,1–6 дня,1,0,0
synthetic,llm_full_html,syn-0001,syn-0001-e08,llm_full_html-83068a5a3d1d91,old_price,False,,,0,0,0
synthetic,llm_full_html,syn-0001,syn-0001-e08,llm_full_html-83068a5a3d1d91,image_url,False,,,0,0,0
synthetic,llm_full_html,syn-0001,syn-0001-e08,llm_full_html-83068a5a3d1d91,reviews_count,False,,18.0,0,0,0
synthetic,llm_full_html,syn-0002,syn-0002-e04,llm_full_html-335613044bcdd1,availability,True,True,True,1,0,0
synthetic,llm_full_html,syn-0002,syn-0002-e04,llm_full_html-335613044bcdd1,delivery_time,True,2–3 дня,2–3 дня,1,0,0
synthetic,llm_full_html,syn-0002,syn-0002-e04,llm_full_html-335613044bcdd1,old_price,False,,,0,0,0
synthetic,llm_full_html,syn-0002,syn-0002-e04,llm_full_html-335613044bcdd1,image_url,False,,,0,0,0
synthetic,llm_full_html,syn-0002,syn-0002-e04,llm_full_html-335613044bcdd1,reviews_count,False,,,0,0,0
synthetic,llm_full_html,syn-0002,syn-0002-e16,llm_full_html-fb7cc77d7859cf,availability,True,True,True,1,0,0
synthetic,llm_full_html,syn-0002,syn-0002-e16,llm_full_html-fb7cc77d7859cf,delivery_time,True,2–3 дня,2–3 дня,1,0,0
synthetic,llm_full_html,syn-0002,syn-0002-e16,llm_full_html-fb7cc77d7859cf,old_price,False,,,0,0,0
synthetic,llm_full_html,syn-0002,syn-0002-e16,llm_full_html-fb7cc77d7859cf,image_url,False,,,0,0,0
synthetic,llm_full_html,syn-0002,syn-0002-e16,llm_full_html-fb7cc77d7859cf,reviews_count,False,,,0,0,0
synthetic,llm_full_html,syn-0002,syn-0002-e15,llm_full_html-3447afad852304,availability,True,True,True,1,0,0
synthetic,llm_full_html,syn-0002,syn-0002-e15,llm_full_html-3447afad852304,delivery_time,True,1–5 дня,1–5 дня,1,0,0
synthetic,llm_full_html,syn-0002,syn-0002-e15,llm_full_html-3447afad852304,old_price,False,,,0,0,0
synthetic,llm_full_html,syn-0002,syn-0002-e15,llm_full_html-3447afad852304,image_url,False,,,0,0,0
synthetic,llm_full_html,syn-0002,syn-0002-e15,llm_full_html-3447afad852304,reviews_count,False,,,0,0,0
synthetic,llm_full_html,syn-0002,syn-0002-e30,llm_full_html-d4020e823d07de,availability,True,True,True,1,0,0
synthetic,llm_full_html,syn-0002,syn-0002-e30,llm_full_html-d4020e823d07de,delivery_time,True,1–5 дня,1–5 дня,1,0,0
synthetic,llm_full_html,syn-0002,syn-0002-e30,llm_full_html-d4020e823d07de,old_price,False,,,0,0,0
synthetic,llm_full_html,syn-0002,syn-0002-e30,llm_full_html-d4020e823d07de,image_url,False,,,0,0,0
synthetic,llm_full_html,syn-0002,syn-0002-e30,llm_full_html-d4020e823d07de,reviews_count,False,,,0,0,0
synthetic,llm_full_html,syn-0002,syn-0002-e08,llm_full_html-a118da48dcd7c6,availability,True,False,False,1,0,0
synthetic,llm_full_html,syn-0002,syn-0002-e08,llm_full_html-a118da48dcd7c6,delivery_time,True,2–6 дня,2–6 дня,1,0,0
synthetic,llm_full_html,syn-0002,syn-0002-e08,llm_full_html-a118da48dcd7c6,old_price,False,,,0,0,0
synthetic,llm_full_html,syn-0002,syn-0002-e08,llm_full_html-a118da48dcd7c6,image_url,False,,,0,0,0
synthetic,llm_full_html,syn-0002,syn-0002-e08,llm_full_html-a118da48dcd7c6,reviews_count,False,,,0,0,0
synthetic,llm_full_html,syn-0002,syn-0002-e20,llm_full_html-a8139d8031a75f,availability,True,False,False,1,0,0
synthetic,llm_full_html,syn-0002,syn-0002-e20,llm_full_html-a8139d8031a75f,delivery_time,True,2–6 дня,2–6 дня,1,0,0
synthetic,llm_full_html,syn-0002,syn-0002-e20,llm_full_html-a8139d8031a75f,old_price,False,,,0,0,0
synthetic,llm_full_html,syn-0002,syn-0002-e20,llm_full_html-a8139d8031a75f,image_url,False,,,0,0,0
synthetic,llm_full_html,syn-0002,syn-0002-e20,llm_full_html-a8139d8031a75f,reviews_count,False,,,0,0,0
synthetic,llm_full_html,syn-0002,syn-0002-e14,llm_full_html-792e76274b2ad2,availability,True,True,True,1,0,0
synthetic,llm_full_html,syn-0002,syn-0002-e14,llm_full_html-792e76274b2ad2,delivery_time,True,2–3 дня,2–3 дня,1,0,0
synthetic,llm_full_html,syn-0002,syn-0002-e14,llm_full_html-792e76274b2ad2,old_price,False,,,0,0,0
synthetic,llm_full_html,syn-0002,syn-0002-e14,llm_full_html-792e76274b2ad2,image_url,False,,,0,0,0
synthetic,llm_full_html,syn-0002,syn-0002-e14,llm_full_html-792e76274b2ad2,reviews_count,False,,,0,0,0
synthetic,llm_full_html,syn-0002,syn-0002-e29,llm_full_html-c792aa456cb670,availability,True,True,True,1,0,0
synthetic,llm_full_html,syn-0002,syn-0002-e29,llm_full_html-c792aa456cb670,delivery_time,True,2–3 дня,2–3 дня,1,0,0
synthetic,llm_full_html,syn-0002,syn-0002-e29,llm_full_html-c792aa456cb670,old_price,False,,,0,0,0
synthetic,llm_full_html,syn-0002,syn-0002-e29,llm_full_html-c792aa456cb670,image_url,False,,,0,0,0
synthetic,llm_full_html,syn-0002,syn-0002-e29,llm_full_html-c792aa456cb670,reviews_count,False,,,0,0,0
synthetic,llm_full_html,syn-0002,syn-0002-e09,llm_full_html-100910c73e03da,availability,True,False,False,1,0,0
synthetic,llm_full_html,syn-0002,syn-0002-e09,llm_full_html-100910c73e03da,delivery_time,True,1–3 дня,1–3 дня,1,0,0
synthetic,llm_full_html,syn-0002,syn-0002-e09,llm_full_html-100910c73e03da,old_price,False,,,0,0,0
synthetic,llm_full_html,syn-0002,syn-0002-e09,llm_full_html-100910c73e03da,image_url,False,,,0,0,0
synthetic,llm_full_html,syn-0002,syn-0002-e09,llm_full_html-100910c73e03da,reviews_count,False,,,0,0,0
synthetic,llm_full_html,syn-0002,syn-0002-e21,llm_full_html-1bdde82ef64fc7,availability,True,False,False,1,0,0
synthetic,llm_full_html,syn-0002,syn-0002-e21,llm_full_html-1bdde82ef64fc7,delivery_time,True,1–3 дня,1–3 дня,1,0,0
synthetic,llm_full_html,syn-0002,syn-0002-e21,llm_full_html-1bdde82ef64fc7,old_price,False,,,0,0,0
synthetic,llm_full_html,syn-0002,syn-0002-e21,llm_full_html-1bdde82ef64fc7,image_url,False,,,0,0,0
synthetic,llm_full_html,syn-0002,syn-0002-e21,llm_full_html-1bdde82ef64fc7,reviews_count,False,,,0,0,0
synthetic,llm_full_html,syn-0002,syn-0002-e07,llm_full_html-a6d3c1ede0aa1b,availability,True,True,True,1,0,0
synthetic,llm_full_html,syn-0002,syn-0002-e07,llm_full_html-a6d3c1ede0aa1b,delivery_time,True,2–4 дня,2–4 дня,1,0,0
synthetic,llm_full_html,syn-0002,syn-0002-e07,llm_full_html-a6d3c1ede0aa1b,old_price,False,,,0,0,0
synthetic,llm_full_html,syn-0002,syn-0002-e07,llm_full_html-a6d3c1ede0aa1b,image_url,False,,,0,0,0
synthetic,llm_full_html,syn-0002,syn-0002-e07,llm_full_html-a6d3c1ede0aa1b,reviews_count,False,,,0,0,0
synthetic,llm_full_html,syn-0002,syn-0002-e18,llm_full_html-69fd97886be1d1,availability,True,True,True,1,0,0
synthetic,llm_full_html,syn-0002,syn-0002-e18,llm_full_html-69fd97886be1d1,delivery_time,True,2–4 дня,2–4 дня,1,0,0
synthetic,llm_full_html,syn-0002,syn-0002-e18,llm_full_html-69fd97886be1d1,old_price,False,,,0,0,0
synthetic,llm_full_html,syn-0002,syn-0002-e18,llm_full_html-69fd97886be1d1,image_url,False,,,0,0,0
synthetic,llm_full_html,syn-0002,syn-0002-e18,llm_full_html-69fd97886be1d1,reviews_count,False,,,0,0,0
synthetic,llm_full_html,syn-0002,syn-0002-e10,llm_full_html-7c417792229b5e,availability,True,True,True,1,0,0
synthetic,llm_full_html,syn-0002,syn-0002-e10,llm_full_html-7c417792229b5e,delivery_time,True,3–4 дня,3–4 дня,1,0,0
synthetic,llm_full_html,syn-0002,syn-0002-e10,llm_full_html-7c417792229b5e,old_price,False,,,0,0,0
synthetic,llm_full_html,syn-0002,syn-0002-e10,llm_full_html-7c417792229b5e,image_url,False,,,0,0,0
synthetic,llm_full_html,syn-0002,syn-0002-e10,llm_full_html-7c417792229b5e,reviews_count,False,,,0,0,0
synthetic,llm_full_html,syn-0002,syn-0002-e22,llm_full_html-2250217828a322,availability,True,True,True,1,0,0
synthetic,llm_full_html,syn-0002,syn-0002-e22,llm_full_html-2250217828a322,delivery_time,True,3–4 дня,3–4 дня,1,0,0
synthetic,llm_full_html,syn-0002,syn-0002-e22,llm_full_html-2250217828a322,old_price,False,,,0,0,0
synthetic,llm_full_html,syn-0002,syn-0002-e22,llm_full_html-2250217828a322,image_url,False,,,0,0,0
synthetic,llm_full_html,syn-0002,syn-0002-e22,llm_full_html-2250217828a322,reviews_count,False,,,0,0,0
synthetic,llm_full_html,syn-0002,syn-0002-e11,llm_full_html-c423247e82bd1b,availability,True,True,True,1,0,0
synthetic,llm_full_html,syn-0002,syn-0002-e11,llm_full_html-c423247e82bd1b,delivery_time,True,3–4 дня,3–4 дня,1,0,0
synthetic,llm_full_html,syn-0002,syn-0002-e11,llm_full_html-c423247e82bd1b,old_price,False,,,0,0,0
synthetic,llm_full_html,syn-0002,syn-0002-e11,llm_full_html-c423247e82bd1b,image_url,False,,,0,0,0
synthetic,llm_full_html,syn-0002,syn-0002-e11,llm_full_html-c423247e82bd1b,reviews_count,False,,,0,0,0
synthetic,llm_full_html,syn-0002,syn-0002-e23,llm_full_html-28305094015c72,availability,True,True,True,1,0,0
synthetic,llm_full_html,syn-0002,syn-0002-e23,llm_full_html-28305094015c72,delivery_time,True,3–4 дня,3–4 дня,1,0,0
synthetic,llm_full_html,syn-0002,syn-0002-e23,llm_full_html-28305094015c72,old_price,False,,,0,0,0
synthetic,llm_full_html,syn-0002,syn-0002-e23,llm_full_html-28305094015c72,image_url,False,,,0,0,0
synthetic,llm_full_html,syn-0002,syn-0002-e23,llm_full_html-28305094015c72,reviews_count,False,,,0,0,0
synthetic,llm_full_html,syn-0002,syn-0002-e06,llm_full_html-cdecbb41d7250a,availability,True,True,True,1,0,0
synthetic,llm_full_html,syn-0002,syn-0002-e06,llm_full_html-cdecbb41d7250a,delivery_time,True,1–5 дня,1–5 дня,1,0,0
synthetic,llm_full_html,syn-0002,syn-0002-e06,llm_full_html-cdecbb41d7250a,old_price,False,,,0,0,0
synthetic,llm_full_html,syn-0002,syn-0002-e06,llm_full_html-cdecbb41d7250a,image_url,False,,,0,0,0
synthetic,llm_full_html,syn-0002,syn-0002-e06,llm_full_html-cdecbb41d7250a,reviews_count,False,,,0,0,0
synthetic,llm_full_html,syn-0002,syn-0002-e17,llm_full_html-25e84f59beb035,availability,True,True,True,1,0,0
synthetic,llm_full_html,syn-0002,syn-0002-e17,llm_full_html-25e84f59beb035,delivery_time,True,1–5 дня,1–5 дня,1,0,0
synthetic,llm_full_html,syn-0002,syn-0002-e17,llm_full_html-25e84f59beb035,old_price,False,,,0,0,0
synthetic,llm_full_html,syn-0002,syn-0002-e17,llm_full_html-25e84f59beb035,image_url,False,,,0,0,0
synthetic,llm_full_html,syn-0002,syn-0002-e17,llm_full_html-25e84f59beb035,reviews_count,False,,,0,0,0
synthetic,llm_full_html,syn-0002,syn-0002-e12,llm_full_html-5810c6b48a10a8,availability,True,True,True,1,0,0
synthetic,llm_full_html,syn-0002,syn-0002-e12,llm_full_html-5810c6b48a10a8,delivery_time,True,3–5 дня,3–5 дня,1,0,0
synthetic,llm_full_html,syn-0002,syn-0002-e12,llm_full_html-5810c6b48a10a8,old_price,False,,,0,0,0
synthetic,llm_full_html,syn-0002,syn-0002-e12,llm_full_html-5810c6b48a10a8,image_url,False,,,0,0,0
synthetic,llm_full_html,syn-0002,syn-0002-e12,llm_full_html-5810c6b48a10a8,reviews_count,False,,,0,0,0
synthetic,llm_full_html,syn-0002,syn-0002-e24,llm_full_html-387b18595711a4,availability,True,True,True,1,0,0
synthetic,llm_full_html,syn-0002,syn-0002-e24,llm_full_html-387b18595711a4,delivery_time,True,3–5 дня,3–5 дня,1,0,0
synthetic,llm_full_html,syn-0002,syn-0002-e24,llm_full_html-387b18595711a4,old_price,False,,,0,0,0
synthetic,llm_full_html,syn-0002,syn-0002-e24,llm_full_html-387b18595711a4,image_url,False,,,0,0,0
synthetic,llm_full_html,syn-0002,syn-0002-e24,llm_full_html-387b18595711a4,reviews_count,False,,,0,0,0
synthetic,llm_full_html,syn-0002,syn-0002-e02,llm_full_html-0bfa927c86cd17,availability,True,True,True,1,0,0
synthetic,llm_full_html,syn-0002,syn-0002-e02,llm_full_html-0bfa927c86cd17,delivery_time,True,3–5 дня,3–5 дня,1,0,0
synthetic,llm_full_html,syn-0002,syn-0002-e02,llm_full_html-0bfa927c86cd17,old_price,False,,,0,0,0
synthetic,llm_full_html,syn-0002,syn-0002-e02,llm_full_html-0bfa927c86cd17,image_url,False,,,0,0,0
synthetic,llm_full_html,syn-0002,syn-0002-e02,llm_full_html-0bfa927c86cd17,reviews_count,False,,,0,0,0
synthetic,llm_full_html,syn-0002,syn-0002-e25,llm_full_html-cad7afde139234,availability,True,True,True,1,0,0
synthetic,llm_full_html,syn-0002,syn-0002-e25,llm_full_html-cad7afde139234,delivery_time,True,2–3 дня,2–3 дня,1,0,0
synthetic,llm_full_html,syn-0002,syn-0002-e25,llm_full_html-cad7afde139234,old_price,False,,,0,0,0
synthetic,llm_full_html,syn-0002,syn-0002-e25,llm_full_html-cad7afde139234,image_url,False,,,0,0,0
synthetic,llm_full_html,syn-0002,syn-0002-e25,llm_full_html-cad7afde139234,reviews_count,False,,,0,0,0
synthetic,llm_full_html,syn-0002,syn-0002-e05,llm_full_html-2b24ae3f53c475,availability,True,True,True,1,0,0
synthetic,llm_full_html,syn-0002,syn-0002-e05,llm_full_html-2b24ae3f53c475,delivery_time,True,3–4 дня,3–4 дня,1,0,0
synthetic,llm_full_html,syn-0002,syn-0002-e05,llm_full_html-2b24ae3f53c475,old_price,False,,,0,0,0
synthetic,llm_full_html,syn-0002,syn-0002-e05,llm_full_html-2b24ae3f53c475,image_url,False,,,0,0,0
synthetic,llm_full_html,syn-0002,syn-0002-e05,llm_full_html-2b24ae3f53c475,reviews_count,False,,,0,0,0
synthetic,llm_full_html,syn-0002,syn-0002-e26,llm_full_html-a67df1613401ce,availability,True,True,True,1,0,0
synthetic,llm_full_html,syn-0002,syn-0002-e26,llm_full_html-a67df1613401ce,delivery_time,True,3–4 дня,3–4 дня,1,0,0
synthetic,llm_full_html,syn-0002,syn-0002-e26,llm_full_html-a67df1613401ce,old_price,False,,,0,0,0
synthetic,llm_full_html,syn-0002,syn-0002-e26,llm_full_html-a67df1613401ce,image_url,False,,,0,0,0
synthetic,llm_full_html,syn-0002,syn-0002-e26,llm_full_html-a67df1613401ce,reviews_count,False,,,0,0,0
synthetic,llm_full_html,syn-0002,syn-0002-e13,llm_full_html-81ef54e515caf0,availability,True,True,True,1,0,0
synthetic,llm_full_html,syn-0002,syn-0002-e13,llm_full_html-81ef54e515caf0,delivery_time,True,1–5 дня,1–5 дня,1,0,0
synthetic,llm_full_html,syn-0002,syn-0002-e13,llm_full_html-81ef54e515caf0,old_price,False,,,0,0,0
synthetic,llm_full_html,syn-0002,syn-0002-e13,llm_full_html-81ef54e515caf0,image_url,False,,,0,0,0
synthetic,llm_full_html,syn-0002,syn-0002-e13,llm_full_html-81ef54e515caf0,reviews_count,False,,,0,0,0
synthetic,llm_full_html,syn-0002,syn-0002-e28,llm_full_html-a88d6aa62a6f0e,availability,True,True,True,1,0,0
synthetic,llm_full_html,syn-0002,syn-0002-e28,llm_full_html-a88d6aa62a6f0e,delivery_time,True,1–5 дня,1–5 дня,1,0,0
synthetic,llm_full_html,syn-0002,syn-0002-e28,llm_full_html-a88d6aa62a6f0e,old_price,False,,,0,0,0
synthetic,llm_full_html,syn-0002,syn-0002-e28,llm_full_html-a88d6aa62a6f0e,image_url,False,,,0,0,0
synthetic,llm_full_html,syn-0002,syn-0002-e28,llm_full_html-a88d6aa62a6f0e,reviews_count,False,,,0,0,0
synthetic,llm_full_html,syn-0002,syn-0002-e01,llm_full_html-dd6ec5bc132618,availability,True,True,True,1,0,0
synthetic,llm_full_html,syn-0002,syn-0002-e01,llm_full_html-dd6ec5bc132618,delivery_time,True,2–4 дня,2–4 дня,1,0,0
synthetic,llm_full_html,syn-0002,syn-0002-e01,llm_full_html-dd6ec5bc132618,old_price,False,,,0,0,0
synthetic,llm_full_html,syn-0002,syn-0002-e01,llm_full_html-dd6ec5bc132618,image_url,False,,,0,0,0
synthetic,llm_full_html,syn-0002,syn-0002-e01,llm_full_html-dd6ec5bc132618,reviews_count,False,,,0,0,0
synthetic,llm_full_html,syn-0002,syn-0002-e27,llm_full_html-936c7e4ad35f41,availability,True,True,True,1,0,0
synthetic,llm_full_html,syn-0002,syn-0002-e27,llm_full_html-936c7e4ad35f41,delivery_time,True,1–6 дня,1–6 дня,1,0,0
synthetic,llm_full_html,syn-0002,syn-0002-e27,llm_full_html-936c7e4ad35f41,old_price,False,,,0,0,0
synthetic,llm_full_html,syn-0002,syn-0002-e27,llm_full_html-936c7e4ad35f41,image_url,False,,,0,0,0
synthetic,llm_full_html,syn-0002,syn-0002-e27,llm_full_html-936c7e4ad35f41,reviews_count,False,,,0,0,0
synthetic,llm_full_html,syn-0002,syn-0002-e03,llm_full_html-a4f26ba116b118,availability,True,True,True,1,0,0
synthetic,llm_full_html,syn-0002,syn-0002-e03,llm_full_html-a4f26ba116b118,delivery_time,True,1–6 дня,1–6 дня,1,0,0
synthetic,llm_full_html,syn-0002,syn-0002-e03,llm_full_html-a4f26ba116b118,old_price,False,,,0,0,0
synthetic,llm_full_html,syn-0002,syn-0002-e03,llm_full_html-a4f26ba116b118,image_url,False,,,0,0,0
synthetic,llm_full_html,syn-0002,syn-0002-e03,llm_full_html-a4f26ba116b118,reviews_count,False,,,0,0,0
synthetic,llm_full_html,syn-0002,syn-0002-e19,llm_full_html-ca44fe0df11020,availability,True,True,True,1,0,0
synthetic,llm_full_html,syn-0002,syn-0002-e19,llm_full_html-ca44fe0df11020,delivery_time,True,1–6 дня,1–6 дня,1,0,0
synthetic,llm_full_html,syn-0002,syn-0002-e19,llm_full_html-ca44fe0df11020,old_price,False,,,0,0,0
synthetic,llm_full_html,syn-0002,syn-0002-e19,llm_full_html-ca44fe0df11020,image_url,False,,,0,0,0
synthetic,llm_full_html,syn-0002,syn-0002-e19,llm_full_html-ca44fe0df11020,reviews_count,False,,,0,0,0
synthetic,llm_full_html,syn-0003,syn-0003-e01,llm_full_html-2e51e223c229b0,availability,True,True,True,1,0,0
synthetic,llm_full_html,syn-0003,syn-0003-e01,llm_full_html-2e51e223c229b0,delivery_time,True,3–5 дня,3–5 дня,1,0,0
synthetic,llm_full_html,syn-0003,syn-0003-e01,llm_full_html-2e51e223c229b0,old_price,False,,,0,0,0
synthetic,llm_full_html,syn-0003,syn-0003-e01,llm_full_html-2e51e223c229b0,image_url,False,,,0,0,0
synthetic,llm_full_html,syn-0003,syn-0003-e01,llm_full_html-2e51e223c229b0,reviews_count,False,,,0,0,0
synthetic,llm_full_html,syn-0003,syn-0003-e16,llm_full_html-db163d90f982f0,availability,True,True,True,1,0,0
synthetic,llm_full_html,syn-0003,syn-0003-e16,llm_full_html-db163d90f982f0,delivery_time,True,2–3 дня,2–3 дня,1,0,0
synthetic,llm_full_html,syn-0003,syn-0003-e16,llm_full_html-db163d90f982f0,old_price,False,,,0,0,0
synthetic,llm_full_html,syn-0003,syn-0003-e16,llm_full_html-db163d90f982f0,image_url,False,,,0,0,0
synthetic,llm_full_html,syn-0003,syn-0003-e16,llm_full_html-db163d90f982f0,reviews_count,False,,,0,0,0
synthetic,llm_full_html,syn-0003,syn-0003-e15,llm_full_html-b08ad271e26c19,availability,True,True,True,1,0,0
synthetic,llm_full_html,syn-0003,syn-0003-e15,llm_full_html-b08ad271e26c19,delivery_time,True,1–5 дня,1–5 дня,1,0,0
synthetic,llm_full_html,syn-0003,syn-0003-e15,llm_full_html-b08ad271e26c19,old_price,False,,,0,0,0
synthetic,llm_full_html,syn-0003,syn-0003-e15,llm_full_html-b08ad271e26c19,image_url,False,,,0,0,0
synthetic,llm_full_html,syn-0003,syn-0003-e15,llm_full_html-b08ad271e26c19,reviews_count,False,,,0,0,0
synthetic,llm_full_html,syn-0003,syn-0003-e09,llm_full_html-5751708f63b041,availability,True,False,False,1,0,0
synthetic,llm_full_html,syn-0003,syn-0003-e09,llm_full_html-5751708f63b041,delivery_time,True,2–6 дня,2–6 дня,1,0,0
synthetic,llm_full_html,syn-0003,syn-0003-e09,llm_full_html-5751708f63b041,old_price,False,,,0,0,0
synthetic,llm_full_html,syn-0003,syn-0003-e09,llm_full_html-5751708f63b041,image_url,False,,,0,0,0
synthetic,llm_full_html,syn-0003,syn-0003-e09,llm_full_html-5751708f63b041,reviews_count,False,,,0,0,0
synthetic,llm_full_html,syn-0003,syn-0003-e03,llm_full_html-ee863322eb8540,availability,True,True,True,1,0,0
synthetic,llm_full_html,syn-0003,syn-0003-e03,llm_full_html-ee863322eb8540,delivery_time,True,2–3 дня,2–3 дня,1,0,0
synthetic,llm_full_html,syn-0003,syn-0003-e03,llm_full_html-ee863322eb8540,old_price,False,,,0,0,0
synthetic,llm_full_html,syn-0003,syn-0003-e03,llm_full_html-ee863322eb8540,image_url,False,,,0,0,0
synthetic,llm_full_html,syn-0003,syn-0003-e03,llm_full_html-ee863322eb8540,reviews_count,False,,,0,0,0
synthetic,llm_full_html,syn-0003,syn-0003-e10,llm_full_html-dc8bfac3496c80,availability,True,False,False,1,0,0
synthetic,llm_full_html,syn-0003,syn-0003-e10,llm_full_html-dc8bfac3496c80,delivery_time,True,1–3 дня,1–3 дня,1,0,0
synthetic,llm_full_html,syn-0003,syn-0003-e10,llm_full_html-dc8bfac3496c80,old_price,False,,,0,0,0
synthetic,llm_full_html,syn-0003,syn-0003-e10,llm_full_html-dc8bfac3496c80,image_url,False,,,0,0,0
synthetic,llm_full_html,syn-0003,syn-0003-e10,llm_full_html-dc8bfac3496c80,reviews_count,False,,,0,0,0
synthetic,llm_full_html,syn-0003,syn-0003-e07,llm_full_html-b14a962d0f568c,availability,True,True,True,1,0,0
synthetic,llm_full_html,syn-0003,syn-0003-e07,llm_full_html-b14a962d0f568c,delivery_time,True,2–4 дня,2–4 дня,1,0,0
synthetic,llm_full_html,syn-0003,syn-0003-e07,llm_full_html-b14a962d0f568c,old_price,False,,,0,0,0
synthetic,llm_full_html,syn-0003,syn-0003-e07,llm_full_html-b14a962d0f568c,image_url,False,,,0,0,0
synthetic,llm_full_html,syn-0003,syn-0003-e07,llm_full_html-b14a962d0f568c,reviews_count,False,,,0,0,0
synthetic,llm_full_html,syn-0003,syn-0003-e11,llm_full_html-883424a2cd3ae4,availability,True,True,True,1,0,0
synthetic,llm_full_html,syn-0003,syn-0003-e11,llm_full_html-883424a2cd3ae4,delivery_time,True,3–4 дня,3–4 дня,1,0,0
synthetic,llm_full_html,syn-0003,syn-0003-e11,llm_full_html-883424a2cd3ae4,old_price,False,,,0,0,0
synthetic,llm_full_html,syn-0003,syn-0003-e11,llm_full_html-883424a2cd3ae4,image_url,False,,,0,0,0
synthetic,llm_full_html,syn-0003,syn-0003-e11,llm_full_html-883424a2cd3ae4,reviews_count,False,,,0,0,0
synthetic,llm_full_html,syn-0003,syn-0003-e04,llm_full_html-61fc4e2e692088,availability,True,True,True,1,0,0
synthetic,llm_full_html,syn-0003,syn-0003-e04,llm_full_html-61fc4e2e692088,delivery_time,True,3–4 дня,3–4 дня,1,0,0
synthetic,llm_full_html,syn-0003,syn-0003-e04,llm_full_html-61fc4e2e692088,old_price,False,,,0,0,0
synthetic,llm_full_html,syn-0003,syn-0003-e04,llm_full_html-61fc4e2e692088,image_url,False,,,0,0,0
synthetic,llm_full_html,syn-0003,syn-0003-e04,llm_full_html-61fc4e2e692088,reviews_count,False,,,0,0,0
synthetic,llm_full_html,syn-0003,syn-0003-e06,llm_full_html-bb15ec62bff622,availability,True,True,True,1,0,0
synthetic,llm_full_html,syn-0003,syn-0003-e06,llm_full_html-bb15ec62bff622,delivery_time,True,1–5 дня,1–5 дня,1,0,0
synthetic,llm_full_html,syn-0003,syn-0003-e06,llm_full_html-bb15ec62bff622,old_price,False,,,0,0,0
synthetic,llm_full_html,syn-0003,syn-0003-e06,llm_full_html-bb15ec62bff622,image_url,False,,,0,0,0
synthetic,llm_full_html,syn-0003,syn-0003-e06,llm_full_html-bb15ec62bff622,reviews_count,False,,,0,0,0
synthetic,llm_full_html,syn-0003,syn-0003-e12,llm_full_html-6e653bf5f91e70,availability,True,True,True,1,0,0
synthetic,llm_full_html,syn-0003,syn-0003-e12,llm_full_html-6e653bf5f91e70,delivery_time,True,3–5 дня,3–5 дня,1,0,0
synthetic,llm_full_html,syn-0003,syn-0003-e12,llm_full_html-6e653bf5f91e70,old_price,False,,,0,0,0
synthetic,llm_full_html,syn-0003,syn-0003-e12,llm_full_html-6e653bf5f91e70,image_url,False,,,0,0,0
synthetic,llm_full_html,syn-0003,syn-0003-e12,llm_full_html-6e653bf5f91e70,reviews_count,False,,,0,0,0
synthetic,llm_full_html,syn-0003,syn-0003-e13,llm_full_html-7cc4d3dd6da301,availability,True,True,True,1,0,0
synthetic,llm_full_html,syn-0003,syn-0003-e13,llm_full_html-7cc4d3dd6da301,delivery_time,True,2–3 дня,2–3 дня,1,0,0
synthetic,llm_full_html,syn-0003,syn-0003-e13,llm_full_html-7cc4d3dd6da301,old_price,False,,,0,0,0
synthetic,llm_full_html,syn-0003,syn-0003-e13,llm_full_html-7cc4d3dd6da301,image_url,False,,,0,0,0
synthetic,llm_full_html,syn-0003,syn-0003-e13,llm_full_html-7cc4d3dd6da301,reviews_count,False,,,0,0,0
synthetic,llm_full_html,syn-0003,syn-0003-e02,llm_full_html-f84a147d397803,availability,True,True,True,1,0,0
synthetic,llm_full_html,syn-0003,syn-0003-e02,llm_full_html-f84a147d397803,delivery_time,True,1–6 дня,1–6 дня,1,0,0
synthetic,llm_full_html,syn-0003,syn-0003-e02,llm_full_html-f84a147d397803,old_price,False,,,0,0,0
synthetic,llm_full_html,syn-0003,syn-0003-e02,llm_full_html-f84a147d397803,image_url,False,,,0,0,0
synthetic,llm_full_html,syn-0003,syn-0003-e02,llm_full_html-f84a147d397803,reviews_count,False,,,0,0,0
synthetic,llm_full_html,syn-0003,syn-0003-e05,llm_full_html-da36a6e790cf46,availability,True,True,True,1,0,0
synthetic,llm_full_html,syn-0003,syn-0003-e05,llm_full_html-da36a6e790cf46,delivery_time,True,1–5 дня,1–5 дня,1,0,0
synthetic,llm_full_html,syn-0003,syn-0003-e05,llm_full_html-da36a6e790cf46,old_price,False,,,0,0,0
synthetic,llm_full_html,syn-0003,syn-0003-e05,llm_full_html-da36a6e790cf46,image_url,False,,,0,0,0
synthetic,llm_full_html,syn-0003,syn-0003-e05,llm_full_html-da36a6e790cf46,reviews_count,False,,,0,0,0
synthetic,llm_full_html,syn-0003,syn-0003-e14,llm_full_html-487a27066de2c7,availability,True,True,True,1,0,0
synthetic,llm_full_html,syn-0003,syn-0003-e14,llm_full_html-487a27066de2c7,delivery_time,True,1–6 дня,1–6 дня,1,0,0
synthetic,llm_full_html,syn-0003,syn-0003-e14,llm_full_html-487a27066de2c7,old_price,False,,,0,0,0
synthetic,llm_full_html,syn-0003,syn-0003-e14,llm_full_html-487a27066de2c7,image_url,False,,,0,0,0
synthetic,llm_full_html,syn-0003,syn-0003-e14,llm_full_html-487a27066de2c7,reviews_count,False,,,0,0,0
synthetic,llm_full_html,syn-0003,syn-0003-e08,llm_full_html-1787bd6f133f4e,availability,True,True,True,1,0,0
synthetic,llm_full_html,syn-0003,syn-0003-e08,llm_full_html-1787bd6f133f4e,delivery_time,True,1–6 дня,1–6 дня,1,0,0
synthetic,llm_full_html,syn-0003,syn-0003-e08,llm_full_html-1787bd6f133f4e,old_price,False,,,0,0,0
synthetic,llm_full_html,syn-0003,syn-0003-e08,llm_full_html-1787bd6f133f4e,image_url,False,,,0,0,0
synthetic,llm_full_html,syn-0003,syn-0003-e08,llm_full_html-1787bd6f133f4e,reviews_count,False,,,0,0,0
synthetic,llm_full_html,syn-0004,syn-0004-e06,llm_full_html-f148ac2b94388e,availability,True,True,True,1,0,0
synthetic,llm_full_html,syn-0004,syn-0004-e06,llm_full_html-f148ac2b94388e,delivery_time,True,2–3 дня,2–3 дня,1,0,0
synthetic,llm_full_html,syn-0004,syn-0004-e06,llm_full_html-f148ac2b94388e,old_price,False,,,0,0,0
synthetic,llm_full_html,syn-0004,syn-0004-e06,llm_full_html-f148ac2b94388e,image_url,False,,,0,0,0
synthetic,llm_full_html,syn-0004,syn-0004-e06,llm_full_html-f148ac2b94388e,reviews_count,False,,,0,0,0
synthetic,llm_full_html,syn-0004,syn-0004-e16,llm_full_html-60ea625016e984,availability,True,True,True,1,0,0
synthetic,llm_full_html,syn-0004,syn-0004-e16,llm_full_html-60ea625016e984,delivery_time,True,2–3 дня,2–3 дня,1,0,0
synthetic,llm_full_html,syn-0004,syn-0004-e16,llm_full_html-60ea625016e984,old_price,False,,,0,0,0
synthetic,llm_full_html,syn-0004,syn-0004-e16,llm_full_html-60ea625016e984,image_url,False,,,0,0,0
synthetic,llm_full_html,syn-0004,syn-0004-e16,llm_full_html-60ea625016e984,reviews_count,False,,,0,0,0
synthetic,llm_full_html,syn-0004,syn-0004-e15,llm_full_html-f81fae74dc68da,availability,True,True,True,1,0,0
synthetic,llm_full_html,syn-0004,syn-0004-e15,llm_full_html-f81fae74dc68da,delivery_time,True,1–5 дня,1–5 дня,1,0,0
synthetic,llm_full_html,syn-0004,syn-0004-e15,llm_full_html-f81fae74dc68da,old_price,False,,,0,0,0
synthetic,llm_full_html,syn-0004,syn-0004-e15,llm_full_html-f81fae74dc68da,image_url,False,,,0,0,0
synthetic,llm_full_html,syn-0004,syn-0004-e15,llm_full_html-f81fae74dc68da,reviews_count,False,,,0,0,0
synthetic,llm_full_html,syn-0004,syn-0004-e05,llm_full_html-7cf2a8aa41b76d,availability,True,False,False,1,0,0
synthetic,llm_full_html,syn-0004,syn-0004-e05,llm_full_html-7cf2a8aa41b76d,delivery_time,True,2–6 дня,2–6 дня,1,0,0
synthetic,llm_full_html,syn-0004,syn-0004-e05,llm_full_html-7cf2a8aa41b76d,old_price,False,,,0,0,0
synthetic,llm_full_html,syn-0004,syn-0004-e05,llm_full_html-7cf2a8aa41b76d,image_url,False,,,0,0,0
synthetic,llm_full_html,syn-0004,syn-0004-e05,llm_full_html-7cf2a8aa41b76d,reviews_count,False,,,0,0,0
synthetic,llm_full_html,syn-0004,syn-0004-e20,llm_full_html-744bddd91bdda2,availability,True,False,False,1,0,0
synthetic,llm_full_html,syn-0004,syn-0004-e20,llm_full_html-744bddd91bdda2,delivery_time,True,2–6 дня,2–6 дня,1,0,0
synthetic,llm_full_html,syn-0004,syn-0004-e20,llm_full_html-744bddd91bdda2,old_price,False,,,0,0,0
synthetic,llm_full_html,syn-0004,syn-0004-e20,llm_full_html-744bddd91bdda2,image_url,False,,,0,0,0
synthetic,llm_full_html,syn-0004,syn-0004-e20,llm_full_html-744bddd91bdda2,reviews_count,False,,,0,0,0
synthetic,llm_full_html,syn-0004,syn-0004-e14,llm_full_html-da891ddd434aa7,availability,True,True,True,1,0,0
synthetic,llm_full_html,syn-0004,syn-0004-e14,llm_full_html-da891ddd434aa7,delivery_time,True,2–3 дня,2–3 дня,1,0,0
synthetic,llm_full_html,syn-0004,syn-0004-e14,llm_full_html-da891ddd434aa7,old_price,False,,,0,0,0
synthetic,llm_full_html,syn-0004,syn-0004-e14,llm_full_html-da891ddd434aa7,image_url,False,,,0,0,0
synthetic,llm_full_html,syn-0004,syn-0004-e14,llm_full_html-da891ddd434aa7,reviews_count,False,,,0,0,0
synthetic,llm_full_html,syn-0004,syn-0004-e09,llm_full_html-1e41c41cd80e65,availability,True,False,False,1,0,0
synthetic,llm_full_html,syn-0004,syn-0004-e09,llm_full_html-1e41c41cd80e65,delivery_time,True,1–3 дня,1–3 дня,1,0,0
synthetic,llm_full_html,syn-0004,syn-0004-e09,llm_full_html-1e41c41cd80e65,old_price,False,,,0,0,0
synthetic,llm_full_html,syn-0004,syn-0004-e09,llm_full_html-1e41c41cd80e65,image_url,False,,,0,0,0
synthetic,llm_full_html,syn-0004,syn-0004-e09,llm_full_html-1e41c41cd80e65,reviews_count,False,,,0,0,0
synthetic,llm_full_html,syn-0004,syn-0004-e21,llm_full_html-be770add629a4e,availability,True,False,False,1,0,0
synthetic,llm_full_html,syn-0004,syn-0004-e21,llm_full_html-be770add629a4e,delivery_time,True,1–3 дня,1–3 дня,1,0,0
synthetic,llm_full_html,syn-0004,syn-0004-e21,llm_full_html-be770add629a4e,old_price,False,,,0,0,0
synthetic,llm_full_html,syn-0004,syn-0004-e21,llm_full_html-be770add629a4e,image_url,False,,,0,0,0
synthetic,llm_full_html,syn-0004,syn-0004-e21,llm_full_html-be770add629a4e,reviews_count,False,,,0,0,0
synthetic,llm_full_html,syn-0004,syn-0004-e07,llm_full_html-82dba92e604824,availability,True,True,True,1,0,0
synthetic,llm_full_html,syn-0004,syn-0004-e07,llm_full_html-82dba92e604824,delivery_time,True,2–4 дня,2–4 дня,1,0,0
synthetic,llm_full_html,syn-0004,syn-0004-e07,llm_full_html-82dba92e604824,old_price,False,,,0,0,0
synthetic,llm_full_html,syn-0004,syn-0004-e07,llm_full_html-82dba92e604824,image_url,False,,,0,0,0
synthetic,llm_full_html,syn-0004,syn-0004-e07,llm_full_html-82dba92e604824,reviews_count,False,,,0,0,0
synthetic,llm_full_html,syn-0004,syn-0004-e18,llm_full_html-b84cc4fa1351d0,availability,True,True,True,1,0,0
synthetic,llm_full_html,syn-0004,syn-0004-e18,llm_full_html-b84cc4fa1351d0,delivery_time,True,2–4 дня,2–4 дня,1,0,0
synthetic,llm_full_html,syn-0004,syn-0004-e18,llm_full_html-b84cc4fa1351d0,old_price,False,,,0,0,0
synthetic,llm_full_html,syn-0004,syn-0004-e18,llm_full_html-b84cc4fa1351d0,image_url,False,,,0,0,0
synthetic,llm_full_html,syn-0004,syn-0004-e18,llm_full_html-b84cc4fa1351d0,reviews_count,False,,,0,0,0
synthetic,llm_full_html,syn-0004,syn-0004-e03,llm_full_html-a8ac5dc4e7bc11,availability,True,True,True,1,0,0
synthetic,llm_full_html,syn-0004,syn-0004-e03,llm_full_html-a8ac5dc4e7bc11,delivery_time,True,3–4 дня,3–4 дня,1,0,0
synthetic,llm_full_html,syn-0004,syn-0004-e03,llm_full_html-a8ac5dc4e7bc11,old_price,False,,,0,0,0
synthetic,llm_full_html,syn-0004,syn-0004-e03,llm_full_html-a8ac5dc4e7bc11,image_url,False,,,0,0,0
synthetic,llm_full_html,syn-0004,syn-0004-e03,llm_full_html-a8ac5dc4e7bc11,reviews_count,False,,,0,0,0
synthetic,llm_full_html,syn-0004,syn-0004-e22,llm_full_html-cebcc2ee18a47b,availability,True,True,True,1,0,0
synthetic,llm_full_html,syn-0004,syn-0004-e22,llm_full_html-cebcc2ee18a47b,delivery_time,True,3–4 дня,3–4 дня,1,0,0
synthetic,llm_full_html,syn-0004,syn-0004-e22,llm_full_html-cebcc2ee18a47b,old_price,False,,,0,0,0
synthetic,llm_full_html,syn-0004,syn-0004-e22,llm_full_html-cebcc2ee18a47b,image_url,False,,,0,0,0
synthetic,llm_full_html,syn-0004,syn-0004-e22,llm_full_html-cebcc2ee18a47b,reviews_count,False,,,0,0,0
synthetic,llm_full_html,syn-0004,syn-0004-e01,llm_full_html-99d93b61f561dc,availability,True,True,True,1,0,0
synthetic,llm_full_html,syn-0004,syn-0004-e01,llm_full_html-99d93b61f561dc,delivery_time,True,1–6 дня,1–6 дня,1,0,0
synthetic,llm_full_html,syn-0004,syn-0004-e01,llm_full_html-99d93b61f561dc,old_price,False,,,0,0,0
synthetic,llm_full_html,syn-0004,syn-0004-e01,llm_full_html-99d93b61f561dc,image_url,False,,,0,0,0
synthetic,llm_full_html,syn-0004,syn-0004-e01,llm_full_html-99d93b61f561dc,reviews_count,False,,,0,0,0
synthetic,llm_full_html,syn-0004,syn-0004-e23,llm_full_html-af3df2dbd8177e,availability,True,True,True,1,0,0
synthetic,llm_full_html,syn-0004,syn-0004-e23,llm_full_html-af3df2dbd8177e,delivery_time,True,3–4 дня,3–4 дня,1,0,0
synthetic,llm_full_html,syn-0004,syn-0004-e23,llm_full_html-af3df2dbd8177e,old_price,False,,,0,0,0
synthetic,llm_full_html,syn-0004,syn-0004-e23,llm_full_html-af3df2dbd8177e,image_url,False,,,0,0,0
synthetic,llm_full_html,syn-0004,syn-0004-e23,llm_full_html-af3df2dbd8177e,reviews_count,False,,,0,0,0
synthetic,llm_full_html,syn-0004,syn-0004-e04,llm_full_html-09031de9f9c28f,availability,True,True,True,1,0,0
synthetic,llm_full_html,syn-0004,syn-0004-e04,llm_full_html-09031de9f9c28f,delivery_time,True,1–5 дня,1–5 дня,1,0,0
synthetic,llm_full_html,syn-0004,syn-0004-e04,llm_full_html-09031de9f9c28f,old_price,False,,,0,0,0
synthetic,llm_full_html,syn-0004,syn-0004-e04,llm_full_html-09031de9f9c28f,image_url,False,,,0,0,0
synthetic,llm_full_html,syn-0004,syn-0004-e04,llm_full_html-09031de9f9c28f,reviews_count,False,,,0,0,0
synthetic,llm_full_html,syn-0004,syn-0004-e17,llm_full_html-659ea736bff2be,availability,True,True,True,1,0,0
synthetic,llm_full_html,syn-0004,syn-0004-e17,llm_full_html-659ea736bff2be,delivery_time,True,1–5 дня,1–5 дня,1,0,0
synthetic,llm_full_html,syn-0004,syn-0004-e17,llm_full_html-659ea736bff2be,old_price,False,,,0,0,0
synthetic,llm_full_html,syn-0004,syn-0004-e17,llm_full_html-659ea736bff2be,image_url,False,,,0,0,0
synthetic,llm_full_html,syn-0004,syn-0004-e17,llm_full_html-659ea736bff2be,reviews_count,False,,,0,0,0
synthetic,llm_full_html,syn-0004,syn-0004-e10,llm_full_html-b2591ea1664162,availability,True,True,True,1,0,0
synthetic,llm_full_html,syn-0004,syn-0004-e10,llm_full_html-b2591ea1664162,delivery_time,True,3–5 дня,3–5 дня,1,0,0
synthetic,llm_full_html,syn-0004,syn-0004-e10,llm_full_html-b2591ea1664162,old_price,False,,,0,0,0
synthetic,llm_full_html,syn-0004,syn-0004-e10,llm_full_html-b2591ea1664162,image_url,False,,,0,0,0
synthetic,llm_full_html,syn-0004,syn-0004-e10,llm_full_html-b2591ea1664162,reviews_count,False,,,0,0,0
synthetic,llm_full_html,syn-0004,syn-0004-e24,llm_full_html-f7581e91c1db05,availability,True,True,True,1,0,0
synthetic,llm_full_html,syn-0004,syn-0004-e24,llm_full_html-f7581e91c1db05,delivery_time,True,3–5 дня,3–5 дня,1,0,0
synthetic,llm_full_html,syn-0004,syn-0004-e24,llm_full_html-f7581e91c1db05,old_price,False,,,0,0,0
synthetic,llm_full_html,syn-0004,syn-0004-e24,llm_full_html-f7581e91c1db05,image_url,False,,,0,0,0
synthetic,llm_full_html,syn-0004,syn-0004-e24,llm_full_html-f7581e91c1db05,reviews_count,False,,,0,0,0
synthetic,llm_full_html,syn-0004,syn-0004-e11,llm_full_html-a4aeefd13e6dc1,availability,True,True,True,1,0,0
synthetic,llm_full_html,syn-0004,syn-0004-e11,llm_full_html-a4aeefd13e6dc1,delivery_time,True,2–3 дня,2–3 дня,1,0,0
synthetic,llm_full_html,syn-0004,syn-0004-e11,llm_full_html-a4aeefd13e6dc1,old_price,False,,,0,0,0
synthetic,llm_full_html,syn-0004,syn-0004-e11,llm_full_html-a4aeefd13e6dc1,image_url,False,,,0,0,0
synthetic,llm_full_html,syn-0004,syn-0004-e11,llm_full_html-a4aeefd13e6dc1,reviews_count,False,,,0,0,0
synthetic,llm_full_html,syn-0004,syn-0004-e25,llm_full_html-c9e388a02c4a59,availability,True,True,True,1,0,0
synthetic,llm_full_html,syn-0004,syn-0004-e25,llm_full_html-c9e388a02c4a59,delivery_time,True,2–3 дня,2–3 дня,1,0,0
synthetic,llm_full_html,syn-0004,syn-0004-e25,llm_full_html-c9e388a02c4a59,old_price,False,,,0,0,0
synthetic,llm_full_html,syn-0004,syn-0004-e25,llm_full_html-c9e388a02c4a59,image_url,False,,,0,0,0
synthetic,llm_full_html,syn-0004,syn-0004-e25,llm_full_html-c9e388a02c4a59,reviews_count,False,,,0,0,0
synthetic,llm_full_html,syn-0004,syn-0004-e12,llm_full_html-19b52d2803e089,availability,True,True,True,1,0,0
synthetic,llm_full_html,syn-0004,syn-0004-e12,llm_full_html-19b52d2803e089,delivery_time,True,3–4 дня,3–4 дня,1,0,0
synthetic,llm_full_html,syn-0004,syn-0004-e12,llm_full_html-19b52d2803e089,old_price,False,,,0,0,0
synthetic,llm_full_html,syn-0004,syn-0004-e12,llm_full_html-19b52d2803e089,image_url,False,,,0,0,0
synthetic,llm_full_html,syn-0004,syn-0004-e12,llm_full_html-19b52d2803e089,reviews_count,False,,,0,0,0
synthetic,llm_full_html,syn-0004,syn-0004-e26,llm_full_html-6c73d6af14e41e,availability,True,True,True,1,0,0
synthetic,llm_full_html,syn-0004,syn-0004-e26,llm_full_html-6c73d6af14e41e,delivery_time,True,3–4 дня,3–4 дня,1,0,0
synthetic,llm_full_html,syn-0004,syn-0004-e26,llm_full_html-6c73d6af14e41e,old_price,False,,,0,0,0
synthetic,llm_full_html,syn-0004,syn-0004-e26,llm_full_html-6c73d6af14e41e,image_url,False,,,0,0,0
synthetic,llm_full_html,syn-0004,syn-0004-e26,llm_full_html-6c73d6af14e41e,reviews_count,False,,,0,0,0
synthetic,llm_full_html,syn-0004,syn-0004-e02,llm_full_html-dec1f6d3439bee,availability,True,True,True,1,0,0
synthetic,llm_full_html,syn-0004,syn-0004-e02,llm_full_html-dec1f6d3439bee,delivery_time,True,2–3 дня,2–3 дня,1,0,0
synthetic,llm_full_html,syn-0004,syn-0004-e02,llm_full_html-dec1f6d3439bee,old_price,False,,,0,0,0
synthetic,llm_full_html,syn-0004,syn-0004-e02,llm_full_html-dec1f6d3439bee,image_url,False,,,0,0,0
synthetic,llm_full_html,syn-0004,syn-0004-e02,llm_full_html-dec1f6d3439bee,reviews_count,False,,,0,0,0
synthetic,llm_full_html,syn-0004,syn-0004-e13,llm_full_html-8207041bed8ab5,availability,True,True,True,1,0,0
synthetic,llm_full_html,syn-0004,syn-0004-e13,llm_full_html-8207041bed8ab5,delivery_time,True,1–6 дня,1–6 дня,1,0,0
synthetic,llm_full_html,syn-0004,syn-0004-e13,llm_full_html-8207041bed8ab5,old_price,False,,,0,0,0
synthetic,llm_full_html,syn-0004,syn-0004-e13,llm_full_html-8207041bed8ab5,image_url,False,,,0,0,0
synthetic,llm_full_html,syn-0004,syn-0004-e13,llm_full_html-8207041bed8ab5,reviews_count,False,,,0,0,0
synthetic,llm_full_html,syn-0004,syn-0004-e08,llm_full_html-9d97485cbda0eb,availability,True,True,True,1,0,0
synthetic,llm_full_html,syn-0004,syn-0004-e08,llm_full_html-9d97485cbda0eb,delivery_time,True,1–6 дня,1–6 дня,1,0,0
synthetic,llm_full_html,syn-0004,syn-0004-e08,llm_full_html-9d97485cbda0eb,old_price,False,,,0,0,0
synthetic,llm_full_html,syn-0004,syn-0004-e08,llm_full_html-9d97485cbda0eb,image_url,False,,,0,0,0
synthetic,llm_full_html,syn-0004,syn-0004-e08,llm_full_html-9d97485cbda0eb,reviews_count,False,,,0,0,0
synthetic,llm_full_html,syn-0004,syn-0004-e19,llm_full_html-5f918d8804e707,availability,True,True,True,1,0,0
synthetic,llm_full_html,syn-0004,syn-0004-e19,llm_full_html-5f918d8804e707,delivery_time,True,1–6 дня,1–6 дня,1,0,0
synthetic,llm_full_html,syn-0004,syn-0004-e19,llm_full_html-5f918d8804e707,old_price,False,,,0,0,0
synthetic,llm_full_html,syn-0004,syn-0004-e19,llm_full_html-5f918d8804e707,image_url,False,,,0,0,0
synthetic,llm_full_html,syn-0004,syn-0004-e19,llm_full_html-5f918d8804e707,reviews_count,False,,,0,0,0
synthetic,llm_full_html,syn-0005,syn-0005-e06,llm_full_html-380b031d8dd5aa,availability,True,True,True,1,0,0
synthetic,llm_full_html,syn-0005,syn-0005-e06,llm_full_html-380b031d8dd5aa,delivery_time,True,2–3 дня,2–3 дня,1,0,0
synthetic,llm_full_html,syn-0005,syn-0005-e06,llm_full_html-380b031d8dd5aa,old_price,False,,,0,0,0
synthetic,llm_full_html,syn-0005,syn-0005-e06,llm_full_html-380b031d8dd5aa,image_url,False,,,0,0,0
synthetic,llm_full_html,syn-0005,syn-0005-e06,llm_full_html-380b031d8dd5aa,reviews_count,False,,,0,0,0
synthetic,llm_full_html,syn-0005,syn-0005-e03,llm_full_html-493abfeafc479d,availability,True,True,True,1,0,0
synthetic,llm_full_html,syn-0005,syn-0005-e03,llm_full_html-493abfeafc479d,delivery_time,True,1–5 дня,1–5 дня,1,0,0
synthetic,llm_full_html,syn-0005,syn-0005-e03,llm_full_html-493abfeafc479d,old_price,False,,,0,0,0
synthetic,llm_full_html,syn-0005,syn-0005-e03,llm_full_html-493abfeafc479d,image_url,False,,,0,0,0
synthetic,llm_full_html,syn-0005,syn-0005-e03,llm_full_html-493abfeafc479d,reviews_count,False,,,0,0,0
synthetic,llm_full_html,syn-0005,syn-0005-e02,llm_full_html-82b46b46ebf9d0,availability,True,True,True,1,0,0
synthetic,llm_full_html,syn-0005,syn-0005-e02,llm_full_html-82b46b46ebf9d0,delivery_time,True,3–4 дня,3–4 дня,1,0,0
synthetic,llm_full_html,syn-0005,syn-0005-e02,llm_full_html-82b46b46ebf9d0,old_price,False,,,0,0,0
synthetic,llm_full_html,syn-0005,syn-0005-e02,llm_full_html-82b46b46ebf9d0,image_url,False,,,0,0,0
synthetic,llm_full_html,syn-0005,syn-0005-e02,llm_full_html-82b46b46ebf9d0,reviews_count,False,,,0,0,0
synthetic,llm_full_html,syn-0005,syn-0005-e04,llm_full_html-b5bb9b4adedf7c,availability,True,False,False,1,0,0
synthetic,llm_full_html,syn-0005,syn-0005-e04,llm_full_html-b5bb9b4adedf7c,delivery_time,True,2–6 дня,2–6 дня,1,0,0
synthetic,llm_full_html,syn-0005,syn-0005-e04,llm_full_html-b5bb9b4adedf7c,old_price,False,,,0,0,0
synthetic,llm_full_html,syn-0005,syn-0005-e04,llm_full_html-b5bb9b4adedf7c,image_url,False,,,0,0,0
synthetic,llm_full_html,syn-0005,syn-0005-e04,llm_full_html-b5bb9b4adedf7c,reviews_count,False,,,0,0,0
synthetic,llm_full_html,syn-0005,syn-0005-e05,llm_full_html-6bca521a825ab4,availability,True,True,True,1,0,0
synthetic,llm_full_html,syn-0005,syn-0005-e05,llm_full_html-6bca521a825ab4,delivery_time,True,3–3 дня,3–3 дня,1,0,0
synthetic,llm_full_html,syn-0005,syn-0005-e05,llm_full_html-6bca521a825ab4,old_price,False,,,0,0,0
synthetic,llm_full_html,syn-0005,syn-0005-e05,llm_full_html-6bca521a825ab4,image_url,False,,,0,0,0
synthetic,llm_full_html,syn-0005,syn-0005-e05,llm_full_html-6bca521a825ab4,reviews_count,False,,,0,0,0
synthetic,llm_full_html,syn-0005,syn-0005-e08,llm_full_html-1ca4470b177de1,availability,True,True,True,1,0,0
synthetic,llm_full_html,syn-0005,syn-0005-e08,llm_full_html-1ca4470b177de1,delivery_time,True,3–4 дня,3–4 дня,1,0,0
synthetic,llm_full_html,syn-0005,syn-0005-e08,llm_full_html-1ca4470b177de1,old_price,False,,,0,0,0
synthetic,llm_full_html,syn-0005,syn-0005-e08,llm_full_html-1ca4470b177de1,image_url,False,,,0,0,0
synthetic,llm_full_html,syn-0005,syn-0005-e08,llm_full_html-1ca4470b177de1,reviews_count,False,,,0,0,0
synthetic,llm_full_html,syn-0005,syn-0005-e09,llm_full_html-5f5d2abe7fefc9,availability,True,True,True,1,0,0
synthetic,llm_full_html,syn-0005,syn-0005-e09,llm_full_html-5f5d2abe7fefc9,delivery_time,True,3–4 дня,3–4 дня,1,0,0
synthetic,llm_full_html,syn-0005,syn-0005-e09,llm_full_html-5f5d2abe7fefc9,old_price,False,,,0,0,0
synthetic,llm_full_html,syn-0005,syn-0005-e09,llm_full_html-5f5d2abe7fefc9,image_url,False,,,0,0,0
synthetic,llm_full_html,syn-0005,syn-0005-e09,llm_full_html-5f5d2abe7fefc9,reviews_count,False,,,0,0,0
synthetic,llm_full_html,syn-0005,syn-0005-e01,llm_full_html-f3fcdd86585f6a,availability,True,True,True,1,0,0
synthetic,llm_full_html,syn-0005,syn-0005-e01,llm_full_html-f3fcdd86585f6a,delivery_time,True,2–3 дня,2–3 дня,1,0,0
synthetic,llm_full_html,syn-0005,syn-0005-e01,llm_full_html-f3fcdd86585f6a,old_price,False,,,0,0,0
synthetic,llm_full_html,syn-0005,syn-0005-e01,llm_full_html-f3fcdd86585f6a,image_url,False,,,0,0,0
synthetic,llm_full_html,syn-0005,syn-0005-e01,llm_full_html-f3fcdd86585f6a,reviews_count,False,,,0,0,0
synthetic,llm_full_html,syn-0005,syn-0005-e10,llm_full_html-b736c932adde27,availability,True,True,True,1,0,0
synthetic,llm_full_html,syn-0005,syn-0005-e10,llm_full_html-b736c932adde27,delivery_time,True,3–5 дня,3–5 дня,1,0,0
synthetic,llm_full_html,syn-0005,syn-0005-e10,llm_full_html-b736c932adde27,old_price,False,,,0,0,0
synthetic,llm_full_html,syn-0005,syn-0005-e10,llm_full_html-b736c932adde27,image_url,False,,,0,0,0
synthetic,llm_full_html,syn-0005,syn-0005-e10,llm_full_html-b736c932adde27,reviews_count,False,,,0,0,0
synthetic,llm_full_html,syn-0005,syn-0005-e11,llm_full_html-c35606a69402ba,availability,True,True,True,1,0,0
synthetic,llm_full_html,syn-0005,syn-0005-e11,llm_full_html-c35606a69402ba,delivery_time,True,2–3 дня,2–3 дня,1,0,0
synthetic,llm_full_html,syn-0005,syn-0005-e11,llm_full_html-c35606a69402ba,old_price,False,,,0,0,0
synthetic,llm_full_html,syn-0005,syn-0005-e11,llm_full_html-c35606a69402ba,image_url,False,,,0,0,0
synthetic,llm_full_html,syn-0005,syn-0005-e11,llm_full_html-c35606a69402ba,reviews_count,False,,,0,0,0
synthetic,llm_full_html,syn-0005,syn-0005-e12,llm_full_html-b2302ec2b9e402,availability,True,True,True,1,0,0
synthetic,llm_full_html,syn-0005,syn-0005-e12,llm_full_html-b2302ec2b9e402,delivery_time,True,3–4 дня,3–4 дня,1,0,0
synthetic,llm_full_html,syn-0005,syn-0005-e12,llm_full_html-b2302ec2b9e402,old_price,False,,,0,0,0
synthetic,llm_full_html,syn-0005,syn-0005-e12,llm_full_html-b2302ec2b9e402,image_url,False,,,0,0,0
synthetic,llm_full_html,syn-0005,syn-0005-e12,llm_full_html-b2302ec2b9e402,reviews_count,False,,,0,0,0
synthetic,llm_full_html,syn-0005,syn-0005-e14,llm_full_html-6867284ba6f50b,availability,True,True,True,1,0,0
synthetic,llm_full_html,syn-0005,syn-0005-e14,llm_full_html-6867284ba6f50b,delivery_time,True,1–5 дня,1–5 дня,1,0,0
synthetic,llm_full_html,syn-0005,syn-0005-e14,llm_full_html-6867284ba6f50b,old_price,False,,,0,0,0
synthetic,llm_full_html,syn-0005,syn-0005-e14,llm_full_html-6867284ba6f50b,image_url,False,,,0,0,0
synthetic,llm_full_html,syn-0005,syn-0005-e14,llm_full_html-6867284ba6f50b,reviews_count,False,,,0,0,0
synthetic,llm_full_html,syn-0005,syn-0005-e13,llm_full_html-ef89f0e20f0108,availability,True,True,True,1,0,0
synthetic,llm_full_html,syn-0005,syn-0005-e13,llm_full_html-ef89f0e20f0108,delivery_time,True,1–6 дня,1–6 дня,1,0,0
synthetic,llm_full_html,syn-0005,syn-0005-e13,llm_full_html-ef89f0e20f0108,old_price,False,,,0,0,0
synthetic,llm_full_html,syn-0005,syn-0005-e13,llm_full_html-ef89f0e20f0108,image_url,False,,,0,0,0
synthetic,llm_full_html,syn-0005,syn-0005-e13,llm_full_html-ef89f0e20f0108,reviews_count,False,,,0,0,0
synthetic,llm_full_html,syn-0005,syn-0005-e07,llm_full_html-a659264e9f5738,availability,True,True,True,1,0,0
synthetic,llm_full_html,syn-0005,syn-0005-e07,llm_full_html-a659264e9f5738,delivery_time,True,1–6 дня,1–6 дня,1,0,0
synthetic,llm_full_html,syn-0005,syn-0005-e07,llm_full_html-a659264e9f5738,old_price,False,,,0,0,0
synthetic,llm_full_html,syn-0005,syn-0005-e07,llm_full_html-a659264e9f5738,image_url,False,,,0,0,0
synthetic,llm_full_html,syn-0005,syn-0005-e07,llm_full_html-a659264e9f5738,reviews_count,False,,,0,0,0
synthetic,llm_full_html,syn-0006,syn-0006-e06,llm_full_html-56807678282e0b,availability,True,True,True,1,0,0
synthetic,llm_full_html,syn-0006,syn-0006-e06,llm_full_html-56807678282e0b,delivery_time,True,2–3 дня,,0,0,1
synthetic,llm_full_html,syn-0006,syn-0006-e06,llm_full_html-56807678282e0b,old_price,False,,,0,0,0
synthetic,llm_full_html,syn-0006,syn-0006-e06,llm_full_html-56807678282e0b,image_url,False,,,0,0,0
synthetic,llm_full_html,syn-0006,syn-0006-e06,llm_full_html-56807678282e0b,reviews_count,False,,,0,0,0
synthetic,llm_full_html,syn-0006,syn-0006-e16,llm_full_html-05acca876f8dd6,availability,True,True,True,1,0,0
synthetic,llm_full_html,syn-0006,syn-0006-e16,llm_full_html-05acca876f8dd6,delivery_time,True,2–3 дня,,0,0,1
synthetic,llm_full_html,syn-0006,syn-0006-e16,llm_full_html-05acca876f8dd6,old_price,False,,,0,0,0
synthetic,llm_full_html,syn-0006,syn-0006-e16,llm_full_html-05acca876f8dd6,image_url,False,,,0,0,0
synthetic,llm_full_html,syn-0006,syn-0006-e16,llm_full_html-05acca876f8dd6,reviews_count,False,,,0,0,0
synthetic,llm_full_html,syn-0006,syn-0006-e15,llm_full_html-c719d46fa43bce,availability,True,True,True,1,0,0
synthetic,llm_full_html,syn-0006,syn-0006-e15,llm_full_html-c719d46fa43bce,delivery_time,True,1–5 дня,,0,0,1
synthetic,llm_full_html,syn-0006,syn-0006-e15,llm_full_html-c719d46fa43bce,old_price,False,,,0,0,0
synthetic,llm_full_html,syn-0006,syn-0006-e15,llm_full_html-c719d46fa43bce,image_url,False,,,0,0,0
synthetic,llm_full_html,syn-0006,syn-0006-e15,llm_full_html-c719d46fa43bce,reviews_count,False,,,0,0,0
synthetic,llm_full_html,syn-0006,syn-0006-e09,llm_full_html-99fdd31604e8d8,availability,True,False,False,1,0,0
synthetic,llm_full_html,syn-0006,syn-0006-e09,llm_full_html-99fdd31604e8d8,delivery_time,True,2–6 дня,,0,0,1
synthetic,llm_full_html,syn-0006,syn-0006-e09,llm_full_html-99fdd31604e8d8,old_price,False,,,0,0,0
synthetic,llm_full_html,syn-0006,syn-0006-e09,llm_full_html-99fdd31604e8d8,image_url,False,,,0,0,0
synthetic,llm_full_html,syn-0006,syn-0006-e09,llm_full_html-99fdd31604e8d8,reviews_count,False,,,0,0,0
synthetic,llm_full_html,syn-0006,syn-0006-e20,llm_full_html-f80935b4a61eee,availability,True,False,False,1,0,0
synthetic,llm_full_html,syn-0006,syn-0006-e20,llm_full_html-f80935b4a61eee,delivery_time,True,2–6 дня,,0,0,1
synthetic,llm_full_html,syn-0006,syn-0006-e20,llm_full_html-f80935b4a61eee,old_price,False,,,0,0,0
synthetic,llm_full_html,syn-0006,syn-0006-e20,llm_full_html-f80935b4a61eee,image_url,False,,,0,0,0
synthetic,llm_full_html,syn-0006,syn-0006-e20,llm_full_html-f80935b4a61eee,reviews_count,False,,,0,0,0
synthetic,llm_full_html,syn-0006,syn-0006-e14,llm_full_html-3484582ba6acdd,availability,True,True,True,1,0,0
synthetic,llm_full_html,syn-0006,syn-0006-e14,llm_full_html-3484582ba6acdd,delivery_time,True,2–3 дня,,0,0,1
synthetic,llm_full_html,syn-0006,syn-0006-e14,llm_full_html-3484582ba6acdd,old_price,False,,,0,0,0
synthetic,llm_full_html,syn-0006,syn-0006-e14,llm_full_html-3484582ba6acdd,image_url,False,,,0,0,0
synthetic,llm_full_html,syn-0006,syn-0006-e14,llm_full_html-3484582ba6acdd,reviews_count,False,,,0,0,0
synthetic,llm_full_html,syn-0006,syn-0006-e01,llm_full_html-46d0419e70c3e0,availability,True,True,True,1,0,0
synthetic,llm_full_html,syn-0006,syn-0006-e01,llm_full_html-46d0419e70c3e0,delivery_time,True,3–4 дня,,0,0,1
synthetic,llm_full_html,syn-0006,syn-0006-e01,llm_full_html-46d0419e70c3e0,old_price,False,,,0,0,0
synthetic,llm_full_html,syn-0006,syn-0006-e01,llm_full_html-46d0419e70c3e0,image_url,False,,,0,0,0
synthetic,llm_full_html,syn-0006,syn-0006-e01,llm_full_html-46d0419e70c3e0,reviews_count,False,,,0,0,0
synthetic,llm_full_html,syn-0006,syn-0006-e21,llm_full_html-13566ee67f01f2,availability,True,False,False,1,0,0
synthetic,llm_full_html,syn-0006,syn-0006-e21,llm_full_html-13566ee67f01f2,delivery_time,True,1–3 дня,,0,0,1
synthetic,llm_full_html,syn-0006,syn-0006-e21,llm_full_html-13566ee67f01f2,old_price,False,,,0,0,0
synthetic,llm_full_html,syn-0006,syn-0006-e21,llm_full_html-13566ee67f01f2,image_url,False,,,0,0,0
synthetic,llm_full_html,syn-0006,syn-0006-e21,llm_full_html-13566ee67f01f2,reviews_count,False,,,0,0,0
synthetic,llm_full_html,syn-0006,syn-0006-e02,llm_full_html-a94868799d0191,availability,True,True,True,1,0,0
synthetic,llm_full_html,syn-0006,syn-0006-e02,llm_full_html-a94868799d0191,delivery_time,True,1–5 дня,,0,0,1
synthetic,llm_full_html,syn-0006,syn-0006-e02,llm_full_html-a94868799d0191,old_price,False,,,0,0,0
synthetic,llm_full_html,syn-0006,syn-0006-e02,llm_full_html-a94868799d0191,image_url,False,,,0,0,0
synthetic,llm_full_html,syn-0006,syn-0006-e02,llm_full_html-a94868799d0191,reviews_count,False,,,0,0,0
synthetic,llm_full_html,syn-0006,syn-0006-e18,llm_full_html-3265020a030fa4,availability,True,True,True,1,0,0
synthetic,llm_full_html,syn-0006,syn-0006-e18,llm_full_html-3265020a030fa4,delivery_time,True,2–4 дня,,0,0,1
synthetic,llm_full_html,syn-0006,syn-0006-e18,llm_full_html-3265020a030fa4,old_price,False,,,0,0,0
synthetic,llm_full_html,syn-0006,syn-0006-e18,llm_full_html-3265020a030fa4,image_url,False,,,0,0,0
synthetic,llm_full_html,syn-0006,syn-0006-e18,llm_full_html-3265020a030fa4,reviews_count,False,,,0,0,0
synthetic,llm_full_html,syn-0006,syn-0006-e10,llm_full_html-6fb9be31a8435b,availability,True,True,True,1,0,0
synthetic,llm_full_html,syn-0006,syn-0006-e10,llm_full_html-6fb9be31a8435b,delivery_time,True,3–4 дня,,0,0,1
synthetic,llm_full_html,syn-0006,syn-0006-e10,llm_full_html-6fb9be31a8435b,old_price,False,,,0,0,0
synthetic,llm_full_html,syn-0006,syn-0006-e10,llm_full_html-6fb9be31a8435b,image_url,False,,,0,0,0
synthetic,llm_full_html,syn-0006,syn-0006-e10,llm_full_html-6fb9be31a8435b,reviews_count,False,,,0,0,0
synthetic,llm_full_html,syn-0006,syn-0006-e22,llm_full_html-1e66c35db6155a,availability,True,True,True,1,0,0
synthetic,llm_full_html,syn-0006,syn-0006-e22,llm_full_html-1e66c35db6155a,delivery_time,True,3–4 дня,,0,0,1
synthetic,llm_full_html,syn-0006,syn-0006-e22,llm_full_html-1e66c35db6155a,old_price,False,,,0,0,0
synthetic,llm_full_html,syn-0006,syn-0006-e22,llm_full_html-1e66c35db6155a,image_url,False,,,0,0,0
synthetic,llm_full_html,syn-0006,syn-0006-e22,llm_full_html-1e66c35db6155a,reviews_count,False,,,0,0,0
synthetic,llm_full_html,syn-0006,syn-0006-e11,llm_full_html-562091f5fdfa2c,availability,True,True,True,1,0,0
synthetic,llm_full_html,syn-0006,syn-0006-e11,llm_full_html-562091f5fdfa2c,delivery_time,True,3–4 дня,,0,0,1
synthetic,llm_full_html,syn-0006,syn-0006-e11,llm_full_html-562091f5fdfa2c,old_price,False,,,0,0,0
synthetic,llm_full_html,syn-0006,syn-0006-e11,llm_full_html-562091f5fdfa2c,image_url,False,,,0,0,0
synthetic,llm_full_html,syn-0006,syn-0006-e11,llm_full_html-562091f5fdfa2c,reviews_count,False,,,0,0,0
synthetic,llm_full_html,syn-0006,syn-0006-e23,llm_full_html-40c949b47ae86f,availability,True,True,True,1,0,0
synthetic,llm_full_html,syn-0006,syn-0006-e23,llm_full_html-40c949b47ae86f,delivery_time,True,3–4 дня,,0,0,1
synthetic,llm_full_html,syn-0006,syn-0006-e23,llm_full_html-40c949b47ae86f,old_price,False,,,0,0,0
synthetic,llm_full_html,syn-0006,syn-0006-e23,llm_full_html-40c949b47ae86f,image_url,False,,,0,0,0
synthetic,llm_full_html,syn-0006,syn-0006-e23,llm_full_html-40c949b47ae86f,reviews_count,False,,,0,0,0
synthetic,llm_full_html,syn-0006,syn-0006-e07,llm_full_html-253e77180a854b,availability,True,True,True,1,0,0
synthetic,llm_full_html,syn-0006,syn-0006-e07,llm_full_html-253e77180a854b,delivery_time,True,1–5 дня,,0,0,1
synthetic,llm_full_html,syn-0006,syn-0006-e07,llm_full_html-253e77180a854b,old_price,False,,,0,0,0
synthetic,llm_full_html,syn-0006,syn-0006-e07,llm_full_html-253e77180a854b,image_url,False,,,0,0,0
synthetic,llm_full_html,syn-0006,syn-0006-e07,llm_full_html-253e77180a854b,reviews_count,False,,,0,0,0
synthetic,llm_full_html,syn-0006,syn-0006-e17,llm_full_html-6f601ab22f1058,availability,True,True,True,1,0,0
synthetic,llm_full_html,syn-0006,syn-0006-e17,llm_full_html-6f601ab22f1058,delivery_time,True,1–5 дня,,0,0,1
synthetic,llm_full_html,syn-0006,syn-0006-e17,llm_full_html-6f601ab22f1058,old_price,False,,,0,0,0
synthetic,llm_full_html,syn-0006,syn-0006-e17,llm_full_html-6f601ab22f1058,image_url,False,,,0,0,0
synthetic,llm_full_html,syn-0006,syn-0006-e17,llm_full_html-6f601ab22f1058,reviews_count,False,,,0,0,0
synthetic,llm_full_html,syn-0006,syn-0006-e03,llm_full_html-611f4ea5c9a1bc,availability,True,False,False,1,0,0
synthetic,llm_full_html,syn-0006,syn-0006-e03,llm_full_html-611f4ea5c9a1bc,delivery_time,True,2–6 дня,,0,0,1
synthetic,llm_full_html,syn-0006,syn-0006-e03,llm_full_html-611f4ea5c9a1bc,old_price,False,,,0,0,0
synthetic,llm_full_html,syn-0006,syn-0006-e03,llm_full_html-611f4ea5c9a1bc,image_url,False,,,0,0,0
synthetic,llm_full_html,syn-0006,syn-0006-e03,llm_full_html-611f4ea5c9a1bc,reviews_count,False,,,0,0,0
synthetic,llm_full_html,syn-0006,syn-0006-e24,llm_full_html-8b9b320e3faa95,availability,True,True,True,1,0,0
synthetic,llm_full_html,syn-0006,syn-0006-e24,llm_full_html-8b9b320e3faa95,delivery_time,True,3–5 дня,,0,0,1
synthetic,llm_full_html,syn-0006,syn-0006-e24,llm_full_html-8b9b320e3faa95,old_price,False,,,0,0,0
synthetic,llm_full_html,syn-0006,syn-0006-e24,llm_full_html-8b9b320e3faa95,image_url,False,,,0,0,0
synthetic,llm_full_html,syn-0006,syn-0006-e24,llm_full_html-8b9b320e3faa95,reviews_count,False,,,0,0,0
synthetic,llm_full_html,syn-0006,syn-0006-e05,llm_full_html-6572c3193bd6fd,availability,True,True,True,1,0,0
synthetic,llm_full_html,syn-0006,syn-0006-e05,llm_full_html-6572c3193bd6fd,delivery_time,True,1–4 дня,,0,0,1
synthetic,llm_full_html,syn-0006,syn-0006-e05,llm_full_html-6572c3193bd6fd,old_price,False,,,0,0,0
synthetic,llm_full_html,syn-0006,syn-0006-e05,llm_full_html-6572c3193bd6fd,image_url,False,,,0,0,0
synthetic,llm_full_html,syn-0006,syn-0006-e05,llm_full_html-6572c3193bd6fd,reviews_count,False,,,0,0,0
synthetic,llm_full_html,syn-0006,syn-0006-e25,llm_full_html-c270af4223d8b4,availability,True,True,True,1,0,0
synthetic,llm_full_html,syn-0006,syn-0006-e25,llm_full_html-c270af4223d8b4,delivery_time,True,2–3 дня,,0,0,1
synthetic,llm_full_html,syn-0006,syn-0006-e25,llm_full_html-c270af4223d8b4,old_price,False,,,0,0,0
synthetic,llm_full_html,syn-0006,syn-0006-e25,llm_full_html-c270af4223d8b4,image_url,False,,,0,0,0
synthetic,llm_full_html,syn-0006,syn-0006-e25,llm_full_html-c270af4223d8b4,reviews_count,False,,,0,0,0
synthetic,llm_full_html,syn-0006,syn-0006-e12,llm_full_html-ffadefe7da9814,availability,True,True,True,1,0,0
synthetic,llm_full_html,syn-0006,syn-0006-e12,llm_full_html-ffadefe7da9814,delivery_time,True,3–4 дня,,0,0,1
synthetic,llm_full_html,syn-0006,syn-0006-e12,llm_full_html-ffadefe7da9814,old_price,False,,,0,0,0
synthetic,llm_full_html,syn-0006,syn-0006-e12,llm_full_html-ffadefe7da9814,image_url,False,,,0,0,0
synthetic,llm_full_html,syn-0006,syn-0006-e12,llm_full_html-ffadefe7da9814,reviews_count,False,,,0,0,0
synthetic,llm_full_html,syn-0006,syn-0006-e26,llm_full_html-bde52b69f01f8d,availability,True,True,True,1,0,0
synthetic,llm_full_html,syn-0006,syn-0006-e26,llm_full_html-bde52b69f01f8d,delivery_time,True,3–4 дня,,0,0,1
synthetic,llm_full_html,syn-0006,syn-0006-e26,llm_full_html-bde52b69f01f8d,old_price,False,,,0,0,0
synthetic,llm_full_html,syn-0006,syn-0006-e26,llm_full_html-bde52b69f01f8d,image_url,False,,,0,0,0
synthetic,llm_full_html,syn-0006,syn-0006-e26,llm_full_html-bde52b69f01f8d,reviews_count,False,,,0,0,0
synthetic,llm_full_html,syn-0006,syn-0006-e13,llm_full_html-24b72d162aa61e,availability,True,True,True,1,0,0
synthetic,llm_full_html,syn-0006,syn-0006-e13,llm_full_html-24b72d162aa61e,delivery_time,True,1–5 дня,,0,0,1
synthetic,llm_full_html,syn-0006,syn-0006-e13,llm_full_html-24b72d162aa61e,old_price,False,,,0,0,0
synthetic,llm_full_html,syn-0006,syn-0006-e13,llm_full_html-24b72d162aa61e,image_url,False,,,0,0,0
synthetic,llm_full_html,syn-0006,syn-0006-e13,llm_full_html-24b72d162aa61e,reviews_count,False,,,0,0,0
synthetic,llm_full_html,syn-0006,syn-0006-e28,llm_full_html-c8b3eb84241d2e,availability,True,True,True,1,0,0
synthetic,llm_full_html,syn-0006,syn-0006-e28,llm_full_html-c8b3eb84241d2e,delivery_time,True,1–5 дня,,0,0,1
synthetic,llm_full_html,syn-0006,syn-0006-e28,llm_full_html-c8b3eb84241d2e,old_price,False,,,0,0,0
synthetic,llm_full_html,syn-0006,syn-0006-e28,llm_full_html-c8b3eb84241d2e,image_url,False,,,0,0,0
synthetic,llm_full_html,syn-0006,syn-0006-e28,llm_full_html-c8b3eb84241d2e,reviews_count,False,,,0,0,0
synthetic,llm_full_html,syn-0006,syn-0006-e04,llm_full_html-9f9f323d29a495,availability,True,True,True,1,0,0
synthetic,llm_full_html,syn-0006,syn-0006-e04,llm_full_html-9f9f323d29a495,delivery_time,True,3–3 дня,,0,0,1
synthetic,llm_full_html,syn-0006,syn-0006-e04,llm_full_html-9f9f323d29a495,old_price,False,,,0,0,0
synthetic,llm_full_html,syn-0006,syn-0006-e04,llm_full_html-9f9f323d29a495,image_url,False,,,0,0,0
synthetic,llm_full_html,syn-0006,syn-0006-e04,llm_full_html-9f9f323d29a495,reviews_count,False,,,0,0,0
synthetic,llm_full_html,syn-0006,syn-0006-e27,llm_full_html-05154b1d8ff069,availability,True,True,True,1,0,0
synthetic,llm_full_html,syn-0006,syn-0006-e27,llm_full_html-05154b1d8ff069,delivery_time,True,1–6 дня,,0,0,1
synthetic,llm_full_html,syn-0006,syn-0006-e27,llm_full_html-05154b1d8ff069,old_price,False,,,0,0,0
synthetic,llm_full_html,syn-0006,syn-0006-e27,llm_full_html-05154b1d8ff069,image_url,False,,,0,0,0
synthetic,llm_full_html,syn-0006,syn-0006-e27,llm_full_html-05154b1d8ff069,reviews_count,False,,,0,0,0
synthetic,llm_full_html,syn-0006,syn-0006-e08,llm_full_html-fc943ffbbf56ca,availability,True,True,True,1,0,0
synthetic,llm_full_html,syn-0006,syn-0006-e08,llm_full_html-fc943ffbbf56ca,delivery_time,True,1–6 дня,,0,0,1
synthetic,llm_full_html,syn-0006,syn-0006-e08,llm_full_html-fc943ffbbf56ca,old_price,False,,,0,0,0
synthetic,llm_full_html,syn-0006,syn-0006-e08,llm_full_html-fc943ffbbf56ca,image_url,False,,,0,0,0
synthetic,llm_full_html,syn-0006,syn-0006-e08,llm_full_html-fc943ffbbf56ca,reviews_count,False,,,0,0,0
synthetic,llm_full_html,syn-0006,syn-0006-e19,llm_full_html-cb14fd40e2dc06,availability,True,True,True,1,0,0
synthetic,llm_full_html,syn-0006,syn-0006-e19,llm_full_html-cb14fd40e2dc06,delivery_time,True,1–6 дня,,0,0,1
synthetic,llm_full_html,syn-0006,syn-0006-e19,llm_full_html-cb14fd40e2dc06,old_price,False,,,0,0,0
synthetic,llm_full_html,syn-0006,syn-0006-e19,llm_full_html-cb14fd40e2dc06,image_url,False,,,0,0,0
synthetic,llm_full_html,syn-0006,syn-0006-e19,llm_full_html-cb14fd40e2dc06,reviews_count,False,,,0,0,0
synthetic,llm_full_html,syn-0007,syn-0007-e04,llm_full_html-71e1b24a5d1b8b,availability,True,True,True,1,0,0
synthetic,llm_full_html,syn-0007,syn-0007-e04,llm_full_html-71e1b24a5d1b8b,delivery_time,True,1–4 дня,1–4 дня,1,0,0
synthetic,llm_full_html,syn-0007,syn-0007-e04,llm_full_html-71e1b24a5d1b8b,old_price,False,,,0,0,0
synthetic,llm_full_html,syn-0007,syn-0007-e04,llm_full_html-71e1b24a5d1b8b,image_url,False,,,0,0,0
synthetic,llm_full_html,syn-0007,syn-0007-e04,llm_full_html-71e1b24a5d1b8b,reviews_count,False,,,0,0,0
synthetic,llm_full_html,syn-0007,syn-0007-e16,llm_full_html-1f327dcc4ff003,availability,True,True,True,1,0,0
synthetic,llm_full_html,syn-0007,syn-0007-e16,llm_full_html-1f327dcc4ff003,delivery_time,True,2–3 дня,2–3 дня,1,0,0
synthetic,llm_full_html,syn-0007,syn-0007-e16,llm_full_html-1f327dcc4ff003,old_price,False,,,0,0,0
synthetic,llm_full_html,syn-0007,syn-0007-e16,llm_full_html-1f327dcc4ff003,image_url,False,,,0,0,0
synthetic,llm_full_html,syn-0007,syn-0007-e16,llm_full_html-1f327dcc4ff003,reviews_count,False,,,0,0,0
synthetic,llm_full_html,syn-0007,syn-0007-e15,llm_full_html-40569451737cbf,availability,True,True,True,1,0,0
synthetic,llm_full_html,syn-0007,syn-0007-e15,llm_full_html-40569451737cbf,delivery_time,True,1–5 дня,1–5 дня,1,0,0
synthetic,llm_full_html,syn-0007,syn-0007-e15,llm_full_html-40569451737cbf,old_price,False,,,0,0,0
synthetic,llm_full_html,syn-0007,syn-0007-e15,llm_full_html-40569451737cbf,image_url,False,,,0,0,0
synthetic,llm_full_html,syn-0007,syn-0007-e15,llm_full_html-40569451737cbf,reviews_count,False,,,0,0,0
synthetic,llm_full_html,syn-0007,syn-0007-e08,llm_full_html-31e04b1fcf12d8,availability,True,False,False,1,0,0
synthetic,llm_full_html,syn-0007,syn-0007-e08,llm_full_html-31e04b1fcf12d8,delivery_time,True,2–6 дня,2–6 дня,1,0,0
synthetic,llm_full_html,syn-0007,syn-0007-e08,llm_full_html-31e04b1fcf12d8,old_price,False,,,0,0,0
synthetic,llm_full_html,syn-0007,syn-0007-e08,llm_full_html-31e04b1fcf12d8,image_url,False,,,0,0,0
synthetic,llm_full_html,syn-0007,syn-0007-e08,llm_full_html-31e04b1fcf12d8,reviews_count,False,,,0,0,0
synthetic,llm_full_html,syn-0007,syn-0007-e14,llm_full_html-f02a74d89a10bd,availability,True,True,True,1,0,0
synthetic,llm_full_html,syn-0007,syn-0007-e14,llm_full_html-f02a74d89a10bd,delivery_time,True,2–3 дня,2–3 дня,1,0,0
synthetic,llm_full_html,syn-0007,syn-0007-e14,llm_full_html-f02a74d89a10bd,old_price,False,,,0,0,0
synthetic,llm_full_html,syn-0007,syn-0007-e14,llm_full_html-f02a74d89a10bd,image_url,False,,,0,0,0
synthetic,llm_full_html,syn-0007,syn-0007-e14,llm_full_html-f02a74d89a10bd,reviews_count,False,,,0,0,0
synthetic,llm_full_html,syn-0007,syn-0007-e09,llm_full_html-9d8c2568ab8400,availability,True,False,False,1,0,0
synthetic,llm_full_html,syn-0007,syn-0007-e09,llm_full_html-9d8c2568ab8400,delivery_time,True,1–3 дня,1–3 дня,1,0,0
synthetic,llm_full_html,syn-0007,syn-0007-e09,llm_full_html-9d8c2568ab8400,old_price,False,,,0,0,0
synthetic,llm_full_html,syn-0007,syn-0007-e09,llm_full_html-9d8c2568ab8400,image_url,False,,,0,0,0
synthetic,llm_full_html,syn-0007,syn-0007-e09,llm_full_html-9d8c2568ab8400,reviews_count,False,,,0,0,0
synthetic,llm_full_html,syn-0007,syn-0007-e07,llm_full_html-5c402c518f3c20,availability,True,True,True,1,0,0
synthetic,llm_full_html,syn-0007,syn-0007-e07,llm_full_html-5c402c518f3c20,delivery_time,True,2–4 дня,2–4 дня,1,0,0
synthetic,llm_full_html,syn-0007,syn-0007-e07,llm_full_html-5c402c518f3c20,old_price,False,,,0,0,0
synthetic,llm_full_html,syn-0007,syn-0007-e07,llm_full_html-5c402c518f3c20,image_url,False,,,0,0,0
synthetic,llm_full_html,syn-0007,syn-0007-e07,llm_full_html-5c402c518f3c20,reviews_count,False,,,0,0,0
synthetic,llm_full_html,syn-0007,syn-0007-e18,llm_full_html-f460f78667ce0f,availability,True,True,True,1,0,0
synthetic,llm_full_html,syn-0007,syn-0007-e18,llm_full_html-f460f78667ce0f,delivery_time,True,2–4 дня,2–4 дня,1,0,0
synthetic,llm_full_html,syn-0007,syn-0007-e18,llm_full_html-f460f78667ce0f,old_price,False,,,0,0,0
synthetic,llm_full_html,syn-0007,syn-0007-e18,llm_full_html-f460f78667ce0f,image_url,False,,,0,0,0
synthetic,llm_full_html,syn-0007,syn-0007-e18,llm_full_html-f460f78667ce0f,reviews_count,False,,,0,0,0
synthetic,llm_full_html,syn-0007,syn-0007-e10,llm_full_html-ef3dcaae845ee9,availability,True,True,True,1,0,0
synthetic,llm_full_html,syn-0007,syn-0007-e10,llm_full_html-ef3dcaae845ee9,delivery_time,True,3–4 дня,3–4 дня,1,0,0
synthetic,llm_full_html,syn-0007,syn-0007-e10,llm_full_html-ef3dcaae845ee9,old_price,False,,,0,0,0
synthetic,llm_full_html,syn-0007,syn-0007-e10,llm_full_html-ef3dcaae845ee9,image_url,False,,,0,0,0
synthetic,llm_full_html,syn-0007,syn-0007-e10,llm_full_html-ef3dcaae845ee9,reviews_count,False,,,0,0,0
synthetic,llm_full_html,syn-0007,syn-0007-e11,llm_full_html-950ca201bf059f,availability,True,True,True,1,0,0
synthetic,llm_full_html,syn-0007,syn-0007-e11,llm_full_html-950ca201bf059f,delivery_time,True,3–4 дня,3–4 дня,1,0,0
synthetic,llm_full_html,syn-0007,syn-0007-e11,llm_full_html-950ca201bf059f,old_price,False,,,0,0,0
synthetic,llm_full_html,syn-0007,syn-0007-e11,llm_full_html-950ca201bf059f,image_url,False,,,0,0,0
synthetic,llm_full_html,syn-0007,syn-0007-e11,llm_full_html-950ca201bf059f,reviews_count,False,,,0,0,0
synthetic,llm_full_html,syn-0007,syn-0007-e06,llm_full_html-746b75ddc6774e,availability,True,True,True,1,0,0
synthetic,llm_full_html,syn-0007,syn-0007-e06,llm_full_html-746b75ddc6774e,delivery_time,True,1–5 дня,1–5 дня,1,0,0
synthetic,llm_full_html,syn-0007,syn-0007-e06,llm_full_html-746b75ddc6774e,old_price,False,,,0,0,0
synthetic,llm_full_html,syn-0007,syn-0007-e06,llm_full_html-746b75ddc6774e,image_url,False,,,0,0,0
synthetic,llm_full_html,syn-0007,syn-0007-e06,llm_full_html-746b75ddc6774e,reviews_count,False,,,0,0,0
synthetic,llm_full_html,syn-0007,syn-0007-e17,llm_full_html-2dfbb6d20dc250,availability,True,True,True,1,0,0
synthetic,llm_full_html,syn-0007,syn-0007-e17,llm_full_html-2dfbb6d20dc250,delivery_time,True,1–5 дня,1–5 дня,1,0,0
synthetic,llm_full_html,syn-0007,syn-0007-e17,llm_full_html-2dfbb6d20dc250,old_price,False,,,0,0,0
synthetic,llm_full_html,syn-0007,syn-0007-e17,llm_full_html-2dfbb6d20dc250,image_url,False,,,0,0,0
synthetic,llm_full_html,syn-0007,syn-0007-e17,llm_full_html-2dfbb6d20dc250,reviews_count,False,,,0,0,0
synthetic,llm_full_html,syn-0007,syn-0007-e12,llm_full_html-08e781250c0262,availability,True,True,True,1,0,0
synthetic,llm_full_html,syn-0007,syn-0007-e12,llm_full_html-08e781250c0262,delivery_time,True,3–5 дня,3–5 дня,1,0,0
synthetic,llm_full_html,syn-0007,syn-0007-e12,llm_full_html-08e781250c0262,old_price,False,,,0,0,0
synthetic,llm_full_html,syn-0007,syn-0007-e12,llm_full_html-08e781250c0262,image_url,False,,,0,0,0
synthetic,llm_full_html,syn-0007,syn-0007-e12,llm_full_html-08e781250c0262,reviews_count,False,,,0,0,0
synthetic,llm_full_html,syn-0007,syn-0007-e02,llm_full_html-d34b29781a3881,availability,True,False,False,1,0,0
synthetic,llm_full_html,syn-0007,syn-0007-e02,llm_full_html-d34b29781a3881,delivery_time,True,2–6 дня,2–6 дня,1,0,0
synthetic,llm_full_html,syn-0007,syn-0007-e02,llm_full_html-d34b29781a3881,old_price,False,,,0,0,0
synthetic,llm_full_html,syn-0007,syn-0007-e02,llm_full_html-d34b29781a3881,image_url,False,,,0,0,0
synthetic,llm_full_html,syn-0007,syn-0007-e02,llm_full_html-d34b29781a3881,reviews_count,False,,,0,0,0
synthetic,llm_full_html,syn-0007,syn-0007-e05,llm_full_html-f05aff46d30f96,availability,True,True,True,1,0,0
synthetic,llm_full_html,syn-0007,syn-0007-e05,llm_full_html-f05aff46d30f96,delivery_time,True,2–5 дня,2–5 дня,1,0,0
synthetic,llm_full_html,syn-0007,syn-0007-e05,llm_full_html-f05aff46d30f96,old_price,False,,,0,0,0
synthetic,llm_full_html,syn-0007,syn-0007-e05,llm_full_html-f05aff46d30f96,image_url,False,,,0,0,0
synthetic,llm_full_html,syn-0007,syn-0007-e05,llm_full_html-f05aff46d30f96,reviews_count,False,,,0,0,0
synthetic,llm_full_html,syn-0007,syn-0007-e13,llm_full_html-3e2843ac4b4451,availability,True,True,True,1,0,0
synthetic,llm_full_html,syn-0007,syn-0007-e13,llm_full_html-3e2843ac4b4451,delivery_time,True,1–5 дня,1–5 дня,1,0,0
synthetic,llm_full_html,syn-0007,syn-0007-e13,llm_full_html-3e2843ac4b4451,old_price,False,,,0,0,0
synthetic,llm_full_html,syn-0007,syn-0007-e13,llm_full_html-3e2843ac4b4451,image_url,False,,,0,0,0
synthetic,llm_full_html,syn-0007,syn-0007-e13,llm_full_html-3e2843ac4b4451,reviews_count,False,,,0,0,0
synthetic,llm_full_html,syn-0007,syn-0007-e01,llm_full_html-343e261b703f62,availability,True,True,True,1,0,0
synthetic,llm_full_html,syn-0007,syn-0007-e01,llm_full_html-343e261b703f62,delivery_time,True,1–5 дня,1–5 дня,1,0,0
synthetic,llm_full_html,syn-0007,syn-0007-e01,llm_full_html-343e261b703f62,old_price,False,,,0,0,0
synthetic,llm_full_html,syn-0007,syn-0007-e01,llm_full_html-343e261b703f62,image_url,False,,,0,0,0
synthetic,llm_full_html,syn-0007,syn-0007-e01,llm_full_html-343e261b703f62,reviews_count,False,,,0,0,0
synthetic,llm_full_html,syn-0007,syn-0007-e03,llm_full_html-9c4fa3a14ae767,availability,True,True,True,1,0,0
synthetic,llm_full_html,syn-0007,syn-0007-e03,llm_full_html-9c4fa3a14ae767,delivery_time,True,3–3 дня,3–3 дня,1,0,0
synthetic,llm_full_html,syn-0007,syn-0007-e03,llm_full_html-9c4fa3a14ae767,old_price,False,,,0,0,0
synthetic,llm_full_html,syn-0007,syn-0007-e03,llm_full_html-9c4fa3a14ae767,image_url,False,,,0,0,0
synthetic,llm_full_html,syn-0007,syn-0007-e03,llm_full_html-9c4fa3a14ae767,reviews_count,False,,,0,0,0
synthetic,llm_full_html,syn-0008,syn-0008-e01,llm_full_html-cc7a6184450d6b,availability,True,False,False,1,0,0
synthetic,llm_full_html,syn-0008,syn-0008-e01,llm_full_html-cc7a6184450d6b,delivery_time,True,2–6 дня,2–6 дня,1,0,0
synthetic,llm_full_html,syn-0008,syn-0008-e01,llm_full_html-cc7a6184450d6b,old_price,False,,,0,0,0
synthetic,llm_full_html,syn-0008,syn-0008-e01,llm_full_html-cc7a6184450d6b,image_url,False,,,0,0,0
synthetic,llm_full_html,syn-0008,syn-0008-e01,llm_full_html-cc7a6184450d6b,reviews_count,False,,,0,0,0
synthetic,llm_full_html,syn-0008,syn-0008-e16,llm_full_html-5d37ccf24902c2,availability,True,True,True,1,0,0
synthetic,llm_full_html,syn-0008,syn-0008-e16,llm_full_html-5d37ccf24902c2,delivery_time,True,2–3 дня,2–3 дня,1,0,0
synthetic,llm_full_html,syn-0008,syn-0008-e16,llm_full_html-5d37ccf24902c2,old_price,False,,,0,0,0
synthetic,llm_full_html,syn-0008,syn-0008-e16,llm_full_html-5d37ccf24902c2,image_url,False,,,0,0,0
synthetic,llm_full_html,syn-0008,syn-0008-e16,llm_full_html-5d37ccf24902c2,reviews_count,False,,,0,0,0
synthetic,llm_full_html,syn-0008,syn-0008-e15,llm_full_html-10fbb49fe2724c,availability,True,True,True,1,0,0
synthetic,llm_full_html,syn-0008,syn-0008-e15,llm_full_html-10fbb49fe2724c,delivery_time,True,1–5 дня,1–5 дня,1,0,0
synthetic,llm_full_html,syn-0008,syn-0008-e15,llm_full_html-10fbb49fe2724c,old_price,False,,,0,0,0
synthetic,llm_full_html,syn-0008,syn-0008-e15,llm_full_html-10fbb49fe2724c,image_url,False,,,0,0,0
synthetic,llm_full_html,syn-0008,syn-0008-e15,llm_full_html-10fbb49fe2724c,reviews_count,False,,,0,0,0
synthetic,llm_full_html,syn-0008,syn-0008-e09,llm_full_html-5645b764ee464d,availability,True,False,False,1,0,0
synthetic,llm_full_html,syn-0008,syn-0008-e09,llm_full_html-5645b764ee464d,delivery_time,True,2–6 дня,2–6 дня,1,0,0
synthetic,llm_full_html,syn-0008,syn-0008-e09,llm_full_html-5645b764ee464d,old_price,False,,,0,0,0
synthetic,llm_full_html,syn-0008,syn-0008-e09,llm_full_html-5645b764ee464d,image_url,False,,,0,0,0
synthetic,llm_full_html,syn-0008,syn-0008-e09,llm_full_html-5645b764ee464d,reviews_count,False,,,0,0,0
synthetic,llm_full_html,syn-0008,syn-0008-e20,llm_full_html-4c2c5ca4780cbd,availability,True,False,False,1,0,0
synthetic,llm_full_html,syn-0008,syn-0008-e20,llm_full_html-4c2c5ca4780cbd,delivery_time,True,2–6 дня,2–6 дня,1,0,0
synthetic,llm_full_html,syn-0008,syn-0008-e20,llm_full_html-4c2c5ca4780cbd,old_price,False,,,0,0,0
synthetic,llm_full_html,syn-0008,syn-0008-e20,llm_full_html-4c2c5ca4780cbd,image_url,False,,,0,0,0
synthetic,llm_full_html,syn-0008,syn-0008-e20,llm_full_html-4c2c5ca4780cbd,reviews_count,False,,,0,0,0
synthetic,llm_full_html,syn-0008,syn-0008-e03,llm_full_html-49ceb070dfdd27,availability,True,True,True,1,0,0
synthetic,llm_full_html,syn-0008,syn-0008-e03,llm_full_html-49ceb070dfdd27,delivery_time,True,1–4 дня,1–4 дня,1,0,0
synthetic,llm_full_html,syn-0008,syn-0008-e03,llm_full_html-49ceb070dfdd27,old_price,False,,,0,0,0
synthetic,llm_full_html,syn-0008,syn-0008-e03,llm_full_html-49ceb070dfdd27,image_url,False,,,0,0,0
synthetic,llm_full_html,syn-0008,syn-0008-e03,llm_full_html-49ceb070dfdd27,reviews_count,False,,,0,0,0
synthetic,llm_full_html,syn-0008,syn-0008-e10,llm_full_html-ded0f1f27aa44a,availability,True,False,False,1,0,0
synthetic,llm_full_html,syn-0008,syn-0008-e10,llm_full_html-ded0f1f27aa44a,delivery_time,True,1–3 дня,1–3 дня,1,0,0
synthetic,llm_full_html,syn-0008,syn-0008-e10,llm_full_html-ded0f1f27aa44a,old_price,False,,,0,0,0
synthetic,llm_full_html,syn-0008,syn-0008-e10,llm_full_html-ded0f1f27aa44a,image_url,False,,,0,0,0
synthetic,llm_full_html,syn-0008,syn-0008-e10,llm_full_html-ded0f1f27aa44a,reviews_count,False,,,0,0,0
synthetic,llm_full_html,syn-0008,syn-0008-e21,llm_full_html-9975a948120c7c,availability,True,False,False,1,0,0
synthetic,llm_full_html,syn-0008,syn-0008-e21,llm_full_html-9975a948120c7c,delivery_time,True,1–3 дня,1–3 дня,1,0,0
synthetic,llm_full_html,syn-0008,syn-0008-e21,llm_full_html-9975a948120c7c,old_price,False,,,0,0,0
synthetic,llm_full_html,syn-0008,syn-0008-e21,llm_full_html-9975a948120c7c,image_url,False,,,0,0,0
synthetic,llm_full_html,syn-0008,syn-0008-e21,llm_full_html-9975a948120c7c,reviews_count,False,,,0,0,0
synthetic,llm_full_html,syn-0008,syn-0008-e07,llm_full_html-417795710aca16,availability,True,True,True,1,0,0
synthetic,llm_full_html,syn-0008,syn-0008-e07,llm_full_html-417795710aca16,delivery_time,True,2–4 дня,2–4 дня,1,0,0
synthetic,llm_full_html,syn-0008,syn-0008-e07,llm_full_html-417795710aca16,old_price,False,,,0,0,0
synthetic,llm_full_html,syn-0008,syn-0008-e07,llm_full_html-417795710aca16,image_url,False,,,0,0,0
synthetic,llm_full_html,syn-0008,syn-0008-e07,llm_full_html-417795710aca16,reviews_count,False,,,0,0,0
synthetic,llm_full_html,syn-0008,syn-0008-e18,llm_full_html-0a2c506c4bfb3b,availability,True,True,True,1,0,0
synthetic,llm_full_html,syn-0008,syn-0008-e18,llm_full_html-0a2c506c4bfb3b,delivery_time,True,2–4 дня,2–4 дня,1,0,0
synthetic,llm_full_html,syn-0008,syn-0008-e18,llm_full_html-0a2c506c4bfb3b,old_price,False,,,0,0,0
synthetic,llm_full_html,syn-0008,syn-0008-e18,llm_full_html-0a2c506c4bfb3b,image_url,False,,,0,0,0
synthetic,llm_full_html,syn-0008,syn-0008-e18,llm_full_html-0a2c506c4bfb3b,reviews_count,False,,,0,0,0
synthetic,llm_full_html,syn-0008,syn-0008-e11,llm_full_html-a848f189c76867,availability,True,True,True,1,0,0
synthetic,llm_full_html,syn-0008,syn-0008-e11,llm_full_html-a848f189c76867,delivery_time,True,3–4 дня,3–4 дня,1,0,0
synthetic,llm_full_html,syn-0008,syn-0008-e11,llm_full_html-a848f189c76867,old_price,False,,,0,0,0
synthetic,llm_full_html,syn-0008,syn-0008-e11,llm_full_html-a848f189c76867,image_url,False,,,0,0,0
synthetic,llm_full_html,syn-0008,syn-0008-e11,llm_full_html-a848f189c76867,reviews_count,False,,,0,0,0
synthetic,llm_full_html,syn-0008,syn-0008-e22,llm_full_html-d0b62224ddfb10,availability,True,True,True,1,0,0
synthetic,llm_full_html,syn-0008,syn-0008-e22,llm_full_html-d0b62224ddfb10,delivery_time,True,3–4 дня,3–4 дня,1,0,0
synthetic,llm_full_html,syn-0008,syn-0008-e22,llm_full_html-d0b62224ddfb10,old_price,False,,,0,0,0
synthetic,llm_full_html,syn-0008,syn-0008-e22,llm_full_html-d0b62224ddfb10,image_url,False,,,0,0,0
synthetic,llm_full_html,syn-0008,syn-0008-e22,llm_full_html-d0b62224ddfb10,reviews_count,False,,,0,0,0
synthetic,llm_full_html,syn-0008,syn-0008-e04,llm_full_html-ffa7102ed48a2d,availability,True,True,True,1,0,0
synthetic,llm_full_html,syn-0008,syn-0008-e04,llm_full_html-ffa7102ed48a2d,delivery_time,True,2–5 дня,2–5 дня,1,0,0
synthetic,llm_full_html,syn-0008,syn-0008-e04,llm_full_html-ffa7102ed48a2d,old_price,False,,,0,0,0
synthetic,llm_full_html,syn-0008,syn-0008-e04,llm_full_html-ffa7102ed48a2d,image_url,False,,,0,0,0
synthetic,llm_full_html,syn-0008,syn-0008-e04,llm_full_html-ffa7102ed48a2d,reviews_count,False,,,0,0,0
synthetic,llm_full_html,syn-0008,syn-0008-e23,llm_full_html-9e54fa576ca383,availability,True,True,True,1,0,0
synthetic,llm_full_html,syn-0008,syn-0008-e23,llm_full_html-9e54fa576ca383,delivery_time,True,3–4 дня,3–4 дня,1,0,0
synthetic,llm_full_html,syn-0008,syn-0008-e23,llm_full_html-9e54fa576ca383,old_price,False,,,0,0,0
synthetic,llm_full_html,syn-0008,syn-0008-e23,llm_full_html-9e54fa576ca383,image_url,False,,,0,0,0
synthetic,llm_full_html,syn-0008,syn-0008-e23,llm_full_html-9e54fa576ca383,reviews_count,False,,,0,0,0
synthetic,llm_full_html,syn-0008,syn-0008-e06,llm_full_html-25c7e34acc4016,availability,True,True,True,1,0,0
synthetic,llm_full_html,syn-0008,syn-0008-e06,llm_full_html-25c7e34acc4016,delivery_time,True,1–5 дня,1–5 дня,1,0,0
synthetic,llm_full_html,syn-0008,syn-0008-e06,llm_full_html-25c7e34acc4016,old_price,False,,,0,0,0
synthetic,llm_full_html,syn-0008,syn-0008-e06,llm_full_html-25c7e34acc4016,image_url,False,,,0,0,0
synthetic,llm_full_html,syn-0008,syn-0008-e06,llm_full_html-25c7e34acc4016,reviews_count,False,,,0,0,0
synthetic,llm_full_html,syn-0008,syn-0008-e17,llm_full_html-4e7b367203d8a4,availability,True,True,True,1,0,0
synthetic,llm_full_html,syn-0008,syn-0008-e17,llm_full_html-4e7b367203d8a4,delivery_time,True,1–5 дня,1–5 дня,1,0,0
synthetic,llm_full_html,syn-0008,syn-0008-e17,llm_full_html-4e7b367203d8a4,old_price,False,,,0,0,0
synthetic,llm_full_html,syn-0008,syn-0008-e17,llm_full_html-4e7b367203d8a4,image_url,False,,,0,0,0
synthetic,llm_full_html,syn-0008,syn-0008-e17,llm_full_html-4e7b367203d8a4,reviews_count,False,,,0,0,0
synthetic,llm_full_html,syn-0008,syn-0008-e12,llm_full_html-14acf5d6898de8,availability,True,True,True,1,0,0
synthetic,llm_full_html,syn-0008,syn-0008-e12,llm_full_html-14acf5d6898de8,delivery_time,True,3–5 дня,3–5 дня,1,0,0
synthetic,llm_full_html,syn-0008,syn-0008-e12,llm_full_html-14acf5d6898de8,old_price,False,,,0,0,0
synthetic,llm_full_html,syn-0008,syn-0008-e12,llm_full_html-14acf5d6898de8,image_url,False,,,0,0,0
synthetic,llm_full_html,syn-0008,syn-0008-e12,llm_full_html-14acf5d6898de8,reviews_count,False,,,0,0,0
synthetic,llm_full_html,syn-0008,syn-0008-e24,llm_full_html-6c6d238cf1b4f6,availability,True,True,True,1,0,0
synthetic,llm_full_html,syn-0008,syn-0008-e24,llm_full_html-6c6d238cf1b4f6,delivery_time,True,3–5 дня,3–5 дня,1,0,0
synthetic,llm_full_html,syn-0008,syn-0008-e24,llm_full_html-6c6d238cf1b4f6,old_price,False,,,0,0,0
synthetic,llm_full_html,syn-0008,syn-0008-e24,llm_full_html-6c6d238cf1b4f6,image_url,False,,,0,0,0
synthetic,llm_full_html,syn-0008,syn-0008-e24,llm_full_html-6c6d238cf1b4f6,reviews_count,False,,,0,0,0
synthetic,llm_full_html,syn-0008,syn-0008-e13,llm_full_html-4ff394cc5d0b93,availability,True,True,True,1,0,0
synthetic,llm_full_html,syn-0008,syn-0008-e13,llm_full_html-4ff394cc5d0b93,delivery_time,True,2–3 дня,2–3 дня,1,0,0
synthetic,llm_full_html,syn-0008,syn-0008-e13,llm_full_html-4ff394cc5d0b93,old_price,False,,,0,0,0
synthetic,llm_full_html,syn-0008,syn-0008-e13,llm_full_html-4ff394cc5d0b93,image_url,False,,,0,0,0
synthetic,llm_full_html,syn-0008,syn-0008-e13,llm_full_html-4ff394cc5d0b93,reviews_count,False,,,0,0,0
synthetic,llm_full_html,syn-0008,syn-0008-e02,llm_full_html-cb167c3332ec7d,availability,True,True,True,1,0,0
synthetic,llm_full_html,syn-0008,syn-0008-e02,llm_full_html-cb167c3332ec7d,delivery_time,True,3–3 дня,3–3 дня,1,0,0
synthetic,llm_full_html,syn-0008,syn-0008-e02,llm_full_html-cb167c3332ec7d,old_price,False,,,0,0,0
synthetic,llm_full_html,syn-0008,syn-0008-e02,llm_full_html-cb167c3332ec7d,image_url,False,,,0,0,0
synthetic,llm_full_html,syn-0008,syn-0008-e02,llm_full_html-cb167c3332ec7d,reviews_count,False,,,0,0,0
synthetic,llm_full_html,syn-0008,syn-0008-e05,llm_full_html-726db9cc554d37,availability,True,True,True,1,0,0
synthetic,llm_full_html,syn-0008,syn-0008-e05,llm_full_html-726db9cc554d37,delivery_time,True,3–6 дня,3–6 дня,1,0,0
synthetic,llm_full_html,syn-0008,syn-0008-e05,llm_full_html-726db9cc554d37,old_price,False,,,0,0,0
synthetic,llm_full_html,syn-0008,syn-0008-e05,llm_full_html-726db9cc554d37,image_url,False,,,0,0,0
synthetic,llm_full_html,syn-0008,syn-0008-e05,llm_full_html-726db9cc554d37,reviews_count,False,,,0,0,0
synthetic,llm_full_html,syn-0008,syn-0008-e14,llm_full_html-a74c4a9fa483e1,availability,True,True,True,1,0,0
synthetic,llm_full_html,syn-0008,syn-0008-e14,llm_full_html-a74c4a9fa483e1,delivery_time,True,1–6 дня,1–6 дня,1,0,0
synthetic,llm_full_html,syn-0008,syn-0008-e14,llm_full_html-a74c4a9fa483e1,old_price,False,,,0,0,0
synthetic,llm_full_html,syn-0008,syn-0008-e14,llm_full_html-a74c4a9fa483e1,image_url,False,,,0,0,0
synthetic,llm_full_html,syn-0008,syn-0008-e14,llm_full_html-a74c4a9fa483e1,reviews_count,False,,,0,0,0
synthetic,llm_full_html,syn-0008,syn-0008-e08,llm_full_html-38fed58524015b,availability,True,True,True,1,0,0
synthetic,llm_full_html,syn-0008,syn-0008-e08,llm_full_html-38fed58524015b,delivery_time,True,1–6 дня,1–6 дня,1,0,0
synthetic,llm_full_html,syn-0008,syn-0008-e08,llm_full_html-38fed58524015b,old_price,False,,,0,0,0
synthetic,llm_full_html,syn-0008,syn-0008-e08,llm_full_html-38fed58524015b,image_url,False,,,0,0,0
synthetic,llm_full_html,syn-0008,syn-0008-e08,llm_full_html-38fed58524015b,reviews_count,False,,,0,0,0
synthetic,llm_full_html,syn-0008,syn-0008-e19,llm_full_html-94fadfa567a448,availability,True,True,True,1,0,0
synthetic,llm_full_html,syn-0008,syn-0008-e19,llm_full_html-94fadfa567a448,delivery_time,True,1–6 дня,1–6 дня,1,0,0
synthetic,llm_full_html,syn-0008,syn-0008-e19,llm_full_html-94fadfa567a448,old_price,False,,,0,0,0
synthetic,llm_full_html,syn-0008,syn-0008-e19,llm_full_html-94fadfa567a448,image_url,False,,,0,0,0
synthetic,llm_full_html,syn-0008,syn-0008-e19,llm_full_html-94fadfa567a448,reviews_count,False,,,0,0,0
synthetic,llm_full_html,syn-0009,syn-0009-e06,llm_full_html-89b6f23cebe327,availability,True,True,True,1,0,0
synthetic,llm_full_html,syn-0009,syn-0009-e06,llm_full_html-89b6f23cebe327,delivery_time,True,2–3 дня,2–3 дня,1,0,0
synthetic,llm_full_html,syn-0009,syn-0009-e06,llm_full_html-89b6f23cebe327,old_price,False,,,0,0,0
synthetic,llm_full_html,syn-0009,syn-0009-e06,llm_full_html-89b6f23cebe327,image_url,False,,,0,0,0
synthetic,llm_full_html,syn-0009,syn-0009-e06,llm_full_html-89b6f23cebe327,reviews_count,False,,,0,0,0
synthetic,llm_full_html,syn-0009,syn-0009-e16,llm_full_html-fb388cec983ba4,availability,True,True,True,1,0,0
synthetic,llm_full_html,syn-0009,syn-0009-e16,llm_full_html-fb388cec983ba4,delivery_time,True,2–3 дня,2–3 дня,1,0,0
synthetic,llm_full_html,syn-0009,syn-0009-e16,llm_full_html-fb388cec983ba4,old_price,False,,,0,0,0
synthetic,llm_full_html,syn-0009,syn-0009-e16,llm_full_html-fb388cec983ba4,image_url,False,,,0,0,0
synthetic,llm_full_html,syn-0009,syn-0009-e16,llm_full_html-fb388cec983ba4,reviews_count,False,,,0,0,0
synthetic,llm_full_html,syn-0009,syn-0009-e15,llm_full_html-0c533d737ba8bd,availability,True,True,True,1,0,0
synthetic,llm_full_html,syn-0009,syn-0009-e15,llm_full_html-0c533d737ba8bd,delivery_time,True,1–5 дня,1–5 дня,1,0,0
synthetic,llm_full_html,syn-0009,syn-0009-e15,llm_full_html-0c533d737ba8bd,old_price,False,,,0,0,0
synthetic,llm_full_html,syn-0009,syn-0009-e15,llm_full_html-0c533d737ba8bd,image_url,False,,,0,0,0
synthetic,llm_full_html,syn-0009,syn-0009-e15,llm_full_html-0c533d737ba8bd,reviews_count,False,,,0,0,0
synthetic,llm_full_html,syn-0009,syn-0009-e05,llm_full_html-806707d96de038,availability,True,True,True,1,0,0
synthetic,llm_full_html,syn-0009,syn-0009-e05,llm_full_html-806707d96de038,delivery_time,True,1–3 дня,1–3 дня,1,0,0
synthetic,llm_full_html,syn-0009,syn-0009-e05,llm_full_html-806707d96de038,old_price,False,,,0,0,0
synthetic,llm_full_html,syn-0009,syn-0009-e05,llm_full_html-806707d96de038,image_url,False,,,0,0,0
synthetic,llm_full_html,syn-0009,syn-0009-e05,llm_full_html-806707d96de038,reviews_count,False,,,0,0,0
synthetic,llm_full_html,syn-0009,syn-0009-e20,llm_full_html-becc163b908b8c,availability,True,False,False,1,0,0
synthetic,llm_full_html,syn-0009,syn-0009-e20,llm_full_html-becc163b908b8c,delivery_time,True,2–6 дня,2–6 дня,1,0,0
synthetic,llm_full_html,syn-0009,syn-0009-e20,llm_full_html-becc163b908b8c,old_price,False,,,0,0,0
synthetic,llm_full_html,syn-0009,syn-0009-e20,llm_full_html-becc163b908b8c,image_url,False,,,0,0,0
synthetic,llm_full_html,syn-0009,syn-0009-e20,llm_full_html-becc163b908b8c,reviews_count,False,,,0,0,0
synthetic,llm_full_html,syn-0009,syn-0009-e14,llm_full_html-1efccb289c2d63,availability,True,True,True,1,0,0
synthetic,llm_full_html,syn-0009,syn-0009-e14,llm_full_html-1efccb289c2d63,delivery_time,True,2–3 дня,2–3 дня,1,0,0
synthetic,llm_full_html,syn-0009,syn-0009-e14,llm_full_html-1efccb289c2d63,old_price,False,,,0,0,0
synthetic,llm_full_html,syn-0009,syn-0009-e14,llm_full_html-1efccb289c2d63,image_url,False,,,0,0,0
synthetic,llm_full_html,syn-0009,syn-0009-e14,llm_full_html-1efccb289c2d63,reviews_count,False,,,0,0,0
synthetic,llm_full_html,syn-0009,syn-0009-e09,llm_full_html-d19b32a85c17af,availability,True,False,False,1,0,0
synthetic,llm_full_html,syn-0009,syn-0009-e09,llm_full_html-d19b32a85c17af,delivery_time,True,1–3 дня,1–3 дня,1,0,0
synthetic,llm_full_html,syn-0009,syn-0009-e09,llm_full_html-d19b32a85c17af,old_price,False,,,0,0,0
synthetic,llm_full_html,syn-0009,syn-0009-e09,llm_full_html-d19b32a85c17af,image_url,False,,,0,0,0
synthetic,llm_full_html,syn-0009,syn-0009-e09,llm_full_html-d19b32a85c17af,reviews_count,False,,,0,0,0
synthetic,llm_full_html,syn-0009,syn-0009-e07,llm_full_html-299599229485b4,availability,True,True,True,1,0,0
synthetic,llm_full_html,syn-0009,syn-0009-e07,llm_full_html-299599229485b4,delivery_time,True,2–4 дня,2–4 дня,1,0,0
synthetic,llm_full_html,syn-0009,syn-0009-e07,llm_full_html-299599229485b4,old_price,False,,,0,0,0
synthetic,llm_full_html,syn-0009,syn-0009-e07,llm_full_html-299599229485b4,image_url,False,,,0,0,0
synthetic,llm_full_html,syn-0009,syn-0009-e07,llm_full_html-299599229485b4,reviews_count,False,,,0,0,0
synthetic,llm_full_html,syn-0009,syn-0009-e18,llm_full_html-454a5f083094a2,availability,True,True,True,1,0,0
synthetic,llm_full_html,syn-0009,syn-0009-e18,llm_full_html-454a5f083094a2,delivery_time,True,2–4 дня,2–4 дня,1,0,0
synthetic,llm_full_html,syn-0009,syn-0009-e18,llm_full_html-454a5f083094a2,old_price,False,,,0,0,0
synthetic,llm_full_html,syn-0009,syn-0009-e18,llm_full_html-454a5f083094a2,image_url,False,,,0,0,0
synthetic,llm_full_html,syn-0009,syn-0009-e18,llm_full_html-454a5f083094a2,reviews_count,False,,,0,0,0
synthetic,llm_full_html,syn-0009,syn-0009-e03,llm_full_html-57d2ad91ae661f,availability,True,True,True,1,0,0
synthetic,llm_full_html,syn-0009,syn-0009-e03,llm_full_html-57d2ad91ae661f,delivery_time,True,2–5 дня,2–5 дня,1,0,0
synthetic,llm_full_html,syn-0009,syn-0009-e03,llm_full_html-57d2ad91ae661f,old_price,False,,,0,0,0
synthetic,llm_full_html,syn-0009,syn-0009-e03,llm_full_html-57d2ad91ae661f,image_url,False,,,0,0,0
synthetic,llm_full_html,syn-0009,syn-0009-e03,llm_full_html-57d2ad91ae661f,reviews_count,False,,,0,0,0
synthetic,llm_full_html,syn-0009,syn-0009-e01,llm_full_html-6188ff2f567700,availability,True,True,True,1,0,0
synthetic,llm_full_html,syn-0009,syn-0009-e01,llm_full_html-6188ff2f567700,delivery_time,True,3–3 дня,3–3 дня,1,0,0
synthetic,llm_full_html,syn-0009,syn-0009-e01,llm_full_html-6188ff2f567700,old_price,False,,,0,0,0
synthetic,llm_full_html,syn-0009,syn-0009-e01,llm_full_html-6188ff2f567700,image_url,False,,,0,0,0
synthetic,llm_full_html,syn-0009,syn-0009-e01,llm_full_html-6188ff2f567700,reviews_count,False,,,0,0,0
synthetic,llm_full_html,syn-0009,syn-0009-e04,llm_full_html-a4be1e27223eaf,availability,True,True,True,1,0,0
synthetic,llm_full_html,syn-0009,syn-0009-e04,llm_full_html-a4be1e27223eaf,delivery_time,True,3–6 дня,3–6 дня,1,0,0
synthetic,llm_full_html,syn-0009,syn-0009-e04,llm_full_html-a4be1e27223eaf,old_price,False,,,0,0,0
synthetic,llm_full_html,syn-0009,syn-0009-e04,llm_full_html-a4be1e27223eaf,image_url,False,,,0,0,0
synthetic,llm_full_html,syn-0009,syn-0009-e04,llm_full_html-a4be1e27223eaf,reviews_count,False,,,0,0,0
synthetic,llm_full_html,syn-0009,syn-0009-e17,llm_full_html-769489edd30a80,availability,True,True,True,1,0,0
synthetic,llm_full_html,syn-0009,syn-0009-e17,llm_full_html-769489edd30a80,delivery_time,True,1–5 дня,1–5 дня,1,0,0
synthetic,llm_full_html,syn-0009,syn-0009-e17,llm_full_html-769489edd30a80,old_price,False,,,0,0,0
synthetic,llm_full_html,syn-0009,syn-0009-e17,llm_full_html-769489edd30a80,image_url,False,,,0,0,0
synthetic,llm_full_html,syn-0009,syn-0009-e17,llm_full_html-769489edd30a80,reviews_count,False,,,0,0,0
synthetic,llm_full_html,syn-0009,syn-0009-e10,llm_full_html-1544d5b5cbf22b,availability,True,True,True,1,0,0
synthetic,llm_full_html,syn-0009,syn-0009-e10,llm_full_html-1544d5b5cbf22b,delivery_time,True,3–5 дня,3–5 дня,1,0,0
synthetic,llm_full_html,syn-0009,syn-0009-e10,llm_full_html-1544d5b5cbf22b,old_price,False,,,0,0,0
synthetic,llm_full_html,syn-0009,syn-0009-e10,llm_full_html-1544d5b5cbf22b,image_url,False,,,0,0,0
synthetic,llm_full_html,syn-0009,syn-0009-e10,llm_full_html-1544d5b5cbf22b,reviews_count,False,,,0,0,0
synthetic,llm_full_html,syn-0009,syn-0009-e11,llm_full_html-864a4cbdfac294,availability,True,True,True,1,0,0
synthetic,llm_full_html,syn-0009,syn-0009-e11,llm_full_html-864a4cbdfac294,delivery_time,True,2–3 дня,2–3 дня,1,0,0
synthetic,llm_full_html,syn-0009,syn-0009-e11,llm_full_html-864a4cbdfac294,old_price,False,,,0,0,0
synthetic,llm_full_html,syn-0009,syn-0009-e11,llm_full_html-864a4cbdfac294,image_url,False,,,0,0,0
synthetic,llm_full_html,syn-0009,syn-0009-e11,llm_full_html-864a4cbdfac294,reviews_count,False,,,0,0,0
synthetic,llm_full_html,syn-0009,syn-0009-e12,llm_full_html-6144820adc95f9,availability,True,True,True,1,0,0
synthetic,llm_full_html,syn-0009,syn-0009-e12,llm_full_html-6144820adc95f9,delivery_time,True,3–4 дня,3–4 дня,1,0,0
synthetic,llm_full_html,syn-0009,syn-0009-e12,llm_full_html-6144820adc95f9,old_price,False,,,0,0,0
synthetic,llm_full_html,syn-0009,syn-0009-e12,llm_full_html-6144820adc95f9,image_url,False,,,0,0,0
synthetic,llm_full_html,syn-0009,syn-0009-e12,llm_full_html-6144820adc95f9,reviews_count,False,,,0,0,0
synthetic,llm_full_html,syn-0009,syn-0009-e02,llm_full_html-bf5c9271f5de94,availability,True,True,True,1,0,0
synthetic,llm_full_html,syn-0009,syn-0009-e02,llm_full_html-bf5c9271f5de94,delivery_time,True,1–4 дня,1–4 дня,1,0,0
synthetic,llm_full_html,syn-0009,syn-0009-e02,llm_full_html-bf5c9271f5de94,old_price,False,,,0,0,0
synthetic,llm_full_html,syn-0009,syn-0009-e02,llm_full_html-bf5c9271f5de94,image_url,False,,,0,0,0
synthetic,llm_full_html,syn-0009,syn-0009-e02,llm_full_html-bf5c9271f5de94,reviews_count,False,,,0,0,0
synthetic,llm_full_html,syn-0009,syn-0009-e13,llm_full_html-72f4c608484088,availability,True,True,True,1,0,0
synthetic,llm_full_html,syn-0009,syn-0009-e13,llm_full_html-72f4c608484088,delivery_time,True,1–6 дня,1–6 дня,1,0,0
synthetic,llm_full_html,syn-0009,syn-0009-e13,llm_full_html-72f4c608484088,old_price,False,,,0,0,0
synthetic,llm_full_html,syn-0009,syn-0009-e13,llm_full_html-72f4c608484088,image_url,False,,,0,0,0
synthetic,llm_full_html,syn-0009,syn-0009-e13,llm_full_html-72f4c608484088,reviews_count,False,,,0,0,0
synthetic,llm_full_html,syn-0009,syn-0009-e08,llm_full_html-518a574e85094d,availability,True,True,True,1,0,0
synthetic,llm_full_html,syn-0009,syn-0009-e08,llm_full_html-518a574e85094d,delivery_time,True,1–6 дня,1–6 дня,1,0,0
synthetic,llm_full_html,syn-0009,syn-0009-e08,llm_full_html-518a574e85094d,old_price,False,,,0,0,0
synthetic,llm_full_html,syn-0009,syn-0009-e08,llm_full_html-518a574e85094d,image_url,False,,,0,0,0
synthetic,llm_full_html,syn-0009,syn-0009-e08,llm_full_html-518a574e85094d,reviews_count,False,,,0,0,0
synthetic,llm_full_html,syn-0009,syn-0009-e19,llm_full_html-c8ca538c241f0b,availability,True,True,True,1,0,0
synthetic,llm_full_html,syn-0009,syn-0009-e19,llm_full_html-c8ca538c241f0b,delivery_time,True,1–6 дня,1–6 дня,1,0,0
synthetic,llm_full_html,syn-0009,syn-0009-e19,llm_full_html-c8ca538c241f0b,old_price,False,,,0,0,0
synthetic,llm_full_html,syn-0009,syn-0009-e19,llm_full_html-c8ca538c241f0b,image_url,False,,,0,0,0
synthetic,llm_full_html,syn-0009,syn-0009-e19,llm_full_html-c8ca538c241f0b,reviews_count,False,,,0,0,0
synthetic,llm_full_html,syn-0010,syn-0010-e06,llm_full_html-45be309ff69167,availability,True,True,True,1,0,0
synthetic,llm_full_html,syn-0010,syn-0010-e06,llm_full_html-45be309ff69167,delivery_time,True,2–3 дня,2–3 дня,1,0,0
synthetic,llm_full_html,syn-0010,syn-0010-e06,llm_full_html-45be309ff69167,old_price,False,,,0,0,0
synthetic,llm_full_html,syn-0010,syn-0010-e06,llm_full_html-45be309ff69167,image_url,False,,,0,0,0
synthetic,llm_full_html,syn-0010,syn-0010-e06,llm_full_html-45be309ff69167,reviews_count,False,,16.0,0,0,0
synthetic,llm_full_html,syn-0010,syn-0010-e16,llm_full_html-311e49ca39a744,availability,True,True,True,1,0,0
synthetic,llm_full_html,syn-0010,syn-0010-e16,llm_full_html-311e49ca39a744,delivery_time,True,2–3 дня,2–3 дня,1,0,0
synthetic,llm_full_html,syn-0010,syn-0010-e16,llm_full_html-311e49ca39a744,old_price,False,,,0,0,0
synthetic,llm_full_html,syn-0010,syn-0010-e16,llm_full_html-311e49ca39a744,image_url,False,,,0,0,0
synthetic,llm_full_html,syn-0010,syn-0010-e16,llm_full_html-311e49ca39a744,reviews_count,False,,26.0,0,0,0
synthetic,llm_full_html,syn-0010,syn-0010-e03,llm_full_html-4dbcf2bb59a60b,availability,True,True,True,1,0,0
synthetic,llm_full_html,syn-0010,syn-0010-e03,llm_full_html-4dbcf2bb59a60b,delivery_time,True,3–6 дня,3–6 дня,1,0,0
synthetic,llm_full_html,syn-0010,syn-0010-e03,llm_full_html-4dbcf2bb59a60b,old_price,False,,,0,0,0
synthetic,llm_full_html,syn-0010,syn-0010-e03,llm_full_html-4dbcf2bb59a60b,image_url,False,,,0,0,0
synthetic,llm_full_html,syn-0010,syn-0010-e03,llm_full_html-4dbcf2bb59a60b,reviews_count,False,,13.0,0,0,0
synthetic,llm_full_html,syn-0010,syn-0010-e02,llm_full_html-99b827ed76311f,availability,True,True,True,1,0,0
synthetic,llm_full_html,syn-0010,syn-0010-e02,llm_full_html-99b827ed76311f,delivery_time,True,2–5 дня,2–5 дня,1,0,0
synthetic,llm_full_html,syn-0010,syn-0010-e02,llm_full_html-99b827ed76311f,old_price,False,,,0,0,0
synthetic,llm_full_html,syn-0010,syn-0010-e02,llm_full_html-99b827ed76311f,image_url,False,,,0,0,0
synthetic,llm_full_html,syn-0010,syn-0010-e02,llm_full_html-99b827ed76311f,reviews_count,False,,12.0,0,0,0
synthetic,llm_full_html,syn-0010,syn-0010-e20,llm_full_html-5e7f67165e45c0,availability,True,False,False,1,0,0
synthetic,llm_full_html,syn-0010,syn-0010-e20,llm_full_html-5e7f67165e45c0,delivery_time,True,2–6 дня,2–6 дня,1,0,0
synthetic,llm_full_html,syn-0010,syn-0010-e20,llm_full_html-5e7f67165e45c0,old_price,False,,,0,0,0
synthetic,llm_full_html,syn-0010,syn-0010-e20,llm_full_html-5e7f67165e45c0,image_url,False,,,0,0,0
synthetic,llm_full_html,syn-0010,syn-0010-e20,llm_full_html-5e7f67165e45c0,reviews_count,False,,30.0,0,0,0
synthetic,llm_full_html,syn-0010,syn-0010-e15,llm_full_html-b648d4549987a5,availability,True,True,True,1,0,0
synthetic,llm_full_html,syn-0010,syn-0010-e15,llm_full_html-b648d4549987a5,delivery_time,True,2–3 дня,2–3 дня,1,0,0
synthetic,llm_full_html,syn-0010,syn-0010-e15,llm_full_html-b648d4549987a5,old_price,False,,,0,0,0
synthetic,llm_full_html,syn-0010,syn-0010-e15,llm_full_html-b648d4549987a5,image_url,False,,,0,0,0
synthetic,llm_full_html,syn-0010,syn-0010-e15,llm_full_html-b648d4549987a5,reviews_count,False,,25.0,0,0,0
synthetic,llm_full_html,syn-0010,syn-0010-e04,llm_full_html-8aed8e1ca785b1,availability,True,True,True,1,0,0
synthetic,llm_full_html,syn-0010,syn-0010-e04,llm_full_html-8aed8e1ca785b1,delivery_time,True,1–3 дня,1–3 дня,1,0,0
synthetic,llm_full_html,syn-0010,syn-0010-e04,llm_full_html-8aed8e1ca785b1,old_price,False,,,0,0,0
synthetic,llm_full_html,syn-0010,syn-0010-e04,llm_full_html-8aed8e1ca785b1,image_url,False,,,0,0,0
synthetic,llm_full_html,syn-0010,syn-0010-e04,llm_full_html-8aed8e1ca785b1,reviews_count,False,,14.0,0,0,0
synthetic,llm_full_html,syn-0010,syn-0010-e21,llm_full_html-769c41cf7cc701,availability,True,False,False,1,0,0
synthetic,llm_full_html,syn-0010,syn-0010-e21,llm_full_html-769c41cf7cc701,delivery_time,True,1–3 дня,1–3 дня,1,0,0
synthetic,llm_full_html,syn-0010,syn-0010-e21,llm_full_html-769c41cf7cc701,old_price,False,,,0,0,0
synthetic,llm_full_html,syn-0010,syn-0010-e21,llm_full_html-769c41cf7cc701,image_url,False,,,0,0,0
synthetic,llm_full_html,syn-0010,syn-0010-e21,llm_full_html-769c41cf7cc701,reviews_count,False,,31.0,0,0,0
synthetic,llm_full_html,syn-0010,syn-0010-e05,llm_full_html-8f17aab2ccd9f9,availability,True,True,True,1,0,0
synthetic,llm_full_html,syn-0010,syn-0010-e05,llm_full_html-8f17aab2ccd9f9,delivery_time,True,2–4 дня,2–4 дня,1,0,0
synthetic,llm_full_html,syn-0010,syn-0010-e05,llm_full_html-8f17aab2ccd9f9,old_price,False,,,0,0,0
synthetic,llm_full_html,syn-0010,syn-0010-e05,llm_full_html-8f17aab2ccd9f9,image_url,False,,,0,0,0
synthetic,llm_full_html,syn-0010,syn-0010-e05,llm_full_html-8f17aab2ccd9f9,reviews_count,False,,15.0,0,0,0
synthetic,llm_full_html,syn-0010,syn-0010-e18,llm_full_html-14735bd61b6786,availability,True,True,True,1,0,0
synthetic,llm_full_html,syn-0010,syn-0010-e18,llm_full_html-14735bd61b6786,delivery_time,True,2–4 дня,2–4 дня,1,0,0
synthetic,llm_full_html,syn-0010,syn-0010-e18,llm_full_html-14735bd61b6786,old_price,False,,,0,0,0
synthetic,llm_full_html,syn-0010,syn-0010-e18,llm_full_html-14735bd61b6786,image_url,False,,,0,0,0
synthetic,llm_full_html,syn-0010,syn-0010-e18,llm_full_html-14735bd61b6786,reviews_count,False,,28.0,0,0,0
synthetic,llm_full_html,syn-0010,syn-0010-e08,llm_full_html-ce3a0c0e612c2b,availability,True,True,True,1,0,0
synthetic,llm_full_html,syn-0010,syn-0010-e08,llm_full_html-ce3a0c0e612c2b,delivery_time,True,3–4 дня,3–4 дня,1,0,0
synthetic,llm_full_html,syn-0010,syn-0010-e08,llm_full_html-ce3a0c0e612c2b,old_price,False,,,0,0,0
synthetic,llm_full_html,syn-0010,syn-0010-e08,llm_full_html-ce3a0c0e612c2b,image_url,False,,,0,0,0
synthetic,llm_full_html,syn-0010,syn-0010-e08,llm_full_html-ce3a0c0e612c2b,reviews_count,False,,18.0,0,0,0
synthetic,llm_full_html,syn-0010,syn-0010-e22,llm_full_html-d816b73f2c291d,availability,True,True,True,1,0,0
synthetic,llm_full_html,syn-0010,syn-0010-e22,llm_full_html-d816b73f2c291d,delivery_time,True,3–4 дня,3–4 дня,1,0,0
synthetic,llm_full_html,syn-0010,syn-0010-e22,llm_full_html-d816b73f2c291d,old_price,False,,,0,0,0
synthetic,llm_full_html,syn-0010,syn-0010-e22,llm_full_html-d816b73f2c291d,image_url,False,,,0,0,0
synthetic,llm_full_html,syn-0010,syn-0010-e22,llm_full_html-d816b73f2c291d,reviews_count,False,,32.0,0,0,0
synthetic,llm_full_html,syn-0010,syn-0010-e09,llm_full_html-21e681d0a7776e,availability,True,True,True,1,0,0
synthetic,llm_full_html,syn-0010,syn-0010-e09,llm_full_html-21e681d0a7776e,delivery_time,True,3–4 дня,3–4 дня,1,0,0
synthetic,llm_full_html,syn-0010,syn-0010-e09,llm_full_html-21e681d0a7776e,old_price,False,,,0,0,0
synthetic,llm_full_html,syn-0010,syn-0010-e09,llm_full_html-21e681d0a7776e,image_url,False,,,0,0,0
synthetic,llm_full_html,syn-0010,syn-0010-e09,llm_full_html-21e681d0a7776e,reviews_count,False,,19.0,0,0,0
synthetic,llm_full_html,syn-0010,syn-0010-e01,llm_full_html-718c31ae14eacc,availability,True,True,True,1,0,0
synthetic,llm_full_html,syn-0010,syn-0010-e01,llm_full_html-718c31ae14eacc,delivery_time,True,1–4 дня,1–4 дня,1,0,0
synthetic,llm_full_html,syn-0010,syn-0010-e01,llm_full_html-718c31ae14eacc,old_price,False,,,0,0,0
synthetic,llm_full_html,syn-0010,syn-0010-e01,llm_full_html-718c31ae14eacc,image_url,False,,,0,0,0
synthetic,llm_full_html,syn-0010,syn-0010-e01,llm_full_html-718c31ae14eacc,reviews_count,False,,11.0,0,0,0
synthetic,llm_full_html,syn-0010,syn-0010-e17,llm_full_html-a1e2f9b75e3940,availability,True,True,True,1,0,0
synthetic,llm_full_html,syn-0010,syn-0010-e17,llm_full_html-a1e2f9b75e3940,delivery_time,True,1–5 дня,1–5 дня,1,0,0
synthetic,llm_full_html,syn-0010,syn-0010-e17,llm_full_html-a1e2f9b75e3940,old_price,False,,,0,0,0
synthetic,llm_full_html,syn-0010,syn-0010-e17,llm_full_html-a1e2f9b75e3940,image_url,False,,,0,0,0
synthetic,llm_full_html,syn-0010,syn-0010-e17,llm_full_html-a1e2f9b75e3940,reviews_count,False,,27.0,0,0,0
synthetic,llm_full_html,syn-0010,syn-0010-e10,llm_full_html-2e2f3a39ffec5a,availability,True,True,True,1,0,0
synthetic,llm_full_html,syn-0010,syn-0010-e10,llm_full_html-2e2f3a39ffec5a,delivery_time,True,3–5 дня,3–5 дня,1,0,0
synthetic,llm_full_html,syn-0010,syn-0010-e10,llm_full_html-2e2f3a39ffec5a,old_price,False,,,0,0,0
synthetic,llm_full_html,syn-0010,syn-0010-e10,llm_full_html-2e2f3a39ffec5a,image_url,False,,,0,0,0
synthetic,llm_full_html,syn-0010,syn-0010-e10,llm_full_html-2e2f3a39ffec5a,reviews_count,False,,20.0,0,0,0
synthetic,llm_full_html,syn-0010,syn-0010-e11,llm_full_html-978f3d27b392a5,availability,True,True,True,1,0,0
synthetic,llm_full_html,syn-0010,syn-0010-e11,llm_full_html-978f3d27b392a5,delivery_time,True,2–3 дня,2–3 дня,1,0,0
synthetic,llm_full_html,syn-0010,syn-0010-e11,llm_full_html-978f3d27b392a5,old_price,False,,,0,0,0
synthetic,llm_full_html,syn-0010,syn-0010-e11,llm_full_html-978f3d27b392a5,image_url,False,,,0,0,0
synthetic,llm_full_html,syn-0010,syn-0010-e11,llm_full_html-978f3d27b392a5,reviews_count,False,,21.0,0,0,0
synthetic,llm_full_html,syn-0010,syn-0010-e12,llm_full_html-c80fc408b0bd5e,availability,True,True,True,1,0,0
synthetic,llm_full_html,syn-0010,syn-0010-e12,llm_full_html-c80fc408b0bd5e,delivery_time,True,3–4 дня,3–4 дня,1,0,0
synthetic,llm_full_html,syn-0010,syn-0010-e12,llm_full_html-c80fc408b0bd5e,old_price,False,,,0,0,0
synthetic,llm_full_html,syn-0010,syn-0010-e12,llm_full_html-c80fc408b0bd5e,image_url,False,,,0,0,0
synthetic,llm_full_html,syn-0010,syn-0010-e12,llm_full_html-c80fc408b0bd5e,reviews_count,False,,22.0,0,0,0
synthetic,llm_full_html,syn-0010,syn-0010-e14,llm_full_html-65d6a662d7c265,availability,True,True,True,1,0,0
synthetic,llm_full_html,syn-0010,syn-0010-e14,llm_full_html-65d6a662d7c265,delivery_time,True,1–5 дня,1–5 дня,1,0,0
synthetic,llm_full_html,syn-0010,syn-0010-e14,llm_full_html-65d6a662d7c265,old_price,False,,,0,0,0
synthetic,llm_full_html,syn-0010,syn-0010-e14,llm_full_html-65d6a662d7c265,image_url,False,,,0,0,0
synthetic,llm_full_html,syn-0010,syn-0010-e14,llm_full_html-65d6a662d7c265,reviews_count,False,,24.0,0,0,0
synthetic,llm_full_html,syn-0010,syn-0010-e13,llm_full_html-a66445b1d81747,availability,True,True,True,1,0,0
synthetic,llm_full_html,syn-0010,syn-0010-e13,llm_full_html-a66445b1d81747,delivery_time,True,1–6 дня,1–6 дня,1,0,0
synthetic,llm_full_html,syn-0010,syn-0010-e13,llm_full_html-a66445b1d81747,old_price,False,,,0,0,0
synthetic,llm_full_html,syn-0010,syn-0010-e13,llm_full_html-a66445b1d81747,image_url,False,,,0,0,0
synthetic,llm_full_html,syn-0010,syn-0010-e13,llm_full_html-a66445b1d81747,reviews_count,False,,23.0,0,0,0
synthetic,llm_full_html,syn-0010,syn-0010-e07,llm_full_html-24b3d8eb803e28,availability,True,True,True,1,0,0
synthetic,llm_full_html,syn-0010,syn-0010-e07,llm_full_html-24b3d8eb803e28,delivery_time,True,1–6 дня,1–6 дня,1,0,0
synthetic,llm_full_html,syn-0010,syn-0010-e07,llm_full_html-24b3d8eb803e28,old_price,False,,,0,0,0
synthetic,llm_full_html,syn-0010,syn-0010-e07,llm_full_html-24b3d8eb803e28,image_url,False,,,0,0,0
synthetic,llm_full_html,syn-0010,syn-0010-e07,llm_full_html-24b3d8eb803e28,reviews_count,False,,17.0,0,0,0
synthetic,llm_full_html,syn-0010,syn-0010-e19,llm_full_html-8ab2317d62bfd3,availability,True,True,True,1,0,0
synthetic,llm_full_html,syn-0010,syn-0010-e19,llm_full_html-8ab2317d62bfd3,delivery_time,True,1–6 дня,1–6 дня,1,0,0
synthetic,llm_full_html,syn-0010,syn-0010-e19,llm_full_html-8ab2317d62bfd3,old_price,False,,,0,0,0
synthetic,llm_full_html,syn-0010,syn-0010-e19,llm_full_html-8ab2317d62bfd3,image_url,False,,,0,0,0
synthetic,llm_full_html,syn-0010,syn-0010-e19,llm_full_html-8ab2317d62bfd3,reviews_count,False,,29.0,0,0,0
synthetic,llm_full_html,syn-0011,syn-0011-e01,llm_full_html-961c4e5179b717,availability,True,True,True,1,0,0
synthetic,llm_full_html,syn-0011,syn-0011-e01,llm_full_html-961c4e5179b717,delivery_time,True,2–5 дня,2–5 дня,1,0,0
synthetic,llm_full_html,syn-0011,syn-0011-e01,llm_full_html-961c4e5179b717,old_price,False,,,0,0,0
synthetic,llm_full_html,syn-0011,syn-0011-e01,llm_full_html-961c4e5179b717,image_url,False,,,0,0,0
synthetic,llm_full_html,syn-0011,syn-0011-e01,llm_full_html-961c4e5179b717,reviews_count,False,,11.0,0,0,0
synthetic,llm_full_html,syn-0011,syn-0011-e12,llm_full_html-ed9174bc37e295,availability,True,True,True,1,0,0
synthetic,llm_full_html,syn-0011,syn-0011-e12,llm_full_html-ed9174bc37e295,delivery_time,True,2–5 дня,2–5 дня,1,0,0
synthetic,llm_full_html,syn-0011,syn-0011-e12,llm_full_html-ed9174bc37e295,old_price,False,,,0,0,0
synthetic,llm_full_html,syn-0011,syn-0011-e12,llm_full_html-ed9174bc37e295,image_url,False,,,0,0,0
synthetic,llm_full_html,syn-0011,syn-0011-e12,llm_full_html-ed9174bc37e295,reviews_count,False,,22.0,0,0,0
synthetic,llm_full_html,syn-0011,syn-0011-e22,llm_full_html-b580276e58d0b0,availability,True,True,True,1,0,0
synthetic,llm_full_html,syn-0011,syn-0011-e22,llm_full_html-b580276e58d0b0,delivery_time,True,2–5 дня,2–5 дня,1,0,0
synthetic,llm_full_html,syn-0011,syn-0011-e22,llm_full_html-b580276e58d0b0,old_price,False,,,0,0,0
synthetic,llm_full_html,syn-0011,syn-0011-e22,llm_full_html-b580276e58d0b0,image_url,False,,,0,0,0
synthetic,llm_full_html,syn-0011,syn-0011-e22,llm_full_html-b580276e58d0b0,reviews_count,False,,32.0,0,0,0
synthetic,llm_full_html,syn-0011,syn-0011-e08,llm_full_html-c447d6ad8e3752,availability,True,True,True,1,0,0
synthetic,llm_full_html,syn-0011,syn-0011-e08,llm_full_html-c447d6ad8e3752,delivery_time,True,1–6 дня,1–6 дня,1,0,0
synthetic,llm_full_html,syn-0011,syn-0011-e08,llm_full_html-c447d6ad8e3752,old_price,False,,,0,0,0
synthetic,llm_full_html,syn-0011,syn-0011-e08,llm_full_html-c447d6ad8e3752,image_url,False,,,0,0,0
synthetic,llm_full_html,syn-0011,syn-0011-e08,llm_full_html-c447d6ad8e3752,reviews_count,False,,18.0,0,0,0
synthetic,llm_full_html,syn-0011,syn-0011-e14,llm_full_html-7d771aff5284f3,availability,True,True,True,1,0,0
synthetic,llm_full_html,syn-0011,syn-0011-e14,llm_full_html-7d771aff5284f3,delivery_time,True,1–6 дня,1–6 дня,1,0,0
synthetic,llm_full_html,syn-0011,syn-0011-e14,llm_full_html-7d771aff5284f3,old_price,False,,,0,0,0
synthetic,llm_full_html,syn-0011,syn-0011-e14,llm_full_html-7d771aff5284f3,image_url,False,,,0,0,0
synthetic,llm_full_html,syn-0011,syn-0011-e14,llm_full_html-7d771aff5284f3,reviews_count,False,,24.0,0,0,0
synthetic,llm_full_html,syn-0011,syn-0011-e24,llm_full_html-77d3ac36ad7d35,availability,True,True,True,1,0,0
synthetic,llm_full_html,syn-0011,syn-0011-e24,llm_full_html-77d3ac36ad7d35,delivery_time,True,1–6 дня,1–6 дня,1,0,0
synthetic,llm_full_html,syn-0011,syn-0011-e24,llm_full_html-77d3ac36ad7d35,old_price,False,,,0,0,0
synthetic,llm_full_html,syn-0011,syn-0011-e24,llm_full_html-77d3ac36ad7d35,image_url,False,,,0,0,0
synthetic,llm_full_html,syn-0011,syn-0011-e24,llm_full_html-77d3ac36ad7d35,reviews_count,False,,34.0,0,0,0
synthetic,llm_full_html,syn-0011,syn-0011-e04,llm_full_html-c377efd7b79cdd,availability,True,True,True,1,0,0
synthetic,llm_full_html,syn-0011,syn-0011-e04,llm_full_html-c377efd7b79cdd,delivery_time,True,2–4 дня,2–4 дня,1,0,0
synthetic,llm_full_html,syn-0011,syn-0011-e04,llm_full_html-c377efd7b79cdd,old_price,False,,,0,0,0
synthetic,llm_full_html,syn-0011,syn-0011-e04,llm_full_html-c377efd7b79cdd,image_url,False,,,0,0,0
synthetic,llm_full_html,syn-0011,syn-0011-e04,llm_full_html-c377efd7b79cdd,reviews_count,False,,14.0,0,0,0
synthetic,llm_full_html,syn-0011,syn-0011-e17,llm_full_html-cc903544ac4c78,availability,True,True,True,1,0,0
synthetic,llm_full_html,syn-0011,syn-0011-e17,llm_full_html-cc903544ac4c78,delivery_time,True,2–4 дня,2–4 дня,1,0,0
synthetic,llm_full_html,syn-0011,syn-0011-e17,llm_full_html-cc903544ac4c78,old_price,False,,,0,0,0
synthetic,llm_full_html,syn-0011,syn-0011-e17,llm_full_html-cc903544ac4c78,image_url,False,,,0,0,0
synthetic,llm_full_html,syn-0011,syn-0011-e17,llm_full_html-cc903544ac4c78,reviews_count,False,,27.0,0,0,0
synthetic,llm_full_html,syn-0011,syn-0011-e27,llm_full_html-81c922e91720cb,availability,True,True,True,1,0,0
synthetic,llm_full_html,syn-0011,syn-0011-e27,llm_full_html-81c922e91720cb,delivery_time,True,2–4 дня,2–4 дня,1,0,0
synthetic,llm_full_html,syn-0011,syn-0011-e27,llm_full_html-81c922e91720cb,old_price,False,,,0,0,0
synthetic,llm_full_html,syn-0011,syn-0011-e27,llm_full_html-81c922e91720cb,image_url,False,,,0,0,0
synthetic,llm_full_html,syn-0011,syn-0011-e27,llm_full_html-81c922e91720cb,reviews_count,False,,37.0,0,0,0
synthetic,llm_full_html,syn-0011,syn-0011-e07,llm_full_html-f2b5aed95acd31,availability,True,True,True,1,0,0
synthetic,llm_full_html,syn-0011,syn-0011-e07,llm_full_html-f2b5aed95acd31,delivery_time,True,1–6 дня,1–6 дня,1,0,0
synthetic,llm_full_html,syn-0011,syn-0011-e07,llm_full_html-f2b5aed95acd31,old_price,False,,,0,0,0
synthetic,llm_full_html,syn-0011,syn-0011-e07,llm_full_html-f2b5aed95acd31,image_url,False,,,0,0,0
synthetic,llm_full_html,syn-0011,syn-0011-e07,llm_full_html-f2b5aed95acd31,reviews_count,False,,17.0,0,0,0
synthetic,llm_full_html,syn-0011,syn-0011-e13,llm_full_html-1ec1399bb78210,availability,True,True,True,1,0,0
synthetic,llm_full_html,syn-0011,syn-0011-e13,llm_full_html-1ec1399bb78210,delivery_time,True,1–6 дня,1–6 дня,1,0,0
synthetic,llm_full_html,syn-0011,syn-0011-e13,llm_full_html-1ec1399bb78210,old_price,False,,,0,0,0
synthetic,llm_full_html,syn-0011,syn-0011-e13,llm_full_html-1ec1399bb78210,image_url,False,,,0,0,0
synthetic,llm_full_html,syn-0011,syn-0011-e13,llm_full_html-1ec1399bb78210,reviews_count,False,,23.0,0,0,0
synthetic,llm_full_html,syn-0011,syn-0011-e23,llm_full_html-f76a5046ff6fa7,availability,True,True,True,1,0,0
synthetic,llm_full_html,syn-0011,syn-0011-e23,llm_full_html-f76a5046ff6fa7,delivery_time,True,1–6 дня,1–6 дня,1,0,0
synthetic,llm_full_html,syn-0011,syn-0011-e23,llm_full_html-f76a5046ff6fa7,old_price,False,,,0,0,0
synthetic,llm_full_html,syn-0011,syn-0011-e23,llm_full_html-f76a5046ff6fa7,image_url,False,,,0,0,0
synthetic,llm_full_html,syn-0011,syn-0011-e23,llm_full_html-f76a5046ff6fa7,reviews_count,False,,33.0,0,0,0
synthetic,llm_full_html,syn-0011,syn-0011-e10,llm_full_html-05ae14c4f3a46a,availability,True,False,False,1,0,0
synthetic,llm_full_html,syn-0011,syn-0011-e10,llm_full_html-05ae14c4f3a46a,delivery_time,True,3–5 дня,3–5 дня,1,0,0
synthetic,llm_full_html,syn-0011,syn-0011-e10,llm_full_html-05ae14c4f3a46a,old_price,False,,,0,0,0
synthetic,llm_full_html,syn-0011,syn-0011-e10,llm_full_html-05ae14c4f3a46a,image_url,False,,,0,0,0
synthetic,llm_full_html,syn-0011,syn-0011-e10,llm_full_html-05ae14c4f3a46a,reviews_count,False,,20.0,0,0,0
synthetic,llm_full_html,syn-0011,syn-0011-e20,llm_full_html-c9dd8870cf5cef,availability,True,False,False,1,0,0
synthetic,llm_full_html,syn-0011,syn-0011-e20,llm_full_html-c9dd8870cf5cef,delivery_time,True,3–5 дня,3–5 дня,1,0,0
synthetic,llm_full_html,syn-0011,syn-0011-e20,llm_full_html-c9dd8870cf5cef,old_price,False,,,0,0,0
synthetic,llm_full_html,syn-0011,syn-0011-e20,llm_full_html-c9dd8870cf5cef,image_url,False,,,0,0,0
synthetic,llm_full_html,syn-0011,syn-0011-e20,llm_full_html-c9dd8870cf5cef,reviews_count,False,,30.0,0,0,0
synthetic,llm_full_html,syn-0011,syn-0011-e30,llm_full_html-049abb081e3b17,availability,True,False,False,1,0,0
synthetic,llm_full_html,syn-0011,syn-0011-e30,llm_full_html-049abb081e3b17,delivery_time,True,3–5 дня,3–5 дня,1,0,0
synthetic,llm_full_html,syn-0011,syn-0011-e30,llm_full_html-049abb081e3b17,old_price,False,,,0,0,0
synthetic,llm_full_html,syn-0011,syn-0011-e30,llm_full_html-049abb081e3b17,image_url,False,,,0,0,0
synthetic,llm_full_html,syn-0011,syn-0011-e30,llm_full_html-049abb081e3b17,reviews_count,False,,40.0,0,0,0
synthetic,llm_full_html,syn-0011,syn-0011-e02,llm_full_html-1b1664bee581a4,availability,True,True,True,1,0,0
synthetic,llm_full_html,syn-0011,syn-0011-e02,llm_full_html-1b1664bee581a4,delivery_time,True,3–6 дня,3–6 дня,1,0,0
synthetic,llm_full_html,syn-0011,syn-0011-e02,llm_full_html-1b1664bee581a4,old_price,False,,,0,0,0
synthetic,llm_full_html,syn-0011,syn-0011-e02,llm_full_html-1b1664bee581a4,image_url,False,,,0,0,0
synthetic,llm_full_html,syn-0011,syn-0011-e02,llm_full_html-1b1664bee581a4,reviews_count,False,,12.0,0,0,0
synthetic,llm_full_html,syn-0011,syn-0011-e16,llm_full_html-fac69824925ed4,availability,True,True,True,1,0,0
synthetic,llm_full_html,syn-0011,syn-0011-e16,llm_full_html-fac69824925ed4,delivery_time,True,3–6 дня,3–6 дня,1,0,0
synthetic,llm_full_html,syn-0011,syn-0011-e16,llm_full_html-fac69824925ed4,old_price,False,,,0,0,0
synthetic,llm_full_html,syn-0011,syn-0011-e16,llm_full_html-fac69824925ed4,image_url,False,,,0,0,0
synthetic,llm_full_html,syn-0011,syn-0011-e16,llm_full_html-fac69824925ed4,reviews_count,False,,26.0,0,0,0
synthetic,llm_full_html,syn-0011,syn-0011-e26,llm_full_html-c7a6f29ee7c928,availability,True,True,True,1,0,0
synthetic,llm_full_html,syn-0011,syn-0011-e26,llm_full_html-c7a6f29ee7c928,delivery_time,True,3–6 дня,3–6 дня,1,0,0
synthetic,llm_full_html,syn-0011,syn-0011-e26,llm_full_html-c7a6f29ee7c928,old_price,False,,,0,0,0
synthetic,llm_full_html,syn-0011,syn-0011-e26,llm_full_html-c7a6f29ee7c928,image_url,False,,,0,0,0
synthetic,llm_full_html,syn-0011,syn-0011-e26,llm_full_html-c7a6f29ee7c928,reviews_count,False,,36.0,0,0,0
synthetic,llm_full_html,syn-0011,syn-0011-e06,llm_full_html-22e3e3e832f889,availability,True,True,True,1,0,0
synthetic,llm_full_html,syn-0011,syn-0011-e06,llm_full_html-22e3e3e832f889,delivery_time,True,2–4 дня,2–4 дня,1,0,0
synthetic,llm_full_html,syn-0011,syn-0011-e06,llm_full_html-22e3e3e832f889,old_price,False,,,0,0,0
synthetic,llm_full_html,syn-0011,syn-0011-e06,llm_full_html-22e3e3e832f889,image_url,False,,,0,0,0
synthetic,llm_full_html,syn-0011,syn-0011-e06,llm_full_html-22e3e3e832f889,reviews_count,False,,16.0,0,0,0
synthetic,llm_full_html,syn-0011,syn-0011-e11,llm_full_html-6e7367f72a0f5c,availability,True,True,True,1,0,0
synthetic,llm_full_html,syn-0011,syn-0011-e11,llm_full_html-6e7367f72a0f5c,delivery_time,True,2–4 дня,2–4 дня,1,0,0
synthetic,llm_full_html,syn-0011,syn-0011-e11,llm_full_html-6e7367f72a0f5c,old_price,False,,,0,0,0
synthetic,llm_full_html,syn-0011,syn-0011-e11,llm_full_html-6e7367f72a0f5c,image_url,False,,,0,0,0
synthetic,llm_full_html,syn-0011,syn-0011-e11,llm_full_html-6e7367f72a0f5c,reviews_count,False,,21.0,0,0,0
synthetic,llm_full_html,syn-0011,syn-0011-e21,llm_full_html-225d017c5e078a,availability,True,True,True,1,0,0
synthetic,llm_full_html,syn-0011,syn-0011-e21,llm_full_html-225d017c5e078a,delivery_time,True,2–4 дня,2–4 дня,1,0,0
synthetic,llm_full_html,syn-0011,syn-0011-e21,llm_full_html-225d017c5e078a,old_price,False,,,0,0,0
synthetic,llm_full_html,syn-0011,syn-0011-e21,llm_full_html-225d017c5e078a,image_url,False,,,0,0,0
synthetic,llm_full_html,syn-0011,syn-0011-e21,llm_full_html-225d017c5e078a,reviews_count,False,,31.0,0,0,0
synthetic,llm_full_html,syn-0011,syn-0011-e03,llm_full_html-6f92c2a89060a3,availability,True,True,True,1,0,0
synthetic,llm_full_html,syn-0011,syn-0011-e03,llm_full_html-6f92c2a89060a3,delivery_time,True,1–3 дня,1–3 дня,1,0,0
synthetic,llm_full_html,syn-0011,syn-0011-e03,llm_full_html-6f92c2a89060a3,old_price,False,,,0,0,0
synthetic,llm_full_html,syn-0011,syn-0011-e03,llm_full_html-6f92c2a89060a3,image_url,False,,,0,0,0
synthetic,llm_full_html,syn-0011,syn-0011-e03,llm_full_html-6f92c2a89060a3,reviews_count,False,,13.0,0,0,0
synthetic,llm_full_html,syn-0011,syn-0011-e15,llm_full_html-474c8cf47a8877,availability,True,True,True,1,0,0
synthetic,llm_full_html,syn-0011,syn-0011-e15,llm_full_html-474c8cf47a8877,delivery_time,True,1–3 дня,1–3 дня,1,0,0
synthetic,llm_full_html,syn-0011,syn-0011-e15,llm_full_html-474c8cf47a8877,old_price,False,,,0,0,0
synthetic,llm_full_html,syn-0011,syn-0011-e15,llm_full_html-474c8cf47a8877,image_url,False,,,0,0,0
synthetic,llm_full_html,syn-0011,syn-0011-e15,llm_full_html-474c8cf47a8877,reviews_count,False,,25.0,0,0,0
synthetic,llm_full_html,syn-0011,syn-0011-e25,llm_full_html-5a423ce02d5387,availability,True,True,True,1,0,0
synthetic,llm_full_html,syn-0011,syn-0011-e25,llm_full_html-5a423ce02d5387,delivery_time,True,1–3 дня,1–3 дня,1,0,0
synthetic,llm_full_html,syn-0011,syn-0011-e25,llm_full_html-5a423ce02d5387,old_price,False,,,0,0,0
synthetic,llm_full_html,syn-0011,syn-0011-e25,llm_full_html-5a423ce02d5387,image_url,False,,,0,0,0
synthetic,llm_full_html,syn-0011,syn-0011-e25,llm_full_html-5a423ce02d5387,reviews_count,False,,35.0,0,0,0
synthetic,llm_full_html,syn-0011,syn-0011-e09,llm_full_html-3660cd268c7a7b,availability,True,False,False,1,0,0
synthetic,llm_full_html,syn-0011,syn-0011-e09,llm_full_html-3660cd268c7a7b,delivery_time,True,3–5 дня,3–5 дня,1,0,0
synthetic,llm_full_html,syn-0011,syn-0011-e09,llm_full_html-3660cd268c7a7b,old_price,False,,,0,0,0
synthetic,llm_full_html,syn-0011,syn-0011-e09,llm_full_html-3660cd268c7a7b,image_url,False,,,0,0,0
synthetic,llm_full_html,syn-0011,syn-0011-e09,llm_full_html-3660cd268c7a7b,reviews_count,False,,19.0,0,0,0
synthetic,llm_full_html,syn-0011,syn-0011-e19,llm_full_html-2503e05369fc84,availability,True,False,False,1,0,0
synthetic,llm_full_html,syn-0011,syn-0011-e19,llm_full_html-2503e05369fc84,delivery_time,True,3–5 дня,3–5 дня,1,0,0
synthetic,llm_full_html,syn-0011,syn-0011-e19,llm_full_html-2503e05369fc84,old_price,False,,,0,0,0
synthetic,llm_full_html,syn-0011,syn-0011-e19,llm_full_html-2503e05369fc84,image_url,False,,,0,0,0
synthetic,llm_full_html,syn-0011,syn-0011-e19,llm_full_html-2503e05369fc84,reviews_count,False,,29.0,0,0,0
synthetic,llm_full_html,syn-0011,syn-0011-e29,llm_full_html-9f549179ea578f,availability,True,False,False,1,0,0
synthetic,llm_full_html,syn-0011,syn-0011-e29,llm_full_html-9f549179ea578f,delivery_time,True,3–5 дня,3–5 дня,1,0,0
synthetic,llm_full_html,syn-0011,syn-0011-e29,llm_full_html-9f549179ea578f,old_price,False,,,0,0,0
synthetic,llm_full_html,syn-0011,syn-0011-e29,llm_full_html-9f549179ea578f,image_url,False,,,0,0,0
synthetic,llm_full_html,syn-0011,syn-0011-e29,llm_full_html-9f549179ea578f,reviews_count,False,,39.0,0,0,0
synthetic,llm_full_html,syn-0011,syn-0011-e05,llm_full_html-8c3765d87dcae5,availability,True,False,False,1,0,0
synthetic,llm_full_html,syn-0011,syn-0011-e05,llm_full_html-8c3765d87dcae5,delivery_time,True,3–5 дня,3–5 дня,1,0,0
synthetic,llm_full_html,syn-0011,syn-0011-e05,llm_full_html-8c3765d87dcae5,old_price,False,,,0,0,0
synthetic,llm_full_html,syn-0011,syn-0011-e05,llm_full_html-8c3765d87dcae5,image_url,False,,,0,0,0
synthetic,llm_full_html,syn-0011,syn-0011-e05,llm_full_html-8c3765d87dcae5,reviews_count,False,,15.0,0,0,0
synthetic,llm_full_html,syn-0011,syn-0011-e18,llm_full_html-144a69e5b22a16,availability,True,False,False,1,0,0
synthetic,llm_full_html,syn-0011,syn-0011-e18,llm_full_html-144a69e5b22a16,delivery_time,True,3–5 дня,3–5 дня,1,0,0
synthetic,llm_full_html,syn-0011,syn-0011-e18,llm_full_html-144a69e5b22a16,old_price,False,,,0,0,0
synthetic,llm_full_html,syn-0011,syn-0011-e18,llm_full_html-144a69e5b22a16,image_url,False,,,0,0,0
synthetic,llm_full_html,syn-0011,syn-0011-e18,llm_full_html-144a69e5b22a16,reviews_count,False,,28.0,0,0,0
synthetic,llm_full_html,syn-0011,syn-0011-e28,llm_full_html-1f567632345c0a,availability,True,False,False,1,0,0
synthetic,llm_full_html,syn-0011,syn-0011-e28,llm_full_html-1f567632345c0a,delivery_time,True,3–5 дня,3–5 дня,1,0,0
synthetic,llm_full_html,syn-0011,syn-0011-e28,llm_full_html-1f567632345c0a,old_price,False,,,0,0,0
synthetic,llm_full_html,syn-0011,syn-0011-e28,llm_full_html-1f567632345c0a,image_url,False,,,0,0,0
synthetic,llm_full_html,syn-0011,syn-0011-e28,llm_full_html-1f567632345c0a,reviews_count,False,,38.0,0,0,0
synthetic,llm_full_html,syn-0012,syn-0012-e06,llm_full_html-cf282755ff5bd6,availability,True,True,True,1,0,0
synthetic,llm_full_html,syn-0012,syn-0012-e06,llm_full_html-cf282755ff5bd6,delivery_time,True,2–5 дня,2–5 дня,1,0,0
synthetic,llm_full_html,syn-0012,syn-0012-e06,llm_full_html-cf282755ff5bd6,old_price,False,,,0,0,0
synthetic,llm_full_html,syn-0012,syn-0012-e06,llm_full_html-cf282755ff5bd6,image_url,False,,,0,0,0
synthetic,llm_full_html,syn-0012,syn-0012-e06,llm_full_html-cf282755ff5bd6,reviews_count,False,,,0,0,0
synthetic,llm_full_html,syn-0012,syn-0012-e12,llm_full_html-04006df887aaa5,availability,True,True,True,1,0,0
synthetic,llm_full_html,syn-0012,syn-0012-e12,llm_full_html-04006df887aaa5,delivery_time,True,2–5 дня,2–5 дня,1,0,0
synthetic,llm_full_html,syn-0012,syn-0012-e12,llm_full_html-04006df887aaa5,old_price,False,,,0,0,0
synthetic,llm_full_html,syn-0012,syn-0012-e12,llm_full_html-04006df887aaa5,image_url,False,,,0,0,0
synthetic,llm_full_html,syn-0012,syn-0012-e12,llm_full_html-04006df887aaa5,reviews_count,False,,,0,0,0
synthetic,llm_full_html,syn-0012,syn-0012-e07,llm_full_html-04d9dacbb40aa3,availability,True,True,True,1,0,0
synthetic,llm_full_html,syn-0012,syn-0012-e07,llm_full_html-04d9dacbb40aa3,delivery_time,True,1–6 дня,1–6 дня,1,0,0
synthetic,llm_full_html,syn-0012,syn-0012-e07,llm_full_html-04d9dacbb40aa3,old_price,False,,,0,0,0
synthetic,llm_full_html,syn-0012,syn-0012-e07,llm_full_html-04d9dacbb40aa3,image_url,False,,,0,0,0
synthetic,llm_full_html,syn-0012,syn-0012-e07,llm_full_html-04d9dacbb40aa3,reviews_count,False,,,0,0,0
synthetic,llm_full_html,syn-0012,syn-0012-e01,llm_full_html-721e06205f34d8,availability,True,True,True,1,0,0
synthetic,llm_full_html,syn-0012,syn-0012-e01,llm_full_html-721e06205f34d8,delivery_time,True,3–6 дня,3–6 дня,1,0,0
synthetic,llm_full_html,syn-0012,syn-0012-e01,llm_full_html-721e06205f34d8,old_price,False,,,0,0,0
synthetic,llm_full_html,syn-0012,syn-0012-e01,llm_full_html-721e06205f34d8,image_url,False,,,0,0,0
synthetic,llm_full_html,syn-0012,syn-0012-e01,llm_full_html-721e06205f34d8,reviews_count,False,,,0,0,0
synthetic,llm_full_html,syn-0012,syn-0012-e05,llm_full_html-6ff90360d1108f,availability,True,True,True,1,0,0
synthetic,llm_full_html,syn-0012,syn-0012-e05,llm_full_html-6ff90360d1108f,delivery_time,True,1–6 дня,1–6 дня,1,0,0
synthetic,llm_full_html,syn-0012,syn-0012-e05,llm_full_html-6ff90360d1108f,old_price,False,,,0,0,0
synthetic,llm_full_html,syn-0012,syn-0012-e05,llm_full_html-6ff90360d1108f,image_url,False,,,0,0,0
synthetic,llm_full_html,syn-0012,syn-0012-e05,llm_full_html-6ff90360d1108f,reviews_count,False,,,0,0,0
synthetic,llm_full_html,syn-0012,syn-0012-e04,llm_full_html-45f3435aa5340d,availability,True,False,False,1,0,0
synthetic,llm_full_html,syn-0012,syn-0012-e04,llm_full_html-45f3435aa5340d,delivery_time,True,3–5 дня,3–5 дня,1,0,0
synthetic,llm_full_html,syn-0012,syn-0012-e04,llm_full_html-45f3435aa5340d,old_price,False,,,0,0,0
synthetic,llm_full_html,syn-0012,syn-0012-e04,llm_full_html-45f3435aa5340d,image_url,False,,,0,0,0
synthetic,llm_full_html,syn-0012,syn-0012-e04,llm_full_html-45f3435aa5340d,reviews_count,False,,,0,0,0
synthetic,llm_full_html,syn-0012,syn-0012-e09,llm_full_html-4a14fe64097a5f,availability,True,True,True,1,0,0
synthetic,llm_full_html,syn-0012,syn-0012-e09,llm_full_html-4a14fe64097a5f,delivery_time,True,3–6 дня,3–6 дня,1,0,0
synthetic,llm_full_html,syn-0012,syn-0012-e09,llm_full_html-4a14fe64097a5f,old_price,False,,,0,0,0
synthetic,llm_full_html,syn-0012,syn-0012-e09,llm_full_html-4a14fe64097a5f,image_url,False,,,0,0,0
synthetic,llm_full_html,syn-0012,syn-0012-e09,llm_full_html-4a14fe64097a5f,reviews_count,False,,,0,0,0
synthetic,llm_full_html,syn-0012,syn-0012-e03,llm_full_html-5eccea93298767,availability,True,True,True,1,0,0
synthetic,llm_full_html,syn-0012,syn-0012-e03,llm_full_html-5eccea93298767,delivery_time,True,2–4 дня,2–4 дня,1,0,0
synthetic,llm_full_html,syn-0012,syn-0012-e03,llm_full_html-5eccea93298767,old_price,False,,,0,0,0
synthetic,llm_full_html,syn-0012,syn-0012-e03,llm_full_html-5eccea93298767,image_url,False,,,0,0,0
synthetic,llm_full_html,syn-0012,syn-0012-e03,llm_full_html-5eccea93298767,reviews_count,False,,,0,0,0
synthetic,llm_full_html,syn-0012,syn-0012-e11,llm_full_html-3483ded634a5fc,availability,True,True,True,1,0,0
synthetic,llm_full_html,syn-0012,syn-0012-e11,llm_full_html-3483ded634a5fc,delivery_time,True,2–4 дня,2–4 дня,1,0,0
synthetic,llm_full_html,syn-0012,syn-0012-e11,llm_full_html-3483ded634a5fc,old_price,False,,,0,0,0
synthetic,llm_full_html,syn-0012,syn-0012-e11,llm_full_html-3483ded634a5fc,image_url,False,,,0,0,0
synthetic,llm_full_html,syn-0012,syn-0012-e11,llm_full_html-3483ded634a5fc,reviews_count,False,,,0,0,0
synthetic,llm_full_html,syn-0012,syn-0012-e08,llm_full_html-a389ce8115968d,availability,True,True,True,1,0,0
synthetic,llm_full_html,syn-0012,syn-0012-e08,llm_full_html-a389ce8115968d,delivery_time,True,1–3 дня,1–3 дня,1,0,0
synthetic,llm_full_html,syn-0012,syn-0012-e08,llm_full_html-a389ce8115968d,old_price,False,,,0,0,0
synthetic,llm_full_html,syn-0012,syn-0012-e08,llm_full_html-a389ce8115968d,image_url,False,,,0,0,0
synthetic,llm_full_html,syn-0012,syn-0012-e08,llm_full_html-a389ce8115968d,reviews_count,False,,,0,0,0
synthetic,llm_full_html,syn-0012,syn-0012-e10,llm_full_html-00fa81ab2be2bf,availability,True,False,False,1,0,0
synthetic,llm_full_html,syn-0012,syn-0012-e10,llm_full_html-00fa81ab2be2bf,delivery_time,True,3–5 дня,3–5 дня,1,0,0
synthetic,llm_full_html,syn-0012,syn-0012-e10,llm_full_html-00fa81ab2be2bf,old_price,False,,,0,0,0
synthetic,llm_full_html,syn-0012,syn-0012-e10,llm_full_html-00fa81ab2be2bf,image_url,False,,,0,0,0
synthetic,llm_full_html,syn-0012,syn-0012-e10,llm_full_html-00fa81ab2be2bf,reviews_count,False,,,0,0,0
synthetic,llm_full_html,syn-0012,syn-0012-e02,llm_full_html-d9fe6330400cbf,availability,True,True,True,1,0,0
synthetic,llm_full_html,syn-0012,syn-0012-e02,llm_full_html-d9fe6330400cbf,delivery_time,True,1–3 дня,1–3 дня,1,0,0
synthetic,llm_full_html,syn-0012,syn-0012-e02,llm_full_html-d9fe6330400cbf,old_price,False,,,0,0,0
synthetic,llm_full_html,syn-0012,syn-0012-e02,llm_full_html-d9fe6330400cbf,image_url,False,,,0,0,0
synthetic,llm_full_html,syn-0012,syn-0012-e02,llm_full_html-d9fe6330400cbf,reviews_count,False,,,0,0,0
synthetic,llm_full_html,syn-0013,syn-0013-e05,llm_full_html-439f1b0fd81aff,availability,True,True,True,1,0,0
synthetic,llm_full_html,syn-0013,syn-0013-e05,llm_full_html-439f1b0fd81aff,delivery_time,True,2–3 дня,2–3 дня,1,0,0
synthetic,llm_full_html,syn-0013,syn-0013-e05,llm_full_html-439f1b0fd81aff,old_price,False,,,0,0,0
synthetic,llm_full_html,syn-0013,syn-0013-e05,llm_full_html-439f1b0fd81aff,image_url,False,,,0,0,0
synthetic,llm_full_html,syn-0013,syn-0013-e05,llm_full_html-439f1b0fd81aff,reviews_count,False,,,0,0,0
synthetic,llm_full_html,syn-0013,syn-0013-e12,llm_full_html-3f02f41baedbcc,availability,True,True,True,1,0,0
synthetic,llm_full_html,syn-0013,syn-0013-e12,llm_full_html-3f02f41baedbcc,delivery_time,True,2–5 дня,2–5 дня,1,0,0
synthetic,llm_full_html,syn-0013,syn-0013-e12,llm_full_html-3f02f41baedbcc,old_price,False,,,0,0,0
synthetic,llm_full_html,syn-0013,syn-0013-e12,llm_full_html-3f02f41baedbcc,image_url,False,,,0,0,0
synthetic,llm_full_html,syn-0013,syn-0013-e12,llm_full_html-3f02f41baedbcc,reviews_count,False,,,0,0,0
synthetic,llm_full_html,syn-0013,syn-0013-e22,llm_full_html-91900353b4c121,availability,True,True,True,1,0,0
synthetic,llm_full_html,syn-0013,syn-0013-e22,llm_full_html-91900353b4c121,delivery_time,True,2–5 дня,2–5 дня,1,0,0
synthetic,llm_full_html,syn-0013,syn-0013-e22,llm_full_html-91900353b4c121,old_price,False,,,0,0,0
synthetic,llm_full_html,syn-0013,syn-0013-e22,llm_full_html-91900353b4c121,image_url,False,,,0,0,0
synthetic,llm_full_html,syn-0013,syn-0013-e22,llm_full_html-91900353b4c121,reviews_count,False,,,0,0,0
synthetic,llm_full_html,syn-0013,syn-0013-e04,llm_full_html-043a759cbdeb8f,availability,True,True,True,1,0,0
synthetic,llm_full_html,syn-0013,syn-0013-e04,llm_full_html-043a759cbdeb8f,delivery_time,True,1–6 дня,1–6 дня,1,0,0
synthetic,llm_full_html,syn-0013,syn-0013-e04,llm_full_html-043a759cbdeb8f,old_price,False,,,0,0,0
synthetic,llm_full_html,syn-0013,syn-0013-e04,llm_full_html-043a759cbdeb8f,image_url,False,,,0,0,0
synthetic,llm_full_html,syn-0013,syn-0013-e04,llm_full_html-043a759cbdeb8f,reviews_count,False,,,0,0,0
synthetic,llm_full_html,syn-0013,syn-0013-e14,llm_full_html-daa740eeedbf95,availability,True,True,True,1,0,0
synthetic,llm_full_html,syn-0013,syn-0013-e14,llm_full_html-daa740eeedbf95,delivery_time,True,1–6 дня,1–6 дня,1,0,0
synthetic,llm_full_html,syn-0013,syn-0013-e14,llm_full_html-daa740eeedbf95,old_price,False,,,0,0,0
synthetic,llm_full_html,syn-0013,syn-0013-e14,llm_full_html-daa740eeedbf95,image_url,False,,,0,0,0
synthetic,llm_full_html,syn-0013,syn-0013-e14,llm_full_html-daa740eeedbf95,reviews_count,False,,,0,0,0
synthetic,llm_full_html,syn-0013,syn-0013-e24,llm_full_html-5308777ede7c77,availability,True,True,True,1,0,0
synthetic,llm_full_html,syn-0013,syn-0013-e24,llm_full_html-5308777ede7c77,delivery_time,True,1–6 дня,1–6 дня,1,0,0
synthetic,llm_full_html,syn-0013,syn-0013-e24,llm_full_html-5308777ede7c77,old_price,False,,,0,0,0
synthetic,llm_full_html,syn-0013,syn-0013-e24,llm_full_html-5308777ede7c77,image_url,False,,,0,0,0
synthetic,llm_full_html,syn-0013,syn-0013-e24,llm_full_html-5308777ede7c77,reviews_count,False,,,0,0,0
synthetic,llm_full_html,syn-0013,syn-0013-e09,llm_full_html-b3c084f36c29aa,availability,True,True,True,1,0,0
synthetic,llm_full_html,syn-0013,syn-0013-e09,llm_full_html-b3c084f36c29aa,delivery_time,True,2–4 дня,2–4 дня,1,0,0
synthetic,llm_full_html,syn-0013,syn-0013-e09,llm_full_html-b3c084f36c29aa,old_price,False,,,0,0,0
synthetic,llm_full_html,syn-0013,syn-0013-e09,llm_full_html-b3c084f36c29aa,image_url,False,,,0,0,0
synthetic,llm_full_html,syn-0013,syn-0013-e09,llm_full_html-b3c084f36c29aa,reviews_count,False,,,0,0,0
synthetic,llm_full_html,syn-0013,syn-0013-e17,llm_full_html-5e44a7150de3fa,availability,True,True,True,1,0,0
synthetic,llm_full_html,syn-0013,syn-0013-e17,llm_full_html-5e44a7150de3fa,delivery_time,True,2–4 дня,2–4 дня,1,0,0
synthetic,llm_full_html,syn-0013,syn-0013-e17,llm_full_html-5e44a7150de3fa,old_price,False,,,0,0,0
synthetic,llm_full_html,syn-0013,syn-0013-e17,llm_full_html-5e44a7150de3fa,image_url,False,,,0,0,0
synthetic,llm_full_html,syn-0013,syn-0013-e17,llm_full_html-5e44a7150de3fa,reviews_count,False,,,0,0,0
synthetic,llm_full_html,syn-0013,syn-0013-e02,llm_full_html-1a55973f19ac5b,availability,True,True,True,1,0,0
synthetic,llm_full_html,syn-0013,syn-0013-e02,llm_full_html-1a55973f19ac5b,delivery_time,True,2–4 дня,2–4 дня,1,0,0
synthetic,llm_full_html,syn-0013,syn-0013-e02,llm_full_html-1a55973f19ac5b,old_price,False,,,0,0,0
synthetic,llm_full_html,syn-0013,syn-0013-e02,llm_full_html-1a55973f19ac5b,image_url,False,,,0,0,0
synthetic,llm_full_html,syn-0013,syn-0013-e02,llm_full_html-1a55973f19ac5b,reviews_count,False,,,0,0,0
synthetic,llm_full_html,syn-0013,syn-0013-e13,llm_full_html-16ab01ab3cf5f8,availability,True,True,True,1,0,0
synthetic,llm_full_html,syn-0013,syn-0013-e13,llm_full_html-16ab01ab3cf5f8,delivery_time,True,1–6 дня,1–6 дня,1,0,0
synthetic,llm_full_html,syn-0013,syn-0013-e13,llm_full_html-16ab01ab3cf5f8,old_price,False,,,0,0,0
synthetic,llm_full_html,syn-0013,syn-0013-e13,llm_full_html-16ab01ab3cf5f8,image_url,False,,,0,0,0
synthetic,llm_full_html,syn-0013,syn-0013-e13,llm_full_html-16ab01ab3cf5f8,reviews_count,False,,,0,0,0
synthetic,llm_full_html,syn-0013,syn-0013-e23,llm_full_html-18dff5f59200c2,availability,True,True,True,1,0,0
synthetic,llm_full_html,syn-0013,syn-0013-e23,llm_full_html-18dff5f59200c2,delivery_time,True,1–6 дня,1–6 дня,1,0,0
synthetic,llm_full_html,syn-0013,syn-0013-e23,llm_full_html-18dff5f59200c2,old_price,False,,,0,0,0
synthetic,llm_full_html,syn-0013,syn-0013-e23,llm_full_html-18dff5f59200c2,image_url,False,,,0,0,0
synthetic,llm_full_html,syn-0013,syn-0013-e23,llm_full_html-18dff5f59200c2,reviews_count,False,,,0,0,0
synthetic,llm_full_html,syn-0013,syn-0013-e01,llm_full_html-b4745baba9ae23,availability,True,True,True,1,0,0
synthetic,llm_full_html,syn-0013,syn-0013-e01,llm_full_html-b4745baba9ae23,delivery_time,True,1–3 дня,1–3 дня,1,0,0
synthetic,llm_full_html,syn-0013,syn-0013-e01,llm_full_html-b4745baba9ae23,old_price,False,,,0,0,0
synthetic,llm_full_html,syn-0013,syn-0013-e01,llm_full_html-b4745baba9ae23,image_url,False,,,0,0,0
synthetic,llm_full_html,syn-0013,syn-0013-e01,llm_full_html-b4745baba9ae23,reviews_count,False,,,0,0,0
synthetic,llm_full_html,syn-0013,syn-0013-e20,llm_full_html-17ec6d985b0ab7,availability,True,False,False,1,0,0
synthetic,llm_full_html,syn-0013,syn-0013-e20,llm_full_html-17ec6d985b0ab7,delivery_time,True,3–5 дня,3–5 дня,1,0,0
synthetic,llm_full_html,syn-0013,syn-0013-e20,llm_full_html-17ec6d985b0ab7,old_price,False,,,0,0,0
synthetic,llm_full_html,syn-0013,syn-0013-e20,llm_full_html-17ec6d985b0ab7,image_url,False,,,0,0,0
synthetic,llm_full_html,syn-0013,syn-0013-e20,llm_full_html-17ec6d985b0ab7,reviews_count,False,,,0,0,0
synthetic,llm_full_html,syn-0013,syn-0013-e08,llm_full_html-4eec18e2be422d,availability,True,True,True,1,0,0
synthetic,llm_full_html,syn-0013,syn-0013-e08,llm_full_html-4eec18e2be422d,delivery_time,True,3–6 дня,3–6 дня,1,0,0
synthetic,llm_full_html,syn-0013,syn-0013-e08,llm_full_html-4eec18e2be422d,old_price,False,,,0,0,0
synthetic,llm_full_html,syn-0013,syn-0013-e08,llm_full_html-4eec18e2be422d,image_url,False,,,0,0,0
synthetic,llm_full_html,syn-0013,syn-0013-e08,llm_full_html-4eec18e2be422d,reviews_count,False,,,0,0,0
synthetic,llm_full_html,syn-0013,syn-0013-e16,llm_full_html-4bf1deb2ebc93f,availability,True,True,True,1,0,0
synthetic,llm_full_html,syn-0013,syn-0013-e16,llm_full_html-4bf1deb2ebc93f,delivery_time,True,3–6 дня,3–6 дня,1,0,0
synthetic,llm_full_html,syn-0013,syn-0013-e16,llm_full_html-4bf1deb2ebc93f,old_price,False,,,0,0,0
synthetic,llm_full_html,syn-0013,syn-0013-e16,llm_full_html-4bf1deb2ebc93f,image_url,False,,,0,0,0
synthetic,llm_full_html,syn-0013,syn-0013-e16,llm_full_html-4bf1deb2ebc93f,reviews_count,False,,,0,0,0
synthetic,llm_full_html,syn-0013,syn-0013-e26,llm_full_html-ba738f118592cb,availability,True,True,True,1,0,0
synthetic,llm_full_html,syn-0013,syn-0013-e26,llm_full_html-ba738f118592cb,delivery_time,True,3–6 дня,3–6 дня,1,0,0
synthetic,llm_full_html,syn-0013,syn-0013-e26,llm_full_html-ba738f118592cb,old_price,False,,,0,0,0
synthetic,llm_full_html,syn-0013,syn-0013-e26,llm_full_html-ba738f118592cb,image_url,False,,,0,0,0
synthetic,llm_full_html,syn-0013,syn-0013-e26,llm_full_html-ba738f118592cb,reviews_count,False,,,0,0,0
synthetic,llm_full_html,syn-0013,syn-0013-e06,llm_full_html-8042e94608c879,availability,True,True,True,1,0,0
synthetic,llm_full_html,syn-0013,syn-0013-e06,llm_full_html-8042e94608c879,delivery_time,True,2–4 дня,2–4 дня,1,0,0
synthetic,llm_full_html,syn-0013,syn-0013-e06,llm_full_html-8042e94608c879,old_price,False,,,0,0,0
synthetic,llm_full_html,syn-0013,syn-0013-e06,llm_full_html-8042e94608c879,image_url,False,,,0,0,0
synthetic,llm_full_html,syn-0013,syn-0013-e06,llm_full_html-8042e94608c879,reviews_count,False,,,0,0,0
synthetic,llm_full_html,syn-0013,syn-0013-e11,llm_full_html-e511f3e274a8f8,availability,True,True,True,1,0,0
synthetic,llm_full_html,syn-0013,syn-0013-e11,llm_full_html-e511f3e274a8f8,delivery_time,True,2–4 дня,2–4 дня,1,0,0
synthetic,llm_full_html,syn-0013,syn-0013-e11,llm_full_html-e511f3e274a8f8,old_price,False,,,0,0,0
synthetic,llm_full_html,syn-0013,syn-0013-e11,llm_full_html-e511f3e274a8f8,image_url,False,,,0,0,0
synthetic,llm_full_html,syn-0013,syn-0013-e11,llm_full_html-e511f3e274a8f8,reviews_count,False,,,0,0,0
synthetic,llm_full_html,syn-0013,syn-0013-e21,llm_full_html-ee12393a3c68aa,availability,True,True,True,1,0,0
synthetic,llm_full_html,syn-0013,syn-0013-e21,llm_full_html-ee12393a3c68aa,delivery_time,True,2–4 дня,2–4 дня,1,0,0
synthetic,llm_full_html,syn-0013,syn-0013-e21,llm_full_html-ee12393a3c68aa,old_price,False,,,0,0,0
synthetic,llm_full_html,syn-0013,syn-0013-e21,llm_full_html-ee12393a3c68aa,image_url,False,,,0,0,0
synthetic,llm_full_html,syn-0013,syn-0013-e21,llm_full_html-ee12393a3c68aa,reviews_count,False,,,0,0,0
synthetic,llm_full_html,syn-0013,syn-0013-e07,llm_full_html-7ce21a392dc0f9,availability,True,True,True,1,0,0
synthetic,llm_full_html,syn-0013,syn-0013-e07,llm_full_html-7ce21a392dc0f9,delivery_time,True,1–3 дня,1–3 дня,1,0,0
synthetic,llm_full_html,syn-0013,syn-0013-e07,llm_full_html-7ce21a392dc0f9,old_price,False,,,0,0,0
synthetic,llm_full_html,syn-0013,syn-0013-e07,llm_full_html-7ce21a392dc0f9,image_url,False,,,0,0,0
synthetic,llm_full_html,syn-0013,syn-0013-e07,llm_full_html-7ce21a392dc0f9,reviews_count,False,,,0,0,0
synthetic,llm_full_html,syn-0013,syn-0013-e15,llm_full_html-48d0a6ca227ea4,availability,True,True,True,1,0,0
synthetic,llm_full_html,syn-0013,syn-0013-e15,llm_full_html-48d0a6ca227ea4,delivery_time,True,1–3 дня,1–3 дня,1,0,0
synthetic,llm_full_html,syn-0013,syn-0013-e15,llm_full_html-48d0a6ca227ea4,old_price,False,,,0,0,0
synthetic,llm_full_html,syn-0013,syn-0013-e15,llm_full_html-48d0a6ca227ea4,image_url,False,,,0,0,0
synthetic,llm_full_html,syn-0013,syn-0013-e15,llm_full_html-48d0a6ca227ea4,reviews_count,False,,,0,0,0
synthetic,llm_full_html,syn-0013,syn-0013-e25,llm_full_html-51c32ba03c06b6,availability,True,True,True,1,0,0
synthetic,llm_full_html,syn-0013,syn-0013-e25,llm_full_html-51c32ba03c06b6,delivery_time,True,1–3 дня,1–3 дня,1,0,0
synthetic,llm_full_html,syn-0013,syn-0013-e25,llm_full_html-51c32ba03c06b6,old_price,False,,,0,0,0
synthetic,llm_full_html,syn-0013,syn-0013-e25,llm_full_html-51c32ba03c06b6,image_url,False,,,0,0,0
synthetic,llm_full_html,syn-0013,syn-0013-e25,llm_full_html-51c32ba03c06b6,reviews_count,False,,,0,0,0
synthetic,llm_full_html,syn-0013,syn-0013-e03,llm_full_html-fca86c9b539c8f,availability,True,False,False,1,0,0
synthetic,llm_full_html,syn-0013,syn-0013-e03,llm_full_html-fca86c9b539c8f,delivery_time,True,3–5 дня,3–5 дня,1,0,0
synthetic,llm_full_html,syn-0013,syn-0013-e03,llm_full_html-fca86c9b539c8f,old_price,False,,,0,0,0
synthetic,llm_full_html,syn-0013,syn-0013-e03,llm_full_html-fca86c9b539c8f,image_url,False,,,0,0,0
synthetic,llm_full_html,syn-0013,syn-0013-e03,llm_full_html-fca86c9b539c8f,reviews_count,False,,,0,0,0
synthetic,llm_full_html,syn-0013,syn-0013-e19,llm_full_html-30f36ae8cf10ee,availability,True,False,False,1,0,0
synthetic,llm_full_html,syn-0013,syn-0013-e19,llm_full_html-30f36ae8cf10ee,delivery_time,True,3–5 дня,3–5 дня,1,0,0
synthetic,llm_full_html,syn-0013,syn-0013-e19,llm_full_html-30f36ae8cf10ee,old_price,False,,,0,0,0
synthetic,llm_full_html,syn-0013,syn-0013-e19,llm_full_html-30f36ae8cf10ee,image_url,False,,,0,0,0
synthetic,llm_full_html,syn-0013,syn-0013-e19,llm_full_html-30f36ae8cf10ee,reviews_count,False,,,0,0,0
synthetic,llm_full_html,syn-0013,syn-0013-e10,llm_full_html-be2b0760556866,availability,True,False,False,1,0,0
synthetic,llm_full_html,syn-0013,syn-0013-e10,llm_full_html-be2b0760556866,delivery_time,True,3–5 дня,3–5 дня,1,0,0
synthetic,llm_full_html,syn-0013,syn-0013-e10,llm_full_html-be2b0760556866,old_price,False,,,0,0,0
synthetic,llm_full_html,syn-0013,syn-0013-e10,llm_full_html-be2b0760556866,image_url,False,,,0,0,0
synthetic,llm_full_html,syn-0013,syn-0013-e10,llm_full_html-be2b0760556866,reviews_count,False,,,0,0,0
synthetic,llm_full_html,syn-0013,syn-0013-e18,llm_full_html-4b4442e46bd20b,availability,True,False,False,1,0,0
synthetic,llm_full_html,syn-0013,syn-0013-e18,llm_full_html-4b4442e46bd20b,delivery_time,True,3–5 дня,3–5 дня,1,0,0
synthetic,llm_full_html,syn-0013,syn-0013-e18,llm_full_html-4b4442e46bd20b,old_price,False,,,0,0,0
synthetic,llm_full_html,syn-0013,syn-0013-e18,llm_full_html-4b4442e46bd20b,image_url,False,,,0,0,0
synthetic,llm_full_html,syn-0013,syn-0013-e18,llm_full_html-4b4442e46bd20b,reviews_count,False,,,0,0,0
synthetic,llm_full_html,syn-0014,syn-0014-e02,llm_full_html-6ca1d58d492748,availability,True,False,False,1,0,0
synthetic,llm_full_html,syn-0014,syn-0014-e02,llm_full_html-6ca1d58d492748,delivery_time,True,3–5 дня,3–5 дня,1,0,0
synthetic,llm_full_html,syn-0014,syn-0014-e02,llm_full_html-6ca1d58d492748,old_price,False,,,0,0,0
synthetic,llm_full_html,syn-0014,syn-0014-e02,llm_full_html-6ca1d58d492748,image_url,False,,,0,0,0
synthetic,llm_full_html,syn-0014,syn-0014-e02,llm_full_html-6ca1d58d492748,reviews_count,False,,,0,0,0
synthetic,llm_full_html,syn-0014,syn-0014-e12,llm_full_html-8f10bccd3ae8fc,availability,True,True,True,1,0,0
synthetic,llm_full_html,syn-0014,syn-0014-e12,llm_full_html-8f10bccd3ae8fc,delivery_time,True,2–5 дня,2–5 дня,1,0,0
synthetic,llm_full_html,syn-0014,syn-0014-e12,llm_full_html-8f10bccd3ae8fc,old_price,False,,,0,0,0
synthetic,llm_full_html,syn-0014,syn-0014-e12,llm_full_html-8f10bccd3ae8fc,image_url,False,,,0,0,0
synthetic,llm_full_html,syn-0014,syn-0014-e12,llm_full_html-8f10bccd3ae8fc,reviews_count,False,,,0,0,0
synthetic,llm_full_html,syn-0014,syn-0014-e01,llm_full_html-569dd70ff7e3d0,availability,True,True,True,1,0,0
synthetic,llm_full_html,syn-0014,syn-0014-e01,llm_full_html-569dd70ff7e3d0,delivery_time,True,2–4 дня,2–4 дня,1,0,0
synthetic,llm_full_html,syn-0014,syn-0014-e01,llm_full_html-569dd70ff7e3d0,old_price,False,,,0,0,0
synthetic,llm_full_html,syn-0014,syn-0014-e01,llm_full_html-569dd70ff7e3d0,image_url,False,,,0,0,0
synthetic,llm_full_html,syn-0014,syn-0014-e01,llm_full_html-569dd70ff7e3d0,reviews_count,False,,,0,0,0
synthetic,llm_full_html,syn-0014,syn-0014-e14,llm_full_html-330a7589453ae1,availability,True,True,True,1,0,0
synthetic,llm_full_html,syn-0014,syn-0014-e14,llm_full_html-330a7589453ae1,delivery_time,True,1–6 дня,1–6 дня,1,0,0
synthetic,llm_full_html,syn-0014,syn-0014-e14,llm_full_html-330a7589453ae1,old_price,False,,,0,0,0
synthetic,llm_full_html,syn-0014,syn-0014-e14,llm_full_html-330a7589453ae1,image_url,False,,,0,0,0
synthetic,llm_full_html,syn-0014,syn-0014-e14,llm_full_html-330a7589453ae1,reviews_count,False,,,0,0,0
synthetic,llm_full_html,syn-0014,syn-0014-e05,llm_full_html-e789aa0b4a1099,availability,True,True,True,1,0,0
synthetic,llm_full_html,syn-0014,syn-0014-e05,llm_full_html-e789aa0b4a1099,delivery_time,True,3–4 дня,3–4 дня,1,0,0
synthetic,llm_full_html,syn-0014,syn-0014-e05,llm_full_html-e789aa0b4a1099,old_price,False,,,0,0,0
synthetic,llm_full_html,syn-0014,syn-0014-e05,llm_full_html-e789aa0b4a1099,image_url,False,,,0,0,0
synthetic,llm_full_html,syn-0014,syn-0014-e05,llm_full_html-e789aa0b4a1099,reviews_count,False,,,0,0,0
synthetic,llm_full_html,syn-0014,syn-0014-e07,llm_full_html-dfca9009e88786,availability,True,True,True,1,0,0
synthetic,llm_full_html,syn-0014,syn-0014-e07,llm_full_html-dfca9009e88786,delivery_time,True,1–6 дня,1–6 дня,1,0,0
synthetic,llm_full_html,syn-0014,syn-0014-e07,llm_full_html-dfca9009e88786,old_price,False,,,0,0,0
synthetic,llm_full_html,syn-0014,syn-0014-e07,llm_full_html-dfca9009e88786,image_url,False,,,0,0,0
synthetic,llm_full_html,syn-0014,syn-0014-e07,llm_full_html-dfca9009e88786,reviews_count,False,,,0,0,0
synthetic,llm_full_html,syn-0014,syn-0014-e13,llm_full_html-5c2af4fed47175,availability,True,True,True,1,0,0
synthetic,llm_full_html,syn-0014,syn-0014-e13,llm_full_html-5c2af4fed47175,delivery_time,True,1–6 дня,1–6 дня,1,0,0
synthetic,llm_full_html,syn-0014,syn-0014-e13,llm_full_html-5c2af4fed47175,old_price,False,,,0,0,0
synthetic,llm_full_html,syn-0014,syn-0014-e13,llm_full_html-5c2af4fed47175,image_url,False,,,0,0,0
synthetic,llm_full_html,syn-0014,syn-0014-e13,llm_full_html-5c2af4fed47175,reviews_count,False,,,0,0,0
synthetic,llm_full_html,syn-0014,syn-0014-e10,llm_full_html-7c8a8b2b3fa0c7,availability,True,False,False,1,0,0
synthetic,llm_full_html,syn-0014,syn-0014-e10,llm_full_html-7c8a8b2b3fa0c7,delivery_time,True,3–5 дня,3–5 дня,1,0,0
synthetic,llm_full_html,syn-0014,syn-0014-e10,llm_full_html-7c8a8b2b3fa0c7,old_price,False,,,0,0,0
synthetic,llm_full_html,syn-0014,syn-0014-e10,llm_full_html-7c8a8b2b3fa0c7,image_url,False,,,0,0,0
synthetic,llm_full_html,syn-0014,syn-0014-e10,llm_full_html-7c8a8b2b3fa0c7,reviews_count,False,,,0,0,0
synthetic,llm_full_html,syn-0014,syn-0014-e03,llm_full_html-40973fef62b187,availability,True,True,True,1,0,0
synthetic,llm_full_html,syn-0014,syn-0014-e03,llm_full_html-40973fef62b187,delivery_time,True,1–6 дня,1–6 дня,1,0,0
synthetic,llm_full_html,syn-0014,syn-0014-e03,llm_full_html-40973fef62b187,old_price,False,,,0,0,0
synthetic,llm_full_html,syn-0014,syn-0014-e03,llm_full_html-40973fef62b187,image_url,False,,,0,0,0
synthetic,llm_full_html,syn-0014,syn-0014-e03,llm_full_html-40973fef62b187,reviews_count,False,,,0,0,0
synthetic,llm_full_html,syn-0014,syn-0014-e16,llm_full_html-799c9a240ed169,availability,True,True,True,1,0,0
synthetic,llm_full_html,syn-0014,syn-0014-e16,llm_full_html-799c9a240ed169,delivery_time,True,3–6 дня,3–6 дня,1,0,0
synthetic,llm_full_html,syn-0014,syn-0014-e16,llm_full_html-799c9a240ed169,old_price,False,,,0,0,0
synthetic,llm_full_html,syn-0014,syn-0014-e16,llm_full_html-799c9a240ed169,image_url,False,,,0,0,0
synthetic,llm_full_html,syn-0014,syn-0014-e16,llm_full_html-799c9a240ed169,reviews_count,False,,,0,0,0
synthetic,llm_full_html,syn-0014,syn-0014-e06,llm_full_html-5076fcf2a313a8,availability,True,True,True,1,0,0
synthetic,llm_full_html,syn-0014,syn-0014-e06,llm_full_html-5076fcf2a313a8,delivery_time,True,2–4 дня,2–4 дня,1,0,0
synthetic,llm_full_html,syn-0014,syn-0014-e06,llm_full_html-5076fcf2a313a8,old_price,False,,,0,0,0
synthetic,llm_full_html,syn-0014,syn-0014-e06,llm_full_html-5076fcf2a313a8,image_url,False,,,0,0,0
synthetic,llm_full_html,syn-0014,syn-0014-e06,llm_full_html-5076fcf2a313a8,reviews_count,False,,,0,0,0
synthetic,llm_full_html,syn-0014,syn-0014-e11,llm_full_html-4b50eeac239a7b,availability,True,True,True,1,0,0
synthetic,llm_full_html,syn-0014,syn-0014-e11,llm_full_html-4b50eeac239a7b,delivery_time,True,2–4 дня,2–4 дня,1,0,0
synthetic,llm_full_html,syn-0014,syn-0014-e11,llm_full_html-4b50eeac239a7b,old_price,False,,,0,0,0
synthetic,llm_full_html,syn-0014,syn-0014-e11,llm_full_html-4b50eeac239a7b,image_url,False,,,0,0,0
synthetic,llm_full_html,syn-0014,syn-0014-e11,llm_full_html-4b50eeac239a7b,reviews_count,False,,,0,0,0
synthetic,llm_full_html,syn-0014,syn-0014-e04,llm_full_html-5626b28368f7ac,availability,True,True,True,1,0,0
synthetic,llm_full_html,syn-0014,syn-0014-e04,llm_full_html-5626b28368f7ac,delivery_time,True,2–3 дня,2–3 дня,1,0,0
synthetic,llm_full_html,syn-0014,syn-0014-e04,llm_full_html-5626b28368f7ac,old_price,False,,,0,0,0
synthetic,llm_full_html,syn-0014,syn-0014-e04,llm_full_html-5626b28368f7ac,image_url,False,,,0,0,0
synthetic,llm_full_html,syn-0014,syn-0014-e04,llm_full_html-5626b28368f7ac,reviews_count,False,,,0,0,0
synthetic,llm_full_html,syn-0014,syn-0014-e15,llm_full_html-cad8f4d3422b2d,availability,True,True,True,1,0,0
synthetic,llm_full_html,syn-0014,syn-0014-e15,llm_full_html-cad8f4d3422b2d,delivery_time,True,1–3 дня,1–3 дня,1,0,0
synthetic,llm_full_html,syn-0014,syn-0014-e15,llm_full_html-cad8f4d3422b2d,old_price,False,,,0,0,0
synthetic,llm_full_html,syn-0014,syn-0014-e15,llm_full_html-cad8f4d3422b2d,image_url,False,,,0,0,0
synthetic,llm_full_html,syn-0014,syn-0014-e15,llm_full_html-cad8f4d3422b2d,reviews_count,False,,,0,0,0
synthetic,llm_full_html,syn-0014,syn-0014-e09,llm_full_html-24faf748b40322,availability,True,False,False,1,0,0
synthetic,llm_full_html,syn-0014,syn-0014-e09,llm_full_html-24faf748b40322,delivery_time,True,3–5 дня,3–5 дня,1,0,0
synthetic,llm_full_html,syn-0014,syn-0014-e09,llm_full_html-24faf748b40322,old_price,False,,,0,0,0
synthetic,llm_full_html,syn-0014,syn-0014-e09,llm_full_html-24faf748b40322,image_url,False,,,0,0,0
synthetic,llm_full_html,syn-0014,syn-0014-e09,llm_full_html-24faf748b40322,reviews_count,False,,,0,0,0
synthetic,llm_full_html,syn-0014,syn-0014-e08,llm_full_html-46a091223e148e,availability,True,False,False,1,0,0
synthetic,llm_full_html,syn-0014,syn-0014-e08,llm_full_html-46a091223e148e,delivery_time,True,3–5 дня,3–5 дня,1,0,0
synthetic,llm_full_html,syn-0014,syn-0014-e08,llm_full_html-46a091223e148e,old_price,False,,,0,0,0
synthetic,llm_full_html,syn-0014,syn-0014-e08,llm_full_html-46a091223e148e,image_url,False,,,0,0,0
synthetic,llm_full_html,syn-0014,syn-0014-e08,llm_full_html-46a091223e148e,reviews_count,False,,,0,0,0
synthetic,llm_full_html,syn-0015,syn-0015-e03,llm_full_html-2e86b3f2168de4,availability,True,True,True,1,0,0
synthetic,llm_full_html,syn-0015,syn-0015-e03,llm_full_html-2e86b3f2168de4,delivery_time,True,2–3 дня,2–3 дня,1,0,0
synthetic,llm_full_html,syn-0015,syn-0015-e03,llm_full_html-2e86b3f2168de4,old_price,False,,,0,0,0
synthetic,llm_full_html,syn-0015,syn-0015-e03,llm_full_html-2e86b3f2168de4,image_url,False,,,0,0,0
synthetic,llm_full_html,syn-0015,syn-0015-e03,llm_full_html-2e86b3f2168de4,reviews_count,False,,,0,0,0
synthetic,llm_full_html,syn-0015,syn-0015-e15,llm_full_html-d0c6cc10f04195,availability,True,True,True,1,0,0
synthetic,llm_full_html,syn-0015,syn-0015-e15,llm_full_html-d0c6cc10f04195,delivery_time,True,2–3 дня,2–3 дня,1,0,0
synthetic,llm_full_html,syn-0015,syn-0015-e15,llm_full_html-d0c6cc10f04195,old_price,False,,,0,0,0
synthetic,llm_full_html,syn-0015,syn-0015-e15,llm_full_html-d0c6cc10f04195,image_url,False,,,0,0,0
synthetic,llm_full_html,syn-0015,syn-0015-e15,llm_full_html-d0c6cc10f04195,reviews_count,False,,,0,0,0
synthetic,llm_full_html,syn-0015,syn-0015-e25,llm_full_html-8987b7fb378b7c,availability,True,True,True,1,0,0
synthetic,llm_full_html,syn-0015,syn-0015-e25,llm_full_html-8987b7fb378b7c,delivery_time,True,2–3 дня,2–3 дня,1,0,0
synthetic,llm_full_html,syn-0015,syn-0015-e25,llm_full_html-8987b7fb378b7c,old_price,False,,,0,0,0
synthetic,llm_full_html,syn-0015,syn-0015-e25,llm_full_html-8987b7fb378b7c,image_url,False,,,0,0,0
synthetic,llm_full_html,syn-0015,syn-0015-e25,llm_full_html-8987b7fb378b7c,reviews_count,False,,,0,0,0
synthetic,llm_full_html,syn-0015,syn-0015-e09,llm_full_html-5f8b148a97a6e8,availability,True,True,True,1,0,0
synthetic,llm_full_html,syn-0015,syn-0015-e09,llm_full_html-5f8b148a97a6e8,delivery_time,True,1–5 дня,1–5 дня,1,0,0
synthetic,llm_full_html,syn-0015,syn-0015-e09,llm_full_html-5f8b148a97a6e8,old_price,False,,,0,0,0
synthetic,llm_full_html,syn-0015,syn-0015-e09,llm_full_html-5f8b148a97a6e8,image_url,False,,,0,0,0
synthetic,llm_full_html,syn-0015,syn-0015-e09,llm_full_html-5f8b148a97a6e8,reviews_count,False,,,0,0,0
synthetic,llm_full_html,syn-0015,syn-0015-e18,llm_full_html-a010dd22a9543f,availability,True,True,True,1,0,0
synthetic,llm_full_html,syn-0015,syn-0015-e18,llm_full_html-a010dd22a9543f,delivery_time,True,1–5 дня,1–5 дня,1,0,0
synthetic,llm_full_html,syn-0015,syn-0015-e18,llm_full_html-a010dd22a9543f,old_price,False,,,0,0,0
synthetic,llm_full_html,syn-0015,syn-0015-e18,llm_full_html-a010dd22a9543f,image_url,False,,,0,0,0
synthetic,llm_full_html,syn-0015,syn-0015-e18,llm_full_html-a010dd22a9543f,reviews_count,False,,,0,0,0
synthetic,llm_full_html,syn-0015,syn-0015-e28,llm_full_html-16c3018dbfff1b,availability,True,True,True,1,0,0
synthetic,llm_full_html,syn-0015,syn-0015-e28,llm_full_html-16c3018dbfff1b,delivery_time,True,1–5 дня,1–5 дня,1,0,0
synthetic,llm_full_html,syn-0015,syn-0015-e28,llm_full_html-16c3018dbfff1b,old_price,False,,,0,0,0
synthetic,llm_full_html,syn-0015,syn-0015-e28,llm_full_html-16c3018dbfff1b,image_url,False,,,0,0,0
synthetic,llm_full_html,syn-0015,syn-0015-e28,llm_full_html-16c3018dbfff1b,reviews_count,False,,,0,0,0
synthetic,llm_full_html,syn-0015,syn-0015-e01,llm_full_html-a9d78eba88ce5d,availability,True,False,False,1,0,0
synthetic,llm_full_html,syn-0015,syn-0015-e01,llm_full_html-a9d78eba88ce5d,delivery_time,True,3–5 дня,3–5 дня,1,0,0
synthetic,llm_full_html,syn-0015,syn-0015-e01,llm_full_html-a9d78eba88ce5d,old_price,False,,,0,0,0
synthetic,llm_full_html,syn-0015,syn-0015-e01,llm_full_html-a9d78eba88ce5d,image_url,False,,,0,0,0
synthetic,llm_full_html,syn-0015,syn-0015-e01,llm_full_html-a9d78eba88ce5d,reviews_count,False,,,0,0,0
synthetic,llm_full_html,syn-0015,syn-0015-e19,llm_full_html-45082f4ae46297,availability,True,False,False,1,0,0
synthetic,llm_full_html,syn-0015,syn-0015-e19,llm_full_html-45082f4ae46297,delivery_time,True,3–5 дня,3–5 дня,1,0,0
synthetic,llm_full_html,syn-0015,syn-0015-e19,llm_full_html-45082f4ae46297,old_price,False,,,0,0,0
synthetic,llm_full_html,syn-0015,syn-0015-e19,llm_full_html-45082f4ae46297,image_url,False,,,0,0,0
synthetic,llm_full_html,syn-0015,syn-0015-e19,llm_full_html-45082f4ae46297,reviews_count,False,,,0,0,0
synthetic,llm_full_html,syn-0015,syn-0015-e04,llm_full_html-357640a50907dd,availability,True,True,True,1,0,0
synthetic,llm_full_html,syn-0015,syn-0015-e04,llm_full_html-357640a50907dd,delivery_time,True,3–4 дня,3–4 дня,1,0,0
synthetic,llm_full_html,syn-0015,syn-0015-e04,llm_full_html-357640a50907dd,old_price,False,,,0,0,0
synthetic,llm_full_html,syn-0015,syn-0015-e04,llm_full_html-357640a50907dd,image_url,False,,,0,0,0
synthetic,llm_full_html,syn-0015,syn-0015-e04,llm_full_html-357640a50907dd,reviews_count,False,,,0,0,0
synthetic,llm_full_html,syn-0015,syn-0015-e13,llm_full_html-9508aad9aeed3b,availability,True,True,True,1,0,0
synthetic,llm_full_html,syn-0015,syn-0015-e13,llm_full_html-9508aad9aeed3b,delivery_time,True,3–4 дня,3–4 дня,1,0,0
synthetic,llm_full_html,syn-0015,syn-0015-e13,llm_full_html-9508aad9aeed3b,old_price,False,,,0,0,0
synthetic,llm_full_html,syn-0015,syn-0015-e13,llm_full_html-9508aad9aeed3b,image_url,False,,,0,0,0
synthetic,llm_full_html,syn-0015,syn-0015-e13,llm_full_html-9508aad9aeed3b,reviews_count,False,,,0,0,0
synthetic,llm_full_html,syn-0015,syn-0015-e23,llm_full_html-410bbc31d59a6e,availability,True,True,True,1,0,0
synthetic,llm_full_html,syn-0015,syn-0015-e23,llm_full_html-410bbc31d59a6e,delivery_time,True,3–4 дня,3–4 дня,1,0,0
synthetic,llm_full_html,syn-0015,syn-0015-e23,llm_full_html-410bbc31d59a6e,old_price,False,,,0,0,0
synthetic,llm_full_html,syn-0015,syn-0015-e23,llm_full_html-410bbc31d59a6e,image_url,False,,,0,0,0
synthetic,llm_full_html,syn-0015,syn-0015-e23,llm_full_html-410bbc31d59a6e,reviews_count,False,,,0,0,0
synthetic,llm_full_html,syn-0015,syn-0015-e06,llm_full_html-c14ed2341f6f1c,availability,True,True,True,1,0,0
synthetic,llm_full_html,syn-0015,syn-0015-e06,llm_full_html-c14ed2341f6f1c,delivery_time,True,1–5 дня,1–5 дня,1,0,0
synthetic,llm_full_html,syn-0015,syn-0015-e06,llm_full_html-c14ed2341f6f1c,old_price,False,,,0,0,0
synthetic,llm_full_html,syn-0015,syn-0015-e06,llm_full_html-c14ed2341f6f1c,image_url,False,,,0,0,0
synthetic,llm_full_html,syn-0015,syn-0015-e06,llm_full_html-c14ed2341f6f1c,reviews_count,False,,,0,0,0
synthetic,llm_full_html,syn-0015,syn-0015-e11,llm_full_html-cf8f2fbeac452e,availability,True,True,True,1,0,0
synthetic,llm_full_html,syn-0015,syn-0015-e11,llm_full_html-cf8f2fbeac452e,delivery_time,True,1–5 дня,1–5 дня,1,0,0
synthetic,llm_full_html,syn-0015,syn-0015-e11,llm_full_html-cf8f2fbeac452e,old_price,False,,,0,0,0
synthetic,llm_full_html,syn-0015,syn-0015-e11,llm_full_html-cf8f2fbeac452e,image_url,False,,,0,0,0
synthetic,llm_full_html,syn-0015,syn-0015-e11,llm_full_html-cf8f2fbeac452e,reviews_count,False,,,0,0,0
synthetic,llm_full_html,syn-0015,syn-0015-e21,llm_full_html-9bf34067551462,availability,True,True,True,1,0,0
synthetic,llm_full_html,syn-0015,syn-0015-e21,llm_full_html-9bf34067551462,delivery_time,True,1–5 дня,1–5 дня,1,0,0
synthetic,llm_full_html,syn-0015,syn-0015-e21,llm_full_html-9bf34067551462,old_price,False,,,0,0,0
synthetic,llm_full_html,syn-0015,syn-0015-e21,llm_full_html-9bf34067551462,image_url,False,,,0,0,0
synthetic,llm_full_html,syn-0015,syn-0015-e21,llm_full_html-9bf34067551462,reviews_count,False,,,0,0,0
synthetic,llm_full_html,syn-0015,syn-0015-e07,llm_full_html-1f4fef068cf399,availability,True,True,True,1,0,0
synthetic,llm_full_html,syn-0015,syn-0015-e07,llm_full_html-1f4fef068cf399,delivery_time,True,3–4 дня,3–4 дня,1,0,0
synthetic,llm_full_html,syn-0015,syn-0015-e07,llm_full_html-1f4fef068cf399,old_price,False,,,0,0,0
synthetic,llm_full_html,syn-0015,syn-0015-e07,llm_full_html-1f4fef068cf399,image_url,False,,,0,0,0
synthetic,llm_full_html,syn-0015,syn-0015-e07,llm_full_html-1f4fef068cf399,reviews_count,False,,,0,0,0
synthetic,llm_full_html,syn-0015,syn-0015-e16,llm_full_html-9ee2640b59055a,availability,True,True,True,1,0,0
synthetic,llm_full_html,syn-0015,syn-0015-e16,llm_full_html-9ee2640b59055a,delivery_time,True,3–4 дня,3–4 дня,1,0,0
synthetic,llm_full_html,syn-0015,syn-0015-e16,llm_full_html-9ee2640b59055a,old_price,False,,,0,0,0
synthetic,llm_full_html,syn-0015,syn-0015-e16,llm_full_html-9ee2640b59055a,image_url,False,,,0,0,0
synthetic,llm_full_html,syn-0015,syn-0015-e16,llm_full_html-9ee2640b59055a,reviews_count,False,,,0,0,0
synthetic,llm_full_html,syn-0015,syn-0015-e26,llm_full_html-7ec49f5ca4d0be,availability,True,True,True,1,0,0
synthetic,llm_full_html,syn-0015,syn-0015-e26,llm_full_html-7ec49f5ca4d0be,delivery_time,True,3–4 дня,3–4 дня,1,0,0
synthetic,llm_full_html,syn-0015,syn-0015-e26,llm_full_html-7ec49f5ca4d0be,old_price,False,,,0,0,0
synthetic,llm_full_html,syn-0015,syn-0015-e26,llm_full_html-7ec49f5ca4d0be,image_url,False,,,0,0,0
synthetic,llm_full_html,syn-0015,syn-0015-e26,llm_full_html-7ec49f5ca4d0be,reviews_count,False,,,0,0,0
synthetic,llm_full_html,syn-0015,syn-0015-e02,llm_full_html-01acbafd5ef45a,availability,True,True,True,1,0,0
synthetic,llm_full_html,syn-0015,syn-0015-e02,llm_full_html-01acbafd5ef45a,delivery_time,True,1–6 дня,1–6 дня,1,0,0
synthetic,llm_full_html,syn-0015,syn-0015-e02,llm_full_html-01acbafd5ef45a,old_price,False,,,0,0,0
synthetic,llm_full_html,syn-0015,syn-0015-e02,llm_full_html-01acbafd5ef45a,image_url,False,,,0,0,0
synthetic,llm_full_html,syn-0015,syn-0015-e02,llm_full_html-01acbafd5ef45a,reviews_count,False,,,0,0,0
synthetic,llm_full_html,syn-0015,syn-0015-e14,llm_full_html-a1cd3705309388,availability,True,True,True,1,0,0
synthetic,llm_full_html,syn-0015,syn-0015-e14,llm_full_html-a1cd3705309388,delivery_time,True,1–6 дня,1–6 дня,1,0,0
synthetic,llm_full_html,syn-0015,syn-0015-e14,llm_full_html-a1cd3705309388,old_price,False,,,0,0,0
synthetic,llm_full_html,syn-0015,syn-0015-e14,llm_full_html-a1cd3705309388,image_url,False,,,0,0,0
synthetic,llm_full_html,syn-0015,syn-0015-e14,llm_full_html-a1cd3705309388,reviews_count,False,,,0,0,0
synthetic,llm_full_html,syn-0015,syn-0015-e24,llm_full_html-ecf65b5ecbe54c,availability,True,True,True,1,0,0
synthetic,llm_full_html,syn-0015,syn-0015-e24,llm_full_html-ecf65b5ecbe54c,delivery_time,True,1–6 дня,1–6 дня,1,0,0
synthetic,llm_full_html,syn-0015,syn-0015-e24,llm_full_html-ecf65b5ecbe54c,old_price,False,,,0,0,0
synthetic,llm_full_html,syn-0015,syn-0015-e24,llm_full_html-ecf65b5ecbe54c,image_url,False,,,0,0,0
synthetic,llm_full_html,syn-0015,syn-0015-e24,llm_full_html-ecf65b5ecbe54c,reviews_count,False,,,0,0,0
synthetic,llm_full_html,syn-0015,syn-0015-e10,llm_full_html-6184df528e283e,availability,True,True,True,1,0,0
synthetic,llm_full_html,syn-0015,syn-0015-e10,llm_full_html-6184df528e283e,delivery_time,True,2–6 дня,2–6 дня,1,0,0
synthetic,llm_full_html,syn-0015,syn-0015-e10,llm_full_html-6184df528e283e,old_price,False,,,0,0,0
synthetic,llm_full_html,syn-0015,syn-0015-e10,llm_full_html-6184df528e283e,image_url,False,,,0,0,0
synthetic,llm_full_html,syn-0015,syn-0015-e10,llm_full_html-6184df528e283e,reviews_count,False,,,0,0,0
synthetic,llm_full_html,syn-0015,syn-0015-e20,llm_full_html-90d7559d416412,availability,True,True,True,1,0,0
synthetic,llm_full_html,syn-0015,syn-0015-e20,llm_full_html-90d7559d416412,delivery_time,True,2–6 дня,2–6 дня,1,0,0
synthetic,llm_full_html,syn-0015,syn-0015-e20,llm_full_html-90d7559d416412,old_price,False,,,0,0,0
synthetic,llm_full_html,syn-0015,syn-0015-e20,llm_full_html-90d7559d416412,image_url,False,,,0,0,0
synthetic,llm_full_html,syn-0015,syn-0015-e20,llm_full_html-90d7559d416412,reviews_count,False,,,0,0,0
synthetic,llm_full_html,syn-0015,syn-0015-e05,llm_full_html-3f785dc0b9cd38,availability,True,True,True,1,0,0
synthetic,llm_full_html,syn-0015,syn-0015-e05,llm_full_html-3f785dc0b9cd38,delivery_time,True,1–5 дня,1–5 дня,1,0,0
synthetic,llm_full_html,syn-0015,syn-0015-e05,llm_full_html-3f785dc0b9cd38,old_price,False,,,0,0,0
synthetic,llm_full_html,syn-0015,syn-0015-e05,llm_full_html-3f785dc0b9cd38,image_url,False,,,0,0,0
synthetic,llm_full_html,syn-0015,syn-0015-e05,llm_full_html-3f785dc0b9cd38,reviews_count,False,,,0,0,0
synthetic,llm_full_html,syn-0015,syn-0015-e12,llm_full_html-fb0cc0941e4750,availability,True,True,True,1,0,0
synthetic,llm_full_html,syn-0015,syn-0015-e12,llm_full_html-fb0cc0941e4750,delivery_time,True,1–5 дня,1–5 дня,1,0,0
synthetic,llm_full_html,syn-0015,syn-0015-e12,llm_full_html-fb0cc0941e4750,old_price,False,,,0,0,0
synthetic,llm_full_html,syn-0015,syn-0015-e12,llm_full_html-fb0cc0941e4750,image_url,False,,,0,0,0
synthetic,llm_full_html,syn-0015,syn-0015-e12,llm_full_html-fb0cc0941e4750,reviews_count,False,,,0,0,0
synthetic,llm_full_html,syn-0015,syn-0015-e22,llm_full_html-e5dc4bda477808,availability,True,True,True,1,0,0
synthetic,llm_full_html,syn-0015,syn-0015-e22,llm_full_html-e5dc4bda477808,delivery_time,True,1–5 дня,1–5 дня,1,0,0
synthetic,llm_full_html,syn-0015,syn-0015-e22,llm_full_html-e5dc4bda477808,old_price,False,,,0,0,0
synthetic,llm_full_html,syn-0015,syn-0015-e22,llm_full_html-e5dc4bda477808,image_url,False,,,0,0,0
synthetic,llm_full_html,syn-0015,syn-0015-e22,llm_full_html-e5dc4bda477808,reviews_count,False,,,0,0,0
synthetic,llm_full_html,syn-0015,syn-0015-e08,llm_full_html-ea332798697d7b,availability,True,True,True,1,0,0
synthetic,llm_full_html,syn-0015,syn-0015-e08,llm_full_html-ea332798697d7b,delivery_time,True,2–6 дня,2–6 дня,1,0,0
synthetic,llm_full_html,syn-0015,syn-0015-e08,llm_full_html-ea332798697d7b,old_price,False,,,0,0,0
synthetic,llm_full_html,syn-0015,syn-0015-e08,llm_full_html-ea332798697d7b,image_url,False,,,0,0,0
synthetic,llm_full_html,syn-0015,syn-0015-e08,llm_full_html-ea332798697d7b,reviews_count,False,,,0,0,0
synthetic,llm_full_html,syn-0015,syn-0015-e17,llm_full_html-709c36eb27cb6e,availability,True,True,True,1,0,0
synthetic,llm_full_html,syn-0015,syn-0015-e17,llm_full_html-709c36eb27cb6e,delivery_time,True,2–6 дня,2–6 дня,1,0,0
synthetic,llm_full_html,syn-0015,syn-0015-e17,llm_full_html-709c36eb27cb6e,old_price,False,,,0,0,0
synthetic,llm_full_html,syn-0015,syn-0015-e17,llm_full_html-709c36eb27cb6e,image_url,False,,,0,0,0
synthetic,llm_full_html,syn-0015,syn-0015-e17,llm_full_html-709c36eb27cb6e,reviews_count,False,,,0,0,0
synthetic,llm_full_html,syn-0015,syn-0015-e27,llm_full_html-d260035950da32,availability,True,True,True,1,0,0
synthetic,llm_full_html,syn-0015,syn-0015-e27,llm_full_html-d260035950da32,delivery_time,True,2–6 дня,2–6 дня,1,0,0
synthetic,llm_full_html,syn-0015,syn-0015-e27,llm_full_html-d260035950da32,old_price,False,,,0,0,0
synthetic,llm_full_html,syn-0015,syn-0015-e27,llm_full_html-d260035950da32,image_url,False,,,0,0,0
synthetic,llm_full_html,syn-0015,syn-0015-e27,llm_full_html-d260035950da32,reviews_count,False,,,0,0,0
synthetic,llm_full_html,syn-0016,syn-0016-e08,llm_full_html-964730d1b96120,availability,True,True,True,1,0,0
synthetic,llm_full_html,syn-0016,syn-0016-e08,llm_full_html-964730d1b96120,delivery_time,True,2–3 дня,,0,0,1
synthetic,llm_full_html,syn-0016,syn-0016-e08,llm_full_html-964730d1b96120,old_price,False,,,0,0,0
synthetic,llm_full_html,syn-0016,syn-0016-e08,llm_full_html-964730d1b96120,image_url,False,,,0,0,0
synthetic,llm_full_html,syn-0016,syn-0016-e08,llm_full_html-964730d1b96120,reviews_count,False,,,0,0,0
synthetic,llm_full_html,syn-0016,syn-0016-e04,llm_full_html-3738d9b28d23f8,availability,True,True,True,1,0,0
synthetic,llm_full_html,syn-0016,syn-0016-e04,llm_full_html-3738d9b28d23f8,delivery_time,True,1–5 дня,,0,0,1
synthetic,llm_full_html,syn-0016,syn-0016-e04,llm_full_html-3738d9b28d23f8,old_price,False,,,0,0,0
synthetic,llm_full_html,syn-0016,syn-0016-e04,llm_full_html-3738d9b28d23f8,image_url,False,,,0,0,0
synthetic,llm_full_html,syn-0016,syn-0016-e04,llm_full_html-3738d9b28d23f8,reviews_count,False,,,0,0,0
synthetic,llm_full_html,syn-0016,syn-0016-e10,llm_full_html-6747040665c31a,availability,True,False,False,1,0,0
synthetic,llm_full_html,syn-0016,syn-0016-e10,llm_full_html-6747040665c31a,delivery_time,True,3–5 дня,,0,0,1
synthetic,llm_full_html,syn-0016,syn-0016-e10,llm_full_html-6747040665c31a,old_price,False,,,0,0,0
synthetic,llm_full_html,syn-0016,syn-0016-e10,llm_full_html-6747040665c31a,image_url,False,,,0,0,0
synthetic,llm_full_html,syn-0016,syn-0016-e10,llm_full_html-6747040665c31a,reviews_count,False,,,0,0,0
synthetic,llm_full_html,syn-0016,syn-0016-e01,llm_full_html-54cba03f9e0a6d,availability,True,True,True,1,0,0
synthetic,llm_full_html,syn-0016,syn-0016-e01,llm_full_html-54cba03f9e0a6d,delivery_time,True,1–6 дня,,0,0,1
synthetic,llm_full_html,syn-0016,syn-0016-e01,llm_full_html-54cba03f9e0a6d,old_price,False,,,0,0,0
synthetic,llm_full_html,syn-0016,syn-0016-e01,llm_full_html-54cba03f9e0a6d,image_url,False,,,0,0,0
synthetic,llm_full_html,syn-0016,syn-0016-e01,llm_full_html-54cba03f9e0a6d,reviews_count,False,,,0,0,0
synthetic,llm_full_html,syn-0016,syn-0016-e13,llm_full_html-06581415149120,availability,True,True,True,1,0,0
synthetic,llm_full_html,syn-0016,syn-0016-e13,llm_full_html-06581415149120,delivery_time,True,3–4 дня,,0,0,1
synthetic,llm_full_html,syn-0016,syn-0016-e13,llm_full_html-06581415149120,old_price,False,,,0,0,0
synthetic,llm_full_html,syn-0016,syn-0016-e13,llm_full_html-06581415149120,image_url,False,,,0,0,0
synthetic,llm_full_html,syn-0016,syn-0016-e13,llm_full_html-06581415149120,reviews_count,False,,,0,0,0
synthetic,llm_full_html,syn-0016,syn-0016-e06,llm_full_html-448b4e35628076,availability,True,True,True,1,0,0
synthetic,llm_full_html,syn-0016,syn-0016-e06,llm_full_html-448b4e35628076,delivery_time,True,1–5 дня,,0,0,1
synthetic,llm_full_html,syn-0016,syn-0016-e06,llm_full_html-448b4e35628076,old_price,False,,,0,0,0
synthetic,llm_full_html,syn-0016,syn-0016-e06,llm_full_html-448b4e35628076,image_url,False,,,0,0,0
synthetic,llm_full_html,syn-0016,syn-0016-e06,llm_full_html-448b4e35628076,reviews_count,False,,,0,0,0
synthetic,llm_full_html,syn-0016,syn-0016-e11,llm_full_html-a439c9165d7b8a,availability,True,True,True,1,0,0
synthetic,llm_full_html,syn-0016,syn-0016-e11,llm_full_html-a439c9165d7b8a,delivery_time,True,1–5 дня,,0,0,1
synthetic,llm_full_html,syn-0016,syn-0016-e11,llm_full_html-a439c9165d7b8a,old_price,False,,,0,0,0
synthetic,llm_full_html,syn-0016,syn-0016-e11,llm_full_html-a439c9165d7b8a,image_url,False,,,0,0,0
synthetic,llm_full_html,syn-0016,syn-0016-e11,llm_full_html-a439c9165d7b8a,reviews_count,False,,,0,0,0
synthetic,llm_full_html,syn-0016,syn-0016-e03,llm_full_html-d2ffa0e1c3419d,availability,True,True,True,1,0,0
synthetic,llm_full_html,syn-0016,syn-0016-e03,llm_full_html-d2ffa0e1c3419d,delivery_time,True,3–4 дня,,0,0,1
synthetic,llm_full_html,syn-0016,syn-0016-e03,llm_full_html-d2ffa0e1c3419d,old_price,False,,,0,0,0
synthetic,llm_full_html,syn-0016,syn-0016-e03,llm_full_html-d2ffa0e1c3419d,image_url,False,,,0,0,0
synthetic,llm_full_html,syn-0016,syn-0016-e03,llm_full_html-d2ffa0e1c3419d,reviews_count,False,,,0,0,0
synthetic,llm_full_html,syn-0016,syn-0016-e07,llm_full_html-bedbb2f40577d0,availability,True,True,True,1,0,0
synthetic,llm_full_html,syn-0016,syn-0016-e07,llm_full_html-bedbb2f40577d0,delivery_time,True,1–6 дня,,0,0,1
synthetic,llm_full_html,syn-0016,syn-0016-e07,llm_full_html-bedbb2f40577d0,old_price,False,,,0,0,0
synthetic,llm_full_html,syn-0016,syn-0016-e07,llm_full_html-bedbb2f40577d0,image_url,False,,,0,0,0
synthetic,llm_full_html,syn-0016,syn-0016-e07,llm_full_html-bedbb2f40577d0,reviews_count,False,,,0,0,0
synthetic,llm_full_html,syn-0016,syn-0016-e14,llm_full_html-6e37a7ddf7f25f,availability,True,True,True,1,0,0
synthetic,llm_full_html,syn-0016,syn-0016-e14,llm_full_html-6e37a7ddf7f25f,delivery_time,True,1–6 дня,,0,0,1
synthetic,llm_full_html,syn-0016,syn-0016-e14,llm_full_html-6e37a7ddf7f25f,old_price,False,,,0,0,0
synthetic,llm_full_html,syn-0016,syn-0016-e14,llm_full_html-6e37a7ddf7f25f,image_url,False,,,0,0,0
synthetic,llm_full_html,syn-0016,syn-0016-e14,llm_full_html-6e37a7ddf7f25f,reviews_count,False,,,0,0,0
synthetic,llm_full_html,syn-0016,syn-0016-e05,llm_full_html-5357c44581526e,availability,True,True,True,1,0,0
synthetic,llm_full_html,syn-0016,syn-0016-e05,llm_full_html-5357c44581526e,delivery_time,True,2–6 дня,,0,0,1
synthetic,llm_full_html,syn-0016,syn-0016-e05,llm_full_html-5357c44581526e,old_price,False,,,0,0,0
synthetic,llm_full_html,syn-0016,syn-0016-e05,llm_full_html-5357c44581526e,image_url,False,,,0,0,0
synthetic,llm_full_html,syn-0016,syn-0016-e05,llm_full_html-5357c44581526e,reviews_count,False,,,0,0,0
synthetic,llm_full_html,syn-0016,syn-0016-e02,llm_full_html-a91165a624b00b,availability,True,True,True,1,0,0
synthetic,llm_full_html,syn-0016,syn-0016-e02,llm_full_html-a91165a624b00b,delivery_time,True,2–3 дня,,0,0,1
synthetic,llm_full_html,syn-0016,syn-0016-e02,llm_full_html-a91165a624b00b,old_price,False,,,0,0,0
synthetic,llm_full_html,syn-0016,syn-0016-e02,llm_full_html-a91165a624b00b,image_url,False,,,0,0,0
synthetic,llm_full_html,syn-0016,syn-0016-e02,llm_full_html-a91165a624b00b,reviews_count,False,,,0,0,0
synthetic,llm_full_html,syn-0016,syn-0016-e12,llm_full_html-5c73c5eb3b691a,availability,True,True,True,1,0,0
synthetic,llm_full_html,syn-0016,syn-0016-e12,llm_full_html-5c73c5eb3b691a,delivery_time,True,1–5 дня,,0,0,1
synthetic,llm_full_html,syn-0016,syn-0016-e12,llm_full_html-5c73c5eb3b691a,old_price,False,,,0,0,0
synthetic,llm_full_html,syn-0016,syn-0016-e12,llm_full_html-5c73c5eb3b691a,image_url,False,,,0,0,0
synthetic,llm_full_html,syn-0016,syn-0016-e12,llm_full_html-5c73c5eb3b691a,reviews_count,False,,,0,0,0
synthetic,llm_full_html,syn-0016,syn-0016-e09,llm_full_html-61de9bc0a533bc,availability,True,True,True,1,0,0
synthetic,llm_full_html,syn-0016,syn-0016-e09,llm_full_html-61de9bc0a533bc,delivery_time,True,2–6 дня,,0,0,1
synthetic,llm_full_html,syn-0016,syn-0016-e09,llm_full_html-61de9bc0a533bc,old_price,False,,,0,0,0
synthetic,llm_full_html,syn-0016,syn-0016-e09,llm_full_html-61de9bc0a533bc,image_url,False,,,0,0,0
synthetic,llm_full_html,syn-0016,syn-0016-e09,llm_full_html-61de9bc0a533bc,reviews_count,False,,,0,0,0
synthetic,llm_full_html,syn-0017,syn-0017-e09,llm_full_html-d91615e9dbc6db,availability,True,True,True,1,0,0
synthetic,llm_full_html,syn-0017,syn-0017-e09,llm_full_html-d91615e9dbc6db,delivery_time,True,2–3 дня,2–3 дня,1,0,0
synthetic,llm_full_html,syn-0017,syn-0017-e09,llm_full_html-d91615e9dbc6db,old_price,False,,,0,0,0
synthetic,llm_full_html,syn-0017,syn-0017-e09,llm_full_html-d91615e9dbc6db,image_url,False,,,0,0,0
synthetic,llm_full_html,syn-0017,syn-0017-e09,llm_full_html-d91615e9dbc6db,reviews_count,False,,,0,0,0
synthetic,llm_full_html,syn-0017,syn-0017-e15,llm_full_html-7a71995c58481a,availability,True,True,True,1,0,0
synthetic,llm_full_html,syn-0017,syn-0017-e15,llm_full_html-7a71995c58481a,delivery_time,True,2–3 дня,2–3 дня,1,0,0
synthetic,llm_full_html,syn-0017,syn-0017-e15,llm_full_html-7a71995c58481a,old_price,False,,,0,0,0
synthetic,llm_full_html,syn-0017,syn-0017-e15,llm_full_html-7a71995c58481a,image_url,False,,,0,0,0
synthetic,llm_full_html,syn-0017,syn-0017-e15,llm_full_html-7a71995c58481a,reviews_count,False,,,0,0,0
synthetic,llm_full_html,syn-0017,syn-0017-e01,llm_full_html-64b5da2d8a7db1,availability,True,True,True,1,0,0
synthetic,llm_full_html,syn-0017,syn-0017-e01,llm_full_html-64b5da2d8a7db1,delivery_time,True,2–3 дня,2–3 дня,1,0,0
synthetic,llm_full_html,syn-0017,syn-0017-e01,llm_full_html-64b5da2d8a7db1,old_price,False,,,0,0,0
synthetic,llm_full_html,syn-0017,syn-0017-e01,llm_full_html-64b5da2d8a7db1,image_url,False,,,0,0,0
synthetic,llm_full_html,syn-0017,syn-0017-e01,llm_full_html-64b5da2d8a7db1,reviews_count,False,,,0,0,0
synthetic,llm_full_html,syn-0017,syn-0017-e18,llm_full_html-b2c653a714d36e,availability,True,True,True,1,0,0
synthetic,llm_full_html,syn-0017,syn-0017-e18,llm_full_html-b2c653a714d36e,delivery_time,True,1–5 дня,1–5 дня,1,0,0
synthetic,llm_full_html,syn-0017,syn-0017-e18,llm_full_html-b2c653a714d36e,old_price,False,,,0,0,0
synthetic,llm_full_html,syn-0017,syn-0017-e18,llm_full_html-b2c653a714d36e,image_url,False,,,0,0,0
synthetic,llm_full_html,syn-0017,syn-0017-e18,llm_full_html-b2c653a714d36e,reviews_count,False,,,0,0,0
synthetic,llm_full_html,syn-0017,syn-0017-e05,llm_full_html-acde4bdef19d6c,availability,True,True,True,1,0,0
synthetic,llm_full_html,syn-0017,syn-0017-e05,llm_full_html-acde4bdef19d6c,delivery_time,True,3–3 дня,3–3 дня,1,0,0
synthetic,llm_full_html,syn-0017,syn-0017-e05,llm_full_html-acde4bdef19d6c,old_price,False,,,0,0,0
synthetic,llm_full_html,syn-0017,syn-0017-e05,llm_full_html-acde4bdef19d6c,image_url,False,,,0,0,0
synthetic,llm_full_html,syn-0017,syn-0017-e05,llm_full_html-acde4bdef19d6c,reviews_count,False,,,0,0,0
synthetic,llm_full_html,syn-0017,syn-0017-e19,llm_full_html-a7c384e7e12672,availability,True,False,False,1,0,0
synthetic,llm_full_html,syn-0017,syn-0017-e19,llm_full_html-a7c384e7e12672,delivery_time,True,3–5 дня,3–5 дня,1,0,0
synthetic,llm_full_html,syn-0017,syn-0017-e19,llm_full_html-a7c384e7e12672,old_price,False,,,0,0,0
synthetic,llm_full_html,syn-0017,syn-0017-e19,llm_full_html-a7c384e7e12672,image_url,False,,,0,0,0
synthetic,llm_full_html,syn-0017,syn-0017-e19,llm_full_html-a7c384e7e12672,reviews_count,False,,,0,0,0
synthetic,llm_full_html,syn-0017,syn-0017-e07,llm_full_html-5a0c803a17a75b,availability,True,True,True,1,0,0
synthetic,llm_full_html,syn-0017,syn-0017-e07,llm_full_html-5a0c803a17a75b,delivery_time,True,3–4 дня,3–4 дня,1,0,0
synthetic,llm_full_html,syn-0017,syn-0017-e07,llm_full_html-5a0c803a17a75b,old_price,False,,,0,0,0
synthetic,llm_full_html,syn-0017,syn-0017-e07,llm_full_html-5a0c803a17a75b,image_url,False,,,0,0,0
synthetic,llm_full_html,syn-0017,syn-0017-e07,llm_full_html-5a0c803a17a75b,reviews_count,False,,,0,0,0
synthetic,llm_full_html,syn-0017,syn-0017-e13,llm_full_html-ea1fb4f2fc88b7,availability,True,True,True,1,0,0
synthetic,llm_full_html,syn-0017,syn-0017-e13,llm_full_html-ea1fb4f2fc88b7,delivery_time,True,3–4 дня,3–4 дня,1,0,0
synthetic,llm_full_html,syn-0017,syn-0017-e13,llm_full_html-ea1fb4f2fc88b7,old_price,False,,,0,0,0
synthetic,llm_full_html,syn-0017,syn-0017-e13,llm_full_html-ea1fb4f2fc88b7,image_url,False,,,0,0,0
synthetic,llm_full_html,syn-0017,syn-0017-e13,llm_full_html-ea1fb4f2fc88b7,reviews_count,False,,,0,0,0
synthetic,llm_full_html,syn-0017,syn-0017-e23,llm_full_html-bf12573bd8fd7f,availability,True,True,True,1,0,0
synthetic,llm_full_html,syn-0017,syn-0017-e23,llm_full_html-bf12573bd8fd7f,delivery_time,True,3–4 дня,3–4 дня,1,0,0
synthetic,llm_full_html,syn-0017,syn-0017-e23,llm_full_html-bf12573bd8fd7f,old_price,False,,,0,0,0
synthetic,llm_full_html,syn-0017,syn-0017-e23,llm_full_html-bf12573bd8fd7f,image_url,False,,,0,0,0
synthetic,llm_full_html,syn-0017,syn-0017-e23,llm_full_html-bf12573bd8fd7f,reviews_count,False,,,0,0,0
synthetic,llm_full_html,syn-0017,syn-0017-e03,llm_full_html-547b147cfc95cc,availability,True,True,True,1,0,0
synthetic,llm_full_html,syn-0017,syn-0017-e03,llm_full_html-547b147cfc95cc,delivery_time,True,1–5 дня,1–5 дня,1,0,0
synthetic,llm_full_html,syn-0017,syn-0017-e03,llm_full_html-547b147cfc95cc,old_price,False,,,0,0,0
synthetic,llm_full_html,syn-0017,syn-0017-e03,llm_full_html-547b147cfc95cc,image_url,False,,,0,0,0
synthetic,llm_full_html,syn-0017,syn-0017-e03,llm_full_html-547b147cfc95cc,reviews_count,False,,,0,0,0
synthetic,llm_full_html,syn-0017,syn-0017-e11,llm_full_html-b539a7a3224955,availability,True,True,True,1,0,0
synthetic,llm_full_html,syn-0017,syn-0017-e11,llm_full_html-b539a7a3224955,delivery_time,True,1–5 дня,1–5 дня,1,0,0
synthetic,llm_full_html,syn-0017,syn-0017-e11,llm_full_html-b539a7a3224955,old_price,False,,,0,0,0
synthetic,llm_full_html,syn-0017,syn-0017-e11,llm_full_html-b539a7a3224955,image_url,False,,,0,0,0
synthetic,llm_full_html,syn-0017,syn-0017-e11,llm_full_html-b539a7a3224955,reviews_count,False,,,0,0,0
synthetic,llm_full_html,syn-0017,syn-0017-e21,llm_full_html-df2bc273e1e0b5,availability,True,True,True,1,0,0
synthetic,llm_full_html,syn-0017,syn-0017-e21,llm_full_html-df2bc273e1e0b5,delivery_time,True,1–5 дня,1–5 дня,1,0,0
synthetic,llm_full_html,syn-0017,syn-0017-e21,llm_full_html-df2bc273e1e0b5,old_price,False,,,0,0,0
synthetic,llm_full_html,syn-0017,syn-0017-e21,llm_full_html-df2bc273e1e0b5,image_url,False,,,0,0,0
synthetic,llm_full_html,syn-0017,syn-0017-e21,llm_full_html-df2bc273e1e0b5,reviews_count,False,,,0,0,0
synthetic,llm_full_html,syn-0017,syn-0017-e10,llm_full_html-0907337c5e0b29,availability,True,True,True,1,0,0
synthetic,llm_full_html,syn-0017,syn-0017-e10,llm_full_html-0907337c5e0b29,delivery_time,True,3–4 дня,3–4 дня,1,0,0
synthetic,llm_full_html,syn-0017,syn-0017-e10,llm_full_html-0907337c5e0b29,old_price,False,,,0,0,0
synthetic,llm_full_html,syn-0017,syn-0017-e10,llm_full_html-0907337c5e0b29,image_url,False,,,0,0,0
synthetic,llm_full_html,syn-0017,syn-0017-e10,llm_full_html-0907337c5e0b29,reviews_count,False,,,0,0,0
synthetic,llm_full_html,syn-0017,syn-0017-e16,llm_full_html-b0936b8c75fa84,availability,True,True,True,1,0,0
synthetic,llm_full_html,syn-0017,syn-0017-e16,llm_full_html-b0936b8c75fa84,delivery_time,True,3–4 дня,3–4 дня,1,0,0
synthetic,llm_full_html,syn-0017,syn-0017-e16,llm_full_html-b0936b8c75fa84,old_price,False,,,0,0,0
synthetic,llm_full_html,syn-0017,syn-0017-e16,llm_full_html-b0936b8c75fa84,image_url,False,,,0,0,0
synthetic,llm_full_html,syn-0017,syn-0017-e16,llm_full_html-b0936b8c75fa84,reviews_count,False,,,0,0,0
synthetic,llm_full_html,syn-0017,syn-0017-e08,llm_full_html-7c089b01be5988,availability,True,True,True,1,0,0
synthetic,llm_full_html,syn-0017,syn-0017-e08,llm_full_html-7c089b01be5988,delivery_time,True,1–6 дня,1–6 дня,1,0,0
synthetic,llm_full_html,syn-0017,syn-0017-e08,llm_full_html-7c089b01be5988,old_price,False,,,0,0,0
synthetic,llm_full_html,syn-0017,syn-0017-e08,llm_full_html-7c089b01be5988,image_url,False,,,0,0,0
synthetic,llm_full_html,syn-0017,syn-0017-e08,llm_full_html-7c089b01be5988,reviews_count,False,,,0,0,0
synthetic,llm_full_html,syn-0017,syn-0017-e14,llm_full_html-e8ba9234b637c5,availability,True,True,True,1,0,0
synthetic,llm_full_html,syn-0017,syn-0017-e14,llm_full_html-e8ba9234b637c5,delivery_time,True,1–6 дня,1–6 дня,1,0,0
synthetic,llm_full_html,syn-0017,syn-0017-e14,llm_full_html-e8ba9234b637c5,old_price,False,,,0,0,0
synthetic,llm_full_html,syn-0017,syn-0017-e14,llm_full_html-e8ba9234b637c5,image_url,False,,,0,0,0
synthetic,llm_full_html,syn-0017,syn-0017-e14,llm_full_html-e8ba9234b637c5,reviews_count,False,,,0,0,0
synthetic,llm_full_html,syn-0017,syn-0017-e24,llm_full_html-5953cb25e57d8c,availability,True,True,True,1,0,0
synthetic,llm_full_html,syn-0017,syn-0017-e24,llm_full_html-5953cb25e57d8c,delivery_time,True,1–6 дня,1–6 дня,1,0,0
synthetic,llm_full_html,syn-0017,syn-0017-e24,llm_full_html-5953cb25e57d8c,old_price,False,,,0,0,0
synthetic,llm_full_html,syn-0017,syn-0017-e24,llm_full_html-5953cb25e57d8c,image_url,False,,,0,0,0
synthetic,llm_full_html,syn-0017,syn-0017-e24,llm_full_html-5953cb25e57d8c,reviews_count,False,,,0,0,0
synthetic,llm_full_html,syn-0017,syn-0017-e02,llm_full_html-f7a36afd3831e7,availability,True,True,True,1,0,0
synthetic,llm_full_html,syn-0017,syn-0017-e02,llm_full_html-f7a36afd3831e7,delivery_time,True,3–4 дня,3–4 дня,1,0,0
synthetic,llm_full_html,syn-0017,syn-0017-e02,llm_full_html-f7a36afd3831e7,old_price,False,,,0,0,0
synthetic,llm_full_html,syn-0017,syn-0017-e02,llm_full_html-f7a36afd3831e7,image_url,False,,,0,0,0
synthetic,llm_full_html,syn-0017,syn-0017-e02,llm_full_html-f7a36afd3831e7,reviews_count,False,,,0,0,0
synthetic,llm_full_html,syn-0017,syn-0017-e20,llm_full_html-99a61bdd21de3f,availability,True,True,True,1,0,0
synthetic,llm_full_html,syn-0017,syn-0017-e20,llm_full_html-99a61bdd21de3f,delivery_time,True,2–6 дня,2–6 дня,1,0,0
synthetic,llm_full_html,syn-0017,syn-0017-e20,llm_full_html-99a61bdd21de3f,old_price,False,,,0,0,0
synthetic,llm_full_html,syn-0017,syn-0017-e20,llm_full_html-99a61bdd21de3f,image_url,False,,,0,0,0
synthetic,llm_full_html,syn-0017,syn-0017-e20,llm_full_html-99a61bdd21de3f,reviews_count,False,,,0,0,0
synthetic,llm_full_html,syn-0017,syn-0017-e06,llm_full_html-f83d128f9727cf,availability,True,True,True,1,0,0
synthetic,llm_full_html,syn-0017,syn-0017-e06,llm_full_html-f83d128f9727cf,delivery_time,True,1–5 дня,1–5 дня,1,0,0
synthetic,llm_full_html,syn-0017,syn-0017-e06,llm_full_html-f83d128f9727cf,old_price,False,,,0,0,0
synthetic,llm_full_html,syn-0017,syn-0017-e06,llm_full_html-f83d128f9727cf,image_url,False,,,0,0,0
synthetic,llm_full_html,syn-0017,syn-0017-e06,llm_full_html-f83d128f9727cf,reviews_count,False,,,0,0,0
synthetic,llm_full_html,syn-0017,syn-0017-e12,llm_full_html-3e0d70c07ab062,availability,True,True,True,1,0,0
synthetic,llm_full_html,syn-0017,syn-0017-e12,llm_full_html-3e0d70c07ab062,delivery_time,True,1–5 дня,1–5 дня,1,0,0
synthetic,llm_full_html,syn-0017,syn-0017-e12,llm_full_html-3e0d70c07ab062,old_price,False,,,0,0,0
synthetic,llm_full_html,syn-0017,syn-0017-e12,llm_full_html-3e0d70c07ab062,image_url,False,,,0,0,0
synthetic,llm_full_html,syn-0017,syn-0017-e12,llm_full_html-3e0d70c07ab062,reviews_count,False,,,0,0,0
synthetic,llm_full_html,syn-0017,syn-0017-e22,llm_full_html-ce3873d7c7bc82,availability,True,True,True,1,0,0
synthetic,llm_full_html,syn-0017,syn-0017-e22,llm_full_html-ce3873d7c7bc82,delivery_time,True,1–5 дня,1–5 дня,1,0,0
synthetic,llm_full_html,syn-0017,syn-0017-e22,llm_full_html-ce3873d7c7bc82,old_price,False,,,0,0,0
synthetic,llm_full_html,syn-0017,syn-0017-e22,llm_full_html-ce3873d7c7bc82,image_url,False,,,0,0,0
synthetic,llm_full_html,syn-0017,syn-0017-e22,llm_full_html-ce3873d7c7bc82,reviews_count,False,,,0,0,0
synthetic,llm_full_html,syn-0017,syn-0017-e04,llm_full_html-f9da30388fb46c,availability,True,True,True,1,0,0
synthetic,llm_full_html,syn-0017,syn-0017-e04,llm_full_html-f9da30388fb46c,delivery_time,True,2–6 дня,2–6 дня,1,0,0
synthetic,llm_full_html,syn-0017,syn-0017-e04,llm_full_html-f9da30388fb46c,old_price,False,,,0,0,0
synthetic,llm_full_html,syn-0017,syn-0017-e04,llm_full_html-f9da30388fb46c,image_url,False,,,0,0,0
synthetic,llm_full_html,syn-0017,syn-0017-e04,llm_full_html-f9da30388fb46c,reviews_count,False,,,0,0,0
synthetic,llm_full_html,syn-0017,syn-0017-e17,llm_full_html-c608b8fe002fc6,availability,True,True,True,1,0,0
synthetic,llm_full_html,syn-0017,syn-0017-e17,llm_full_html-c608b8fe002fc6,delivery_time,True,2–6 дня,2–6 дня,1,0,0
synthetic,llm_full_html,syn-0017,syn-0017-e17,llm_full_html-c608b8fe002fc6,old_price,False,,,0,0,0
synthetic,llm_full_html,syn-0017,syn-0017-e17,llm_full_html-c608b8fe002fc6,image_url,False,,,0,0,0
synthetic,llm_full_html,syn-0017,syn-0017-e17,llm_full_html-c608b8fe002fc6,reviews_count,False,,,0,0,0
synthetic,llm_full_html,syn-0018,syn-0018-e04,llm_full_html-5bc80b168020be,availability,True,True,True,1,0,0
synthetic,llm_full_html,syn-0018,syn-0018-e04,llm_full_html-5bc80b168020be,delivery_time,True,3–3 дня,3–3 дня,1,0,0
synthetic,llm_full_html,syn-0018,syn-0018-e04,llm_full_html-5bc80b168020be,old_price,False,,,0,0,0
synthetic,llm_full_html,syn-0018,syn-0018-e04,llm_full_html-5bc80b168020be,image_url,False,,,0,0,0
synthetic,llm_full_html,syn-0018,syn-0018-e04,llm_full_html-5bc80b168020be,reviews_count,False,,,0,0,0
synthetic,llm_full_html,syn-0018,syn-0018-e15,llm_full_html-5964b9464a9d85,availability,True,True,True,1,0,0
synthetic,llm_full_html,syn-0018,syn-0018-e15,llm_full_html-5964b9464a9d85,delivery_time,True,2–3 дня,2–3 дня,1,0,0
synthetic,llm_full_html,syn-0018,syn-0018-e15,llm_full_html-5964b9464a9d85,old_price,False,,,0,0,0
synthetic,llm_full_html,syn-0018,syn-0018-e15,llm_full_html-5964b9464a9d85,image_url,False,,,0,0,0
synthetic,llm_full_html,syn-0018,syn-0018-e15,llm_full_html-5964b9464a9d85,reviews_count,False,,,0,0,0
synthetic,llm_full_html,syn-0018,syn-0018-e09,llm_full_html-fd21111c57d193,availability,True,True,True,1,0,0
synthetic,llm_full_html,syn-0018,syn-0018-e09,llm_full_html-fd21111c57d193,delivery_time,True,1–5 дня,1–5 дня,1,0,0
synthetic,llm_full_html,syn-0018,syn-0018-e09,llm_full_html-fd21111c57d193,old_price,False,,,0,0,0
synthetic,llm_full_html,syn-0018,syn-0018-e09,llm_full_html-fd21111c57d193,image_url,False,,,0,0,0
synthetic,llm_full_html,syn-0018,syn-0018-e09,llm_full_html-fd21111c57d193,reviews_count,False,,,0,0,0
synthetic,llm_full_html,syn-0018,syn-0018-e18,llm_full_html-03d62ba4e70d25,availability,True,True,True,1,0,0
synthetic,llm_full_html,syn-0018,syn-0018-e18,llm_full_html-03d62ba4e70d25,delivery_time,True,1–5 дня,1–5 дня,1,0,0
synthetic,llm_full_html,syn-0018,syn-0018-e18,llm_full_html-03d62ba4e70d25,old_price,False,,,0,0,0
synthetic,llm_full_html,syn-0018,syn-0018-e18,llm_full_html-03d62ba4e70d25,image_url,False,,,0,0,0
synthetic,llm_full_html,syn-0018,syn-0018-e18,llm_full_html-03d62ba4e70d25,reviews_count,False,,,0,0,0
synthetic,llm_full_html,syn-0018,syn-0018-e02,llm_full_html-14c58f52fd3050,availability,True,True,True,1,0,0
synthetic,llm_full_html,syn-0018,syn-0018-e02,llm_full_html-14c58f52fd3050,delivery_time,True,1–5 дня,1–5 дня,1,0,0
synthetic,llm_full_html,syn-0018,syn-0018-e02,llm_full_html-14c58f52fd3050,old_price,False,,,0,0,0
synthetic,llm_full_html,syn-0018,syn-0018-e02,llm_full_html-14c58f52fd3050,image_url,False,,,0,0,0
synthetic,llm_full_html,syn-0018,syn-0018-e02,llm_full_html-14c58f52fd3050,reviews_count,False,,,0,0,0
synthetic,llm_full_html,syn-0018,syn-0018-e05,llm_full_html-5a82acda3112b7,availability,True,False,False,1,0,0
synthetic,llm_full_html,syn-0018,syn-0018-e05,llm_full_html-5a82acda3112b7,delivery_time,True,1–4 дня,1–4 дня,1,0,0
synthetic,llm_full_html,syn-0018,syn-0018-e05,llm_full_html-5a82acda3112b7,old_price,False,,,0,0,0
synthetic,llm_full_html,syn-0018,syn-0018-e05,llm_full_html-5a82acda3112b7,image_url,False,,,0,0,0
synthetic,llm_full_html,syn-0018,syn-0018-e05,llm_full_html-5a82acda3112b7,reviews_count,False,,,0,0,0
synthetic,llm_full_html,syn-0018,syn-0018-e13,llm_full_html-662cbc68cfdb56,availability,True,True,True,1,0,0
synthetic,llm_full_html,syn-0018,syn-0018-e13,llm_full_html-662cbc68cfdb56,delivery_time,True,3–4 дня,3–4 дня,1,0,0
synthetic,llm_full_html,syn-0018,syn-0018-e13,llm_full_html-662cbc68cfdb56,old_price,False,,,0,0,0
synthetic,llm_full_html,syn-0018,syn-0018-e13,llm_full_html-662cbc68cfdb56,image_url,False,,,0,0,0
synthetic,llm_full_html,syn-0018,syn-0018-e13,llm_full_html-662cbc68cfdb56,reviews_count,False,,,0,0,0
synthetic,llm_full_html,syn-0018,syn-0018-e06,llm_full_html-9d6b7d1d68c107,availability,True,True,True,1,0,0
synthetic,llm_full_html,syn-0018,syn-0018-e06,llm_full_html-9d6b7d1d68c107,delivery_time,True,1–5 дня,1–5 дня,1,0,0
synthetic,llm_full_html,syn-0018,syn-0018-e06,llm_full_html-9d6b7d1d68c107,old_price,False,,,0,0,0
synthetic,llm_full_html,syn-0018,syn-0018-e06,llm_full_html-9d6b7d1d68c107,image_url,False,,,0,0,0
synthetic,llm_full_html,syn-0018,syn-0018-e06,llm_full_html-9d6b7d1d68c107,reviews_count,False,,,0,0,0
synthetic,llm_full_html,syn-0018,syn-0018-e11,llm_full_html-1b39725a064dde,availability,True,True,True,1,0,0
synthetic,llm_full_html,syn-0018,syn-0018-e11,llm_full_html-1b39725a064dde,delivery_time,True,1–5 дня,1–5 дня,1,0,0
synthetic,llm_full_html,syn-0018,syn-0018-e11,llm_full_html-1b39725a064dde,old_price,False,,,0,0,0
synthetic,llm_full_html,syn-0018,syn-0018-e11,llm_full_html-1b39725a064dde,image_url,False,,,0,0,0
synthetic,llm_full_html,syn-0018,syn-0018-e11,llm_full_html-1b39725a064dde,reviews_count,False,,,0,0,0
synthetic,llm_full_html,syn-0018,syn-0018-e08,llm_full_html-5dc2910ea6ce0c,availability,True,True,True,1,0,0
synthetic,llm_full_html,syn-0018,syn-0018-e08,llm_full_html-5dc2910ea6ce0c,delivery_time,True,3–4 дня,3–4 дня,1,0,0
synthetic,llm_full_html,syn-0018,syn-0018-e08,llm_full_html-5dc2910ea6ce0c,old_price,False,,,0,0,0
synthetic,llm_full_html,syn-0018,syn-0018-e08,llm_full_html-5dc2910ea6ce0c,image_url,False,,,0,0,0
synthetic,llm_full_html,syn-0018,syn-0018-e08,llm_full_html-5dc2910ea6ce0c,reviews_count,False,,,0,0,0
synthetic,llm_full_html,syn-0018,syn-0018-e16,llm_full_html-42c500e44a4763,availability,True,True,True,1,0,0
synthetic,llm_full_html,syn-0018,syn-0018-e16,llm_full_html-42c500e44a4763,delivery_time,True,3–4 дня,3–4 дня,1,0,0
synthetic,llm_full_html,syn-0018,syn-0018-e16,llm_full_html-42c500e44a4763,old_price,False,,,0,0,0
synthetic,llm_full_html,syn-0018,syn-0018-e16,llm_full_html-42c500e44a4763,image_url,False,,,0,0,0
synthetic,llm_full_html,syn-0018,syn-0018-e16,llm_full_html-42c500e44a4763,reviews_count,False,,,0,0,0
synthetic,llm_full_html,syn-0018,syn-0018-e03,llm_full_html-5ea417c59f7a10,availability,True,True,True,1,0,0
synthetic,llm_full_html,syn-0018,syn-0018-e03,llm_full_html-5ea417c59f7a10,delivery_time,True,2–6 дня,2–6 дня,1,0,0
synthetic,llm_full_html,syn-0018,syn-0018-e03,llm_full_html-5ea417c59f7a10,old_price,False,,,0,0,0
synthetic,llm_full_html,syn-0018,syn-0018-e03,llm_full_html-5ea417c59f7a10,image_url,False,,,0,0,0
synthetic,llm_full_html,syn-0018,syn-0018-e03,llm_full_html-5ea417c59f7a10,reviews_count,False,,,0,0,0
synthetic,llm_full_html,syn-0018,syn-0018-e14,llm_full_html-92ea365469566c,availability,True,True,True,1,0,0
synthetic,llm_full_html,syn-0018,syn-0018-e14,llm_full_html-92ea365469566c,delivery_time,True,1–6 дня,1–6 дня,1,0,0
synthetic,llm_full_html,syn-0018,syn-0018-e14,llm_full_html-92ea365469566c,old_price,False,,,0,0,0
synthetic,llm_full_html,syn-0018,syn-0018-e14,llm_full_html-92ea365469566c,image_url,False,,,0,0,0
synthetic,llm_full_html,syn-0018,syn-0018-e14,llm_full_html-92ea365469566c,reviews_count,False,,,0,0,0
synthetic,llm_full_html,syn-0018,syn-0018-e10,llm_full_html-236f4feffd5de9,availability,True,True,True,1,0,0
synthetic,llm_full_html,syn-0018,syn-0018-e10,llm_full_html-236f4feffd5de9,delivery_time,True,2–6 дня,2–6 дня,1,0,0
synthetic,llm_full_html,syn-0018,syn-0018-e10,llm_full_html-236f4feffd5de9,old_price,False,,,0,0,0
synthetic,llm_full_html,syn-0018,syn-0018-e10,llm_full_html-236f4feffd5de9,image_url,False,,,0,0,0
synthetic,llm_full_html,syn-0018,syn-0018-e10,llm_full_html-236f4feffd5de9,reviews_count,False,,,0,0,0
synthetic,llm_full_html,syn-0018,syn-0018-e07,llm_full_html-b936f454df3071,availability,True,True,True,1,0,0
synthetic,llm_full_html,syn-0018,syn-0018-e07,llm_full_html-b936f454df3071,delivery_time,True,1–5 дня,1–5 дня,1,0,0
synthetic,llm_full_html,syn-0018,syn-0018-e07,llm_full_html-b936f454df3071,old_price,False,,,0,0,0
synthetic,llm_full_html,syn-0018,syn-0018-e07,llm_full_html-b936f454df3071,image_url,False,,,0,0,0
synthetic,llm_full_html,syn-0018,syn-0018-e07,llm_full_html-b936f454df3071,reviews_count,False,,,0,0,0
synthetic,llm_full_html,syn-0018,syn-0018-e12,llm_full_html-48d7448164889a,availability,True,True,True,1,0,0
synthetic,llm_full_html,syn-0018,syn-0018-e12,llm_full_html-48d7448164889a,delivery_time,True,1–5 дня,1–5 дня,1,0,0
synthetic,llm_full_html,syn-0018,syn-0018-e12,llm_full_html-48d7448164889a,old_price,False,,,0,0,0
synthetic,llm_full_html,syn-0018,syn-0018-e12,llm_full_html-48d7448164889a,image_url,False,,,0,0,0
synthetic,llm_full_html,syn-0018,syn-0018-e12,llm_full_html-48d7448164889a,reviews_count,False,,,0,0,0
synthetic,llm_full_html,syn-0018,syn-0018-e01,llm_full_html-69a1b90d9b28cd,availability,True,True,True,1,0,0
synthetic,llm_full_html,syn-0018,syn-0018-e01,llm_full_html-69a1b90d9b28cd,delivery_time,True,3–4 дня,3–4 дня,1,0,0
synthetic,llm_full_html,syn-0018,syn-0018-e01,llm_full_html-69a1b90d9b28cd,old_price,False,,,0,0,0
synthetic,llm_full_html,syn-0018,syn-0018-e01,llm_full_html-69a1b90d9b28cd,image_url,False,,,0,0,0
synthetic,llm_full_html,syn-0018,syn-0018-e01,llm_full_html-69a1b90d9b28cd,reviews_count,False,,,0,0,0
synthetic,llm_full_html,syn-0018,syn-0018-e17,llm_full_html-a439e7e7e370ae,availability,True,True,True,1,0,0
synthetic,llm_full_html,syn-0018,syn-0018-e17,llm_full_html-a439e7e7e370ae,delivery_time,True,2–6 дня,2–6 дня,1,0,0
synthetic,llm_full_html,syn-0018,syn-0018-e17,llm_full_html-a439e7e7e370ae,old_price,False,,,0,0,0
synthetic,llm_full_html,syn-0018,syn-0018-e17,llm_full_html-a439e7e7e370ae,image_url,False,,,0,0,0
synthetic,llm_full_html,syn-0018,syn-0018-e17,llm_full_html-a439e7e7e370ae,reviews_count,False,,,0,0,0
synthetic,llm_full_html,syn-0019,syn-0019-e06,llm_full_html-c0819d74504e30,availability,True,True,True,1,0,0
synthetic,llm_full_html,syn-0019,syn-0019-e06,llm_full_html-c0819d74504e30,delivery_time,True,3–6 дня,3–6 дня,1,0,0
synthetic,llm_full_html,syn-0019,syn-0019-e06,llm_full_html-c0819d74504e30,old_price,False,,,0,0,0
synthetic,llm_full_html,syn-0019,syn-0019-e06,llm_full_html-c0819d74504e30,image_url,False,,,0,0,0
synthetic,llm_full_html,syn-0019,syn-0019-e06,llm_full_html-c0819d74504e30,reviews_count,False,,,0,0,0
synthetic,llm_full_html,syn-0019,syn-0019-e11,llm_full_html-399a931cf86343,availability,True,True,True,1,0,0
synthetic,llm_full_html,syn-0019,syn-0019-e11,llm_full_html-399a931cf86343,delivery_time,True,3–6 дня,3–6 дня,1,0,0
synthetic,llm_full_html,syn-0019,syn-0019-e11,llm_full_html-399a931cf86343,old_price,False,,,0,0,0
synthetic,llm_full_html,syn-0019,syn-0019-e11,llm_full_html-399a931cf86343,image_url,False,,,0,0,0
synthetic,llm_full_html,syn-0019,syn-0019-e11,llm_full_html-399a931cf86343,reviews_count,False,,,0,0,0
synthetic,llm_full_html,syn-0019,syn-0019-e21,llm_full_html-939155f26c3cc3,availability,True,True,True,1,0,0
synthetic,llm_full_html,syn-0019,syn-0019-e21,llm_full_html-939155f26c3cc3,delivery_time,True,3–6 дня,3–6 дня,1,0,0
synthetic,llm_full_html,syn-0019,syn-0019-e21,llm_full_html-939155f26c3cc3,old_price,False,,,0,0,0
synthetic,llm_full_html,syn-0019,syn-0019-e21,llm_full_html-939155f26c3cc3,image_url,False,,,0,0,0
synthetic,llm_full_html,syn-0019,syn-0019-e21,llm_full_html-939155f26c3cc3,reviews_count,False,,,0,0,0
synthetic,llm_full_html,syn-0019,syn-0019-e07,llm_full_html-09fd421479b6ef,availability,True,True,True,1,0,0
synthetic,llm_full_html,syn-0019,syn-0019-e07,llm_full_html-09fd421479b6ef,delivery_time,True,2–5 дня,2–5 дня,1,0,0
synthetic,llm_full_html,syn-0019,syn-0019-e07,llm_full_html-09fd421479b6ef,old_price,False,,,0,0,0
synthetic,llm_full_html,syn-0019,syn-0019-e07,llm_full_html-09fd421479b6ef,image_url,False,,,0,0,0
synthetic,llm_full_html,syn-0019,syn-0019-e07,llm_full_html-09fd421479b6ef,reviews_count,False,,,0,0,0
synthetic,llm_full_html,syn-0019,syn-0019-e12,llm_full_html-e10b1965c6b3a8,availability,True,True,True,1,0,0
synthetic,llm_full_html,syn-0019,syn-0019-e12,llm_full_html-e10b1965c6b3a8,delivery_time,True,2–5 дня,2–5 дня,1,0,0
synthetic,llm_full_html,syn-0019,syn-0019-e12,llm_full_html-e10b1965c6b3a8,old_price,False,,,0,0,0
synthetic,llm_full_html,syn-0019,syn-0019-e12,llm_full_html-e10b1965c6b3a8,image_url,False,,,0,0,0
synthetic,llm_full_html,syn-0019,syn-0019-e12,llm_full_html-e10b1965c6b3a8,reviews_count,False,,,0,0,0
synthetic,llm_full_html,syn-0019,syn-0019-e22,llm_full_html-8e37847732dd6c,availability,True,True,True,1,0,0
synthetic,llm_full_html,syn-0019,syn-0019-e22,llm_full_html-8e37847732dd6c,delivery_time,True,2–5 дня,2–5 дня,1,0,0
synthetic,llm_full_html,syn-0019,syn-0019-e22,llm_full_html-8e37847732dd6c,old_price,False,,,0,0,0
synthetic,llm_full_html,syn-0019,syn-0019-e22,llm_full_html-8e37847732dd6c,image_url,False,,,0,0,0
synthetic,llm_full_html,syn-0019,syn-0019-e22,llm_full_html-8e37847732dd6c,reviews_count,False,,,0,0,0
synthetic,llm_full_html,syn-0019,syn-0019-e08,llm_full_html-56da56063383cf,availability,True,True,True,1,0,0
synthetic,llm_full_html,syn-0019,syn-0019-e08,llm_full_html-56da56063383cf,delivery_time,True,3–3 дня,3–3 дня,1,0,0
synthetic,llm_full_html,syn-0019,syn-0019-e08,llm_full_html-56da56063383cf,old_price,False,,,0,0,0
synthetic,llm_full_html,syn-0019,syn-0019-e08,llm_full_html-56da56063383cf,image_url,False,,,0,0,0
synthetic,llm_full_html,syn-0019,syn-0019-e08,llm_full_html-56da56063383cf,reviews_count,False,,,0,0,0
synthetic,llm_full_html,syn-0019,syn-0019-e13,llm_full_html-25a48a42a14967,availability,True,True,True,1,0,0
synthetic,llm_full_html,syn-0019,syn-0019-e13,llm_full_html-25a48a42a14967,delivery_time,True,3–3 дня,3–3 дня,1,0,0
synthetic,llm_full_html,syn-0019,syn-0019-e13,llm_full_html-25a48a42a14967,old_price,False,,,0,0,0
synthetic,llm_full_html,syn-0019,syn-0019-e13,llm_full_html-25a48a42a14967,image_url,False,,,0,0,0
synthetic,llm_full_html,syn-0019,syn-0019-e13,llm_full_html-25a48a42a14967,reviews_count,False,,,0,0,0
synthetic,llm_full_html,syn-0019,syn-0019-e03,llm_full_html-f91e41a17a77ff,availability,True,True,True,1,0,0
synthetic,llm_full_html,syn-0019,syn-0019-e03,llm_full_html-f91e41a17a77ff,delivery_time,True,3–3 дня,3–3 дня,1,0,0
synthetic,llm_full_html,syn-0019,syn-0019-e03,llm_full_html-f91e41a17a77ff,old_price,False,,,0,0,0
synthetic,llm_full_html,syn-0019,syn-0019-e03,llm_full_html-f91e41a17a77ff,image_url,False,,,0,0,0
synthetic,llm_full_html,syn-0019,syn-0019-e03,llm_full_html-f91e41a17a77ff,reviews_count,False,,,0,0,0
synthetic,llm_full_html,syn-0019,syn-0019-e15,llm_full_html-d0c9b7627b4ade,availability,True,True,True,1,0,0
synthetic,llm_full_html,syn-0019,syn-0019-e15,llm_full_html-d0c9b7627b4ade,delivery_time,True,3–3 дня,3–3 дня,1,0,0
synthetic,llm_full_html,syn-0019,syn-0019-e15,llm_full_html-d0c9b7627b4ade,old_price,False,,,0,0,0
synthetic,llm_full_html,syn-0019,syn-0019-e15,llm_full_html-d0c9b7627b4ade,image_url,False,,,0,0,0
synthetic,llm_full_html,syn-0019,syn-0019-e15,llm_full_html-d0c9b7627b4ade,reviews_count,False,,,0,0,0
synthetic,llm_full_html,syn-0019,syn-0019-e02,llm_full_html-d595291d880223,availability,True,True,True,1,0,0
synthetic,llm_full_html,syn-0019,syn-0019-e02,llm_full_html-d595291d880223,delivery_time,True,2–6 дня,2–6 дня,1,0,0
synthetic,llm_full_html,syn-0019,syn-0019-e02,llm_full_html-d595291d880223,old_price,False,,,0,0,0
synthetic,llm_full_html,syn-0019,syn-0019-e02,llm_full_html-d595291d880223,image_url,False,,,0,0,0
synthetic,llm_full_html,syn-0019,syn-0019-e02,llm_full_html-d595291d880223,reviews_count,False,,,0,0,0
synthetic,llm_full_html,syn-0019,syn-0019-e14,llm_full_html-910917b2799d3d,availability,True,True,True,1,0,0
synthetic,llm_full_html,syn-0019,syn-0019-e14,llm_full_html-910917b2799d3d,delivery_time,True,2–6 дня,2–6 дня,1,0,0
synthetic,llm_full_html,syn-0019,syn-0019-e14,llm_full_html-910917b2799d3d,old_price,False,,,0,0,0
synthetic,llm_full_html,syn-0019,syn-0019-e14,llm_full_html-910917b2799d3d,image_url,False,,,0,0,0
synthetic,llm_full_html,syn-0019,syn-0019-e14,llm_full_html-910917b2799d3d,reviews_count,False,,,0,0,0
synthetic,llm_full_html,syn-0019,syn-0019-e04,llm_full_html-2422924b9c0ccd,availability,True,False,False,1,0,0
synthetic,llm_full_html,syn-0019,syn-0019-e04,llm_full_html-2422924b9c0ccd,delivery_time,True,1–4 дня,1–4 дня,1,0,0
synthetic,llm_full_html,syn-0019,syn-0019-e04,llm_full_html-2422924b9c0ccd,old_price,False,,,0,0,0
synthetic,llm_full_html,syn-0019,syn-0019-e04,llm_full_html-2422924b9c0ccd,image_url,False,,,0,0,0
synthetic,llm_full_html,syn-0019,syn-0019-e04,llm_full_html-2422924b9c0ccd,reviews_count,False,,,0,0,0
synthetic,llm_full_html,syn-0019,syn-0019-e17,llm_full_html-ab8d2146bb9e80,availability,True,False,False,1,0,0
synthetic,llm_full_html,syn-0019,syn-0019-e17,llm_full_html-ab8d2146bb9e80,delivery_time,True,1–4 дня,1–4 дня,1,0,0
synthetic,llm_full_html,syn-0019,syn-0019-e17,llm_full_html-ab8d2146bb9e80,old_price,False,,,0,0,0
synthetic,llm_full_html,syn-0019,syn-0019-e17,llm_full_html-ab8d2146bb9e80,image_url,False,,,0,0,0
synthetic,llm_full_html,syn-0019,syn-0019-e17,llm_full_html-ab8d2146bb9e80,reviews_count,False,,,0,0,0
synthetic,llm_full_html,syn-0019,syn-0019-e05,llm_full_html-ff5c8231f63eb8,availability,True,True,True,1,0,0
synthetic,llm_full_html,syn-0019,syn-0019-e05,llm_full_html-ff5c8231f63eb8,delivery_time,True,2–5 дня,2–5 дня,1,0,0
synthetic,llm_full_html,syn-0019,syn-0019-e05,llm_full_html-ff5c8231f63eb8,old_price,False,,,0,0,0
synthetic,llm_full_html,syn-0019,syn-0019-e05,llm_full_html-ff5c8231f63eb8,image_url,False,,,0,0,0
synthetic,llm_full_html,syn-0019,syn-0019-e05,llm_full_html-ff5c8231f63eb8,reviews_count,False,,,0,0,0
synthetic,llm_full_html,syn-0019,syn-0019-e18,llm_full_html-2de064dfe1e6cf,availability,True,True,True,1,0,0
synthetic,llm_full_html,syn-0019,syn-0019-e18,llm_full_html-2de064dfe1e6cf,delivery_time,True,2–5 дня,2–5 дня,1,0,0
synthetic,llm_full_html,syn-0019,syn-0019-e18,llm_full_html-2de064dfe1e6cf,old_price,False,,,0,0,0
synthetic,llm_full_html,syn-0019,syn-0019-e18,llm_full_html-2de064dfe1e6cf,image_url,False,,,0,0,0
synthetic,llm_full_html,syn-0019,syn-0019-e18,llm_full_html-2de064dfe1e6cf,reviews_count,False,,,0,0,0
synthetic,llm_full_html,syn-0019,syn-0019-e09,llm_full_html-ecf5c53caf4b08,availability,True,True,True,1,0,0
synthetic,llm_full_html,syn-0019,syn-0019-e09,llm_full_html-ecf5c53caf4b08,delivery_time,True,2–6 дня,2–6 дня,1,0,0
synthetic,llm_full_html,syn-0019,syn-0019-e09,llm_full_html-ecf5c53caf4b08,old_price,False,,,0,0,0
synthetic,llm_full_html,syn-0019,syn-0019-e09,llm_full_html-ecf5c53caf4b08,image_url,False,,,0,0,0
synthetic,llm_full_html,syn-0019,syn-0019-e09,llm_full_html-ecf5c53caf4b08,reviews_count,False,,,0,0,0
synthetic,llm_full_html,syn-0019,syn-0019-e16,llm_full_html-635ff90bd02636,availability,True,True,True,1,0,0
synthetic,llm_full_html,syn-0019,syn-0019-e16,llm_full_html-635ff90bd02636,delivery_time,True,2–6 дня,2–6 дня,1,0,0
synthetic,llm_full_html,syn-0019,syn-0019-e16,llm_full_html-635ff90bd02636,old_price,False,,,0,0,0
synthetic,llm_full_html,syn-0019,syn-0019-e16,llm_full_html-635ff90bd02636,image_url,False,,,0,0,0
synthetic,llm_full_html,syn-0019,syn-0019-e16,llm_full_html-635ff90bd02636,reviews_count,False,,,0,0,0
synthetic,llm_full_html,syn-0019,syn-0019-e01,llm_full_html-bb5b470f4bae53,availability,True,True,True,1,0,0
synthetic,llm_full_html,syn-0019,syn-0019-e01,llm_full_html-bb5b470f4bae53,delivery_time,True,1–5 дня,1–5 дня,1,0,0
synthetic,llm_full_html,syn-0019,syn-0019-e01,llm_full_html-bb5b470f4bae53,old_price,False,,,0,0,0
synthetic,llm_full_html,syn-0019,syn-0019-e01,llm_full_html-bb5b470f4bae53,image_url,False,,,0,0,0
synthetic,llm_full_html,syn-0019,syn-0019-e01,llm_full_html-bb5b470f4bae53,reviews_count,False,,,0,0,0
synthetic,llm_full_html,syn-0019,syn-0019-e19,llm_full_html-10e660841c01f1,availability,True,True,True,1,0,0
synthetic,llm_full_html,syn-0019,syn-0019-e19,llm_full_html-10e660841c01f1,delivery_time,True,1–5 дня,1–5 дня,1,0,0
synthetic,llm_full_html,syn-0019,syn-0019-e19,llm_full_html-10e660841c01f1,old_price,False,,,0,0,0
synthetic,llm_full_html,syn-0019,syn-0019-e19,llm_full_html-10e660841c01f1,image_url,False,,,0,0,0
synthetic,llm_full_html,syn-0019,syn-0019-e19,llm_full_html-10e660841c01f1,reviews_count,False,,,0,0,0
synthetic,llm_full_html,syn-0019,syn-0019-e10,llm_full_html-8917013146b0bc,availability,True,False,False,1,0,0
synthetic,llm_full_html,syn-0019,syn-0019-e10,llm_full_html-8917013146b0bc,delivery_time,True,1–4 дня,1–4 дня,1,0,0
synthetic,llm_full_html,syn-0019,syn-0019-e10,llm_full_html-8917013146b0bc,old_price,False,,,0,0,0
synthetic,llm_full_html,syn-0019,syn-0019-e10,llm_full_html-8917013146b0bc,image_url,False,,,0,0,0
synthetic,llm_full_html,syn-0019,syn-0019-e10,llm_full_html-8917013146b0bc,reviews_count,False,,,0,0,0
synthetic,llm_full_html,syn-0019,syn-0019-e20,llm_full_html-88c7f69d1b999d,availability,True,False,False,1,0,0
synthetic,llm_full_html,syn-0019,syn-0019-e20,llm_full_html-88c7f69d1b999d,delivery_time,True,1–4 дня,1–4 дня,1,0,0
synthetic,llm_full_html,syn-0019,syn-0019-e20,llm_full_html-88c7f69d1b999d,old_price,False,,,0,0,0
synthetic,llm_full_html,syn-0019,syn-0019-e20,llm_full_html-88c7f69d1b999d,image_url,False,,,0,0,0
synthetic,llm_full_html,syn-0019,syn-0019-e20,llm_full_html-88c7f69d1b999d,reviews_count,False,,,0,0,0
synthetic,llm_full_html,syn-0020,syn-0020-e05,llm_full_html-f8803d673eac22,availability,True,True,True,1,0,0
synthetic,llm_full_html,syn-0020,syn-0020-e05,llm_full_html-f8803d673eac22,delivery_time,True,3–6 дня,3–6 дня,1,0,0
synthetic,llm_full_html,syn-0020,syn-0020-e05,llm_full_html-f8803d673eac22,old_price,False,,,0,0,0
synthetic,llm_full_html,syn-0020,syn-0020-e05,llm_full_html-f8803d673eac22,image_url,False,,,0,0,0
synthetic,llm_full_html,syn-0020,syn-0020-e05,llm_full_html-f8803d673eac22,reviews_count,False,,15.0,0,0,0
synthetic,llm_full_html,syn-0020,syn-0020-e11,llm_full_html-3a59867bc9114d,availability,True,True,True,1,0,0
synthetic,llm_full_html,syn-0020,syn-0020-e11,llm_full_html-3a59867bc9114d,delivery_time,True,3–6 дня,3–6 дня,1,0,0
synthetic,llm_full_html,syn-0020,syn-0020-e11,llm_full_html-3a59867bc9114d,old_price,False,,,0,0,0
synthetic,llm_full_html,syn-0020,syn-0020-e11,llm_full_html-3a59867bc9114d,image_url,False,,,0,0,0
synthetic,llm_full_html,syn-0020,syn-0020-e11,llm_full_html-3a59867bc9114d,reviews_count,False,,21.0,0,0,0
synthetic,llm_full_html,syn-0020,syn-0020-e04,llm_full_html-733b6795de1e4f,availability,True,True,True,1,0,0
synthetic,llm_full_html,syn-0020,syn-0020-e04,llm_full_html-733b6795de1e4f,delivery_time,True,2–5 дня,2–5 дня,1,0,0
synthetic,llm_full_html,syn-0020,syn-0020-e04,llm_full_html-733b6795de1e4f,old_price,False,,,0,0,0
synthetic,llm_full_html,syn-0020,syn-0020-e04,llm_full_html-733b6795de1e4f,image_url,False,,,0,0,0
synthetic,llm_full_html,syn-0020,syn-0020-e04,llm_full_html-733b6795de1e4f,reviews_count,False,,14.0,0,0,0
synthetic,llm_full_html,syn-0020,syn-0020-e12,llm_full_html-2d305c24294db7,availability,True,True,True,1,0,0
synthetic,llm_full_html,syn-0020,syn-0020-e12,llm_full_html-2d305c24294db7,delivery_time,True,2–5 дня,2–5 дня,1,0,0
synthetic,llm_full_html,syn-0020,syn-0020-e12,llm_full_html-2d305c24294db7,old_price,False,,,0,0,0
synthetic,llm_full_html,syn-0020,syn-0020-e12,llm_full_html-2d305c24294db7,image_url,False,,,0,0,0
synthetic,llm_full_html,syn-0020,syn-0020-e12,llm_full_html-2d305c24294db7,reviews_count,False,,22.0,0,0,0
synthetic,llm_full_html,syn-0020,syn-0020-e02,llm_full_html-3741e003425c0f,availability,True,True,True,1,0,0
synthetic,llm_full_html,syn-0020,syn-0020-e02,llm_full_html-3741e003425c0f,delivery_time,True,3–3 дня,3–3 дня,1,0,0
synthetic,llm_full_html,syn-0020,syn-0020-e02,llm_full_html-3741e003425c0f,old_price,False,,,0,0,0
synthetic,llm_full_html,syn-0020,syn-0020-e02,llm_full_html-3741e003425c0f,image_url,False,,,0,0,0
synthetic,llm_full_html,syn-0020,syn-0020-e02,llm_full_html-3741e003425c0f,reviews_count,False,,12.0,0,0,0
synthetic,llm_full_html,syn-0020,syn-0020-e13,llm_full_html-bb21170de3b4ae,availability,True,True,True,1,0,0
synthetic,llm_full_html,syn-0020,syn-0020-e13,llm_full_html-bb21170de3b4ae,delivery_time,True,3–3 дня,3–3 дня,1,0,0
synthetic,llm_full_html,syn-0020,syn-0020-e13,llm_full_html-bb21170de3b4ae,old_price,False,,,0,0,0
synthetic,llm_full_html,syn-0020,syn-0020-e13,llm_full_html-bb21170de3b4ae,image_url,False,,,0,0,0
synthetic,llm_full_html,syn-0020,syn-0020-e13,llm_full_html-bb21170de3b4ae,reviews_count,False,,23.0,0,0,0
synthetic,llm_full_html,syn-0020,syn-0020-e07,llm_full_html-8b2a27fc5d8cbc,availability,True,True,True,1,0,0
synthetic,llm_full_html,syn-0020,syn-0020-e07,llm_full_html-8b2a27fc5d8cbc,delivery_time,True,3–3 дня,3–3 дня,1,0,0
synthetic,llm_full_html,syn-0020,syn-0020-e07,llm_full_html-8b2a27fc5d8cbc,old_price,False,,,0,0,0
synthetic,llm_full_html,syn-0020,syn-0020-e07,llm_full_html-8b2a27fc5d8cbc,image_url,False,,,0,0,0
synthetic,llm_full_html,syn-0020,syn-0020-e07,llm_full_html-8b2a27fc5d8cbc,reviews_count,False,,17.0,0,0,0
synthetic,llm_full_html,syn-0020,syn-0020-e15,llm_full_html-d9b63a8975734f,availability,True,True,True,1,0,0
synthetic,llm_full_html,syn-0020,syn-0020-e15,llm_full_html-d9b63a8975734f,delivery_time,True,3–3 дня,3–3 дня,1,0,0
synthetic,llm_full_html,syn-0020,syn-0020-e15,llm_full_html-d9b63a8975734f,old_price,False,,,0,0,0
synthetic,llm_full_html,syn-0020,syn-0020-e15,llm_full_html-d9b63a8975734f,image_url,False,,,0,0,0
synthetic,llm_full_html,syn-0020,syn-0020-e15,llm_full_html-d9b63a8975734f,reviews_count,False,,25.0,0,0,0
synthetic,llm_full_html,syn-0020,syn-0020-e06,llm_full_html-feea6b703bb96c,availability,True,True,True,1,0,0
synthetic,llm_full_html,syn-0020,syn-0020-e06,llm_full_html-feea6b703bb96c,delivery_time,True,2–6 дня,2–6 дня,1,0,0
synthetic,llm_full_html,syn-0020,syn-0020-e06,llm_full_html-feea6b703bb96c,old_price,False,,,0,0,0
synthetic,llm_full_html,syn-0020,syn-0020-e06,llm_full_html-feea6b703bb96c,image_url,False,,,0,0,0
synthetic,llm_full_html,syn-0020,syn-0020-e06,llm_full_html-feea6b703bb96c,reviews_count,False,,16.0,0,0,0
synthetic,llm_full_html,syn-0020,syn-0020-e14,llm_full_html-b9bca7d7f61c50,availability,True,True,True,1,0,0
synthetic,llm_full_html,syn-0020,syn-0020-e14,llm_full_html-b9bca7d7f61c50,delivery_time,True,2–6 дня,2–6 дня,1,0,0
synthetic,llm_full_html,syn-0020,syn-0020-e14,llm_full_html-b9bca7d7f61c50,old_price,False,,,0,0,0
synthetic,llm_full_html,syn-0020,syn-0020-e14,llm_full_html-b9bca7d7f61c50,image_url,False,,,0,0,0
synthetic,llm_full_html,syn-0020,syn-0020-e14,llm_full_html-b9bca7d7f61c50,reviews_count,False,,24.0,0,0,0
synthetic,llm_full_html,syn-0020,syn-0020-e08,llm_full_html-64450698ac4c86,availability,True,False,False,1,0,0
synthetic,llm_full_html,syn-0020,syn-0020-e08,llm_full_html-64450698ac4c86,delivery_time,True,1–4 дня,1–4 дня,1,0,0
synthetic,llm_full_html,syn-0020,syn-0020-e08,llm_full_html-64450698ac4c86,old_price,False,,,0,0,0
synthetic,llm_full_html,syn-0020,syn-0020-e08,llm_full_html-64450698ac4c86,image_url,False,,,0,0,0
synthetic,llm_full_html,syn-0020,syn-0020-e08,llm_full_html-64450698ac4c86,reviews_count,False,,18.0,0,0,0
synthetic,llm_full_html,syn-0020,syn-0020-e17,llm_full_html-a4df86aad90f0a,availability,True,False,False,1,0,0
synthetic,llm_full_html,syn-0020,syn-0020-e17,llm_full_html-a4df86aad90f0a,delivery_time,True,1–4 дня,1–4 дня,1,0,0
synthetic,llm_full_html,syn-0020,syn-0020-e17,llm_full_html-a4df86aad90f0a,old_price,False,,,0,0,0
synthetic,llm_full_html,syn-0020,syn-0020-e17,llm_full_html-a4df86aad90f0a,image_url,False,,,0,0,0
synthetic,llm_full_html,syn-0020,syn-0020-e17,llm_full_html-a4df86aad90f0a,reviews_count,False,,27.0,0,0,0
synthetic,llm_full_html,syn-0020,syn-0020-e09,llm_full_html-41582c3516fcaa,availability,True,True,True,1,0,0
synthetic,llm_full_html,syn-0020,syn-0020-e09,llm_full_html-41582c3516fcaa,delivery_time,True,2–5 дня,2–5 дня,1,0,0
synthetic,llm_full_html,syn-0020,syn-0020-e09,llm_full_html-41582c3516fcaa,old_price,False,,,0,0,0
synthetic,llm_full_html,syn-0020,syn-0020-e09,llm_full_html-41582c3516fcaa,image_url,False,,,0,0,0
synthetic,llm_full_html,syn-0020,syn-0020-e09,llm_full_html-41582c3516fcaa,reviews_count,False,,19.0,0,0,0
synthetic,llm_full_html,syn-0020,syn-0020-e18,llm_full_html-28f60ac7a772ca,availability,True,True,True,1,0,0
synthetic,llm_full_html,syn-0020,syn-0020-e18,llm_full_html-28f60ac7a772ca,delivery_time,True,2–5 дня,2–5 дня,1,0,0
synthetic,llm_full_html,syn-0020,syn-0020-e18,llm_full_html-28f60ac7a772ca,old_price,False,,,0,0,0
synthetic,llm_full_html,syn-0020,syn-0020-e18,llm_full_html-28f60ac7a772ca,image_url,False,,,0,0,0
synthetic,llm_full_html,syn-0020,syn-0020-e18,llm_full_html-28f60ac7a772ca,reviews_count,False,,28.0,0,0,0
synthetic,llm_full_html,syn-0020,syn-0020-e01,llm_full_html-87d1578b453db3,availability,True,True,True,1,0,0
synthetic,llm_full_html,syn-0020,syn-0020-e01,llm_full_html-87d1578b453db3,delivery_time,True,2–6 дня,2–6 дня,1,0,0
synthetic,llm_full_html,syn-0020,syn-0020-e01,llm_full_html-87d1578b453db3,old_price,False,,,0,0,0
synthetic,llm_full_html,syn-0020,syn-0020-e01,llm_full_html-87d1578b453db3,image_url,False,,,0,0,0
synthetic,llm_full_html,syn-0020,syn-0020-e01,llm_full_html-87d1578b453db3,reviews_count,False,,11.0,0,0,0
synthetic,llm_full_html,syn-0020,syn-0020-e16,llm_full_html-257f76fe8cc670,availability,True,True,True,1,0,0
synthetic,llm_full_html,syn-0020,syn-0020-e16,llm_full_html-257f76fe8cc670,delivery_time,True,2–6 дня,2–6 дня,1,0,0
synthetic,llm_full_html,syn-0020,syn-0020-e16,llm_full_html-257f76fe8cc670,old_price,False,,,0,0,0
synthetic,llm_full_html,syn-0020,syn-0020-e16,llm_full_html-257f76fe8cc670,image_url,False,,,0,0,0
synthetic,llm_full_html,syn-0020,syn-0020-e16,llm_full_html-257f76fe8cc670,reviews_count,False,,26.0,0,0,0
synthetic,llm_full_html,syn-0020,syn-0020-e10,llm_full_html-6be19ea4c79146,availability,True,True,True,1,0,0
synthetic,llm_full_html,syn-0020,syn-0020-e10,llm_full_html-6be19ea4c79146,delivery_time,True,1–5 дня,1–5 дня,1,0,0
synthetic,llm_full_html,syn-0020,syn-0020-e10,llm_full_html-6be19ea4c79146,old_price,False,,,0,0,0
synthetic,llm_full_html,syn-0020,syn-0020-e10,llm_full_html-6be19ea4c79146,image_url,False,,,0,0,0
synthetic,llm_full_html,syn-0020,syn-0020-e10,llm_full_html-6be19ea4c79146,reviews_count,False,,20.0,0,0,0
synthetic,llm_full_html,syn-0020,syn-0020-e19,llm_full_html-4187cbc0c368f9,availability,True,True,True,1,0,0
synthetic,llm_full_html,syn-0020,syn-0020-e19,llm_full_html-4187cbc0c368f9,delivery_time,True,1–5 дня,1–5 дня,1,0,0
synthetic,llm_full_html,syn-0020,syn-0020-e19,llm_full_html-4187cbc0c368f9,old_price,False,,,0,0,0
synthetic,llm_full_html,syn-0020,syn-0020-e19,llm_full_html-4187cbc0c368f9,image_url,False,,,0,0,0
synthetic,llm_full_html,syn-0020,syn-0020-e19,llm_full_html-4187cbc0c368f9,reviews_count,False,,29.0,0,0,0
synthetic,llm_full_html,syn-0020,syn-0020-e03,llm_full_html-2b439f32d0d153,availability,True,False,False,1,0,0
synthetic,llm_full_html,syn-0020,syn-0020-e03,llm_full_html-2b439f32d0d153,delivery_time,True,1–4 дня,1–4 дня,1,0,0
synthetic,llm_full_html,syn-0020,syn-0020-e03,llm_full_html-2b439f32d0d153,old_price,False,,,0,0,0
synthetic,llm_full_html,syn-0020,syn-0020-e03,llm_full_html-2b439f32d0d153,image_url,False,,,0,0,0
synthetic,llm_full_html,syn-0020,syn-0020-e03,llm_full_html-2b439f32d0d153,reviews_count,False,,13.0,0,0,0
synthetic,llm_full_html,syn-0020,syn-0020-e20,llm_full_html-bd958bfa3028c8,availability,True,False,False,1,0,0
synthetic,llm_full_html,syn-0020,syn-0020-e20,llm_full_html-bd958bfa3028c8,delivery_time,True,1–4 дня,1–4 дня,1,0,0
synthetic,llm_full_html,syn-0020,syn-0020-e20,llm_full_html-bd958bfa3028c8,old_price,False,,,0,0,0
synthetic,llm_full_html,syn-0020,syn-0020-e20,llm_full_html-bd958bfa3028c8,image_url,False,,,0,0,0
synthetic,llm_full_html,syn-0020,syn-0020-e20,llm_full_html-bd958bfa3028c8,reviews_count,False,,30.0,0,0,0
