benchmark_run_id,dataset,variant,page_id,html_file,query,page_status,is_scored,gt_positive_count,prediction_count,matched_gt,missing_prediction,unmatched_prediction,page_has_products_ok,entity_TP,entity_FP,entity_FN,name_TP,name_FP,name_FN,price_TP,price_FP,price_FN,manifest__dataset,manifest__html_file,manifest__html_key,manifest__run_id,manifest__source,manifest__html_path,manifest__page_url,manifest__source_url,manifest__query,manifest__location,manifest__route,manifest__artifact_kind,manifest__skip_reason,manifest__content_sha256,manifest__expected_sha256,page_meta__artifact_path,page_meta__base_page_id,page_meta__base_template,page_meta__benchmark_html_file,page_meta__category,page_meta__dataset_version,page_meta__mutation_axis,page_meta__mutation_id,page_meta__n_entities,page_meta__page_id,page_meta__page_url,page_meta__sha256,page_meta__source,page_meta__variant_idx,source,run_id,location,route,extraction_status,html_read_ms,html_parse_ms,extract_ms,candidate_count,deduplicated_count,returned_count,candidate_limit_hit,error_type,error_message,error_traceback,original_status,replay_cached,replay_cached,shared_extraction_ms,query_filter_ms,timing_scope,replay_cached,replay_cached,llm_attempts,new_llm_attempts,request_sha256,rejected_count,gt_price_present_count,gt_price_absent_count,gt_price_unannotated_count,matched_name_similarity_mean,matched_price_MAE,matched_price_MAPE,unexpected_price_FP,page_TP,page_FP,page_FN,page_TN,entity_P,entity_R,entity_F1,name_P,name_R,name_F1,price_P,price_R,price_F1
20261004T181609Z-2ba1b2f7,robustness,hybrid_original,syn-0001__class_rename__01,html/syn-0001__class_rename__01.html,,positive,True,12,12,12,0,0,1,12,0,0,12,0,0,12,0,0,robustness,html/syn-0001__class_rename__01.html,syn-0001__class_rename__01.html,run-none1,synthetic-shop.local,D:\Pet_Codes\science\article-price-tracker\synthetic\html\syn-0001__class_rename__01.html,https://synthetic-shop.local/search/syn-0001,https://synthetic-shop.local/search/syn-0001,,,,raw_html,,75e0c634cc454cc47bf37d23172b9b69d9173e4d0240d215e179de24bde29688,75e0c634cc454cc47bf37d23172b9b69d9173e4d0240d215e179de24bde29688,html/syn-0001__class_rename__01.html,syn-0001,jsonld_cards,html/syn-0001__class_rename__01.html,construction_instruments,synthetic-v2-12to30,class_rename,syn-0001__class_rename__01,12,syn-0001__class_rename__01,https://synthetic-shop.local/search/syn-0001,75e0c634cc454cc47bf37d23172b9b69d9173e4d0240d215e179de24bde29688,synthetic-shop.local,1,synthetic-shop.local,run-none1,,,ok,,,,12,,12,,,,,,False,False,,,,False,False,0,0,,,12,0,0,1.0,0.0,0.0,0,1,0,0,0,1.0,1.0,1.0,1.0,1.0,1.0,1.0,1.0,1.0
20261004T181609Z-2ba1b2f7,robustness,hybrid_original,syn-0001__class_rename__02,html/syn-0001__class_rename__02.html,,positive,True,12,12,12,0,0,1,12,0,0,12,0,0,12,0,0,robustness,html/syn-0001__class_rename__02.html,syn-0001__class_rename__02.html,run-none2,synthetic-shop.local,D:\Pet_Codes\science\article-price-tracker\synthetic\html\syn-0001__class_rename__02.html,https://synthetic-shop.local/search/syn-0001,https://synthetic-shop.local/search/syn-0001,,,,raw_html,,b0da94e9411c1702ec1eaecdd98f6bb1f3e779d69f212107bf18c981b1d61e21,b0da94e9411c1702ec1eaecdd98f6bb1f3e779d69f212107bf18c981b1d61e21,html/syn-0001__class_rename__02.html,syn-0001,jsonld_cards,html/syn-0001__class_rename__02.html,construction_instruments,synthetic-v2-12to30,class_rename,syn-0001__class_rename__02,12,syn-0001__class_rename__02,https://synthetic-shop.local/search/syn-0001,b0da94e9411c1702ec1eaecdd98f6bb1f3e779d69f212107bf18c981b1d61e21,synthetic-shop.local,2,synthetic-shop.local,run-none2,,,ok,,,,12,,12,,,,,,False,False,,,,False,False,0,0,,,12,0,0,1.0,0.0,0.0,0,1,0,0,0,1.0,1.0,1.0,1.0,1.0,1.0,1.0,1.0,1.0
20261004T181609Z-2ba1b2f7,robustness,hybrid_original,syn-0001__class_rename__03,html/syn-0001__class_rename__03.html,,positive,True,12,12,12,0,0,1,12,0,0,12,0,0,12,0,0,robustness,html/syn-0001__class_rename__03.html,syn-0001__class_rename__03.html,run-none3,synthetic-shop.local,D:\Pet_Codes\science\article-price-tracker\synthetic\html\syn-0001__class_rename__03.html,https://synthetic-shop.local/search/syn-0001,https://synthetic-shop.local/search/syn-0001,,,,raw_html,,f3a1adb7447a6298d04985df8fae7b77642e0a0843cf92d68b76ce05ccf51ef8,f3a1adb7447a6298d04985df8fae7b77642e0a0843cf92d68b76ce05ccf51ef8,html/syn-0001__class_rename__03.html,syn-0001,jsonld_cards,html/syn-0001__class_rename__03.html,construction_instruments,synthetic-v2-12to30,class_rename,syn-0001__class_rename__03,12,syn-0001__class_rename__03,https://synthetic-shop.local/search/syn-0001,f3a1adb7447a6298d04985df8fae7b77642e0a0843cf92d68b76ce05ccf51ef8,synthetic-shop.local,3,synthetic-shop.local,run-none3,,,ok,,,,12,,12,,,,,,False,False,,,,False,False,0,0,,,12,0,0,1.0,0.0,0.0,0,1,0,0,0,1.0,1.0,1.0,1.0,1.0,1.0,1.0,1.0,1.0
20261004T181609Z-2ba1b2f7,robustness,hybrid_original,syn-0001__wrapper_insert__01,html/syn-0001__wrapper_insert__01.html,,positive,True,12,12,12,0,0,1,12,0,0,12,0,0,12,0,0,robustness,html/syn-0001__wrapper_insert__01.html,syn-0001__wrapper_insert__01.html,run-none4,synthetic-shop.local,D:\Pet_Codes\science\article-price-tracker\synthetic\html\syn-0001__wrapper_insert__01.html,https://synthetic-shop.local/search/syn-0001,https://synthetic-shop.local/search/syn-0001,,,,raw_html,,2635277de600e8e66914033a7a352d2c84dd83bfd011537aaa25ae120bb1a3bc,2635277de600e8e66914033a7a352d2c84dd83bfd011537aaa25ae120bb1a3bc,html/syn-0001__wrapper_insert__01.html,syn-0001,jsonld_cards,html/syn-0001__wrapper_insert__01.html,construction_instruments,synthetic-v2-12to30,wrapper_insert,syn-0001__wrapper_insert__01,12,syn-0001__wrapper_insert__01,https://synthetic-shop.local/search/syn-0001,2635277de600e8e66914033a7a352d2c84dd83bfd011537aaa25ae120bb1a3bc,synthetic-shop.local,1,synthetic-shop.local,run-none4,,,ok,,,,12,,12,,,,,,False,False,,,,False,False,0,0,,,12,0,0,1.0,0.0,0.0,0,1,0,0,0,1.0,1.0,1.0,1.0,1.0,1.0,1.0,1.0,1.0
20261004T181609Z-2ba1b2f7,robustness,hybrid_original,syn-0001__wrapper_insert__02,html/syn-0001__wrapper_insert__02.html,,positive,True,12,12,12,0,0,1,12,0,0,12,0,0,12,0,0,robustness,html/syn-0001__wrapper_insert__02.html,syn-0001__wrapper_insert__02.html,run-none5,synthetic-shop.local,D:\Pet_Codes\science\article-price-tracker\synthetic\html\syn-0001__wrapper_insert__02.html,https://synthetic-shop.local/search/syn-0001,https://synthetic-shop.local/search/syn-0001,,,,raw_html,,775e882b43275a8dc7d939b2ef475a6f64a1964a59595f5a90b682d810e84540,775e882b43275a8dc7d939b2ef475a6f64a1964a59595f5a90b682d810e84540,html/syn-0001__wrapper_insert__02.html,syn-0001,jsonld_cards,html/syn-0001__wrapper_insert__02.html,construction_instruments,synthetic-v2-12to30,wrapper_insert,syn-0001__wrapper_insert__02,12,syn-0001__wrapper_insert__02,https://synthetic-shop.local/search/syn-0001,775e882b43275a8dc7d939b2ef475a6f64a1964a59595f5a90b682d810e84540,synthetic-shop.local,2,synthetic-shop.local,run-none5,,,ok,,,,12,,12,,,,,,False,False,,,,False,False,0,0,,,12,0,0,1.0,0.0,0.0,0,1,0,0,0,1.0,1.0,1.0,1.0,1.0,1.0,1.0,1.0,1.0
20261004T181609Z-2ba1b2f7,robustness,hybrid_original,syn-0001__wrapper_insert__03,html/syn-0001__wrapper_insert__03.html,,positive,True,12,12,12,0,0,1,12,0,0,12,0,0,12,0,0,robustness,html/syn-0001__wrapper_insert__03.html,syn-0001__wrapper_insert__03.html,run-none6,synthetic-shop.local,D:\Pet_Codes\science\article-price-tracker\synthetic\html\syn-0001__wrapper_insert__03.html,https://synthetic-shop.local/search/syn-0001,https://synthetic-shop.local/search/syn-0001,,,,raw_html,,72ba70a6e00ff1815cabb5dbf481a4f18b0f70a057028da342b106f04cc035ea,72ba70a6e00ff1815cabb5dbf481a4f18b0f70a057028da342b106f04cc035ea,html/syn-0001__wrapper_insert__03.html,syn-0001,jsonld_cards,html/syn-0001__wrapper_insert__03.html,construction_instruments,synthetic-v2-12to30,wrapper_insert,syn-0001__wrapper_insert__03,12,syn-0001__wrapper_insert__03,https://synthetic-shop.local/search/syn-0001,72ba70a6e00ff1815cabb5dbf481a4f18b0f70a057028da342b106f04cc035ea,synthetic-shop.local,3,synthetic-shop.local,run-none6,,,ok,,,,12,,12,,,,,,False,False,,,,False,False,0,0,,,12,0,0,1.0,0.0,0.0,0,1,0,0,0,1.0,1.0,1.0,1.0,1.0,1.0,1.0,1.0,1.0
20261004T181609Z-2ba1b2f7,robustness,hybrid_original,syn-0001__field_reorder__01,html/syn-0001__field_reorder__01.html,,positive,True,12,12,12,0,0,1,12,0,0,12,0,0,12,0,0,robustness,html/syn-0001__field_reorder__01.html,syn-0001__field_reorder__01.html,run-none7,synthetic-shop.local,D:\Pet_Codes\science\article-price-tracker\synthetic\html\syn-0001__field_reorder__01.html,https://synthetic-shop.local/search/syn-0001,https://synthetic-shop.local/search/syn-0001,,,,raw_html,,753159d2afc928e988b2b04e0ea5b5379993402d3861b96db54945c8114f9c1e,753159d2afc928e988b2b04e0ea5b5379993402d3861b96db54945c8114f9c1e,html/syn-0001__field_reorder__01.html,syn-0001,jsonld_cards,html/syn-0001__field_reorder__01.html,construction_instruments,synthetic-v2-12to30,field_reorder,syn-0001__field_reorder__01,12,syn-0001__field_reorder__01,https://synthetic-shop.local/search/syn-0001,753159d2afc928e988b2b04e0ea5b5379993402d3861b96db54945c8114f9c1e,synthetic-shop.local,1,synthetic-shop.local,run-none7,,,ok,,,,12,,12,,,,,,False,False,,,,False,False,0,0,,,12,0,0,1.0,0.0,0.0,0,1,0,0,0,1.0,1.0,1.0,1.0,1.0,1.0,1.0,1.0,1.0
20261004T181609Z-2ba1b2f7,robustness,hybrid_original,syn-0001__field_reorder__02,html/syn-0001__field_reorder__02.html,,positive,True,12,12,12,0,0,1,12,0,0,12,0,0,12,0,0,robustness,html/syn-0001__field_reorder__02.html,syn-0001__field_reorder__02.html,run-none8,synthetic-shop.local,D:\Pet_Codes\science\article-price-tracker\synthetic\html\syn-0001__field_reorder__02.html,https://synthetic-shop.local/search/syn-0001,https://synthetic-shop.local/search/syn-0001,,,,raw_html,,04e9e757151f308ad912a1fc913dc344ade1a1c97afb83abc8396daa0f162b33,04e9e757151f308ad912a1fc913dc344ade1a1c97afb83abc8396daa0f162b33,html/syn-0001__field_reorder__02.html,syn-0001,jsonld_cards,html/syn-0001__field_reorder__02.html,construction_instruments,synthetic-v2-12to30,field_reorder,syn-0001__field_reorder__02,12,syn-0001__field_reorder__02,https://synthetic-shop.local/search/syn-0001,04e9e757151f308ad912a1fc913dc344ade1a1c97afb83abc8396daa0f162b33,synthetic-shop.local,2,synthetic-shop.local,run-none8,,,ok,,,,12,,12,,,,,,False,False,,,,False,False,0,0,,,12,0,0,1.0,0.0,0.0,0,1,0,0,0,1.0,1.0,1.0,1.0,1.0,1.0,1.0,1.0,1.0
20261004T181609Z-2ba1b2f7,robustness,hybrid_original,syn-0001__subtree_relocate__01,html/syn-0001__subtree_relocate__01.html,,positive,True,12,12,12,0,0,1,12,0,0,12,0,0,12,0,0,robustness,html/syn-0001__subtree_relocate__01.html,syn-0001__subtree_relocate__01.html,run-none9,synthetic-shop.local,D:\Pet_Codes\science\article-price-tracker\synthetic\html\syn-0001__subtree_relocate__01.html,https://synthetic-shop.local/search/syn-0001,https://synthetic-shop.local/search/syn-0001,,,,raw_html,,466f7ab40e9e95898d4ab4a819bf534d666c92a57f2ea7f6dfad5610cd0aa961,466f7ab40e9e95898d4ab4a819bf534d666c92a57f2ea7f6dfad5610cd0aa961,html/syn-0001__subtree_relocate__01.html,syn-0001,jsonld_cards,html/syn-0001__subtree_relocate__01.html,construction_instruments,synthetic-v2-12to30,subtree_relocate,syn-0001__subtree_relocate__01,12,syn-0001__subtree_relocate__01,https://synthetic-shop.local/search/syn-0001,466f7ab40e9e95898d4ab4a819bf534d666c92a57f2ea7f6dfad5610cd0aa961,synthetic-shop.local,1,synthetic-shop.local,run-none9,,,ok,,,,12,,12,,,,,,False,False,,,,False,False,0,0,,,12,0,0,1.0,0.0,0.0,0,1,0,0,0,1.0,1.0,1.0,1.0,1.0,1.0,1.0,1.0,1.0
20261004T181609Z-2ba1b2f7,robustness,hybrid_original,syn-0001__subtree_relocate__02,html/syn-0001__subtree_relocate__02.html,,positive,True,12,12,12,0,0,1,12,0,0,12,0,0,12,0,0,robustness,html/syn-0001__subtree_relocate__02.html,syn-0001__subtree_relocate__02.html,run-none10,synthetic-shop.local,D:\Pet_Codes\science\article-price-tracker\synthetic\html\syn-0001__subtree_relocate__02.html,https://synthetic-shop.local/search/syn-0001,https://synthetic-shop.local/search/syn-0001,,,,raw_html,,01c957de2eed2f313d56a66d2a03c8870d71ae898441471806bab51dc10ac892,01c957de2eed2f313d56a66d2a03c8870d71ae898441471806bab51dc10ac892,html/syn-0001__subtree_relocate__02.html,syn-0001,jsonld_cards,html/syn-0001__subtree_relocate__02.html,construction_instruments,synthetic-v2-12to30,subtree_relocate,syn-0001__subtree_relocate__02,12,syn-0001__subtree_relocate__02,https://synthetic-shop.local/search/syn-0001,01c957de2eed2f313d56a66d2a03c8870d71ae898441471806bab51dc10ac892,synthetic-shop.local,2,synthetic-shop.local,run-none10,,,ok,,,,12,,12,,,,,,False,False,,,,False,False,0,0,,,12,0,0,1.0,0.0,0.0,0,1,0,0,0,1.0,1.0,1.0,1.0,1.0,1.0,1.0,1.0,1.0
20261004T181609Z-2ba1b2f7,robustness,hybrid_original,syn-0002__class_rename__01,html/syn-0002__class_rename__01.html,,positive,True,30,30,30,0,0,1,30,0,0,30,0,0,30,0,0,robustness,html/syn-0002__class_rename__01.html,syn-0002__class_rename__01.html,run-none11,synthetic-shop.local,D:\Pet_Codes\science\article-price-tracker\synthetic\html\syn-0002__class_rename__01.html,https://synthetic-shop.local/search/syn-0002,https://synthetic-shop.local/search/syn-0002,,,,raw_html,,8c34d9d30b886a3d1737568f289cfcfa0337c134c8303a567ac88f57669086e8,8c34d9d30b886a3d1737568f289cfcfa0337c134c8303a567ac88f57669086e8,html/syn-0002__class_rename__01.html,syn-0002,microdata_cards,html/syn-0002__class_rename__01.html,construction_instruments,synthetic-v2-12to30,class_rename,syn-0002__class_rename__01,30,syn-0002__class_rename__01,https://synthetic-shop.local/search/syn-0002,8c34d9d30b886a3d1737568f289cfcfa0337c134c8303a567ac88f57669086e8,synthetic-shop.local,1,synthetic-shop.local,run-none11,,,ok,,,,30,,30,,,,,,False,False,,,,False,False,0,0,,,30,0,0,1.0,0.0,0.0,0,1,0,0,0,1.0,1.0,1.0,1.0,1.0,1.0,1.0,1.0,1.0
20261004T181609Z-2ba1b2f7,robustness,hybrid_original,syn-0002__class_rename__02,html/syn-0002__class_rename__02.html,,positive,True,30,30,30,0,0,1,30,0,0,30,0,0,30,0,0,robustness,html/syn-0002__class_rename__02.html,syn-0002__class_rename__02.html,run-none12,synthetic-shop.local,D:\Pet_Codes\science\article-price-tracker\synthetic\html\syn-0002__class_rename__02.html,https://synthetic-shop.local/search/syn-0002,https://synthetic-shop.local/search/syn-0002,,,,raw_html,,9ec152f37f4b708583ad4ac53b9ec8b72baf228f179d35b197e9b012d49b2585,9ec152f37f4b708583ad4ac53b9ec8b72baf228f179d35b197e9b012d49b2585,html/syn-0002__class_rename__02.html,syn-0002,microdata_cards,html/syn-0002__class_rename__02.html,construction_instruments,synthetic-v2-12to30,class_rename,syn-0002__class_rename__02,30,syn-0002__class_rename__02,https://synthetic-shop.local/search/syn-0002,9ec152f37f4b708583ad4ac53b9ec8b72baf228f179d35b197e9b012d49b2585,synthetic-shop.local,2,synthetic-shop.local,run-none12,,,ok,,,,30,,30,,,,,,False,False,,,,False,False,0,0,,,30,0,0,1.0,0.0,0.0,0,1,0,0,0,1.0,1.0,1.0,1.0,1.0,1.0,1.0,1.0,1.0
20261004T181609Z-2ba1b2f7,robustness,hybrid_original,syn-0002__class_rename__03,html/syn-0002__class_rename__03.html,,positive,True,30,30,30,0,0,1,30,0,0,30,0,0,30,0,0,robustness,html/syn-0002__class_rename__03.html,syn-0002__class_rename__03.html,run-none13,synthetic-shop.local,D:\Pet_Codes\science\article-price-tracker\synthetic\html\syn-0002__class_rename__03.html,https://synthetic-shop.local/search/syn-0002,https://synthetic-shop.local/search/syn-0002,,,,raw_html,,533bf3a063aafe3094eab93ca5c3c691b8f16776517142ac38f599e9b4f4c1c7,533bf3a063aafe3094eab93ca5c3c691b8f16776517142ac38f599e9b4f4c1c7,html/syn-0002__class_rename__03.html,syn-0002,microdata_cards,html/syn-0002__class_rename__03.html,construction_instruments,synthetic-v2-12to30,class_rename,syn-0002__class_rename__03,30,syn-0002__class_rename__03,https://synthetic-shop.local/search/syn-0002,533bf3a063aafe3094eab93ca5c3c691b8f16776517142ac38f599e9b4f4c1c7,synthetic-shop.local,3,synthetic-shop.local,run-none13,,,ok,,,,30,,30,,,,,,False,False,,,,False,False,0,0,,,30,0,0,1.0,0.0,0.0,0,1,0,0,0,1.0,1.0,1.0,1.0,1.0,1.0,1.0,1.0,1.0
20261004T181609Z-2ba1b2f7,robustness,hybrid_original,syn-0002__wrapper_insert__01,html/syn-0002__wrapper_insert__01.html,,positive,True,30,30,30,0,0,1,30,0,0,30,0,0,30,0,0,robustness,html/syn-0002__wrapper_insert__01.html,syn-0002__wrapper_insert__01.html,run-none14,synthetic-shop.local,D:\Pet_Codes\science\article-price-tracker\synthetic\html\syn-0002__wrapper_insert__01.html,https://synthetic-shop.local/search/syn-0002,https://synthetic-shop.local/search/syn-0002,,,,raw_html,,237f06b413f1c805d1c48337bfe356e093aaa150f2a04b6b3e84d5d8704905ff,237f06b413f1c805d1c48337bfe356e093aaa150f2a04b6b3e84d5d8704905ff,html/syn-0002__wrapper_insert__01.html,syn-0002,microdata_cards,html/syn-0002__wrapper_insert__01.html,construction_instruments,synthetic-v2-12to30,wrapper_insert,syn-0002__wrapper_insert__01,30,syn-0002__wrapper_insert__01,https://synthetic-shop.local/search/syn-0002,237f06b413f1c805d1c48337bfe356e093aaa150f2a04b6b3e84d5d8704905ff,synthetic-shop.local,1,synthetic-shop.local,run-none14,,,ok,,,,30,,30,,,,,,False,False,,,,False,False,0,0,,,30,0,0,1.0,0.0,0.0,0,1,0,0,0,1.0,1.0,1.0,1.0,1.0,1.0,1.0,1.0,1.0
20261004T181609Z-2ba1b2f7,robustness,hybrid_original,syn-0002__wrapper_insert__02,html/syn-0002__wrapper_insert__02.html,,positive,True,30,30,30,0,0,1,30,0,0,30,0,0,30,0,0,robustness,html/syn-0002__wrapper_insert__02.html,syn-0002__wrapper_insert__02.html,run-none15,synthetic-shop.local,D:\Pet_Codes\science\article-price-tracker\synthetic\html\syn-0002__wrapper_insert__02.html,https://synthetic-shop.local/search/syn-0002,https://synthetic-shop.local/search/syn-0002,,,,raw_html,,df1a3f054d3d2abb5b416792164ad17f8f79ae1f7f2418e0021da4f41f92e5e4,df1a3f054d3d2abb5b416792164ad17f8f79ae1f7f2418e0021da4f41f92e5e4,html/syn-0002__wrapper_insert__02.html,syn-0002,microdata_cards,html/syn-0002__wrapper_insert__02.html,construction_instruments,synthetic-v2-12to30,wrapper_insert,syn-0002__wrapper_insert__02,30,syn-0002__wrapper_insert__02,https://synthetic-shop.local/search/syn-0002,df1a3f054d3d2abb5b416792164ad17f8f79ae1f7f2418e0021da4f41f92e5e4,synthetic-shop.local,2,synthetic-shop.local,run-none15,,,ok,,,,30,,30,,,,,,False,False,,,,False,False,0,0,,,30,0,0,1.0,0.0,0.0,0,1,0,0,0,1.0,1.0,1.0,1.0,1.0,1.0,1.0,1.0,1.0
20261004T181609Z-2ba1b2f7,robustness,hybrid_original,syn-0002__wrapper_insert__03,html/syn-0002__wrapper_insert__03.html,,positive,True,30,30,30,0,0,1,30,0,0,30,0,0,30,0,0,robustness,html/syn-0002__wrapper_insert__03.html,syn-0002__wrapper_insert__03.html,run-none16,synthetic-shop.local,D:\Pet_Codes\science\article-price-tracker\synthetic\html\syn-0002__wrapper_insert__03.html,https://synthetic-shop.local/search/syn-0002,https://synthetic-shop.local/search/syn-0002,,,,raw_html,,e002af3822e157ac6bf11fe326ccfb4884cb128d4c43e9d15fc249139739f20d,e002af3822e157ac6bf11fe326ccfb4884cb128d4c43e9d15fc249139739f20d,html/syn-0002__wrapper_insert__03.html,syn-0002,microdata_cards,html/syn-0002__wrapper_insert__03.html,construction_instruments,synthetic-v2-12to30,wrapper_insert,syn-0002__wrapper_insert__03,30,syn-0002__wrapper_insert__03,https://synthetic-shop.local/search/syn-0002,e002af3822e157ac6bf11fe326ccfb4884cb128d4c43e9d15fc249139739f20d,synthetic-shop.local,3,synthetic-shop.local,run-none16,,,ok,,,,30,,30,,,,,,False,False,,,,False,False,0,0,,,30,0,0,1.0,0.0,0.0,0,1,0,0,0,1.0,1.0,1.0,1.0,1.0,1.0,1.0,1.0,1.0
20261004T181609Z-2ba1b2f7,robustness,hybrid_original,syn-0002__field_reorder__01,html/syn-0002__field_reorder__01.html,,positive,True,30,30,30,0,0,1,30,0,0,30,0,0,30,0,0,robustness,html/syn-0002__field_reorder__01.html,syn-0002__field_reorder__01.html,run-none17,synthetic-shop.local,D:\Pet_Codes\science\article-price-tracker\synthetic\html\syn-0002__field_reorder__01.html,https://synthetic-shop.local/search/syn-0002,https://synthetic-shop.local/search/syn-0002,,,,raw_html,,ad5ecca0bf71baade6a395e1fb4439733a2fb34598d97caa6a890f62d9932cee,ad5ecca0bf71baade6a395e1fb4439733a2fb34598d97caa6a890f62d9932cee,html/syn-0002__field_reorder__01.html,syn-0002,microdata_cards,html/syn-0002__field_reorder__01.html,construction_instruments,synthetic-v2-12to30,field_reorder,syn-0002__field_reorder__01,30,syn-0002__field_reorder__01,https://synthetic-shop.local/search/syn-0002,ad5ecca0bf71baade6a395e1fb4439733a2fb34598d97caa6a890f62d9932cee,synthetic-shop.local,1,synthetic-shop.local,run-none17,,,ok,,,,30,,30,,,,,,False,False,,,,False,False,0,0,,,30,0,0,1.0,0.0,0.0,0,1,0,0,0,1.0,1.0,1.0,1.0,1.0,1.0,1.0,1.0,1.0
20261004T181609Z-2ba1b2f7,robustness,hybrid_original,syn-0002__field_reorder__02,html/syn-0002__field_reorder__02.html,,positive,True,30,30,30,0,0,1,30,0,0,30,0,0,30,0,0,robustness,html/syn-0002__field_reorder__02.html,syn-0002__field_reorder__02.html,run-none18,synthetic-shop.local,D:\Pet_Codes\science\article-price-tracker\synthetic\html\syn-0002__field_reorder__02.html,https://synthetic-shop.local/search/syn-0002,https://synthetic-shop.local/search/syn-0002,,,,raw_html,,2123132bb0fd8332225f8c2d0daafdffeaa50506812c943d92be06b051ff5211,2123132bb0fd8332225f8c2d0daafdffeaa50506812c943d92be06b051ff5211,html/syn-0002__field_reorder__02.html,syn-0002,microdata_cards,html/syn-0002__field_reorder__02.html,construction_instruments,synthetic-v2-12to30,field_reorder,syn-0002__field_reorder__02,30,syn-0002__field_reorder__02,https://synthetic-shop.local/search/syn-0002,2123132bb0fd8332225f8c2d0daafdffeaa50506812c943d92be06b051ff5211,synthetic-shop.local,2,synthetic-shop.local,run-none18,,,ok,,,,30,,30,,,,,,False,False,,,,False,False,0,0,,,30,0,0,1.0,0.0,0.0,0,1,0,0,0,1.0,1.0,1.0,1.0,1.0,1.0,1.0,1.0,1.0
20261004T181609Z-2ba1b2f7,robustness,hybrid_original,syn-0002__subtree_relocate__01,html/syn-0002__subtree_relocate__01.html,,positive,True,30,30,30,0,0,1,30,0,0,30,0,0,30,0,0,robustness,html/syn-0002__subtree_relocate__01.html,syn-0002__subtree_relocate__01.html,run-none19,synthetic-shop.local,D:\Pet_Codes\science\article-price-tracker\synthetic\html\syn-0002__subtree_relocate__01.html,https://synthetic-shop.local/search/syn-0002,https://synthetic-shop.local/search/syn-0002,,,,raw_html,,71fea73224c0d1b09630579aef6bd0dbc1387f95a0fbb0cac661589975159cab,71fea73224c0d1b09630579aef6bd0dbc1387f95a0fbb0cac661589975159cab,html/syn-0002__subtree_relocate__01.html,syn-0002,microdata_cards,html/syn-0002__subtree_relocate__01.html,construction_instruments,synthetic-v2-12to30,subtree_relocate,syn-0002__subtree_relocate__01,30,syn-0002__subtree_relocate__01,https://synthetic-shop.local/search/syn-0002,71fea73224c0d1b09630579aef6bd0dbc1387f95a0fbb0cac661589975159cab,synthetic-shop.local,1,synthetic-shop.local,run-none19,,,ok,,,,30,,30,,,,,,False,False,,,,False,False,0,0,,,30,0,0,1.0,0.0,0.0,0,1,0,0,0,1.0,1.0,1.0,1.0,1.0,1.0,1.0,1.0,1.0
20261004T181609Z-2ba1b2f7,robustness,hybrid_original,syn-0002__subtree_relocate__02,html/syn-0002__subtree_relocate__02.html,,positive,True,30,30,30,0,0,1,30,0,0,30,0,0,30,0,0,robustness,html/syn-0002__subtree_relocate__02.html,syn-0002__subtree_relocate__02.html,run-none20,synthetic-shop.local,D:\Pet_Codes\science\article-price-tracker\synthetic\html\syn-0002__subtree_relocate__02.html,https://synthetic-shop.local/search/syn-0002,https://synthetic-shop.local/search/syn-0002,,,,raw_html,,79f79af55946d686f3f2f8ce9270d4ffee70f48a04e52cdbbcefdd0270bf6812,79f79af55946d686f3f2f8ce9270d4ffee70f48a04e52cdbbcefdd0270bf6812,html/syn-0002__subtree_relocate__02.html,syn-0002,microdata_cards,html/syn-0002__subtree_relocate__02.html,construction_instruments,synthetic-v2-12to30,subtree_relocate,syn-0002__subtree_relocate__02,30,syn-0002__subtree_relocate__02,https://synthetic-shop.local/search/syn-0002,79f79af55946d686f3f2f8ce9270d4ffee70f48a04e52cdbbcefdd0270bf6812,synthetic-shop.local,2,synthetic-shop.local,run-none20,,,ok,,,,30,,30,,,,,,False,False,,,,False,False,0,0,,,30,0,0,1.0,0.0,0.0,0,1,0,0,0,1.0,1.0,1.0,1.0,1.0,1.0,1.0,1.0,1.0
20261004T181609Z-2ba1b2f7,robustness,hybrid_original,syn-0003__class_rename__01,html/syn-0003__class_rename__01.html,,positive,True,16,8,8,8,0,1,8,0,8,8,0,8,8,0,8,robustness,html/syn-0003__class_rename__01.html,syn-0003__class_rename__01.html,run-none21,synthetic-shop.local,D:\Pet_Codes\science\article-price-tracker\synthetic\html\syn-0003__class_rename__01.html,https://synthetic-shop.local/search/syn-0003,https://synthetic-shop.local/search/syn-0003,,,,raw_html,,060bb1d23f00a4406ca51b07c07d95d12b9b940cabfc02cb882a060cecb061e0,060bb1d23f00a4406ca51b07c07d95d12b9b940cabfc02cb882a060cecb061e0,html/syn-0003__class_rename__01.html,syn-0003,plain_cards,html/syn-0003__class_rename__01.html,construction_instruments,synthetic-v2-12to30,class_rename,syn-0003__class_rename__01,16,syn-0003__class_rename__01,https://synthetic-shop.local/search/syn-0003,060bb1d23f00a4406ca51b07c07d95d12b9b940cabfc02cb882a060cecb061e0,synthetic-shop.local,1,synthetic-shop.local,run-none21,,,partial_validation,,,,0,,8,,partial_validation,,,,True,True,,,,True,True,1,0,,,16,0,0,1.0,0.0,0.0,0,1,0,0,0,1.0,0.5,0.6666666666666666,1.0,0.5,0.6666666666666666,1.0,0.5,0.6666666666666666
20261004T181609Z-2ba1b2f7,robustness,hybrid_original,syn-0003__class_rename__02,html/syn-0003__class_rename__02.html,,positive,True,16,8,8,8,0,1,8,0,8,8,0,8,8,0,8,robustness,html/syn-0003__class_rename__02.html,syn-0003__class_rename__02.html,run-none22,synthetic-shop.local,D:\Pet_Codes\science\article-price-tracker\synthetic\html\syn-0003__class_rename__02.html,https://synthetic-shop.local/search/syn-0003,https://synthetic-shop.local/search/syn-0003,,,,raw_html,,3d4cd6d55c27f808fc423ff489064eb0d43e09f46f44ef8d6a7ec6f1e6888a8b,3d4cd6d55c27f808fc423ff489064eb0d43e09f46f44ef8d6a7ec6f1e6888a8b,html/syn-0003__class_rename__02.html,syn-0003,plain_cards,html/syn-0003__class_rename__02.html,construction_instruments,synthetic-v2-12to30,class_rename,syn-0003__class_rename__02,16,syn-0003__class_rename__02,https://synthetic-shop.local/search/syn-0003,3d4cd6d55c27f808fc423ff489064eb0d43e09f46f44ef8d6a7ec6f1e6888a8b,synthetic-shop.local,2,synthetic-shop.local,run-none22,,,partial_validation,,,,0,,8,,partial_validation,,,,True,True,,,,True,True,1,0,,,16,0,0,1.0,0.0,0.0,0,1,0,0,0,1.0,0.5,0.6666666666666666,1.0,0.5,0.6666666666666666,1.0,0.5,0.6666666666666666
20261004T181609Z-2ba1b2f7,robustness,hybrid_original,syn-0003__class_rename__03,html/syn-0003__class_rename__03.html,,positive,True,16,8,8,8,0,1,8,0,8,8,0,8,8,0,8,robustness,html/syn-0003__class_rename__03.html,syn-0003__class_rename__03.html,run-none23,synthetic-shop.local,D:\Pet_Codes\science\article-price-tracker\synthetic\html\syn-0003__class_rename__03.html,https://synthetic-shop.local/search/syn-0003,https://synthetic-shop.local/search/syn-0003,,,,raw_html,,2fe4b106efe299a9982c26574f736c81e6ae1f15fe8e3a4793b980e634413e4e,2fe4b106efe299a9982c26574f736c81e6ae1f15fe8e3a4793b980e634413e4e,html/syn-0003__class_rename__03.html,syn-0003,plain_cards,html/syn-0003__class_rename__03.html,construction_instruments,synthetic-v2-12to30,class_rename,syn-0003__class_rename__03,16,syn-0003__class_rename__03,https://synthetic-shop.local/search/syn-0003,2fe4b106efe299a9982c26574f736c81e6ae1f15fe8e3a4793b980e634413e4e,synthetic-shop.local,3,synthetic-shop.local,run-none23,,,partial_validation,,,,0,,8,,partial_validation,,,,True,True,,,,True,True,1,0,,,16,0,0,1.0,0.0,0.0,0,1,0,0,0,1.0,0.5,0.6666666666666666,1.0,0.5,0.6666666666666666,1.0,0.5,0.6666666666666666
20261004T181609Z-2ba1b2f7,robustness,hybrid_original,syn-0003__wrapper_insert__01,html/syn-0003__wrapper_insert__01.html,,positive,True,16,16,16,0,0,1,16,0,0,16,0,0,16,0,0,robustness,html/syn-0003__wrapper_insert__01.html,syn-0003__wrapper_insert__01.html,run-none24,synthetic-shop.local,D:\Pet_Codes\science\article-price-tracker\synthetic\html\syn-0003__wrapper_insert__01.html,https://synthetic-shop.local/search/syn-0003,https://synthetic-shop.local/search/syn-0003,,,,raw_html,,90651b1721e7c10b5519cba220205463458d18969cb91bb89bf1bfb96fdde577,90651b1721e7c10b5519cba220205463458d18969cb91bb89bf1bfb96fdde577,html/syn-0003__wrapper_insert__01.html,syn-0003,plain_cards,html/syn-0003__wrapper_insert__01.html,construction_instruments,synthetic-v2-12to30,wrapper_insert,syn-0003__wrapper_insert__01,16,syn-0003__wrapper_insert__01,https://synthetic-shop.local/search/syn-0003,90651b1721e7c10b5519cba220205463458d18969cb91bb89bf1bfb96fdde577,synthetic-shop.local,1,synthetic-shop.local,run-none24,,,ok,,,,16,,16,,,,,,False,False,,,,False,False,0,0,,,16,0,0,1.0,0.0,0.0,0,1,0,0,0,1.0,1.0,1.0,1.0,1.0,1.0,1.0,1.0,1.0
20261004T181609Z-2ba1b2f7,robustness,hybrid_original,syn-0003__wrapper_insert__02,html/syn-0003__wrapper_insert__02.html,,positive,True,16,16,16,0,0,1,16,0,0,16,0,0,16,0,0,robustness,html/syn-0003__wrapper_insert__02.html,syn-0003__wrapper_insert__02.html,run-none25,synthetic-shop.local,D:\Pet_Codes\science\article-price-tracker\synthetic\html\syn-0003__wrapper_insert__02.html,https://synthetic-shop.local/search/syn-0003,https://synthetic-shop.local/search/syn-0003,,,,raw_html,,ee466f79cb38d24807ea58a2896e5da11439f9baea8aa58bc568a3aab976a5f4,ee466f79cb38d24807ea58a2896e5da11439f9baea8aa58bc568a3aab976a5f4,html/syn-0003__wrapper_insert__02.html,syn-0003,plain_cards,html/syn-0003__wrapper_insert__02.html,construction_instruments,synthetic-v2-12to30,wrapper_insert,syn-0003__wrapper_insert__02,16,syn-0003__wrapper_insert__02,https://synthetic-shop.local/search/syn-0003,ee466f79cb38d24807ea58a2896e5da11439f9baea8aa58bc568a3aab976a5f4,synthetic-shop.local,2,synthetic-shop.local,run-none25,,,ok,,,,16,,16,,,,,,False,False,,,,False,False,0,0,,,16,0,0,1.0,0.0,0.0,0,1,0,0,0,1.0,1.0,1.0,1.0,1.0,1.0,1.0,1.0,1.0
20261004T181609Z-2ba1b2f7,robustness,hybrid_original,syn-0003__wrapper_insert__03,html/syn-0003__wrapper_insert__03.html,,positive,True,16,16,16,0,0,1,16,0,0,16,0,0,16,0,0,robustness,html/syn-0003__wrapper_insert__03.html,syn-0003__wrapper_insert__03.html,run-none26,synthetic-shop.local,D:\Pet_Codes\science\article-price-tracker\synthetic\html\syn-0003__wrapper_insert__03.html,https://synthetic-shop.local/search/syn-0003,https://synthetic-shop.local/search/syn-0003,,,,raw_html,,9daa7b2341b791a7275b5a901fee3e384ba473e9e27f400c68500adc15586725,9daa7b2341b791a7275b5a901fee3e384ba473e9e27f400c68500adc15586725,html/syn-0003__wrapper_insert__03.html,syn-0003,plain_cards,html/syn-0003__wrapper_insert__03.html,construction_instruments,synthetic-v2-12to30,wrapper_insert,syn-0003__wrapper_insert__03,16,syn-0003__wrapper_insert__03,https://synthetic-shop.local/search/syn-0003,9daa7b2341b791a7275b5a901fee3e384ba473e9e27f400c68500adc15586725,synthetic-shop.local,3,synthetic-shop.local,run-none26,,,ok,,,,16,,16,,,,,,False,False,,,,False,False,0,0,,,16,0,0,1.0,0.0,0.0,0,1,0,0,0,1.0,1.0,1.0,1.0,1.0,1.0,1.0,1.0,1.0
20261004T181609Z-2ba1b2f7,robustness,hybrid_original,syn-0003__field_reorder__01,html/syn-0003__field_reorder__01.html,,positive,True,16,16,16,0,0,1,16,0,0,16,0,0,16,0,0,robustness,html/syn-0003__field_reorder__01.html,syn-0003__field_reorder__01.html,run-none27,synthetic-shop.local,D:\Pet_Codes\science\article-price-tracker\synthetic\html\syn-0003__field_reorder__01.html,https://synthetic-shop.local/search/syn-0003,https://synthetic-shop.local/search/syn-0003,,,,raw_html,,e78d8fa1181307f1d705c916be68483953f55f9d8780f06bcd99da4595ea75c5,e78d8fa1181307f1d705c916be68483953f55f9d8780f06bcd99da4595ea75c5,html/syn-0003__field_reorder__01.html,syn-0003,plain_cards,html/syn-0003__field_reorder__01.html,construction_instruments,synthetic-v2-12to30,field_reorder,syn-0003__field_reorder__01,16,syn-0003__field_reorder__01,https://synthetic-shop.local/search/syn-0003,e78d8fa1181307f1d705c916be68483953f55f9d8780f06bcd99da4595ea75c5,synthetic-shop.local,1,synthetic-shop.local,run-none27,,,ok,,,,16,,16,,,,,,False,False,,,,False,False,0,0,,,16,0,0,1.0,0.0,0.0,0,1,0,0,0,1.0,1.0,1.0,1.0,1.0,1.0,1.0,1.0,1.0
20261004T181609Z-2ba1b2f7,robustness,hybrid_original,syn-0003__field_reorder__02,html/syn-0003__field_reorder__02.html,,positive,True,16,16,16,0,0,1,16,0,0,16,0,0,16,0,0,robustness,html/syn-0003__field_reorder__02.html,syn-0003__field_reorder__02.html,run-none28,synthetic-shop.local,D:\Pet_Codes\science\article-price-tracker\synthetic\html\syn-0003__field_reorder__02.html,https://synthetic-shop.local/search/syn-0003,https://synthetic-shop.local/search/syn-0003,,,,raw_html,,3250939c7d72254f799a5921a6bebdae5b2f0c0bf0e46d1434f3ed2acd7a7298,3250939c7d72254f799a5921a6bebdae5b2f0c0bf0e46d1434f3ed2acd7a7298,html/syn-0003__field_reorder__02.html,syn-0003,plain_cards,html/syn-0003__field_reorder__02.html,construction_instruments,synthetic-v2-12to30,field_reorder,syn-0003__field_reorder__02,16,syn-0003__field_reorder__02,https://synthetic-shop.local/search/syn-0003,3250939c7d72254f799a5921a6bebdae5b2f0c0bf0e46d1434f3ed2acd7a7298,synthetic-shop.local,2,synthetic-shop.local,run-none28,,,ok,,,,16,,16,,,,,,False,False,,,,False,False,0,0,,,16,0,0,1.0,0.0,0.0,0,1,0,0,0,1.0,1.0,1.0,1.0,1.0,1.0,1.0,1.0,1.0
20261004T181609Z-2ba1b2f7,robustness,hybrid_original,syn-0003__subtree_relocate__01,html/syn-0003__subtree_relocate__01.html,,positive,True,16,16,16,0,0,1,16,0,0,16,0,0,16,0,0,robustness,html/syn-0003__subtree_relocate__01.html,syn-0003__subtree_relocate__01.html,run-none29,synthetic-shop.local,D:\Pet_Codes\science\article-price-tracker\synthetic\html\syn-0003__subtree_relocate__01.html,https://synthetic-shop.local/search/syn-0003,https://synthetic-shop.local/search/syn-0003,,,,raw_html,,2c7dd0e86afefdc1f61402350b8c730310b9bf58c70b95c98c1a847b484ae474,2c7dd0e86afefdc1f61402350b8c730310b9bf58c70b95c98c1a847b484ae474,html/syn-0003__subtree_relocate__01.html,syn-0003,plain_cards,html/syn-0003__subtree_relocate__01.html,construction_instruments,synthetic-v2-12to30,subtree_relocate,syn-0003__subtree_relocate__01,16,syn-0003__subtree_relocate__01,https://synthetic-shop.local/search/syn-0003,2c7dd0e86afefdc1f61402350b8c730310b9bf58c70b95c98c1a847b484ae474,synthetic-shop.local,1,synthetic-shop.local,run-none29,,,ok,,,,16,,16,,,,,,False,False,,,,False,False,0,0,,,16,0,0,1.0,0.0,0.0,0,1,0,0,0,1.0,1.0,1.0,1.0,1.0,1.0,1.0,1.0,1.0
20261004T181609Z-2ba1b2f7,robustness,hybrid_original,syn-0003__subtree_relocate__02,html/syn-0003__subtree_relocate__02.html,,positive,True,16,16,16,0,0,1,16,0,0,16,0,0,16,0,0,robustness,html/syn-0003__subtree_relocate__02.html,syn-0003__subtree_relocate__02.html,run-none30,synthetic-shop.local,D:\Pet_Codes\science\article-price-tracker\synthetic\html\syn-0003__subtree_relocate__02.html,https://synthetic-shop.local/search/syn-0003,https://synthetic-shop.local/search/syn-0003,,,,raw_html,,00247ea539bd387c2576ef39f5eee993988768e739e57e28c609e211adcbbab2,00247ea539bd387c2576ef39f5eee993988768e739e57e28c609e211adcbbab2,html/syn-0003__subtree_relocate__02.html,syn-0003,plain_cards,html/syn-0003__subtree_relocate__02.html,construction_instruments,synthetic-v2-12to30,subtree_relocate,syn-0003__subtree_relocate__02,16,syn-0003__subtree_relocate__02,https://synthetic-shop.local/search/syn-0003,00247ea539bd387c2576ef39f5eee993988768e739e57e28c609e211adcbbab2,synthetic-shop.local,2,synthetic-shop.local,run-none30,,,ok,,,,16,,16,,,,,,False,False,,,,False,False,0,0,,,16,0,0,1.0,0.0,0.0,0,1,0,0,0,1.0,1.0,1.0,1.0,1.0,1.0,1.0,1.0,1.0
20261004T181609Z-2ba1b2f7,robustness,hybrid_original,syn-0004__class_rename__01,html/syn-0004__class_rename__01.html,,positive,True,26,26,26,0,0,1,26,0,0,26,0,0,26,0,0,robustness,html/syn-0004__class_rename__01.html,syn-0004__class_rename__01.html,run-none31,synthetic-shop.local,D:\Pet_Codes\science\article-price-tracker\synthetic\html\syn-0004__class_rename__01.html,https://synthetic-shop.local/search/syn-0004,https://synthetic-shop.local/search/syn-0004,,,,raw_html,,6e89039c7156a497afd98cee2188ad23ea9b812b9760077657751bfc31c1e6bc,6e89039c7156a497afd98cee2188ad23ea9b812b9760077657751bfc31c1e6bc,html/syn-0004__class_rename__01.html,syn-0004,embedded_state,html/syn-0004__class_rename__01.html,construction_instruments,synthetic-v2-12to30,class_rename,syn-0004__class_rename__01,26,syn-0004__class_rename__01,https://synthetic-shop.local/search/syn-0004,6e89039c7156a497afd98cee2188ad23ea9b812b9760077657751bfc31c1e6bc,synthetic-shop.local,1,synthetic-shop.local,run-none31,,,ok,,,,26,,26,,,,,,False,False,,,,False,False,0,0,,,26,0,0,1.0,0.0,0.0,0,1,0,0,0,1.0,1.0,1.0,1.0,1.0,1.0,1.0,1.0,1.0
20261004T181609Z-2ba1b2f7,robustness,hybrid_original,syn-0004__class_rename__02,html/syn-0004__class_rename__02.html,,positive,True,26,26,26,0,0,1,26,0,0,26,0,0,26,0,0,robustness,html/syn-0004__class_rename__02.html,syn-0004__class_rename__02.html,run-none32,synthetic-shop.local,D:\Pet_Codes\science\article-price-tracker\synthetic\html\syn-0004__class_rename__02.html,https://synthetic-shop.local/search/syn-0004,https://synthetic-shop.local/search/syn-0004,,,,raw_html,,4cf1a8f7e14373d9499805d2108fd1b04c2d0ff23678d64872ef0db095a27754,4cf1a8f7e14373d9499805d2108fd1b04c2d0ff23678d64872ef0db095a27754,html/syn-0004__class_rename__02.html,syn-0004,embedded_state,html/syn-0004__class_rename__02.html,construction_instruments,synthetic-v2-12to30,class_rename,syn-0004__class_rename__02,26,syn-0004__class_rename__02,https://synthetic-shop.local/search/syn-0004,4cf1a8f7e14373d9499805d2108fd1b04c2d0ff23678d64872ef0db095a27754,synthetic-shop.local,2,synthetic-shop.local,run-none32,,,ok,,,,26,,26,,,,,,False,False,,,,False,False,0,0,,,26,0,0,1.0,0.0,0.0,0,1,0,0,0,1.0,1.0,1.0,1.0,1.0,1.0,1.0,1.0,1.0
20261004T181609Z-2ba1b2f7,robustness,hybrid_original,syn-0004__class_rename__03,html/syn-0004__class_rename__03.html,,positive,True,26,26,26,0,0,1,26,0,0,26,0,0,26,0,0,robustness,html/syn-0004__class_rename__03.html,syn-0004__class_rename__03.html,run-none33,synthetic-shop.local,D:\Pet_Codes\science\article-price-tracker\synthetic\html\syn-0004__class_rename__03.html,https://synthetic-shop.local/search/syn-0004,https://synthetic-shop.local/search/syn-0004,,,,raw_html,,465a8feb526f6fb7b4fb046bdca237d6fd955e2c6b6282a2c4446238ddbcae54,465a8feb526f6fb7b4fb046bdca237d6fd955e2c6b6282a2c4446238ddbcae54,html/syn-0004__class_rename__03.html,syn-0004,embedded_state,html/syn-0004__class_rename__03.html,construction_instruments,synthetic-v2-12to30,class_rename,syn-0004__class_rename__03,26,syn-0004__class_rename__03,https://synthetic-shop.local/search/syn-0004,465a8feb526f6fb7b4fb046bdca237d6fd955e2c6b6282a2c4446238ddbcae54,synthetic-shop.local,3,synthetic-shop.local,run-none33,,,ok,,,,26,,26,,,,,,False,False,,,,False,False,0,0,,,26,0,0,1.0,0.0,0.0,0,1,0,0,0,1.0,1.0,1.0,1.0,1.0,1.0,1.0,1.0,1.0
20261004T181609Z-2ba1b2f7,robustness,hybrid_original,syn-0004__wrapper_insert__01,html/syn-0004__wrapper_insert__01.html,,positive,True,26,26,26,0,0,1,26,0,0,26,0,0,26,0,0,robustness,html/syn-0004__wrapper_insert__01.html,syn-0004__wrapper_insert__01.html,run-none34,synthetic-shop.local,D:\Pet_Codes\science\article-price-tracker\synthetic\html\syn-0004__wrapper_insert__01.html,https://synthetic-shop.local/search/syn-0004,https://synthetic-shop.local/search/syn-0004,,,,raw_html,,8137fe9b4b855d758c6a48ea3a51d678df245b5ae79d6d8a7a06f38ca86bc885,8137fe9b4b855d758c6a48ea3a51d678df245b5ae79d6d8a7a06f38ca86bc885,html/syn-0004__wrapper_insert__01.html,syn-0004,embedded_state,html/syn-0004__wrapper_insert__01.html,construction_instruments,synthetic-v2-12to30,wrapper_insert,syn-0004__wrapper_insert__01,26,syn-0004__wrapper_insert__01,https://synthetic-shop.local/search/syn-0004,8137fe9b4b855d758c6a48ea3a51d678df245b5ae79d6d8a7a06f38ca86bc885,synthetic-shop.local,1,synthetic-shop.local,run-none34,,,ok,,,,26,,26,,,,,,False,False,,,,False,False,0,0,,,26,0,0,1.0,0.0,0.0,0,1,0,0,0,1.0,1.0,1.0,1.0,1.0,1.0,1.0,1.0,1.0
20261004T181609Z-2ba1b2f7,robustness,hybrid_original,syn-0004__wrapper_insert__02,html/syn-0004__wrapper_insert__02.html,,positive,True,26,26,26,0,0,1,26,0,0,26,0,0,26,0,0,robustness,html/syn-0004__wrapper_insert__02.html,syn-0004__wrapper_insert__02.html,run-none35,synthetic-shop.local,D:\Pet_Codes\science\article-price-tracker\synthetic\html\syn-0004__wrapper_insert__02.html,https://synthetic-shop.local/search/syn-0004,https://synthetic-shop.local/search/syn-0004,,,,raw_html,,9f2f24ec04f769e341be4e93439f2316f2504c56ddd567da647e4b9a40a5b5d8,9f2f24ec04f769e341be4e93439f2316f2504c56ddd567da647e4b9a40a5b5d8,html/syn-0004__wrapper_insert__02.html,syn-0004,embedded_state,html/syn-0004__wrapper_insert__02.html,construction_instruments,synthetic-v2-12to30,wrapper_insert,syn-0004__wrapper_insert__02,26,syn-0004__wrapper_insert__02,https://synthetic-shop.local/search/syn-0004,9f2f24ec04f769e341be4e93439f2316f2504c56ddd567da647e4b9a40a5b5d8,synthetic-shop.local,2,synthetic-shop.local,run-none35,,,ok,,,,26,,26,,,,,,False,False,,,,False,False,0,0,,,26,0,0,1.0,0.0,0.0,0,1,0,0,0,1.0,1.0,1.0,1.0,1.0,1.0,1.0,1.0,1.0
20261004T181609Z-2ba1b2f7,robustness,hybrid_original,syn-0004__wrapper_insert__03,html/syn-0004__wrapper_insert__03.html,,positive,True,26,26,26,0,0,1,26,0,0,26,0,0,26,0,0,robustness,html/syn-0004__wrapper_insert__03.html,syn-0004__wrapper_insert__03.html,run-none36,synthetic-shop.local,D:\Pet_Codes\science\article-price-tracker\synthetic\html\syn-0004__wrapper_insert__03.html,https://synthetic-shop.local/search/syn-0004,https://synthetic-shop.local/search/syn-0004,,,,raw_html,,1d373888ace035aeaa9f6782e37e77b0d9e9713ed94b9e6508893191eb6c0a13,1d373888ace035aeaa9f6782e37e77b0d9e9713ed94b9e6508893191eb6c0a13,html/syn-0004__wrapper_insert__03.html,syn-0004,embedded_state,html/syn-0004__wrapper_insert__03.html,construction_instruments,synthetic-v2-12to30,wrapper_insert,syn-0004__wrapper_insert__03,26,syn-0004__wrapper_insert__03,https://synthetic-shop.local/search/syn-0004,1d373888ace035aeaa9f6782e37e77b0d9e9713ed94b9e6508893191eb6c0a13,synthetic-shop.local,3,synthetic-shop.local,run-none36,,,ok,,,,26,,26,,,,,,False,False,,,,False,False,0,0,,,26,0,0,1.0,0.0,0.0,0,1,0,0,0,1.0,1.0,1.0,1.0,1.0,1.0,1.0,1.0,1.0
20261004T181609Z-2ba1b2f7,robustness,hybrid_original,syn-0004__field_reorder__01,html/syn-0004__field_reorder__01.html,,positive,True,26,26,26,0,0,1,26,0,0,26,0,0,26,0,0,robustness,html/syn-0004__field_reorder__01.html,syn-0004__field_reorder__01.html,run-none37,synthetic-shop.local,D:\Pet_Codes\science\article-price-tracker\synthetic\html\syn-0004__field_reorder__01.html,https://synthetic-shop.local/search/syn-0004,https://synthetic-shop.local/search/syn-0004,,,,raw_html,,9a477ebd1b50f24acf9309a68bd65234e0eb669f1e99a1629138482cae4d5f42,9a477ebd1b50f24acf9309a68bd65234e0eb669f1e99a1629138482cae4d5f42,html/syn-0004__field_reorder__01.html,syn-0004,embedded_state,html/syn-0004__field_reorder__01.html,construction_instruments,synthetic-v2-12to30,field_reorder,syn-0004__field_reorder__01,26,syn-0004__field_reorder__01,https://synthetic-shop.local/search/syn-0004,9a477ebd1b50f24acf9309a68bd65234e0eb669f1e99a1629138482cae4d5f42,synthetic-shop.local,1,synthetic-shop.local,run-none37,,,ok,,,,26,,26,,,,,,False,False,,,,False,False,0,0,,,26,0,0,1.0,0.0,0.0,0,1,0,0,0,1.0,1.0,1.0,1.0,1.0,1.0,1.0,1.0,1.0
20261004T181609Z-2ba1b2f7,robustness,hybrid_original,syn-0004__field_reorder__02,html/syn-0004__field_reorder__02.html,,positive,True,26,26,26,0,0,1,26,0,0,26,0,0,26,0,0,robustness,html/syn-0004__field_reorder__02.html,syn-0004__field_reorder__02.html,run-none38,synthetic-shop.local,D:\Pet_Codes\science\article-price-tracker\synthetic\html\syn-0004__field_reorder__02.html,https://synthetic-shop.local/search/syn-0004,https://synthetic-shop.local/search/syn-0004,,,,raw_html,,48b1169273be54fff1d83e193a076c0b5d38dc131e3fef4ef53bad5c6ecd3318,48b1169273be54fff1d83e193a076c0b5d38dc131e3fef4ef53bad5c6ecd3318,html/syn-0004__field_reorder__02.html,syn-0004,embedded_state,html/syn-0004__field_reorder__02.html,construction_instruments,synthetic-v2-12to30,field_reorder,syn-0004__field_reorder__02,26,syn-0004__field_reorder__02,https://synthetic-shop.local/search/syn-0004,48b1169273be54fff1d83e193a076c0b5d38dc131e3fef4ef53bad5c6ecd3318,synthetic-shop.local,2,synthetic-shop.local,run-none38,,,ok,,,,26,,26,,,,,,False,False,,,,False,False,0,0,,,26,0,0,1.0,0.0,0.0,0,1,0,0,0,1.0,1.0,1.0,1.0,1.0,1.0,1.0,1.0,1.0
20261004T181609Z-2ba1b2f7,robustness,hybrid_original,syn-0004__subtree_relocate__01,html/syn-0004__subtree_relocate__01.html,,positive,True,26,26,26,0,0,1,26,0,0,26,0,0,26,0,0,robustness,html/syn-0004__subtree_relocate__01.html,syn-0004__subtree_relocate__01.html,run-none39,synthetic-shop.local,D:\Pet_Codes\science\article-price-tracker\synthetic\html\syn-0004__subtree_relocate__01.html,https://synthetic-shop.local/search/syn-0004,https://synthetic-shop.local/search/syn-0004,,,,raw_html,,519ac684c5f508264377e617c7fd873a2badfd3bba29ff4515ee69571855f695,519ac684c5f508264377e617c7fd873a2badfd3bba29ff4515ee69571855f695,html/syn-0004__subtree_relocate__01.html,syn-0004,embedded_state,html/syn-0004__subtree_relocate__01.html,construction_instruments,synthetic-v2-12to30,subtree_relocate,syn-0004__subtree_relocate__01,26,syn-0004__subtree_relocate__01,https://synthetic-shop.local/search/syn-0004,519ac684c5f508264377e617c7fd873a2badfd3bba29ff4515ee69571855f695,synthetic-shop.local,1,synthetic-shop.local,run-none39,,,ok,,,,26,,26,,,,,,False,False,,,,False,False,0,0,,,26,0,0,1.0,0.0,0.0,0,1,0,0,0,1.0,1.0,1.0,1.0,1.0,1.0,1.0,1.0,1.0
20261004T181609Z-2ba1b2f7,robustness,hybrid_original,syn-0004__subtree_relocate__02,html/syn-0004__subtree_relocate__02.html,,positive,True,26,26,26,0,0,1,26,0,0,26,0,0,26,0,0,robustness,html/syn-0004__subtree_relocate__02.html,syn-0004__subtree_relocate__02.html,run-none40,synthetic-shop.local,D:\Pet_Codes\science\article-price-tracker\synthetic\html\syn-0004__subtree_relocate__02.html,https://synthetic-shop.local/search/syn-0004,https://synthetic-shop.local/search/syn-0004,,,,raw_html,,59ce238d8198b064358fd0c38e48f4e7fa6ff924cb78c006a2cc89d26b879bb9,59ce238d8198b064358fd0c38e48f4e7fa6ff924cb78c006a2cc89d26b879bb9,html/syn-0004__subtree_relocate__02.html,syn-0004,embedded_state,html/syn-0004__subtree_relocate__02.html,construction_instruments,synthetic-v2-12to30,subtree_relocate,syn-0004__subtree_relocate__02,26,syn-0004__subtree_relocate__02,https://synthetic-shop.local/search/syn-0004,59ce238d8198b064358fd0c38e48f4e7fa6ff924cb78c006a2cc89d26b879bb9,synthetic-shop.local,2,synthetic-shop.local,run-none40,,,ok,,,,26,,26,,,,,,False,False,,,,False,False,0,0,,,26,0,0,1.0,0.0,0.0,0,1,0,0,0,1.0,1.0,1.0,1.0,1.0,1.0,1.0,1.0,1.0
20261004T181609Z-2ba1b2f7,robustness,hybrid_original,syn-0005__class_rename__01,html/syn-0005__class_rename__01.html,,positive,True,14,8,8,6,0,1,8,0,6,8,0,6,8,0,6,robustness,html/syn-0005__class_rename__01.html,syn-0005__class_rename__01.html,run-none41,synthetic-shop.local,D:\Pet_Codes\science\article-price-tracker\synthetic\html\syn-0005__class_rename__01.html,https://synthetic-shop.local/search/syn-0005,https://synthetic-shop.local/search/syn-0005,,,,raw_html,,a6a125c7511a44e9fb6c1101192a250d29228d09ee641fc620c515bbb4c62573,a6a125c7511a44e9fb6c1101192a250d29228d09ee641fc620c515bbb4c62573,html/syn-0005__class_rename__01.html,syn-0005,detail_grid,html/syn-0005__class_rename__01.html,construction_instruments,synthetic-v2-12to30,class_rename,syn-0005__class_rename__01,14,syn-0005__class_rename__01,https://synthetic-shop.local/search/syn-0005,a6a125c7511a44e9fb6c1101192a250d29228d09ee641fc620c515bbb4c62573,synthetic-shop.local,1,synthetic-shop.local,run-none41,,,partial_validation,,,,0,,8,,partial_validation,,,,True,True,,,,True,True,1,0,,,14,0,0,1.0,0.0,0.0,0,1,0,0,0,1.0,0.5714285714285714,0.7272727272727273,1.0,0.5714285714285714,0.7272727272727273,1.0,0.5714285714285714,0.7272727272727273
20261004T181609Z-2ba1b2f7,robustness,hybrid_original,syn-0005__class_rename__02,html/syn-0005__class_rename__02.html,,positive,True,14,8,8,6,0,1,8,0,6,8,0,6,8,0,6,robustness,html/syn-0005__class_rename__02.html,syn-0005__class_rename__02.html,run-none42,synthetic-shop.local,D:\Pet_Codes\science\article-price-tracker\synthetic\html\syn-0005__class_rename__02.html,https://synthetic-shop.local/search/syn-0005,https://synthetic-shop.local/search/syn-0005,,,,raw_html,,90b6f25ec5dbdb40dced5efee41d5574ed483c0c83b11be7e93e0de427865bd3,90b6f25ec5dbdb40dced5efee41d5574ed483c0c83b11be7e93e0de427865bd3,html/syn-0005__class_rename__02.html,syn-0005,detail_grid,html/syn-0005__class_rename__02.html,construction_instruments,synthetic-v2-12to30,class_rename,syn-0005__class_rename__02,14,syn-0005__class_rename__02,https://synthetic-shop.local/search/syn-0005,90b6f25ec5dbdb40dced5efee41d5574ed483c0c83b11be7e93e0de427865bd3,synthetic-shop.local,2,synthetic-shop.local,run-none42,,,partial_validation,,,,0,,8,,partial_validation,,,,True,True,,,,True,True,1,0,,,14,0,0,1.0,0.0,0.0,0,1,0,0,0,1.0,0.5714285714285714,0.7272727272727273,1.0,0.5714285714285714,0.7272727272727273,1.0,0.5714285714285714,0.7272727272727273
20261004T181609Z-2ba1b2f7,robustness,hybrid_original,syn-0005__class_rename__03,html/syn-0005__class_rename__03.html,,positive,True,14,8,8,6,0,1,8,0,6,8,0,6,8,0,6,robustness,html/syn-0005__class_rename__03.html,syn-0005__class_rename__03.html,run-none43,synthetic-shop.local,D:\Pet_Codes\science\article-price-tracker\synthetic\html\syn-0005__class_rename__03.html,https://synthetic-shop.local/search/syn-0005,https://synthetic-shop.local/search/syn-0005,,,,raw_html,,46bc6341fdfe0947c27c0d29a7a26e7cf971ded28b67cd41102b477df303de24,46bc6341fdfe0947c27c0d29a7a26e7cf971ded28b67cd41102b477df303de24,html/syn-0005__class_rename__03.html,syn-0005,detail_grid,html/syn-0005__class_rename__03.html,construction_instruments,synthetic-v2-12to30,class_rename,syn-0005__class_rename__03,14,syn-0005__class_rename__03,https://synthetic-shop.local/search/syn-0005,46bc6341fdfe0947c27c0d29a7a26e7cf971ded28b67cd41102b477df303de24,synthetic-shop.local,3,synthetic-shop.local,run-none43,,,partial_validation,,,,0,,8,,partial_validation,,,,True,True,,,,True,True,1,0,,,14,0,0,1.0,0.0,0.0,0,1,0,0,0,1.0,0.5714285714285714,0.7272727272727273,1.0,0.5714285714285714,0.7272727272727273,1.0,0.5714285714285714,0.7272727272727273
20261004T181609Z-2ba1b2f7,robustness,hybrid_original,syn-0005__wrapper_insert__01,html/syn-0005__wrapper_insert__01.html,,positive,True,14,8,8,6,0,1,8,0,6,8,0,6,8,0,6,robustness,html/syn-0005__wrapper_insert__01.html,syn-0005__wrapper_insert__01.html,run-none44,synthetic-shop.local,D:\Pet_Codes\science\article-price-tracker\synthetic\html\syn-0005__wrapper_insert__01.html,https://synthetic-shop.local/search/syn-0005,https://synthetic-shop.local/search/syn-0005,,,,raw_html,,b8531a374be6ddd19ff78ee9f2fcbc56969c1b5aef5c179b0055952b6167f0d5,b8531a374be6ddd19ff78ee9f2fcbc56969c1b5aef5c179b0055952b6167f0d5,html/syn-0005__wrapper_insert__01.html,syn-0005,detail_grid,html/syn-0005__wrapper_insert__01.html,construction_instruments,synthetic-v2-12to30,wrapper_insert,syn-0005__wrapper_insert__01,14,syn-0005__wrapper_insert__01,https://synthetic-shop.local/search/syn-0005,b8531a374be6ddd19ff78ee9f2fcbc56969c1b5aef5c179b0055952b6167f0d5,synthetic-shop.local,1,synthetic-shop.local,run-none44,,,partial_validation,,,,0,,8,,partial_validation,,,,True,True,,,,True,True,1,0,,,14,0,0,1.0,0.0,0.0,0,1,0,0,0,1.0,0.5714285714285714,0.7272727272727273,1.0,0.5714285714285714,0.7272727272727273,1.0,0.5714285714285714,0.7272727272727273
20261004T181609Z-2ba1b2f7,robustness,hybrid_original,syn-0005__wrapper_insert__02,html/syn-0005__wrapper_insert__02.html,,positive,True,14,8,8,6,0,1,8,0,6,8,0,6,8,0,6,robustness,html/syn-0005__wrapper_insert__02.html,syn-0005__wrapper_insert__02.html,run-none45,synthetic-shop.local,D:\Pet_Codes\science\article-price-tracker\synthetic\html\syn-0005__wrapper_insert__02.html,https://synthetic-shop.local/search/syn-0005,https://synthetic-shop.local/search/syn-0005,,,,raw_html,,a133baaab301a9ceed989b6adb5211d4ba32da767f4397bdb8b112a1fe8e116c,a133baaab301a9ceed989b6adb5211d4ba32da767f4397bdb8b112a1fe8e116c,html/syn-0005__wrapper_insert__02.html,syn-0005,detail_grid,html/syn-0005__wrapper_insert__02.html,construction_instruments,synthetic-v2-12to30,wrapper_insert,syn-0005__wrapper_insert__02,14,syn-0005__wrapper_insert__02,https://synthetic-shop.local/search/syn-0005,a133baaab301a9ceed989b6adb5211d4ba32da767f4397bdb8b112a1fe8e116c,synthetic-shop.local,2,synthetic-shop.local,run-none45,,,partial_validation,,,,0,,8,,partial_validation,,,,True,True,,,,True,True,1,0,,,14,0,0,1.0,0.0,0.0,0,1,0,0,0,1.0,0.5714285714285714,0.7272727272727273,1.0,0.5714285714285714,0.7272727272727273,1.0,0.5714285714285714,0.7272727272727273
20261004T181609Z-2ba1b2f7,robustness,hybrid_original,syn-0005__wrapper_insert__03,html/syn-0005__wrapper_insert__03.html,,positive,True,14,8,8,6,0,1,8,0,6,8,0,6,8,0,6,robustness,html/syn-0005__wrapper_insert__03.html,syn-0005__wrapper_insert__03.html,run-none46,synthetic-shop.local,D:\Pet_Codes\science\article-price-tracker\synthetic\html\syn-0005__wrapper_insert__03.html,https://synthetic-shop.local/search/syn-0005,https://synthetic-shop.local/search/syn-0005,,,,raw_html,,d640992c21a0139c7c5215ded3ce856cde6d80615ef059d9a02ff75d17cbf81d,d640992c21a0139c7c5215ded3ce856cde6d80615ef059d9a02ff75d17cbf81d,html/syn-0005__wrapper_insert__03.html,syn-0005,detail_grid,html/syn-0005__wrapper_insert__03.html,construction_instruments,synthetic-v2-12to30,wrapper_insert,syn-0005__wrapper_insert__03,14,syn-0005__wrapper_insert__03,https://synthetic-shop.local/search/syn-0005,d640992c21a0139c7c5215ded3ce856cde6d80615ef059d9a02ff75d17cbf81d,synthetic-shop.local,3,synthetic-shop.local,run-none46,,,partial_validation,,,,0,,8,,partial_validation,,,,True,True,,,,True,True,1,0,,,14,0,0,1.0,0.0,0.0,0,1,0,0,0,1.0,0.5714285714285714,0.7272727272727273,1.0,0.5714285714285714,0.7272727272727273,1.0,0.5714285714285714,0.7272727272727273
20261004T181609Z-2ba1b2f7,robustness,hybrid_original,syn-0005__field_reorder__01,html/syn-0005__field_reorder__01.html,,positive,True,14,8,8,6,0,1,8,0,6,8,0,6,8,0,6,robustness,html/syn-0005__field_reorder__01.html,syn-0005__field_reorder__01.html,run-none47,synthetic-shop.local,D:\Pet_Codes\science\article-price-tracker\synthetic\html\syn-0005__field_reorder__01.html,https://synthetic-shop.local/search/syn-0005,https://synthetic-shop.local/search/syn-0005,,,,raw_html,,3dcdbe14ae0ba34f5097da05784f9d58f03964d8fcbdabc9665fd4da07414d76,3dcdbe14ae0ba34f5097da05784f9d58f03964d8fcbdabc9665fd4da07414d76,html/syn-0005__field_reorder__01.html,syn-0005,detail_grid,html/syn-0005__field_reorder__01.html,construction_instruments,synthetic-v2-12to30,field_reorder,syn-0005__field_reorder__01,14,syn-0005__field_reorder__01,https://synthetic-shop.local/search/syn-0005,3dcdbe14ae0ba34f5097da05784f9d58f03964d8fcbdabc9665fd4da07414d76,synthetic-shop.local,1,synthetic-shop.local,run-none47,,,partial_validation,,,,0,,8,,partial_validation,,,,True,True,,,,True,True,1,0,,,14,0,0,1.0,0.0,0.0,0,1,0,0,0,1.0,0.5714285714285714,0.7272727272727273,1.0,0.5714285714285714,0.7272727272727273,1.0,0.5714285714285714,0.7272727272727273
20261004T181609Z-2ba1b2f7,robustness,hybrid_original,syn-0005__field_reorder__02,html/syn-0005__field_reorder__02.html,,positive,True,14,8,8,6,0,1,8,0,6,8,0,6,8,0,6,robustness,html/syn-0005__field_reorder__02.html,syn-0005__field_reorder__02.html,run-none48,synthetic-shop.local,D:\Pet_Codes\science\article-price-tracker\synthetic\html\syn-0005__field_reorder__02.html,https://synthetic-shop.local/search/syn-0005,https://synthetic-shop.local/search/syn-0005,,,,raw_html,,b92f58df6fa48ce94c63d279e9c277febb26d2c12d60f7cbb7639b4480f7f082,b92f58df6fa48ce94c63d279e9c277febb26d2c12d60f7cbb7639b4480f7f082,html/syn-0005__field_reorder__02.html,syn-0005,detail_grid,html/syn-0005__field_reorder__02.html,construction_instruments,synthetic-v2-12to30,field_reorder,syn-0005__field_reorder__02,14,syn-0005__field_reorder__02,https://synthetic-shop.local/search/syn-0005,b92f58df6fa48ce94c63d279e9c277febb26d2c12d60f7cbb7639b4480f7f082,synthetic-shop.local,2,synthetic-shop.local,run-none48,,,partial_validation,,,,0,,8,,partial_validation,,,,True,True,,,,True,True,1,0,,,14,0,0,1.0,0.0,0.0,0,1,0,0,0,1.0,0.5714285714285714,0.7272727272727273,1.0,0.5714285714285714,0.7272727272727273,1.0,0.5714285714285714,0.7272727272727273
20261004T181609Z-2ba1b2f7,robustness,hybrid_original,syn-0005__subtree_relocate__01,html/syn-0005__subtree_relocate__01.html,,positive,True,14,8,8,6,0,1,8,0,6,8,0,6,8,0,6,robustness,html/syn-0005__subtree_relocate__01.html,syn-0005__subtree_relocate__01.html,run-none49,synthetic-shop.local,D:\Pet_Codes\science\article-price-tracker\synthetic\html\syn-0005__subtree_relocate__01.html,https://synthetic-shop.local/search/syn-0005,https://synthetic-shop.local/search/syn-0005,,,,raw_html,,4e431c15ac2dc39f81f45a5998cd8319eec69245bf53b39658a8877c0e82cd95,4e431c15ac2dc39f81f45a5998cd8319eec69245bf53b39658a8877c0e82cd95,html/syn-0005__subtree_relocate__01.html,syn-0005,detail_grid,html/syn-0005__subtree_relocate__01.html,construction_instruments,synthetic-v2-12to30,subtree_relocate,syn-0005__subtree_relocate__01,14,syn-0005__subtree_relocate__01,https://synthetic-shop.local/search/syn-0005,4e431c15ac2dc39f81f45a5998cd8319eec69245bf53b39658a8877c0e82cd95,synthetic-shop.local,1,synthetic-shop.local,run-none49,,,partial_validation,,,,0,,8,,partial_validation,,,,True,True,,,,True,True,1,0,,,14,0,0,1.0,0.0,0.0,0,1,0,0,0,1.0,0.5714285714285714,0.7272727272727273,1.0,0.5714285714285714,0.7272727272727273,1.0,0.5714285714285714,0.7272727272727273
20261004T181609Z-2ba1b2f7,robustness,hybrid_original,syn-0005__subtree_relocate__02,html/syn-0005__subtree_relocate__02.html,,positive,True,14,8,8,6,0,1,8,0,6,8,0,6,8,0,6,robustness,html/syn-0005__subtree_relocate__02.html,syn-0005__subtree_relocate__02.html,run-none50,synthetic-shop.local,D:\Pet_Codes\science\article-price-tracker\synthetic\html\syn-0005__subtree_relocate__02.html,https://synthetic-shop.local/search/syn-0005,https://synthetic-shop.local/search/syn-0005,,,,raw_html,,c78b66a199c43847a4c3e9a7c4b376d53ce092389554575e2cd99e7465c92f3b,c78b66a199c43847a4c3e9a7c4b376d53ce092389554575e2cd99e7465c92f3b,html/syn-0005__subtree_relocate__02.html,syn-0005,detail_grid,html/syn-0005__subtree_relocate__02.html,construction_instruments,synthetic-v2-12to30,subtree_relocate,syn-0005__subtree_relocate__02,14,syn-0005__subtree_relocate__02,https://synthetic-shop.local/search/syn-0005,c78b66a199c43847a4c3e9a7c4b376d53ce092389554575e2cd99e7465c92f3b,synthetic-shop.local,2,synthetic-shop.local,run-none50,,,partial_validation,,,,0,,8,,partial_validation,,,,True,True,,,,True,True,1,0,,,14,0,0,1.0,0.0,0.0,0,1,0,0,0,1.0,0.5714285714285714,0.7272727272727273,1.0,0.5714285714285714,0.7272727272727273,1.0,0.5714285714285714,0.7272727272727273
20261004T181609Z-2ba1b2f7,robustness,hybrid_original,syn-0006__class_rename__01,html/syn-0006__class_rename__01.html,,positive,True,28,8,8,20,0,1,8,0,20,8,0,20,8,0,20,robustness,html/syn-0006__class_rename__01.html,syn-0006__class_rename__01.html,run-none51,synthetic-shop.local,D:\Pet_Codes\science\article-price-tracker\synthetic\html\syn-0006__class_rename__01.html,https://synthetic-shop.local/search/syn-0006,https://synthetic-shop.local/search/syn-0006,,,,raw_html,,6c379cb5f6d9fdd9924d33147779a1c594a99a3d9ec8bb5388a2569f6cdb1d22,6c379cb5f6d9fdd9924d33147779a1c594a99a3d9ec8bb5388a2569f6cdb1d22,html/syn-0006__class_rename__01.html,syn-0006,table_listing,html/syn-0006__class_rename__01.html,construction_instruments,synthetic-v2-12to30,class_rename,syn-0006__class_rename__01,28,syn-0006__class_rename__01,https://synthetic-shop.local/search/syn-0006,6c379cb5f6d9fdd9924d33147779a1c594a99a3d9ec8bb5388a2569f6cdb1d22,synthetic-shop.local,1,synthetic-shop.local,run-none51,,,partial_validation,,,,0,,8,,partial_validation,,,,True,True,,,,True,True,1,0,,,28,0,0,1.0,0.0,0.0,0,1,0,0,0,1.0,0.2857142857142857,0.4444444444444445,1.0,0.2857142857142857,0.4444444444444445,1.0,0.2857142857142857,0.4444444444444445
20261004T181609Z-2ba1b2f7,robustness,hybrid_original,syn-0006__class_rename__02,html/syn-0006__class_rename__02.html,,positive,True,28,8,8,20,0,1,8,0,20,8,0,20,8,0,20,robustness,html/syn-0006__class_rename__02.html,syn-0006__class_rename__02.html,run-none52,synthetic-shop.local,D:\Pet_Codes\science\article-price-tracker\synthetic\html\syn-0006__class_rename__02.html,https://synthetic-shop.local/search/syn-0006,https://synthetic-shop.local/search/syn-0006,,,,raw_html,,a7b713bbf5e66e1981e46d924ca40d7e0557d3e1ac86eb70773e95965424a7ad,a7b713bbf5e66e1981e46d924ca40d7e0557d3e1ac86eb70773e95965424a7ad,html/syn-0006__class_rename__02.html,syn-0006,table_listing,html/syn-0006__class_rename__02.html,construction_instruments,synthetic-v2-12to30,class_rename,syn-0006__class_rename__02,28,syn-0006__class_rename__02,https://synthetic-shop.local/search/syn-0006,a7b713bbf5e66e1981e46d924ca40d7e0557d3e1ac86eb70773e95965424a7ad,synthetic-shop.local,2,synthetic-shop.local,run-none52,,,partial_validation,,,,0,,8,,partial_validation,,,,True,True,,,,True,True,1,0,,,28,0,0,1.0,0.0,0.0,0,1,0,0,0,1.0,0.2857142857142857,0.4444444444444445,1.0,0.2857142857142857,0.4444444444444445,1.0,0.2857142857142857,0.4444444444444445
20261004T181609Z-2ba1b2f7,robustness,hybrid_original,syn-0006__class_rename__03,html/syn-0006__class_rename__03.html,,positive,True,28,8,8,20,0,1,8,0,20,8,0,20,8,0,20,robustness,html/syn-0006__class_rename__03.html,syn-0006__class_rename__03.html,run-none53,synthetic-shop.local,D:\Pet_Codes\science\article-price-tracker\synthetic\html\syn-0006__class_rename__03.html,https://synthetic-shop.local/search/syn-0006,https://synthetic-shop.local/search/syn-0006,,,,raw_html,,666def829196711fe266e0da351c3b8da1a236ea5162ec68128291ad15f7cda4,666def829196711fe266e0da351c3b8da1a236ea5162ec68128291ad15f7cda4,html/syn-0006__class_rename__03.html,syn-0006,table_listing,html/syn-0006__class_rename__03.html,construction_instruments,synthetic-v2-12to30,class_rename,syn-0006__class_rename__03,28,syn-0006__class_rename__03,https://synthetic-shop.local/search/syn-0006,666def829196711fe266e0da351c3b8da1a236ea5162ec68128291ad15f7cda4,synthetic-shop.local,3,synthetic-shop.local,run-none53,,,partial_validation,,,,0,,8,,partial_validation,,,,True,True,,,,True,True,1,0,,,28,0,0,1.0,0.0,0.0,0,1,0,0,0,1.0,0.2857142857142857,0.4444444444444445,1.0,0.2857142857142857,0.4444444444444445,1.0,0.2857142857142857,0.4444444444444445
20261004T181609Z-2ba1b2f7,robustness,hybrid_original,syn-0006__wrapper_insert__01,html/syn-0006__wrapper_insert__01.html,,positive,True,28,8,8,20,0,1,8,0,20,8,0,20,8,0,20,robustness,html/syn-0006__wrapper_insert__01.html,syn-0006__wrapper_insert__01.html,run-none54,synthetic-shop.local,D:\Pet_Codes\science\article-price-tracker\synthetic\html\syn-0006__wrapper_insert__01.html,https://synthetic-shop.local/search/syn-0006,https://synthetic-shop.local/search/syn-0006,,,,raw_html,,f5da07d1de2de3e02213d0dce1b69133e51d7b26f5e1d4f94506d4aedb9b361e,f5da07d1de2de3e02213d0dce1b69133e51d7b26f5e1d4f94506d4aedb9b361e,html/syn-0006__wrapper_insert__01.html,syn-0006,table_listing,html/syn-0006__wrapper_insert__01.html,construction_instruments,synthetic-v2-12to30,wrapper_insert,syn-0006__wrapper_insert__01,28,syn-0006__wrapper_insert__01,https://synthetic-shop.local/search/syn-0006,f5da07d1de2de3e02213d0dce1b69133e51d7b26f5e1d4f94506d4aedb9b361e,synthetic-shop.local,1,synthetic-shop.local,run-none54,,,partial_validation,,,,0,,8,,partial_validation,,,,True,True,,,,True,True,1,0,,,28,0,0,1.0,0.0,0.0,0,1,0,0,0,1.0,0.2857142857142857,0.4444444444444445,1.0,0.2857142857142857,0.4444444444444445,1.0,0.2857142857142857,0.4444444444444445
20261004T181609Z-2ba1b2f7,robustness,hybrid_original,syn-0006__wrapper_insert__02,html/syn-0006__wrapper_insert__02.html,,positive,True,28,8,8,20,0,1,8,0,20,8,0,20,8,0,20,robustness,html/syn-0006__wrapper_insert__02.html,syn-0006__wrapper_insert__02.html,run-none55,synthetic-shop.local,D:\Pet_Codes\science\article-price-tracker\synthetic\html\syn-0006__wrapper_insert__02.html,https://synthetic-shop.local/search/syn-0006,https://synthetic-shop.local/search/syn-0006,,,,raw_html,,f5ceb27c4ccc8d489b80ae9a7edf2ace970fccdd32ee7de1855e0e3d64cb8404,f5ceb27c4ccc8d489b80ae9a7edf2ace970fccdd32ee7de1855e0e3d64cb8404,html/syn-0006__wrapper_insert__02.html,syn-0006,table_listing,html/syn-0006__wrapper_insert__02.html,construction_instruments,synthetic-v2-12to30,wrapper_insert,syn-0006__wrapper_insert__02,28,syn-0006__wrapper_insert__02,https://synthetic-shop.local/search/syn-0006,f5ceb27c4ccc8d489b80ae9a7edf2ace970fccdd32ee7de1855e0e3d64cb8404,synthetic-shop.local,2,synthetic-shop.local,run-none55,,,partial_validation,,,,0,,8,,partial_validation,,,,True,True,,,,True,True,1,0,,,28,0,0,1.0,0.0,0.0,0,1,0,0,0,1.0,0.2857142857142857,0.4444444444444445,1.0,0.2857142857142857,0.4444444444444445,1.0,0.2857142857142857,0.4444444444444445
20261004T181609Z-2ba1b2f7,robustness,hybrid_original,syn-0006__wrapper_insert__03,html/syn-0006__wrapper_insert__03.html,,positive,True,28,8,8,20,0,1,8,0,20,8,0,20,8,0,20,robustness,html/syn-0006__wrapper_insert__03.html,syn-0006__wrapper_insert__03.html,run-none56,synthetic-shop.local,D:\Pet_Codes\science\article-price-tracker\synthetic\html\syn-0006__wrapper_insert__03.html,https://synthetic-shop.local/search/syn-0006,https://synthetic-shop.local/search/syn-0006,,,,raw_html,,74832e8c81383139f99bc6340bf8524af15d8864d2e0ca8d771434800d7e1901,74832e8c81383139f99bc6340bf8524af15d8864d2e0ca8d771434800d7e1901,html/syn-0006__wrapper_insert__03.html,syn-0006,table_listing,html/syn-0006__wrapper_insert__03.html,construction_instruments,synthetic-v2-12to30,wrapper_insert,syn-0006__wrapper_insert__03,28,syn-0006__wrapper_insert__03,https://synthetic-shop.local/search/syn-0006,74832e8c81383139f99bc6340bf8524af15d8864d2e0ca8d771434800d7e1901,synthetic-shop.local,3,synthetic-shop.local,run-none56,,,partial_validation,,,,0,,8,,partial_validation,,,,True,True,,,,True,True,1,0,,,28,0,0,1.0,0.0,0.0,0,1,0,0,0,1.0,0.2857142857142857,0.4444444444444445,1.0,0.2857142857142857,0.4444444444444445,1.0,0.2857142857142857,0.4444444444444445
20261004T181609Z-2ba1b2f7,robustness,hybrid_original,syn-0006__field_reorder__01,html/syn-0006__field_reorder__01.html,,positive,True,28,8,8,20,0,1,8,0,20,8,0,20,8,0,20,robustness,html/syn-0006__field_reorder__01.html,syn-0006__field_reorder__01.html,run-none57,synthetic-shop.local,D:\Pet_Codes\science\article-price-tracker\synthetic\html\syn-0006__field_reorder__01.html,https://synthetic-shop.local/search/syn-0006,https://synthetic-shop.local/search/syn-0006,,,,raw_html,,7fca304ea40c22b1e3033f8cdb0164aa374028528c02186cdc7172ccd1fffb68,7fca304ea40c22b1e3033f8cdb0164aa374028528c02186cdc7172ccd1fffb68,html/syn-0006__field_reorder__01.html,syn-0006,table_listing,html/syn-0006__field_reorder__01.html,construction_instruments,synthetic-v2-12to30,field_reorder,syn-0006__field_reorder__01,28,syn-0006__field_reorder__01,https://synthetic-shop.local/search/syn-0006,7fca304ea40c22b1e3033f8cdb0164aa374028528c02186cdc7172ccd1fffb68,synthetic-shop.local,1,synthetic-shop.local,run-none57,,,partial_validation,,,,0,,8,,partial_validation,,,,True,True,,,,True,True,1,0,,,28,0,0,1.0,0.0,0.0,0,1,0,0,0,1.0,0.2857142857142857,0.4444444444444445,1.0,0.2857142857142857,0.4444444444444445,1.0,0.2857142857142857,0.4444444444444445
20261004T181609Z-2ba1b2f7,robustness,hybrid_original,syn-0006__field_reorder__02,html/syn-0006__field_reorder__02.html,,positive,True,28,8,8,20,0,1,8,0,20,8,0,20,8,0,20,robustness,html/syn-0006__field_reorder__02.html,syn-0006__field_reorder__02.html,run-none58,synthetic-shop.local,D:\Pet_Codes\science\article-price-tracker\synthetic\html\syn-0006__field_reorder__02.html,https://synthetic-shop.local/search/syn-0006,https://synthetic-shop.local/search/syn-0006,,,,raw_html,,772bce8f0b4557207371cf037e8493c99afc806a7697c97aa54c66c6e425b731,772bce8f0b4557207371cf037e8493c99afc806a7697c97aa54c66c6e425b731,html/syn-0006__field_reorder__02.html,syn-0006,table_listing,html/syn-0006__field_reorder__02.html,construction_instruments,synthetic-v2-12to30,field_reorder,syn-0006__field_reorder__02,28,syn-0006__field_reorder__02,https://synthetic-shop.local/search/syn-0006,772bce8f0b4557207371cf037e8493c99afc806a7697c97aa54c66c6e425b731,synthetic-shop.local,2,synthetic-shop.local,run-none58,,,partial_validation,,,,0,,8,,partial_validation,,,,True,True,,,,True,True,1,0,,,28,0,0,1.0,0.0,0.0,0,1,0,0,0,1.0,0.2857142857142857,0.4444444444444445,1.0,0.2857142857142857,0.4444444444444445,1.0,0.2857142857142857,0.4444444444444445
20261004T181609Z-2ba1b2f7,robustness,hybrid_original,syn-0006__subtree_relocate__01,html/syn-0006__subtree_relocate__01.html,,positive,True,28,8,8,20,0,1,8,0,20,8,0,20,8,0,20,robustness,html/syn-0006__subtree_relocate__01.html,syn-0006__subtree_relocate__01.html,run-none59,synthetic-shop.local,D:\Pet_Codes\science\article-price-tracker\synthetic\html\syn-0006__subtree_relocate__01.html,https://synthetic-shop.local/search/syn-0006,https://synthetic-shop.local/search/syn-0006,,,,raw_html,,06709cce80449804902a171f1f0f207667d077c2519a413fa07b3d71bfb7c895,06709cce80449804902a171f1f0f207667d077c2519a413fa07b3d71bfb7c895,html/syn-0006__subtree_relocate__01.html,syn-0006,table_listing,html/syn-0006__subtree_relocate__01.html,construction_instruments,synthetic-v2-12to30,subtree_relocate,syn-0006__subtree_relocate__01,28,syn-0006__subtree_relocate__01,https://synthetic-shop.local/search/syn-0006,06709cce80449804902a171f1f0f207667d077c2519a413fa07b3d71bfb7c895,synthetic-shop.local,1,synthetic-shop.local,run-none59,,,partial_validation,,,,0,,8,,partial_validation,,,,True,True,,,,True,True,1,0,,,28,0,0,1.0,0.0,0.0,0,1,0,0,0,1.0,0.2857142857142857,0.4444444444444445,1.0,0.2857142857142857,0.4444444444444445,1.0,0.2857142857142857,0.4444444444444445
20261004T181609Z-2ba1b2f7,robustness,hybrid_original,syn-0006__subtree_relocate__02,html/syn-0006__subtree_relocate__02.html,,positive,True,28,8,8,20,0,1,8,0,20,8,0,20,8,0,20,robustness,html/syn-0006__subtree_relocate__02.html,syn-0006__subtree_relocate__02.html,run-none60,synthetic-shop.local,D:\Pet_Codes\science\article-price-tracker\synthetic\html\syn-0006__subtree_relocate__02.html,https://synthetic-shop.local/search/syn-0006,https://synthetic-shop.local/search/syn-0006,,,,raw_html,,96e3d1ca26a75de00dc7b9d7cb9d21286019637fdb84cf452ea4c4822213a5ad,96e3d1ca26a75de00dc7b9d7cb9d21286019637fdb84cf452ea4c4822213a5ad,html/syn-0006__subtree_relocate__02.html,syn-0006,table_listing,html/syn-0006__subtree_relocate__02.html,construction_instruments,synthetic-v2-12to30,subtree_relocate,syn-0006__subtree_relocate__02,28,syn-0006__subtree_relocate__02,https://synthetic-shop.local/search/syn-0006,96e3d1ca26a75de00dc7b9d7cb9d21286019637fdb84cf452ea4c4822213a5ad,synthetic-shop.local,2,synthetic-shop.local,run-none60,,,partial_validation,,,,0,,8,,partial_validation,,,,True,True,,,,True,True,1,0,,,28,0,0,1.0,0.0,0.0,0,1,0,0,0,1.0,0.2857142857142857,0.4444444444444445,1.0,0.2857142857142857,0.4444444444444445,1.0,0.2857142857142857,0.4444444444444445
20261004T181609Z-2ba1b2f7,robustness,hybrid_original,syn-0007__class_rename__01,html/syn-0007__class_rename__01.html,,positive,True,18,18,18,0,0,1,18,0,0,18,0,0,18,0,0,robustness,html/syn-0007__class_rename__01.html,syn-0007__class_rename__01.html,run-none61,synthetic-shop.local,D:\Pet_Codes\science\article-price-tracker\synthetic\html\syn-0007__class_rename__01.html,https://synthetic-shop.local/search/syn-0007,https://synthetic-shop.local/search/syn-0007,,,,raw_html,,3163390b280ff8e846078394c31e0ac8c79a8865056a569f96205dd350b68b6f,3163390b280ff8e846078394c31e0ac8c79a8865056a569f96205dd350b68b6f,html/syn-0007__class_rename__01.html,syn-0007,semantic_articles,html/syn-0007__class_rename__01.html,construction_instruments,synthetic-v2-12to30,class_rename,syn-0007__class_rename__01,18,syn-0007__class_rename__01,https://synthetic-shop.local/search/syn-0007,3163390b280ff8e846078394c31e0ac8c79a8865056a569f96205dd350b68b6f,synthetic-shop.local,1,synthetic-shop.local,run-none61,,,ok,,,,18,,18,,,,,,False,False,,,,False,False,0,0,,,18,0,0,1.0,0.0,0.0,0,1,0,0,0,1.0,1.0,1.0,1.0,1.0,1.0,1.0,1.0,1.0
20261004T181609Z-2ba1b2f7,robustness,hybrid_original,syn-0007__class_rename__02,html/syn-0007__class_rename__02.html,,positive,True,18,18,18,0,0,1,18,0,0,18,0,0,18,0,0,robustness,html/syn-0007__class_rename__02.html,syn-0007__class_rename__02.html,run-none62,synthetic-shop.local,D:\Pet_Codes\science\article-price-tracker\synthetic\html\syn-0007__class_rename__02.html,https://synthetic-shop.local/search/syn-0007,https://synthetic-shop.local/search/syn-0007,,,,raw_html,,5652af0f615f2ff68cef2b4fb51f4add7289e37b84e2c6e7af0f7cee228f1059,5652af0f615f2ff68cef2b4fb51f4add7289e37b84e2c6e7af0f7cee228f1059,html/syn-0007__class_rename__02.html,syn-0007,semantic_articles,html/syn-0007__class_rename__02.html,construction_instruments,synthetic-v2-12to30,class_rename,syn-0007__class_rename__02,18,syn-0007__class_rename__02,https://synthetic-shop.local/search/syn-0007,5652af0f615f2ff68cef2b4fb51f4add7289e37b84e2c6e7af0f7cee228f1059,synthetic-shop.local,2,synthetic-shop.local,run-none62,,,ok,,,,18,,18,,,,,,False,False,,,,False,False,0,0,,,18,0,0,1.0,0.0,0.0,0,1,0,0,0,1.0,1.0,1.0,1.0,1.0,1.0,1.0,1.0,1.0
20261004T181609Z-2ba1b2f7,robustness,hybrid_original,syn-0007__class_rename__03,html/syn-0007__class_rename__03.html,,positive,True,18,18,18,0,0,1,18,0,0,18,0,0,18,0,0,robustness,html/syn-0007__class_rename__03.html,syn-0007__class_rename__03.html,run-none63,synthetic-shop.local,D:\Pet_Codes\science\article-price-tracker\synthetic\html\syn-0007__class_rename__03.html,https://synthetic-shop.local/search/syn-0007,https://synthetic-shop.local/search/syn-0007,,,,raw_html,,84ab0ad7fe5295244e0dcf66c319cbae8c5af6628a42bfd126e51a8b8cbf87aa,84ab0ad7fe5295244e0dcf66c319cbae8c5af6628a42bfd126e51a8b8cbf87aa,html/syn-0007__class_rename__03.html,syn-0007,semantic_articles,html/syn-0007__class_rename__03.html,construction_instruments,synthetic-v2-12to30,class_rename,syn-0007__class_rename__03,18,syn-0007__class_rename__03,https://synthetic-shop.local/search/syn-0007,84ab0ad7fe5295244e0dcf66c319cbae8c5af6628a42bfd126e51a8b8cbf87aa,synthetic-shop.local,3,synthetic-shop.local,run-none63,,,ok,,,,18,,18,,,,,,False,False,,,,False,False,0,0,,,18,0,0,1.0,0.0,0.0,0,1,0,0,0,1.0,1.0,1.0,1.0,1.0,1.0,1.0,1.0,1.0
20261004T181609Z-2ba1b2f7,robustness,hybrid_original,syn-0007__wrapper_insert__01,html/syn-0007__wrapper_insert__01.html,,positive,True,18,18,18,0,0,1,18,0,0,18,0,0,18,0,0,robustness,html/syn-0007__wrapper_insert__01.html,syn-0007__wrapper_insert__01.html,run-none64,synthetic-shop.local,D:\Pet_Codes\science\article-price-tracker\synthetic\html\syn-0007__wrapper_insert__01.html,https://synthetic-shop.local/search/syn-0007,https://synthetic-shop.local/search/syn-0007,,,,raw_html,,6d1cc7de4d96bc1c6356994008b502500906699a78066347198817550a0abc08,6d1cc7de4d96bc1c6356994008b502500906699a78066347198817550a0abc08,html/syn-0007__wrapper_insert__01.html,syn-0007,semantic_articles,html/syn-0007__wrapper_insert__01.html,construction_instruments,synthetic-v2-12to30,wrapper_insert,syn-0007__wrapper_insert__01,18,syn-0007__wrapper_insert__01,https://synthetic-shop.local/search/syn-0007,6d1cc7de4d96bc1c6356994008b502500906699a78066347198817550a0abc08,synthetic-shop.local,1,synthetic-shop.local,run-none64,,,ok,,,,18,,18,,,,,,False,False,,,,False,False,0,0,,,18,0,0,1.0,0.0,0.0,0,1,0,0,0,1.0,1.0,1.0,1.0,1.0,1.0,1.0,1.0,1.0
20261004T181609Z-2ba1b2f7,robustness,hybrid_original,syn-0007__wrapper_insert__02,html/syn-0007__wrapper_insert__02.html,,positive,True,18,18,18,0,0,1,18,0,0,18,0,0,18,0,0,robustness,html/syn-0007__wrapper_insert__02.html,syn-0007__wrapper_insert__02.html,run-none65,synthetic-shop.local,D:\Pet_Codes\science\article-price-tracker\synthetic\html\syn-0007__wrapper_insert__02.html,https://synthetic-shop.local/search/syn-0007,https://synthetic-shop.local/search/syn-0007,,,,raw_html,,6bb74711984192fb9086b3a53b77ad25410384cf2bed2cb215b19e096db36b29,6bb74711984192fb9086b3a53b77ad25410384cf2bed2cb215b19e096db36b29,html/syn-0007__wrapper_insert__02.html,syn-0007,semantic_articles,html/syn-0007__wrapper_insert__02.html,construction_instruments,synthetic-v2-12to30,wrapper_insert,syn-0007__wrapper_insert__02,18,syn-0007__wrapper_insert__02,https://synthetic-shop.local/search/syn-0007,6bb74711984192fb9086b3a53b77ad25410384cf2bed2cb215b19e096db36b29,synthetic-shop.local,2,synthetic-shop.local,run-none65,,,ok,,,,18,,18,,,,,,False,False,,,,False,False,0,0,,,18,0,0,1.0,0.0,0.0,0,1,0,0,0,1.0,1.0,1.0,1.0,1.0,1.0,1.0,1.0,1.0
20261004T181609Z-2ba1b2f7,robustness,hybrid_original,syn-0007__wrapper_insert__03,html/syn-0007__wrapper_insert__03.html,,positive,True,18,18,18,0,0,1,18,0,0,18,0,0,18,0,0,robustness,html/syn-0007__wrapper_insert__03.html,syn-0007__wrapper_insert__03.html,run-none66,synthetic-shop.local,D:\Pet_Codes\science\article-price-tracker\synthetic\html\syn-0007__wrapper_insert__03.html,https://synthetic-shop.local/search/syn-0007,https://synthetic-shop.local/search/syn-0007,,,,raw_html,,5cb7a9c1efddbf512376c4236aa97f6e8bcfedccf5e18184699c18f47f70caba,5cb7a9c1efddbf512376c4236aa97f6e8bcfedccf5e18184699c18f47f70caba,html/syn-0007__wrapper_insert__03.html,syn-0007,semantic_articles,html/syn-0007__wrapper_insert__03.html,construction_instruments,synthetic-v2-12to30,wrapper_insert,syn-0007__wrapper_insert__03,18,syn-0007__wrapper_insert__03,https://synthetic-shop.local/search/syn-0007,5cb7a9c1efddbf512376c4236aa97f6e8bcfedccf5e18184699c18f47f70caba,synthetic-shop.local,3,synthetic-shop.local,run-none66,,,ok,,,,18,,18,,,,,,False,False,,,,False,False,0,0,,,18,0,0,1.0,0.0,0.0,0,1,0,0,0,1.0,1.0,1.0,1.0,1.0,1.0,1.0,1.0,1.0
20261004T181609Z-2ba1b2f7,robustness,hybrid_original,syn-0007__field_reorder__01,html/syn-0007__field_reorder__01.html,,positive,True,18,18,18,0,0,1,18,0,0,18,0,0,18,0,0,robustness,html/syn-0007__field_reorder__01.html,syn-0007__field_reorder__01.html,run-none67,synthetic-shop.local,D:\Pet_Codes\science\article-price-tracker\synthetic\html\syn-0007__field_reorder__01.html,https://synthetic-shop.local/search/syn-0007,https://synthetic-shop.local/search/syn-0007,,,,raw_html,,803611bee1cdd84121d3a2b2c1e0c549cac6228d6cd1b24a8b93f759535aa993,803611bee1cdd84121d3a2b2c1e0c549cac6228d6cd1b24a8b93f759535aa993,html/syn-0007__field_reorder__01.html,syn-0007,semantic_articles,html/syn-0007__field_reorder__01.html,construction_instruments,synthetic-v2-12to30,field_reorder,syn-0007__field_reorder__01,18,syn-0007__field_reorder__01,https://synthetic-shop.local/search/syn-0007,803611bee1cdd84121d3a2b2c1e0c549cac6228d6cd1b24a8b93f759535aa993,synthetic-shop.local,1,synthetic-shop.local,run-none67,,,ok,,,,18,,18,,,,,,False,False,,,,False,False,0,0,,,18,0,0,1.0,0.0,0.0,0,1,0,0,0,1.0,1.0,1.0,1.0,1.0,1.0,1.0,1.0,1.0
20261004T181609Z-2ba1b2f7,robustness,hybrid_original,syn-0007__field_reorder__02,html/syn-0007__field_reorder__02.html,,positive,True,18,18,18,0,0,1,18,0,0,18,0,0,18,0,0,robustness,html/syn-0007__field_reorder__02.html,syn-0007__field_reorder__02.html,run-none68,synthetic-shop.local,D:\Pet_Codes\science\article-price-tracker\synthetic\html\syn-0007__field_reorder__02.html,https://synthetic-shop.local/search/syn-0007,https://synthetic-shop.local/search/syn-0007,,,,raw_html,,573a19fd55438e288c21740303222b73e49a0a8e6ee1e7410e4cb26f58ba223b,573a19fd55438e288c21740303222b73e49a0a8e6ee1e7410e4cb26f58ba223b,html/syn-0007__field_reorder__02.html,syn-0007,semantic_articles,html/syn-0007__field_reorder__02.html,construction_instruments,synthetic-v2-12to30,field_reorder,syn-0007__field_reorder__02,18,syn-0007__field_reorder__02,https://synthetic-shop.local/search/syn-0007,573a19fd55438e288c21740303222b73e49a0a8e6ee1e7410e4cb26f58ba223b,synthetic-shop.local,2,synthetic-shop.local,run-none68,,,ok,,,,18,,18,,,,,,False,False,,,,False,False,0,0,,,18,0,0,1.0,0.0,0.0,0,1,0,0,0,1.0,1.0,1.0,1.0,1.0,1.0,1.0,1.0,1.0
20261004T181609Z-2ba1b2f7,robustness,hybrid_original,syn-0007__subtree_relocate__01,html/syn-0007__subtree_relocate__01.html,,positive,True,18,18,18,0,0,1,18,0,0,18,0,0,18,0,0,robustness,html/syn-0007__subtree_relocate__01.html,syn-0007__subtree_relocate__01.html,run-none69,synthetic-shop.local,D:\Pet_Codes\science\article-price-tracker\synthetic\html\syn-0007__subtree_relocate__01.html,https://synthetic-shop.local/search/syn-0007,https://synthetic-shop.local/search/syn-0007,,,,raw_html,,ca2205263bd0654a51c188b8a4c24b736d0958594039bf585cfe4cf39647090c,ca2205263bd0654a51c188b8a4c24b736d0958594039bf585cfe4cf39647090c,html/syn-0007__subtree_relocate__01.html,syn-0007,semantic_articles,html/syn-0007__subtree_relocate__01.html,construction_instruments,synthetic-v2-12to30,subtree_relocate,syn-0007__subtree_relocate__01,18,syn-0007__subtree_relocate__01,https://synthetic-shop.local/search/syn-0007,ca2205263bd0654a51c188b8a4c24b736d0958594039bf585cfe4cf39647090c,synthetic-shop.local,1,synthetic-shop.local,run-none69,,,ok,,,,18,,18,,,,,,False,False,,,,False,False,0,0,,,18,0,0,1.0,0.0,0.0,0,1,0,0,0,1.0,1.0,1.0,1.0,1.0,1.0,1.0,1.0,1.0
20261004T181609Z-2ba1b2f7,robustness,hybrid_original,syn-0007__subtree_relocate__02,html/syn-0007__subtree_relocate__02.html,,positive,True,18,18,18,0,0,1,18,0,0,18,0,0,18,0,0,robustness,html/syn-0007__subtree_relocate__02.html,syn-0007__subtree_relocate__02.html,run-none70,synthetic-shop.local,D:\Pet_Codes\science\article-price-tracker\synthetic\html\syn-0007__subtree_relocate__02.html,https://synthetic-shop.local/search/syn-0007,https://synthetic-shop.local/search/syn-0007,,,,raw_html,,e7d24c238554f12c82b85e4120d83d2fe82c7b884bb227922829e44faa323b4e,e7d24c238554f12c82b85e4120d83d2fe82c7b884bb227922829e44faa323b4e,html/syn-0007__subtree_relocate__02.html,syn-0007,semantic_articles,html/syn-0007__subtree_relocate__02.html,construction_instruments,synthetic-v2-12to30,subtree_relocate,syn-0007__subtree_relocate__02,18,syn-0007__subtree_relocate__02,https://synthetic-shop.local/search/syn-0007,e7d24c238554f12c82b85e4120d83d2fe82c7b884bb227922829e44faa323b4e,synthetic-shop.local,2,synthetic-shop.local,run-none70,,,ok,,,,18,,18,,,,,,False,False,,,,False,False,0,0,,,18,0,0,1.0,0.0,0.0,0,1,0,0,0,1.0,1.0,1.0,1.0,1.0,1.0,1.0,1.0,1.0
20261004T181609Z-2ba1b2f7,robustness,hybrid_original,syn-0008__class_rename__01,html/syn-0008__class_rename__01.html,,positive,True,24,8,8,16,0,1,8,0,16,8,0,16,8,0,16,robustness,html/syn-0008__class_rename__01.html,syn-0008__class_rename__01.html,run-none71,synthetic-shop.local,D:\Pet_Codes\science\article-price-tracker\synthetic\html\syn-0008__class_rename__01.html,https://synthetic-shop.local/search/syn-0008,https://synthetic-shop.local/search/syn-0008,,,,raw_html,,0a08b4c9289100dba8417dbc488933de1a2800c7ff14af9f415ffc7b5aecf2ef,0a08b4c9289100dba8417dbc488933de1a2800c7ff14af9f415ffc7b5aecf2ef,html/syn-0008__class_rename__01.html,syn-0008,data_attrs,html/syn-0008__class_rename__01.html,construction_instruments,synthetic-v2-12to30,class_rename,syn-0008__class_rename__01,24,syn-0008__class_rename__01,https://synthetic-shop.local/search/syn-0008,0a08b4c9289100dba8417dbc488933de1a2800c7ff14af9f415ffc7b5aecf2ef,synthetic-shop.local,1,synthetic-shop.local,run-none71,,,partial_validation,,,,0,,8,,partial_validation,,,,True,True,,,,True,True,1,0,,,24,0,0,1.0,0.0,0.0,0,1,0,0,0,1.0,0.3333333333333333,0.5,1.0,0.3333333333333333,0.5,1.0,0.3333333333333333,0.5
20261004T181609Z-2ba1b2f7,robustness,hybrid_original,syn-0008__class_rename__02,html/syn-0008__class_rename__02.html,,positive,True,24,8,8,16,0,1,8,0,16,8,0,16,8,0,16,robustness,html/syn-0008__class_rename__02.html,syn-0008__class_rename__02.html,run-none72,synthetic-shop.local,D:\Pet_Codes\science\article-price-tracker\synthetic\html\syn-0008__class_rename__02.html,https://synthetic-shop.local/search/syn-0008,https://synthetic-shop.local/search/syn-0008,,,,raw_html,,f393d98f3c1c1560c2eb2721ae6792a9899ab0da2fb85445944a561a0a17ae1e,f393d98f3c1c1560c2eb2721ae6792a9899ab0da2fb85445944a561a0a17ae1e,html/syn-0008__class_rename__02.html,syn-0008,data_attrs,html/syn-0008__class_rename__02.html,construction_instruments,synthetic-v2-12to30,class_rename,syn-0008__class_rename__02,24,syn-0008__class_rename__02,https://synthetic-shop.local/search/syn-0008,f393d98f3c1c1560c2eb2721ae6792a9899ab0da2fb85445944a561a0a17ae1e,synthetic-shop.local,2,synthetic-shop.local,run-none72,,,partial_validation,,,,0,,8,,partial_validation,,,,True,True,,,,True,True,1,0,,,24,0,0,1.0,0.0,0.0,0,1,0,0,0,1.0,0.3333333333333333,0.5,1.0,0.3333333333333333,0.5,1.0,0.3333333333333333,0.5
20261004T181609Z-2ba1b2f7,robustness,hybrid_original,syn-0008__class_rename__03,html/syn-0008__class_rename__03.html,,positive,True,24,8,8,16,0,1,8,0,16,8,0,16,8,0,16,robustness,html/syn-0008__class_rename__03.html,syn-0008__class_rename__03.html,run-none73,synthetic-shop.local,D:\Pet_Codes\science\article-price-tracker\synthetic\html\syn-0008__class_rename__03.html,https://synthetic-shop.local/search/syn-0008,https://synthetic-shop.local/search/syn-0008,,,,raw_html,,fd269df1459ddc92c0e182c7c85255f2b1f025ffbc151cd8c53c2e0685421788,fd269df1459ddc92c0e182c7c85255f2b1f025ffbc151cd8c53c2e0685421788,html/syn-0008__class_rename__03.html,syn-0008,data_attrs,html/syn-0008__class_rename__03.html,construction_instruments,synthetic-v2-12to30,class_rename,syn-0008__class_rename__03,24,syn-0008__class_rename__03,https://synthetic-shop.local/search/syn-0008,fd269df1459ddc92c0e182c7c85255f2b1f025ffbc151cd8c53c2e0685421788,synthetic-shop.local,3,synthetic-shop.local,run-none73,,,partial_validation,,,,0,,8,,partial_validation,,,,True,True,,,,True,True,1,0,,,24,0,0,1.0,0.0,0.0,0,1,0,0,0,1.0,0.3333333333333333,0.5,1.0,0.3333333333333333,0.5,1.0,0.3333333333333333,0.5
20261004T181609Z-2ba1b2f7,robustness,hybrid_original,syn-0008__wrapper_insert__01,html/syn-0008__wrapper_insert__01.html,,positive,True,24,8,8,16,0,1,8,0,16,8,0,16,8,0,16,robustness,html/syn-0008__wrapper_insert__01.html,syn-0008__wrapper_insert__01.html,run-none74,synthetic-shop.local,D:\Pet_Codes\science\article-price-tracker\synthetic\html\syn-0008__wrapper_insert__01.html,https://synthetic-shop.local/search/syn-0008,https://synthetic-shop.local/search/syn-0008,,,,raw_html,,07f4ee2809548edda1232e8afb4f57826f27cfd0b83701c40ce39ccb43cf3e24,07f4ee2809548edda1232e8afb4f57826f27cfd0b83701c40ce39ccb43cf3e24,html/syn-0008__wrapper_insert__01.html,syn-0008,data_attrs,html/syn-0008__wrapper_insert__01.html,construction_instruments,synthetic-v2-12to30,wrapper_insert,syn-0008__wrapper_insert__01,24,syn-0008__wrapper_insert__01,https://synthetic-shop.local/search/syn-0008,07f4ee2809548edda1232e8afb4f57826f27cfd0b83701c40ce39ccb43cf3e24,synthetic-shop.local,1,synthetic-shop.local,run-none74,,,partial_validation,,,,0,,8,,partial_validation,,,,True,True,,,,True,True,1,0,,,24,0,0,1.0,0.0,0.0,0,1,0,0,0,1.0,0.3333333333333333,0.5,1.0,0.3333333333333333,0.5,1.0,0.3333333333333333,0.5
20261004T181609Z-2ba1b2f7,robustness,hybrid_original,syn-0008__wrapper_insert__02,html/syn-0008__wrapper_insert__02.html,,positive,True,24,8,8,16,0,1,8,0,16,8,0,16,8,0,16,robustness,html/syn-0008__wrapper_insert__02.html,syn-0008__wrapper_insert__02.html,run-none75,synthetic-shop.local,D:\Pet_Codes\science\article-price-tracker\synthetic\html\syn-0008__wrapper_insert__02.html,https://synthetic-shop.local/search/syn-0008,https://synthetic-shop.local/search/syn-0008,,,,raw_html,,de0a92ec03ea0072131929e646898f0c7dc5d39d69ed076961a433c202b60a44,de0a92ec03ea0072131929e646898f0c7dc5d39d69ed076961a433c202b60a44,html/syn-0008__wrapper_insert__02.html,syn-0008,data_attrs,html/syn-0008__wrapper_insert__02.html,construction_instruments,synthetic-v2-12to30,wrapper_insert,syn-0008__wrapper_insert__02,24,syn-0008__wrapper_insert__02,https://synthetic-shop.local/search/syn-0008,de0a92ec03ea0072131929e646898f0c7dc5d39d69ed076961a433c202b60a44,synthetic-shop.local,2,synthetic-shop.local,run-none75,,,partial_validation,,,,0,,8,,partial_validation,,,,True,True,,,,True,True,1,0,,,24,0,0,1.0,0.0,0.0,0,1,0,0,0,1.0,0.3333333333333333,0.5,1.0,0.3333333333333333,0.5,1.0,0.3333333333333333,0.5
20261004T181609Z-2ba1b2f7,robustness,hybrid_original,syn-0008__wrapper_insert__03,html/syn-0008__wrapper_insert__03.html,,positive,True,24,8,8,16,0,1,8,0,16,8,0,16,8,0,16,robustness,html/syn-0008__wrapper_insert__03.html,syn-0008__wrapper_insert__03.html,run-none76,synthetic-shop.local,D:\Pet_Codes\science\article-price-tracker\synthetic\html\syn-0008__wrapper_insert__03.html,https://synthetic-shop.local/search/syn-0008,https://synthetic-shop.local/search/syn-0008,,,,raw_html,,c681055bd4a5c97e904403bc3e4c9adb2c697c49a3cf607c8c29ec005c6eebd6,c681055bd4a5c97e904403bc3e4c9adb2c697c49a3cf607c8c29ec005c6eebd6,html/syn-0008__wrapper_insert__03.html,syn-0008,data_attrs,html/syn-0008__wrapper_insert__03.html,construction_instruments,synthetic-v2-12to30,wrapper_insert,syn-0008__wrapper_insert__03,24,syn-0008__wrapper_insert__03,https://synthetic-shop.local/search/syn-0008,c681055bd4a5c97e904403bc3e4c9adb2c697c49a3cf607c8c29ec005c6eebd6,synthetic-shop.local,3,synthetic-shop.local,run-none76,,,partial_validation,,,,0,,8,,partial_validation,,,,True,True,,,,True,True,1,0,,,24,0,0,1.0,0.0,0.0,0,1,0,0,0,1.0,0.3333333333333333,0.5,1.0,0.3333333333333333,0.5,1.0,0.3333333333333333,0.5
20261004T181609Z-2ba1b2f7,robustness,hybrid_original,syn-0008__field_reorder__01,html/syn-0008__field_reorder__01.html,,positive,True,24,8,8,16,0,1,8,0,16,8,0,16,8,0,16,robustness,html/syn-0008__field_reorder__01.html,syn-0008__field_reorder__01.html,run-none77,synthetic-shop.local,D:\Pet_Codes\science\article-price-tracker\synthetic\html\syn-0008__field_reorder__01.html,https://synthetic-shop.local/search/syn-0008,https://synthetic-shop.local/search/syn-0008,,,,raw_html,,b9ae6f4a4f6808fd509fea6dcfe2c05a755ca57bdd97d153259d16e1b10e3052,b9ae6f4a4f6808fd509fea6dcfe2c05a755ca57bdd97d153259d16e1b10e3052,html/syn-0008__field_reorder__01.html,syn-0008,data_attrs,html/syn-0008__field_reorder__01.html,construction_instruments,synthetic-v2-12to30,field_reorder,syn-0008__field_reorder__01,24,syn-0008__field_reorder__01,https://synthetic-shop.local/search/syn-0008,b9ae6f4a4f6808fd509fea6dcfe2c05a755ca57bdd97d153259d16e1b10e3052,synthetic-shop.local,1,synthetic-shop.local,run-none77,,,partial_validation,,,,0,,8,,partial_validation,,,,True,True,,,,True,True,1,0,,,24,0,0,1.0,0.0,0.0,0,1,0,0,0,1.0,0.3333333333333333,0.5,1.0,0.3333333333333333,0.5,1.0,0.3333333333333333,0.5
20261004T181609Z-2ba1b2f7,robustness,hybrid_original,syn-0008__field_reorder__02,html/syn-0008__field_reorder__02.html,,positive,True,24,8,8,16,0,1,8,0,16,8,0,16,8,0,16,robustness,html/syn-0008__field_reorder__02.html,syn-0008__field_reorder__02.html,run-none78,synthetic-shop.local,D:\Pet_Codes\science\article-price-tracker\synthetic\html\syn-0008__field_reorder__02.html,https://synthetic-shop.local/search/syn-0008,https://synthetic-shop.local/search/syn-0008,,,,raw_html,,49f63a7f321d9afd510288e1b1d38d169a571c84540dbcd4296c8715c60ba904,49f63a7f321d9afd510288e1b1d38d169a571c84540dbcd4296c8715c60ba904,html/syn-0008__field_reorder__02.html,syn-0008,data_attrs,html/syn-0008__field_reorder__02.html,construction_instruments,synthetic-v2-12to30,field_reorder,syn-0008__field_reorder__02,24,syn-0008__field_reorder__02,https://synthetic-shop.local/search/syn-0008,49f63a7f321d9afd510288e1b1d38d169a571c84540dbcd4296c8715c60ba904,synthetic-shop.local,2,synthetic-shop.local,run-none78,,,partial_validation,,,,0,,8,,partial_validation,,,,True,True,,,,True,True,1,0,,,24,0,0,1.0,0.0,0.0,0,1,0,0,0,1.0,0.3333333333333333,0.5,1.0,0.3333333333333333,0.5,1.0,0.3333333333333333,0.5
20261004T181609Z-2ba1b2f7,robustness,hybrid_original,syn-0008__subtree_relocate__01,html/syn-0008__subtree_relocate__01.html,,positive,True,24,8,8,16,0,1,8,0,16,8,0,16,8,0,16,robustness,html/syn-0008__subtree_relocate__01.html,syn-0008__subtree_relocate__01.html,run-none79,synthetic-shop.local,D:\Pet_Codes\science\article-price-tracker\synthetic\html\syn-0008__subtree_relocate__01.html,https://synthetic-shop.local/search/syn-0008,https://synthetic-shop.local/search/syn-0008,,,,raw_html,,e2f1d630e0cd21b299a91b7a9c6e76441717933da0865577f51eba3f76bfcdfc,e2f1d630e0cd21b299a91b7a9c6e76441717933da0865577f51eba3f76bfcdfc,html/syn-0008__subtree_relocate__01.html,syn-0008,data_attrs,html/syn-0008__subtree_relocate__01.html,construction_instruments,synthetic-v2-12to30,subtree_relocate,syn-0008__subtree_relocate__01,24,syn-0008__subtree_relocate__01,https://synthetic-shop.local/search/syn-0008,e2f1d630e0cd21b299a91b7a9c6e76441717933da0865577f51eba3f76bfcdfc,synthetic-shop.local,1,synthetic-shop.local,run-none79,,,partial_validation,,,,0,,8,,partial_validation,,,,True,True,,,,True,True,1,0,,,24,0,0,1.0,0.0,0.0,0,1,0,0,0,1.0,0.3333333333333333,0.5,1.0,0.3333333333333333,0.5,1.0,0.3333333333333333,0.5
20261004T181609Z-2ba1b2f7,robustness,hybrid_original,syn-0008__subtree_relocate__02,html/syn-0008__subtree_relocate__02.html,,positive,True,24,8,8,16,0,1,8,0,16,8,0,16,8,0,16,robustness,html/syn-0008__subtree_relocate__02.html,syn-0008__subtree_relocate__02.html,run-none80,synthetic-shop.local,D:\Pet_Codes\science\article-price-tracker\synthetic\html\syn-0008__subtree_relocate__02.html,https://synthetic-shop.local/search/syn-0008,https://synthetic-shop.local/search/syn-0008,,,,raw_html,,b9e434f394c05193ce6b4c32b96d35b84b163e7033bbf19f20c6c8105109313b,b9e434f394c05193ce6b4c32b96d35b84b163e7033bbf19f20c6c8105109313b,html/syn-0008__subtree_relocate__02.html,syn-0008,data_attrs,html/syn-0008__subtree_relocate__02.html,construction_instruments,synthetic-v2-12to30,subtree_relocate,syn-0008__subtree_relocate__02,24,syn-0008__subtree_relocate__02,https://synthetic-shop.local/search/syn-0008,b9e434f394c05193ce6b4c32b96d35b84b163e7033bbf19f20c6c8105109313b,synthetic-shop.local,2,synthetic-shop.local,run-none80,,,partial_validation,,,,0,,8,,partial_validation,,,,True,True,,,,True,True,1,0,,,24,0,0,1.0,0.0,0.0,0,1,0,0,0,1.0,0.3333333333333333,0.5,1.0,0.3333333333333333,0.5,1.0,0.3333333333333333,0.5
20261004T181609Z-2ba1b2f7,robustness,hybrid_original,syn-0009__class_rename__01,html/syn-0009__class_rename__01.html,,positive,True,20,8,8,12,0,1,8,0,12,8,0,12,8,0,12,robustness,html/syn-0009__class_rename__01.html,syn-0009__class_rename__01.html,run-none81,synthetic-shop.local,D:\Pet_Codes\science\article-price-tracker\synthetic\html\syn-0009__class_rename__01.html,https://synthetic-shop.local/search/syn-0009,https://synthetic-shop.local/search/syn-0009,,,,raw_html,,262f11ef229434ee6f7b29c1cf9b8f01dd73ec58020c65510ef7611cdbfd5e7f,262f11ef229434ee6f7b29c1cf9b8f01dd73ec58020c65510ef7611cdbfd5e7f,html/syn-0009__class_rename__01.html,syn-0009,nested_cards,html/syn-0009__class_rename__01.html,construction_instruments,synthetic-v2-12to30,class_rename,syn-0009__class_rename__01,20,syn-0009__class_rename__01,https://synthetic-shop.local/search/syn-0009,262f11ef229434ee6f7b29c1cf9b8f01dd73ec58020c65510ef7611cdbfd5e7f,synthetic-shop.local,1,synthetic-shop.local,run-none81,,,partial_validation,,,,0,,8,,partial_validation,,,,True,True,,,,True,True,1,0,,,20,0,0,1.0,0.0,0.0,0,1,0,0,0,1.0,0.4,0.5714285714285715,1.0,0.4,0.5714285714285715,1.0,0.4,0.5714285714285715
20261004T181609Z-2ba1b2f7,robustness,hybrid_original,syn-0009__class_rename__02,html/syn-0009__class_rename__02.html,,positive,True,20,8,8,12,0,1,8,0,12,8,0,12,8,0,12,robustness,html/syn-0009__class_rename__02.html,syn-0009__class_rename__02.html,run-none82,synthetic-shop.local,D:\Pet_Codes\science\article-price-tracker\synthetic\html\syn-0009__class_rename__02.html,https://synthetic-shop.local/search/syn-0009,https://synthetic-shop.local/search/syn-0009,,,,raw_html,,350d33b1688dff11506e5f9bbf2144084cbe82a0d516c7d3aefc51e6d88fe194,350d33b1688dff11506e5f9bbf2144084cbe82a0d516c7d3aefc51e6d88fe194,html/syn-0009__class_rename__02.html,syn-0009,nested_cards,html/syn-0009__class_rename__02.html,construction_instruments,synthetic-v2-12to30,class_rename,syn-0009__class_rename__02,20,syn-0009__class_rename__02,https://synthetic-shop.local/search/syn-0009,350d33b1688dff11506e5f9bbf2144084cbe82a0d516c7d3aefc51e6d88fe194,synthetic-shop.local,2,synthetic-shop.local,run-none82,,,partial_validation,,,,0,,8,,partial_validation,,,,True,True,,,,True,True,1,0,,,20,0,0,1.0,0.0,0.0,0,1,0,0,0,1.0,0.4,0.5714285714285715,1.0,0.4,0.5714285714285715,1.0,0.4,0.5714285714285715
20261004T181609Z-2ba1b2f7,robustness,hybrid_original,syn-0009__class_rename__03,html/syn-0009__class_rename__03.html,,positive,True,20,8,8,12,0,1,8,0,12,8,0,12,8,0,12,robustness,html/syn-0009__class_rename__03.html,syn-0009__class_rename__03.html,run-none83,synthetic-shop.local,D:\Pet_Codes\science\article-price-tracker\synthetic\html\syn-0009__class_rename__03.html,https://synthetic-shop.local/search/syn-0009,https://synthetic-shop.local/search/syn-0009,,,,raw_html,,53d157038ccc516be1b42b293d8b51d33dffe0d849e14838d3f74197b5b20e96,53d157038ccc516be1b42b293d8b51d33dffe0d849e14838d3f74197b5b20e96,html/syn-0009__class_rename__03.html,syn-0009,nested_cards,html/syn-0009__class_rename__03.html,construction_instruments,synthetic-v2-12to30,class_rename,syn-0009__class_rename__03,20,syn-0009__class_rename__03,https://synthetic-shop.local/search/syn-0009,53d157038ccc516be1b42b293d8b51d33dffe0d849e14838d3f74197b5b20e96,synthetic-shop.local,3,synthetic-shop.local,run-none83,,,partial_validation,,,,0,,8,,partial_validation,,,,True,True,,,,True,True,1,0,,,20,0,0,1.0,0.0,0.0,0,1,0,0,0,1.0,0.4,0.5714285714285715,1.0,0.4,0.5714285714285715,1.0,0.4,0.5714285714285715
20261004T181609Z-2ba1b2f7,robustness,hybrid_original,syn-0009__wrapper_insert__01,html/syn-0009__wrapper_insert__01.html,,positive,True,20,8,8,12,0,1,8,0,12,8,0,12,8,0,12,robustness,html/syn-0009__wrapper_insert__01.html,syn-0009__wrapper_insert__01.html,run-none84,synthetic-shop.local,D:\Pet_Codes\science\article-price-tracker\synthetic\html\syn-0009__wrapper_insert__01.html,https://synthetic-shop.local/search/syn-0009,https://synthetic-shop.local/search/syn-0009,,,,raw_html,,169cb3e94730939255424bec91c41ec897642525e126a91b0d39a04c8ac3712d,169cb3e94730939255424bec91c41ec897642525e126a91b0d39a04c8ac3712d,html/syn-0009__wrapper_insert__01.html,syn-0009,nested_cards,html/syn-0009__wrapper_insert__01.html,construction_instruments,synthetic-v2-12to30,wrapper_insert,syn-0009__wrapper_insert__01,20,syn-0009__wrapper_insert__01,https://synthetic-shop.local/search/syn-0009,169cb3e94730939255424bec91c41ec897642525e126a91b0d39a04c8ac3712d,synthetic-shop.local,1,synthetic-shop.local,run-none84,,,partial_validation,,,,0,,8,,partial_validation,,,,True,True,,,,True,True,1,0,,,20,0,0,1.0,0.0,0.0,0,1,0,0,0,1.0,0.4,0.5714285714285715,1.0,0.4,0.5714285714285715,1.0,0.4,0.5714285714285715
20261004T181609Z-2ba1b2f7,robustness,hybrid_original,syn-0009__wrapper_insert__02,html/syn-0009__wrapper_insert__02.html,,positive,True,20,8,8,12,0,1,8,0,12,8,0,12,8,0,12,robustness,html/syn-0009__wrapper_insert__02.html,syn-0009__wrapper_insert__02.html,run-none85,synthetic-shop.local,D:\Pet_Codes\science\article-price-tracker\synthetic\html\syn-0009__wrapper_insert__02.html,https://synthetic-shop.local/search/syn-0009,https://synthetic-shop.local/search/syn-0009,,,,raw_html,,d846555c249aad98701657d82ffc952dd2f78f0a19e6ec7ecfeac5c326ce1765,d846555c249aad98701657d82ffc952dd2f78f0a19e6ec7ecfeac5c326ce1765,html/syn-0009__wrapper_insert__02.html,syn-0009,nested_cards,html/syn-0009__wrapper_insert__02.html,construction_instruments,synthetic-v2-12to30,wrapper_insert,syn-0009__wrapper_insert__02,20,syn-0009__wrapper_insert__02,https://synthetic-shop.local/search/syn-0009,d846555c249aad98701657d82ffc952dd2f78f0a19e6ec7ecfeac5c326ce1765,synthetic-shop.local,2,synthetic-shop.local,run-none85,,,partial_validation,,,,0,,8,,partial_validation,,,,True,True,,,,True,True,1,0,,,20,0,0,1.0,0.0,0.0,0,1,0,0,0,1.0,0.4,0.5714285714285715,1.0,0.4,0.5714285714285715,1.0,0.4,0.5714285714285715
20261004T181609Z-2ba1b2f7,robustness,hybrid_original,syn-0009__wrapper_insert__03,html/syn-0009__wrapper_insert__03.html,,positive,True,20,8,8,12,0,1,8,0,12,8,0,12,8,0,12,robustness,html/syn-0009__wrapper_insert__03.html,syn-0009__wrapper_insert__03.html,run-none86,synthetic-shop.local,D:\Pet_Codes\science\article-price-tracker\synthetic\html\syn-0009__wrapper_insert__03.html,https://synthetic-shop.local/search/syn-0009,https://synthetic-shop.local/search/syn-0009,,,,raw_html,,2f8b78de8d153ed3ca30085dc7b4f018a86f249ef9fdcf007498e6e8ae465abd,2f8b78de8d153ed3ca30085dc7b4f018a86f249ef9fdcf007498e6e8ae465abd,html/syn-0009__wrapper_insert__03.html,syn-0009,nested_cards,html/syn-0009__wrapper_insert__03.html,construction_instruments,synthetic-v2-12to30,wrapper_insert,syn-0009__wrapper_insert__03,20,syn-0009__wrapper_insert__03,https://synthetic-shop.local/search/syn-0009,2f8b78de8d153ed3ca30085dc7b4f018a86f249ef9fdcf007498e6e8ae465abd,synthetic-shop.local,3,synthetic-shop.local,run-none86,,,partial_validation,,,,0,,8,,partial_validation,,,,True,True,,,,True,True,1,0,,,20,0,0,1.0,0.0,0.0,0,1,0,0,0,1.0,0.4,0.5714285714285715,1.0,0.4,0.5714285714285715,1.0,0.4,0.5714285714285715
20261004T181609Z-2ba1b2f7,robustness,hybrid_original,syn-0009__field_reorder__01,html/syn-0009__field_reorder__01.html,,positive,True,20,8,8,12,0,1,8,0,12,8,0,12,8,0,12,robustness,html/syn-0009__field_reorder__01.html,syn-0009__field_reorder__01.html,run-none87,synthetic-shop.local,D:\Pet_Codes\science\article-price-tracker\synthetic\html\syn-0009__field_reorder__01.html,https://synthetic-shop.local/search/syn-0009,https://synthetic-shop.local/search/syn-0009,,,,raw_html,,6f9b2c0ad2b16787408ec359e1195adec7683c3bc294e19082ba9f0c5f168893,6f9b2c0ad2b16787408ec359e1195adec7683c3bc294e19082ba9f0c5f168893,html/syn-0009__field_reorder__01.html,syn-0009,nested_cards,html/syn-0009__field_reorder__01.html,construction_instruments,synthetic-v2-12to30,field_reorder,syn-0009__field_reorder__01,20,syn-0009__field_reorder__01,https://synthetic-shop.local/search/syn-0009,6f9b2c0ad2b16787408ec359e1195adec7683c3bc294e19082ba9f0c5f168893,synthetic-shop.local,1,synthetic-shop.local,run-none87,,,partial_validation,,,,0,,8,,partial_validation,,,,True,True,,,,True,True,1,0,,,20,0,0,1.0,0.0,0.0,0,1,0,0,0,1.0,0.4,0.5714285714285715,1.0,0.4,0.5714285714285715,1.0,0.4,0.5714285714285715
20261004T181609Z-2ba1b2f7,robustness,hybrid_original,syn-0009__field_reorder__02,html/syn-0009__field_reorder__02.html,,positive,True,20,8,8,12,0,1,8,0,12,8,0,12,8,0,12,robustness,html/syn-0009__field_reorder__02.html,syn-0009__field_reorder__02.html,run-none88,synthetic-shop.local,D:\Pet_Codes\science\article-price-tracker\synthetic\html\syn-0009__field_reorder__02.html,https://synthetic-shop.local/search/syn-0009,https://synthetic-shop.local/search/syn-0009,,,,raw_html,,6d774ed451a99abaaecf49c5071a1440aee46bbfc671bb1568c0aac9329986a3,6d774ed451a99abaaecf49c5071a1440aee46bbfc671bb1568c0aac9329986a3,html/syn-0009__field_reorder__02.html,syn-0009,nested_cards,html/syn-0009__field_reorder__02.html,construction_instruments,synthetic-v2-12to30,field_reorder,syn-0009__field_reorder__02,20,syn-0009__field_reorder__02,https://synthetic-shop.local/search/syn-0009,6d774ed451a99abaaecf49c5071a1440aee46bbfc671bb1568c0aac9329986a3,synthetic-shop.local,2,synthetic-shop.local,run-none88,,,partial_validation,,,,0,,8,,partial_validation,,,,True,True,,,,True,True,1,0,,,20,0,0,1.0,0.0,0.0,0,1,0,0,0,1.0,0.4,0.5714285714285715,1.0,0.4,0.5714285714285715,1.0,0.4,0.5714285714285715
20261004T181609Z-2ba1b2f7,robustness,hybrid_original,syn-0009__subtree_relocate__01,html/syn-0009__subtree_relocate__01.html,,positive,True,20,8,8,12,0,1,8,0,12,8,0,12,8,0,12,robustness,html/syn-0009__subtree_relocate__01.html,syn-0009__subtree_relocate__01.html,run-none89,synthetic-shop.local,D:\Pet_Codes\science\article-price-tracker\synthetic\html\syn-0009__subtree_relocate__01.html,https://synthetic-shop.local/search/syn-0009,https://synthetic-shop.local/search/syn-0009,,,,raw_html,,e08b02a4863eb09296d8949ab74b83288bd3ac2d74d429e48877599a638dbb38,e08b02a4863eb09296d8949ab74b83288bd3ac2d74d429e48877599a638dbb38,html/syn-0009__subtree_relocate__01.html,syn-0009,nested_cards,html/syn-0009__subtree_relocate__01.html,construction_instruments,synthetic-v2-12to30,subtree_relocate,syn-0009__subtree_relocate__01,20,syn-0009__subtree_relocate__01,https://synthetic-shop.local/search/syn-0009,e08b02a4863eb09296d8949ab74b83288bd3ac2d74d429e48877599a638dbb38,synthetic-shop.local,1,synthetic-shop.local,run-none89,,,partial_validation,,,,0,,8,,partial_validation,,,,True,True,,,,True,True,1,0,,,20,0,0,1.0,0.0,0.0,0,1,0,0,0,1.0,0.4,0.5714285714285715,1.0,0.4,0.5714285714285715,1.0,0.4,0.5714285714285715
20261004T181609Z-2ba1b2f7,robustness,hybrid_original,syn-0009__subtree_relocate__02,html/syn-0009__subtree_relocate__02.html,,positive,True,20,8,8,12,0,1,8,0,12,8,0,12,8,0,12,robustness,html/syn-0009__subtree_relocate__02.html,syn-0009__subtree_relocate__02.html,run-none90,synthetic-shop.local,D:\Pet_Codes\science\article-price-tracker\synthetic\html\syn-0009__subtree_relocate__02.html,https://synthetic-shop.local/search/syn-0009,https://synthetic-shop.local/search/syn-0009,,,,raw_html,,d277b46e7a3364100a26216e5cf0cec391d562f25ad889720121b01c063ad9c8,d277b46e7a3364100a26216e5cf0cec391d562f25ad889720121b01c063ad9c8,html/syn-0009__subtree_relocate__02.html,syn-0009,nested_cards,html/syn-0009__subtree_relocate__02.html,construction_instruments,synthetic-v2-12to30,subtree_relocate,syn-0009__subtree_relocate__02,20,syn-0009__subtree_relocate__02,https://synthetic-shop.local/search/syn-0009,d277b46e7a3364100a26216e5cf0cec391d562f25ad889720121b01c063ad9c8,synthetic-shop.local,2,synthetic-shop.local,run-none90,,,partial_validation,,,,0,,8,,partial_validation,,,,True,True,,,,True,True,1,0,,,20,0,0,1.0,0.0,0.0,0,1,0,0,0,1.0,0.4,0.5714285714285715,1.0,0.4,0.5714285714285715,1.0,0.4,0.5714285714285715
20261004T181609Z-2ba1b2f7,robustness,hybrid_original,syn-0010__class_rename__01,html/syn-0010__class_rename__01.html,,positive,True,22,22,22,0,0,1,22,0,0,22,0,0,22,0,0,robustness,html/syn-0010__class_rename__01.html,syn-0010__class_rename__01.html,run-none91,synthetic-shop.local,D:\Pet_Codes\science\article-price-tracker\synthetic\html\syn-0010__class_rename__01.html,https://synthetic-shop.local/search/syn-0010,https://synthetic-shop.local/search/syn-0010,,,,raw_html,,dacffa786ac975df7fc5a84d95c67e3f79fa172893964bc1c8b1d1ec8148b3f5,dacffa786ac975df7fc5a84d95c67e3f79fa172893964bc1c8b1d1ec8148b3f5,html/syn-0010__class_rename__01.html,syn-0010,mixed_markup,html/syn-0010__class_rename__01.html,construction_instruments,synthetic-v2-12to30,class_rename,syn-0010__class_rename__01,22,syn-0010__class_rename__01,https://synthetic-shop.local/search/syn-0010,dacffa786ac975df7fc5a84d95c67e3f79fa172893964bc1c8b1d1ec8148b3f5,synthetic-shop.local,1,synthetic-shop.local,run-none91,,,ok,,,,22,,22,,,,,,False,False,,,,False,False,0,0,,,22,0,0,1.0,0.0,0.0,0,1,0,0,0,1.0,1.0,1.0,1.0,1.0,1.0,1.0,1.0,1.0
20261004T181609Z-2ba1b2f7,robustness,hybrid_original,syn-0010__class_rename__02,html/syn-0010__class_rename__02.html,,positive,True,22,22,22,0,0,1,22,0,0,22,0,0,22,0,0,robustness,html/syn-0010__class_rename__02.html,syn-0010__class_rename__02.html,run-none92,synthetic-shop.local,D:\Pet_Codes\science\article-price-tracker\synthetic\html\syn-0010__class_rename__02.html,https://synthetic-shop.local/search/syn-0010,https://synthetic-shop.local/search/syn-0010,,,,raw_html,,18296d00255d45e8fd766563fe7283ecbf4b78d8b7c1b3f01969513fdbf64cf8,18296d00255d45e8fd766563fe7283ecbf4b78d8b7c1b3f01969513fdbf64cf8,html/syn-0010__class_rename__02.html,syn-0010,mixed_markup,html/syn-0010__class_rename__02.html,construction_instruments,synthetic-v2-12to30,class_rename,syn-0010__class_rename__02,22,syn-0010__class_rename__02,https://synthetic-shop.local/search/syn-0010,18296d00255d45e8fd766563fe7283ecbf4b78d8b7c1b3f01969513fdbf64cf8,synthetic-shop.local,2,synthetic-shop.local,run-none92,,,ok,,,,22,,22,,,,,,False,False,,,,False,False,0,0,,,22,0,0,1.0,0.0,0.0,0,1,0,0,0,1.0,1.0,1.0,1.0,1.0,1.0,1.0,1.0,1.0
20261004T181609Z-2ba1b2f7,robustness,hybrid_original,syn-0010__class_rename__03,html/syn-0010__class_rename__03.html,,positive,True,22,22,22,0,0,1,22,0,0,22,0,0,22,0,0,robustness,html/syn-0010__class_rename__03.html,syn-0010__class_rename__03.html,run-none93,synthetic-shop.local,D:\Pet_Codes\science\article-price-tracker\synthetic\html\syn-0010__class_rename__03.html,https://synthetic-shop.local/search/syn-0010,https://synthetic-shop.local/search/syn-0010,,,,raw_html,,be9fd194276cc51a0f922015ef5997bb93b849ceedcee4f5eb27f6397a5fdda0,be9fd194276cc51a0f922015ef5997bb93b849ceedcee4f5eb27f6397a5fdda0,html/syn-0010__class_rename__03.html,syn-0010,mixed_markup,html/syn-0010__class_rename__03.html,construction_instruments,synthetic-v2-12to30,class_rename,syn-0010__class_rename__03,22,syn-0010__class_rename__03,https://synthetic-shop.local/search/syn-0010,be9fd194276cc51a0f922015ef5997bb93b849ceedcee4f5eb27f6397a5fdda0,synthetic-shop.local,3,synthetic-shop.local,run-none93,,,ok,,,,22,,22,,,,,,False,False,,,,False,False,0,0,,,22,0,0,1.0,0.0,0.0,0,1,0,0,0,1.0,1.0,1.0,1.0,1.0,1.0,1.0,1.0,1.0
20261004T181609Z-2ba1b2f7,robustness,hybrid_original,syn-0010__wrapper_insert__01,html/syn-0010__wrapper_insert__01.html,,positive,True,22,22,22,0,0,1,22,0,0,22,0,0,22,0,0,robustness,html/syn-0010__wrapper_insert__01.html,syn-0010__wrapper_insert__01.html,run-none94,synthetic-shop.local,D:\Pet_Codes\science\article-price-tracker\synthetic\html\syn-0010__wrapper_insert__01.html,https://synthetic-shop.local/search/syn-0010,https://synthetic-shop.local/search/syn-0010,,,,raw_html,,7534598156ecc62fd0179d6f5704be8fe65a9fe3b2a89298adc133b05b891e80,7534598156ecc62fd0179d6f5704be8fe65a9fe3b2a89298adc133b05b891e80,html/syn-0010__wrapper_insert__01.html,syn-0010,mixed_markup,html/syn-0010__wrapper_insert__01.html,construction_instruments,synthetic-v2-12to30,wrapper_insert,syn-0010__wrapper_insert__01,22,syn-0010__wrapper_insert__01,https://synthetic-shop.local/search/syn-0010,7534598156ecc62fd0179d6f5704be8fe65a9fe3b2a89298adc133b05b891e80,synthetic-shop.local,1,synthetic-shop.local,run-none94,,,ok,,,,22,,22,,,,,,False,False,,,,False,False,0,0,,,22,0,0,1.0,0.0,0.0,0,1,0,0,0,1.0,1.0,1.0,1.0,1.0,1.0,1.0,1.0,1.0
20261004T181609Z-2ba1b2f7,robustness,hybrid_original,syn-0010__wrapper_insert__02,html/syn-0010__wrapper_insert__02.html,,positive,True,22,22,22,0,0,1,22,0,0,22,0,0,22,0,0,robustness,html/syn-0010__wrapper_insert__02.html,syn-0010__wrapper_insert__02.html,run-none95,synthetic-shop.local,D:\Pet_Codes\science\article-price-tracker\synthetic\html\syn-0010__wrapper_insert__02.html,https://synthetic-shop.local/search/syn-0010,https://synthetic-shop.local/search/syn-0010,,,,raw_html,,8e409cf52a54b4c4410223a7311d7a9d2b1a829ed6c5fb3a9b7900851185ba12,8e409cf52a54b4c4410223a7311d7a9d2b1a829ed6c5fb3a9b7900851185ba12,html/syn-0010__wrapper_insert__02.html,syn-0010,mixed_markup,html/syn-0010__wrapper_insert__02.html,construction_instruments,synthetic-v2-12to30,wrapper_insert,syn-0010__wrapper_insert__02,22,syn-0010__wrapper_insert__02,https://synthetic-shop.local/search/syn-0010,8e409cf52a54b4c4410223a7311d7a9d2b1a829ed6c5fb3a9b7900851185ba12,synthetic-shop.local,2,synthetic-shop.local,run-none95,,,ok,,,,22,,22,,,,,,False,False,,,,False,False,0,0,,,22,0,0,1.0,0.0,0.0,0,1,0,0,0,1.0,1.0,1.0,1.0,1.0,1.0,1.0,1.0,1.0
20261004T181609Z-2ba1b2f7,robustness,hybrid_original,syn-0010__wrapper_insert__03,html/syn-0010__wrapper_insert__03.html,,positive,True,22,22,22,0,0,1,22,0,0,22,0,0,22,0,0,robustness,html/syn-0010__wrapper_insert__03.html,syn-0010__wrapper_insert__03.html,run-none96,synthetic-shop.local,D:\Pet_Codes\science\article-price-tracker\synthetic\html\syn-0010__wrapper_insert__03.html,https://synthetic-shop.local/search/syn-0010,https://synthetic-shop.local/search/syn-0010,,,,raw_html,,f2c1de514ddbc3f6aa6dd84eff476084e954ffaa6d551c85bb5e79f14e360a20,f2c1de514ddbc3f6aa6dd84eff476084e954ffaa6d551c85bb5e79f14e360a20,html/syn-0010__wrapper_insert__03.html,syn-0010,mixed_markup,html/syn-0010__wrapper_insert__03.html,construction_instruments,synthetic-v2-12to30,wrapper_insert,syn-0010__wrapper_insert__03,22,syn-0010__wrapper_insert__03,https://synthetic-shop.local/search/syn-0010,f2c1de514ddbc3f6aa6dd84eff476084e954ffaa6d551c85bb5e79f14e360a20,synthetic-shop.local,3,synthetic-shop.local,run-none96,,,ok,,,,22,,22,,,,,,False,False,,,,False,False,0,0,,,22,0,0,1.0,0.0,0.0,0,1,0,0,0,1.0,1.0,1.0,1.0,1.0,1.0,1.0,1.0,1.0
20261004T181609Z-2ba1b2f7,robustness,hybrid_original,syn-0010__field_reorder__01,html/syn-0010__field_reorder__01.html,,positive,True,22,22,22,0,0,1,22,0,0,22,0,0,22,0,0,robustness,html/syn-0010__field_reorder__01.html,syn-0010__field_reorder__01.html,run-none97,synthetic-shop.local,D:\Pet_Codes\science\article-price-tracker\synthetic\html\syn-0010__field_reorder__01.html,https://synthetic-shop.local/search/syn-0010,https://synthetic-shop.local/search/syn-0010,,,,raw_html,,f637348f3f32974987f66d644ceac2ab191d063d2a169a2d8cb2280736c24f5d,f637348f3f32974987f66d644ceac2ab191d063d2a169a2d8cb2280736c24f5d,html/syn-0010__field_reorder__01.html,syn-0010,mixed_markup,html/syn-0010__field_reorder__01.html,construction_instruments,synthetic-v2-12to30,field_reorder,syn-0010__field_reorder__01,22,syn-0010__field_reorder__01,https://synthetic-shop.local/search/syn-0010,f637348f3f32974987f66d644ceac2ab191d063d2a169a2d8cb2280736c24f5d,synthetic-shop.local,1,synthetic-shop.local,run-none97,,,ok,,,,22,,22,,,,,,False,False,,,,False,False,0,0,,,22,0,0,1.0,0.0,0.0,0,1,0,0,0,1.0,1.0,1.0,1.0,1.0,1.0,1.0,1.0,1.0
20261004T181609Z-2ba1b2f7,robustness,hybrid_original,syn-0010__field_reorder__02,html/syn-0010__field_reorder__02.html,,positive,True,22,22,22,0,0,1,22,0,0,22,0,0,22,0,0,robustness,html/syn-0010__field_reorder__02.html,syn-0010__field_reorder__02.html,run-none98,synthetic-shop.local,D:\Pet_Codes\science\article-price-tracker\synthetic\html\syn-0010__field_reorder__02.html,https://synthetic-shop.local/search/syn-0010,https://synthetic-shop.local/search/syn-0010,,,,raw_html,,5a6224b99cfc54b8a26fc9316db86bf9dc433065fc9dee3b4ccdc8aae30e25e8,5a6224b99cfc54b8a26fc9316db86bf9dc433065fc9dee3b4ccdc8aae30e25e8,html/syn-0010__field_reorder__02.html,syn-0010,mixed_markup,html/syn-0010__field_reorder__02.html,construction_instruments,synthetic-v2-12to30,field_reorder,syn-0010__field_reorder__02,22,syn-0010__field_reorder__02,https://synthetic-shop.local/search/syn-0010,5a6224b99cfc54b8a26fc9316db86bf9dc433065fc9dee3b4ccdc8aae30e25e8,synthetic-shop.local,2,synthetic-shop.local,run-none98,,,ok,,,,22,,22,,,,,,False,False,,,,False,False,0,0,,,22,0,0,1.0,0.0,0.0,0,1,0,0,0,1.0,1.0,1.0,1.0,1.0,1.0,1.0,1.0,1.0
20261004T181609Z-2ba1b2f7,robustness,hybrid_original,syn-0010__subtree_relocate__01,html/syn-0010__subtree_relocate__01.html,,positive,True,22,22,22,0,0,1,22,0,0,22,0,0,22,0,0,robustness,html/syn-0010__subtree_relocate__01.html,syn-0010__subtree_relocate__01.html,run-none99,synthetic-shop.local,D:\Pet_Codes\science\article-price-tracker\synthetic\html\syn-0010__subtree_relocate__01.html,https://synthetic-shop.local/search/syn-0010,https://synthetic-shop.local/search/syn-0010,,,,raw_html,,b0a5deb930ea9690ffb4c4c5b567dda207ffbfac0a6d1bb3c36553900bc7255a,b0a5deb930ea9690ffb4c4c5b567dda207ffbfac0a6d1bb3c36553900bc7255a,html/syn-0010__subtree_relocate__01.html,syn-0010,mixed_markup,html/syn-0010__subtree_relocate__01.html,construction_instruments,synthetic-v2-12to30,subtree_relocate,syn-0010__subtree_relocate__01,22,syn-0010__subtree_relocate__01,https://synthetic-shop.local/search/syn-0010,b0a5deb930ea9690ffb4c4c5b567dda207ffbfac0a6d1bb3c36553900bc7255a,synthetic-shop.local,1,synthetic-shop.local,run-none99,,,ok,,,,22,,22,,,,,,False,False,,,,False,False,0,0,,,22,0,0,1.0,0.0,0.0,0,1,0,0,0,1.0,1.0,1.0,1.0,1.0,1.0,1.0,1.0,1.0
20261004T181609Z-2ba1b2f7,robustness,hybrid_original,syn-0010__subtree_relocate__02,html/syn-0010__subtree_relocate__02.html,,positive,True,22,22,22,0,0,1,22,0,0,22,0,0,22,0,0,robustness,html/syn-0010__subtree_relocate__02.html,syn-0010__subtree_relocate__02.html,run-none100,synthetic-shop.local,D:\Pet_Codes\science\article-price-tracker\synthetic\html\syn-0010__subtree_relocate__02.html,https://synthetic-shop.local/search/syn-0010,https://synthetic-shop.local/search/syn-0010,,,,raw_html,,f2ddda58a926b902aef0b64acc87384f6f1473a01c392d3c96822cb8d79abfa9,f2ddda58a926b902aef0b64acc87384f6f1473a01c392d3c96822cb8d79abfa9,html/syn-0010__subtree_relocate__02.html,syn-0010,mixed_markup,html/syn-0010__subtree_relocate__02.html,construction_instruments,synthetic-v2-12to30,subtree_relocate,syn-0010__subtree_relocate__02,22,syn-0010__subtree_relocate__02,https://synthetic-shop.local/search/syn-0010,f2ddda58a926b902aef0b64acc87384f6f1473a01c392d3c96822cb8d79abfa9,synthetic-shop.local,2,synthetic-shop.local,run-none100,,,ok,,,,22,,22,,,,,,False,False,,,,False,False,0,0,,,22,0,0,1.0,0.0,0.0,0,1,0,0,0,1.0,1.0,1.0,1.0,1.0,1.0,1.0,1.0,1.0
20261004T181609Z-2ba1b2f7,robustness,hybrid_original,syn-0011__class_rename__01,html/syn-0011__class_rename__01.html,,positive,True,30,30,30,0,0,1,30,0,0,30,0,0,30,0,0,robustness,html/syn-0011__class_rename__01.html,syn-0011__class_rename__01.html,run-none101,synthetic-shop.local,D:\Pet_Codes\science\article-price-tracker\synthetic\html\syn-0011__class_rename__01.html,https://synthetic-shop.local/search/syn-0011,https://synthetic-shop.local/search/syn-0011,,,,raw_html,,b064e2ec72df517854931d33775af7f4816453d8adc7afc33f53c25b90cf4c9e,b064e2ec72df517854931d33775af7f4816453d8adc7afc33f53c25b90cf4c9e,html/syn-0011__class_rename__01.html,syn-0011,jsonld_cards,html/syn-0011__class_rename__01.html,stationery,synthetic-v2-12to30,class_rename,syn-0011__class_rename__01,30,syn-0011__class_rename__01,https://synthetic-shop.local/search/syn-0011,b064e2ec72df517854931d33775af7f4816453d8adc7afc33f53c25b90cf4c9e,synthetic-shop.local,1,synthetic-shop.local,run-none101,,,ok,,,,30,,30,,,,,,False,False,,,,False,False,0,0,,,30,0,0,1.0,0.0,0.0,0,1,0,0,0,1.0,1.0,1.0,1.0,1.0,1.0,1.0,1.0,1.0
20261004T181609Z-2ba1b2f7,robustness,hybrid_original,syn-0011__class_rename__02,html/syn-0011__class_rename__02.html,,positive,True,30,30,30,0,0,1,30,0,0,30,0,0,30,0,0,robustness,html/syn-0011__class_rename__02.html,syn-0011__class_rename__02.html,run-none102,synthetic-shop.local,D:\Pet_Codes\science\article-price-tracker\synthetic\html\syn-0011__class_rename__02.html,https://synthetic-shop.local/search/syn-0011,https://synthetic-shop.local/search/syn-0011,,,,raw_html,,60381767259f00052ee057cfa0b2ed896cd47b13e87fedd3803b194da854cea1,60381767259f00052ee057cfa0b2ed896cd47b13e87fedd3803b194da854cea1,html/syn-0011__class_rename__02.html,syn-0011,jsonld_cards,html/syn-0011__class_rename__02.html,stationery,synthetic-v2-12to30,class_rename,syn-0011__class_rename__02,30,syn-0011__class_rename__02,https://synthetic-shop.local/search/syn-0011,60381767259f00052ee057cfa0b2ed896cd47b13e87fedd3803b194da854cea1,synthetic-shop.local,2,synthetic-shop.local,run-none102,,,ok,,,,30,,30,,,,,,False,False,,,,False,False,0,0,,,30,0,0,1.0,0.0,0.0,0,1,0,0,0,1.0,1.0,1.0,1.0,1.0,1.0,1.0,1.0,1.0
20261004T181609Z-2ba1b2f7,robustness,hybrid_original,syn-0011__class_rename__03,html/syn-0011__class_rename__03.html,,positive,True,30,30,30,0,0,1,30,0,0,30,0,0,30,0,0,robustness,html/syn-0011__class_rename__03.html,syn-0011__class_rename__03.html,run-none103,synthetic-shop.local,D:\Pet_Codes\science\article-price-tracker\synthetic\html\syn-0011__class_rename__03.html,https://synthetic-shop.local/search/syn-0011,https://synthetic-shop.local/search/syn-0011,,,,raw_html,,489b7826378c4d73dc567689c6c8a42a17b59cba615cef31b54439ce235891a7,489b7826378c4d73dc567689c6c8a42a17b59cba615cef31b54439ce235891a7,html/syn-0011__class_rename__03.html,syn-0011,jsonld_cards,html/syn-0011__class_rename__03.html,stationery,synthetic-v2-12to30,class_rename,syn-0011__class_rename__03,30,syn-0011__class_rename__03,https://synthetic-shop.local/search/syn-0011,489b7826378c4d73dc567689c6c8a42a17b59cba615cef31b54439ce235891a7,synthetic-shop.local,3,synthetic-shop.local,run-none103,,,ok,,,,30,,30,,,,,,False,False,,,,False,False,0,0,,,30,0,0,1.0,0.0,0.0,0,1,0,0,0,1.0,1.0,1.0,1.0,1.0,1.0,1.0,1.0,1.0
20261004T181609Z-2ba1b2f7,robustness,hybrid_original,syn-0011__wrapper_insert__01,html/syn-0011__wrapper_insert__01.html,,positive,True,30,30,30,0,0,1,30,0,0,30,0,0,30,0,0,robustness,html/syn-0011__wrapper_insert__01.html,syn-0011__wrapper_insert__01.html,run-none104,synthetic-shop.local,D:\Pet_Codes\science\article-price-tracker\synthetic\html\syn-0011__wrapper_insert__01.html,https://synthetic-shop.local/search/syn-0011,https://synthetic-shop.local/search/syn-0011,,,,raw_html,,2e371012fe4b3a3aa503acd5e233245202e0f14defb8c31a251c56ba3c687352,2e371012fe4b3a3aa503acd5e233245202e0f14defb8c31a251c56ba3c687352,html/syn-0011__wrapper_insert__01.html,syn-0011,jsonld_cards,html/syn-0011__wrapper_insert__01.html,stationery,synthetic-v2-12to30,wrapper_insert,syn-0011__wrapper_insert__01,30,syn-0011__wrapper_insert__01,https://synthetic-shop.local/search/syn-0011,2e371012fe4b3a3aa503acd5e233245202e0f14defb8c31a251c56ba3c687352,synthetic-shop.local,1,synthetic-shop.local,run-none104,,,ok,,,,30,,30,,,,,,False,False,,,,False,False,0,0,,,30,0,0,1.0,0.0,0.0,0,1,0,0,0,1.0,1.0,1.0,1.0,1.0,1.0,1.0,1.0,1.0
20261004T181609Z-2ba1b2f7,robustness,hybrid_original,syn-0011__wrapper_insert__02,html/syn-0011__wrapper_insert__02.html,,positive,True,30,30,30,0,0,1,30,0,0,30,0,0,30,0,0,robustness,html/syn-0011__wrapper_insert__02.html,syn-0011__wrapper_insert__02.html,run-none105,synthetic-shop.local,D:\Pet_Codes\science\article-price-tracker\synthetic\html\syn-0011__wrapper_insert__02.html,https://synthetic-shop.local/search/syn-0011,https://synthetic-shop.local/search/syn-0011,,,,raw_html,,47186f80de9539434bae440ccb780093093f4b933fbddec3d86e08a9117badab,47186f80de9539434bae440ccb780093093f4b933fbddec3d86e08a9117badab,html/syn-0011__wrapper_insert__02.html,syn-0011,jsonld_cards,html/syn-0011__wrapper_insert__02.html,stationery,synthetic-v2-12to30,wrapper_insert,syn-0011__wrapper_insert__02,30,syn-0011__wrapper_insert__02,https://synthetic-shop.local/search/syn-0011,47186f80de9539434bae440ccb780093093f4b933fbddec3d86e08a9117badab,synthetic-shop.local,2,synthetic-shop.local,run-none105,,,ok,,,,30,,30,,,,,,False,False,,,,False,False,0,0,,,30,0,0,1.0,0.0,0.0,0,1,0,0,0,1.0,1.0,1.0,1.0,1.0,1.0,1.0,1.0,1.0
20261004T181609Z-2ba1b2f7,robustness,hybrid_original,syn-0011__wrapper_insert__03,html/syn-0011__wrapper_insert__03.html,,positive,True,30,30,30,0,0,1,30,0,0,30,0,0,30,0,0,robustness,html/syn-0011__wrapper_insert__03.html,syn-0011__wrapper_insert__03.html,run-none106,synthetic-shop.local,D:\Pet_Codes\science\article-price-tracker\synthetic\html\syn-0011__wrapper_insert__03.html,https://synthetic-shop.local/search/syn-0011,https://synthetic-shop.local/search/syn-0011,,,,raw_html,,4cc6c2c2e2a6facf5329e92c41c94104422817cdb0054a03625b1da576c1b06d,4cc6c2c2e2a6facf5329e92c41c94104422817cdb0054a03625b1da576c1b06d,html/syn-0011__wrapper_insert__03.html,syn-0011,jsonld_cards,html/syn-0011__wrapper_insert__03.html,stationery,synthetic-v2-12to30,wrapper_insert,syn-0011__wrapper_insert__03,30,syn-0011__wrapper_insert__03,https://synthetic-shop.local/search/syn-0011,4cc6c2c2e2a6facf5329e92c41c94104422817cdb0054a03625b1da576c1b06d,synthetic-shop.local,3,synthetic-shop.local,run-none106,,,ok,,,,30,,30,,,,,,False,False,,,,False,False,0,0,,,30,0,0,1.0,0.0,0.0,0,1,0,0,0,1.0,1.0,1.0,1.0,1.0,1.0,1.0,1.0,1.0
20261004T181609Z-2ba1b2f7,robustness,hybrid_original,syn-0011__field_reorder__01,html/syn-0011__field_reorder__01.html,,positive,True,30,30,30,0,0,1,30,0,0,30,0,0,30,0,0,robustness,html/syn-0011__field_reorder__01.html,syn-0011__field_reorder__01.html,run-none107,synthetic-shop.local,D:\Pet_Codes\science\article-price-tracker\synthetic\html\syn-0011__field_reorder__01.html,https://synthetic-shop.local/search/syn-0011,https://synthetic-shop.local/search/syn-0011,,,,raw_html,,ede863eb3f3d36fce43ce97adcc7a43d3ebf6178e736ccd57b761694041ff4f6,ede863eb3f3d36fce43ce97adcc7a43d3ebf6178e736ccd57b761694041ff4f6,html/syn-0011__field_reorder__01.html,syn-0011,jsonld_cards,html/syn-0011__field_reorder__01.html,stationery,synthetic-v2-12to30,field_reorder,syn-0011__field_reorder__01,30,syn-0011__field_reorder__01,https://synthetic-shop.local/search/syn-0011,ede863eb3f3d36fce43ce97adcc7a43d3ebf6178e736ccd57b761694041ff4f6,synthetic-shop.local,1,synthetic-shop.local,run-none107,,,ok,,,,30,,30,,,,,,False,False,,,,False,False,0,0,,,30,0,0,1.0,0.0,0.0,0,1,0,0,0,1.0,1.0,1.0,1.0,1.0,1.0,1.0,1.0,1.0
20261004T181609Z-2ba1b2f7,robustness,hybrid_original,syn-0011__field_reorder__02,html/syn-0011__field_reorder__02.html,,positive,True,30,30,30,0,0,1,30,0,0,30,0,0,30,0,0,robustness,html/syn-0011__field_reorder__02.html,syn-0011__field_reorder__02.html,run-none108,synthetic-shop.local,D:\Pet_Codes\science\article-price-tracker\synthetic\html\syn-0011__field_reorder__02.html,https://synthetic-shop.local/search/syn-0011,https://synthetic-shop.local/search/syn-0011,,,,raw_html,,fd3f4225873a1d9160e6834e6d9ee87f726e4399328f655d6481aa8d1c0ac605,fd3f4225873a1d9160e6834e6d9ee87f726e4399328f655d6481aa8d1c0ac605,html/syn-0011__field_reorder__02.html,syn-0011,jsonld_cards,html/syn-0011__field_reorder__02.html,stationery,synthetic-v2-12to30,field_reorder,syn-0011__field_reorder__02,30,syn-0011__field_reorder__02,https://synthetic-shop.local/search/syn-0011,fd3f4225873a1d9160e6834e6d9ee87f726e4399328f655d6481aa8d1c0ac605,synthetic-shop.local,2,synthetic-shop.local,run-none108,,,ok,,,,30,,30,,,,,,False,False,,,,False,False,0,0,,,30,0,0,1.0,0.0,0.0,0,1,0,0,0,1.0,1.0,1.0,1.0,1.0,1.0,1.0,1.0,1.0
20261004T181609Z-2ba1b2f7,robustness,hybrid_original,syn-0011__subtree_relocate__01,html/syn-0011__subtree_relocate__01.html,,positive,True,30,30,30,0,0,1,30,0,0,30,0,0,30,0,0,robustness,html/syn-0011__subtree_relocate__01.html,syn-0011__subtree_relocate__01.html,run-none109,synthetic-shop.local,D:\Pet_Codes\science\article-price-tracker\synthetic\html\syn-0011__subtree_relocate__01.html,https://synthetic-shop.local/search/syn-0011,https://synthetic-shop.local/search/syn-0011,,,,raw_html,,f3b660b0ff9df331da45e50a18a4fda9ba82f27bc3b223c3748c5c82ea65c5da,f3b660b0ff9df331da45e50a18a4fda9ba82f27bc3b223c3748c5c82ea65c5da,html/syn-0011__subtree_relocate__01.html,syn-0011,jsonld_cards,html/syn-0011__subtree_relocate__01.html,stationery,synthetic-v2-12to30,subtree_relocate,syn-0011__subtree_relocate__01,30,syn-0011__subtree_relocate__01,https://synthetic-shop.local/search/syn-0011,f3b660b0ff9df331da45e50a18a4fda9ba82f27bc3b223c3748c5c82ea65c5da,synthetic-shop.local,1,synthetic-shop.local,run-none109,,,ok,,,,30,,30,,,,,,False,False,,,,False,False,0,0,,,30,0,0,1.0,0.0,0.0,0,1,0,0,0,1.0,1.0,1.0,1.0,1.0,1.0,1.0,1.0,1.0
20261004T181609Z-2ba1b2f7,robustness,hybrid_original,syn-0011__subtree_relocate__02,html/syn-0011__subtree_relocate__02.html,,positive,True,30,30,30,0,0,1,30,0,0,30,0,0,30,0,0,robustness,html/syn-0011__subtree_relocate__02.html,syn-0011__subtree_relocate__02.html,run-none110,synthetic-shop.local,D:\Pet_Codes\science\article-price-tracker\synthetic\html\syn-0011__subtree_relocate__02.html,https://synthetic-shop.local/search/syn-0011,https://synthetic-shop.local/search/syn-0011,,,,raw_html,,d12bf5311b2e07358f77a930b6420601640eee3927c4674eb5964d0dfde9205d,d12bf5311b2e07358f77a930b6420601640eee3927c4674eb5964d0dfde9205d,html/syn-0011__subtree_relocate__02.html,syn-0011,jsonld_cards,html/syn-0011__subtree_relocate__02.html,stationery,synthetic-v2-12to30,subtree_relocate,syn-0011__subtree_relocate__02,30,syn-0011__subtree_relocate__02,https://synthetic-shop.local/search/syn-0011,d12bf5311b2e07358f77a930b6420601640eee3927c4674eb5964d0dfde9205d,synthetic-shop.local,2,synthetic-shop.local,run-none110,,,ok,,,,30,,30,,,,,,False,False,,,,False,False,0,0,,,30,0,0,1.0,0.0,0.0,0,1,0,0,0,1.0,1.0,1.0,1.0,1.0,1.0,1.0,1.0,1.0
20261004T181609Z-2ba1b2f7,robustness,hybrid_original,syn-0012__class_rename__01,html/syn-0012__class_rename__01.html,,positive,True,12,12,12,0,0,1,12,0,0,12,0,0,12,0,0,robustness,html/syn-0012__class_rename__01.html,syn-0012__class_rename__01.html,run-none111,synthetic-shop.local,D:\Pet_Codes\science\article-price-tracker\synthetic\html\syn-0012__class_rename__01.html,https://synthetic-shop.local/search/syn-0012,https://synthetic-shop.local/search/syn-0012,,,,raw_html,,902f25a271810dfc382b1145914cd5b36f8336ddfa2f5dec7dcaea5397801068,902f25a271810dfc382b1145914cd5b36f8336ddfa2f5dec7dcaea5397801068,html/syn-0012__class_rename__01.html,syn-0012,microdata_cards,html/syn-0012__class_rename__01.html,stationery,synthetic-v2-12to30,class_rename,syn-0012__class_rename__01,12,syn-0012__class_rename__01,https://synthetic-shop.local/search/syn-0012,902f25a271810dfc382b1145914cd5b36f8336ddfa2f5dec7dcaea5397801068,synthetic-shop.local,1,synthetic-shop.local,run-none111,,,ok,,,,12,,12,,,,,,False,False,,,,False,False,0,0,,,12,0,0,1.0,0.0,0.0,0,1,0,0,0,1.0,1.0,1.0,1.0,1.0,1.0,1.0,1.0,1.0
20261004T181609Z-2ba1b2f7,robustness,hybrid_original,syn-0012__class_rename__02,html/syn-0012__class_rename__02.html,,positive,True,12,12,12,0,0,1,12,0,0,12,0,0,12,0,0,robustness,html/syn-0012__class_rename__02.html,syn-0012__class_rename__02.html,run-none112,synthetic-shop.local,D:\Pet_Codes\science\article-price-tracker\synthetic\html\syn-0012__class_rename__02.html,https://synthetic-shop.local/search/syn-0012,https://synthetic-shop.local/search/syn-0012,,,,raw_html,,83aef58b8f5b9382109b2e80e1d1d4c6dc6e3c0ff57fc7ae639592f10d33e350,83aef58b8f5b9382109b2e80e1d1d4c6dc6e3c0ff57fc7ae639592f10d33e350,html/syn-0012__class_rename__02.html,syn-0012,microdata_cards,html/syn-0012__class_rename__02.html,stationery,synthetic-v2-12to30,class_rename,syn-0012__class_rename__02,12,syn-0012__class_rename__02,https://synthetic-shop.local/search/syn-0012,83aef58b8f5b9382109b2e80e1d1d4c6dc6e3c0ff57fc7ae639592f10d33e350,synthetic-shop.local,2,synthetic-shop.local,run-none112,,,ok,,,,12,,12,,,,,,False,False,,,,False,False,0,0,,,12,0,0,1.0,0.0,0.0,0,1,0,0,0,1.0,1.0,1.0,1.0,1.0,1.0,1.0,1.0,1.0
20261004T181609Z-2ba1b2f7,robustness,hybrid_original,syn-0012__class_rename__03,html/syn-0012__class_rename__03.html,,positive,True,12,12,12,0,0,1,12,0,0,12,0,0,12,0,0,robustness,html/syn-0012__class_rename__03.html,syn-0012__class_rename__03.html,run-none113,synthetic-shop.local,D:\Pet_Codes\science\article-price-tracker\synthetic\html\syn-0012__class_rename__03.html,https://synthetic-shop.local/search/syn-0012,https://synthetic-shop.local/search/syn-0012,,,,raw_html,,b38652f47376f14d8e84c9a1fb0a56f4962fdaec9a9af47810060147143021dd,b38652f47376f14d8e84c9a1fb0a56f4962fdaec9a9af47810060147143021dd,html/syn-0012__class_rename__03.html,syn-0012,microdata_cards,html/syn-0012__class_rename__03.html,stationery,synthetic-v2-12to30,class_rename,syn-0012__class_rename__03,12,syn-0012__class_rename__03,https://synthetic-shop.local/search/syn-0012,b38652f47376f14d8e84c9a1fb0a56f4962fdaec9a9af47810060147143021dd,synthetic-shop.local,3,synthetic-shop.local,run-none113,,,ok,,,,12,,12,,,,,,False,False,,,,False,False,0,0,,,12,0,0,1.0,0.0,0.0,0,1,0,0,0,1.0,1.0,1.0,1.0,1.0,1.0,1.0,1.0,1.0
20261004T181609Z-2ba1b2f7,robustness,hybrid_original,syn-0012__wrapper_insert__01,html/syn-0012__wrapper_insert__01.html,,positive,True,12,12,12,0,0,1,12,0,0,12,0,0,12,0,0,robustness,html/syn-0012__wrapper_insert__01.html,syn-0012__wrapper_insert__01.html,run-none114,synthetic-shop.local,D:\Pet_Codes\science\article-price-tracker\synthetic\html\syn-0012__wrapper_insert__01.html,https://synthetic-shop.local/search/syn-0012,https://synthetic-shop.local/search/syn-0012,,,,raw_html,,b525539b8dd0c64b132133728df122819af194356f71eb2b147ffa92621fe1be,b525539b8dd0c64b132133728df122819af194356f71eb2b147ffa92621fe1be,html/syn-0012__wrapper_insert__01.html,syn-0012,microdata_cards,html/syn-0012__wrapper_insert__01.html,stationery,synthetic-v2-12to30,wrapper_insert,syn-0012__wrapper_insert__01,12,syn-0012__wrapper_insert__01,https://synthetic-shop.local/search/syn-0012,b525539b8dd0c64b132133728df122819af194356f71eb2b147ffa92621fe1be,synthetic-shop.local,1,synthetic-shop.local,run-none114,,,ok,,,,12,,12,,,,,,False,False,,,,False,False,0,0,,,12,0,0,1.0,0.0,0.0,0,1,0,0,0,1.0,1.0,1.0,1.0,1.0,1.0,1.0,1.0,1.0
20261004T181609Z-2ba1b2f7,robustness,hybrid_original,syn-0012__wrapper_insert__02,html/syn-0012__wrapper_insert__02.html,,positive,True,12,12,12,0,0,1,12,0,0,12,0,0,12,0,0,robustness,html/syn-0012__wrapper_insert__02.html,syn-0012__wrapper_insert__02.html,run-none115,synthetic-shop.local,D:\Pet_Codes\science\article-price-tracker\synthetic\html\syn-0012__wrapper_insert__02.html,https://synthetic-shop.local/search/syn-0012,https://synthetic-shop.local/search/syn-0012,,,,raw_html,,8fb5a8cc383752b8760e664efedf66ce833a67b2aac49b198bf70b4b2c27ae77,8fb5a8cc383752b8760e664efedf66ce833a67b2aac49b198bf70b4b2c27ae77,html/syn-0012__wrapper_insert__02.html,syn-0012,microdata_cards,html/syn-0012__wrapper_insert__02.html,stationery,synthetic-v2-12to30,wrapper_insert,syn-0012__wrapper_insert__02,12,syn-0012__wrapper_insert__02,https://synthetic-shop.local/search/syn-0012,8fb5a8cc383752b8760e664efedf66ce833a67b2aac49b198bf70b4b2c27ae77,synthetic-shop.local,2,synthetic-shop.local,run-none115,,,ok,,,,12,,12,,,,,,False,False,,,,False,False,0,0,,,12,0,0,1.0,0.0,0.0,0,1,0,0,0,1.0,1.0,1.0,1.0,1.0,1.0,1.0,1.0,1.0
20261004T181609Z-2ba1b2f7,robustness,hybrid_original,syn-0012__wrapper_insert__03,html/syn-0012__wrapper_insert__03.html,,positive,True,12,12,12,0,0,1,12,0,0,12,0,0,12,0,0,robustness,html/syn-0012__wrapper_insert__03.html,syn-0012__wrapper_insert__03.html,run-none116,synthetic-shop.local,D:\Pet_Codes\science\article-price-tracker\synthetic\html\syn-0012__wrapper_insert__03.html,https://synthetic-shop.local/search/syn-0012,https://synthetic-shop.local/search/syn-0012,,,,raw_html,,bd5562a8154fc8a6bd13e25bd3d3be389a2ae93b79d474018ca5cf2d8f253850,bd5562a8154fc8a6bd13e25bd3d3be389a2ae93b79d474018ca5cf2d8f253850,html/syn-0012__wrapper_insert__03.html,syn-0012,microdata_cards,html/syn-0012__wrapper_insert__03.html,stationery,synthetic-v2-12to30,wrapper_insert,syn-0012__wrapper_insert__03,12,syn-0012__wrapper_insert__03,https://synthetic-shop.local/search/syn-0012,bd5562a8154fc8a6bd13e25bd3d3be389a2ae93b79d474018ca5cf2d8f253850,synthetic-shop.local,3,synthetic-shop.local,run-none116,,,ok,,,,12,,12,,,,,,False,False,,,,False,False,0,0,,,12,0,0,1.0,0.0,0.0,0,1,0,0,0,1.0,1.0,1.0,1.0,1.0,1.0,1.0,1.0,1.0
20261004T181609Z-2ba1b2f7,robustness,hybrid_original,syn-0012__field_reorder__01,html/syn-0012__field_reorder__01.html,,positive,True,12,12,12,0,0,1,12,0,0,12,0,0,12,0,0,robustness,html/syn-0012__field_reorder__01.html,syn-0012__field_reorder__01.html,run-none117,synthetic-shop.local,D:\Pet_Codes\science\article-price-tracker\synthetic\html\syn-0012__field_reorder__01.html,https://synthetic-shop.local/search/syn-0012,https://synthetic-shop.local/search/syn-0012,,,,raw_html,,806e13a85fcee7677974fc0c688822f380068a1300c78fb374c6ab379d6be2fe,806e13a85fcee7677974fc0c688822f380068a1300c78fb374c6ab379d6be2fe,html/syn-0012__field_reorder__01.html,syn-0012,microdata_cards,html/syn-0012__field_reorder__01.html,stationery,synthetic-v2-12to30,field_reorder,syn-0012__field_reorder__01,12,syn-0012__field_reorder__01,https://synthetic-shop.local/search/syn-0012,806e13a85fcee7677974fc0c688822f380068a1300c78fb374c6ab379d6be2fe,synthetic-shop.local,1,synthetic-shop.local,run-none117,,,ok,,,,12,,12,,,,,,False,False,,,,False,False,0,0,,,12,0,0,1.0,0.0,0.0,0,1,0,0,0,1.0,1.0,1.0,1.0,1.0,1.0,1.0,1.0,1.0
20261004T181609Z-2ba1b2f7,robustness,hybrid_original,syn-0012__field_reorder__02,html/syn-0012__field_reorder__02.html,,positive,True,12,12,12,0,0,1,12,0,0,12,0,0,12,0,0,robustness,html/syn-0012__field_reorder__02.html,syn-0012__field_reorder__02.html,run-none118,synthetic-shop.local,D:\Pet_Codes\science\article-price-tracker\synthetic\html\syn-0012__field_reorder__02.html,https://synthetic-shop.local/search/syn-0012,https://synthetic-shop.local/search/syn-0012,,,,raw_html,,c62b7d380e37b1de46ed7efa9b3fcfa72ad960c6130f07d6008cf98e80f70fb3,c62b7d380e37b1de46ed7efa9b3fcfa72ad960c6130f07d6008cf98e80f70fb3,html/syn-0012__field_reorder__02.html,syn-0012,microdata_cards,html/syn-0012__field_reorder__02.html,stationery,synthetic-v2-12to30,field_reorder,syn-0012__field_reorder__02,12,syn-0012__field_reorder__02,https://synthetic-shop.local/search/syn-0012,c62b7d380e37b1de46ed7efa9b3fcfa72ad960c6130f07d6008cf98e80f70fb3,synthetic-shop.local,2,synthetic-shop.local,run-none118,,,ok,,,,12,,12,,,,,,False,False,,,,False,False,0,0,,,12,0,0,1.0,0.0,0.0,0,1,0,0,0,1.0,1.0,1.0,1.0,1.0,1.0,1.0,1.0,1.0
20261004T181609Z-2ba1b2f7,robustness,hybrid_original,syn-0012__subtree_relocate__01,html/syn-0012__subtree_relocate__01.html,,positive,True,12,12,12,0,0,1,12,0,0,12,0,0,12,0,0,robustness,html/syn-0012__subtree_relocate__01.html,syn-0012__subtree_relocate__01.html,run-none119,synthetic-shop.local,D:\Pet_Codes\science\article-price-tracker\synthetic\html\syn-0012__subtree_relocate__01.html,https://synthetic-shop.local/search/syn-0012,https://synthetic-shop.local/search/syn-0012,,,,raw_html,,340038ca1d2f594879169b30c24be98dd15c969f359ec061db72e58d628badc2,340038ca1d2f594879169b30c24be98dd15c969f359ec061db72e58d628badc2,html/syn-0012__subtree_relocate__01.html,syn-0012,microdata_cards,html/syn-0012__subtree_relocate__01.html,stationery,synthetic-v2-12to30,subtree_relocate,syn-0012__subtree_relocate__01,12,syn-0012__subtree_relocate__01,https://synthetic-shop.local/search/syn-0012,340038ca1d2f594879169b30c24be98dd15c969f359ec061db72e58d628badc2,synthetic-shop.local,1,synthetic-shop.local,run-none119,,,ok,,,,12,,12,,,,,,False,False,,,,False,False,0,0,,,12,0,0,1.0,0.0,0.0,0,1,0,0,0,1.0,1.0,1.0,1.0,1.0,1.0,1.0,1.0,1.0
20261004T181609Z-2ba1b2f7,robustness,hybrid_original,syn-0012__subtree_relocate__02,html/syn-0012__subtree_relocate__02.html,,positive,True,12,12,12,0,0,1,12,0,0,12,0,0,12,0,0,robustness,html/syn-0012__subtree_relocate__02.html,syn-0012__subtree_relocate__02.html,run-none120,synthetic-shop.local,D:\Pet_Codes\science\article-price-tracker\synthetic\html\syn-0012__subtree_relocate__02.html,https://synthetic-shop.local/search/syn-0012,https://synthetic-shop.local/search/syn-0012,,,,raw_html,,efec20a3048eaf4f38abe940f35199152f62427fb0c2fcc9bae9177edc54fd15,efec20a3048eaf4f38abe940f35199152f62427fb0c2fcc9bae9177edc54fd15,html/syn-0012__subtree_relocate__02.html,syn-0012,microdata_cards,html/syn-0012__subtree_relocate__02.html,stationery,synthetic-v2-12to30,subtree_relocate,syn-0012__subtree_relocate__02,12,syn-0012__subtree_relocate__02,https://synthetic-shop.local/search/syn-0012,efec20a3048eaf4f38abe940f35199152f62427fb0c2fcc9bae9177edc54fd15,synthetic-shop.local,2,synthetic-shop.local,run-none120,,,ok,,,,12,,12,,,,,,False,False,,,,False,False,0,0,,,12,0,0,1.0,0.0,0.0,0,1,0,0,0,1.0,1.0,1.0,1.0,1.0,1.0,1.0,1.0,1.0
20261004T181609Z-2ba1b2f7,robustness,hybrid_original,syn-0013__class_rename__01,html/syn-0013__class_rename__01.html,,positive,True,26,8,8,18,0,1,8,0,18,8,0,18,8,0,18,robustness,html/syn-0013__class_rename__01.html,syn-0013__class_rename__01.html,run-none121,synthetic-shop.local,D:\Pet_Codes\science\article-price-tracker\synthetic\html\syn-0013__class_rename__01.html,https://synthetic-shop.local/search/syn-0013,https://synthetic-shop.local/search/syn-0013,,,,raw_html,,639cde8cd532827ceb4f97c5acf0d97d65a875549f037e9163f0f1da97887841,639cde8cd532827ceb4f97c5acf0d97d65a875549f037e9163f0f1da97887841,html/syn-0013__class_rename__01.html,syn-0013,plain_cards,html/syn-0013__class_rename__01.html,stationery,synthetic-v2-12to30,class_rename,syn-0013__class_rename__01,26,syn-0013__class_rename__01,https://synthetic-shop.local/search/syn-0013,639cde8cd532827ceb4f97c5acf0d97d65a875549f037e9163f0f1da97887841,synthetic-shop.local,1,synthetic-shop.local,run-none121,,,partial_validation,,,,0,,8,,partial_validation,,,,True,True,,,,True,True,1,0,,,26,0,0,1.0,0.0,0.0,0,1,0,0,0,1.0,0.3076923076923077,0.47058823529411764,1.0,0.3076923076923077,0.47058823529411764,1.0,0.3076923076923077,0.47058823529411764
20261004T181609Z-2ba1b2f7,robustness,hybrid_original,syn-0013__class_rename__02,html/syn-0013__class_rename__02.html,,positive,True,26,8,8,18,0,1,8,0,18,8,0,18,8,0,18,robustness,html/syn-0013__class_rename__02.html,syn-0013__class_rename__02.html,run-none122,synthetic-shop.local,D:\Pet_Codes\science\article-price-tracker\synthetic\html\syn-0013__class_rename__02.html,https://synthetic-shop.local/search/syn-0013,https://synthetic-shop.local/search/syn-0013,,,,raw_html,,c26d602106edac44b0c33b527d0b9e9762baf2d0d887adcd88e5be817c537445,c26d602106edac44b0c33b527d0b9e9762baf2d0d887adcd88e5be817c537445,html/syn-0013__class_rename__02.html,syn-0013,plain_cards,html/syn-0013__class_rename__02.html,stationery,synthetic-v2-12to30,class_rename,syn-0013__class_rename__02,26,syn-0013__class_rename__02,https://synthetic-shop.local/search/syn-0013,c26d602106edac44b0c33b527d0b9e9762baf2d0d887adcd88e5be817c537445,synthetic-shop.local,2,synthetic-shop.local,run-none122,,,partial_validation,,,,0,,8,,partial_validation,,,,True,True,,,,True,True,1,0,,,26,0,0,1.0,0.0,0.0,0,1,0,0,0,1.0,0.3076923076923077,0.47058823529411764,1.0,0.3076923076923077,0.47058823529411764,1.0,0.3076923076923077,0.47058823529411764
20261004T181609Z-2ba1b2f7,robustness,hybrid_original,syn-0013__class_rename__03,html/syn-0013__class_rename__03.html,,positive,True,26,8,8,18,0,1,8,0,18,8,0,18,8,0,18,robustness,html/syn-0013__class_rename__03.html,syn-0013__class_rename__03.html,run-none123,synthetic-shop.local,D:\Pet_Codes\science\article-price-tracker\synthetic\html\syn-0013__class_rename__03.html,https://synthetic-shop.local/search/syn-0013,https://synthetic-shop.local/search/syn-0013,,,,raw_html,,9d2c0c6730ec0d48a6ab8ee145031c5ad79c662552dca04c4e4cdefbd988b5b8,9d2c0c6730ec0d48a6ab8ee145031c5ad79c662552dca04c4e4cdefbd988b5b8,html/syn-0013__class_rename__03.html,syn-0013,plain_cards,html/syn-0013__class_rename__03.html,stationery,synthetic-v2-12to30,class_rename,syn-0013__class_rename__03,26,syn-0013__class_rename__03,https://synthetic-shop.local/search/syn-0013,9d2c0c6730ec0d48a6ab8ee145031c5ad79c662552dca04c4e4cdefbd988b5b8,synthetic-shop.local,3,synthetic-shop.local,run-none123,,,partial_validation,,,,0,,8,,partial_validation,,,,True,True,,,,True,True,1,0,,,26,0,0,1.0,0.0,0.0,0,1,0,0,0,1.0,0.3076923076923077,0.47058823529411764,1.0,0.3076923076923077,0.47058823529411764,1.0,0.3076923076923077,0.47058823529411764
20261004T181609Z-2ba1b2f7,robustness,hybrid_original,syn-0013__wrapper_insert__01,html/syn-0013__wrapper_insert__01.html,,positive,True,26,26,26,0,0,1,26,0,0,26,0,0,26,0,0,robustness,html/syn-0013__wrapper_insert__01.html,syn-0013__wrapper_insert__01.html,run-none124,synthetic-shop.local,D:\Pet_Codes\science\article-price-tracker\synthetic\html\syn-0013__wrapper_insert__01.html,https://synthetic-shop.local/search/syn-0013,https://synthetic-shop.local/search/syn-0013,,,,raw_html,,2c86afe59a36c71fa7c8b5b1f38e70a33729f5b3be72a4bb02f044621ed38fc8,2c86afe59a36c71fa7c8b5b1f38e70a33729f5b3be72a4bb02f044621ed38fc8,html/syn-0013__wrapper_insert__01.html,syn-0013,plain_cards,html/syn-0013__wrapper_insert__01.html,stationery,synthetic-v2-12to30,wrapper_insert,syn-0013__wrapper_insert__01,26,syn-0013__wrapper_insert__01,https://synthetic-shop.local/search/syn-0013,2c86afe59a36c71fa7c8b5b1f38e70a33729f5b3be72a4bb02f044621ed38fc8,synthetic-shop.local,1,synthetic-shop.local,run-none124,,,ok,,,,26,,26,,,,,,False,False,,,,False,False,0,0,,,26,0,0,1.0,0.0,0.0,0,1,0,0,0,1.0,1.0,1.0,1.0,1.0,1.0,1.0,1.0,1.0
20261004T181609Z-2ba1b2f7,robustness,hybrid_original,syn-0013__wrapper_insert__02,html/syn-0013__wrapper_insert__02.html,,positive,True,26,26,26,0,0,1,26,0,0,26,0,0,26,0,0,robustness,html/syn-0013__wrapper_insert__02.html,syn-0013__wrapper_insert__02.html,run-none125,synthetic-shop.local,D:\Pet_Codes\science\article-price-tracker\synthetic\html\syn-0013__wrapper_insert__02.html,https://synthetic-shop.local/search/syn-0013,https://synthetic-shop.local/search/syn-0013,,,,raw_html,,1119f9b7aba75b878530be0d1416c166ead8b7918f9840760447c0108bee4be6,1119f9b7aba75b878530be0d1416c166ead8b7918f9840760447c0108bee4be6,html/syn-0013__wrapper_insert__02.html,syn-0013,plain_cards,html/syn-0013__wrapper_insert__02.html,stationery,synthetic-v2-12to30,wrapper_insert,syn-0013__wrapper_insert__02,26,syn-0013__wrapper_insert__02,https://synthetic-shop.local/search/syn-0013,1119f9b7aba75b878530be0d1416c166ead8b7918f9840760447c0108bee4be6,synthetic-shop.local,2,synthetic-shop.local,run-none125,,,ok,,,,26,,26,,,,,,False,False,,,,False,False,0,0,,,26,0,0,1.0,0.0,0.0,0,1,0,0,0,1.0,1.0,1.0,1.0,1.0,1.0,1.0,1.0,1.0
20261004T181609Z-2ba1b2f7,robustness,hybrid_original,syn-0013__wrapper_insert__03,html/syn-0013__wrapper_insert__03.html,,positive,True,26,26,26,0,0,1,26,0,0,26,0,0,26,0,0,robustness,html/syn-0013__wrapper_insert__03.html,syn-0013__wrapper_insert__03.html,run-none126,synthetic-shop.local,D:\Pet_Codes\science\article-price-tracker\synthetic\html\syn-0013__wrapper_insert__03.html,https://synthetic-shop.local/search/syn-0013,https://synthetic-shop.local/search/syn-0013,,,,raw_html,,360f3a198d3e24c36ab61e1315eca8171e1a93634c31083a0c088cbb720dc5dc,360f3a198d3e24c36ab61e1315eca8171e1a93634c31083a0c088cbb720dc5dc,html/syn-0013__wrapper_insert__03.html,syn-0013,plain_cards,html/syn-0013__wrapper_insert__03.html,stationery,synthetic-v2-12to30,wrapper_insert,syn-0013__wrapper_insert__03,26,syn-0013__wrapper_insert__03,https://synthetic-shop.local/search/syn-0013,360f3a198d3e24c36ab61e1315eca8171e1a93634c31083a0c088cbb720dc5dc,synthetic-shop.local,3,synthetic-shop.local,run-none126,,,ok,,,,26,,26,,,,,,False,False,,,,False,False,0,0,,,26,0,0,1.0,0.0,0.0,0,1,0,0,0,1.0,1.0,1.0,1.0,1.0,1.0,1.0,1.0,1.0
20261004T181609Z-2ba1b2f7,robustness,hybrid_original,syn-0013__field_reorder__01,html/syn-0013__field_reorder__01.html,,positive,True,26,26,26,0,0,1,26,0,0,26,0,0,26,0,0,robustness,html/syn-0013__field_reorder__01.html,syn-0013__field_reorder__01.html,run-none127,synthetic-shop.local,D:\Pet_Codes\science\article-price-tracker\synthetic\html\syn-0013__field_reorder__01.html,https://synthetic-shop.local/search/syn-0013,https://synthetic-shop.local/search/syn-0013,,,,raw_html,,a4fc785f6b2b0b3ebd8fe3532e797493cf2fabc289ded91b4948601b4dcf16e0,a4fc785f6b2b0b3ebd8fe3532e797493cf2fabc289ded91b4948601b4dcf16e0,html/syn-0013__field_reorder__01.html,syn-0013,plain_cards,html/syn-0013__field_reorder__01.html,stationery,synthetic-v2-12to30,field_reorder,syn-0013__field_reorder__01,26,syn-0013__field_reorder__01,https://synthetic-shop.local/search/syn-0013,a4fc785f6b2b0b3ebd8fe3532e797493cf2fabc289ded91b4948601b4dcf16e0,synthetic-shop.local,1,synthetic-shop.local,run-none127,,,ok,,,,26,,26,,,,,,False,False,,,,False,False,0,0,,,26,0,0,1.0,0.0,0.0,0,1,0,0,0,1.0,1.0,1.0,1.0,1.0,1.0,1.0,1.0,1.0
20261004T181609Z-2ba1b2f7,robustness,hybrid_original,syn-0013__field_reorder__02,html/syn-0013__field_reorder__02.html,,positive,True,26,26,26,0,0,1,26,0,0,26,0,0,26,0,0,robustness,html/syn-0013__field_reorder__02.html,syn-0013__field_reorder__02.html,run-none128,synthetic-shop.local,D:\Pet_Codes\science\article-price-tracker\synthetic\html\syn-0013__field_reorder__02.html,https://synthetic-shop.local/search/syn-0013,https://synthetic-shop.local/search/syn-0013,,,,raw_html,,7dd1e62b6d463b4e2e3ed912957993dee3698723427e4fb03fdd59eb12b77a76,7dd1e62b6d463b4e2e3ed912957993dee3698723427e4fb03fdd59eb12b77a76,html/syn-0013__field_reorder__02.html,syn-0013,plain_cards,html/syn-0013__field_reorder__02.html,stationery,synthetic-v2-12to30,field_reorder,syn-0013__field_reorder__02,26,syn-0013__field_reorder__02,https://synthetic-shop.local/search/syn-0013,7dd1e62b6d463b4e2e3ed912957993dee3698723427e4fb03fdd59eb12b77a76,synthetic-shop.local,2,synthetic-shop.local,run-none128,,,ok,,,,26,,26,,,,,,False,False,,,,False,False,0,0,,,26,0,0,1.0,0.0,0.0,0,1,0,0,0,1.0,1.0,1.0,1.0,1.0,1.0,1.0,1.0,1.0
20261004T181609Z-2ba1b2f7,robustness,hybrid_original,syn-0013__subtree_relocate__01,html/syn-0013__subtree_relocate__01.html,,positive,True,26,26,26,0,0,1,26,0,0,26,0,0,26,0,0,robustness,html/syn-0013__subtree_relocate__01.html,syn-0013__subtree_relocate__01.html,run-none129,synthetic-shop.local,D:\Pet_Codes\science\article-price-tracker\synthetic\html\syn-0013__subtree_relocate__01.html,https://synthetic-shop.local/search/syn-0013,https://synthetic-shop.local/search/syn-0013,,,,raw_html,,5153b66f5a5acab9387dd30fdb8b876a7c27a4e34dd18ce7c5b9cfb6d8acc10f,5153b66f5a5acab9387dd30fdb8b876a7c27a4e34dd18ce7c5b9cfb6d8acc10f,html/syn-0013__subtree_relocate__01.html,syn-0013,plain_cards,html/syn-0013__subtree_relocate__01.html,stationery,synthetic-v2-12to30,subtree_relocate,syn-0013__subtree_relocate__01,26,syn-0013__subtree_relocate__01,https://synthetic-shop.local/search/syn-0013,5153b66f5a5acab9387dd30fdb8b876a7c27a4e34dd18ce7c5b9cfb6d8acc10f,synthetic-shop.local,1,synthetic-shop.local,run-none129,,,ok,,,,26,,26,,,,,,False,False,,,,False,False,0,0,,,26,0,0,1.0,0.0,0.0,0,1,0,0,0,1.0,1.0,1.0,1.0,1.0,1.0,1.0,1.0,1.0
20261004T181609Z-2ba1b2f7,robustness,hybrid_original,syn-0013__subtree_relocate__02,html/syn-0013__subtree_relocate__02.html,,positive,True,26,26,26,0,0,1,26,0,0,26,0,0,26,0,0,robustness,html/syn-0013__subtree_relocate__02.html,syn-0013__subtree_relocate__02.html,run-none130,synthetic-shop.local,D:\Pet_Codes\science\article-price-tracker\synthetic\html\syn-0013__subtree_relocate__02.html,https://synthetic-shop.local/search/syn-0013,https://synthetic-shop.local/search/syn-0013,,,,raw_html,,9af97bd64acf409d013c668e23c655312a4c559a77422dde5e74fdef1263b540,9af97bd64acf409d013c668e23c655312a4c559a77422dde5e74fdef1263b540,html/syn-0013__subtree_relocate__02.html,syn-0013,plain_cards,html/syn-0013__subtree_relocate__02.html,stationery,synthetic-v2-12to30,subtree_relocate,syn-0013__subtree_relocate__02,26,syn-0013__subtree_relocate__02,https://synthetic-shop.local/search/syn-0013,9af97bd64acf409d013c668e23c655312a4c559a77422dde5e74fdef1263b540,synthetic-shop.local,2,synthetic-shop.local,run-none130,,,ok,,,,26,,26,,,,,,False,False,,,,False,False,0,0,,,26,0,0,1.0,0.0,0.0,0,1,0,0,0,1.0,1.0,1.0,1.0,1.0,1.0,1.0,1.0,1.0
20261004T181609Z-2ba1b2f7,robustness,hybrid_original,syn-0014__class_rename__01,html/syn-0014__class_rename__01.html,,positive,True,16,16,16,0,0,1,16,0,0,16,0,0,16,0,0,robustness,html/syn-0014__class_rename__01.html,syn-0014__class_rename__01.html,run-none131,synthetic-shop.local,D:\Pet_Codes\science\article-price-tracker\synthetic\html\syn-0014__class_rename__01.html,https://synthetic-shop.local/search/syn-0014,https://synthetic-shop.local/search/syn-0014,,,,raw_html,,fd20c5a25a00b590e18adfcf951e56fa7bd6261e30f96e27dda22bb2bbafe0d7,fd20c5a25a00b590e18adfcf951e56fa7bd6261e30f96e27dda22bb2bbafe0d7,html/syn-0014__class_rename__01.html,syn-0014,embedded_state,html/syn-0014__class_rename__01.html,stationery,synthetic-v2-12to30,class_rename,syn-0014__class_rename__01,16,syn-0014__class_rename__01,https://synthetic-shop.local/search/syn-0014,fd20c5a25a00b590e18adfcf951e56fa7bd6261e30f96e27dda22bb2bbafe0d7,synthetic-shop.local,1,synthetic-shop.local,run-none131,,,ok,,,,16,,16,,,,,,False,False,,,,False,False,0,0,,,16,0,0,1.0,0.0,0.0,0,1,0,0,0,1.0,1.0,1.0,1.0,1.0,1.0,1.0,1.0,1.0
20261004T181609Z-2ba1b2f7,robustness,hybrid_original,syn-0014__class_rename__02,html/syn-0014__class_rename__02.html,,positive,True,16,16,16,0,0,1,16,0,0,16,0,0,16,0,0,robustness,html/syn-0014__class_rename__02.html,syn-0014__class_rename__02.html,run-none132,synthetic-shop.local,D:\Pet_Codes\science\article-price-tracker\synthetic\html\syn-0014__class_rename__02.html,https://synthetic-shop.local/search/syn-0014,https://synthetic-shop.local/search/syn-0014,,,,raw_html,,88a8cb349f583d64a902f4b2fff415d594ef1a069517c89ba84f24bf8223fb80,88a8cb349f583d64a902f4b2fff415d594ef1a069517c89ba84f24bf8223fb80,html/syn-0014__class_rename__02.html,syn-0014,embedded_state,html/syn-0014__class_rename__02.html,stationery,synthetic-v2-12to30,class_rename,syn-0014__class_rename__02,16,syn-0014__class_rename__02,https://synthetic-shop.local/search/syn-0014,88a8cb349f583d64a902f4b2fff415d594ef1a069517c89ba84f24bf8223fb80,synthetic-shop.local,2,synthetic-shop.local,run-none132,,,ok,,,,16,,16,,,,,,False,False,,,,False,False,0,0,,,16,0,0,1.0,0.0,0.0,0,1,0,0,0,1.0,1.0,1.0,1.0,1.0,1.0,1.0,1.0,1.0
20261004T181609Z-2ba1b2f7,robustness,hybrid_original,syn-0014__class_rename__03,html/syn-0014__class_rename__03.html,,positive,True,16,16,16,0,0,1,16,0,0,16,0,0,16,0,0,robustness,html/syn-0014__class_rename__03.html,syn-0014__class_rename__03.html,run-none133,synthetic-shop.local,D:\Pet_Codes\science\article-price-tracker\synthetic\html\syn-0014__class_rename__03.html,https://synthetic-shop.local/search/syn-0014,https://synthetic-shop.local/search/syn-0014,,,,raw_html,,4e3f54dce5d30873235beaf2e0a29ea8e1572e2c760152dc0f4f84b6621d75ea,4e3f54dce5d30873235beaf2e0a29ea8e1572e2c760152dc0f4f84b6621d75ea,html/syn-0014__class_rename__03.html,syn-0014,embedded_state,html/syn-0014__class_rename__03.html,stationery,synthetic-v2-12to30,class_rename,syn-0014__class_rename__03,16,syn-0014__class_rename__03,https://synthetic-shop.local/search/syn-0014,4e3f54dce5d30873235beaf2e0a29ea8e1572e2c760152dc0f4f84b6621d75ea,synthetic-shop.local,3,synthetic-shop.local,run-none133,,,ok,,,,16,,16,,,,,,False,False,,,,False,False,0,0,,,16,0,0,1.0,0.0,0.0,0,1,0,0,0,1.0,1.0,1.0,1.0,1.0,1.0,1.0,1.0,1.0
20261004T181609Z-2ba1b2f7,robustness,hybrid_original,syn-0014__wrapper_insert__01,html/syn-0014__wrapper_insert__01.html,,positive,True,16,16,16,0,0,1,16,0,0,16,0,0,16,0,0,robustness,html/syn-0014__wrapper_insert__01.html,syn-0014__wrapper_insert__01.html,run-none134,synthetic-shop.local,D:\Pet_Codes\science\article-price-tracker\synthetic\html\syn-0014__wrapper_insert__01.html,https://synthetic-shop.local/search/syn-0014,https://synthetic-shop.local/search/syn-0014,,,,raw_html,,7db70118bc77cd7eb881c8229f5b6e2453920d3f1efbf84d005c7774aceb57f0,7db70118bc77cd7eb881c8229f5b6e2453920d3f1efbf84d005c7774aceb57f0,html/syn-0014__wrapper_insert__01.html,syn-0014,embedded_state,html/syn-0014__wrapper_insert__01.html,stationery,synthetic-v2-12to30,wrapper_insert,syn-0014__wrapper_insert__01,16,syn-0014__wrapper_insert__01,https://synthetic-shop.local/search/syn-0014,7db70118bc77cd7eb881c8229f5b6e2453920d3f1efbf84d005c7774aceb57f0,synthetic-shop.local,1,synthetic-shop.local,run-none134,,,ok,,,,16,,16,,,,,,False,False,,,,False,False,0,0,,,16,0,0,1.0,0.0,0.0,0,1,0,0,0,1.0,1.0,1.0,1.0,1.0,1.0,1.0,1.0,1.0
20261004T181609Z-2ba1b2f7,robustness,hybrid_original,syn-0014__wrapper_insert__02,html/syn-0014__wrapper_insert__02.html,,positive,True,16,16,16,0,0,1,16,0,0,16,0,0,16,0,0,robustness,html/syn-0014__wrapper_insert__02.html,syn-0014__wrapper_insert__02.html,run-none135,synthetic-shop.local,D:\Pet_Codes\science\article-price-tracker\synthetic\html\syn-0014__wrapper_insert__02.html,https://synthetic-shop.local/search/syn-0014,https://synthetic-shop.local/search/syn-0014,,,,raw_html,,53510edb023195353917f600890b8ba9ab5cda5b36845cdbfed2b8e6fd5bd16b,53510edb023195353917f600890b8ba9ab5cda5b36845cdbfed2b8e6fd5bd16b,html/syn-0014__wrapper_insert__02.html,syn-0014,embedded_state,html/syn-0014__wrapper_insert__02.html,stationery,synthetic-v2-12to30,wrapper_insert,syn-0014__wrapper_insert__02,16,syn-0014__wrapper_insert__02,https://synthetic-shop.local/search/syn-0014,53510edb023195353917f600890b8ba9ab5cda5b36845cdbfed2b8e6fd5bd16b,synthetic-shop.local,2,synthetic-shop.local,run-none135,,,ok,,,,16,,16,,,,,,False,False,,,,False,False,0,0,,,16,0,0,1.0,0.0,0.0,0,1,0,0,0,1.0,1.0,1.0,1.0,1.0,1.0,1.0,1.0,1.0
20261004T181609Z-2ba1b2f7,robustness,hybrid_original,syn-0014__wrapper_insert__03,html/syn-0014__wrapper_insert__03.html,,positive,True,16,16,16,0,0,1,16,0,0,16,0,0,16,0,0,robustness,html/syn-0014__wrapper_insert__03.html,syn-0014__wrapper_insert__03.html,run-none136,synthetic-shop.local,D:\Pet_Codes\science\article-price-tracker\synthetic\html\syn-0014__wrapper_insert__03.html,https://synthetic-shop.local/search/syn-0014,https://synthetic-shop.local/search/syn-0014,,,,raw_html,,6baf153273c0734cd6ee773066ef3187926d2e3f7ecd1dfefc9db12cfdb07c97,6baf153273c0734cd6ee773066ef3187926d2e3f7ecd1dfefc9db12cfdb07c97,html/syn-0014__wrapper_insert__03.html,syn-0014,embedded_state,html/syn-0014__wrapper_insert__03.html,stationery,synthetic-v2-12to30,wrapper_insert,syn-0014__wrapper_insert__03,16,syn-0014__wrapper_insert__03,https://synthetic-shop.local/search/syn-0014,6baf153273c0734cd6ee773066ef3187926d2e3f7ecd1dfefc9db12cfdb07c97,synthetic-shop.local,3,synthetic-shop.local,run-none136,,,ok,,,,16,,16,,,,,,False,False,,,,False,False,0,0,,,16,0,0,1.0,0.0,0.0,0,1,0,0,0,1.0,1.0,1.0,1.0,1.0,1.0,1.0,1.0,1.0
20261004T181609Z-2ba1b2f7,robustness,hybrid_original,syn-0014__field_reorder__01,html/syn-0014__field_reorder__01.html,,positive,True,16,16,16,0,0,1,16,0,0,16,0,0,16,0,0,robustness,html/syn-0014__field_reorder__01.html,syn-0014__field_reorder__01.html,run-none137,synthetic-shop.local,D:\Pet_Codes\science\article-price-tracker\synthetic\html\syn-0014__field_reorder__01.html,https://synthetic-shop.local/search/syn-0014,https://synthetic-shop.local/search/syn-0014,,,,raw_html,,1080348afd98e01bd3f424d45b4759e18d1cdd2d83db2f0109bc72d920a584c5,1080348afd98e01bd3f424d45b4759e18d1cdd2d83db2f0109bc72d920a584c5,html/syn-0014__field_reorder__01.html,syn-0014,embedded_state,html/syn-0014__field_reorder__01.html,stationery,synthetic-v2-12to30,field_reorder,syn-0014__field_reorder__01,16,syn-0014__field_reorder__01,https://synthetic-shop.local/search/syn-0014,1080348afd98e01bd3f424d45b4759e18d1cdd2d83db2f0109bc72d920a584c5,synthetic-shop.local,1,synthetic-shop.local,run-none137,,,ok,,,,16,,16,,,,,,False,False,,,,False,False,0,0,,,16,0,0,1.0,0.0,0.0,0,1,0,0,0,1.0,1.0,1.0,1.0,1.0,1.0,1.0,1.0,1.0
20261004T181609Z-2ba1b2f7,robustness,hybrid_original,syn-0014__field_reorder__02,html/syn-0014__field_reorder__02.html,,positive,True,16,16,16,0,0,1,16,0,0,16,0,0,16,0,0,robustness,html/syn-0014__field_reorder__02.html,syn-0014__field_reorder__02.html,run-none138,synthetic-shop.local,D:\Pet_Codes\science\article-price-tracker\synthetic\html\syn-0014__field_reorder__02.html,https://synthetic-shop.local/search/syn-0014,https://synthetic-shop.local/search/syn-0014,,,,raw_html,,c629087974d9769a9f30ccf5c6f1e2147b80cace74d92dd457cdeca09396ceac,c629087974d9769a9f30ccf5c6f1e2147b80cace74d92dd457cdeca09396ceac,html/syn-0014__field_reorder__02.html,syn-0014,embedded_state,html/syn-0014__field_reorder__02.html,stationery,synthetic-v2-12to30,field_reorder,syn-0014__field_reorder__02,16,syn-0014__field_reorder__02,https://synthetic-shop.local/search/syn-0014,c629087974d9769a9f30ccf5c6f1e2147b80cace74d92dd457cdeca09396ceac,synthetic-shop.local,2,synthetic-shop.local,run-none138,,,ok,,,,16,,16,,,,,,False,False,,,,False,False,0,0,,,16,0,0,1.0,0.0,0.0,0,1,0,0,0,1.0,1.0,1.0,1.0,1.0,1.0,1.0,1.0,1.0
20261004T181609Z-2ba1b2f7,robustness,hybrid_original,syn-0014__subtree_relocate__01,html/syn-0014__subtree_relocate__01.html,,positive,True,16,16,16,0,0,1,16,0,0,16,0,0,16,0,0,robustness,html/syn-0014__subtree_relocate__01.html,syn-0014__subtree_relocate__01.html,run-none139,synthetic-shop.local,D:\Pet_Codes\science\article-price-tracker\synthetic\html\syn-0014__subtree_relocate__01.html,https://synthetic-shop.local/search/syn-0014,https://synthetic-shop.local/search/syn-0014,,,,raw_html,,b1c95a3804ae8ba8e877cba15172b6fe655ba063a2c5a6d4d8fa756f6084ec32,b1c95a3804ae8ba8e877cba15172b6fe655ba063a2c5a6d4d8fa756f6084ec32,html/syn-0014__subtree_relocate__01.html,syn-0014,embedded_state,html/syn-0014__subtree_relocate__01.html,stationery,synthetic-v2-12to30,subtree_relocate,syn-0014__subtree_relocate__01,16,syn-0014__subtree_relocate__01,https://synthetic-shop.local/search/syn-0014,b1c95a3804ae8ba8e877cba15172b6fe655ba063a2c5a6d4d8fa756f6084ec32,synthetic-shop.local,1,synthetic-shop.local,run-none139,,,ok,,,,16,,16,,,,,,False,False,,,,False,False,0,0,,,16,0,0,1.0,0.0,0.0,0,1,0,0,0,1.0,1.0,1.0,1.0,1.0,1.0,1.0,1.0,1.0
20261004T181609Z-2ba1b2f7,robustness,hybrid_original,syn-0014__subtree_relocate__02,html/syn-0014__subtree_relocate__02.html,,positive,True,16,16,16,0,0,1,16,0,0,16,0,0,16,0,0,robustness,html/syn-0014__subtree_relocate__02.html,syn-0014__subtree_relocate__02.html,run-none140,synthetic-shop.local,D:\Pet_Codes\science\article-price-tracker\synthetic\html\syn-0014__subtree_relocate__02.html,https://synthetic-shop.local/search/syn-0014,https://synthetic-shop.local/search/syn-0014,,,,raw_html,,4f5f66f13c359bdf48d1379dff2d70e1af38000b6829b2dfbbb3769b48874615,4f5f66f13c359bdf48d1379dff2d70e1af38000b6829b2dfbbb3769b48874615,html/syn-0014__subtree_relocate__02.html,syn-0014,embedded_state,html/syn-0014__subtree_relocate__02.html,stationery,synthetic-v2-12to30,subtree_relocate,syn-0014__subtree_relocate__02,16,syn-0014__subtree_relocate__02,https://synthetic-shop.local/search/syn-0014,4f5f66f13c359bdf48d1379dff2d70e1af38000b6829b2dfbbb3769b48874615,synthetic-shop.local,2,synthetic-shop.local,run-none140,,,ok,,,,16,,16,,,,,,False,False,,,,False,False,0,0,,,16,0,0,1.0,0.0,0.0,0,1,0,0,0,1.0,1.0,1.0,1.0,1.0,1.0,1.0,1.0,1.0
20261004T181609Z-2ba1b2f7,robustness,hybrid_original,syn-0015__class_rename__01,html/syn-0015__class_rename__01.html,,positive,True,28,8,8,20,0,1,8,0,20,8,0,20,8,0,20,robustness,html/syn-0015__class_rename__01.html,syn-0015__class_rename__01.html,run-none141,synthetic-shop.local,D:\Pet_Codes\science\article-price-tracker\synthetic\html\syn-0015__class_rename__01.html,https://synthetic-shop.local/search/syn-0015,https://synthetic-shop.local/search/syn-0015,,,,raw_html,,fba4f074aa205c7c9056cc02ff004374f0ad87c01fc1c5871c581e00948d162f,fba4f074aa205c7c9056cc02ff004374f0ad87c01fc1c5871c581e00948d162f,html/syn-0015__class_rename__01.html,syn-0015,detail_grid,html/syn-0015__class_rename__01.html,electronics,synthetic-v2-12to30,class_rename,syn-0015__class_rename__01,28,syn-0015__class_rename__01,https://synthetic-shop.local/search/syn-0015,fba4f074aa205c7c9056cc02ff004374f0ad87c01fc1c5871c581e00948d162f,synthetic-shop.local,1,synthetic-shop.local,run-none141,,,partial_validation,,,,0,,8,,partial_validation,,,,True,True,,,,True,True,1,0,,,28,0,0,1.0,0.0,0.0,0,1,0,0,0,1.0,0.2857142857142857,0.4444444444444445,1.0,0.2857142857142857,0.4444444444444445,1.0,0.2857142857142857,0.4444444444444445
20261004T181609Z-2ba1b2f7,robustness,hybrid_original,syn-0015__class_rename__02,html/syn-0015__class_rename__02.html,,positive,True,28,8,8,20,0,1,8,0,20,8,0,20,8,0,20,robustness,html/syn-0015__class_rename__02.html,syn-0015__class_rename__02.html,run-none142,synthetic-shop.local,D:\Pet_Codes\science\article-price-tracker\synthetic\html\syn-0015__class_rename__02.html,https://synthetic-shop.local/search/syn-0015,https://synthetic-shop.local/search/syn-0015,,,,raw_html,,8fa8a1799d7d16d80454545151bd9baa33578b33a241503a64719dba9c65b5cb,8fa8a1799d7d16d80454545151bd9baa33578b33a241503a64719dba9c65b5cb,html/syn-0015__class_rename__02.html,syn-0015,detail_grid,html/syn-0015__class_rename__02.html,electronics,synthetic-v2-12to30,class_rename,syn-0015__class_rename__02,28,syn-0015__class_rename__02,https://synthetic-shop.local/search/syn-0015,8fa8a1799d7d16d80454545151bd9baa33578b33a241503a64719dba9c65b5cb,synthetic-shop.local,2,synthetic-shop.local,run-none142,,,partial_validation,,,,0,,8,,partial_validation,,,,True,True,,,,True,True,1,0,,,28,0,0,1.0,0.0,0.0,0,1,0,0,0,1.0,0.2857142857142857,0.4444444444444445,1.0,0.2857142857142857,0.4444444444444445,1.0,0.2857142857142857,0.4444444444444445
20261004T181609Z-2ba1b2f7,robustness,hybrid_original,syn-0015__class_rename__03,html/syn-0015__class_rename__03.html,,positive,True,28,8,8,20,0,1,8,0,20,8,0,20,8,0,20,robustness,html/syn-0015__class_rename__03.html,syn-0015__class_rename__03.html,run-none143,synthetic-shop.local,D:\Pet_Codes\science\article-price-tracker\synthetic\html\syn-0015__class_rename__03.html,https://synthetic-shop.local/search/syn-0015,https://synthetic-shop.local/search/syn-0015,,,,raw_html,,295d806a81177a3d253fe95144b304efbb2754997ddff2524760e874319a2b42,295d806a81177a3d253fe95144b304efbb2754997ddff2524760e874319a2b42,html/syn-0015__class_rename__03.html,syn-0015,detail_grid,html/syn-0015__class_rename__03.html,electronics,synthetic-v2-12to30,class_rename,syn-0015__class_rename__03,28,syn-0015__class_rename__03,https://synthetic-shop.local/search/syn-0015,295d806a81177a3d253fe95144b304efbb2754997ddff2524760e874319a2b42,synthetic-shop.local,3,synthetic-shop.local,run-none143,,,partial_validation,,,,0,,8,,partial_validation,,,,True,True,,,,True,True,1,0,,,28,0,0,1.0,0.0,0.0,0,1,0,0,0,1.0,0.2857142857142857,0.4444444444444445,1.0,0.2857142857142857,0.4444444444444445,1.0,0.2857142857142857,0.4444444444444445
20261004T181609Z-2ba1b2f7,robustness,hybrid_original,syn-0015__wrapper_insert__01,html/syn-0015__wrapper_insert__01.html,,positive,True,28,8,8,20,0,1,8,0,20,8,0,20,8,0,20,robustness,html/syn-0015__wrapper_insert__01.html,syn-0015__wrapper_insert__01.html,run-none144,synthetic-shop.local,D:\Pet_Codes\science\article-price-tracker\synthetic\html\syn-0015__wrapper_insert__01.html,https://synthetic-shop.local/search/syn-0015,https://synthetic-shop.local/search/syn-0015,,,,raw_html,,602e0d3bc46c03ba7e2070bba74c9190cac0cfaaacc566b4544b197492c8fa0d,602e0d3bc46c03ba7e2070bba74c9190cac0cfaaacc566b4544b197492c8fa0d,html/syn-0015__wrapper_insert__01.html,syn-0015,detail_grid,html/syn-0015__wrapper_insert__01.html,electronics,synthetic-v2-12to30,wrapper_insert,syn-0015__wrapper_insert__01,28,syn-0015__wrapper_insert__01,https://synthetic-shop.local/search/syn-0015,602e0d3bc46c03ba7e2070bba74c9190cac0cfaaacc566b4544b197492c8fa0d,synthetic-shop.local,1,synthetic-shop.local,run-none144,,,partial_validation,,,,0,,8,,partial_validation,,,,True,True,,,,True,True,1,0,,,28,0,0,1.0,0.0,0.0,0,1,0,0,0,1.0,0.2857142857142857,0.4444444444444445,1.0,0.2857142857142857,0.4444444444444445,1.0,0.2857142857142857,0.4444444444444445
20261004T181609Z-2ba1b2f7,robustness,hybrid_original,syn-0015__wrapper_insert__02,html/syn-0015__wrapper_insert__02.html,,positive,True,28,8,8,20,0,1,8,0,20,8,0,20,8,0,20,robustness,html/syn-0015__wrapper_insert__02.html,syn-0015__wrapper_insert__02.html,run-none145,synthetic-shop.local,D:\Pet_Codes\science\article-price-tracker\synthetic\html\syn-0015__wrapper_insert__02.html,https://synthetic-shop.local/search/syn-0015,https://synthetic-shop.local/search/syn-0015,,,,raw_html,,32959d51b3f8aee5af27ee9daae6a4effae83bcda1afe575e7a59e4ce72f3356,32959d51b3f8aee5af27ee9daae6a4effae83bcda1afe575e7a59e4ce72f3356,html/syn-0015__wrapper_insert__02.html,syn-0015,detail_grid,html/syn-0015__wrapper_insert__02.html,electronics,synthetic-v2-12to30,wrapper_insert,syn-0015__wrapper_insert__02,28,syn-0015__wrapper_insert__02,https://synthetic-shop.local/search/syn-0015,32959d51b3f8aee5af27ee9daae6a4effae83bcda1afe575e7a59e4ce72f3356,synthetic-shop.local,2,synthetic-shop.local,run-none145,,,partial_validation,,,,0,,8,,partial_validation,,,,True,True,,,,True,True,1,0,,,28,0,0,1.0,0.0,0.0,0,1,0,0,0,1.0,0.2857142857142857,0.4444444444444445,1.0,0.2857142857142857,0.4444444444444445,1.0,0.2857142857142857,0.4444444444444445
20261004T181609Z-2ba1b2f7,robustness,hybrid_original,syn-0015__wrapper_insert__03,html/syn-0015__wrapper_insert__03.html,,positive,True,28,8,8,20,0,1,8,0,20,8,0,20,8,0,20,robustness,html/syn-0015__wrapper_insert__03.html,syn-0015__wrapper_insert__03.html,run-none146,synthetic-shop.local,D:\Pet_Codes\science\article-price-tracker\synthetic\html\syn-0015__wrapper_insert__03.html,https://synthetic-shop.local/search/syn-0015,https://synthetic-shop.local/search/syn-0015,,,,raw_html,,2b12a3bb6a2d5aa9d253af8ebce1d1854beb7e38ed650976cc7b1b155087cec3,2b12a3bb6a2d5aa9d253af8ebce1d1854beb7e38ed650976cc7b1b155087cec3,html/syn-0015__wrapper_insert__03.html,syn-0015,detail_grid,html/syn-0015__wrapper_insert__03.html,electronics,synthetic-v2-12to30,wrapper_insert,syn-0015__wrapper_insert__03,28,syn-0015__wrapper_insert__03,https://synthetic-shop.local/search/syn-0015,2b12a3bb6a2d5aa9d253af8ebce1d1854beb7e38ed650976cc7b1b155087cec3,synthetic-shop.local,3,synthetic-shop.local,run-none146,,,partial_validation,,,,0,,8,,partial_validation,,,,True,True,,,,True,True,1,0,,,28,0,0,1.0,0.0,0.0,0,1,0,0,0,1.0,0.2857142857142857,0.4444444444444445,1.0,0.2857142857142857,0.4444444444444445,1.0,0.2857142857142857,0.4444444444444445
20261004T181609Z-2ba1b2f7,robustness,hybrid_original,syn-0015__field_reorder__01,html/syn-0015__field_reorder__01.html,,positive,True,28,8,8,20,0,1,8,0,20,8,0,20,8,0,20,robustness,html/syn-0015__field_reorder__01.html,syn-0015__field_reorder__01.html,run-none147,synthetic-shop.local,D:\Pet_Codes\science\article-price-tracker\synthetic\html\syn-0015__field_reorder__01.html,https://synthetic-shop.local/search/syn-0015,https://synthetic-shop.local/search/syn-0015,,,,raw_html,,518b44dd56e24e787d78727e3ab0702c684d42c5f4f71f16dcfcc945d1699f48,518b44dd56e24e787d78727e3ab0702c684d42c5f4f71f16dcfcc945d1699f48,html/syn-0015__field_reorder__01.html,syn-0015,detail_grid,html/syn-0015__field_reorder__01.html,electronics,synthetic-v2-12to30,field_reorder,syn-0015__field_reorder__01,28,syn-0015__field_reorder__01,https://synthetic-shop.local/search/syn-0015,518b44dd56e24e787d78727e3ab0702c684d42c5f4f71f16dcfcc945d1699f48,synthetic-shop.local,1,synthetic-shop.local,run-none147,,,partial_validation,,,,0,,8,,partial_validation,,,,True,True,,,,True,True,1,0,,,28,0,0,1.0,0.0,0.0,0,1,0,0,0,1.0,0.2857142857142857,0.4444444444444445,1.0,0.2857142857142857,0.4444444444444445,1.0,0.2857142857142857,0.4444444444444445
20261004T181609Z-2ba1b2f7,robustness,hybrid_original,syn-0015__field_reorder__02,html/syn-0015__field_reorder__02.html,,positive,True,28,8,8,20,0,1,8,0,20,8,0,20,8,0,20,robustness,html/syn-0015__field_reorder__02.html,syn-0015__field_reorder__02.html,run-none148,synthetic-shop.local,D:\Pet_Codes\science\article-price-tracker\synthetic\html\syn-0015__field_reorder__02.html,https://synthetic-shop.local/search/syn-0015,https://synthetic-shop.local/search/syn-0015,,,,raw_html,,278eea903dbfb54df6c7a55ee68235d9fec241c76c63276f6655377425af91a8,278eea903dbfb54df6c7a55ee68235d9fec241c76c63276f6655377425af91a8,html/syn-0015__field_reorder__02.html,syn-0015,detail_grid,html/syn-0015__field_reorder__02.html,electronics,synthetic-v2-12to30,field_reorder,syn-0015__field_reorder__02,28,syn-0015__field_reorder__02,https://synthetic-shop.local/search/syn-0015,278eea903dbfb54df6c7a55ee68235d9fec241c76c63276f6655377425af91a8,synthetic-shop.local,2,synthetic-shop.local,run-none148,,,partial_validation,,,,0,,8,,partial_validation,,,,True,True,,,,True,True,1,0,,,28,0,0,1.0,0.0,0.0,0,1,0,0,0,1.0,0.2857142857142857,0.4444444444444445,1.0,0.2857142857142857,0.4444444444444445,1.0,0.2857142857142857,0.4444444444444445
20261004T181609Z-2ba1b2f7,robustness,hybrid_original,syn-0015__subtree_relocate__01,html/syn-0015__subtree_relocate__01.html,,positive,True,28,8,8,20,0,1,8,0,20,8,0,20,8,0,20,robustness,html/syn-0015__subtree_relocate__01.html,syn-0015__subtree_relocate__01.html,run-none149,synthetic-shop.local,D:\Pet_Codes\science\article-price-tracker\synthetic\html\syn-0015__subtree_relocate__01.html,https://synthetic-shop.local/search/syn-0015,https://synthetic-shop.local/search/syn-0015,,,,raw_html,,e5afdd68bedef00ad5d16998b885dd861dfa4d012fdf52aa435b4f0f27742e46,e5afdd68bedef00ad5d16998b885dd861dfa4d012fdf52aa435b4f0f27742e46,html/syn-0015__subtree_relocate__01.html,syn-0015,detail_grid,html/syn-0015__subtree_relocate__01.html,electronics,synthetic-v2-12to30,subtree_relocate,syn-0015__subtree_relocate__01,28,syn-0015__subtree_relocate__01,https://synthetic-shop.local/search/syn-0015,e5afdd68bedef00ad5d16998b885dd861dfa4d012fdf52aa435b4f0f27742e46,synthetic-shop.local,1,synthetic-shop.local,run-none149,,,partial_validation,,,,0,,8,,partial_validation,,,,True,True,,,,True,True,1,0,,,28,0,0,1.0,0.0,0.0,0,1,0,0,0,1.0,0.2857142857142857,0.4444444444444445,1.0,0.2857142857142857,0.4444444444444445,1.0,0.2857142857142857,0.4444444444444445
20261004T181609Z-2ba1b2f7,robustness,hybrid_original,syn-0015__subtree_relocate__02,html/syn-0015__subtree_relocate__02.html,,positive,True,28,8,8,20,0,1,8,0,20,8,0,20,8,0,20,robustness,html/syn-0015__subtree_relocate__02.html,syn-0015__subtree_relocate__02.html,run-none150,synthetic-shop.local,D:\Pet_Codes\science\article-price-tracker\synthetic\html\syn-0015__subtree_relocate__02.html,https://synthetic-shop.local/search/syn-0015,https://synthetic-shop.local/search/syn-0015,,,,raw_html,,2c6b748d2a1785dc53d40bfab1e3b240c2173205597e673dbb451e2662d6698b,2c6b748d2a1785dc53d40bfab1e3b240c2173205597e673dbb451e2662d6698b,html/syn-0015__subtree_relocate__02.html,syn-0015,detail_grid,html/syn-0015__subtree_relocate__02.html,electronics,synthetic-v2-12to30,subtree_relocate,syn-0015__subtree_relocate__02,28,syn-0015__subtree_relocate__02,https://synthetic-shop.local/search/syn-0015,2c6b748d2a1785dc53d40bfab1e3b240c2173205597e673dbb451e2662d6698b,synthetic-shop.local,2,synthetic-shop.local,run-none150,,,partial_validation,,,,0,,8,,partial_validation,,,,True,True,,,,True,True,1,0,,,28,0,0,1.0,0.0,0.0,0,1,0,0,0,1.0,0.2857142857142857,0.4444444444444445,1.0,0.2857142857142857,0.4444444444444445,1.0,0.2857142857142857,0.4444444444444445
20261004T181609Z-2ba1b2f7,robustness,hybrid_original,syn-0016__class_rename__01,html/syn-0016__class_rename__01.html,,positive,True,14,8,8,6,0,1,8,0,6,8,0,6,8,0,6,robustness,html/syn-0016__class_rename__01.html,syn-0016__class_rename__01.html,run-none151,synthetic-shop.local,D:\Pet_Codes\science\article-price-tracker\synthetic\html\syn-0016__class_rename__01.html,https://synthetic-shop.local/search/syn-0016,https://synthetic-shop.local/search/syn-0016,,,,raw_html,,131cc4b646841dd12dc0451d7c4bf4be0011d80c7b14f54ff9101110625be082,131cc4b646841dd12dc0451d7c4bf4be0011d80c7b14f54ff9101110625be082,html/syn-0016__class_rename__01.html,syn-0016,table_listing,html/syn-0016__class_rename__01.html,electronics,synthetic-v2-12to30,class_rename,syn-0016__class_rename__01,14,syn-0016__class_rename__01,https://synthetic-shop.local/search/syn-0016,131cc4b646841dd12dc0451d7c4bf4be0011d80c7b14f54ff9101110625be082,synthetic-shop.local,1,synthetic-shop.local,run-none151,,,partial_validation,,,,0,,8,,partial_validation,,,,True,True,,,,True,True,1,0,,,14,0,0,1.0,0.0,0.0,0,1,0,0,0,1.0,0.5714285714285714,0.7272727272727273,1.0,0.5714285714285714,0.7272727272727273,1.0,0.5714285714285714,0.7272727272727273
20261004T181609Z-2ba1b2f7,robustness,hybrid_original,syn-0016__class_rename__02,html/syn-0016__class_rename__02.html,,positive,True,14,8,8,6,0,1,8,0,6,8,0,6,8,0,6,robustness,html/syn-0016__class_rename__02.html,syn-0016__class_rename__02.html,run-none152,synthetic-shop.local,D:\Pet_Codes\science\article-price-tracker\synthetic\html\syn-0016__class_rename__02.html,https://synthetic-shop.local/search/syn-0016,https://synthetic-shop.local/search/syn-0016,,,,raw_html,,9bd8adeecd4422487fa502d10fd2de65a90f54e26615f3a95bde0d5fb9dd3279,9bd8adeecd4422487fa502d10fd2de65a90f54e26615f3a95bde0d5fb9dd3279,html/syn-0016__class_rename__02.html,syn-0016,table_listing,html/syn-0016__class_rename__02.html,electronics,synthetic-v2-12to30,class_rename,syn-0016__class_rename__02,14,syn-0016__class_rename__02,https://synthetic-shop.local/search/syn-0016,9bd8adeecd4422487fa502d10fd2de65a90f54e26615f3a95bde0d5fb9dd3279,synthetic-shop.local,2,synthetic-shop.local,run-none152,,,partial_validation,,,,0,,8,,partial_validation,,,,True,True,,,,True,True,1,0,,,14,0,0,1.0,0.0,0.0,0,1,0,0,0,1.0,0.5714285714285714,0.7272727272727273,1.0,0.5714285714285714,0.7272727272727273,1.0,0.5714285714285714,0.7272727272727273
20261004T181609Z-2ba1b2f7,robustness,hybrid_original,syn-0016__class_rename__03,html/syn-0016__class_rename__03.html,,positive,True,14,8,8,6,0,1,8,0,6,8,0,6,8,0,6,robustness,html/syn-0016__class_rename__03.html,syn-0016__class_rename__03.html,run-none153,synthetic-shop.local,D:\Pet_Codes\science\article-price-tracker\synthetic\html\syn-0016__class_rename__03.html,https://synthetic-shop.local/search/syn-0016,https://synthetic-shop.local/search/syn-0016,,,,raw_html,,3ac38fbac2dc445bc09915a00df2a53582c449db8d689a32acad3ddf1a5df8ba,3ac38fbac2dc445bc09915a00df2a53582c449db8d689a32acad3ddf1a5df8ba,html/syn-0016__class_rename__03.html,syn-0016,table_listing,html/syn-0016__class_rename__03.html,electronics,synthetic-v2-12to30,class_rename,syn-0016__class_rename__03,14,syn-0016__class_rename__03,https://synthetic-shop.local/search/syn-0016,3ac38fbac2dc445bc09915a00df2a53582c449db8d689a32acad3ddf1a5df8ba,synthetic-shop.local,3,synthetic-shop.local,run-none153,,,partial_validation,,,,0,,8,,partial_validation,,,,True,True,,,,True,True,1,0,,,14,0,0,1.0,0.0,0.0,0,1,0,0,0,1.0,0.5714285714285714,0.7272727272727273,1.0,0.5714285714285714,0.7272727272727273,1.0,0.5714285714285714,0.7272727272727273
20261004T181609Z-2ba1b2f7,robustness,hybrid_original,syn-0016__wrapper_insert__01,html/syn-0016__wrapper_insert__01.html,,positive,True,14,8,8,6,0,1,8,0,6,8,0,6,8,0,6,robustness,html/syn-0016__wrapper_insert__01.html,syn-0016__wrapper_insert__01.html,run-none154,synthetic-shop.local,D:\Pet_Codes\science\article-price-tracker\synthetic\html\syn-0016__wrapper_insert__01.html,https://synthetic-shop.local/search/syn-0016,https://synthetic-shop.local/search/syn-0016,,,,raw_html,,badc820dea4f03930f2c99736833741c57eb48f1e25bb656b553c14205e57e53,badc820dea4f03930f2c99736833741c57eb48f1e25bb656b553c14205e57e53,html/syn-0016__wrapper_insert__01.html,syn-0016,table_listing,html/syn-0016__wrapper_insert__01.html,electronics,synthetic-v2-12to30,wrapper_insert,syn-0016__wrapper_insert__01,14,syn-0016__wrapper_insert__01,https://synthetic-shop.local/search/syn-0016,badc820dea4f03930f2c99736833741c57eb48f1e25bb656b553c14205e57e53,synthetic-shop.local,1,synthetic-shop.local,run-none154,,,partial_validation,,,,0,,8,,partial_validation,,,,True,True,,,,True,True,1,0,,,14,0,0,1.0,0.0,0.0,0,1,0,0,0,1.0,0.5714285714285714,0.7272727272727273,1.0,0.5714285714285714,0.7272727272727273,1.0,0.5714285714285714,0.7272727272727273
20261004T181609Z-2ba1b2f7,robustness,hybrid_original,syn-0016__wrapper_insert__02,html/syn-0016__wrapper_insert__02.html,,positive,True,14,8,8,6,0,1,8,0,6,8,0,6,8,0,6,robustness,html/syn-0016__wrapper_insert__02.html,syn-0016__wrapper_insert__02.html,run-none155,synthetic-shop.local,D:\Pet_Codes\science\article-price-tracker\synthetic\html\syn-0016__wrapper_insert__02.html,https://synthetic-shop.local/search/syn-0016,https://synthetic-shop.local/search/syn-0016,,,,raw_html,,11cf35a43b48a65aacbea86554babcbcd65181179708021597368ede39cc0b4c,11cf35a43b48a65aacbea86554babcbcd65181179708021597368ede39cc0b4c,html/syn-0016__wrapper_insert__02.html,syn-0016,table_listing,html/syn-0016__wrapper_insert__02.html,electronics,synthetic-v2-12to30,wrapper_insert,syn-0016__wrapper_insert__02,14,syn-0016__wrapper_insert__02,https://synthetic-shop.local/search/syn-0016,11cf35a43b48a65aacbea86554babcbcd65181179708021597368ede39cc0b4c,synthetic-shop.local,2,synthetic-shop.local,run-none155,,,partial_validation,,,,0,,8,,partial_validation,,,,True,True,,,,True,True,1,0,,,14,0,0,1.0,0.0,0.0,0,1,0,0,0,1.0,0.5714285714285714,0.7272727272727273,1.0,0.5714285714285714,0.7272727272727273,1.0,0.5714285714285714,0.7272727272727273
20261004T181609Z-2ba1b2f7,robustness,hybrid_original,syn-0016__wrapper_insert__03,html/syn-0016__wrapper_insert__03.html,,positive,True,14,8,8,6,0,1,8,0,6,8,0,6,8,0,6,robustness,html/syn-0016__wrapper_insert__03.html,syn-0016__wrapper_insert__03.html,run-none156,synthetic-shop.local,D:\Pet_Codes\science\article-price-tracker\synthetic\html\syn-0016__wrapper_insert__03.html,https://synthetic-shop.local/search/syn-0016,https://synthetic-shop.local/search/syn-0016,,,,raw_html,,10fe76cbd1b04354adce6c06eae7402fbfb1fe13726abfde667e292661720ace,10fe76cbd1b04354adce6c06eae7402fbfb1fe13726abfde667e292661720ace,html/syn-0016__wrapper_insert__03.html,syn-0016,table_listing,html/syn-0016__wrapper_insert__03.html,electronics,synthetic-v2-12to30,wrapper_insert,syn-0016__wrapper_insert__03,14,syn-0016__wrapper_insert__03,https://synthetic-shop.local/search/syn-0016,10fe76cbd1b04354adce6c06eae7402fbfb1fe13726abfde667e292661720ace,synthetic-shop.local,3,synthetic-shop.local,run-none156,,,partial_validation,,,,0,,8,,partial_validation,,,,True,True,,,,True,True,1,0,,,14,0,0,1.0,0.0,0.0,0,1,0,0,0,1.0,0.5714285714285714,0.7272727272727273,1.0,0.5714285714285714,0.7272727272727273,1.0,0.5714285714285714,0.7272727272727273
20261004T181609Z-2ba1b2f7,robustness,hybrid_original,syn-0016__field_reorder__01,html/syn-0016__field_reorder__01.html,,positive,True,14,8,8,6,0,1,8,0,6,8,0,6,8,0,6,robustness,html/syn-0016__field_reorder__01.html,syn-0016__field_reorder__01.html,run-none157,synthetic-shop.local,D:\Pet_Codes\science\article-price-tracker\synthetic\html\syn-0016__field_reorder__01.html,https://synthetic-shop.local/search/syn-0016,https://synthetic-shop.local/search/syn-0016,,,,raw_html,,6aaaa34afea987ff2892a283fdcf55027100a705398dd66992d3b3af33ae7b62,6aaaa34afea987ff2892a283fdcf55027100a705398dd66992d3b3af33ae7b62,html/syn-0016__field_reorder__01.html,syn-0016,table_listing,html/syn-0016__field_reorder__01.html,electronics,synthetic-v2-12to30,field_reorder,syn-0016__field_reorder__01,14,syn-0016__field_reorder__01,https://synthetic-shop.local/search/syn-0016,6aaaa34afea987ff2892a283fdcf55027100a705398dd66992d3b3af33ae7b62,synthetic-shop.local,1,synthetic-shop.local,run-none157,,,partial_validation,,,,0,,8,,partial_validation,,,,True,True,,,,True,True,1,0,,,14,0,0,1.0,0.0,0.0,0,1,0,0,0,1.0,0.5714285714285714,0.7272727272727273,1.0,0.5714285714285714,0.7272727272727273,1.0,0.5714285714285714,0.7272727272727273
20261004T181609Z-2ba1b2f7,robustness,hybrid_original,syn-0016__field_reorder__02,html/syn-0016__field_reorder__02.html,,positive,True,14,8,8,6,0,1,8,0,6,8,0,6,8,0,6,robustness,html/syn-0016__field_reorder__02.html,syn-0016__field_reorder__02.html,run-none158,synthetic-shop.local,D:\Pet_Codes\science\article-price-tracker\synthetic\html\syn-0016__field_reorder__02.html,https://synthetic-shop.local/search/syn-0016,https://synthetic-shop.local/search/syn-0016,,,,raw_html,,aeb2ad5c552b0cc853efcba96f01116bef3556561949d5e6700d1df609a725e1,aeb2ad5c552b0cc853efcba96f01116bef3556561949d5e6700d1df609a725e1,html/syn-0016__field_reorder__02.html,syn-0016,table_listing,html/syn-0016__field_reorder__02.html,electronics,synthetic-v2-12to30,field_reorder,syn-0016__field_reorder__02,14,syn-0016__field_reorder__02,https://synthetic-shop.local/search/syn-0016,aeb2ad5c552b0cc853efcba96f01116bef3556561949d5e6700d1df609a725e1,synthetic-shop.local,2,synthetic-shop.local,run-none158,,,partial_validation,,,,0,,8,,partial_validation,,,,True,True,,,,True,True,1,0,,,14,0,0,1.0,0.0,0.0,0,1,0,0,0,1.0,0.5714285714285714,0.7272727272727273,1.0,0.5714285714285714,0.7272727272727273,1.0,0.5714285714285714,0.7272727272727273
20261004T181609Z-2ba1b2f7,robustness,hybrid_original,syn-0016__subtree_relocate__01,html/syn-0016__subtree_relocate__01.html,,positive,True,14,8,8,6,0,1,8,0,6,8,0,6,8,0,6,robustness,html/syn-0016__subtree_relocate__01.html,syn-0016__subtree_relocate__01.html,run-none159,synthetic-shop.local,D:\Pet_Codes\science\article-price-tracker\synthetic\html\syn-0016__subtree_relocate__01.html,https://synthetic-shop.local/search/syn-0016,https://synthetic-shop.local/search/syn-0016,,,,raw_html,,3ebdef55f3ab6816407fe85ee33d5bde8cc37732305f7a9f962b89f84f274abb,3ebdef55f3ab6816407fe85ee33d5bde8cc37732305f7a9f962b89f84f274abb,html/syn-0016__subtree_relocate__01.html,syn-0016,table_listing,html/syn-0016__subtree_relocate__01.html,electronics,synthetic-v2-12to30,subtree_relocate,syn-0016__subtree_relocate__01,14,syn-0016__subtree_relocate__01,https://synthetic-shop.local/search/syn-0016,3ebdef55f3ab6816407fe85ee33d5bde8cc37732305f7a9f962b89f84f274abb,synthetic-shop.local,1,synthetic-shop.local,run-none159,,,partial_validation,,,,0,,8,,partial_validation,,,,True,True,,,,True,True,1,0,,,14,0,0,1.0,0.0,0.0,0,1,0,0,0,1.0,0.5714285714285714,0.7272727272727273,1.0,0.5714285714285714,0.7272727272727273,1.0,0.5714285714285714,0.7272727272727273
20261004T181609Z-2ba1b2f7,robustness,hybrid_original,syn-0016__subtree_relocate__02,html/syn-0016__subtree_relocate__02.html,,positive,True,14,8,8,6,0,1,8,0,6,8,0,6,8,0,6,robustness,html/syn-0016__subtree_relocate__02.html,syn-0016__subtree_relocate__02.html,run-none160,synthetic-shop.local,D:\Pet_Codes\science\article-price-tracker\synthetic\html\syn-0016__subtree_relocate__02.html,https://synthetic-shop.local/search/syn-0016,https://synthetic-shop.local/search/syn-0016,,,,raw_html,,a176c1a4d6cc92607d05a9443d289ce2fa7af38e86a5c8c6b285ec2781b36723,a176c1a4d6cc92607d05a9443d289ce2fa7af38e86a5c8c6b285ec2781b36723,html/syn-0016__subtree_relocate__02.html,syn-0016,table_listing,html/syn-0016__subtree_relocate__02.html,electronics,synthetic-v2-12to30,subtree_relocate,syn-0016__subtree_relocate__02,14,syn-0016__subtree_relocate__02,https://synthetic-shop.local/search/syn-0016,a176c1a4d6cc92607d05a9443d289ce2fa7af38e86a5c8c6b285ec2781b36723,synthetic-shop.local,2,synthetic-shop.local,run-none160,,,partial_validation,,,,0,,8,,partial_validation,,,,True,True,,,,True,True,1,0,,,14,0,0,1.0,0.0,0.0,0,1,0,0,0,1.0,0.5714285714285714,0.7272727272727273,1.0,0.5714285714285714,0.7272727272727273,1.0,0.5714285714285714,0.7272727272727273
20261004T181609Z-2ba1b2f7,robustness,hybrid_original,syn-0017__class_rename__01,html/syn-0017__class_rename__01.html,,positive,True,24,24,24,0,0,1,24,0,0,24,0,0,24,0,0,robustness,html/syn-0017__class_rename__01.html,syn-0017__class_rename__01.html,run-none161,synthetic-shop.local,D:\Pet_Codes\science\article-price-tracker\synthetic\html\syn-0017__class_rename__01.html,https://synthetic-shop.local/search/syn-0017,https://synthetic-shop.local/search/syn-0017,,,,raw_html,,1fbe79002090b831040a66ad6c10460b86b55b3062ab818bb1abeaa4d10c2fed,1fbe79002090b831040a66ad6c10460b86b55b3062ab818bb1abeaa4d10c2fed,html/syn-0017__class_rename__01.html,syn-0017,semantic_articles,html/syn-0017__class_rename__01.html,electronics,synthetic-v2-12to30,class_rename,syn-0017__class_rename__01,24,syn-0017__class_rename__01,https://synthetic-shop.local/search/syn-0017,1fbe79002090b831040a66ad6c10460b86b55b3062ab818bb1abeaa4d10c2fed,synthetic-shop.local,1,synthetic-shop.local,run-none161,,,ok,,,,24,,24,,,,,,False,False,,,,False,False,0,0,,,24,0,0,1.0,0.0,0.0,0,1,0,0,0,1.0,1.0,1.0,1.0,1.0,1.0,1.0,1.0,1.0
20261004T181609Z-2ba1b2f7,robustness,hybrid_original,syn-0017__class_rename__02,html/syn-0017__class_rename__02.html,,positive,True,24,24,24,0,0,1,24,0,0,24,0,0,24,0,0,robustness,html/syn-0017__class_rename__02.html,syn-0017__class_rename__02.html,run-none162,synthetic-shop.local,D:\Pet_Codes\science\article-price-tracker\synthetic\html\syn-0017__class_rename__02.html,https://synthetic-shop.local/search/syn-0017,https://synthetic-shop.local/search/syn-0017,,,,raw_html,,7f36d2f7e9d3d71603dd64cd9d6031a5ebc0ea02a91ffa7a3622512bdd8aa6bc,7f36d2f7e9d3d71603dd64cd9d6031a5ebc0ea02a91ffa7a3622512bdd8aa6bc,html/syn-0017__class_rename__02.html,syn-0017,semantic_articles,html/syn-0017__class_rename__02.html,electronics,synthetic-v2-12to30,class_rename,syn-0017__class_rename__02,24,syn-0017__class_rename__02,https://synthetic-shop.local/search/syn-0017,7f36d2f7e9d3d71603dd64cd9d6031a5ebc0ea02a91ffa7a3622512bdd8aa6bc,synthetic-shop.local,2,synthetic-shop.local,run-none162,,,ok,,,,24,,24,,,,,,False,False,,,,False,False,0,0,,,24,0,0,1.0,0.0,0.0,0,1,0,0,0,1.0,1.0,1.0,1.0,1.0,1.0,1.0,1.0,1.0
20261004T181609Z-2ba1b2f7,robustness,hybrid_original,syn-0017__class_rename__03,html/syn-0017__class_rename__03.html,,positive,True,24,24,24,0,0,1,24,0,0,24,0,0,24,0,0,robustness,html/syn-0017__class_rename__03.html,syn-0017__class_rename__03.html,run-none163,synthetic-shop.local,D:\Pet_Codes\science\article-price-tracker\synthetic\html\syn-0017__class_rename__03.html,https://synthetic-shop.local/search/syn-0017,https://synthetic-shop.local/search/syn-0017,,,,raw_html,,d808cf6c5a65b5b98bca86000c09fb74814ddd23eabe7b441ec138ab2ffe641f,d808cf6c5a65b5b98bca86000c09fb74814ddd23eabe7b441ec138ab2ffe641f,html/syn-0017__class_rename__03.html,syn-0017,semantic_articles,html/syn-0017__class_rename__03.html,electronics,synthetic-v2-12to30,class_rename,syn-0017__class_rename__03,24,syn-0017__class_rename__03,https://synthetic-shop.local/search/syn-0017,d808cf6c5a65b5b98bca86000c09fb74814ddd23eabe7b441ec138ab2ffe641f,synthetic-shop.local,3,synthetic-shop.local,run-none163,,,ok,,,,24,,24,,,,,,False,False,,,,False,False,0,0,,,24,0,0,1.0,0.0,0.0,0,1,0,0,0,1.0,1.0,1.0,1.0,1.0,1.0,1.0,1.0,1.0
20261004T181609Z-2ba1b2f7,robustness,hybrid_original,syn-0017__wrapper_insert__01,html/syn-0017__wrapper_insert__01.html,,positive,True,24,24,24,0,0,1,24,0,0,24,0,0,24,0,0,robustness,html/syn-0017__wrapper_insert__01.html,syn-0017__wrapper_insert__01.html,run-none164,synthetic-shop.local,D:\Pet_Codes\science\article-price-tracker\synthetic\html\syn-0017__wrapper_insert__01.html,https://synthetic-shop.local/search/syn-0017,https://synthetic-shop.local/search/syn-0017,,,,raw_html,,578d5f2c3087e824e92725f1cf43dc754007724d4b8128a0c5fa73343fdfad32,578d5f2c3087e824e92725f1cf43dc754007724d4b8128a0c5fa73343fdfad32,html/syn-0017__wrapper_insert__01.html,syn-0017,semantic_articles,html/syn-0017__wrapper_insert__01.html,electronics,synthetic-v2-12to30,wrapper_insert,syn-0017__wrapper_insert__01,24,syn-0017__wrapper_insert__01,https://synthetic-shop.local/search/syn-0017,578d5f2c3087e824e92725f1cf43dc754007724d4b8128a0c5fa73343fdfad32,synthetic-shop.local,1,synthetic-shop.local,run-none164,,,ok,,,,24,,24,,,,,,False,False,,,,False,False,0,0,,,24,0,0,1.0,0.0,0.0,0,1,0,0,0,1.0,1.0,1.0,1.0,1.0,1.0,1.0,1.0,1.0
20261004T181609Z-2ba1b2f7,robustness,hybrid_original,syn-0017__wrapper_insert__02,html/syn-0017__wrapper_insert__02.html,,positive,True,24,24,24,0,0,1,24,0,0,24,0,0,24,0,0,robustness,html/syn-0017__wrapper_insert__02.html,syn-0017__wrapper_insert__02.html,run-none165,synthetic-shop.local,D:\Pet_Codes\science\article-price-tracker\synthetic\html\syn-0017__wrapper_insert__02.html,https://synthetic-shop.local/search/syn-0017,https://synthetic-shop.local/search/syn-0017,,,,raw_html,,5519343bc486a8183b94075beabba250d841bf9cf25153926f26e35d42a5946b,5519343bc486a8183b94075beabba250d841bf9cf25153926f26e35d42a5946b,html/syn-0017__wrapper_insert__02.html,syn-0017,semantic_articles,html/syn-0017__wrapper_insert__02.html,electronics,synthetic-v2-12to30,wrapper_insert,syn-0017__wrapper_insert__02,24,syn-0017__wrapper_insert__02,https://synthetic-shop.local/search/syn-0017,5519343bc486a8183b94075beabba250d841bf9cf25153926f26e35d42a5946b,synthetic-shop.local,2,synthetic-shop.local,run-none165,,,ok,,,,24,,24,,,,,,False,False,,,,False,False,0,0,,,24,0,0,1.0,0.0,0.0,0,1,0,0,0,1.0,1.0,1.0,1.0,1.0,1.0,1.0,1.0,1.0
20261004T181609Z-2ba1b2f7,robustness,hybrid_original,syn-0017__wrapper_insert__03,html/syn-0017__wrapper_insert__03.html,,positive,True,24,24,24,0,0,1,24,0,0,24,0,0,24,0,0,robustness,html/syn-0017__wrapper_insert__03.html,syn-0017__wrapper_insert__03.html,run-none166,synthetic-shop.local,D:\Pet_Codes\science\article-price-tracker\synthetic\html\syn-0017__wrapper_insert__03.html,https://synthetic-shop.local/search/syn-0017,https://synthetic-shop.local/search/syn-0017,,,,raw_html,,80ea26797c4f07a3dd2a0434c18d10a3e373170e946d73b71f4e58a28de62060,80ea26797c4f07a3dd2a0434c18d10a3e373170e946d73b71f4e58a28de62060,html/syn-0017__wrapper_insert__03.html,syn-0017,semantic_articles,html/syn-0017__wrapper_insert__03.html,electronics,synthetic-v2-12to30,wrapper_insert,syn-0017__wrapper_insert__03,24,syn-0017__wrapper_insert__03,https://synthetic-shop.local/search/syn-0017,80ea26797c4f07a3dd2a0434c18d10a3e373170e946d73b71f4e58a28de62060,synthetic-shop.local,3,synthetic-shop.local,run-none166,,,ok,,,,24,,24,,,,,,False,False,,,,False,False,0,0,,,24,0,0,1.0,0.0,0.0,0,1,0,0,0,1.0,1.0,1.0,1.0,1.0,1.0,1.0,1.0,1.0
20261004T181609Z-2ba1b2f7,robustness,hybrid_original,syn-0017__field_reorder__01,html/syn-0017__field_reorder__01.html,,positive,True,24,24,24,0,0,1,24,0,0,24,0,0,24,0,0,robustness,html/syn-0017__field_reorder__01.html,syn-0017__field_reorder__01.html,run-none167,synthetic-shop.local,D:\Pet_Codes\science\article-price-tracker\synthetic\html\syn-0017__field_reorder__01.html,https://synthetic-shop.local/search/syn-0017,https://synthetic-shop.local/search/syn-0017,,,,raw_html,,466b531abd520fd0865c051c4069e46e58e1288bcd0c7569450810657af433db,466b531abd520fd0865c051c4069e46e58e1288bcd0c7569450810657af433db,html/syn-0017__field_reorder__01.html,syn-0017,semantic_articles,html/syn-0017__field_reorder__01.html,electronics,synthetic-v2-12to30,field_reorder,syn-0017__field_reorder__01,24,syn-0017__field_reorder__01,https://synthetic-shop.local/search/syn-0017,466b531abd520fd0865c051c4069e46e58e1288bcd0c7569450810657af433db,synthetic-shop.local,1,synthetic-shop.local,run-none167,,,ok,,,,24,,24,,,,,,False,False,,,,False,False,0,0,,,24,0,0,1.0,0.0,0.0,0,1,0,0,0,1.0,1.0,1.0,1.0,1.0,1.0,1.0,1.0,1.0
20261004T181609Z-2ba1b2f7,robustness,hybrid_original,syn-0017__field_reorder__02,html/syn-0017__field_reorder__02.html,,positive,True,24,24,24,0,0,1,24,0,0,24,0,0,24,0,0,robustness,html/syn-0017__field_reorder__02.html,syn-0017__field_reorder__02.html,run-none168,synthetic-shop.local,D:\Pet_Codes\science\article-price-tracker\synthetic\html\syn-0017__field_reorder__02.html,https://synthetic-shop.local/search/syn-0017,https://synthetic-shop.local/search/syn-0017,,,,raw_html,,54087b61d874b6792e61c0fd759a81d9ebb587a7cf1531b266703e27a0c5a77f,54087b61d874b6792e61c0fd759a81d9ebb587a7cf1531b266703e27a0c5a77f,html/syn-0017__field_reorder__02.html,syn-0017,semantic_articles,html/syn-0017__field_reorder__02.html,electronics,synthetic-v2-12to30,field_reorder,syn-0017__field_reorder__02,24,syn-0017__field_reorder__02,https://synthetic-shop.local/search/syn-0017,54087b61d874b6792e61c0fd759a81d9ebb587a7cf1531b266703e27a0c5a77f,synthetic-shop.local,2,synthetic-shop.local,run-none168,,,ok,,,,24,,24,,,,,,False,False,,,,False,False,0,0,,,24,0,0,1.0,0.0,0.0,0,1,0,0,0,1.0,1.0,1.0,1.0,1.0,1.0,1.0,1.0,1.0
20261004T181609Z-2ba1b2f7,robustness,hybrid_original,syn-0017__subtree_relocate__01,html/syn-0017__subtree_relocate__01.html,,positive,True,24,24,24,0,0,1,24,0,0,24,0,0,24,0,0,robustness,html/syn-0017__subtree_relocate__01.html,syn-0017__subtree_relocate__01.html,run-none169,synthetic-shop.local,D:\Pet_Codes\science\article-price-tracker\synthetic\html\syn-0017__subtree_relocate__01.html,https://synthetic-shop.local/search/syn-0017,https://synthetic-shop.local/search/syn-0017,,,,raw_html,,1bfedbd8f752243e83347cc9b093015c85a40550d84736f00c2853bf4410debd,1bfedbd8f752243e83347cc9b093015c85a40550d84736f00c2853bf4410debd,html/syn-0017__subtree_relocate__01.html,syn-0017,semantic_articles,html/syn-0017__subtree_relocate__01.html,electronics,synthetic-v2-12to30,subtree_relocate,syn-0017__subtree_relocate__01,24,syn-0017__subtree_relocate__01,https://synthetic-shop.local/search/syn-0017,1bfedbd8f752243e83347cc9b093015c85a40550d84736f00c2853bf4410debd,synthetic-shop.local,1,synthetic-shop.local,run-none169,,,ok,,,,24,,24,,,,,,False,False,,,,False,False,0,0,,,24,0,0,1.0,0.0,0.0,0,1,0,0,0,1.0,1.0,1.0,1.0,1.0,1.0,1.0,1.0,1.0
20261004T181609Z-2ba1b2f7,robustness,hybrid_original,syn-0017__subtree_relocate__02,html/syn-0017__subtree_relocate__02.html,,positive,True,24,24,24,0,0,1,24,0,0,24,0,0,24,0,0,robustness,html/syn-0017__subtree_relocate__02.html,syn-0017__subtree_relocate__02.html,run-none170,synthetic-shop.local,D:\Pet_Codes\science\article-price-tracker\synthetic\html\syn-0017__subtree_relocate__02.html,https://synthetic-shop.local/search/syn-0017,https://synthetic-shop.local/search/syn-0017,,,,raw_html,,d8c2716cc74f137bb77c9cfc9017adc9d06c093e8493c66f8f9d84ba05331adc,d8c2716cc74f137bb77c9cfc9017adc9d06c093e8493c66f8f9d84ba05331adc,html/syn-0017__subtree_relocate__02.html,syn-0017,semantic_articles,html/syn-0017__subtree_relocate__02.html,electronics,synthetic-v2-12to30,subtree_relocate,syn-0017__subtree_relocate__02,24,syn-0017__subtree_relocate__02,https://synthetic-shop.local/search/syn-0017,d8c2716cc74f137bb77c9cfc9017adc9d06c093e8493c66f8f9d84ba05331adc,synthetic-shop.local,2,synthetic-shop.local,run-none170,,,ok,,,,24,,24,,,,,,False,False,,,,False,False,0,0,,,24,0,0,1.0,0.0,0.0,0,1,0,0,0,1.0,1.0,1.0,1.0,1.0,1.0,1.0,1.0,1.0
20261004T181609Z-2ba1b2f7,robustness,hybrid_original,syn-0018__class_rename__01,html/syn-0018__class_rename__01.html,,positive,True,18,8,8,10,0,1,8,0,10,8,0,10,8,0,10,robustness,html/syn-0018__class_rename__01.html,syn-0018__class_rename__01.html,run-none171,synthetic-shop.local,D:\Pet_Codes\science\article-price-tracker\synthetic\html\syn-0018__class_rename__01.html,https://synthetic-shop.local/search/syn-0018,https://synthetic-shop.local/search/syn-0018,,,,raw_html,,fd34a016d21f4f014d6cb90ccca49ed811629918d44046d341609ef12f42dc94,fd34a016d21f4f014d6cb90ccca49ed811629918d44046d341609ef12f42dc94,html/syn-0018__class_rename__01.html,syn-0018,data_attrs,html/syn-0018__class_rename__01.html,electronics,synthetic-v2-12to30,class_rename,syn-0018__class_rename__01,18,syn-0018__class_rename__01,https://synthetic-shop.local/search/syn-0018,fd34a016d21f4f014d6cb90ccca49ed811629918d44046d341609ef12f42dc94,synthetic-shop.local,1,synthetic-shop.local,run-none171,,,partial_validation,,,,0,,8,,partial_validation,,,,True,True,,,,True,True,1,0,,,18,0,0,1.0,0.0,0.0,0,1,0,0,0,1.0,0.4444444444444444,0.6153846153846153,1.0,0.4444444444444444,0.6153846153846153,1.0,0.4444444444444444,0.6153846153846153
20261004T181609Z-2ba1b2f7,robustness,hybrid_original,syn-0018__class_rename__02,html/syn-0018__class_rename__02.html,,positive,True,18,8,8,10,0,1,8,0,10,8,0,10,8,0,10,robustness,html/syn-0018__class_rename__02.html,syn-0018__class_rename__02.html,run-none172,synthetic-shop.local,D:\Pet_Codes\science\article-price-tracker\synthetic\html\syn-0018__class_rename__02.html,https://synthetic-shop.local/search/syn-0018,https://synthetic-shop.local/search/syn-0018,,,,raw_html,,495278fc618fcf1fbfb8cd4d055f5a25d20dc8398b3090704e9b4a99b9746fbc,495278fc618fcf1fbfb8cd4d055f5a25d20dc8398b3090704e9b4a99b9746fbc,html/syn-0018__class_rename__02.html,syn-0018,data_attrs,html/syn-0018__class_rename__02.html,electronics,synthetic-v2-12to30,class_rename,syn-0018__class_rename__02,18,syn-0018__class_rename__02,https://synthetic-shop.local/search/syn-0018,495278fc618fcf1fbfb8cd4d055f5a25d20dc8398b3090704e9b4a99b9746fbc,synthetic-shop.local,2,synthetic-shop.local,run-none172,,,partial_validation,,,,0,,8,,partial_validation,,,,True,True,,,,True,True,1,0,,,18,0,0,1.0,0.0,0.0,0,1,0,0,0,1.0,0.4444444444444444,0.6153846153846153,1.0,0.4444444444444444,0.6153846153846153,1.0,0.4444444444444444,0.6153846153846153
20261004T181609Z-2ba1b2f7,robustness,hybrid_original,syn-0018__class_rename__03,html/syn-0018__class_rename__03.html,,positive,True,18,8,8,10,0,1,8,0,10,8,0,10,8,0,10,robustness,html/syn-0018__class_rename__03.html,syn-0018__class_rename__03.html,run-none173,synthetic-shop.local,D:\Pet_Codes\science\article-price-tracker\synthetic\html\syn-0018__class_rename__03.html,https://synthetic-shop.local/search/syn-0018,https://synthetic-shop.local/search/syn-0018,,,,raw_html,,9c17ef284d58c197c92af49a392e8bbc9d7eb25508b8e7b95c059209bdaf010e,9c17ef284d58c197c92af49a392e8bbc9d7eb25508b8e7b95c059209bdaf010e,html/syn-0018__class_rename__03.html,syn-0018,data_attrs,html/syn-0018__class_rename__03.html,electronics,synthetic-v2-12to30,class_rename,syn-0018__class_rename__03,18,syn-0018__class_rename__03,https://synthetic-shop.local/search/syn-0018,9c17ef284d58c197c92af49a392e8bbc9d7eb25508b8e7b95c059209bdaf010e,synthetic-shop.local,3,synthetic-shop.local,run-none173,,,partial_validation,,,,0,,8,,partial_validation,,,,True,True,,,,True,True,1,0,,,18,0,0,1.0,0.0,0.0,0,1,0,0,0,1.0,0.4444444444444444,0.6153846153846153,1.0,0.4444444444444444,0.6153846153846153,1.0,0.4444444444444444,0.6153846153846153
20261004T181609Z-2ba1b2f7,robustness,hybrid_original,syn-0018__wrapper_insert__01,html/syn-0018__wrapper_insert__01.html,,positive,True,18,8,8,10,0,1,8,0,10,8,0,10,8,0,10,robustness,html/syn-0018__wrapper_insert__01.html,syn-0018__wrapper_insert__01.html,run-none174,synthetic-shop.local,D:\Pet_Codes\science\article-price-tracker\synthetic\html\syn-0018__wrapper_insert__01.html,https://synthetic-shop.local/search/syn-0018,https://synthetic-shop.local/search/syn-0018,,,,raw_html,,dd45725e2f35d2a7c0cf792de965d829173f0eace13e37df97472e601fa4c786,dd45725e2f35d2a7c0cf792de965d829173f0eace13e37df97472e601fa4c786,html/syn-0018__wrapper_insert__01.html,syn-0018,data_attrs,html/syn-0018__wrapper_insert__01.html,electronics,synthetic-v2-12to30,wrapper_insert,syn-0018__wrapper_insert__01,18,syn-0018__wrapper_insert__01,https://synthetic-shop.local/search/syn-0018,dd45725e2f35d2a7c0cf792de965d829173f0eace13e37df97472e601fa4c786,synthetic-shop.local,1,synthetic-shop.local,run-none174,,,partial_validation,,,,0,,8,,partial_validation,,,,True,True,,,,True,True,1,0,,,18,0,0,1.0,0.0,0.0,0,1,0,0,0,1.0,0.4444444444444444,0.6153846153846153,1.0,0.4444444444444444,0.6153846153846153,1.0,0.4444444444444444,0.6153846153846153
20261004T181609Z-2ba1b2f7,robustness,hybrid_original,syn-0018__wrapper_insert__02,html/syn-0018__wrapper_insert__02.html,,positive,True,18,8,8,10,0,1,8,0,10,8,0,10,8,0,10,robustness,html/syn-0018__wrapper_insert__02.html,syn-0018__wrapper_insert__02.html,run-none175,synthetic-shop.local,D:\Pet_Codes\science\article-price-tracker\synthetic\html\syn-0018__wrapper_insert__02.html,https://synthetic-shop.local/search/syn-0018,https://synthetic-shop.local/search/syn-0018,,,,raw_html,,06978b2bee1207b3a28fc47e01cb96ee6ce39664b8e525c4eb500e11c958c90b,06978b2bee1207b3a28fc47e01cb96ee6ce39664b8e525c4eb500e11c958c90b,html/syn-0018__wrapper_insert__02.html,syn-0018,data_attrs,html/syn-0018__wrapper_insert__02.html,electronics,synthetic-v2-12to30,wrapper_insert,syn-0018__wrapper_insert__02,18,syn-0018__wrapper_insert__02,https://synthetic-shop.local/search/syn-0018,06978b2bee1207b3a28fc47e01cb96ee6ce39664b8e525c4eb500e11c958c90b,synthetic-shop.local,2,synthetic-shop.local,run-none175,,,partial_validation,,,,0,,8,,partial_validation,,,,True,True,,,,True,True,1,0,,,18,0,0,1.0,0.0,0.0,0,1,0,0,0,1.0,0.4444444444444444,0.6153846153846153,1.0,0.4444444444444444,0.6153846153846153,1.0,0.4444444444444444,0.6153846153846153
20261004T181609Z-2ba1b2f7,robustness,hybrid_original,syn-0018__wrapper_insert__03,html/syn-0018__wrapper_insert__03.html,,positive,True,18,8,8,10,0,1,8,0,10,8,0,10,8,0,10,robustness,html/syn-0018__wrapper_insert__03.html,syn-0018__wrapper_insert__03.html,run-none176,synthetic-shop.local,D:\Pet_Codes\science\article-price-tracker\synthetic\html\syn-0018__wrapper_insert__03.html,https://synthetic-shop.local/search/syn-0018,https://synthetic-shop.local/search/syn-0018,,,,raw_html,,cf2161d03f69f323d85c1a1961be1ad06882a160ce5ced31be84b8645be4ee62,cf2161d03f69f323d85c1a1961be1ad06882a160ce5ced31be84b8645be4ee62,html/syn-0018__wrapper_insert__03.html,syn-0018,data_attrs,html/syn-0018__wrapper_insert__03.html,electronics,synthetic-v2-12to30,wrapper_insert,syn-0018__wrapper_insert__03,18,syn-0018__wrapper_insert__03,https://synthetic-shop.local/search/syn-0018,cf2161d03f69f323d85c1a1961be1ad06882a160ce5ced31be84b8645be4ee62,synthetic-shop.local,3,synthetic-shop.local,run-none176,,,partial_validation,,,,0,,8,,partial_validation,,,,True,True,,,,True,True,1,0,,,18,0,0,1.0,0.0,0.0,0,1,0,0,0,1.0,0.4444444444444444,0.6153846153846153,1.0,0.4444444444444444,0.6153846153846153,1.0,0.4444444444444444,0.6153846153846153
20261004T181609Z-2ba1b2f7,robustness,hybrid_original,syn-0018__field_reorder__01,html/syn-0018__field_reorder__01.html,,positive,True,18,8,8,10,0,1,8,0,10,8,0,10,8,0,10,robustness,html/syn-0018__field_reorder__01.html,syn-0018__field_reorder__01.html,run-none177,synthetic-shop.local,D:\Pet_Codes\science\article-price-tracker\synthetic\html\syn-0018__field_reorder__01.html,https://synthetic-shop.local/search/syn-0018,https://synthetic-shop.local/search/syn-0018,,,,raw_html,,809e5ea2b9c41d1334c52406fc030f91b5a564f1e60180ed71266bb16b9073e3,809e5ea2b9c41d1334c52406fc030f91b5a564f1e60180ed71266bb16b9073e3,html/syn-0018__field_reorder__01.html,syn-0018,data_attrs,html/syn-0018__field_reorder__01.html,electronics,synthetic-v2-12to30,field_reorder,syn-0018__field_reorder__01,18,syn-0018__field_reorder__01,https://synthetic-shop.local/search/syn-0018,809e5ea2b9c41d1334c52406fc030f91b5a564f1e60180ed71266bb16b9073e3,synthetic-shop.local,1,synthetic-shop.local,run-none177,,,partial_validation,,,,0,,8,,partial_validation,,,,True,True,,,,True,True,1,0,,,18,0,0,1.0,0.0,0.0,0,1,0,0,0,1.0,0.4444444444444444,0.6153846153846153,1.0,0.4444444444444444,0.6153846153846153,1.0,0.4444444444444444,0.6153846153846153
20261004T181609Z-2ba1b2f7,robustness,hybrid_original,syn-0018__field_reorder__02,html/syn-0018__field_reorder__02.html,,positive,True,18,8,8,10,0,1,8,0,10,8,0,10,8,0,10,robustness,html/syn-0018__field_reorder__02.html,syn-0018__field_reorder__02.html,run-none178,synthetic-shop.local,D:\Pet_Codes\science\article-price-tracker\synthetic\html\syn-0018__field_reorder__02.html,https://synthetic-shop.local/search/syn-0018,https://synthetic-shop.local/search/syn-0018,,,,raw_html,,8628c137d38a132ba7bec3bd959af11c3344817ad5c100f6d34db52d28624aa0,8628c137d38a132ba7bec3bd959af11c3344817ad5c100f6d34db52d28624aa0,html/syn-0018__field_reorder__02.html,syn-0018,data_attrs,html/syn-0018__field_reorder__02.html,electronics,synthetic-v2-12to30,field_reorder,syn-0018__field_reorder__02,18,syn-0018__field_reorder__02,https://synthetic-shop.local/search/syn-0018,8628c137d38a132ba7bec3bd959af11c3344817ad5c100f6d34db52d28624aa0,synthetic-shop.local,2,synthetic-shop.local,run-none178,,,partial_validation,,,,0,,8,,partial_validation,,,,True,True,,,,True,True,1,0,,,18,0,0,1.0,0.0,0.0,0,1,0,0,0,1.0,0.4444444444444444,0.6153846153846153,1.0,0.4444444444444444,0.6153846153846153,1.0,0.4444444444444444,0.6153846153846153
20261004T181609Z-2ba1b2f7,robustness,hybrid_original,syn-0018__subtree_relocate__01,html/syn-0018__subtree_relocate__01.html,,positive,True,18,8,8,10,0,1,8,0,10,8,0,10,8,0,10,robustness,html/syn-0018__subtree_relocate__01.html,syn-0018__subtree_relocate__01.html,run-none179,synthetic-shop.local,D:\Pet_Codes\science\article-price-tracker\synthetic\html\syn-0018__subtree_relocate__01.html,https://synthetic-shop.local/search/syn-0018,https://synthetic-shop.local/search/syn-0018,,,,raw_html,,0570ff2ba3d724e2f0aba760fd3e041b655778ff049ce282237e4e8042cadccd,0570ff2ba3d724e2f0aba760fd3e041b655778ff049ce282237e4e8042cadccd,html/syn-0018__subtree_relocate__01.html,syn-0018,data_attrs,html/syn-0018__subtree_relocate__01.html,electronics,synthetic-v2-12to30,subtree_relocate,syn-0018__subtree_relocate__01,18,syn-0018__subtree_relocate__01,https://synthetic-shop.local/search/syn-0018,0570ff2ba3d724e2f0aba760fd3e041b655778ff049ce282237e4e8042cadccd,synthetic-shop.local,1,synthetic-shop.local,run-none179,,,partial_validation,,,,0,,8,,partial_validation,,,,True,True,,,,True,True,1,0,,,18,0,0,1.0,0.0,0.0,0,1,0,0,0,1.0,0.4444444444444444,0.6153846153846153,1.0,0.4444444444444444,0.6153846153846153,1.0,0.4444444444444444,0.6153846153846153
20261004T181609Z-2ba1b2f7,robustness,hybrid_original,syn-0018__subtree_relocate__02,html/syn-0018__subtree_relocate__02.html,,positive,True,18,8,8,10,0,1,8,0,10,8,0,10,8,0,10,robustness,html/syn-0018__subtree_relocate__02.html,syn-0018__subtree_relocate__02.html,run-none180,synthetic-shop.local,D:\Pet_Codes\science\article-price-tracker\synthetic\html\syn-0018__subtree_relocate__02.html,https://synthetic-shop.local/search/syn-0018,https://synthetic-shop.local/search/syn-0018,,,,raw_html,,7e748bb3344cf9899f93bd50b3985789fec559883589675e4f92449f4cb41cd0,7e748bb3344cf9899f93bd50b3985789fec559883589675e4f92449f4cb41cd0,html/syn-0018__subtree_relocate__02.html,syn-0018,data_attrs,html/syn-0018__subtree_relocate__02.html,electronics,synthetic-v2-12to30,subtree_relocate,syn-0018__subtree_relocate__02,18,syn-0018__subtree_relocate__02,https://synthetic-shop.local/search/syn-0018,7e748bb3344cf9899f93bd50b3985789fec559883589675e4f92449f4cb41cd0,synthetic-shop.local,2,synthetic-shop.local,run-none180,,,partial_validation,,,,0,,8,,partial_validation,,,,True,True,,,,True,True,1,0,,,18,0,0,1.0,0.0,0.0,0,1,0,0,0,1.0,0.4444444444444444,0.6153846153846153,1.0,0.4444444444444444,0.6153846153846153,1.0,0.4444444444444444,0.6153846153846153
20261004T181609Z-2ba1b2f7,robustness,hybrid_original,syn-0019__class_rename__01,html/syn-0019__class_rename__01.html,,positive,True,22,8,8,14,0,1,8,0,14,8,0,14,8,0,14,robustness,html/syn-0019__class_rename__01.html,syn-0019__class_rename__01.html,run-none181,synthetic-shop.local,D:\Pet_Codes\science\article-price-tracker\synthetic\html\syn-0019__class_rename__01.html,https://synthetic-shop.local/search/syn-0019,https://synthetic-shop.local/search/syn-0019,,,,raw_html,,d642f0b82b4b1c67a0e329370f650c0f559aef23963dad59e48a4e223bace835,d642f0b82b4b1c67a0e329370f650c0f559aef23963dad59e48a4e223bace835,html/syn-0019__class_rename__01.html,syn-0019,nested_cards,html/syn-0019__class_rename__01.html,other,synthetic-v2-12to30,class_rename,syn-0019__class_rename__01,22,syn-0019__class_rename__01,https://synthetic-shop.local/search/syn-0019,d642f0b82b4b1c67a0e329370f650c0f559aef23963dad59e48a4e223bace835,synthetic-shop.local,1,synthetic-shop.local,run-none181,,,partial_validation,,,,0,,8,,partial_validation,,,,True,True,,,,True,True,1,0,,,22,0,0,1.0,0.0,0.0,0,1,0,0,0,1.0,0.36363636363636365,0.5333333333333333,1.0,0.36363636363636365,0.5333333333333333,1.0,0.36363636363636365,0.5333333333333333
20261004T181609Z-2ba1b2f7,robustness,hybrid_original,syn-0019__class_rename__02,html/syn-0019__class_rename__02.html,,positive,True,22,8,8,14,0,1,8,0,14,8,0,14,8,0,14,robustness,html/syn-0019__class_rename__02.html,syn-0019__class_rename__02.html,run-none182,synthetic-shop.local,D:\Pet_Codes\science\article-price-tracker\synthetic\html\syn-0019__class_rename__02.html,https://synthetic-shop.local/search/syn-0019,https://synthetic-shop.local/search/syn-0019,,,,raw_html,,0fd15c9f4ced06e2aa460032d9313745d3b66bc00e6d03560982801693e31dff,0fd15c9f4ced06e2aa460032d9313745d3b66bc00e6d03560982801693e31dff,html/syn-0019__class_rename__02.html,syn-0019,nested_cards,html/syn-0019__class_rename__02.html,other,synthetic-v2-12to30,class_rename,syn-0019__class_rename__02,22,syn-0019__class_rename__02,https://synthetic-shop.local/search/syn-0019,0fd15c9f4ced06e2aa460032d9313745d3b66bc00e6d03560982801693e31dff,synthetic-shop.local,2,synthetic-shop.local,run-none182,,,partial_validation,,,,0,,8,,partial_validation,,,,True,True,,,,True,True,1,0,,,22,0,0,1.0,0.0,0.0,0,1,0,0,0,1.0,0.36363636363636365,0.5333333333333333,1.0,0.36363636363636365,0.5333333333333333,1.0,0.36363636363636365,0.5333333333333333
20261004T181609Z-2ba1b2f7,robustness,hybrid_original,syn-0019__class_rename__03,html/syn-0019__class_rename__03.html,,positive,True,22,8,8,14,0,1,8,0,14,8,0,14,8,0,14,robustness,html/syn-0019__class_rename__03.html,syn-0019__class_rename__03.html,run-none183,synthetic-shop.local,D:\Pet_Codes\science\article-price-tracker\synthetic\html\syn-0019__class_rename__03.html,https://synthetic-shop.local/search/syn-0019,https://synthetic-shop.local/search/syn-0019,,,,raw_html,,50513b73018f05979fd913f8f1abd327cef7535c7ae58e3520c28b35139ca593,50513b73018f05979fd913f8f1abd327cef7535c7ae58e3520c28b35139ca593,html/syn-0019__class_rename__03.html,syn-0019,nested_cards,html/syn-0019__class_rename__03.html,other,synthetic-v2-12to30,class_rename,syn-0019__class_rename__03,22,syn-0019__class_rename__03,https://synthetic-shop.local/search/syn-0019,50513b73018f05979fd913f8f1abd327cef7535c7ae58e3520c28b35139ca593,synthetic-shop.local,3,synthetic-shop.local,run-none183,,,partial_validation,,,,0,,8,,partial_validation,,,,True,True,,,,True,True,1,0,,,22,0,0,1.0,0.0,0.0,0,1,0,0,0,1.0,0.36363636363636365,0.5333333333333333,1.0,0.36363636363636365,0.5333333333333333,1.0,0.36363636363636365,0.5333333333333333
20261004T181609Z-2ba1b2f7,robustness,hybrid_original,syn-0019__wrapper_insert__01,html/syn-0019__wrapper_insert__01.html,,positive,True,22,8,8,14,0,1,8,0,14,8,0,14,8,0,14,robustness,html/syn-0019__wrapper_insert__01.html,syn-0019__wrapper_insert__01.html,run-none184,synthetic-shop.local,D:\Pet_Codes\science\article-price-tracker\synthetic\html\syn-0019__wrapper_insert__01.html,https://synthetic-shop.local/search/syn-0019,https://synthetic-shop.local/search/syn-0019,,,,raw_html,,40e4fe9a0dea3141efb83ae03e9a1fe9c4187839e46b8d93629eec9020a9388d,40e4fe9a0dea3141efb83ae03e9a1fe9c4187839e46b8d93629eec9020a9388d,html/syn-0019__wrapper_insert__01.html,syn-0019,nested_cards,html/syn-0019__wrapper_insert__01.html,other,synthetic-v2-12to30,wrapper_insert,syn-0019__wrapper_insert__01,22,syn-0019__wrapper_insert__01,https://synthetic-shop.local/search/syn-0019,40e4fe9a0dea3141efb83ae03e9a1fe9c4187839e46b8d93629eec9020a9388d,synthetic-shop.local,1,synthetic-shop.local,run-none184,,,partial_validation,,,,0,,8,,partial_validation,,,,True,True,,,,True,True,1,0,,,22,0,0,1.0,0.0,0.0,0,1,0,0,0,1.0,0.36363636363636365,0.5333333333333333,1.0,0.36363636363636365,0.5333333333333333,1.0,0.36363636363636365,0.5333333333333333
20261004T181609Z-2ba1b2f7,robustness,hybrid_original,syn-0019__wrapper_insert__02,html/syn-0019__wrapper_insert__02.html,,positive,True,22,8,8,14,0,1,8,0,14,8,0,14,8,0,14,robustness,html/syn-0019__wrapper_insert__02.html,syn-0019__wrapper_insert__02.html,run-none185,synthetic-shop.local,D:\Pet_Codes\science\article-price-tracker\synthetic\html\syn-0019__wrapper_insert__02.html,https://synthetic-shop.local/search/syn-0019,https://synthetic-shop.local/search/syn-0019,,,,raw_html,,b2e127cd52eeefb80161572927dcb0ad967f2c8b337b6ff4fb9786b0966b8827,b2e127cd52eeefb80161572927dcb0ad967f2c8b337b6ff4fb9786b0966b8827,html/syn-0019__wrapper_insert__02.html,syn-0019,nested_cards,html/syn-0019__wrapper_insert__02.html,other,synthetic-v2-12to30,wrapper_insert,syn-0019__wrapper_insert__02,22,syn-0019__wrapper_insert__02,https://synthetic-shop.local/search/syn-0019,b2e127cd52eeefb80161572927dcb0ad967f2c8b337b6ff4fb9786b0966b8827,synthetic-shop.local,2,synthetic-shop.local,run-none185,,,partial_validation,,,,0,,8,,partial_validation,,,,True,True,,,,True,True,1,0,,,22,0,0,1.0,0.0,0.0,0,1,0,0,0,1.0,0.36363636363636365,0.5333333333333333,1.0,0.36363636363636365,0.5333333333333333,1.0,0.36363636363636365,0.5333333333333333
20261004T181609Z-2ba1b2f7,robustness,hybrid_original,syn-0019__wrapper_insert__03,html/syn-0019__wrapper_insert__03.html,,positive,True,22,8,8,14,0,1,8,0,14,8,0,14,8,0,14,robustness,html/syn-0019__wrapper_insert__03.html,syn-0019__wrapper_insert__03.html,run-none186,synthetic-shop.local,D:\Pet_Codes\science\article-price-tracker\synthetic\html\syn-0019__wrapper_insert__03.html,https://synthetic-shop.local/search/syn-0019,https://synthetic-shop.local/search/syn-0019,,,,raw_html,,0b060f6dbe7bdb2850e68e06f702c54d0add274cf75698dbd8a0f6dc439121d8,0b060f6dbe7bdb2850e68e06f702c54d0add274cf75698dbd8a0f6dc439121d8,html/syn-0019__wrapper_insert__03.html,syn-0019,nested_cards,html/syn-0019__wrapper_insert__03.html,other,synthetic-v2-12to30,wrapper_insert,syn-0019__wrapper_insert__03,22,syn-0019__wrapper_insert__03,https://synthetic-shop.local/search/syn-0019,0b060f6dbe7bdb2850e68e06f702c54d0add274cf75698dbd8a0f6dc439121d8,synthetic-shop.local,3,synthetic-shop.local,run-none186,,,partial_validation,,,,0,,8,,partial_validation,,,,True,True,,,,True,True,1,0,,,22,0,0,1.0,0.0,0.0,0,1,0,0,0,1.0,0.36363636363636365,0.5333333333333333,1.0,0.36363636363636365,0.5333333333333333,1.0,0.36363636363636365,0.5333333333333333
20261004T181609Z-2ba1b2f7,robustness,hybrid_original,syn-0019__field_reorder__01,html/syn-0019__field_reorder__01.html,,positive,True,22,8,8,14,0,1,8,0,14,8,0,14,8,0,14,robustness,html/syn-0019__field_reorder__01.html,syn-0019__field_reorder__01.html,run-none187,synthetic-shop.local,D:\Pet_Codes\science\article-price-tracker\synthetic\html\syn-0019__field_reorder__01.html,https://synthetic-shop.local/search/syn-0019,https://synthetic-shop.local/search/syn-0019,,,,raw_html,,707ca3d7c4647db8f157f65995a3097405151ebc9e723ae6ee49915c9439a46f,707ca3d7c4647db8f157f65995a3097405151ebc9e723ae6ee49915c9439a46f,html/syn-0019__field_reorder__01.html,syn-0019,nested_cards,html/syn-0019__field_reorder__01.html,other,synthetic-v2-12to30,field_reorder,syn-0019__field_reorder__01,22,syn-0019__field_reorder__01,https://synthetic-shop.local/search/syn-0019,707ca3d7c4647db8f157f65995a3097405151ebc9e723ae6ee49915c9439a46f,synthetic-shop.local,1,synthetic-shop.local,run-none187,,,partial_validation,,,,0,,8,,partial_validation,,,,True,True,,,,True,True,1,0,,,22,0,0,1.0,0.0,0.0,0,1,0,0,0,1.0,0.36363636363636365,0.5333333333333333,1.0,0.36363636363636365,0.5333333333333333,1.0,0.36363636363636365,0.5333333333333333
20261004T181609Z-2ba1b2f7,robustness,hybrid_original,syn-0019__field_reorder__02,html/syn-0019__field_reorder__02.html,,positive,True,22,8,8,14,0,1,8,0,14,8,0,14,8,0,14,robustness,html/syn-0019__field_reorder__02.html,syn-0019__field_reorder__02.html,run-none188,synthetic-shop.local,D:\Pet_Codes\science\article-price-tracker\synthetic\html\syn-0019__field_reorder__02.html,https://synthetic-shop.local/search/syn-0019,https://synthetic-shop.local/search/syn-0019,,,,raw_html,,038dbb40e0fd63c5861ceae4884cff1d0f5bebeba0ce6a5deffe53a72a7ac90b,038dbb40e0fd63c5861ceae4884cff1d0f5bebeba0ce6a5deffe53a72a7ac90b,html/syn-0019__field_reorder__02.html,syn-0019,nested_cards,html/syn-0019__field_reorder__02.html,other,synthetic-v2-12to30,field_reorder,syn-0019__field_reorder__02,22,syn-0019__field_reorder__02,https://synthetic-shop.local/search/syn-0019,038dbb40e0fd63c5861ceae4884cff1d0f5bebeba0ce6a5deffe53a72a7ac90b,synthetic-shop.local,2,synthetic-shop.local,run-none188,,,partial_validation,,,,0,,8,,partial_validation,,,,True,True,,,,True,True,1,0,,,22,0,0,1.0,0.0,0.0,0,1,0,0,0,1.0,0.36363636363636365,0.5333333333333333,1.0,0.36363636363636365,0.5333333333333333,1.0,0.36363636363636365,0.5333333333333333
20261004T181609Z-2ba1b2f7,robustness,hybrid_original,syn-0019__subtree_relocate__01,html/syn-0019__subtree_relocate__01.html,,positive,True,22,8,8,14,0,1,8,0,14,8,0,14,8,0,14,robustness,html/syn-0019__subtree_relocate__01.html,syn-0019__subtree_relocate__01.html,run-none189,synthetic-shop.local,D:\Pet_Codes\science\article-price-tracker\synthetic\html\syn-0019__subtree_relocate__01.html,https://synthetic-shop.local/search/syn-0019,https://synthetic-shop.local/search/syn-0019,,,,raw_html,,5068fb0b0c19136557a18ad52ff27ba383bad4c41e9a6b13877cb1c869da369d,5068fb0b0c19136557a18ad52ff27ba383bad4c41e9a6b13877cb1c869da369d,html/syn-0019__subtree_relocate__01.html,syn-0019,nested_cards,html/syn-0019__subtree_relocate__01.html,other,synthetic-v2-12to30,subtree_relocate,syn-0019__subtree_relocate__01,22,syn-0019__subtree_relocate__01,https://synthetic-shop.local/search/syn-0019,5068fb0b0c19136557a18ad52ff27ba383bad4c41e9a6b13877cb1c869da369d,synthetic-shop.local,1,synthetic-shop.local,run-none189,,,partial_validation,,,,0,,8,,partial_validation,,,,True,True,,,,True,True,1,0,,,22,0,0,1.0,0.0,0.0,0,1,0,0,0,1.0,0.36363636363636365,0.5333333333333333,1.0,0.36363636363636365,0.5333333333333333,1.0,0.36363636363636365,0.5333333333333333
20261004T181609Z-2ba1b2f7,robustness,hybrid_original,syn-0019__subtree_relocate__02,html/syn-0019__subtree_relocate__02.html,,positive,True,22,8,8,14,0,1,8,0,14,8,0,14,8,0,14,robustness,html/syn-0019__subtree_relocate__02.html,syn-0019__subtree_relocate__02.html,run-none190,synthetic-shop.local,D:\Pet_Codes\science\article-price-tracker\synthetic\html\syn-0019__subtree_relocate__02.html,https://synthetic-shop.local/search/syn-0019,https://synthetic-shop.local/search/syn-0019,,,,raw_html,,1380fa25a9da51fed1ba0e1b894f5864474b57fdecb3d1d70f0919d371196b76,1380fa25a9da51fed1ba0e1b894f5864474b57fdecb3d1d70f0919d371196b76,html/syn-0019__subtree_relocate__02.html,syn-0019,nested_cards,html/syn-0019__subtree_relocate__02.html,other,synthetic-v2-12to30,subtree_relocate,syn-0019__subtree_relocate__02,22,syn-0019__subtree_relocate__02,https://synthetic-shop.local/search/syn-0019,1380fa25a9da51fed1ba0e1b894f5864474b57fdecb3d1d70f0919d371196b76,synthetic-shop.local,2,synthetic-shop.local,run-none190,,,partial_validation,,,,0,,8,,partial_validation,,,,True,True,,,,True,True,1,0,,,22,0,0,1.0,0.0,0.0,0,1,0,0,0,1.0,0.36363636363636365,0.5333333333333333,1.0,0.36363636363636365,0.5333333333333333,1.0,0.36363636363636365,0.5333333333333333
20261004T181609Z-2ba1b2f7,robustness,hybrid_original,syn-0020__class_rename__01,html/syn-0020__class_rename__01.html,,positive,True,20,20,20,0,0,1,20,0,0,20,0,0,20,0,0,robustness,html/syn-0020__class_rename__01.html,syn-0020__class_rename__01.html,run-none191,synthetic-shop.local,D:\Pet_Codes\science\article-price-tracker\synthetic\html\syn-0020__class_rename__01.html,https://synthetic-shop.local/search/syn-0020,https://synthetic-shop.local/search/syn-0020,,,,raw_html,,80d25629cc030dac0657c1d9ce23c36b9455851ffbbf7fcfd61934039d51b1f6,80d25629cc030dac0657c1d9ce23c36b9455851ffbbf7fcfd61934039d51b1f6,html/syn-0020__class_rename__01.html,syn-0020,mixed_markup,html/syn-0020__class_rename__01.html,other,synthetic-v2-12to30,class_rename,syn-0020__class_rename__01,20,syn-0020__class_rename__01,https://synthetic-shop.local/search/syn-0020,80d25629cc030dac0657c1d9ce23c36b9455851ffbbf7fcfd61934039d51b1f6,synthetic-shop.local,1,synthetic-shop.local,run-none191,,,ok,,,,20,,20,,,,,,False,False,,,,False,False,0,0,,,20,0,0,1.0,0.0,0.0,0,1,0,0,0,1.0,1.0,1.0,1.0,1.0,1.0,1.0,1.0,1.0
20261004T181609Z-2ba1b2f7,robustness,hybrid_original,syn-0020__class_rename__02,html/syn-0020__class_rename__02.html,,positive,True,20,20,20,0,0,1,20,0,0,20,0,0,20,0,0,robustness,html/syn-0020__class_rename__02.html,syn-0020__class_rename__02.html,run-none192,synthetic-shop.local,D:\Pet_Codes\science\article-price-tracker\synthetic\html\syn-0020__class_rename__02.html,https://synthetic-shop.local/search/syn-0020,https://synthetic-shop.local/search/syn-0020,,,,raw_html,,f91112d05317915be7409d9a6d76289102612c5bedfa302f9125565de125840e,f91112d05317915be7409d9a6d76289102612c5bedfa302f9125565de125840e,html/syn-0020__class_rename__02.html,syn-0020,mixed_markup,html/syn-0020__class_rename__02.html,other,synthetic-v2-12to30,class_rename,syn-0020__class_rename__02,20,syn-0020__class_rename__02,https://synthetic-shop.local/search/syn-0020,f91112d05317915be7409d9a6d76289102612c5bedfa302f9125565de125840e,synthetic-shop.local,2,synthetic-shop.local,run-none192,,,ok,,,,20,,20,,,,,,False,False,,,,False,False,0,0,,,20,0,0,1.0,0.0,0.0,0,1,0,0,0,1.0,1.0,1.0,1.0,1.0,1.0,1.0,1.0,1.0
20261004T181609Z-2ba1b2f7,robustness,hybrid_original,syn-0020__class_rename__03,html/syn-0020__class_rename__03.html,,positive,True,20,20,20,0,0,1,20,0,0,20,0,0,20,0,0,robustness,html/syn-0020__class_rename__03.html,syn-0020__class_rename__03.html,run-none193,synthetic-shop.local,D:\Pet_Codes\science\article-price-tracker\synthetic\html\syn-0020__class_rename__03.html,https://synthetic-shop.local/search/syn-0020,https://synthetic-shop.local/search/syn-0020,,,,raw_html,,11d162f04cb5d363703d98d79077c0ac11494aa28c41abc5edb462da8a4bbd10,11d162f04cb5d363703d98d79077c0ac11494aa28c41abc5edb462da8a4bbd10,html/syn-0020__class_rename__03.html,syn-0020,mixed_markup,html/syn-0020__class_rename__03.html,other,synthetic-v2-12to30,class_rename,syn-0020__class_rename__03,20,syn-0020__class_rename__03,https://synthetic-shop.local/search/syn-0020,11d162f04cb5d363703d98d79077c0ac11494aa28c41abc5edb462da8a4bbd10,synthetic-shop.local,3,synthetic-shop.local,run-none193,,,ok,,,,20,,20,,,,,,False,False,,,,False,False,0,0,,,20,0,0,1.0,0.0,0.0,0,1,0,0,0,1.0,1.0,1.0,1.0,1.0,1.0,1.0,1.0,1.0
20261004T181609Z-2ba1b2f7,robustness,hybrid_original,syn-0020__wrapper_insert__01,html/syn-0020__wrapper_insert__01.html,,positive,True,20,20,20,0,0,1,20,0,0,20,0,0,20,0,0,robustness,html/syn-0020__wrapper_insert__01.html,syn-0020__wrapper_insert__01.html,run-none194,synthetic-shop.local,D:\Pet_Codes\science\article-price-tracker\synthetic\html\syn-0020__wrapper_insert__01.html,https://synthetic-shop.local/search/syn-0020,https://synthetic-shop.local/search/syn-0020,,,,raw_html,,3506567207377b2c311af29565a02051624e48191a2e1df007529911117379b0,3506567207377b2c311af29565a02051624e48191a2e1df007529911117379b0,html/syn-0020__wrapper_insert__01.html,syn-0020,mixed_markup,html/syn-0020__wrapper_insert__01.html,other,synthetic-v2-12to30,wrapper_insert,syn-0020__wrapper_insert__01,20,syn-0020__wrapper_insert__01,https://synthetic-shop.local/search/syn-0020,3506567207377b2c311af29565a02051624e48191a2e1df007529911117379b0,synthetic-shop.local,1,synthetic-shop.local,run-none194,,,ok,,,,20,,20,,,,,,False,False,,,,False,False,0,0,,,20,0,0,1.0,0.0,0.0,0,1,0,0,0,1.0,1.0,1.0,1.0,1.0,1.0,1.0,1.0,1.0
20261004T181609Z-2ba1b2f7,robustness,hybrid_original,syn-0020__wrapper_insert__02,html/syn-0020__wrapper_insert__02.html,,positive,True,20,20,20,0,0,1,20,0,0,20,0,0,20,0,0,robustness,html/syn-0020__wrapper_insert__02.html,syn-0020__wrapper_insert__02.html,run-none195,synthetic-shop.local,D:\Pet_Codes\science\article-price-tracker\synthetic\html\syn-0020__wrapper_insert__02.html,https://synthetic-shop.local/search/syn-0020,https://synthetic-shop.local/search/syn-0020,,,,raw_html,,f057e0e5a330b2d219f31089172c12d1d0137de6a435d8c7bbd4f242d0677a41,f057e0e5a330b2d219f31089172c12d1d0137de6a435d8c7bbd4f242d0677a41,html/syn-0020__wrapper_insert__02.html,syn-0020,mixed_markup,html/syn-0020__wrapper_insert__02.html,other,synthetic-v2-12to30,wrapper_insert,syn-0020__wrapper_insert__02,20,syn-0020__wrapper_insert__02,https://synthetic-shop.local/search/syn-0020,f057e0e5a330b2d219f31089172c12d1d0137de6a435d8c7bbd4f242d0677a41,synthetic-shop.local,2,synthetic-shop.local,run-none195,,,ok,,,,20,,20,,,,,,False,False,,,,False,False,0,0,,,20,0,0,1.0,0.0,0.0,0,1,0,0,0,1.0,1.0,1.0,1.0,1.0,1.0,1.0,1.0,1.0
20261004T181609Z-2ba1b2f7,robustness,hybrid_original,syn-0020__wrapper_insert__03,html/syn-0020__wrapper_insert__03.html,,positive,True,20,20,20,0,0,1,20,0,0,20,0,0,20,0,0,robustness,html/syn-0020__wrapper_insert__03.html,syn-0020__wrapper_insert__03.html,run-none196,synthetic-shop.local,D:\Pet_Codes\science\article-price-tracker\synthetic\html\syn-0020__wrapper_insert__03.html,https://synthetic-shop.local/search/syn-0020,https://synthetic-shop.local/search/syn-0020,,,,raw_html,,53abc16411b6aa92ba0441dac0c184354f968fccbbcd8a221cd6bfda6cc1759b,53abc16411b6aa92ba0441dac0c184354f968fccbbcd8a221cd6bfda6cc1759b,html/syn-0020__wrapper_insert__03.html,syn-0020,mixed_markup,html/syn-0020__wrapper_insert__03.html,other,synthetic-v2-12to30,wrapper_insert,syn-0020__wrapper_insert__03,20,syn-0020__wrapper_insert__03,https://synthetic-shop.local/search/syn-0020,53abc16411b6aa92ba0441dac0c184354f968fccbbcd8a221cd6bfda6cc1759b,synthetic-shop.local,3,synthetic-shop.local,run-none196,,,ok,,,,20,,20,,,,,,False,False,,,,False,False,0,0,,,20,0,0,1.0,0.0,0.0,0,1,0,0,0,1.0,1.0,1.0,1.0,1.0,1.0,1.0,1.0,1.0
20261004T181609Z-2ba1b2f7,robustness,hybrid_original,syn-0020__field_reorder__01,html/syn-0020__field_reorder__01.html,,positive,True,20,20,20,0,0,1,20,0,0,20,0,0,20,0,0,robustness,html/syn-0020__field_reorder__01.html,syn-0020__field_reorder__01.html,run-none197,synthetic-shop.local,D:\Pet_Codes\science\article-price-tracker\synthetic\html\syn-0020__field_reorder__01.html,https://synthetic-shop.local/search/syn-0020,https://synthetic-shop.local/search/syn-0020,,,,raw_html,,4b137303e51597ef9c45e96baa2f6469b0c2bbe6b2aa79a178a96aa85f6493f7,4b137303e51597ef9c45e96baa2f6469b0c2bbe6b2aa79a178a96aa85f6493f7,html/syn-0020__field_reorder__01.html,syn-0020,mixed_markup,html/syn-0020__field_reorder__01.html,other,synthetic-v2-12to30,field_reorder,syn-0020__field_reorder__01,20,syn-0020__field_reorder__01,https://synthetic-shop.local/search/syn-0020,4b137303e51597ef9c45e96baa2f6469b0c2bbe6b2aa79a178a96aa85f6493f7,synthetic-shop.local,1,synthetic-shop.local,run-none197,,,ok,,,,20,,20,,,,,,False,False,,,,False,False,0,0,,,20,0,0,1.0,0.0,0.0,0,1,0,0,0,1.0,1.0,1.0,1.0,1.0,1.0,1.0,1.0,1.0
20261004T181609Z-2ba1b2f7,robustness,hybrid_original,syn-0020__field_reorder__02,html/syn-0020__field_reorder__02.html,,positive,True,20,20,20,0,0,1,20,0,0,20,0,0,20,0,0,robustness,html/syn-0020__field_reorder__02.html,syn-0020__field_reorder__02.html,run-none198,synthetic-shop.local,D:\Pet_Codes\science\article-price-tracker\synthetic\html\syn-0020__field_reorder__02.html,https://synthetic-shop.local/search/syn-0020,https://synthetic-shop.local/search/syn-0020,,,,raw_html,,eae33fc02e8fb927a8fb5982dfddc5556fd1ecd951bbb083bfd51f69dc1ee5fa,eae33fc02e8fb927a8fb5982dfddc5556fd1ecd951bbb083bfd51f69dc1ee5fa,html/syn-0020__field_reorder__02.html,syn-0020,mixed_markup,html/syn-0020__field_reorder__02.html,other,synthetic-v2-12to30,field_reorder,syn-0020__field_reorder__02,20,syn-0020__field_reorder__02,https://synthetic-shop.local/search/syn-0020,eae33fc02e8fb927a8fb5982dfddc5556fd1ecd951bbb083bfd51f69dc1ee5fa,synthetic-shop.local,2,synthetic-shop.local,run-none198,,,ok,,,,20,,20,,,,,,False,False,,,,False,False,0,0,,,20,0,0,1.0,0.0,0.0,0,1,0,0,0,1.0,1.0,1.0,1.0,1.0,1.0,1.0,1.0,1.0
20261004T181609Z-2ba1b2f7,robustness,hybrid_original,syn-0020__subtree_relocate__01,html/syn-0020__subtree_relocate__01.html,,positive,True,20,20,20,0,0,1,20,0,0,20,0,0,20,0,0,robustness,html/syn-0020__subtree_relocate__01.html,syn-0020__subtree_relocate__01.html,run-none199,synthetic-shop.local,D:\Pet_Codes\science\article-price-tracker\synthetic\html\syn-0020__subtree_relocate__01.html,https://synthetic-shop.local/search/syn-0020,https://synthetic-shop.local/search/syn-0020,,,,raw_html,,c76558f9e2661cc6a71260f3e139b8963953cd42a9090e4261c5437a2c3d863b,c76558f9e2661cc6a71260f3e139b8963953cd42a9090e4261c5437a2c3d863b,html/syn-0020__subtree_relocate__01.html,syn-0020,mixed_markup,html/syn-0020__subtree_relocate__01.html,other,synthetic-v2-12to30,subtree_relocate,syn-0020__subtree_relocate__01,20,syn-0020__subtree_relocate__01,https://synthetic-shop.local/search/syn-0020,c76558f9e2661cc6a71260f3e139b8963953cd42a9090e4261c5437a2c3d863b,synthetic-shop.local,1,synthetic-shop.local,run-none199,,,ok,,,,20,,20,,,,,,False,False,,,,False,False,0,0,,,20,0,0,1.0,0.0,0.0,0,1,0,0,0,1.0,1.0,1.0,1.0,1.0,1.0,1.0,1.0,1.0
20261004T181609Z-2ba1b2f7,robustness,hybrid_original,syn-0020__subtree_relocate__02,html/syn-0020__subtree_relocate__02.html,,positive,True,20,20,20,0,0,1,20,0,0,20,0,0,20,0,0,robustness,html/syn-0020__subtree_relocate__02.html,syn-0020__subtree_relocate__02.html,run-none200,synthetic-shop.local,D:\Pet_Codes\science\article-price-tracker\synthetic\html\syn-0020__subtree_relocate__02.html,https://synthetic-shop.local/search/syn-0020,https://synthetic-shop.local/search/syn-0020,,,,raw_html,,a7a111ef3fb79ecdbe0ddde4e838db0524788128e5d550b7fe67c2cfff5f51ac,a7a111ef3fb79ecdbe0ddde4e838db0524788128e5d550b7fe67c2cfff5f51ac,html/syn-0020__subtree_relocate__02.html,syn-0020,mixed_markup,html/syn-0020__subtree_relocate__02.html,other,synthetic-v2-12to30,subtree_relocate,syn-0020__subtree_relocate__02,20,syn-0020__subtree_relocate__02,https://synthetic-shop.local/search/syn-0020,a7a111ef3fb79ecdbe0ddde4e838db0524788128e5d550b7fe67c2cfff5f51ac,synthetic-shop.local,2,synthetic-shop.local,run-none200,,,ok,,,,20,,20,,,,,,False,False,,,,False,False,0,0,,,20,0,0,1.0,0.0,0.0,0,1,0,0,0,1.0,1.0,1.0,1.0,1.0,1.0,1.0,1.0,1.0
