dataset,page_id,html_key,deterministic_count,deterministic_accepted,deterministic_rejected,ax_available,screenshot_available,artifact_sha256,benchmark_run_id,composition_revision,coverage_confident,coverage_candidate_count,coverage_unmatched_count,coverage_scan_truncated,coverage_unmatched_sample,selected_mode,extraction_status,llm_stages,escalation_reason,composition,fallback_selected_mode,bounded_coverage
robustness,syn-0001__class_rename__01,syn-0001__class_rename__01.html,12,12,0,False,False,{},20261004T181609Z-2ba1b2f7,deterministic_first_union_v1,True,12,0,False,[],deterministic,ok,0,none,"{'deterministic_kept': 12, 'fallback_seen': 0, 'fallback_novel': 0, 'fallback_matched': 0, 'fields_filled': 0, 'union_count': 12}",,
robustness,syn-0001__class_rename__02,syn-0001__class_rename__02.html,12,12,0,False,False,{},20261004T181609Z-2ba1b2f7,deterministic_first_union_v1,True,12,0,False,[],deterministic,ok,0,none,"{'deterministic_kept': 12, 'fallback_seen': 0, 'fallback_novel': 0, 'fallback_matched': 0, 'fields_filled': 0, 'union_count': 12}",,
robustness,syn-0001__class_rename__03,syn-0001__class_rename__03.html,12,12,0,False,False,{},20261004T181609Z-2ba1b2f7,deterministic_first_union_v1,True,12,0,False,[],deterministic,ok,0,none,"{'deterministic_kept': 12, 'fallback_seen': 0, 'fallback_novel': 0, 'fallback_matched': 0, 'fields_filled': 0, 'union_count': 12}",,
robustness,syn-0001__wrapper_insert__01,syn-0001__wrapper_insert__01.html,12,12,0,False,False,{},20261004T181609Z-2ba1b2f7,deterministic_first_union_v1,True,12,0,False,[],deterministic,ok,0,none,"{'deterministic_kept': 12, 'fallback_seen': 0, 'fallback_novel': 0, 'fallback_matched': 0, 'fields_filled': 0, 'union_count': 12}",,
robustness,syn-0001__wrapper_insert__02,syn-0001__wrapper_insert__02.html,12,12,0,False,False,{},20261004T181609Z-2ba1b2f7,deterministic_first_union_v1,True,12,0,False,[],deterministic,ok,0,none,"{'deterministic_kept': 12, 'fallback_seen': 0, 'fallback_novel': 0, 'fallback_matched': 0, 'fields_filled': 0, 'union_count': 12}",,
robustness,syn-0001__wrapper_insert__03,syn-0001__wrapper_insert__03.html,12,12,0,False,False,{},20261004T181609Z-2ba1b2f7,deterministic_first_union_v1,True,12,0,False,[],deterministic,ok,0,none,"{'deterministic_kept': 12, 'fallback_seen': 0, 'fallback_novel': 0, 'fallback_matched': 0, 'fields_filled': 0, 'union_count': 12}",,
robustness,syn-0001__field_reorder__01,syn-0001__field_reorder__01.html,12,12,0,False,False,{},20261004T181609Z-2ba1b2f7,deterministic_first_union_v1,True,12,0,False,[],deterministic,ok,0,none,"{'deterministic_kept': 12, 'fallback_seen': 0, 'fallback_novel': 0, 'fallback_matched': 0, 'fields_filled': 0, 'union_count': 12}",,
robustness,syn-0001__field_reorder__02,syn-0001__field_reorder__02.html,12,12,0,False,False,{},20261004T181609Z-2ba1b2f7,deterministic_first_union_v1,True,12,0,False,[],deterministic,ok,0,none,"{'deterministic_kept': 12, 'fallback_seen': 0, 'fallback_novel': 0, 'fallback_matched': 0, 'fields_filled': 0, 'union_count': 12}",,
robustness,syn-0001__subtree_relocate__01,syn-0001__subtree_relocate__01.html,12,12,0,False,False,{},20261004T181609Z-2ba1b2f7,deterministic_first_union_v1,True,12,0,False,[],deterministic,ok,0,none,"{'deterministic_kept': 12, 'fallback_seen': 0, 'fallback_novel': 0, 'fallback_matched': 0, 'fields_filled': 0, 'union_count': 12}",,
robustness,syn-0001__subtree_relocate__02,syn-0001__subtree_relocate__02.html,12,12,0,False,False,{},20261004T181609Z-2ba1b2f7,deterministic_first_union_v1,True,12,0,False,[],deterministic,ok,0,none,"{'deterministic_kept': 12, 'fallback_seen': 0, 'fallback_novel': 0, 'fallback_matched': 0, 'fields_filled': 0, 'union_count': 12}",,
robustness,syn-0002__class_rename__01,syn-0002__class_rename__01.html,30,30,0,False,False,{},20261004T181609Z-2ba1b2f7,deterministic_first_union_v1,True,30,0,False,[],deterministic,ok,0,none,"{'deterministic_kept': 30, 'fallback_seen': 0, 'fallback_novel': 0, 'fallback_matched': 0, 'fields_filled': 0, 'union_count': 30}",,
robustness,syn-0002__class_rename__02,syn-0002__class_rename__02.html,30,30,0,False,False,{},20261004T181609Z-2ba1b2f7,deterministic_first_union_v1,True,30,0,False,[],deterministic,ok,0,none,"{'deterministic_kept': 30, 'fallback_seen': 0, 'fallback_novel': 0, 'fallback_matched': 0, 'fields_filled': 0, 'union_count': 30}",,
robustness,syn-0002__class_rename__03,syn-0002__class_rename__03.html,30,30,0,False,False,{},20261004T181609Z-2ba1b2f7,deterministic_first_union_v1,True,30,0,False,[],deterministic,ok,0,none,"{'deterministic_kept': 30, 'fallback_seen': 0, 'fallback_novel': 0, 'fallback_matched': 0, 'fields_filled': 0, 'union_count': 30}",,
robustness,syn-0002__wrapper_insert__01,syn-0002__wrapper_insert__01.html,30,30,0,False,False,{},20261004T181609Z-2ba1b2f7,deterministic_first_union_v1,True,30,0,False,[],deterministic,ok,0,none,"{'deterministic_kept': 30, 'fallback_seen': 0, 'fallback_novel': 0, 'fallback_matched': 0, 'fields_filled': 0, 'union_count': 30}",,
robustness,syn-0002__wrapper_insert__02,syn-0002__wrapper_insert__02.html,30,30,0,False,False,{},20261004T181609Z-2ba1b2f7,deterministic_first_union_v1,True,30,0,False,[],deterministic,ok,0,none,"{'deterministic_kept': 30, 'fallback_seen': 0, 'fallback_novel': 0, 'fallback_matched': 0, 'fields_filled': 0, 'union_count': 30}",,
robustness,syn-0002__wrapper_insert__03,syn-0002__wrapper_insert__03.html,30,30,0,False,False,{},20261004T181609Z-2ba1b2f7,deterministic_first_union_v1,True,30,0,False,[],deterministic,ok,0,none,"{'deterministic_kept': 30, 'fallback_seen': 0, 'fallback_novel': 0, 'fallback_matched': 0, 'fields_filled': 0, 'union_count': 30}",,
robustness,syn-0002__field_reorder__01,syn-0002__field_reorder__01.html,30,30,0,False,False,{},20261004T181609Z-2ba1b2f7,deterministic_first_union_v1,True,30,0,False,[],deterministic,ok,0,none,"{'deterministic_kept': 30, 'fallback_seen': 0, 'fallback_novel': 0, 'fallback_matched': 0, 'fields_filled': 0, 'union_count': 30}",,
robustness,syn-0002__field_reorder__02,syn-0002__field_reorder__02.html,30,30,0,False,False,{},20261004T181609Z-2ba1b2f7,deterministic_first_union_v1,True,30,0,False,[],deterministic,ok,0,none,"{'deterministic_kept': 30, 'fallback_seen': 0, 'fallback_novel': 0, 'fallback_matched': 0, 'fields_filled': 0, 'union_count': 30}",,
robustness,syn-0002__subtree_relocate__01,syn-0002__subtree_relocate__01.html,30,30,0,False,False,{},20261004T181609Z-2ba1b2f7,deterministic_first_union_v1,True,30,0,False,[],deterministic,ok,0,none,"{'deterministic_kept': 30, 'fallback_seen': 0, 'fallback_novel': 0, 'fallback_matched': 0, 'fields_filled': 0, 'union_count': 30}",,
robustness,syn-0002__subtree_relocate__02,syn-0002__subtree_relocate__02.html,30,30,0,False,False,{},20261004T181609Z-2ba1b2f7,deterministic_first_union_v1,True,30,0,False,[],deterministic,ok,0,none,"{'deterministic_kept': 30, 'fallback_seen': 0, 'fallback_novel': 0, 'fallback_matched': 0, 'fields_filled': 0, 'union_count': 30}",,
robustness,syn-0003__class_rename__01,syn-0003__class_rename__01.html,0,0,0,False,False,{},20261004T181609Z-2ba1b2f7,deterministic_first_union_v1,False,16,16,False,"[{'product_url': 'https://synthetic-shop.local/product/anemometer-03-01', 'name': 'Анемометр цифровой AM-30', 'price': 5364.0, 'score': 1104}, {'product_url': 'https://synthetic-shop.local/product/pyrometer-03-02', 'name': 'Пирометр инфракрасный IR-900', 'price': 3562.0, 'score': 1101}, {'product_url': 'https://synthetic-shop.local/product/coating-gauge-03-03', 'name': 'Толщиномер покрытий CT-1200', 'price': 8990.0, 'score': 1093}, {'product_url': 'https://synthetic-shop.local/product/megohmmeter-03-04', 'name': 'Мегаомметр цифровой MI-1000', 'price': 16102.0, 'score': 1087}, {'product_url': 'https://synthetic-shop.local/product/socket-tester-03-05', 'name': 'Тестер розеток и УЗО ST-8', 'price': 1816.0, 'score': 1077}, {'product_url': 'https://synthetic-shop.local/product/moisture-meter-03-06', 'name': 'Влагомер древесины WM-2', 'price': 3234.0, 'score': 1068}, {'product_url': 'https://synthetic-shop.local/product/wall-scanner-03-08', 'name': 'Детектор скрытой проводки WallScan 5', 'price': 4967.0, 'score': 1067}, {'product_url': 'https://synthetic-shop.local/product/laser-rangefinder-03-07', 'name': 'Дальномер лазерный DM-80', 'price': 7250.0, 'score': 1062}, {'product_url': 'https://synthetic-shop.local/product/laser-level-03-10', 'name': 'Лазерный уровень ЛУ-360 Pro', 'price': 14549.0, 'score': 1049}, {'product_url': 'https://synthetic-shop.local/product/clamp-meter-03-09', 'name': 'Клещи токовые CM-600', 'price': 7221.0, 'score': 1048}]",candidate_only,partial_validation,1,deterministic_empty,"{'deterministic_kept': 0, 'fallback_seen': 8, 'fallback_novel': 8, 'fallback_matched': 0, 'fields_filled': 0, 'union_count': 8}",candidate_only,"{'coverage_confident': False, 'coverage_candidate_count': 16, 'coverage_unmatched_count': 8, 'coverage_scan_truncated': False, 'coverage_unmatched_sample': [{'product_url': 'https://synthetic-shop.local/product/laser-level-03-10', 'name': 'Лазерный уровень ЛУ-360 Pro', 'price': 14549.0, 'score': 1049}, {'product_url': 'https://synthetic-shop.local/product/clamp-meter-03-09', 'name': 'Клещи токовые CM-600', 'price': 7221.0, 'score': 1048}, {'product_url': 'https://synthetic-shop.local/product/multimeter-03-12', 'name': 'Мультиметр цифровой M830 Pro', 'price': 2012.0, 'score': 1031}, {'product_url': 'https://synthetic-shop.local/product/luxmeter-03-11', 'name': 'Люксметр LX-1010', 'price': 3071.0, 'score': 1026}, {'product_url': 'https://synthetic-shop.local/product/optical-level-03-13', 'name': 'Нивелир оптический N-32', 'price': 23209.0, 'score': 1020}, {'product_url': 'https://synthetic-shop.local/product/thermal-camera-03-14', 'name': 'Тепловизор строительный IR-256', 'price': 48618.0, 'score': 1020}, {'product_url': 'https://synthetic-shop.local/product/anemometer-03-16', 'name': 'Анемометр цифровой AM-30 — серия 2', 'price': 5502.0, 'score': 1009}, {'product_url': 'https://synthetic-shop.local/product/angle-meter-03-15', 'name': 'Угломер электронный AG-360', 'price': 3882.0, 'score': 1008}]}"
robustness,syn-0003__class_rename__02,syn-0003__class_rename__02.html,0,0,0,False,False,{},20261004T181609Z-2ba1b2f7,deterministic_first_union_v1,False,16,16,False,"[{'product_url': 'https://synthetic-shop.local/product/anemometer-03-01', 'name': 'Анемометр цифровой AM-30', 'price': 5364.0, 'score': 1104}, {'product_url': 'https://synthetic-shop.local/product/pyrometer-03-02', 'name': 'Пирометр инфракрасный IR-900', 'price': 3562.0, 'score': 1101}, {'product_url': 'https://synthetic-shop.local/product/coating-gauge-03-03', 'name': 'Толщиномер покрытий CT-1200', 'price': 8990.0, 'score': 1093}, {'product_url': 'https://synthetic-shop.local/product/megohmmeter-03-04', 'name': 'Мегаомметр цифровой MI-1000', 'price': 16102.0, 'score': 1087}, {'product_url': 'https://synthetic-shop.local/product/socket-tester-03-05', 'name': 'Тестер розеток и УЗО ST-8', 'price': 1816.0, 'score': 1077}, {'product_url': 'https://synthetic-shop.local/product/moisture-meter-03-06', 'name': 'Влагомер древесины WM-2', 'price': 3234.0, 'score': 1068}, {'product_url': 'https://synthetic-shop.local/product/wall-scanner-03-08', 'name': 'Детектор скрытой проводки WallScan 5', 'price': 4967.0, 'score': 1067}, {'product_url': 'https://synthetic-shop.local/product/laser-rangefinder-03-07', 'name': 'Дальномер лазерный DM-80', 'price': 7250.0, 'score': 1062}, {'product_url': 'https://synthetic-shop.local/product/laser-level-03-10', 'name': 'Лазерный уровень ЛУ-360 Pro', 'price': 14549.0, 'score': 1049}, {'product_url': 'https://synthetic-shop.local/product/clamp-meter-03-09', 'name': 'Клещи токовые CM-600', 'price': 7221.0, 'score': 1048}]",candidate_only,partial_validation,1,deterministic_empty,"{'deterministic_kept': 0, 'fallback_seen': 8, 'fallback_novel': 8, 'fallback_matched': 0, 'fields_filled': 0, 'union_count': 8}",candidate_only,"{'coverage_confident': False, 'coverage_candidate_count': 16, 'coverage_unmatched_count': 8, 'coverage_scan_truncated': False, 'coverage_unmatched_sample': [{'product_url': 'https://synthetic-shop.local/product/laser-level-03-10', 'name': 'Лазерный уровень ЛУ-360 Pro', 'price': 14549.0, 'score': 1049}, {'product_url': 'https://synthetic-shop.local/product/clamp-meter-03-09', 'name': 'Клещи токовые CM-600', 'price': 7221.0, 'score': 1048}, {'product_url': 'https://synthetic-shop.local/product/multimeter-03-12', 'name': 'Мультиметр цифровой M830 Pro', 'price': 2012.0, 'score': 1031}, {'product_url': 'https://synthetic-shop.local/product/luxmeter-03-11', 'name': 'Люксметр LX-1010', 'price': 3071.0, 'score': 1026}, {'product_url': 'https://synthetic-shop.local/product/optical-level-03-13', 'name': 'Нивелир оптический N-32', 'price': 23209.0, 'score': 1020}, {'product_url': 'https://synthetic-shop.local/product/thermal-camera-03-14', 'name': 'Тепловизор строительный IR-256', 'price': 48618.0, 'score': 1020}, {'product_url': 'https://synthetic-shop.local/product/anemometer-03-16', 'name': 'Анемометр цифровой AM-30 — серия 2', 'price': 5502.0, 'score': 1009}, {'product_url': 'https://synthetic-shop.local/product/angle-meter-03-15', 'name': 'Угломер электронный AG-360', 'price': 3882.0, 'score': 1008}]}"
robustness,syn-0003__class_rename__03,syn-0003__class_rename__03.html,0,0,0,False,False,{},20261004T181609Z-2ba1b2f7,deterministic_first_union_v1,False,16,16,False,"[{'product_url': 'https://synthetic-shop.local/product/anemometer-03-01', 'name': 'Анемометр цифровой AM-30', 'price': 5364.0, 'score': 1104}, {'product_url': 'https://synthetic-shop.local/product/pyrometer-03-02', 'name': 'Пирометр инфракрасный IR-900', 'price': 3562.0, 'score': 1101}, {'product_url': 'https://synthetic-shop.local/product/coating-gauge-03-03', 'name': 'Толщиномер покрытий CT-1200', 'price': 8990.0, 'score': 1093}, {'product_url': 'https://synthetic-shop.local/product/megohmmeter-03-04', 'name': 'Мегаомметр цифровой MI-1000', 'price': 16102.0, 'score': 1087}, {'product_url': 'https://synthetic-shop.local/product/socket-tester-03-05', 'name': 'Тестер розеток и УЗО ST-8', 'price': 1816.0, 'score': 1077}, {'product_url': 'https://synthetic-shop.local/product/moisture-meter-03-06', 'name': 'Влагомер древесины WM-2', 'price': 3234.0, 'score': 1068}, {'product_url': 'https://synthetic-shop.local/product/wall-scanner-03-08', 'name': 'Детектор скрытой проводки WallScan 5', 'price': 4967.0, 'score': 1067}, {'product_url': 'https://synthetic-shop.local/product/laser-rangefinder-03-07', 'name': 'Дальномер лазерный DM-80', 'price': 7250.0, 'score': 1062}, {'product_url': 'https://synthetic-shop.local/product/laser-level-03-10', 'name': 'Лазерный уровень ЛУ-360 Pro', 'price': 14549.0, 'score': 1049}, {'product_url': 'https://synthetic-shop.local/product/clamp-meter-03-09', 'name': 'Клещи токовые CM-600', 'price': 7221.0, 'score': 1048}]",candidate_only,partial_validation,1,deterministic_empty,"{'deterministic_kept': 0, 'fallback_seen': 8, 'fallback_novel': 8, 'fallback_matched': 0, 'fields_filled': 0, 'union_count': 8}",candidate_only,"{'coverage_confident': False, 'coverage_candidate_count': 16, 'coverage_unmatched_count': 8, 'coverage_scan_truncated': False, 'coverage_unmatched_sample': [{'product_url': 'https://synthetic-shop.local/product/laser-level-03-10', 'name': 'Лазерный уровень ЛУ-360 Pro', 'price': 14549.0, 'score': 1049}, {'product_url': 'https://synthetic-shop.local/product/clamp-meter-03-09', 'name': 'Клещи токовые CM-600', 'price': 7221.0, 'score': 1048}, {'product_url': 'https://synthetic-shop.local/product/multimeter-03-12', 'name': 'Мультиметр цифровой M830 Pro', 'price': 2012.0, 'score': 1031}, {'product_url': 'https://synthetic-shop.local/product/luxmeter-03-11', 'name': 'Люксметр LX-1010', 'price': 3071.0, 'score': 1026}, {'product_url': 'https://synthetic-shop.local/product/optical-level-03-13', 'name': 'Нивелир оптический N-32', 'price': 23209.0, 'score': 1020}, {'product_url': 'https://synthetic-shop.local/product/thermal-camera-03-14', 'name': 'Тепловизор строительный IR-256', 'price': 48618.0, 'score': 1020}, {'product_url': 'https://synthetic-shop.local/product/anemometer-03-16', 'name': 'Анемометр цифровой AM-30 — серия 2', 'price': 5502.0, 'score': 1009}, {'product_url': 'https://synthetic-shop.local/product/angle-meter-03-15', 'name': 'Угломер электронный AG-360', 'price': 3882.0, 'score': 1008}]}"
robustness,syn-0003__wrapper_insert__01,syn-0003__wrapper_insert__01.html,16,16,0,False,False,{},20261004T181609Z-2ba1b2f7,deterministic_first_union_v1,True,16,0,False,[],deterministic,ok,0,none,"{'deterministic_kept': 16, 'fallback_seen': 0, 'fallback_novel': 0, 'fallback_matched': 0, 'fields_filled': 0, 'union_count': 16}",,
robustness,syn-0003__wrapper_insert__02,syn-0003__wrapper_insert__02.html,16,16,0,False,False,{},20261004T181609Z-2ba1b2f7,deterministic_first_union_v1,True,16,0,False,[],deterministic,ok,0,none,"{'deterministic_kept': 16, 'fallback_seen': 0, 'fallback_novel': 0, 'fallback_matched': 0, 'fields_filled': 0, 'union_count': 16}",,
robustness,syn-0003__wrapper_insert__03,syn-0003__wrapper_insert__03.html,16,16,0,False,False,{},20261004T181609Z-2ba1b2f7,deterministic_first_union_v1,True,16,0,False,[],deterministic,ok,0,none,"{'deterministic_kept': 16, 'fallback_seen': 0, 'fallback_novel': 0, 'fallback_matched': 0, 'fields_filled': 0, 'union_count': 16}",,
robustness,syn-0003__field_reorder__01,syn-0003__field_reorder__01.html,16,16,0,False,False,{},20261004T181609Z-2ba1b2f7,deterministic_first_union_v1,True,16,0,False,[],deterministic,ok,0,none,"{'deterministic_kept': 16, 'fallback_seen': 0, 'fallback_novel': 0, 'fallback_matched': 0, 'fields_filled': 0, 'union_count': 16}",,
robustness,syn-0003__field_reorder__02,syn-0003__field_reorder__02.html,16,16,0,False,False,{},20261004T181609Z-2ba1b2f7,deterministic_first_union_v1,True,16,0,False,[],deterministic,ok,0,none,"{'deterministic_kept': 16, 'fallback_seen': 0, 'fallback_novel': 0, 'fallback_matched': 0, 'fields_filled': 0, 'union_count': 16}",,
robustness,syn-0003__subtree_relocate__01,syn-0003__subtree_relocate__01.html,16,16,0,False,False,{},20261004T181609Z-2ba1b2f7,deterministic_first_union_v1,True,16,0,False,[],deterministic,ok,0,none,"{'deterministic_kept': 16, 'fallback_seen': 0, 'fallback_novel': 0, 'fallback_matched': 0, 'fields_filled': 0, 'union_count': 16}",,
robustness,syn-0003__subtree_relocate__02,syn-0003__subtree_relocate__02.html,16,16,0,False,False,{},20261004T181609Z-2ba1b2f7,deterministic_first_union_v1,True,16,0,False,[],deterministic,ok,0,none,"{'deterministic_kept': 16, 'fallback_seen': 0, 'fallback_novel': 0, 'fallback_matched': 0, 'fields_filled': 0, 'union_count': 16}",,
robustness,syn-0004__class_rename__01,syn-0004__class_rename__01.html,26,26,0,False,False,{},20261004T181609Z-2ba1b2f7,deterministic_first_union_v1,True,26,0,False,[],deterministic,ok,0,none,"{'deterministic_kept': 26, 'fallback_seen': 0, 'fallback_novel': 0, 'fallback_matched': 0, 'fields_filled': 0, 'union_count': 26}",,
robustness,syn-0004__class_rename__02,syn-0004__class_rename__02.html,26,26,0,False,False,{},20261004T181609Z-2ba1b2f7,deterministic_first_union_v1,True,26,0,False,[],deterministic,ok,0,none,"{'deterministic_kept': 26, 'fallback_seen': 0, 'fallback_novel': 0, 'fallback_matched': 0, 'fields_filled': 0, 'union_count': 26}",,
robustness,syn-0004__class_rename__03,syn-0004__class_rename__03.html,26,26,0,False,False,{},20261004T181609Z-2ba1b2f7,deterministic_first_union_v1,True,26,0,False,[],deterministic,ok,0,none,"{'deterministic_kept': 26, 'fallback_seen': 0, 'fallback_novel': 0, 'fallback_matched': 0, 'fields_filled': 0, 'union_count': 26}",,
robustness,syn-0004__wrapper_insert__01,syn-0004__wrapper_insert__01.html,26,26,0,False,False,{},20261004T181609Z-2ba1b2f7,deterministic_first_union_v1,True,26,0,False,[],deterministic,ok,0,none,"{'deterministic_kept': 26, 'fallback_seen': 0, 'fallback_novel': 0, 'fallback_matched': 0, 'fields_filled': 0, 'union_count': 26}",,
robustness,syn-0004__wrapper_insert__02,syn-0004__wrapper_insert__02.html,26,26,0,False,False,{},20261004T181609Z-2ba1b2f7,deterministic_first_union_v1,True,26,0,False,[],deterministic,ok,0,none,"{'deterministic_kept': 26, 'fallback_seen': 0, 'fallback_novel': 0, 'fallback_matched': 0, 'fields_filled': 0, 'union_count': 26}",,
robustness,syn-0004__wrapper_insert__03,syn-0004__wrapper_insert__03.html,26,26,0,False,False,{},20261004T181609Z-2ba1b2f7,deterministic_first_union_v1,True,26,0,False,[],deterministic,ok,0,none,"{'deterministic_kept': 26, 'fallback_seen': 0, 'fallback_novel': 0, 'fallback_matched': 0, 'fields_filled': 0, 'union_count': 26}",,
robustness,syn-0004__field_reorder__01,syn-0004__field_reorder__01.html,26,26,0,False,False,{},20261004T181609Z-2ba1b2f7,deterministic_first_union_v1,True,26,0,False,[],deterministic,ok,0,none,"{'deterministic_kept': 26, 'fallback_seen': 0, 'fallback_novel': 0, 'fallback_matched': 0, 'fields_filled': 0, 'union_count': 26}",,
robustness,syn-0004__field_reorder__02,syn-0004__field_reorder__02.html,26,26,0,False,False,{},20261004T181609Z-2ba1b2f7,deterministic_first_union_v1,True,26,0,False,[],deterministic,ok,0,none,"{'deterministic_kept': 26, 'fallback_seen': 0, 'fallback_novel': 0, 'fallback_matched': 0, 'fields_filled': 0, 'union_count': 26}",,
robustness,syn-0004__subtree_relocate__01,syn-0004__subtree_relocate__01.html,26,26,0,False,False,{},20261004T181609Z-2ba1b2f7,deterministic_first_union_v1,True,26,0,False,[],deterministic,ok,0,none,"{'deterministic_kept': 26, 'fallback_seen': 0, 'fallback_novel': 0, 'fallback_matched': 0, 'fields_filled': 0, 'union_count': 26}",,
robustness,syn-0004__subtree_relocate__02,syn-0004__subtree_relocate__02.html,26,26,0,False,False,{},20261004T181609Z-2ba1b2f7,deterministic_first_union_v1,True,26,0,False,[],deterministic,ok,0,none,"{'deterministic_kept': 26, 'fallback_seen': 0, 'fallback_novel': 0, 'fallback_matched': 0, 'fields_filled': 0, 'union_count': 26}",,
robustness,syn-0005__class_rename__01,syn-0005__class_rename__01.html,0,0,0,False,False,{},20261004T181609Z-2ba1b2f7,deterministic_first_union_v1,False,14,14,False,"[{'product_url': 'https://synthetic-shop.local/product/moisture-meter-05-01', 'name': 'Влагомер древесины WM-2', 'price': 3190.0, 'score': 1025}, {'product_url': 'https://synthetic-shop.local/product/clamp-meter-05-02', 'name': 'Клещи токовые CM-600', 'price': 6535.0, 'score': 1015}, {'product_url': 'https://synthetic-shop.local/product/angle-meter-05-03', 'name': 'Угломер электронный AG-360', 'price': 3844.0, 'score': 1014}, {'product_url': 'https://synthetic-shop.local/product/laser-level-05-04', 'name': 'Лазерный уровень ЛУ-360 Pro', 'price': 13263.0, 'score': 1013}, {'product_url': 'https://synthetic-shop.local/product/laser-rangefinder-05-05', 'name': 'Дальномер лазерный DM-80', 'price': 6990.0, 'score': 998}, {'product_url': 'https://synthetic-shop.local/product/wall-scanner-05-07', 'name': 'Детектор скрытой проводки WallScan 5', 'price': 4873.0, 'score': 996}, {'product_url': 'https://synthetic-shop.local/product/anemometer-05-06', 'name': 'Анемометр цифровой AM-30', 'price': 5343.0, 'score': 991}, {'product_url': 'https://synthetic-shop.local/product/megohmmeter-05-09', 'name': 'Мегаомметр цифровой MI-1000', 'price': 17712.0, 'score': 974}, {'product_url': 'https://synthetic-shop.local/product/luxmeter-05-08', 'name': 'Люксметр LX-1010', 'price': 3222.0, 'score': 969}, {'product_url': 'https://synthetic-shop.local/product/multimeter-05-10', 'name': 'Мультиметр цифровой M830 Pro', 'price': 1916.0, 'score': 967}]",candidate_only,partial_validation,1,deterministic_empty,"{'deterministic_kept': 0, 'fallback_seen': 8, 'fallback_novel': 8, 'fallback_matched': 0, 'fields_filled': 0, 'union_count': 8}",candidate_only,"{'coverage_confident': False, 'coverage_candidate_count': 14, 'coverage_unmatched_count': 6, 'coverage_scan_truncated': False, 'coverage_unmatched_sample': [{'product_url': 'https://synthetic-shop.local/product/luxmeter-05-08', 'name': 'Люксметр LX-1010', 'price': 3222.0, 'score': 969}, {'product_url': 'https://synthetic-shop.local/product/multimeter-05-10', 'name': 'Мультиметр цифровой M830 Pro', 'price': 1916.0, 'score': 967}, {'product_url': 'https://synthetic-shop.local/product/optical-level-05-11', 'name': 'Нивелир оптический N-32', 'price': 22135.0, 'score': 956}, {'product_url': 'https://synthetic-shop.local/product/pyrometer-05-12', 'name': 'Пирометр инфракрасный IR-900', 'price': 3725.0, 'score': 953}, {'product_url': 'https://synthetic-shop.local/product/thermal-camera-05-13', 'name': 'Тепловизор строительный IR-256', 'price': 47742.0, 'score': 949}, {'product_url': 'https://synthetic-shop.local/product/socket-tester-05-14', 'name': 'Тестер розеток и УЗО ST-8', 'price': 2034.0, 'score': 936}]}"
robustness,syn-0005__class_rename__02,syn-0005__class_rename__02.html,0,0,0,False,False,{},20261004T181609Z-2ba1b2f7,deterministic_first_union_v1,False,14,14,False,"[{'product_url': 'https://synthetic-shop.local/product/moisture-meter-05-01', 'name': 'Влагомер древесины WM-2', 'price': 3190.0, 'score': 1025}, {'product_url': 'https://synthetic-shop.local/product/clamp-meter-05-02', 'name': 'Клещи токовые CM-600', 'price': 6535.0, 'score': 1015}, {'product_url': 'https://synthetic-shop.local/product/angle-meter-05-03', 'name': 'Угломер электронный AG-360', 'price': 3844.0, 'score': 1014}, {'product_url': 'https://synthetic-shop.local/product/laser-level-05-04', 'name': 'Лазерный уровень ЛУ-360 Pro', 'price': 13263.0, 'score': 1013}, {'product_url': 'https://synthetic-shop.local/product/laser-rangefinder-05-05', 'name': 'Дальномер лазерный DM-80', 'price': 6990.0, 'score': 998}, {'product_url': 'https://synthetic-shop.local/product/wall-scanner-05-07', 'name': 'Детектор скрытой проводки WallScan 5', 'price': 4873.0, 'score': 996}, {'product_url': 'https://synthetic-shop.local/product/anemometer-05-06', 'name': 'Анемометр цифровой AM-30', 'price': 5343.0, 'score': 991}, {'product_url': 'https://synthetic-shop.local/product/megohmmeter-05-09', 'name': 'Мегаомметр цифровой MI-1000', 'price': 17712.0, 'score': 974}, {'product_url': 'https://synthetic-shop.local/product/luxmeter-05-08', 'name': 'Люксметр LX-1010', 'price': 3222.0, 'score': 969}, {'product_url': 'https://synthetic-shop.local/product/multimeter-05-10', 'name': 'Мультиметр цифровой M830 Pro', 'price': 1916.0, 'score': 967}]",candidate_only,partial_validation,1,deterministic_empty,"{'deterministic_kept': 0, 'fallback_seen': 8, 'fallback_novel': 8, 'fallback_matched': 0, 'fields_filled': 0, 'union_count': 8}",candidate_only,"{'coverage_confident': False, 'coverage_candidate_count': 14, 'coverage_unmatched_count': 6, 'coverage_scan_truncated': False, 'coverage_unmatched_sample': [{'product_url': 'https://synthetic-shop.local/product/luxmeter-05-08', 'name': 'Люксметр LX-1010', 'price': 3222.0, 'score': 969}, {'product_url': 'https://synthetic-shop.local/product/multimeter-05-10', 'name': 'Мультиметр цифровой M830 Pro', 'price': 1916.0, 'score': 967}, {'product_url': 'https://synthetic-shop.local/product/optical-level-05-11', 'name': 'Нивелир оптический N-32', 'price': 22135.0, 'score': 956}, {'product_url': 'https://synthetic-shop.local/product/pyrometer-05-12', 'name': 'Пирометр инфракрасный IR-900', 'price': 3725.0, 'score': 953}, {'product_url': 'https://synthetic-shop.local/product/thermal-camera-05-13', 'name': 'Тепловизор строительный IR-256', 'price': 47742.0, 'score': 949}, {'product_url': 'https://synthetic-shop.local/product/socket-tester-05-14', 'name': 'Тестер розеток и УЗО ST-8', 'price': 2034.0, 'score': 936}]}"
robustness,syn-0005__class_rename__03,syn-0005__class_rename__03.html,0,0,0,False,False,{},20261004T181609Z-2ba1b2f7,deterministic_first_union_v1,False,14,14,False,"[{'product_url': 'https://synthetic-shop.local/product/moisture-meter-05-01', 'name': 'Влагомер древесины WM-2', 'price': 3190.0, 'score': 1025}, {'product_url': 'https://synthetic-shop.local/product/clamp-meter-05-02', 'name': 'Клещи токовые CM-600', 'price': 6535.0, 'score': 1015}, {'product_url': 'https://synthetic-shop.local/product/angle-meter-05-03', 'name': 'Угломер электронный AG-360', 'price': 3844.0, 'score': 1014}, {'product_url': 'https://synthetic-shop.local/product/laser-level-05-04', 'name': 'Лазерный уровень ЛУ-360 Pro', 'price': 13263.0, 'score': 1013}, {'product_url': 'https://synthetic-shop.local/product/laser-rangefinder-05-05', 'name': 'Дальномер лазерный DM-80', 'price': 6990.0, 'score': 998}, {'product_url': 'https://synthetic-shop.local/product/wall-scanner-05-07', 'name': 'Детектор скрытой проводки WallScan 5', 'price': 4873.0, 'score': 996}, {'product_url': 'https://synthetic-shop.local/product/anemometer-05-06', 'name': 'Анемометр цифровой AM-30', 'price': 5343.0, 'score': 991}, {'product_url': 'https://synthetic-shop.local/product/megohmmeter-05-09', 'name': 'Мегаомметр цифровой MI-1000', 'price': 17712.0, 'score': 974}, {'product_url': 'https://synthetic-shop.local/product/luxmeter-05-08', 'name': 'Люксметр LX-1010', 'price': 3222.0, 'score': 969}, {'product_url': 'https://synthetic-shop.local/product/multimeter-05-10', 'name': 'Мультиметр цифровой M830 Pro', 'price': 1916.0, 'score': 967}]",candidate_only,partial_validation,1,deterministic_empty,"{'deterministic_kept': 0, 'fallback_seen': 8, 'fallback_novel': 8, 'fallback_matched': 0, 'fields_filled': 0, 'union_count': 8}",candidate_only,"{'coverage_confident': False, 'coverage_candidate_count': 14, 'coverage_unmatched_count': 6, 'coverage_scan_truncated': False, 'coverage_unmatched_sample': [{'product_url': 'https://synthetic-shop.local/product/luxmeter-05-08', 'name': 'Люксметр LX-1010', 'price': 3222.0, 'score': 969}, {'product_url': 'https://synthetic-shop.local/product/multimeter-05-10', 'name': 'Мультиметр цифровой M830 Pro', 'price': 1916.0, 'score': 967}, {'product_url': 'https://synthetic-shop.local/product/optical-level-05-11', 'name': 'Нивелир оптический N-32', 'price': 22135.0, 'score': 956}, {'product_url': 'https://synthetic-shop.local/product/pyrometer-05-12', 'name': 'Пирометр инфракрасный IR-900', 'price': 3725.0, 'score': 953}, {'product_url': 'https://synthetic-shop.local/product/thermal-camera-05-13', 'name': 'Тепловизор строительный IR-256', 'price': 47742.0, 'score': 949}, {'product_url': 'https://synthetic-shop.local/product/socket-tester-05-14', 'name': 'Тестер розеток и УЗО ST-8', 'price': 2034.0, 'score': 936}]}"
robustness,syn-0005__wrapper_insert__01,syn-0005__wrapper_insert__01.html,0,0,0,False,False,{},20261004T181609Z-2ba1b2f7,deterministic_first_union_v1,False,14,14,False,"[{'product_url': 'https://synthetic-shop.local/product/moisture-meter-05-01', 'name': 'Влагомер древесины WM-2', 'price': 3190.0, 'score': 1025}, {'product_url': 'https://synthetic-shop.local/product/clamp-meter-05-02', 'name': 'Клещи токовые CM-600', 'price': 6535.0, 'score': 1015}, {'product_url': 'https://synthetic-shop.local/product/angle-meter-05-03', 'name': 'Угломер электронный AG-360', 'price': 3844.0, 'score': 1014}, {'product_url': 'https://synthetic-shop.local/product/laser-level-05-04', 'name': 'Лазерный уровень ЛУ-360 Pro', 'price': 13263.0, 'score': 1013}, {'product_url': 'https://synthetic-shop.local/product/laser-rangefinder-05-05', 'name': 'Дальномер лазерный DM-80', 'price': 6990.0, 'score': 998}, {'product_url': 'https://synthetic-shop.local/product/wall-scanner-05-07', 'name': 'Детектор скрытой проводки WallScan 5', 'price': 4873.0, 'score': 996}, {'product_url': 'https://synthetic-shop.local/product/anemometer-05-06', 'name': 'Анемометр цифровой AM-30', 'price': 5343.0, 'score': 991}, {'product_url': 'https://synthetic-shop.local/product/megohmmeter-05-09', 'name': 'Мегаомметр цифровой MI-1000', 'price': 17712.0, 'score': 974}, {'product_url': 'https://synthetic-shop.local/product/luxmeter-05-08', 'name': 'Люксметр LX-1010', 'price': 3222.0, 'score': 969}, {'product_url': 'https://synthetic-shop.local/product/multimeter-05-10', 'name': 'Мультиметр цифровой M830 Pro', 'price': 1916.0, 'score': 967}]",candidate_only,partial_validation,1,deterministic_empty,"{'deterministic_kept': 0, 'fallback_seen': 8, 'fallback_novel': 8, 'fallback_matched': 0, 'fields_filled': 0, 'union_count': 8}",candidate_only,"{'coverage_confident': False, 'coverage_candidate_count': 14, 'coverage_unmatched_count': 6, 'coverage_scan_truncated': False, 'coverage_unmatched_sample': [{'product_url': 'https://synthetic-shop.local/product/luxmeter-05-08', 'name': 'Люксметр LX-1010', 'price': 3222.0, 'score': 969}, {'product_url': 'https://synthetic-shop.local/product/multimeter-05-10', 'name': 'Мультиметр цифровой M830 Pro', 'price': 1916.0, 'score': 967}, {'product_url': 'https://synthetic-shop.local/product/optical-level-05-11', 'name': 'Нивелир оптический N-32', 'price': 22135.0, 'score': 956}, {'product_url': 'https://synthetic-shop.local/product/pyrometer-05-12', 'name': 'Пирометр инфракрасный IR-900', 'price': 3725.0, 'score': 953}, {'product_url': 'https://synthetic-shop.local/product/thermal-camera-05-13', 'name': 'Тепловизор строительный IR-256', 'price': 47742.0, 'score': 949}, {'product_url': 'https://synthetic-shop.local/product/socket-tester-05-14', 'name': 'Тестер розеток и УЗО ST-8', 'price': 2034.0, 'score': 936}]}"
robustness,syn-0005__wrapper_insert__02,syn-0005__wrapper_insert__02.html,0,0,0,False,False,{},20261004T181609Z-2ba1b2f7,deterministic_first_union_v1,False,14,14,False,"[{'product_url': 'https://synthetic-shop.local/product/moisture-meter-05-01', 'name': 'Влагомер древесины WM-2', 'price': 3190.0, 'score': 1025}, {'product_url': 'https://synthetic-shop.local/product/clamp-meter-05-02', 'name': 'Клещи токовые CM-600', 'price': 6535.0, 'score': 1015}, {'product_url': 'https://synthetic-shop.local/product/angle-meter-05-03', 'name': 'Угломер электронный AG-360', 'price': 3844.0, 'score': 1014}, {'product_url': 'https://synthetic-shop.local/product/laser-level-05-04', 'name': 'Лазерный уровень ЛУ-360 Pro', 'price': 13263.0, 'score': 1013}, {'product_url': 'https://synthetic-shop.local/product/laser-rangefinder-05-05', 'name': 'Дальномер лазерный DM-80', 'price': 6990.0, 'score': 998}, {'product_url': 'https://synthetic-shop.local/product/wall-scanner-05-07', 'name': 'Детектор скрытой проводки WallScan 5', 'price': 4873.0, 'score': 996}, {'product_url': 'https://synthetic-shop.local/product/anemometer-05-06', 'name': 'Анемометр цифровой AM-30', 'price': 5343.0, 'score': 991}, {'product_url': 'https://synthetic-shop.local/product/megohmmeter-05-09', 'name': 'Мегаомметр цифровой MI-1000', 'price': 17712.0, 'score': 974}, {'product_url': 'https://synthetic-shop.local/product/luxmeter-05-08', 'name': 'Люксметр LX-1010', 'price': 3222.0, 'score': 969}, {'product_url': 'https://synthetic-shop.local/product/multimeter-05-10', 'name': 'Мультиметр цифровой M830 Pro', 'price': 1916.0, 'score': 967}]",candidate_only,partial_validation,1,deterministic_empty,"{'deterministic_kept': 0, 'fallback_seen': 8, 'fallback_novel': 8, 'fallback_matched': 0, 'fields_filled': 0, 'union_count': 8}",candidate_only,"{'coverage_confident': False, 'coverage_candidate_count': 14, 'coverage_unmatched_count': 6, 'coverage_scan_truncated': False, 'coverage_unmatched_sample': [{'product_url': 'https://synthetic-shop.local/product/luxmeter-05-08', 'name': 'Люксметр LX-1010', 'price': 3222.0, 'score': 969}, {'product_url': 'https://synthetic-shop.local/product/multimeter-05-10', 'name': 'Мультиметр цифровой M830 Pro', 'price': 1916.0, 'score': 967}, {'product_url': 'https://synthetic-shop.local/product/optical-level-05-11', 'name': 'Нивелир оптический N-32', 'price': 22135.0, 'score': 956}, {'product_url': 'https://synthetic-shop.local/product/pyrometer-05-12', 'name': 'Пирометр инфракрасный IR-900', 'price': 3725.0, 'score': 953}, {'product_url': 'https://synthetic-shop.local/product/thermal-camera-05-13', 'name': 'Тепловизор строительный IR-256', 'price': 47742.0, 'score': 949}, {'product_url': 'https://synthetic-shop.local/product/socket-tester-05-14', 'name': 'Тестер розеток и УЗО ST-8', 'price': 2034.0, 'score': 936}]}"
robustness,syn-0005__wrapper_insert__03,syn-0005__wrapper_insert__03.html,0,0,0,False,False,{},20261004T181609Z-2ba1b2f7,deterministic_first_union_v1,False,14,14,False,"[{'product_url': 'https://synthetic-shop.local/product/moisture-meter-05-01', 'name': 'Влагомер древесины WM-2', 'price': 3190.0, 'score': 1025}, {'product_url': 'https://synthetic-shop.local/product/clamp-meter-05-02', 'name': 'Клещи токовые CM-600', 'price': 6535.0, 'score': 1015}, {'product_url': 'https://synthetic-shop.local/product/angle-meter-05-03', 'name': 'Угломер электронный AG-360', 'price': 3844.0, 'score': 1014}, {'product_url': 'https://synthetic-shop.local/product/laser-level-05-04', 'name': 'Лазерный уровень ЛУ-360 Pro', 'price': 13263.0, 'score': 1013}, {'product_url': 'https://synthetic-shop.local/product/laser-rangefinder-05-05', 'name': 'Дальномер лазерный DM-80', 'price': 6990.0, 'score': 998}, {'product_url': 'https://synthetic-shop.local/product/wall-scanner-05-07', 'name': 'Детектор скрытой проводки WallScan 5', 'price': 4873.0, 'score': 996}, {'product_url': 'https://synthetic-shop.local/product/anemometer-05-06', 'name': 'Анемометр цифровой AM-30', 'price': 5343.0, 'score': 991}, {'product_url': 'https://synthetic-shop.local/product/megohmmeter-05-09', 'name': 'Мегаомметр цифровой MI-1000', 'price': 17712.0, 'score': 974}, {'product_url': 'https://synthetic-shop.local/product/luxmeter-05-08', 'name': 'Люксметр LX-1010', 'price': 3222.0, 'score': 969}, {'product_url': 'https://synthetic-shop.local/product/multimeter-05-10', 'name': 'Мультиметр цифровой M830 Pro', 'price': 1916.0, 'score': 967}]",candidate_only,partial_validation,1,deterministic_empty,"{'deterministic_kept': 0, 'fallback_seen': 8, 'fallback_novel': 8, 'fallback_matched': 0, 'fields_filled': 0, 'union_count': 8}",candidate_only,"{'coverage_confident': False, 'coverage_candidate_count': 14, 'coverage_unmatched_count': 6, 'coverage_scan_truncated': False, 'coverage_unmatched_sample': [{'product_url': 'https://synthetic-shop.local/product/luxmeter-05-08', 'name': 'Люксметр LX-1010', 'price': 3222.0, 'score': 969}, {'product_url': 'https://synthetic-shop.local/product/multimeter-05-10', 'name': 'Мультиметр цифровой M830 Pro', 'price': 1916.0, 'score': 967}, {'product_url': 'https://synthetic-shop.local/product/optical-level-05-11', 'name': 'Нивелир оптический N-32', 'price': 22135.0, 'score': 956}, {'product_url': 'https://synthetic-shop.local/product/pyrometer-05-12', 'name': 'Пирометр инфракрасный IR-900', 'price': 3725.0, 'score': 953}, {'product_url': 'https://synthetic-shop.local/product/thermal-camera-05-13', 'name': 'Тепловизор строительный IR-256', 'price': 47742.0, 'score': 949}, {'product_url': 'https://synthetic-shop.local/product/socket-tester-05-14', 'name': 'Тестер розеток и УЗО ST-8', 'price': 2034.0, 'score': 936}]}"
robustness,syn-0005__field_reorder__01,syn-0005__field_reorder__01.html,0,0,0,False,False,{},20261004T181609Z-2ba1b2f7,deterministic_first_union_v1,False,14,14,False,"[{'product_url': 'https://synthetic-shop.local/product/moisture-meter-05-01', 'name': 'Влагомер древесины WM-2', 'price': 3190.0, 'score': 1025}, {'product_url': 'https://synthetic-shop.local/product/clamp-meter-05-02', 'name': 'Клещи токовые CM-600', 'price': 6535.0, 'score': 1015}, {'product_url': 'https://synthetic-shop.local/product/angle-meter-05-03', 'name': 'Угломер электронный AG-360', 'price': 3844.0, 'score': 1014}, {'product_url': 'https://synthetic-shop.local/product/laser-level-05-04', 'name': 'Лазерный уровень ЛУ-360 Pro', 'price': 13263.0, 'score': 1013}, {'product_url': 'https://synthetic-shop.local/product/laser-rangefinder-05-05', 'name': 'Дальномер лазерный DM-80', 'price': 6990.0, 'score': 998}, {'product_url': 'https://synthetic-shop.local/product/wall-scanner-05-07', 'name': 'Детектор скрытой проводки WallScan 5', 'price': 4873.0, 'score': 996}, {'product_url': 'https://synthetic-shop.local/product/anemometer-05-06', 'name': 'Анемометр цифровой AM-30', 'price': 5343.0, 'score': 991}, {'product_url': 'https://synthetic-shop.local/product/megohmmeter-05-09', 'name': 'Мегаомметр цифровой MI-1000', 'price': 17712.0, 'score': 974}, {'product_url': 'https://synthetic-shop.local/product/luxmeter-05-08', 'name': 'Люксметр LX-1010', 'price': 3222.0, 'score': 969}, {'product_url': 'https://synthetic-shop.local/product/multimeter-05-10', 'name': 'Мультиметр цифровой M830 Pro', 'price': 1916.0, 'score': 967}]",candidate_only,partial_validation,1,deterministic_empty,"{'deterministic_kept': 0, 'fallback_seen': 8, 'fallback_novel': 8, 'fallback_matched': 0, 'fields_filled': 0, 'union_count': 8}",candidate_only,"{'coverage_confident': False, 'coverage_candidate_count': 14, 'coverage_unmatched_count': 6, 'coverage_scan_truncated': False, 'coverage_unmatched_sample': [{'product_url': 'https://synthetic-shop.local/product/luxmeter-05-08', 'name': 'Люксметр LX-1010', 'price': 3222.0, 'score': 969}, {'product_url': 'https://synthetic-shop.local/product/multimeter-05-10', 'name': 'Мультиметр цифровой M830 Pro', 'price': 1916.0, 'score': 967}, {'product_url': 'https://synthetic-shop.local/product/optical-level-05-11', 'name': 'Нивелир оптический N-32', 'price': 22135.0, 'score': 956}, {'product_url': 'https://synthetic-shop.local/product/pyrometer-05-12', 'name': 'Пирометр инфракрасный IR-900', 'price': 3725.0, 'score': 953}, {'product_url': 'https://synthetic-shop.local/product/thermal-camera-05-13', 'name': 'Тепловизор строительный IR-256', 'price': 47742.0, 'score': 949}, {'product_url': 'https://synthetic-shop.local/product/socket-tester-05-14', 'name': 'Тестер розеток и УЗО ST-8', 'price': 2034.0, 'score': 936}]}"
robustness,syn-0005__field_reorder__02,syn-0005__field_reorder__02.html,0,0,0,False,False,{},20261004T181609Z-2ba1b2f7,deterministic_first_union_v1,False,14,14,False,"[{'product_url': 'https://synthetic-shop.local/product/moisture-meter-05-01', 'name': 'Влагомер древесины WM-2', 'price': 3190.0, 'score': 1025}, {'product_url': 'https://synthetic-shop.local/product/clamp-meter-05-02', 'name': 'Клещи токовые CM-600', 'price': 6535.0, 'score': 1015}, {'product_url': 'https://synthetic-shop.local/product/angle-meter-05-03', 'name': 'Угломер электронный AG-360', 'price': 3844.0, 'score': 1014}, {'product_url': 'https://synthetic-shop.local/product/laser-level-05-04', 'name': 'Лазерный уровень ЛУ-360 Pro', 'price': 13263.0, 'score': 1013}, {'product_url': 'https://synthetic-shop.local/product/laser-rangefinder-05-05', 'name': 'Дальномер лазерный DM-80', 'price': 6990.0, 'score': 998}, {'product_url': 'https://synthetic-shop.local/product/wall-scanner-05-07', 'name': 'Детектор скрытой проводки WallScan 5', 'price': 4873.0, 'score': 996}, {'product_url': 'https://synthetic-shop.local/product/anemometer-05-06', 'name': 'Анемометр цифровой AM-30', 'price': 5343.0, 'score': 991}, {'product_url': 'https://synthetic-shop.local/product/megohmmeter-05-09', 'name': 'Мегаомметр цифровой MI-1000', 'price': 17712.0, 'score': 974}, {'product_url': 'https://synthetic-shop.local/product/luxmeter-05-08', 'name': 'Люксметр LX-1010', 'price': 3222.0, 'score': 969}, {'product_url': 'https://synthetic-shop.local/product/multimeter-05-10', 'name': 'Мультиметр цифровой M830 Pro', 'price': 1916.0, 'score': 967}]",candidate_only,partial_validation,1,deterministic_empty,"{'deterministic_kept': 0, 'fallback_seen': 8, 'fallback_novel': 8, 'fallback_matched': 0, 'fields_filled': 0, 'union_count': 8}",candidate_only,"{'coverage_confident': False, 'coverage_candidate_count': 14, 'coverage_unmatched_count': 6, 'coverage_scan_truncated': False, 'coverage_unmatched_sample': [{'product_url': 'https://synthetic-shop.local/product/luxmeter-05-08', 'name': 'Люксметр LX-1010', 'price': 3222.0, 'score': 969}, {'product_url': 'https://synthetic-shop.local/product/multimeter-05-10', 'name': 'Мультиметр цифровой M830 Pro', 'price': 1916.0, 'score': 967}, {'product_url': 'https://synthetic-shop.local/product/optical-level-05-11', 'name': 'Нивелир оптический N-32', 'price': 22135.0, 'score': 956}, {'product_url': 'https://synthetic-shop.local/product/pyrometer-05-12', 'name': 'Пирометр инфракрасный IR-900', 'price': 3725.0, 'score': 953}, {'product_url': 'https://synthetic-shop.local/product/thermal-camera-05-13', 'name': 'Тепловизор строительный IR-256', 'price': 47742.0, 'score': 949}, {'product_url': 'https://synthetic-shop.local/product/socket-tester-05-14', 'name': 'Тестер розеток и УЗО ST-8', 'price': 2034.0, 'score': 936}]}"
robustness,syn-0005__subtree_relocate__01,syn-0005__subtree_relocate__01.html,0,0,0,False,False,{},20261004T181609Z-2ba1b2f7,deterministic_first_union_v1,False,14,14,False,"[{'product_url': 'https://synthetic-shop.local/product/moisture-meter-05-01', 'name': 'Влагомер древесины WM-2', 'price': 3190.0, 'score': 1025}, {'product_url': 'https://synthetic-shop.local/product/clamp-meter-05-02', 'name': 'Клещи токовые CM-600', 'price': 6535.0, 'score': 1015}, {'product_url': 'https://synthetic-shop.local/product/angle-meter-05-03', 'name': 'Угломер электронный AG-360', 'price': 3844.0, 'score': 1014}, {'product_url': 'https://synthetic-shop.local/product/laser-level-05-04', 'name': 'Лазерный уровень ЛУ-360 Pro', 'price': 13263.0, 'score': 1013}, {'product_url': 'https://synthetic-shop.local/product/laser-rangefinder-05-05', 'name': 'Дальномер лазерный DM-80', 'price': 6990.0, 'score': 998}, {'product_url': 'https://synthetic-shop.local/product/wall-scanner-05-07', 'name': 'Детектор скрытой проводки WallScan 5', 'price': 4873.0, 'score': 996}, {'product_url': 'https://synthetic-shop.local/product/anemometer-05-06', 'name': 'Анемометр цифровой AM-30', 'price': 5343.0, 'score': 991}, {'product_url': 'https://synthetic-shop.local/product/megohmmeter-05-09', 'name': 'Мегаомметр цифровой MI-1000', 'price': 17712.0, 'score': 974}, {'product_url': 'https://synthetic-shop.local/product/luxmeter-05-08', 'name': 'Люксметр LX-1010', 'price': 3222.0, 'score': 969}, {'product_url': 'https://synthetic-shop.local/product/multimeter-05-10', 'name': 'Мультиметр цифровой M830 Pro', 'price': 1916.0, 'score': 967}]",candidate_only,partial_validation,1,deterministic_empty,"{'deterministic_kept': 0, 'fallback_seen': 8, 'fallback_novel': 8, 'fallback_matched': 0, 'fields_filled': 0, 'union_count': 8}",candidate_only,"{'coverage_confident': False, 'coverage_candidate_count': 14, 'coverage_unmatched_count': 6, 'coverage_scan_truncated': False, 'coverage_unmatched_sample': [{'product_url': 'https://synthetic-shop.local/product/luxmeter-05-08', 'name': 'Люксметр LX-1010', 'price': 3222.0, 'score': 969}, {'product_url': 'https://synthetic-shop.local/product/multimeter-05-10', 'name': 'Мультиметр цифровой M830 Pro', 'price': 1916.0, 'score': 967}, {'product_url': 'https://synthetic-shop.local/product/optical-level-05-11', 'name': 'Нивелир оптический N-32', 'price': 22135.0, 'score': 956}, {'product_url': 'https://synthetic-shop.local/product/pyrometer-05-12', 'name': 'Пирометр инфракрасный IR-900', 'price': 3725.0, 'score': 953}, {'product_url': 'https://synthetic-shop.local/product/thermal-camera-05-13', 'name': 'Тепловизор строительный IR-256', 'price': 47742.0, 'score': 949}, {'product_url': 'https://synthetic-shop.local/product/socket-tester-05-14', 'name': 'Тестер розеток и УЗО ST-8', 'price': 2034.0, 'score': 936}]}"
robustness,syn-0005__subtree_relocate__02,syn-0005__subtree_relocate__02.html,0,0,0,False,False,{},20261004T181609Z-2ba1b2f7,deterministic_first_union_v1,False,14,14,False,"[{'product_url': 'https://synthetic-shop.local/product/moisture-meter-05-01', 'name': 'Влагомер древесины WM-2', 'price': 3190.0, 'score': 1025}, {'product_url': 'https://synthetic-shop.local/product/clamp-meter-05-02', 'name': 'Клещи токовые CM-600', 'price': 6535.0, 'score': 1015}, {'product_url': 'https://synthetic-shop.local/product/angle-meter-05-03', 'name': 'Угломер электронный AG-360', 'price': 3844.0, 'score': 1014}, {'product_url': 'https://synthetic-shop.local/product/laser-level-05-04', 'name': 'Лазерный уровень ЛУ-360 Pro', 'price': 13263.0, 'score': 1013}, {'product_url': 'https://synthetic-shop.local/product/laser-rangefinder-05-05', 'name': 'Дальномер лазерный DM-80', 'price': 6990.0, 'score': 998}, {'product_url': 'https://synthetic-shop.local/product/wall-scanner-05-07', 'name': 'Детектор скрытой проводки WallScan 5', 'price': 4873.0, 'score': 996}, {'product_url': 'https://synthetic-shop.local/product/anemometer-05-06', 'name': 'Анемометр цифровой AM-30', 'price': 5343.0, 'score': 991}, {'product_url': 'https://synthetic-shop.local/product/megohmmeter-05-09', 'name': 'Мегаомметр цифровой MI-1000', 'price': 17712.0, 'score': 974}, {'product_url': 'https://synthetic-shop.local/product/luxmeter-05-08', 'name': 'Люксметр LX-1010', 'price': 3222.0, 'score': 969}, {'product_url': 'https://synthetic-shop.local/product/multimeter-05-10', 'name': 'Мультиметр цифровой M830 Pro', 'price': 1916.0, 'score': 967}]",candidate_only,partial_validation,1,deterministic_empty,"{'deterministic_kept': 0, 'fallback_seen': 8, 'fallback_novel': 8, 'fallback_matched': 0, 'fields_filled': 0, 'union_count': 8}",candidate_only,"{'coverage_confident': False, 'coverage_candidate_count': 14, 'coverage_unmatched_count': 6, 'coverage_scan_truncated': False, 'coverage_unmatched_sample': [{'product_url': 'https://synthetic-shop.local/product/luxmeter-05-08', 'name': 'Люксметр LX-1010', 'price': 3222.0, 'score': 969}, {'product_url': 'https://synthetic-shop.local/product/multimeter-05-10', 'name': 'Мультиметр цифровой M830 Pro', 'price': 1916.0, 'score': 967}, {'product_url': 'https://synthetic-shop.local/product/optical-level-05-11', 'name': 'Нивелир оптический N-32', 'price': 22135.0, 'score': 956}, {'product_url': 'https://synthetic-shop.local/product/pyrometer-05-12', 'name': 'Пирометр инфракрасный IR-900', 'price': 3725.0, 'score': 953}, {'product_url': 'https://synthetic-shop.local/product/thermal-camera-05-13', 'name': 'Тепловизор строительный IR-256', 'price': 47742.0, 'score': 949}, {'product_url': 'https://synthetic-shop.local/product/socket-tester-05-14', 'name': 'Тестер розеток и УЗО ST-8', 'price': 2034.0, 'score': 936}]}"
robustness,syn-0006__class_rename__01,syn-0006__class_rename__01.html,0,0,0,False,False,{},20261004T181609Z-2ba1b2f7,deterministic_first_union_v1,False,28,28,False,"[{'product_url': 'https://synthetic-shop.local/product/laser-level-06-01', 'name': 'Лазерный уровень ЛУ-360 Pro', 'price': 13081.0, 'score': 438}, {'product_url': 'https://synthetic-shop.local/product/multimeter-06-03', 'name': 'Мультиметр цифровой M830 Pro', 'price': 1929.0, 'score': 428}, {'product_url': 'https://synthetic-shop.local/product/laser-rangefinder-06-02', 'name': 'Дальномер лазерный DM-80', 'price': 7088.0, 'score': 427}, {'product_url': 'https://synthetic-shop.local/product/thermal-camera-06-04', 'name': 'Тепловизор строительный IR-256', 'price': 42900.0, 'score': 420}, {'product_url': 'https://synthetic-shop.local/product/optical-level-06-05', 'name': 'Нивелир оптический N-32', 'price': 21640.0, 'score': 406}, {'product_url': 'https://synthetic-shop.local/product/anemometer-06-06', 'name': 'Анемометр цифровой AM-30', 'price': 5713.0, 'score': 399}, {'product_url': 'https://synthetic-shop.local/product/wall-scanner-06-08', 'name': 'Детектор скрытой проводки WallScan 5', 'price': 4733.0, 'score': 397}, {'product_url': 'https://synthetic-shop.local/product/moisture-meter-06-07', 'name': 'Влагомер древесины WM-2', 'price': 3590.0, 'score': 391}, {'product_url': 'https://synthetic-shop.local/product/clamp-meter-06-09', 'name': 'Клещи токовые CM-600', 'price': 6890.0, 'score': 378}, {'product_url': 'https://synthetic-shop.local/product/megohmmeter-06-11', 'name': 'Мегаомметр цифровой MI-1000', 'price': 17712.0, 'score': 368}]",candidate_only,partial_validation,1,deterministic_empty,"{'deterministic_kept': 0, 'fallback_seen': 8, 'fallback_novel': 8, 'fallback_matched': 0, 'fields_filled': 0, 'union_count': 8}",candidate_only,"{'coverage_confident': False, 'coverage_candidate_count': 28, 'coverage_unmatched_count': 20, 'coverage_scan_truncated': False, 'coverage_unmatched_sample': [{'product_url': 'https://synthetic-shop.local/product/clamp-meter-06-09', 'name': 'Клещи токовые CM-600', 'price': 6890.0, 'score': 378}, {'product_url': 'https://synthetic-shop.local/product/megohmmeter-06-11', 'name': 'Мегаомметр цифровой MI-1000', 'price': 17712.0, 'score': 368}, {'product_url': 'https://synthetic-shop.local/product/luxmeter-06-10', 'name': 'Люксметр LX-1010', 'price': 3222.0, 'score': 363}, {'product_url': 'https://synthetic-shop.local/product/pyrometer-06-12', 'name': 'Пирометр инфракрасный IR-900', 'price': 3514.0, 'score': 361}, {'product_url': 'https://synthetic-shop.local/product/socket-tester-06-13', 'name': 'Тестер розеток и УЗО ST-8', 'price': 1870.0, 'score': 351}, {'product_url': 'https://synthetic-shop.local/product/coating-gauge-06-14', 'name': 'Толщиномер покрытий CT-1200', 'price': 9529.0, 'score': 346}, {'product_url': 'https://synthetic-shop.local/product/anemometer-06-16', 'name': 'Анемометр цифровой AM-30 — серия 2', 'price': 5925.0, 'score': 339}, {'product_url': 'https://synthetic-shop.local/product/angle-meter-06-15', 'name': 'Угломер электронный AG-360', 'price': 4190.0, 'score': 338}, {'product_url': 'https://synthetic-shop.local/product/moisture-meter-06-17', 'name': 'Влагомер древесины WM-2 — серия 2', 'price': 3299.0, 'score': 331}, {'product_url': 'https://synthetic-shop.local/product/wall-scanner-06-19', 'name': 'Детектор скрытой проводки WallScan 5 — серия 2', 'price': 5061.0, 'score': 330}]}"
robustness,syn-0006__class_rename__02,syn-0006__class_rename__02.html,0,0,0,False,False,{},20261004T181609Z-2ba1b2f7,deterministic_first_union_v1,False,28,28,False,"[{'product_url': 'https://synthetic-shop.local/product/laser-level-06-01', 'name': 'Лазерный уровень ЛУ-360 Pro', 'price': 13081.0, 'score': 438}, {'product_url': 'https://synthetic-shop.local/product/multimeter-06-03', 'name': 'Мультиметр цифровой M830 Pro', 'price': 1929.0, 'score': 428}, {'product_url': 'https://synthetic-shop.local/product/laser-rangefinder-06-02', 'name': 'Дальномер лазерный DM-80', 'price': 7088.0, 'score': 427}, {'product_url': 'https://synthetic-shop.local/product/thermal-camera-06-04', 'name': 'Тепловизор строительный IR-256', 'price': 42900.0, 'score': 420}, {'product_url': 'https://synthetic-shop.local/product/optical-level-06-05', 'name': 'Нивелир оптический N-32', 'price': 21640.0, 'score': 406}, {'product_url': 'https://synthetic-shop.local/product/anemometer-06-06', 'name': 'Анемометр цифровой AM-30', 'price': 5713.0, 'score': 399}, {'product_url': 'https://synthetic-shop.local/product/wall-scanner-06-08', 'name': 'Детектор скрытой проводки WallScan 5', 'price': 4733.0, 'score': 397}, {'product_url': 'https://synthetic-shop.local/product/moisture-meter-06-07', 'name': 'Влагомер древесины WM-2', 'price': 3590.0, 'score': 391}, {'product_url': 'https://synthetic-shop.local/product/clamp-meter-06-09', 'name': 'Клещи токовые CM-600', 'price': 6890.0, 'score': 378}, {'product_url': 'https://synthetic-shop.local/product/megohmmeter-06-11', 'name': 'Мегаомметр цифровой MI-1000', 'price': 17712.0, 'score': 368}]",candidate_only,partial_validation,1,deterministic_empty,"{'deterministic_kept': 0, 'fallback_seen': 8, 'fallback_novel': 8, 'fallback_matched': 0, 'fields_filled': 0, 'union_count': 8}",candidate_only,"{'coverage_confident': False, 'coverage_candidate_count': 28, 'coverage_unmatched_count': 20, 'coverage_scan_truncated': False, 'coverage_unmatched_sample': [{'product_url': 'https://synthetic-shop.local/product/clamp-meter-06-09', 'name': 'Клещи токовые CM-600', 'price': 6890.0, 'score': 378}, {'product_url': 'https://synthetic-shop.local/product/megohmmeter-06-11', 'name': 'Мегаомметр цифровой MI-1000', 'price': 17712.0, 'score': 368}, {'product_url': 'https://synthetic-shop.local/product/luxmeter-06-10', 'name': 'Люксметр LX-1010', 'price': 3222.0, 'score': 363}, {'product_url': 'https://synthetic-shop.local/product/pyrometer-06-12', 'name': 'Пирометр инфракрасный IR-900', 'price': 3514.0, 'score': 361}, {'product_url': 'https://synthetic-shop.local/product/socket-tester-06-13', 'name': 'Тестер розеток и УЗО ST-8', 'price': 1870.0, 'score': 351}, {'product_url': 'https://synthetic-shop.local/product/coating-gauge-06-14', 'name': 'Толщиномер покрытий CT-1200', 'price': 9529.0, 'score': 346}, {'product_url': 'https://synthetic-shop.local/product/anemometer-06-16', 'name': 'Анемометр цифровой AM-30 — серия 2', 'price': 5925.0, 'score': 339}, {'product_url': 'https://synthetic-shop.local/product/angle-meter-06-15', 'name': 'Угломер электронный AG-360', 'price': 4190.0, 'score': 338}, {'product_url': 'https://synthetic-shop.local/product/moisture-meter-06-17', 'name': 'Влагомер древесины WM-2 — серия 2', 'price': 3299.0, 'score': 331}, {'product_url': 'https://synthetic-shop.local/product/wall-scanner-06-19', 'name': 'Детектор скрытой проводки WallScan 5 — серия 2', 'price': 5061.0, 'score': 330}]}"
robustness,syn-0006__class_rename__03,syn-0006__class_rename__03.html,0,0,0,False,False,{},20261004T181609Z-2ba1b2f7,deterministic_first_union_v1,False,28,28,False,"[{'product_url': 'https://synthetic-shop.local/product/laser-level-06-01', 'name': 'Лазерный уровень ЛУ-360 Pro', 'price': 13081.0, 'score': 438}, {'product_url': 'https://synthetic-shop.local/product/multimeter-06-03', 'name': 'Мультиметр цифровой M830 Pro', 'price': 1929.0, 'score': 428}, {'product_url': 'https://synthetic-shop.local/product/laser-rangefinder-06-02', 'name': 'Дальномер лазерный DM-80', 'price': 7088.0, 'score': 427}, {'product_url': 'https://synthetic-shop.local/product/thermal-camera-06-04', 'name': 'Тепловизор строительный IR-256', 'price': 42900.0, 'score': 420}, {'product_url': 'https://synthetic-shop.local/product/optical-level-06-05', 'name': 'Нивелир оптический N-32', 'price': 21640.0, 'score': 406}, {'product_url': 'https://synthetic-shop.local/product/anemometer-06-06', 'name': 'Анемометр цифровой AM-30', 'price': 5713.0, 'score': 399}, {'product_url': 'https://synthetic-shop.local/product/wall-scanner-06-08', 'name': 'Детектор скрытой проводки WallScan 5', 'price': 4733.0, 'score': 397}, {'product_url': 'https://synthetic-shop.local/product/moisture-meter-06-07', 'name': 'Влагомер древесины WM-2', 'price': 3590.0, 'score': 391}, {'product_url': 'https://synthetic-shop.local/product/clamp-meter-06-09', 'name': 'Клещи токовые CM-600', 'price': 6890.0, 'score': 378}, {'product_url': 'https://synthetic-shop.local/product/megohmmeter-06-11', 'name': 'Мегаомметр цифровой MI-1000', 'price': 17712.0, 'score': 368}]",candidate_only,partial_validation,1,deterministic_empty,"{'deterministic_kept': 0, 'fallback_seen': 8, 'fallback_novel': 8, 'fallback_matched': 0, 'fields_filled': 0, 'union_count': 8}",candidate_only,"{'coverage_confident': False, 'coverage_candidate_count': 28, 'coverage_unmatched_count': 20, 'coverage_scan_truncated': False, 'coverage_unmatched_sample': [{'product_url': 'https://synthetic-shop.local/product/clamp-meter-06-09', 'name': 'Клещи токовые CM-600', 'price': 6890.0, 'score': 378}, {'product_url': 'https://synthetic-shop.local/product/megohmmeter-06-11', 'name': 'Мегаомметр цифровой MI-1000', 'price': 17712.0, 'score': 368}, {'product_url': 'https://synthetic-shop.local/product/luxmeter-06-10', 'name': 'Люксметр LX-1010', 'price': 3222.0, 'score': 363}, {'product_url': 'https://synthetic-shop.local/product/pyrometer-06-12', 'name': 'Пирометр инфракрасный IR-900', 'price': 3514.0, 'score': 361}, {'product_url': 'https://synthetic-shop.local/product/socket-tester-06-13', 'name': 'Тестер розеток и УЗО ST-8', 'price': 1870.0, 'score': 351}, {'product_url': 'https://synthetic-shop.local/product/coating-gauge-06-14', 'name': 'Толщиномер покрытий CT-1200', 'price': 9529.0, 'score': 346}, {'product_url': 'https://synthetic-shop.local/product/anemometer-06-16', 'name': 'Анемометр цифровой AM-30 — серия 2', 'price': 5925.0, 'score': 339}, {'product_url': 'https://synthetic-shop.local/product/angle-meter-06-15', 'name': 'Угломер электронный AG-360', 'price': 4190.0, 'score': 338}, {'product_url': 'https://synthetic-shop.local/product/moisture-meter-06-17', 'name': 'Влагомер древесины WM-2 — серия 2', 'price': 3299.0, 'score': 331}, {'product_url': 'https://synthetic-shop.local/product/wall-scanner-06-19', 'name': 'Детектор скрытой проводки WallScan 5 — серия 2', 'price': 5061.0, 'score': 330}]}"
robustness,syn-0006__wrapper_insert__01,syn-0006__wrapper_insert__01.html,0,0,0,False,False,{},20261004T181609Z-2ba1b2f7,deterministic_first_union_v1,False,28,28,False,"[{'product_url': 'https://synthetic-shop.local/product/laser-level-06-01', 'name': 'Лазерный уровень ЛУ-360 Pro', 'price': 13081.0, 'score': 948}, {'product_url': 'https://synthetic-shop.local/product/multimeter-06-03', 'name': 'Мультиметр цифровой M830 Pro', 'price': 1929.0, 'score': 938}, {'product_url': 'https://synthetic-shop.local/product/laser-rangefinder-06-02', 'name': 'Дальномер лазерный DM-80', 'price': 7088.0, 'score': 937}, {'product_url': 'https://synthetic-shop.local/product/thermal-camera-06-04', 'name': 'Тепловизор строительный IR-256', 'price': 42900.0, 'score': 930}, {'product_url': 'https://synthetic-shop.local/product/optical-level-06-05', 'name': 'Нивелир оптический N-32', 'price': 21640.0, 'score': 916}, {'product_url': 'https://synthetic-shop.local/product/anemometer-06-06', 'name': 'Анемометр цифровой AM-30', 'price': 5713.0, 'score': 909}, {'product_url': 'https://synthetic-shop.local/product/wall-scanner-06-08', 'name': 'Детектор скрытой проводки WallScan 5', 'price': 4733.0, 'score': 907}, {'product_url': 'https://synthetic-shop.local/product/moisture-meter-06-07', 'name': 'Влагомер древесины WM-2', 'price': 3590.0, 'score': 901}, {'product_url': 'https://synthetic-shop.local/product/clamp-meter-06-09', 'name': 'Клещи токовые CM-600', 'price': 6890.0, 'score': 888}, {'product_url': 'https://synthetic-shop.local/product/megohmmeter-06-11', 'name': 'Мегаомметр цифровой MI-1000', 'price': 17712.0, 'score': 878}]",candidate_only,partial_validation,1,deterministic_empty,"{'deterministic_kept': 0, 'fallback_seen': 8, 'fallback_novel': 8, 'fallback_matched': 0, 'fields_filled': 0, 'union_count': 8}",candidate_only,"{'coverage_confident': False, 'coverage_candidate_count': 28, 'coverage_unmatched_count': 20, 'coverage_scan_truncated': False, 'coverage_unmatched_sample': [{'product_url': 'https://synthetic-shop.local/product/clamp-meter-06-09', 'name': 'Клещи токовые CM-600', 'price': 6890.0, 'score': 888}, {'product_url': 'https://synthetic-shop.local/product/megohmmeter-06-11', 'name': 'Мегаомметр цифровой MI-1000', 'price': 17712.0, 'score': 878}, {'product_url': 'https://synthetic-shop.local/product/luxmeter-06-10', 'name': 'Люксметр LX-1010', 'price': 3222.0, 'score': 873}, {'product_url': 'https://synthetic-shop.local/product/pyrometer-06-12', 'name': 'Пирометр инфракрасный IR-900', 'price': 3514.0, 'score': 871}, {'product_url': 'https://synthetic-shop.local/product/socket-tester-06-13', 'name': 'Тестер розеток и УЗО ST-8', 'price': 1870.0, 'score': 861}, {'product_url': 'https://synthetic-shop.local/product/coating-gauge-06-14', 'name': 'Толщиномер покрытий CT-1200', 'price': 9529.0, 'score': 856}, {'product_url': 'https://synthetic-shop.local/product/anemometer-06-16', 'name': 'Анемометр цифровой AM-30 — серия 2', 'price': 5925.0, 'score': 849}, {'product_url': 'https://synthetic-shop.local/product/angle-meter-06-15', 'name': 'Угломер электронный AG-360', 'price': 4190.0, 'score': 848}, {'product_url': 'https://synthetic-shop.local/product/moisture-meter-06-17', 'name': 'Влагомер древесины WM-2 — серия 2', 'price': 3299.0, 'score': 841}, {'product_url': 'https://synthetic-shop.local/product/wall-scanner-06-19', 'name': 'Детектор скрытой проводки WallScan 5 — серия 2', 'price': 5061.0, 'score': 840}]}"
robustness,syn-0006__wrapper_insert__02,syn-0006__wrapper_insert__02.html,0,0,0,False,False,{},20261004T181609Z-2ba1b2f7,deterministic_first_union_v1,False,28,28,False,"[{'product_url': 'https://synthetic-shop.local/product/laser-level-06-01', 'name': 'Лазерный уровень ЛУ-360 Pro', 'price': 13081.0, 'score': 438}, {'product_url': 'https://synthetic-shop.local/product/multimeter-06-03', 'name': 'Мультиметр цифровой M830 Pro', 'price': 1929.0, 'score': 428}, {'product_url': 'https://synthetic-shop.local/product/laser-rangefinder-06-02', 'name': 'Дальномер лазерный DM-80', 'price': 7088.0, 'score': 427}, {'product_url': 'https://synthetic-shop.local/product/thermal-camera-06-04', 'name': 'Тепловизор строительный IR-256', 'price': 42900.0, 'score': 420}, {'product_url': 'https://synthetic-shop.local/product/optical-level-06-05', 'name': 'Нивелир оптический N-32', 'price': 21640.0, 'score': 406}, {'product_url': 'https://synthetic-shop.local/product/anemometer-06-06', 'name': 'Анемометр цифровой AM-30', 'price': 5713.0, 'score': 399}, {'product_url': 'https://synthetic-shop.local/product/wall-scanner-06-08', 'name': 'Детектор скрытой проводки WallScan 5', 'price': 4733.0, 'score': 397}, {'product_url': 'https://synthetic-shop.local/product/moisture-meter-06-07', 'name': 'Влагомер древесины WM-2', 'price': 3590.0, 'score': 391}, {'product_url': 'https://synthetic-shop.local/product/clamp-meter-06-09', 'name': 'Клещи токовые CM-600', 'price': 6890.0, 'score': 378}, {'product_url': 'https://synthetic-shop.local/product/megohmmeter-06-11', 'name': 'Мегаомметр цифровой MI-1000', 'price': 17712.0, 'score': 368}]",candidate_only,partial_validation,1,deterministic_empty,"{'deterministic_kept': 0, 'fallback_seen': 8, 'fallback_novel': 8, 'fallback_matched': 0, 'fields_filled': 0, 'union_count': 8}",candidate_only,"{'coverage_confident': False, 'coverage_candidate_count': 28, 'coverage_unmatched_count': 20, 'coverage_scan_truncated': False, 'coverage_unmatched_sample': [{'product_url': 'https://synthetic-shop.local/product/clamp-meter-06-09', 'name': 'Клещи токовые CM-600', 'price': 6890.0, 'score': 378}, {'product_url': 'https://synthetic-shop.local/product/megohmmeter-06-11', 'name': 'Мегаомметр цифровой MI-1000', 'price': 17712.0, 'score': 368}, {'product_url': 'https://synthetic-shop.local/product/luxmeter-06-10', 'name': 'Люксметр LX-1010', 'price': 3222.0, 'score': 363}, {'product_url': 'https://synthetic-shop.local/product/pyrometer-06-12', 'name': 'Пирометр инфракрасный IR-900', 'price': 3514.0, 'score': 361}, {'product_url': 'https://synthetic-shop.local/product/socket-tester-06-13', 'name': 'Тестер розеток и УЗО ST-8', 'price': 1870.0, 'score': 351}, {'product_url': 'https://synthetic-shop.local/product/coating-gauge-06-14', 'name': 'Толщиномер покрытий CT-1200', 'price': 9529.0, 'score': 346}, {'product_url': 'https://synthetic-shop.local/product/anemometer-06-16', 'name': 'Анемометр цифровой AM-30 — серия 2', 'price': 5925.0, 'score': 339}, {'product_url': 'https://synthetic-shop.local/product/angle-meter-06-15', 'name': 'Угломер электронный AG-360', 'price': 4190.0, 'score': 338}, {'product_url': 'https://synthetic-shop.local/product/moisture-meter-06-17', 'name': 'Влагомер древесины WM-2 — серия 2', 'price': 3299.0, 'score': 331}, {'product_url': 'https://synthetic-shop.local/product/wall-scanner-06-19', 'name': 'Детектор скрытой проводки WallScan 5 — серия 2', 'price': 5061.0, 'score': 330}]}"
robustness,syn-0006__wrapper_insert__03,syn-0006__wrapper_insert__03.html,0,0,0,False,False,{},20261004T181609Z-2ba1b2f7,deterministic_first_union_v1,False,28,28,False,"[{'product_url': 'https://synthetic-shop.local/product/laser-level-06-01', 'name': 'Лазерный уровень ЛУ-360 Pro', 'price': 13081.0, 'score': 948}, {'product_url': 'https://synthetic-shop.local/product/multimeter-06-03', 'name': 'Мультиметр цифровой M830 Pro', 'price': 1929.0, 'score': 938}, {'product_url': 'https://synthetic-shop.local/product/laser-rangefinder-06-02', 'name': 'Дальномер лазерный DM-80', 'price': 7088.0, 'score': 937}, {'product_url': 'https://synthetic-shop.local/product/thermal-camera-06-04', 'name': 'Тепловизор строительный IR-256', 'price': 42900.0, 'score': 930}, {'product_url': 'https://synthetic-shop.local/product/optical-level-06-05', 'name': 'Нивелир оптический N-32', 'price': 21640.0, 'score': 916}, {'product_url': 'https://synthetic-shop.local/product/anemometer-06-06', 'name': 'Анемометр цифровой AM-30', 'price': 5713.0, 'score': 909}, {'product_url': 'https://synthetic-shop.local/product/wall-scanner-06-08', 'name': 'Детектор скрытой проводки WallScan 5', 'price': 4733.0, 'score': 907}, {'product_url': 'https://synthetic-shop.local/product/moisture-meter-06-07', 'name': 'Влагомер древесины WM-2', 'price': 3590.0, 'score': 901}, {'product_url': 'https://synthetic-shop.local/product/clamp-meter-06-09', 'name': 'Клещи токовые CM-600', 'price': 6890.0, 'score': 888}, {'product_url': 'https://synthetic-shop.local/product/megohmmeter-06-11', 'name': 'Мегаомметр цифровой MI-1000', 'price': 17712.0, 'score': 878}]",candidate_only,partial_validation,1,deterministic_empty,"{'deterministic_kept': 0, 'fallback_seen': 8, 'fallback_novel': 8, 'fallback_matched': 0, 'fields_filled': 0, 'union_count': 8}",candidate_only,"{'coverage_confident': False, 'coverage_candidate_count': 28, 'coverage_unmatched_count': 20, 'coverage_scan_truncated': False, 'coverage_unmatched_sample': [{'product_url': 'https://synthetic-shop.local/product/clamp-meter-06-09', 'name': 'Клещи токовые CM-600', 'price': 6890.0, 'score': 888}, {'product_url': 'https://synthetic-shop.local/product/megohmmeter-06-11', 'name': 'Мегаомметр цифровой MI-1000', 'price': 17712.0, 'score': 878}, {'product_url': 'https://synthetic-shop.local/product/luxmeter-06-10', 'name': 'Люксметр LX-1010', 'price': 3222.0, 'score': 873}, {'product_url': 'https://synthetic-shop.local/product/pyrometer-06-12', 'name': 'Пирометр инфракрасный IR-900', 'price': 3514.0, 'score': 871}, {'product_url': 'https://synthetic-shop.local/product/socket-tester-06-13', 'name': 'Тестер розеток и УЗО ST-8', 'price': 1870.0, 'score': 861}, {'product_url': 'https://synthetic-shop.local/product/coating-gauge-06-14', 'name': 'Толщиномер покрытий CT-1200', 'price': 9529.0, 'score': 856}, {'product_url': 'https://synthetic-shop.local/product/anemometer-06-16', 'name': 'Анемометр цифровой AM-30 — серия 2', 'price': 5925.0, 'score': 849}, {'product_url': 'https://synthetic-shop.local/product/angle-meter-06-15', 'name': 'Угломер электронный AG-360', 'price': 4190.0, 'score': 848}, {'product_url': 'https://synthetic-shop.local/product/moisture-meter-06-17', 'name': 'Влагомер древесины WM-2 — серия 2', 'price': 3299.0, 'score': 841}, {'product_url': 'https://synthetic-shop.local/product/wall-scanner-06-19', 'name': 'Детектор скрытой проводки WallScan 5 — серия 2', 'price': 5061.0, 'score': 840}]}"
robustness,syn-0006__field_reorder__01,syn-0006__field_reorder__01.html,0,0,0,False,False,{},20261004T181609Z-2ba1b2f7,deterministic_first_union_v1,False,28,28,False,"[{'product_url': 'https://synthetic-shop.local/product/laser-level-06-01', 'name': 'Лазерный уровень ЛУ-360 Pro', 'price': 13081.0, 'score': 438}, {'product_url': 'https://synthetic-shop.local/product/multimeter-06-03', 'name': 'Мультиметр цифровой M830 Pro', 'price': 1929.0, 'score': 428}, {'product_url': 'https://synthetic-shop.local/product/laser-rangefinder-06-02', 'name': 'Дальномер лазерный DM-80', 'price': 7088.0, 'score': 427}, {'product_url': 'https://synthetic-shop.local/product/thermal-camera-06-04', 'name': 'Тепловизор строительный IR-256', 'price': 42900.0, 'score': 420}, {'product_url': 'https://synthetic-shop.local/product/optical-level-06-05', 'name': 'Нивелир оптический N-32', 'price': 21640.0, 'score': 406}, {'product_url': 'https://synthetic-shop.local/product/anemometer-06-06', 'name': 'Анемометр цифровой AM-30', 'price': 5713.0, 'score': 399}, {'product_url': 'https://synthetic-shop.local/product/wall-scanner-06-08', 'name': 'Детектор скрытой проводки WallScan 5', 'price': 4733.0, 'score': 397}, {'product_url': 'https://synthetic-shop.local/product/moisture-meter-06-07', 'name': 'Влагомер древесины WM-2', 'price': 3590.0, 'score': 391}, {'product_url': 'https://synthetic-shop.local/product/clamp-meter-06-09', 'name': 'Клещи токовые CM-600', 'price': 6890.0, 'score': 378}, {'product_url': 'https://synthetic-shop.local/product/megohmmeter-06-11', 'name': 'Мегаомметр цифровой MI-1000', 'price': 17712.0, 'score': 368}]",candidate_only,partial_validation,1,deterministic_empty,"{'deterministic_kept': 0, 'fallback_seen': 8, 'fallback_novel': 8, 'fallback_matched': 0, 'fields_filled': 0, 'union_count': 8}",candidate_only,"{'coverage_confident': False, 'coverage_candidate_count': 28, 'coverage_unmatched_count': 20, 'coverage_scan_truncated': False, 'coverage_unmatched_sample': [{'product_url': 'https://synthetic-shop.local/product/clamp-meter-06-09', 'name': 'Клещи токовые CM-600', 'price': 6890.0, 'score': 378}, {'product_url': 'https://synthetic-shop.local/product/megohmmeter-06-11', 'name': 'Мегаомметр цифровой MI-1000', 'price': 17712.0, 'score': 368}, {'product_url': 'https://synthetic-shop.local/product/luxmeter-06-10', 'name': 'Люксметр LX-1010', 'price': 3222.0, 'score': 363}, {'product_url': 'https://synthetic-shop.local/product/pyrometer-06-12', 'name': 'Пирометр инфракрасный IR-900', 'price': 3514.0, 'score': 361}, {'product_url': 'https://synthetic-shop.local/product/socket-tester-06-13', 'name': 'Тестер розеток и УЗО ST-8', 'price': 1870.0, 'score': 351}, {'product_url': 'https://synthetic-shop.local/product/coating-gauge-06-14', 'name': 'Толщиномер покрытий CT-1200', 'price': 9529.0, 'score': 346}, {'product_url': 'https://synthetic-shop.local/product/anemometer-06-16', 'name': 'Анемометр цифровой AM-30 — серия 2', 'price': 5925.0, 'score': 339}, {'product_url': 'https://synthetic-shop.local/product/angle-meter-06-15', 'name': 'Угломер электронный AG-360', 'price': 4190.0, 'score': 338}, {'product_url': 'https://synthetic-shop.local/product/moisture-meter-06-17', 'name': 'Влагомер древесины WM-2 — серия 2', 'price': 3299.0, 'score': 331}, {'product_url': 'https://synthetic-shop.local/product/wall-scanner-06-19', 'name': 'Детектор скрытой проводки WallScan 5 — серия 2', 'price': 5061.0, 'score': 330}]}"
robustness,syn-0006__field_reorder__02,syn-0006__field_reorder__02.html,0,0,0,False,False,{},20261004T181609Z-2ba1b2f7,deterministic_first_union_v1,False,28,28,False,"[{'product_url': 'https://synthetic-shop.local/product/laser-level-06-01', 'name': 'Лазерный уровень ЛУ-360 Pro', 'price': 13081.0, 'score': 438}, {'product_url': 'https://synthetic-shop.local/product/multimeter-06-03', 'name': 'Мультиметр цифровой M830 Pro', 'price': 1929.0, 'score': 428}, {'product_url': 'https://synthetic-shop.local/product/laser-rangefinder-06-02', 'name': 'Дальномер лазерный DM-80', 'price': 7088.0, 'score': 427}, {'product_url': 'https://synthetic-shop.local/product/thermal-camera-06-04', 'name': 'Тепловизор строительный IR-256', 'price': 42900.0, 'score': 420}, {'product_url': 'https://synthetic-shop.local/product/optical-level-06-05', 'name': 'Нивелир оптический N-32', 'price': 21640.0, 'score': 406}, {'product_url': 'https://synthetic-shop.local/product/anemometer-06-06', 'name': 'Анемометр цифровой AM-30', 'price': 5713.0, 'score': 399}, {'product_url': 'https://synthetic-shop.local/product/wall-scanner-06-08', 'name': 'Детектор скрытой проводки WallScan 5', 'price': 4733.0, 'score': 397}, {'product_url': 'https://synthetic-shop.local/product/moisture-meter-06-07', 'name': 'Влагомер древесины WM-2', 'price': 3590.0, 'score': 391}, {'product_url': 'https://synthetic-shop.local/product/clamp-meter-06-09', 'name': 'Клещи токовые CM-600', 'price': 6890.0, 'score': 378}, {'product_url': 'https://synthetic-shop.local/product/megohmmeter-06-11', 'name': 'Мегаомметр цифровой MI-1000', 'price': 17712.0, 'score': 368}]",candidate_only,partial_validation,1,deterministic_empty,"{'deterministic_kept': 0, 'fallback_seen': 8, 'fallback_novel': 8, 'fallback_matched': 0, 'fields_filled': 0, 'union_count': 8}",candidate_only,"{'coverage_confident': False, 'coverage_candidate_count': 28, 'coverage_unmatched_count': 20, 'coverage_scan_truncated': False, 'coverage_unmatched_sample': [{'product_url': 'https://synthetic-shop.local/product/clamp-meter-06-09', 'name': 'Клещи токовые CM-600', 'price': 6890.0, 'score': 378}, {'product_url': 'https://synthetic-shop.local/product/megohmmeter-06-11', 'name': 'Мегаомметр цифровой MI-1000', 'price': 17712.0, 'score': 368}, {'product_url': 'https://synthetic-shop.local/product/luxmeter-06-10', 'name': 'Люксметр LX-1010', 'price': 3222.0, 'score': 363}, {'product_url': 'https://synthetic-shop.local/product/pyrometer-06-12', 'name': 'Пирометр инфракрасный IR-900', 'price': 3514.0, 'score': 361}, {'product_url': 'https://synthetic-shop.local/product/socket-tester-06-13', 'name': 'Тестер розеток и УЗО ST-8', 'price': 1870.0, 'score': 351}, {'product_url': 'https://synthetic-shop.local/product/coating-gauge-06-14', 'name': 'Толщиномер покрытий CT-1200', 'price': 9529.0, 'score': 346}, {'product_url': 'https://synthetic-shop.local/product/anemometer-06-16', 'name': 'Анемометр цифровой AM-30 — серия 2', 'price': 5925.0, 'score': 339}, {'product_url': 'https://synthetic-shop.local/product/angle-meter-06-15', 'name': 'Угломер электронный AG-360', 'price': 4190.0, 'score': 338}, {'product_url': 'https://synthetic-shop.local/product/moisture-meter-06-17', 'name': 'Влагомер древесины WM-2 — серия 2', 'price': 3299.0, 'score': 331}, {'product_url': 'https://synthetic-shop.local/product/wall-scanner-06-19', 'name': 'Детектор скрытой проводки WallScan 5 — серия 2', 'price': 5061.0, 'score': 330}]}"
robustness,syn-0006__subtree_relocate__01,syn-0006__subtree_relocate__01.html,0,0,0,False,False,{},20261004T181609Z-2ba1b2f7,deterministic_first_union_v1,False,28,28,False,"[{'product_url': 'https://synthetic-shop.local/product/laser-level-06-01', 'name': 'Лазерный уровень ЛУ-360 Pro', 'price': 13081.0, 'score': 948}, {'product_url': 'https://synthetic-shop.local/product/multimeter-06-03', 'name': 'Мультиметр цифровой M830 Pro', 'price': 1929.0, 'score': 938}, {'product_url': 'https://synthetic-shop.local/product/laser-rangefinder-06-02', 'name': 'Дальномер лазерный DM-80', 'price': 7088.0, 'score': 937}, {'product_url': 'https://synthetic-shop.local/product/thermal-camera-06-04', 'name': 'Тепловизор строительный IR-256', 'price': 42900.0, 'score': 930}, {'product_url': 'https://synthetic-shop.local/product/optical-level-06-05', 'name': 'Нивелир оптический N-32', 'price': 21640.0, 'score': 916}, {'product_url': 'https://synthetic-shop.local/product/anemometer-06-06', 'name': 'Анемометр цифровой AM-30', 'price': 5713.0, 'score': 909}, {'product_url': 'https://synthetic-shop.local/product/wall-scanner-06-08', 'name': 'Детектор скрытой проводки WallScan 5', 'price': 4733.0, 'score': 907}, {'product_url': 'https://synthetic-shop.local/product/moisture-meter-06-07', 'name': 'Влагомер древесины WM-2', 'price': 3590.0, 'score': 901}, {'product_url': 'https://synthetic-shop.local/product/clamp-meter-06-09', 'name': 'Клещи токовые CM-600', 'price': 6890.0, 'score': 888}, {'product_url': 'https://synthetic-shop.local/product/megohmmeter-06-11', 'name': 'Мегаомметр цифровой MI-1000', 'price': 17712.0, 'score': 878}]",candidate_only,partial_validation,1,deterministic_empty,"{'deterministic_kept': 0, 'fallback_seen': 8, 'fallback_novel': 8, 'fallback_matched': 0, 'fields_filled': 0, 'union_count': 8}",candidate_only,"{'coverage_confident': False, 'coverage_candidate_count': 28, 'coverage_unmatched_count': 20, 'coverage_scan_truncated': False, 'coverage_unmatched_sample': [{'product_url': 'https://synthetic-shop.local/product/clamp-meter-06-09', 'name': 'Клещи токовые CM-600', 'price': 6890.0, 'score': 888}, {'product_url': 'https://synthetic-shop.local/product/megohmmeter-06-11', 'name': 'Мегаомметр цифровой MI-1000', 'price': 17712.0, 'score': 878}, {'product_url': 'https://synthetic-shop.local/product/luxmeter-06-10', 'name': 'Люксметр LX-1010', 'price': 3222.0, 'score': 873}, {'product_url': 'https://synthetic-shop.local/product/pyrometer-06-12', 'name': 'Пирометр инфракрасный IR-900', 'price': 3514.0, 'score': 871}, {'product_url': 'https://synthetic-shop.local/product/socket-tester-06-13', 'name': 'Тестер розеток и УЗО ST-8', 'price': 1870.0, 'score': 861}, {'product_url': 'https://synthetic-shop.local/product/coating-gauge-06-14', 'name': 'Толщиномер покрытий CT-1200', 'price': 9529.0, 'score': 856}, {'product_url': 'https://synthetic-shop.local/product/anemometer-06-16', 'name': 'Анемометр цифровой AM-30 — серия 2', 'price': 5925.0, 'score': 849}, {'product_url': 'https://synthetic-shop.local/product/angle-meter-06-15', 'name': 'Угломер электронный AG-360', 'price': 4190.0, 'score': 848}, {'product_url': 'https://synthetic-shop.local/product/moisture-meter-06-17', 'name': 'Влагомер древесины WM-2 — серия 2', 'price': 3299.0, 'score': 841}, {'product_url': 'https://synthetic-shop.local/product/wall-scanner-06-19', 'name': 'Детектор скрытой проводки WallScan 5 — серия 2', 'price': 5061.0, 'score': 840}]}"
robustness,syn-0006__subtree_relocate__02,syn-0006__subtree_relocate__02.html,0,0,0,False,False,{},20261004T181609Z-2ba1b2f7,deterministic_first_union_v1,False,28,28,False,"[{'product_url': 'https://synthetic-shop.local/product/laser-level-06-01', 'name': 'Лазерный уровень ЛУ-360 Pro', 'price': 13081.0, 'score': 438}, {'product_url': 'https://synthetic-shop.local/product/multimeter-06-03', 'name': 'Мультиметр цифровой M830 Pro', 'price': 1929.0, 'score': 428}, {'product_url': 'https://synthetic-shop.local/product/laser-rangefinder-06-02', 'name': 'Дальномер лазерный DM-80', 'price': 7088.0, 'score': 427}, {'product_url': 'https://synthetic-shop.local/product/thermal-camera-06-04', 'name': 'Тепловизор строительный IR-256', 'price': 42900.0, 'score': 420}, {'product_url': 'https://synthetic-shop.local/product/optical-level-06-05', 'name': 'Нивелир оптический N-32', 'price': 21640.0, 'score': 406}, {'product_url': 'https://synthetic-shop.local/product/anemometer-06-06', 'name': 'Анемометр цифровой AM-30', 'price': 5713.0, 'score': 399}, {'product_url': 'https://synthetic-shop.local/product/wall-scanner-06-08', 'name': 'Детектор скрытой проводки WallScan 5', 'price': 4733.0, 'score': 397}, {'product_url': 'https://synthetic-shop.local/product/moisture-meter-06-07', 'name': 'Влагомер древесины WM-2', 'price': 3590.0, 'score': 391}, {'product_url': 'https://synthetic-shop.local/product/clamp-meter-06-09', 'name': 'Клещи токовые CM-600', 'price': 6890.0, 'score': 378}, {'product_url': 'https://synthetic-shop.local/product/megohmmeter-06-11', 'name': 'Мегаомметр цифровой MI-1000', 'price': 17712.0, 'score': 368}]",candidate_only,partial_validation,1,deterministic_empty,"{'deterministic_kept': 0, 'fallback_seen': 8, 'fallback_novel': 8, 'fallback_matched': 0, 'fields_filled': 0, 'union_count': 8}",candidate_only,"{'coverage_confident': False, 'coverage_candidate_count': 28, 'coverage_unmatched_count': 20, 'coverage_scan_truncated': False, 'coverage_unmatched_sample': [{'product_url': 'https://synthetic-shop.local/product/clamp-meter-06-09', 'name': 'Клещи токовые CM-600', 'price': 6890.0, 'score': 378}, {'product_url': 'https://synthetic-shop.local/product/megohmmeter-06-11', 'name': 'Мегаомметр цифровой MI-1000', 'price': 17712.0, 'score': 368}, {'product_url': 'https://synthetic-shop.local/product/luxmeter-06-10', 'name': 'Люксметр LX-1010', 'price': 3222.0, 'score': 363}, {'product_url': 'https://synthetic-shop.local/product/pyrometer-06-12', 'name': 'Пирометр инфракрасный IR-900', 'price': 3514.0, 'score': 361}, {'product_url': 'https://synthetic-shop.local/product/socket-tester-06-13', 'name': 'Тестер розеток и УЗО ST-8', 'price': 1870.0, 'score': 351}, {'product_url': 'https://synthetic-shop.local/product/coating-gauge-06-14', 'name': 'Толщиномер покрытий CT-1200', 'price': 9529.0, 'score': 346}, {'product_url': 'https://synthetic-shop.local/product/anemometer-06-16', 'name': 'Анемометр цифровой AM-30 — серия 2', 'price': 5925.0, 'score': 339}, {'product_url': 'https://synthetic-shop.local/product/angle-meter-06-15', 'name': 'Угломер электронный AG-360', 'price': 4190.0, 'score': 338}, {'product_url': 'https://synthetic-shop.local/product/moisture-meter-06-17', 'name': 'Влагомер древесины WM-2 — серия 2', 'price': 3299.0, 'score': 331}, {'product_url': 'https://synthetic-shop.local/product/wall-scanner-06-19', 'name': 'Детектор скрытой проводки WallScan 5 — серия 2', 'price': 5061.0, 'score': 330}]}"
robustness,syn-0007__class_rename__01,syn-0007__class_rename__01.html,18,18,0,False,False,{},20261004T181609Z-2ba1b2f7,deterministic_first_union_v1,True,18,0,False,[],deterministic,ok,0,none,"{'deterministic_kept': 18, 'fallback_seen': 0, 'fallback_novel': 0, 'fallback_matched': 0, 'fields_filled': 0, 'union_count': 18}",,
robustness,syn-0007__class_rename__02,syn-0007__class_rename__02.html,18,18,0,False,False,{},20261004T181609Z-2ba1b2f7,deterministic_first_union_v1,True,18,0,False,[],deterministic,ok,0,none,"{'deterministic_kept': 18, 'fallback_seen': 0, 'fallback_novel': 0, 'fallback_matched': 0, 'fields_filled': 0, 'union_count': 18}",,
robustness,syn-0007__class_rename__03,syn-0007__class_rename__03.html,18,18,0,False,False,{},20261004T181609Z-2ba1b2f7,deterministic_first_union_v1,True,18,0,False,[],deterministic,ok,0,none,"{'deterministic_kept': 18, 'fallback_seen': 0, 'fallback_novel': 0, 'fallback_matched': 0, 'fields_filled': 0, 'union_count': 18}",,
robustness,syn-0007__wrapper_insert__01,syn-0007__wrapper_insert__01.html,18,18,0,False,False,{},20261004T181609Z-2ba1b2f7,deterministic_first_union_v1,True,18,0,False,[],deterministic,ok,0,none,"{'deterministic_kept': 18, 'fallback_seen': 0, 'fallback_novel': 0, 'fallback_matched': 0, 'fields_filled': 0, 'union_count': 18}",,
robustness,syn-0007__wrapper_insert__02,syn-0007__wrapper_insert__02.html,18,18,0,False,False,{},20261004T181609Z-2ba1b2f7,deterministic_first_union_v1,True,18,0,False,[],deterministic,ok,0,none,"{'deterministic_kept': 18, 'fallback_seen': 0, 'fallback_novel': 0, 'fallback_matched': 0, 'fields_filled': 0, 'union_count': 18}",,
robustness,syn-0007__wrapper_insert__03,syn-0007__wrapper_insert__03.html,18,18,0,False,False,{},20261004T181609Z-2ba1b2f7,deterministic_first_union_v1,True,18,0,False,[],deterministic,ok,0,none,"{'deterministic_kept': 18, 'fallback_seen': 0, 'fallback_novel': 0, 'fallback_matched': 0, 'fields_filled': 0, 'union_count': 18}",,
robustness,syn-0007__field_reorder__01,syn-0007__field_reorder__01.html,18,18,0,False,False,{},20261004T181609Z-2ba1b2f7,deterministic_first_union_v1,True,18,0,False,[],deterministic,ok,0,none,"{'deterministic_kept': 18, 'fallback_seen': 0, 'fallback_novel': 0, 'fallback_matched': 0, 'fields_filled': 0, 'union_count': 18}",,
robustness,syn-0007__field_reorder__02,syn-0007__field_reorder__02.html,18,18,0,False,False,{},20261004T181609Z-2ba1b2f7,deterministic_first_union_v1,True,18,0,False,[],deterministic,ok,0,none,"{'deterministic_kept': 18, 'fallback_seen': 0, 'fallback_novel': 0, 'fallback_matched': 0, 'fields_filled': 0, 'union_count': 18}",,
robustness,syn-0007__subtree_relocate__01,syn-0007__subtree_relocate__01.html,18,18,0,False,False,{},20261004T181609Z-2ba1b2f7,deterministic_first_union_v1,True,18,0,False,[],deterministic,ok,0,none,"{'deterministic_kept': 18, 'fallback_seen': 0, 'fallback_novel': 0, 'fallback_matched': 0, 'fields_filled': 0, 'union_count': 18}",,
robustness,syn-0007__subtree_relocate__02,syn-0007__subtree_relocate__02.html,18,18,0,False,False,{},20261004T181609Z-2ba1b2f7,deterministic_first_union_v1,True,18,0,False,[],deterministic,ok,0,none,"{'deterministic_kept': 18, 'fallback_seen': 0, 'fallback_novel': 0, 'fallback_matched': 0, 'fields_filled': 0, 'union_count': 18}",,
robustness,syn-0008__class_rename__01,syn-0008__class_rename__01.html,0,0,0,False,False,{},20261004T181609Z-2ba1b2f7,deterministic_first_union_v1,False,24,24,False,"[{'product_url': 'https://synthetic-shop.local/product/anemometer-08-01', 'name': 'Анемометр цифровой AM-30', 'price': 305401.0, 'score': 993}, {'product_url': 'https://synthetic-shop.local/product/pyrometer-08-02', 'name': 'Пирометр инфракрасный IR-900', 'price': 9003490.0, 'score': 990}, {'product_url': 'https://synthetic-shop.local/product/coating-gauge-08-03', 'name': 'Толщиномер покрытий CT-1200', 'price': 12009053.0, 'score': 981}, {'product_url': 'https://synthetic-shop.local/product/megohmmeter-08-04', 'name': 'Мегаомметр цифровой MI-1000', 'price': 100016214.0, 'score': 975}, {'product_url': 'https://synthetic-shop.local/product/wall-scanner-08-08', 'name': 'Детектор скрытой проводки WallScan 5', 'price': 54780.0, 'score': 964}, {'product_url': 'https://synthetic-shop.local/product/socket-tester-08-05', 'name': 'Тестер розеток и УЗО ST-8', 'price': 81829.0, 'score': 963}, {'product_url': 'https://synthetic-shop.local/product/moisture-meter-08-06', 'name': 'Влагомер древесины WM-2', 'price': 23525.0, 'score': 952}, {'product_url': 'https://synthetic-shop.local/product/laser-rangefinder-08-07', 'name': 'Дальномер лазерный DM-80', 'price': 807884.0, 'score': 947}, {'product_url': 'https://synthetic-shop.local/product/laser-level-08-10', 'name': 'Лазерный уровень ЛУ-360 Pro', 'price': 14029.0, 'score': 937}, {'product_url': 'https://synthetic-shop.local/product/clamp-meter-08-09', 'name': 'Клещи токовые CM-600', 'price': 6006956.0, 'score': 929}]",candidate_only,partial_validation,1,deterministic_empty,"{'deterministic_kept': 0, 'fallback_seen': 8, 'fallback_novel': 8, 'fallback_matched': 0, 'fields_filled': 0, 'union_count': 8}",candidate_only,"{'coverage_confident': False, 'coverage_candidate_count': 24, 'coverage_unmatched_count': 16, 'coverage_scan_truncated': False, 'coverage_unmatched_sample': [{'product_url': 'https://synthetic-shop.local/product/laser-level-08-10', 'name': 'Лазерный уровень ЛУ-360 Pro', 'price': 14029.0, 'score': 937}, {'product_url': 'https://synthetic-shop.local/product/clamp-meter-08-09', 'name': 'Клещи токовые CM-600', 'price': 6006956.0, 'score': 929}, {'product_url': 'https://synthetic-shop.local/product/multimeter-08-12', 'name': 'Мультиметр цифровой M830 Pro', 'price': 1935.0, 'score': 920}, {'product_url': 'https://synthetic-shop.local/product/thermal-camera-08-14', 'name': 'Тепловизор строительный IR-256', 'price': 25646866.0, 'score': 911}, {'product_url': 'https://synthetic-shop.local/product/optical-level-08-13', 'name': 'Нивелир оптический N-32', 'price': 3222350.0, 'score': 904}, {'product_url': 'https://synthetic-shop.local/product/anemometer-08-16', 'name': 'Анемометр цифровой AM-30 — серия 2', 'price': 25290.0, 'score': 904}, {'product_url': 'https://synthetic-shop.local/product/wall-scanner-08-19', 'name': 'Детектор скрытой проводки WallScan 5 — серия 2', 'price': 25108.0, 'score': 904}, {'product_url': 'https://synthetic-shop.local/product/luxmeter-08-11', 'name': 'Люксметр LX-1010', 'price': 10103342.0, 'score': 903}, {'product_url': 'https://synthetic-shop.local/product/angle-meter-08-15', 'name': 'Угломер электронный AG-360', 'price': 3604228.0, 'score': 895}, {'product_url': 'https://synthetic-shop.local/product/moisture-meter-08-17', 'name': 'Влагомер древесины WM-2 — серия 2', 'price': 23331.0, 'score': 895}]}"
robustness,syn-0008__class_rename__02,syn-0008__class_rename__02.html,0,0,0,False,False,{},20261004T181609Z-2ba1b2f7,deterministic_first_union_v1,False,24,24,False,"[{'product_url': 'https://synthetic-shop.local/product/anemometer-08-01', 'name': 'Анемометр цифровой AM-30', 'price': 305401.0, 'score': 993}, {'product_url': 'https://synthetic-shop.local/product/pyrometer-08-02', 'name': 'Пирометр инфракрасный IR-900', 'price': 9003490.0, 'score': 990}, {'product_url': 'https://synthetic-shop.local/product/coating-gauge-08-03', 'name': 'Толщиномер покрытий CT-1200', 'price': 12009053.0, 'score': 981}, {'product_url': 'https://synthetic-shop.local/product/megohmmeter-08-04', 'name': 'Мегаомметр цифровой MI-1000', 'price': 100016214.0, 'score': 975}, {'product_url': 'https://synthetic-shop.local/product/wall-scanner-08-08', 'name': 'Детектор скрытой проводки WallScan 5', 'price': 54780.0, 'score': 964}, {'product_url': 'https://synthetic-shop.local/product/socket-tester-08-05', 'name': 'Тестер розеток и УЗО ST-8', 'price': 81829.0, 'score': 963}, {'product_url': 'https://synthetic-shop.local/product/moisture-meter-08-06', 'name': 'Влагомер древесины WM-2', 'price': 23525.0, 'score': 952}, {'product_url': 'https://synthetic-shop.local/product/laser-rangefinder-08-07', 'name': 'Дальномер лазерный DM-80', 'price': 807884.0, 'score': 947}, {'product_url': 'https://synthetic-shop.local/product/laser-level-08-10', 'name': 'Лазерный уровень ЛУ-360 Pro', 'price': 14029.0, 'score': 937}, {'product_url': 'https://synthetic-shop.local/product/clamp-meter-08-09', 'name': 'Клещи токовые CM-600', 'price': 6006956.0, 'score': 929}]",candidate_only,partial_validation,1,deterministic_empty,"{'deterministic_kept': 0, 'fallback_seen': 8, 'fallback_novel': 8, 'fallback_matched': 0, 'fields_filled': 0, 'union_count': 8}",candidate_only,"{'coverage_confident': False, 'coverage_candidate_count': 24, 'coverage_unmatched_count': 16, 'coverage_scan_truncated': False, 'coverage_unmatched_sample': [{'product_url': 'https://synthetic-shop.local/product/laser-level-08-10', 'name': 'Лазерный уровень ЛУ-360 Pro', 'price': 14029.0, 'score': 937}, {'product_url': 'https://synthetic-shop.local/product/clamp-meter-08-09', 'name': 'Клещи токовые CM-600', 'price': 6006956.0, 'score': 929}, {'product_url': 'https://synthetic-shop.local/product/multimeter-08-12', 'name': 'Мультиметр цифровой M830 Pro', 'price': 1935.0, 'score': 920}, {'product_url': 'https://synthetic-shop.local/product/thermal-camera-08-14', 'name': 'Тепловизор строительный IR-256', 'price': 25646866.0, 'score': 911}, {'product_url': 'https://synthetic-shop.local/product/optical-level-08-13', 'name': 'Нивелир оптический N-32', 'price': 3222350.0, 'score': 904}, {'product_url': 'https://synthetic-shop.local/product/anemometer-08-16', 'name': 'Анемометр цифровой AM-30 — серия 2', 'price': 25290.0, 'score': 904}, {'product_url': 'https://synthetic-shop.local/product/wall-scanner-08-19', 'name': 'Детектор скрытой проводки WallScan 5 — серия 2', 'price': 25108.0, 'score': 904}, {'product_url': 'https://synthetic-shop.local/product/luxmeter-08-11', 'name': 'Люксметр LX-1010', 'price': 10103342.0, 'score': 903}, {'product_url': 'https://synthetic-shop.local/product/angle-meter-08-15', 'name': 'Угломер электронный AG-360', 'price': 3604228.0, 'score': 895}, {'product_url': 'https://synthetic-shop.local/product/moisture-meter-08-17', 'name': 'Влагомер древесины WM-2 — серия 2', 'price': 23331.0, 'score': 895}]}"
robustness,syn-0008__class_rename__03,syn-0008__class_rename__03.html,0,0,0,False,False,{},20261004T181609Z-2ba1b2f7,deterministic_first_union_v1,False,24,24,False,"[{'product_url': 'https://synthetic-shop.local/product/anemometer-08-01', 'name': 'Анемометр цифровой AM-30', 'price': 305401.0, 'score': 993}, {'product_url': 'https://synthetic-shop.local/product/pyrometer-08-02', 'name': 'Пирометр инфракрасный IR-900', 'price': 9003490.0, 'score': 990}, {'product_url': 'https://synthetic-shop.local/product/coating-gauge-08-03', 'name': 'Толщиномер покрытий CT-1200', 'price': 12009053.0, 'score': 981}, {'product_url': 'https://synthetic-shop.local/product/megohmmeter-08-04', 'name': 'Мегаомметр цифровой MI-1000', 'price': 100016214.0, 'score': 975}, {'product_url': 'https://synthetic-shop.local/product/wall-scanner-08-08', 'name': 'Детектор скрытой проводки WallScan 5', 'price': 54780.0, 'score': 964}, {'product_url': 'https://synthetic-shop.local/product/socket-tester-08-05', 'name': 'Тестер розеток и УЗО ST-8', 'price': 81829.0, 'score': 963}, {'product_url': 'https://synthetic-shop.local/product/moisture-meter-08-06', 'name': 'Влагомер древесины WM-2', 'price': 23525.0, 'score': 952}, {'product_url': 'https://synthetic-shop.local/product/laser-rangefinder-08-07', 'name': 'Дальномер лазерный DM-80', 'price': 807884.0, 'score': 947}, {'product_url': 'https://synthetic-shop.local/product/laser-level-08-10', 'name': 'Лазерный уровень ЛУ-360 Pro', 'price': 14029.0, 'score': 937}, {'product_url': 'https://synthetic-shop.local/product/clamp-meter-08-09', 'name': 'Клещи токовые CM-600', 'price': 6006956.0, 'score': 929}]",candidate_only,partial_validation,1,deterministic_empty,"{'deterministic_kept': 0, 'fallback_seen': 8, 'fallback_novel': 8, 'fallback_matched': 0, 'fields_filled': 0, 'union_count': 8}",candidate_only,"{'coverage_confident': False, 'coverage_candidate_count': 24, 'coverage_unmatched_count': 16, 'coverage_scan_truncated': False, 'coverage_unmatched_sample': [{'product_url': 'https://synthetic-shop.local/product/laser-level-08-10', 'name': 'Лазерный уровень ЛУ-360 Pro', 'price': 14029.0, 'score': 937}, {'product_url': 'https://synthetic-shop.local/product/clamp-meter-08-09', 'name': 'Клещи токовые CM-600', 'price': 6006956.0, 'score': 929}, {'product_url': 'https://synthetic-shop.local/product/multimeter-08-12', 'name': 'Мультиметр цифровой M830 Pro', 'price': 1935.0, 'score': 920}, {'product_url': 'https://synthetic-shop.local/product/thermal-camera-08-14', 'name': 'Тепловизор строительный IR-256', 'price': 25646866.0, 'score': 911}, {'product_url': 'https://synthetic-shop.local/product/optical-level-08-13', 'name': 'Нивелир оптический N-32', 'price': 3222350.0, 'score': 904}, {'product_url': 'https://synthetic-shop.local/product/anemometer-08-16', 'name': 'Анемометр цифровой AM-30 — серия 2', 'price': 25290.0, 'score': 904}, {'product_url': 'https://synthetic-shop.local/product/wall-scanner-08-19', 'name': 'Детектор скрытой проводки WallScan 5 — серия 2', 'price': 25108.0, 'score': 904}, {'product_url': 'https://synthetic-shop.local/product/luxmeter-08-11', 'name': 'Люксметр LX-1010', 'price': 10103342.0, 'score': 903}, {'product_url': 'https://synthetic-shop.local/product/angle-meter-08-15', 'name': 'Угломер электронный AG-360', 'price': 3604228.0, 'score': 895}, {'product_url': 'https://synthetic-shop.local/product/moisture-meter-08-17', 'name': 'Влагомер древесины WM-2 — серия 2', 'price': 23331.0, 'score': 895}]}"
robustness,syn-0008__wrapper_insert__01,syn-0008__wrapper_insert__01.html,0,0,0,False,False,{},20261004T181609Z-2ba1b2f7,deterministic_first_union_v1,False,24,24,False,"[{'product_url': 'https://synthetic-shop.local/product/anemometer-08-01', 'name': 'Анемометр цифровой AM-30', 'price': 305401.0, 'score': 993}, {'product_url': 'https://synthetic-shop.local/product/pyrometer-08-02', 'name': 'Пирометр инфракрасный IR-900', 'price': 9003490.0, 'score': 990}, {'product_url': 'https://synthetic-shop.local/product/coating-gauge-08-03', 'name': 'Толщиномер покрытий CT-1200', 'price': 12009053.0, 'score': 981}, {'product_url': 'https://synthetic-shop.local/product/megohmmeter-08-04', 'name': 'Мегаомметр цифровой MI-1000', 'price': 100016214.0, 'score': 975}, {'product_url': 'https://synthetic-shop.local/product/wall-scanner-08-08', 'name': 'Детектор скрытой проводки WallScan 5', 'price': 54780.0, 'score': 964}, {'product_url': 'https://synthetic-shop.local/product/socket-tester-08-05', 'name': 'Тестер розеток и УЗО ST-8', 'price': 81829.0, 'score': 963}, {'product_url': 'https://synthetic-shop.local/product/moisture-meter-08-06', 'name': 'Влагомер древесины WM-2', 'price': 23525.0, 'score': 952}, {'product_url': 'https://synthetic-shop.local/product/laser-rangefinder-08-07', 'name': 'Дальномер лазерный DM-80', 'price': 807884.0, 'score': 947}, {'product_url': 'https://synthetic-shop.local/product/laser-level-08-10', 'name': 'Лазерный уровень ЛУ-360 Pro', 'price': 14029.0, 'score': 937}, {'product_url': 'https://synthetic-shop.local/product/clamp-meter-08-09', 'name': 'Клещи токовые CM-600', 'price': 6006956.0, 'score': 929}]",candidate_only,partial_validation,1,deterministic_empty,"{'deterministic_kept': 0, 'fallback_seen': 8, 'fallback_novel': 8, 'fallback_matched': 0, 'fields_filled': 0, 'union_count': 8}",candidate_only,"{'coverage_confident': False, 'coverage_candidate_count': 24, 'coverage_unmatched_count': 16, 'coverage_scan_truncated': False, 'coverage_unmatched_sample': [{'product_url': 'https://synthetic-shop.local/product/laser-level-08-10', 'name': 'Лазерный уровень ЛУ-360 Pro', 'price': 14029.0, 'score': 937}, {'product_url': 'https://synthetic-shop.local/product/clamp-meter-08-09', 'name': 'Клещи токовые CM-600', 'price': 6006956.0, 'score': 929}, {'product_url': 'https://synthetic-shop.local/product/multimeter-08-12', 'name': 'Мультиметр цифровой M830 Pro', 'price': 1935.0, 'score': 920}, {'product_url': 'https://synthetic-shop.local/product/thermal-camera-08-14', 'name': 'Тепловизор строительный IR-256', 'price': 25646866.0, 'score': 911}, {'product_url': 'https://synthetic-shop.local/product/optical-level-08-13', 'name': 'Нивелир оптический N-32', 'price': 3222350.0, 'score': 904}, {'product_url': 'https://synthetic-shop.local/product/anemometer-08-16', 'name': 'Анемометр цифровой AM-30 — серия 2', 'price': 25290.0, 'score': 904}, {'product_url': 'https://synthetic-shop.local/product/wall-scanner-08-19', 'name': 'Детектор скрытой проводки WallScan 5 — серия 2', 'price': 25108.0, 'score': 904}, {'product_url': 'https://synthetic-shop.local/product/luxmeter-08-11', 'name': 'Люксметр LX-1010', 'price': 10103342.0, 'score': 903}, {'product_url': 'https://synthetic-shop.local/product/angle-meter-08-15', 'name': 'Угломер электронный AG-360', 'price': 3604228.0, 'score': 895}, {'product_url': 'https://synthetic-shop.local/product/moisture-meter-08-17', 'name': 'Влагомер древесины WM-2 — серия 2', 'price': 23331.0, 'score': 895}]}"
robustness,syn-0008__wrapper_insert__02,syn-0008__wrapper_insert__02.html,0,0,0,False,False,{},20261004T181609Z-2ba1b2f7,deterministic_first_union_v1,False,24,24,False,"[{'product_url': 'https://synthetic-shop.local/product/anemometer-08-01', 'name': 'Анемометр цифровой AM-30', 'price': 305401.0, 'score': 993}, {'product_url': 'https://synthetic-shop.local/product/pyrometer-08-02', 'name': 'Пирометр инфракрасный IR-900', 'price': 9003490.0, 'score': 990}, {'product_url': 'https://synthetic-shop.local/product/coating-gauge-08-03', 'name': 'Толщиномер покрытий CT-1200', 'price': 12009053.0, 'score': 981}, {'product_url': 'https://synthetic-shop.local/product/megohmmeter-08-04', 'name': 'Мегаомметр цифровой MI-1000', 'price': 100016214.0, 'score': 975}, {'product_url': 'https://synthetic-shop.local/product/wall-scanner-08-08', 'name': 'Детектор скрытой проводки WallScan 5', 'price': 54780.0, 'score': 964}, {'product_url': 'https://synthetic-shop.local/product/socket-tester-08-05', 'name': 'Тестер розеток и УЗО ST-8', 'price': 81829.0, 'score': 963}, {'product_url': 'https://synthetic-shop.local/product/moisture-meter-08-06', 'name': 'Влагомер древесины WM-2', 'price': 23525.0, 'score': 952}, {'product_url': 'https://synthetic-shop.local/product/laser-rangefinder-08-07', 'name': 'Дальномер лазерный DM-80', 'price': 807884.0, 'score': 947}, {'product_url': 'https://synthetic-shop.local/product/laser-level-08-10', 'name': 'Лазерный уровень ЛУ-360 Pro', 'price': 14029.0, 'score': 937}, {'product_url': 'https://synthetic-shop.local/product/clamp-meter-08-09', 'name': 'Клещи токовые CM-600', 'price': 6006956.0, 'score': 929}]",candidate_only,partial_validation,1,deterministic_empty,"{'deterministic_kept': 0, 'fallback_seen': 8, 'fallback_novel': 8, 'fallback_matched': 0, 'fields_filled': 0, 'union_count': 8}",candidate_only,"{'coverage_confident': False, 'coverage_candidate_count': 24, 'coverage_unmatched_count': 16, 'coverage_scan_truncated': False, 'coverage_unmatched_sample': [{'product_url': 'https://synthetic-shop.local/product/laser-level-08-10', 'name': 'Лазерный уровень ЛУ-360 Pro', 'price': 14029.0, 'score': 937}, {'product_url': 'https://synthetic-shop.local/product/clamp-meter-08-09', 'name': 'Клещи токовые CM-600', 'price': 6006956.0, 'score': 929}, {'product_url': 'https://synthetic-shop.local/product/multimeter-08-12', 'name': 'Мультиметр цифровой M830 Pro', 'price': 1935.0, 'score': 920}, {'product_url': 'https://synthetic-shop.local/product/thermal-camera-08-14', 'name': 'Тепловизор строительный IR-256', 'price': 25646866.0, 'score': 911}, {'product_url': 'https://synthetic-shop.local/product/optical-level-08-13', 'name': 'Нивелир оптический N-32', 'price': 3222350.0, 'score': 904}, {'product_url': 'https://synthetic-shop.local/product/anemometer-08-16', 'name': 'Анемометр цифровой AM-30 — серия 2', 'price': 25290.0, 'score': 904}, {'product_url': 'https://synthetic-shop.local/product/wall-scanner-08-19', 'name': 'Детектор скрытой проводки WallScan 5 — серия 2', 'price': 25108.0, 'score': 904}, {'product_url': 'https://synthetic-shop.local/product/luxmeter-08-11', 'name': 'Люксметр LX-1010', 'price': 10103342.0, 'score': 903}, {'product_url': 'https://synthetic-shop.local/product/angle-meter-08-15', 'name': 'Угломер электронный AG-360', 'price': 3604228.0, 'score': 895}, {'product_url': 'https://synthetic-shop.local/product/moisture-meter-08-17', 'name': 'Влагомер древесины WM-2 — серия 2', 'price': 23331.0, 'score': 895}]}"
robustness,syn-0008__wrapper_insert__03,syn-0008__wrapper_insert__03.html,0,0,0,False,False,{},20261004T181609Z-2ba1b2f7,deterministic_first_union_v1,False,24,24,False,"[{'product_url': 'https://synthetic-shop.local/product/anemometer-08-01', 'name': 'Анемометр цифровой AM-30', 'price': 305401.0, 'score': 993}, {'product_url': 'https://synthetic-shop.local/product/pyrometer-08-02', 'name': 'Пирометр инфракрасный IR-900', 'price': 9003490.0, 'score': 990}, {'product_url': 'https://synthetic-shop.local/product/coating-gauge-08-03', 'name': 'Толщиномер покрытий CT-1200', 'price': 12009053.0, 'score': 981}, {'product_url': 'https://synthetic-shop.local/product/megohmmeter-08-04', 'name': 'Мегаомметр цифровой MI-1000', 'price': 100016214.0, 'score': 975}, {'product_url': 'https://synthetic-shop.local/product/wall-scanner-08-08', 'name': 'Детектор скрытой проводки WallScan 5', 'price': 54780.0, 'score': 964}, {'product_url': 'https://synthetic-shop.local/product/socket-tester-08-05', 'name': 'Тестер розеток и УЗО ST-8', 'price': 81829.0, 'score': 963}, {'product_url': 'https://synthetic-shop.local/product/moisture-meter-08-06', 'name': 'Влагомер древесины WM-2', 'price': 23525.0, 'score': 952}, {'product_url': 'https://synthetic-shop.local/product/laser-rangefinder-08-07', 'name': 'Дальномер лазерный DM-80', 'price': 807884.0, 'score': 947}, {'product_url': 'https://synthetic-shop.local/product/laser-level-08-10', 'name': 'Лазерный уровень ЛУ-360 Pro', 'price': 14029.0, 'score': 937}, {'product_url': 'https://synthetic-shop.local/product/clamp-meter-08-09', 'name': 'Клещи токовые CM-600', 'price': 6006956.0, 'score': 929}]",candidate_only,partial_validation,1,deterministic_empty,"{'deterministic_kept': 0, 'fallback_seen': 8, 'fallback_novel': 8, 'fallback_matched': 0, 'fields_filled': 0, 'union_count': 8}",candidate_only,"{'coverage_confident': False, 'coverage_candidate_count': 24, 'coverage_unmatched_count': 16, 'coverage_scan_truncated': False, 'coverage_unmatched_sample': [{'product_url': 'https://synthetic-shop.local/product/laser-level-08-10', 'name': 'Лазерный уровень ЛУ-360 Pro', 'price': 14029.0, 'score': 937}, {'product_url': 'https://synthetic-shop.local/product/clamp-meter-08-09', 'name': 'Клещи токовые CM-600', 'price': 6006956.0, 'score': 929}, {'product_url': 'https://synthetic-shop.local/product/multimeter-08-12', 'name': 'Мультиметр цифровой M830 Pro', 'price': 1935.0, 'score': 920}, {'product_url': 'https://synthetic-shop.local/product/thermal-camera-08-14', 'name': 'Тепловизор строительный IR-256', 'price': 25646866.0, 'score': 911}, {'product_url': 'https://synthetic-shop.local/product/optical-level-08-13', 'name': 'Нивелир оптический N-32', 'price': 3222350.0, 'score': 904}, {'product_url': 'https://synthetic-shop.local/product/anemometer-08-16', 'name': 'Анемометр цифровой AM-30 — серия 2', 'price': 25290.0, 'score': 904}, {'product_url': 'https://synthetic-shop.local/product/wall-scanner-08-19', 'name': 'Детектор скрытой проводки WallScan 5 — серия 2', 'price': 25108.0, 'score': 904}, {'product_url': 'https://synthetic-shop.local/product/luxmeter-08-11', 'name': 'Люксметр LX-1010', 'price': 10103342.0, 'score': 903}, {'product_url': 'https://synthetic-shop.local/product/angle-meter-08-15', 'name': 'Угломер электронный AG-360', 'price': 3604228.0, 'score': 895}, {'product_url': 'https://synthetic-shop.local/product/moisture-meter-08-17', 'name': 'Влагомер древесины WM-2 — серия 2', 'price': 23331.0, 'score': 895}]}"
robustness,syn-0008__field_reorder__01,syn-0008__field_reorder__01.html,0,0,0,False,False,{},20261004T181609Z-2ba1b2f7,deterministic_first_union_v1,False,24,24,False,"[{'product_url': 'https://synthetic-shop.local/product/anemometer-08-01', 'name': 'Анемометр цифровой AM-30', 'price': 5401.0, 'score': 993}, {'product_url': 'https://synthetic-shop.local/product/pyrometer-08-02', 'name': 'Пирометр инфракрасный IR-900', 'price': 3490.0, 'score': 990}, {'product_url': 'https://synthetic-shop.local/product/coating-gauge-08-03', 'name': 'Толщиномер покрытий CT-1200', 'price': 9053.0, 'score': 981}, {'product_url': 'https://synthetic-shop.local/product/megohmmeter-08-04', 'name': 'Мегаомметр цифровой MI-1000', 'price': 16214.0, 'score': 975}, {'product_url': 'https://synthetic-shop.local/product/wall-scanner-08-08', 'name': 'Детектор скрытой проводки WallScan 5', 'price': 4780.0, 'score': 964}, {'product_url': 'https://synthetic-shop.local/product/socket-tester-08-05', 'name': 'Тестер розеток и УЗО ST-8', 'price': 1829.0, 'score': 963}, {'product_url': 'https://synthetic-shop.local/product/moisture-meter-08-06', 'name': 'Влагомер древесины WM-2', 'price': 3525.0, 'score': 952}, {'product_url': 'https://synthetic-shop.local/product/laser-rangefinder-08-07', 'name': 'Дальномер лазерный DM-80', 'price': 7884.0, 'score': 947}, {'product_url': 'https://synthetic-shop.local/product/laser-level-08-10', 'name': 'Лазерный уровень ЛУ-360 Pro', 'price': 14029.0, 'score': 937}, {'product_url': 'https://synthetic-shop.local/product/clamp-meter-08-09', 'name': 'Клещи токовые CM-600', 'price': 6956.0, 'score': 929}]",candidate_only,partial_validation,1,deterministic_empty,"{'deterministic_kept': 0, 'fallback_seen': 8, 'fallback_novel': 8, 'fallback_matched': 0, 'fields_filled': 0, 'union_count': 8}",candidate_only,"{'coverage_confident': False, 'coverage_candidate_count': 24, 'coverage_unmatched_count': 16, 'coverage_scan_truncated': False, 'coverage_unmatched_sample': [{'product_url': 'https://synthetic-shop.local/product/laser-level-08-10', 'name': 'Лазерный уровень ЛУ-360 Pro', 'price': 14029.0, 'score': 937}, {'product_url': 'https://synthetic-shop.local/product/clamp-meter-08-09', 'name': 'Клещи токовые CM-600', 'price': 6956.0, 'score': 929}, {'product_url': 'https://synthetic-shop.local/product/multimeter-08-12', 'name': 'Мультиметр цифровой M830 Pro', 'price': 1935.0, 'score': 920}, {'product_url': 'https://synthetic-shop.local/product/thermal-camera-08-14', 'name': 'Тепловизор строительный IR-256', 'price': 46866.0, 'score': 911}, {'product_url': 'https://synthetic-shop.local/product/optical-level-08-13', 'name': 'Нивелир оптический N-32', 'price': 22350.0, 'score': 904}, {'product_url': 'https://synthetic-shop.local/product/anemometer-08-16', 'name': 'Анемометр цифровой AM-30 — серия 2', 'price': 5290.0, 'score': 904}, {'product_url': 'https://synthetic-shop.local/product/wall-scanner-08-19', 'name': 'Детектор скрытой проводки WallScan 5 — серия 2', 'price': 5108.0, 'score': 904}, {'product_url': 'https://synthetic-shop.local/product/luxmeter-08-11', 'name': 'Люксметр LX-1010', 'price': 3342.0, 'score': 903}, {'product_url': 'https://synthetic-shop.local/product/angle-meter-08-15', 'name': 'Угломер электронный AG-360', 'price': 4228.0, 'score': 895}, {'product_url': 'https://synthetic-shop.local/product/moisture-meter-08-17', 'name': 'Влагомер древесины WM-2 — серия 2', 'price': 3331.0, 'score': 895}]}"
robustness,syn-0008__field_reorder__02,syn-0008__field_reorder__02.html,0,0,0,False,False,{},20261004T181609Z-2ba1b2f7,deterministic_first_union_v1,False,24,24,False,"[{'product_url': 'https://synthetic-shop.local/product/anemometer-08-01', 'name': 'Анемометр цифровой AM-30', 'price': 305401.0, 'score': 993}, {'product_url': 'https://synthetic-shop.local/product/pyrometer-08-02', 'name': 'Пирометр инфракрасный IR-900', 'price': 9003490.0, 'score': 990}, {'product_url': 'https://synthetic-shop.local/product/coating-gauge-08-03', 'name': 'Толщиномер покрытий CT-1200', 'price': 12009053.0, 'score': 981}, {'product_url': 'https://synthetic-shop.local/product/megohmmeter-08-04', 'name': 'Мегаомметр цифровой MI-1000', 'price': 100016214.0, 'score': 975}, {'product_url': 'https://synthetic-shop.local/product/wall-scanner-08-08', 'name': 'Детектор скрытой проводки WallScan 5', 'price': 54780.0, 'score': 964}, {'product_url': 'https://synthetic-shop.local/product/socket-tester-08-05', 'name': 'Тестер розеток и УЗО ST-8', 'price': 81829.0, 'score': 963}, {'product_url': 'https://synthetic-shop.local/product/moisture-meter-08-06', 'name': 'Влагомер древесины WM-2', 'price': 23525.0, 'score': 952}, {'product_url': 'https://synthetic-shop.local/product/laser-rangefinder-08-07', 'name': 'Дальномер лазерный DM-80', 'price': 807884.0, 'score': 947}, {'product_url': 'https://synthetic-shop.local/product/laser-level-08-10', 'name': 'Лазерный уровень ЛУ-360 Pro', 'price': 14029.0, 'score': 937}, {'product_url': 'https://synthetic-shop.local/product/clamp-meter-08-09', 'name': 'Клещи токовые CM-600', 'price': 6006956.0, 'score': 929}]",candidate_only,partial_validation,1,deterministic_empty,"{'deterministic_kept': 0, 'fallback_seen': 8, 'fallback_novel': 8, 'fallback_matched': 0, 'fields_filled': 0, 'union_count': 8}",candidate_only,"{'coverage_confident': False, 'coverage_candidate_count': 24, 'coverage_unmatched_count': 16, 'coverage_scan_truncated': False, 'coverage_unmatched_sample': [{'product_url': 'https://synthetic-shop.local/product/laser-level-08-10', 'name': 'Лазерный уровень ЛУ-360 Pro', 'price': 14029.0, 'score': 937}, {'product_url': 'https://synthetic-shop.local/product/clamp-meter-08-09', 'name': 'Клещи токовые CM-600', 'price': 6006956.0, 'score': 929}, {'product_url': 'https://synthetic-shop.local/product/multimeter-08-12', 'name': 'Мультиметр цифровой M830 Pro', 'price': 1935.0, 'score': 920}, {'product_url': 'https://synthetic-shop.local/product/thermal-camera-08-14', 'name': 'Тепловизор строительный IR-256', 'price': 25646866.0, 'score': 911}, {'product_url': 'https://synthetic-shop.local/product/optical-level-08-13', 'name': 'Нивелир оптический N-32', 'price': 3222350.0, 'score': 904}, {'product_url': 'https://synthetic-shop.local/product/anemometer-08-16', 'name': 'Анемометр цифровой AM-30 — серия 2', 'price': 25290.0, 'score': 904}, {'product_url': 'https://synthetic-shop.local/product/wall-scanner-08-19', 'name': 'Детектор скрытой проводки WallScan 5 — серия 2', 'price': 25108.0, 'score': 904}, {'product_url': 'https://synthetic-shop.local/product/luxmeter-08-11', 'name': 'Люксметр LX-1010', 'price': 10103342.0, 'score': 903}, {'product_url': 'https://synthetic-shop.local/product/angle-meter-08-15', 'name': 'Угломер электронный AG-360', 'price': 3604228.0, 'score': 895}, {'product_url': 'https://synthetic-shop.local/product/moisture-meter-08-17', 'name': 'Влагомер древесины WM-2 — серия 2', 'price': 23331.0, 'score': 895}]}"
robustness,syn-0008__subtree_relocate__01,syn-0008__subtree_relocate__01.html,0,0,0,False,False,{},20261004T181609Z-2ba1b2f7,deterministic_first_union_v1,False,24,24,False,"[{'product_url': 'https://synthetic-shop.local/product/anemometer-08-01', 'name': 'Анемометр цифровой AM-30', 'price': 305401.0, 'score': 993}, {'product_url': 'https://synthetic-shop.local/product/pyrometer-08-02', 'name': 'Пирометр инфракрасный IR-900', 'price': 9003490.0, 'score': 990}, {'product_url': 'https://synthetic-shop.local/product/coating-gauge-08-03', 'name': 'Толщиномер покрытий CT-1200', 'price': 12009053.0, 'score': 981}, {'product_url': 'https://synthetic-shop.local/product/megohmmeter-08-04', 'name': 'Мегаомметр цифровой MI-1000', 'price': 100016214.0, 'score': 975}, {'product_url': 'https://synthetic-shop.local/product/wall-scanner-08-08', 'name': 'Детектор скрытой проводки WallScan 5', 'price': 54780.0, 'score': 964}, {'product_url': 'https://synthetic-shop.local/product/socket-tester-08-05', 'name': 'Тестер розеток и УЗО ST-8', 'price': 81829.0, 'score': 963}, {'product_url': 'https://synthetic-shop.local/product/moisture-meter-08-06', 'name': 'Влагомер древесины WM-2', 'price': 23525.0, 'score': 952}, {'product_url': 'https://synthetic-shop.local/product/laser-rangefinder-08-07', 'name': 'Дальномер лазерный DM-80', 'price': 807884.0, 'score': 947}, {'product_url': 'https://synthetic-shop.local/product/laser-level-08-10', 'name': 'Лазерный уровень ЛУ-360 Pro', 'price': 14029.0, 'score': 937}, {'product_url': 'https://synthetic-shop.local/product/clamp-meter-08-09', 'name': 'Клещи токовые CM-600', 'price': 6006956.0, 'score': 929}]",candidate_only,partial_validation,1,deterministic_empty,"{'deterministic_kept': 0, 'fallback_seen': 8, 'fallback_novel': 8, 'fallback_matched': 0, 'fields_filled': 0, 'union_count': 8}",candidate_only,"{'coverage_confident': False, 'coverage_candidate_count': 24, 'coverage_unmatched_count': 16, 'coverage_scan_truncated': False, 'coverage_unmatched_sample': [{'product_url': 'https://synthetic-shop.local/product/laser-level-08-10', 'name': 'Лазерный уровень ЛУ-360 Pro', 'price': 14029.0, 'score': 937}, {'product_url': 'https://synthetic-shop.local/product/clamp-meter-08-09', 'name': 'Клещи токовые CM-600', 'price': 6006956.0, 'score': 929}, {'product_url': 'https://synthetic-shop.local/product/multimeter-08-12', 'name': 'Мультиметр цифровой M830 Pro', 'price': 1935.0, 'score': 920}, {'product_url': 'https://synthetic-shop.local/product/thermal-camera-08-14', 'name': 'Тепловизор строительный IR-256', 'price': 25646866.0, 'score': 911}, {'product_url': 'https://synthetic-shop.local/product/optical-level-08-13', 'name': 'Нивелир оптический N-32', 'price': 3222350.0, 'score': 904}, {'product_url': 'https://synthetic-shop.local/product/anemometer-08-16', 'name': 'Анемометр цифровой AM-30 — серия 2', 'price': 25290.0, 'score': 904}, {'product_url': 'https://synthetic-shop.local/product/wall-scanner-08-19', 'name': 'Детектор скрытой проводки WallScan 5 — серия 2', 'price': 25108.0, 'score': 904}, {'product_url': 'https://synthetic-shop.local/product/luxmeter-08-11', 'name': 'Люксметр LX-1010', 'price': 10103342.0, 'score': 903}, {'product_url': 'https://synthetic-shop.local/product/angle-meter-08-15', 'name': 'Угломер электронный AG-360', 'price': 3604228.0, 'score': 895}, {'product_url': 'https://synthetic-shop.local/product/moisture-meter-08-17', 'name': 'Влагомер древесины WM-2 — серия 2', 'price': 23331.0, 'score': 895}]}"
robustness,syn-0008__subtree_relocate__02,syn-0008__subtree_relocate__02.html,0,0,0,False,False,{},20261004T181609Z-2ba1b2f7,deterministic_first_union_v1,False,24,24,False,"[{'product_url': 'https://synthetic-shop.local/product/anemometer-08-01', 'name': 'Анемометр цифровой AM-30', 'price': 305401.0, 'score': 993}, {'product_url': 'https://synthetic-shop.local/product/pyrometer-08-02', 'name': 'Пирометр инфракрасный IR-900', 'price': 9003490.0, 'score': 990}, {'product_url': 'https://synthetic-shop.local/product/coating-gauge-08-03', 'name': 'Толщиномер покрытий CT-1200', 'price': 12009053.0, 'score': 981}, {'product_url': 'https://synthetic-shop.local/product/megohmmeter-08-04', 'name': 'Мегаомметр цифровой MI-1000', 'price': 100016214.0, 'score': 975}, {'product_url': 'https://synthetic-shop.local/product/wall-scanner-08-08', 'name': 'Детектор скрытой проводки WallScan 5', 'price': 54780.0, 'score': 964}, {'product_url': 'https://synthetic-shop.local/product/socket-tester-08-05', 'name': 'Тестер розеток и УЗО ST-8', 'price': 81829.0, 'score': 963}, {'product_url': 'https://synthetic-shop.local/product/moisture-meter-08-06', 'name': 'Влагомер древесины WM-2', 'price': 23525.0, 'score': 952}, {'product_url': 'https://synthetic-shop.local/product/laser-rangefinder-08-07', 'name': 'Дальномер лазерный DM-80', 'price': 807884.0, 'score': 947}, {'product_url': 'https://synthetic-shop.local/product/laser-level-08-10', 'name': 'Лазерный уровень ЛУ-360 Pro', 'price': 14029.0, 'score': 937}, {'product_url': 'https://synthetic-shop.local/product/clamp-meter-08-09', 'name': 'Клещи токовые CM-600', 'price': 6006956.0, 'score': 929}]",candidate_only,partial_validation,1,deterministic_empty,"{'deterministic_kept': 0, 'fallback_seen': 8, 'fallback_novel': 8, 'fallback_matched': 0, 'fields_filled': 0, 'union_count': 8}",candidate_only,"{'coverage_confident': False, 'coverage_candidate_count': 24, 'coverage_unmatched_count': 16, 'coverage_scan_truncated': False, 'coverage_unmatched_sample': [{'product_url': 'https://synthetic-shop.local/product/laser-level-08-10', 'name': 'Лазерный уровень ЛУ-360 Pro', 'price': 14029.0, 'score': 937}, {'product_url': 'https://synthetic-shop.local/product/clamp-meter-08-09', 'name': 'Клещи токовые CM-600', 'price': 6006956.0, 'score': 929}, {'product_url': 'https://synthetic-shop.local/product/multimeter-08-12', 'name': 'Мультиметр цифровой M830 Pro', 'price': 1935.0, 'score': 920}, {'product_url': 'https://synthetic-shop.local/product/thermal-camera-08-14', 'name': 'Тепловизор строительный IR-256', 'price': 25646866.0, 'score': 911}, {'product_url': 'https://synthetic-shop.local/product/optical-level-08-13', 'name': 'Нивелир оптический N-32', 'price': 3222350.0, 'score': 904}, {'product_url': 'https://synthetic-shop.local/product/anemometer-08-16', 'name': 'Анемометр цифровой AM-30 — серия 2', 'price': 25290.0, 'score': 904}, {'product_url': 'https://synthetic-shop.local/product/wall-scanner-08-19', 'name': 'Детектор скрытой проводки WallScan 5 — серия 2', 'price': 25108.0, 'score': 904}, {'product_url': 'https://synthetic-shop.local/product/luxmeter-08-11', 'name': 'Люксметр LX-1010', 'price': 10103342.0, 'score': 903}, {'product_url': 'https://synthetic-shop.local/product/angle-meter-08-15', 'name': 'Угломер электронный AG-360', 'price': 3604228.0, 'score': 895}, {'product_url': 'https://synthetic-shop.local/product/moisture-meter-08-17', 'name': 'Влагомер древесины WM-2 — серия 2', 'price': 23331.0, 'score': 895}]}"
robustness,syn-0009__class_rename__01,syn-0009__class_rename__01.html,0,0,0,False,False,{},20261004T181609Z-2ba1b2f7,deterministic_first_union_v1,False,20,20,False,"[{'product_url': 'https://synthetic-shop.local/product/megohmmeter-09-01', 'name': 'Мегаомметр цифровой MI-1000', 'price': 15990.0, 'score': 1030}, {'product_url': 'https://synthetic-shop.local/product/socket-tester-09-02', 'name': 'Тестер розеток и УЗО ST-8', 'price': 1803.0, 'score': 1020}, {'product_url': 'https://synthetic-shop.local/product/luxmeter-09-03', 'name': 'Люксметр LX-1010', 'price': 3032.0, 'score': 1004}, {'product_url': 'https://synthetic-shop.local/product/moisture-meter-09-04', 'name': 'Влагомер древесины WM-2', 'price': 3256.0, 'score': 1004}, {'product_url': 'https://synthetic-shop.local/product/clamp-meter-09-05', 'name': 'Клещи токовые CM-600', 'price': 6490.0, 'score': 994}, {'product_url': 'https://synthetic-shop.local/product/anemometer-09-06', 'name': 'Анемометр цифровой AM-30', 'price': 5449.0, 'score': 991}, {'product_url': 'https://synthetic-shop.local/product/wall-scanner-09-08', 'name': 'Детектор скрытой проводки WallScan 5', 'price': 5108.0, 'score': 989}, {'product_url': 'https://synthetic-shop.local/product/laser-rangefinder-09-07', 'name': 'Дальномер лазерный DM-80', 'price': 7461.0, 'score': 984}, {'product_url': 'https://synthetic-shop.local/product/laser-level-09-09', 'name': 'Лазерный уровень ЛУ-360 Pro', 'price': 14549.0, 'score': 978}, {'product_url': 'https://synthetic-shop.local/product/multimeter-09-10', 'name': 'Мультиметр цифровой M830 Pro', 'price': 1954.0, 'score': 967}]",candidate_only,partial_validation,1,deterministic_empty,"{'deterministic_kept': 0, 'fallback_seen': 8, 'fallback_novel': 8, 'fallback_matched': 0, 'fields_filled': 0, 'union_count': 8}",candidate_only,"{'coverage_confident': False, 'coverage_candidate_count': 20, 'coverage_unmatched_count': 12, 'coverage_scan_truncated': False, 'coverage_unmatched_sample': [{'product_url': 'https://synthetic-shop.local/product/laser-level-09-09', 'name': 'Лазерный уровень ЛУ-360 Pro', 'price': 14549.0, 'score': 978}, {'product_url': 'https://synthetic-shop.local/product/multimeter-09-10', 'name': 'Мультиметр цифровой M830 Pro', 'price': 1954.0, 'score': 967}, {'product_url': 'https://synthetic-shop.local/product/optical-level-09-11', 'name': 'Нивелир оптический N-32', 'price': 22564.0, 'score': 956}, {'product_url': 'https://synthetic-shop.local/product/pyrometer-09-12', 'name': 'Пирометр инфракрасный IR-900', 'price': 3795.0, 'score': 953}, {'product_url': 'https://synthetic-shop.local/product/thermal-camera-09-13', 'name': 'Тепловизор строительный IR-256', 'price': 48618.0, 'score': 949}, {'product_url': 'https://synthetic-shop.local/product/coating-gauge-09-14', 'name': 'Толщиномер покрытий CT-1200', 'price': 9080.0, 'score': 938}, {'product_url': 'https://synthetic-shop.local/product/anemometer-09-16', 'name': 'Анемометр цифровой AM-30 — серия 2', 'price': 5660.0, 'score': 931}, {'product_url': 'https://synthetic-shop.local/product/angle-meter-09-15', 'name': 'Угломер электронный AG-360', 'price': 3998.0, 'score': 930}, {'product_url': 'https://synthetic-shop.local/product/moisture-meter-09-17', 'name': 'Влагомер древесины WM-2 — серия 2', 'price': 3557.0, 'score': 923}, {'product_url': 'https://synthetic-shop.local/product/wall-scanner-09-19', 'name': 'Детектор скрытой проводки WallScan 5 — серия 2', 'price': 4827.0, 'score': 922}]}"
robustness,syn-0009__class_rename__02,syn-0009__class_rename__02.html,0,0,0,False,False,{},20261004T181609Z-2ba1b2f7,deterministic_first_union_v1,False,20,20,False,"[{'product_url': 'https://synthetic-shop.local/product/megohmmeter-09-01', 'name': 'Мегаомметр цифровой MI-1000', 'price': 15990.0, 'score': 1030}, {'product_url': 'https://synthetic-shop.local/product/socket-tester-09-02', 'name': 'Тестер розеток и УЗО ST-8', 'price': 1803.0, 'score': 1020}, {'product_url': 'https://synthetic-shop.local/product/luxmeter-09-03', 'name': 'Люксметр LX-1010', 'price': 3032.0, 'score': 1004}, {'product_url': 'https://synthetic-shop.local/product/moisture-meter-09-04', 'name': 'Влагомер древесины WM-2', 'price': 3256.0, 'score': 1004}, {'product_url': 'https://synthetic-shop.local/product/clamp-meter-09-05', 'name': 'Клещи токовые CM-600', 'price': 6490.0, 'score': 994}, {'product_url': 'https://synthetic-shop.local/product/anemometer-09-06', 'name': 'Анемометр цифровой AM-30', 'price': 5449.0, 'score': 991}, {'product_url': 'https://synthetic-shop.local/product/wall-scanner-09-08', 'name': 'Детектор скрытой проводки WallScan 5', 'price': 5108.0, 'score': 989}, {'product_url': 'https://synthetic-shop.local/product/laser-rangefinder-09-07', 'name': 'Дальномер лазерный DM-80', 'price': 7461.0, 'score': 984}, {'product_url': 'https://synthetic-shop.local/product/laser-level-09-09', 'name': 'Лазерный уровень ЛУ-360 Pro', 'price': 14549.0, 'score': 978}, {'product_url': 'https://synthetic-shop.local/product/multimeter-09-10', 'name': 'Мультиметр цифровой M830 Pro', 'price': 1954.0, 'score': 967}]",candidate_only,partial_validation,1,deterministic_empty,"{'deterministic_kept': 0, 'fallback_seen': 8, 'fallback_novel': 8, 'fallback_matched': 0, 'fields_filled': 0, 'union_count': 8}",candidate_only,"{'coverage_confident': False, 'coverage_candidate_count': 20, 'coverage_unmatched_count': 12, 'coverage_scan_truncated': False, 'coverage_unmatched_sample': [{'product_url': 'https://synthetic-shop.local/product/laser-level-09-09', 'name': 'Лазерный уровень ЛУ-360 Pro', 'price': 14549.0, 'score': 978}, {'product_url': 'https://synthetic-shop.local/product/multimeter-09-10', 'name': 'Мультиметр цифровой M830 Pro', 'price': 1954.0, 'score': 967}, {'product_url': 'https://synthetic-shop.local/product/optical-level-09-11', 'name': 'Нивелир оптический N-32', 'price': 22564.0, 'score': 956}, {'product_url': 'https://synthetic-shop.local/product/pyrometer-09-12', 'name': 'Пирометр инфракрасный IR-900', 'price': 3795.0, 'score': 953}, {'product_url': 'https://synthetic-shop.local/product/thermal-camera-09-13', 'name': 'Тепловизор строительный IR-256', 'price': 48618.0, 'score': 949}, {'product_url': 'https://synthetic-shop.local/product/coating-gauge-09-14', 'name': 'Толщиномер покрытий CT-1200', 'price': 9080.0, 'score': 938}, {'product_url': 'https://synthetic-shop.local/product/anemometer-09-16', 'name': 'Анемометр цифровой AM-30 — серия 2', 'price': 5660.0, 'score': 931}, {'product_url': 'https://synthetic-shop.local/product/angle-meter-09-15', 'name': 'Угломер электронный AG-360', 'price': 3998.0, 'score': 930}, {'product_url': 'https://synthetic-shop.local/product/moisture-meter-09-17', 'name': 'Влагомер древесины WM-2 — серия 2', 'price': 3557.0, 'score': 923}, {'product_url': 'https://synthetic-shop.local/product/wall-scanner-09-19', 'name': 'Детектор скрытой проводки WallScan 5 — серия 2', 'price': 4827.0, 'score': 922}]}"
robustness,syn-0009__class_rename__03,syn-0009__class_rename__03.html,0,0,0,False,False,{},20261004T181609Z-2ba1b2f7,deterministic_first_union_v1,False,20,20,False,"[{'product_url': 'https://synthetic-shop.local/product/megohmmeter-09-01', 'name': 'Мегаомметр цифровой MI-1000', 'price': 15990.0, 'score': 1030}, {'product_url': 'https://synthetic-shop.local/product/socket-tester-09-02', 'name': 'Тестер розеток и УЗО ST-8', 'price': 1803.0, 'score': 1020}, {'product_url': 'https://synthetic-shop.local/product/luxmeter-09-03', 'name': 'Люксметр LX-1010', 'price': 3032.0, 'score': 1004}, {'product_url': 'https://synthetic-shop.local/product/moisture-meter-09-04', 'name': 'Влагомер древесины WM-2', 'price': 3256.0, 'score': 1004}, {'product_url': 'https://synthetic-shop.local/product/clamp-meter-09-05', 'name': 'Клещи токовые CM-600', 'price': 6490.0, 'score': 994}, {'product_url': 'https://synthetic-shop.local/product/anemometer-09-06', 'name': 'Анемометр цифровой AM-30', 'price': 5449.0, 'score': 991}, {'product_url': 'https://synthetic-shop.local/product/wall-scanner-09-08', 'name': 'Детектор скрытой проводки WallScan 5', 'price': 5108.0, 'score': 989}, {'product_url': 'https://synthetic-shop.local/product/laser-rangefinder-09-07', 'name': 'Дальномер лазерный DM-80', 'price': 7461.0, 'score': 984}, {'product_url': 'https://synthetic-shop.local/product/laser-level-09-09', 'name': 'Лазерный уровень ЛУ-360 Pro', 'price': 14549.0, 'score': 978}, {'product_url': 'https://synthetic-shop.local/product/multimeter-09-10', 'name': 'Мультиметр цифровой M830 Pro', 'price': 1954.0, 'score': 967}]",candidate_only,partial_validation,1,deterministic_empty,"{'deterministic_kept': 0, 'fallback_seen': 8, 'fallback_novel': 8, 'fallback_matched': 0, 'fields_filled': 0, 'union_count': 8}",candidate_only,"{'coverage_confident': False, 'coverage_candidate_count': 20, 'coverage_unmatched_count': 12, 'coverage_scan_truncated': False, 'coverage_unmatched_sample': [{'product_url': 'https://synthetic-shop.local/product/laser-level-09-09', 'name': 'Лазерный уровень ЛУ-360 Pro', 'price': 14549.0, 'score': 978}, {'product_url': 'https://synthetic-shop.local/product/multimeter-09-10', 'name': 'Мультиметр цифровой M830 Pro', 'price': 1954.0, 'score': 967}, {'product_url': 'https://synthetic-shop.local/product/optical-level-09-11', 'name': 'Нивелир оптический N-32', 'price': 22564.0, 'score': 956}, {'product_url': 'https://synthetic-shop.local/product/pyrometer-09-12', 'name': 'Пирометр инфракрасный IR-900', 'price': 3795.0, 'score': 953}, {'product_url': 'https://synthetic-shop.local/product/thermal-camera-09-13', 'name': 'Тепловизор строительный IR-256', 'price': 48618.0, 'score': 949}, {'product_url': 'https://synthetic-shop.local/product/coating-gauge-09-14', 'name': 'Толщиномер покрытий CT-1200', 'price': 9080.0, 'score': 938}, {'product_url': 'https://synthetic-shop.local/product/anemometer-09-16', 'name': 'Анемометр цифровой AM-30 — серия 2', 'price': 5660.0, 'score': 931}, {'product_url': 'https://synthetic-shop.local/product/angle-meter-09-15', 'name': 'Угломер электронный AG-360', 'price': 3998.0, 'score': 930}, {'product_url': 'https://synthetic-shop.local/product/moisture-meter-09-17', 'name': 'Влагомер древесины WM-2 — серия 2', 'price': 3557.0, 'score': 923}, {'product_url': 'https://synthetic-shop.local/product/wall-scanner-09-19', 'name': 'Детектор скрытой проводки WallScan 5 — серия 2', 'price': 4827.0, 'score': 922}]}"
robustness,syn-0009__wrapper_insert__01,syn-0009__wrapper_insert__01.html,0,0,0,False,False,{},20261004T181609Z-2ba1b2f7,deterministic_first_union_v1,False,20,20,False,"[{'product_url': 'https://synthetic-shop.local/product/megohmmeter-09-01', 'name': 'Мегаомметр цифровой MI-1000', 'price': 15990.0, 'score': 1030}, {'product_url': 'https://synthetic-shop.local/product/socket-tester-09-02', 'name': 'Тестер розеток и УЗО ST-8', 'price': 1803.0, 'score': 1020}, {'product_url': 'https://synthetic-shop.local/product/luxmeter-09-03', 'name': 'Люксметр LX-1010', 'price': 3032.0, 'score': 1004}, {'product_url': 'https://synthetic-shop.local/product/moisture-meter-09-04', 'name': 'Влагомер древесины WM-2', 'price': 3256.0, 'score': 1004}, {'product_url': 'https://synthetic-shop.local/product/clamp-meter-09-05', 'name': 'Клещи токовые CM-600', 'price': 6490.0, 'score': 994}, {'product_url': 'https://synthetic-shop.local/product/anemometer-09-06', 'name': 'Анемометр цифровой AM-30', 'price': 5449.0, 'score': 991}, {'product_url': 'https://synthetic-shop.local/product/wall-scanner-09-08', 'name': 'Детектор скрытой проводки WallScan 5', 'price': 5108.0, 'score': 989}, {'product_url': 'https://synthetic-shop.local/product/laser-rangefinder-09-07', 'name': 'Дальномер лазерный DM-80', 'price': 7461.0, 'score': 984}, {'product_url': 'https://synthetic-shop.local/product/laser-level-09-09', 'name': 'Лазерный уровень ЛУ-360 Pro', 'price': 14549.0, 'score': 978}, {'product_url': 'https://synthetic-shop.local/product/multimeter-09-10', 'name': 'Мультиметр цифровой M830 Pro', 'price': 1954.0, 'score': 967}]",candidate_only,partial_validation,1,deterministic_empty,"{'deterministic_kept': 0, 'fallback_seen': 8, 'fallback_novel': 8, 'fallback_matched': 0, 'fields_filled': 0, 'union_count': 8}",candidate_only,"{'coverage_confident': False, 'coverage_candidate_count': 20, 'coverage_unmatched_count': 12, 'coverage_scan_truncated': False, 'coverage_unmatched_sample': [{'product_url': 'https://synthetic-shop.local/product/laser-level-09-09', 'name': 'Лазерный уровень ЛУ-360 Pro', 'price': 14549.0, 'score': 978}, {'product_url': 'https://synthetic-shop.local/product/multimeter-09-10', 'name': 'Мультиметр цифровой M830 Pro', 'price': 1954.0, 'score': 967}, {'product_url': 'https://synthetic-shop.local/product/optical-level-09-11', 'name': 'Нивелир оптический N-32', 'price': 22564.0, 'score': 956}, {'product_url': 'https://synthetic-shop.local/product/pyrometer-09-12', 'name': 'Пирометр инфракрасный IR-900', 'price': 3795.0, 'score': 953}, {'product_url': 'https://synthetic-shop.local/product/thermal-camera-09-13', 'name': 'Тепловизор строительный IR-256', 'price': 48618.0, 'score': 949}, {'product_url': 'https://synthetic-shop.local/product/coating-gauge-09-14', 'name': 'Толщиномер покрытий CT-1200', 'price': 9080.0, 'score': 938}, {'product_url': 'https://synthetic-shop.local/product/anemometer-09-16', 'name': 'Анемометр цифровой AM-30 — серия 2', 'price': 5660.0, 'score': 931}, {'product_url': 'https://synthetic-shop.local/product/angle-meter-09-15', 'name': 'Угломер электронный AG-360', 'price': 3998.0, 'score': 930}, {'product_url': 'https://synthetic-shop.local/product/moisture-meter-09-17', 'name': 'Влагомер древесины WM-2 — серия 2', 'price': 3557.0, 'score': 923}, {'product_url': 'https://synthetic-shop.local/product/wall-scanner-09-19', 'name': 'Детектор скрытой проводки WallScan 5 — серия 2', 'price': 4827.0, 'score': 922}]}"
robustness,syn-0009__wrapper_insert__02,syn-0009__wrapper_insert__02.html,0,0,0,False,False,{},20261004T181609Z-2ba1b2f7,deterministic_first_union_v1,False,20,20,False,"[{'product_url': 'https://synthetic-shop.local/product/megohmmeter-09-01', 'name': 'Мегаомметр цифровой MI-1000', 'price': 15990.0, 'score': 1030}, {'product_url': 'https://synthetic-shop.local/product/socket-tester-09-02', 'name': 'Тестер розеток и УЗО ST-8', 'price': 1803.0, 'score': 1020}, {'product_url': 'https://synthetic-shop.local/product/luxmeter-09-03', 'name': 'Люксметр LX-1010', 'price': 3032.0, 'score': 1004}, {'product_url': 'https://synthetic-shop.local/product/moisture-meter-09-04', 'name': 'Влагомер древесины WM-2', 'price': 3256.0, 'score': 1004}, {'product_url': 'https://synthetic-shop.local/product/clamp-meter-09-05', 'name': 'Клещи токовые CM-600', 'price': 6490.0, 'score': 994}, {'product_url': 'https://synthetic-shop.local/product/anemometer-09-06', 'name': 'Анемометр цифровой AM-30', 'price': 5449.0, 'score': 991}, {'product_url': 'https://synthetic-shop.local/product/wall-scanner-09-08', 'name': 'Детектор скрытой проводки WallScan 5', 'price': 5108.0, 'score': 989}, {'product_url': 'https://synthetic-shop.local/product/laser-rangefinder-09-07', 'name': 'Дальномер лазерный DM-80', 'price': 7461.0, 'score': 984}, {'product_url': 'https://synthetic-shop.local/product/laser-level-09-09', 'name': 'Лазерный уровень ЛУ-360 Pro', 'price': 14549.0, 'score': 978}, {'product_url': 'https://synthetic-shop.local/product/multimeter-09-10', 'name': 'Мультиметр цифровой M830 Pro', 'price': 1954.0, 'score': 967}]",candidate_only,partial_validation,1,deterministic_empty,"{'deterministic_kept': 0, 'fallback_seen': 8, 'fallback_novel': 8, 'fallback_matched': 0, 'fields_filled': 0, 'union_count': 8}",candidate_only,"{'coverage_confident': False, 'coverage_candidate_count': 20, 'coverage_unmatched_count': 12, 'coverage_scan_truncated': False, 'coverage_unmatched_sample': [{'product_url': 'https://synthetic-shop.local/product/laser-level-09-09', 'name': 'Лазерный уровень ЛУ-360 Pro', 'price': 14549.0, 'score': 978}, {'product_url': 'https://synthetic-shop.local/product/multimeter-09-10', 'name': 'Мультиметр цифровой M830 Pro', 'price': 1954.0, 'score': 967}, {'product_url': 'https://synthetic-shop.local/product/optical-level-09-11', 'name': 'Нивелир оптический N-32', 'price': 22564.0, 'score': 956}, {'product_url': 'https://synthetic-shop.local/product/pyrometer-09-12', 'name': 'Пирометр инфракрасный IR-900', 'price': 3795.0, 'score': 953}, {'product_url': 'https://synthetic-shop.local/product/thermal-camera-09-13', 'name': 'Тепловизор строительный IR-256', 'price': 48618.0, 'score': 949}, {'product_url': 'https://synthetic-shop.local/product/coating-gauge-09-14', 'name': 'Толщиномер покрытий CT-1200', 'price': 9080.0, 'score': 938}, {'product_url': 'https://synthetic-shop.local/product/anemometer-09-16', 'name': 'Анемометр цифровой AM-30 — серия 2', 'price': 5660.0, 'score': 931}, {'product_url': 'https://synthetic-shop.local/product/angle-meter-09-15', 'name': 'Угломер электронный AG-360', 'price': 3998.0, 'score': 930}, {'product_url': 'https://synthetic-shop.local/product/moisture-meter-09-17', 'name': 'Влагомер древесины WM-2 — серия 2', 'price': 3557.0, 'score': 923}, {'product_url': 'https://synthetic-shop.local/product/wall-scanner-09-19', 'name': 'Детектор скрытой проводки WallScan 5 — серия 2', 'price': 4827.0, 'score': 922}]}"
robustness,syn-0009__wrapper_insert__03,syn-0009__wrapper_insert__03.html,0,0,0,False,False,{},20261004T181609Z-2ba1b2f7,deterministic_first_union_v1,False,20,20,False,"[{'product_url': 'https://synthetic-shop.local/product/megohmmeter-09-01', 'name': 'Мегаомметр цифровой MI-1000', 'price': 15990.0, 'score': 1030}, {'product_url': 'https://synthetic-shop.local/product/socket-tester-09-02', 'name': 'Тестер розеток и УЗО ST-8', 'price': 1803.0, 'score': 1020}, {'product_url': 'https://synthetic-shop.local/product/luxmeter-09-03', 'name': 'Люксметр LX-1010', 'price': 3032.0, 'score': 1004}, {'product_url': 'https://synthetic-shop.local/product/moisture-meter-09-04', 'name': 'Влагомер древесины WM-2', 'price': 3256.0, 'score': 1004}, {'product_url': 'https://synthetic-shop.local/product/clamp-meter-09-05', 'name': 'Клещи токовые CM-600', 'price': 6490.0, 'score': 994}, {'product_url': 'https://synthetic-shop.local/product/anemometer-09-06', 'name': 'Анемометр цифровой AM-30', 'price': 5449.0, 'score': 991}, {'product_url': 'https://synthetic-shop.local/product/wall-scanner-09-08', 'name': 'Детектор скрытой проводки WallScan 5', 'price': 5108.0, 'score': 989}, {'product_url': 'https://synthetic-shop.local/product/laser-rangefinder-09-07', 'name': 'Дальномер лазерный DM-80', 'price': 7461.0, 'score': 984}, {'product_url': 'https://synthetic-shop.local/product/laser-level-09-09', 'name': 'Лазерный уровень ЛУ-360 Pro', 'price': 14549.0, 'score': 978}, {'product_url': 'https://synthetic-shop.local/product/multimeter-09-10', 'name': 'Мультиметр цифровой M830 Pro', 'price': 1954.0, 'score': 967}]",candidate_only,partial_validation,1,deterministic_empty,"{'deterministic_kept': 0, 'fallback_seen': 8, 'fallback_novel': 8, 'fallback_matched': 0, 'fields_filled': 0, 'union_count': 8}",candidate_only,"{'coverage_confident': False, 'coverage_candidate_count': 20, 'coverage_unmatched_count': 12, 'coverage_scan_truncated': False, 'coverage_unmatched_sample': [{'product_url': 'https://synthetic-shop.local/product/laser-level-09-09', 'name': 'Лазерный уровень ЛУ-360 Pro', 'price': 14549.0, 'score': 978}, {'product_url': 'https://synthetic-shop.local/product/multimeter-09-10', 'name': 'Мультиметр цифровой M830 Pro', 'price': 1954.0, 'score': 967}, {'product_url': 'https://synthetic-shop.local/product/optical-level-09-11', 'name': 'Нивелир оптический N-32', 'price': 22564.0, 'score': 956}, {'product_url': 'https://synthetic-shop.local/product/pyrometer-09-12', 'name': 'Пирометр инфракрасный IR-900', 'price': 3795.0, 'score': 953}, {'product_url': 'https://synthetic-shop.local/product/thermal-camera-09-13', 'name': 'Тепловизор строительный IR-256', 'price': 48618.0, 'score': 949}, {'product_url': 'https://synthetic-shop.local/product/coating-gauge-09-14', 'name': 'Толщиномер покрытий CT-1200', 'price': 9080.0, 'score': 938}, {'product_url': 'https://synthetic-shop.local/product/anemometer-09-16', 'name': 'Анемометр цифровой AM-30 — серия 2', 'price': 5660.0, 'score': 931}, {'product_url': 'https://synthetic-shop.local/product/angle-meter-09-15', 'name': 'Угломер электронный AG-360', 'price': 3998.0, 'score': 930}, {'product_url': 'https://synthetic-shop.local/product/moisture-meter-09-17', 'name': 'Влагомер древесины WM-2 — серия 2', 'price': 3557.0, 'score': 923}, {'product_url': 'https://synthetic-shop.local/product/wall-scanner-09-19', 'name': 'Детектор скрытой проводки WallScan 5 — серия 2', 'price': 4827.0, 'score': 922}]}"
robustness,syn-0009__field_reorder__01,syn-0009__field_reorder__01.html,0,0,0,False,False,{},20261004T181609Z-2ba1b2f7,deterministic_first_union_v1,False,20,20,False,"[{'product_url': 'https://synthetic-shop.local/product/megohmmeter-09-01', 'name': 'Мегаомметр цифровой MI-1000', 'price': 15990.0, 'score': 1030}, {'product_url': 'https://synthetic-shop.local/product/socket-tester-09-02', 'name': 'Тестер розеток и УЗО ST-8', 'price': 1803.0, 'score': 1020}, {'product_url': 'https://synthetic-shop.local/product/luxmeter-09-03', 'name': 'Люксметр LX-1010', 'price': 3032.0, 'score': 1004}, {'product_url': 'https://synthetic-shop.local/product/moisture-meter-09-04', 'name': 'Влагомер древесины WM-2', 'price': 3256.0, 'score': 1004}, {'product_url': 'https://synthetic-shop.local/product/clamp-meter-09-05', 'name': 'Клещи токовые CM-600', 'price': 6490.0, 'score': 994}, {'product_url': 'https://synthetic-shop.local/product/anemometer-09-06', 'name': 'Анемометр цифровой AM-30', 'price': 5449.0, 'score': 991}, {'product_url': 'https://synthetic-shop.local/product/wall-scanner-09-08', 'name': 'Детектор скрытой проводки WallScan 5', 'price': 5108.0, 'score': 989}, {'product_url': 'https://synthetic-shop.local/product/laser-rangefinder-09-07', 'name': 'Дальномер лазерный DM-80', 'price': 7461.0, 'score': 984}, {'product_url': 'https://synthetic-shop.local/product/laser-level-09-09', 'name': 'Лазерный уровень ЛУ-360 Pro', 'price': 14549.0, 'score': 978}, {'product_url': 'https://synthetic-shop.local/product/multimeter-09-10', 'name': 'Мультиметр цифровой M830 Pro', 'price': 1954.0, 'score': 967}]",candidate_only,partial_validation,1,deterministic_empty,"{'deterministic_kept': 0, 'fallback_seen': 8, 'fallback_novel': 8, 'fallback_matched': 0, 'fields_filled': 0, 'union_count': 8}",candidate_only,"{'coverage_confident': False, 'coverage_candidate_count': 20, 'coverage_unmatched_count': 12, 'coverage_scan_truncated': False, 'coverage_unmatched_sample': [{'product_url': 'https://synthetic-shop.local/product/laser-level-09-09', 'name': 'Лазерный уровень ЛУ-360 Pro', 'price': 14549.0, 'score': 978}, {'product_url': 'https://synthetic-shop.local/product/multimeter-09-10', 'name': 'Мультиметр цифровой M830 Pro', 'price': 1954.0, 'score': 967}, {'product_url': 'https://synthetic-shop.local/product/optical-level-09-11', 'name': 'Нивелир оптический N-32', 'price': 22564.0, 'score': 956}, {'product_url': 'https://synthetic-shop.local/product/pyrometer-09-12', 'name': 'Пирометр инфракрасный IR-900', 'price': 3795.0, 'score': 953}, {'product_url': 'https://synthetic-shop.local/product/thermal-camera-09-13', 'name': 'Тепловизор строительный IR-256', 'price': 48618.0, 'score': 949}, {'product_url': 'https://synthetic-shop.local/product/coating-gauge-09-14', 'name': 'Толщиномер покрытий CT-1200', 'price': 9080.0, 'score': 938}, {'product_url': 'https://synthetic-shop.local/product/anemometer-09-16', 'name': 'Анемометр цифровой AM-30 — серия 2', 'price': 5660.0, 'score': 931}, {'product_url': 'https://synthetic-shop.local/product/angle-meter-09-15', 'name': 'Угломер электронный AG-360', 'price': 3998.0, 'score': 930}, {'product_url': 'https://synthetic-shop.local/product/moisture-meter-09-17', 'name': 'Влагомер древесины WM-2 — серия 2', 'price': 3557.0, 'score': 923}, {'product_url': 'https://synthetic-shop.local/product/wall-scanner-09-19', 'name': 'Детектор скрытой проводки WallScan 5 — серия 2', 'price': 4827.0, 'score': 922}]}"
robustness,syn-0009__field_reorder__02,syn-0009__field_reorder__02.html,0,0,0,False,False,{},20261004T181609Z-2ba1b2f7,deterministic_first_union_v1,False,20,20,False,"[{'product_url': 'https://synthetic-shop.local/product/megohmmeter-09-01', 'name': 'Мегаомметр цифровой MI-1000', 'price': 15990.0, 'score': 1030}, {'product_url': 'https://synthetic-shop.local/product/socket-tester-09-02', 'name': 'Тестер розеток и УЗО ST-8', 'price': 1803.0, 'score': 1020}, {'product_url': 'https://synthetic-shop.local/product/luxmeter-09-03', 'name': 'Люксметр LX-1010', 'price': 3032.0, 'score': 1004}, {'product_url': 'https://synthetic-shop.local/product/moisture-meter-09-04', 'name': 'Влагомер древесины WM-2', 'price': 3256.0, 'score': 1004}, {'product_url': 'https://synthetic-shop.local/product/clamp-meter-09-05', 'name': 'Клещи токовые CM-600', 'price': 6490.0, 'score': 994}, {'product_url': 'https://synthetic-shop.local/product/anemometer-09-06', 'name': 'Анемометр цифровой AM-30', 'price': 5449.0, 'score': 991}, {'product_url': 'https://synthetic-shop.local/product/wall-scanner-09-08', 'name': 'Детектор скрытой проводки WallScan 5', 'price': 5108.0, 'score': 989}, {'product_url': 'https://synthetic-shop.local/product/laser-rangefinder-09-07', 'name': 'Дальномер лазерный DM-80', 'price': 7461.0, 'score': 984}, {'product_url': 'https://synthetic-shop.local/product/laser-level-09-09', 'name': 'Лазерный уровень ЛУ-360 Pro', 'price': 14549.0, 'score': 978}, {'product_url': 'https://synthetic-shop.local/product/multimeter-09-10', 'name': 'Мультиметр цифровой M830 Pro', 'price': 1954.0, 'score': 967}]",candidate_only,partial_validation,1,deterministic_empty,"{'deterministic_kept': 0, 'fallback_seen': 8, 'fallback_novel': 8, 'fallback_matched': 0, 'fields_filled': 0, 'union_count': 8}",candidate_only,"{'coverage_confident': False, 'coverage_candidate_count': 20, 'coverage_unmatched_count': 12, 'coverage_scan_truncated': False, 'coverage_unmatched_sample': [{'product_url': 'https://synthetic-shop.local/product/laser-level-09-09', 'name': 'Лазерный уровень ЛУ-360 Pro', 'price': 14549.0, 'score': 978}, {'product_url': 'https://synthetic-shop.local/product/multimeter-09-10', 'name': 'Мультиметр цифровой M830 Pro', 'price': 1954.0, 'score': 967}, {'product_url': 'https://synthetic-shop.local/product/optical-level-09-11', 'name': 'Нивелир оптический N-32', 'price': 22564.0, 'score': 956}, {'product_url': 'https://synthetic-shop.local/product/pyrometer-09-12', 'name': 'Пирометр инфракрасный IR-900', 'price': 3795.0, 'score': 953}, {'product_url': 'https://synthetic-shop.local/product/thermal-camera-09-13', 'name': 'Тепловизор строительный IR-256', 'price': 48618.0, 'score': 949}, {'product_url': 'https://synthetic-shop.local/product/coating-gauge-09-14', 'name': 'Толщиномер покрытий CT-1200', 'price': 9080.0, 'score': 938}, {'product_url': 'https://synthetic-shop.local/product/anemometer-09-16', 'name': 'Анемометр цифровой AM-30 — серия 2', 'price': 5660.0, 'score': 931}, {'product_url': 'https://synthetic-shop.local/product/angle-meter-09-15', 'name': 'Угломер электронный AG-360', 'price': 3998.0, 'score': 930}, {'product_url': 'https://synthetic-shop.local/product/moisture-meter-09-17', 'name': 'Влагомер древесины WM-2 — серия 2', 'price': 3557.0, 'score': 923}, {'product_url': 'https://synthetic-shop.local/product/wall-scanner-09-19', 'name': 'Детектор скрытой проводки WallScan 5 — серия 2', 'price': 4827.0, 'score': 922}]}"
robustness,syn-0009__subtree_relocate__01,syn-0009__subtree_relocate__01.html,0,0,0,False,False,{},20261004T181609Z-2ba1b2f7,deterministic_first_union_v1,False,20,20,False,"[{'product_url': 'https://synthetic-shop.local/product/megohmmeter-09-01', 'name': 'Мегаомметр цифровой MI-1000', 'price': 15990.0, 'score': 1030}, {'product_url': 'https://synthetic-shop.local/product/socket-tester-09-02', 'name': 'Тестер розеток и УЗО ST-8', 'price': 1803.0, 'score': 1020}, {'product_url': 'https://synthetic-shop.local/product/luxmeter-09-03', 'name': 'Люксметр LX-1010', 'price': 3032.0, 'score': 1004}, {'product_url': 'https://synthetic-shop.local/product/moisture-meter-09-04', 'name': 'Влагомер древесины WM-2', 'price': 3256.0, 'score': 1004}, {'product_url': 'https://synthetic-shop.local/product/clamp-meter-09-05', 'name': 'Клещи токовые CM-600', 'price': 6490.0, 'score': 994}, {'product_url': 'https://synthetic-shop.local/product/anemometer-09-06', 'name': 'Анемометр цифровой AM-30', 'price': 5449.0, 'score': 991}, {'product_url': 'https://synthetic-shop.local/product/wall-scanner-09-08', 'name': 'Детектор скрытой проводки WallScan 5', 'price': 5108.0, 'score': 989}, {'product_url': 'https://synthetic-shop.local/product/laser-rangefinder-09-07', 'name': 'Дальномер лазерный DM-80', 'price': 7461.0, 'score': 984}, {'product_url': 'https://synthetic-shop.local/product/laser-level-09-09', 'name': 'Лазерный уровень ЛУ-360 Pro', 'price': 14549.0, 'score': 978}, {'product_url': 'https://synthetic-shop.local/product/multimeter-09-10', 'name': 'Мультиметр цифровой M830 Pro', 'price': 1954.0, 'score': 967}]",candidate_only,partial_validation,1,deterministic_empty,"{'deterministic_kept': 0, 'fallback_seen': 8, 'fallback_novel': 8, 'fallback_matched': 0, 'fields_filled': 0, 'union_count': 8}",candidate_only,"{'coverage_confident': False, 'coverage_candidate_count': 20, 'coverage_unmatched_count': 12, 'coverage_scan_truncated': False, 'coverage_unmatched_sample': [{'product_url': 'https://synthetic-shop.local/product/laser-level-09-09', 'name': 'Лазерный уровень ЛУ-360 Pro', 'price': 14549.0, 'score': 978}, {'product_url': 'https://synthetic-shop.local/product/multimeter-09-10', 'name': 'Мультиметр цифровой M830 Pro', 'price': 1954.0, 'score': 967}, {'product_url': 'https://synthetic-shop.local/product/optical-level-09-11', 'name': 'Нивелир оптический N-32', 'price': 22564.0, 'score': 956}, {'product_url': 'https://synthetic-shop.local/product/pyrometer-09-12', 'name': 'Пирометр инфракрасный IR-900', 'price': 3795.0, 'score': 953}, {'product_url': 'https://synthetic-shop.local/product/thermal-camera-09-13', 'name': 'Тепловизор строительный IR-256', 'price': 48618.0, 'score': 949}, {'product_url': 'https://synthetic-shop.local/product/coating-gauge-09-14', 'name': 'Толщиномер покрытий CT-1200', 'price': 9080.0, 'score': 938}, {'product_url': 'https://synthetic-shop.local/product/anemometer-09-16', 'name': 'Анемометр цифровой AM-30 — серия 2', 'price': 5660.0, 'score': 931}, {'product_url': 'https://synthetic-shop.local/product/angle-meter-09-15', 'name': 'Угломер электронный AG-360', 'price': 3998.0, 'score': 930}, {'product_url': 'https://synthetic-shop.local/product/moisture-meter-09-17', 'name': 'Влагомер древесины WM-2 — серия 2', 'price': 3557.0, 'score': 923}, {'product_url': 'https://synthetic-shop.local/product/wall-scanner-09-19', 'name': 'Детектор скрытой проводки WallScan 5 — серия 2', 'price': 4827.0, 'score': 922}]}"
robustness,syn-0009__subtree_relocate__02,syn-0009__subtree_relocate__02.html,0,0,0,False,False,{},20261004T181609Z-2ba1b2f7,deterministic_first_union_v1,False,20,20,False,"[{'product_url': 'https://synthetic-shop.local/product/megohmmeter-09-01', 'name': 'Мегаомметр цифровой MI-1000', 'price': 15990.0, 'score': 1030}, {'product_url': 'https://synthetic-shop.local/product/socket-tester-09-02', 'name': 'Тестер розеток и УЗО ST-8', 'price': 1803.0, 'score': 1020}, {'product_url': 'https://synthetic-shop.local/product/luxmeter-09-03', 'name': 'Люксметр LX-1010', 'price': 3032.0, 'score': 1004}, {'product_url': 'https://synthetic-shop.local/product/moisture-meter-09-04', 'name': 'Влагомер древесины WM-2', 'price': 3256.0, 'score': 1004}, {'product_url': 'https://synthetic-shop.local/product/clamp-meter-09-05', 'name': 'Клещи токовые CM-600', 'price': 6490.0, 'score': 994}, {'product_url': 'https://synthetic-shop.local/product/anemometer-09-06', 'name': 'Анемометр цифровой AM-30', 'price': 5449.0, 'score': 991}, {'product_url': 'https://synthetic-shop.local/product/wall-scanner-09-08', 'name': 'Детектор скрытой проводки WallScan 5', 'price': 5108.0, 'score': 989}, {'product_url': 'https://synthetic-shop.local/product/laser-rangefinder-09-07', 'name': 'Дальномер лазерный DM-80', 'price': 7461.0, 'score': 984}, {'product_url': 'https://synthetic-shop.local/product/laser-level-09-09', 'name': 'Лазерный уровень ЛУ-360 Pro', 'price': 14549.0, 'score': 978}, {'product_url': 'https://synthetic-shop.local/product/multimeter-09-10', 'name': 'Мультиметр цифровой M830 Pro', 'price': 1954.0, 'score': 967}]",candidate_only,partial_validation,1,deterministic_empty,"{'deterministic_kept': 0, 'fallback_seen': 8, 'fallback_novel': 8, 'fallback_matched': 0, 'fields_filled': 0, 'union_count': 8}",candidate_only,"{'coverage_confident': False, 'coverage_candidate_count': 20, 'coverage_unmatched_count': 12, 'coverage_scan_truncated': False, 'coverage_unmatched_sample': [{'product_url': 'https://synthetic-shop.local/product/laser-level-09-09', 'name': 'Лазерный уровень ЛУ-360 Pro', 'price': 14549.0, 'score': 978}, {'product_url': 'https://synthetic-shop.local/product/multimeter-09-10', 'name': 'Мультиметр цифровой M830 Pro', 'price': 1954.0, 'score': 967}, {'product_url': 'https://synthetic-shop.local/product/optical-level-09-11', 'name': 'Нивелир оптический N-32', 'price': 22564.0, 'score': 956}, {'product_url': 'https://synthetic-shop.local/product/pyrometer-09-12', 'name': 'Пирометр инфракрасный IR-900', 'price': 3795.0, 'score': 953}, {'product_url': 'https://synthetic-shop.local/product/thermal-camera-09-13', 'name': 'Тепловизор строительный IR-256', 'price': 48618.0, 'score': 949}, {'product_url': 'https://synthetic-shop.local/product/coating-gauge-09-14', 'name': 'Толщиномер покрытий CT-1200', 'price': 9080.0, 'score': 938}, {'product_url': 'https://synthetic-shop.local/product/anemometer-09-16', 'name': 'Анемометр цифровой AM-30 — серия 2', 'price': 5660.0, 'score': 931}, {'product_url': 'https://synthetic-shop.local/product/angle-meter-09-15', 'name': 'Угломер электронный AG-360', 'price': 3998.0, 'score': 930}, {'product_url': 'https://synthetic-shop.local/product/moisture-meter-09-17', 'name': 'Влагомер древесины WM-2 — серия 2', 'price': 3557.0, 'score': 923}, {'product_url': 'https://synthetic-shop.local/product/wall-scanner-09-19', 'name': 'Детектор скрытой проводки WallScan 5 — серия 2', 'price': 4827.0, 'score': 922}]}"
robustness,syn-0010__class_rename__01,syn-0010__class_rename__01.html,22,22,0,False,False,{},20261004T181609Z-2ba1b2f7,deterministic_first_union_v1,True,22,0,False,[],deterministic,ok,0,none,"{'deterministic_kept': 22, 'fallback_seen': 0, 'fallback_novel': 0, 'fallback_matched': 0, 'fields_filled': 0, 'union_count': 22}",,
robustness,syn-0010__class_rename__02,syn-0010__class_rename__02.html,22,22,0,False,False,{},20261004T181609Z-2ba1b2f7,deterministic_first_union_v1,True,22,0,False,[],deterministic,ok,0,none,"{'deterministic_kept': 22, 'fallback_seen': 0, 'fallback_novel': 0, 'fallback_matched': 0, 'fields_filled': 0, 'union_count': 22}",,
robustness,syn-0010__class_rename__03,syn-0010__class_rename__03.html,22,22,0,False,False,{},20261004T181609Z-2ba1b2f7,deterministic_first_union_v1,True,22,0,False,[],deterministic,ok,0,none,"{'deterministic_kept': 22, 'fallback_seen': 0, 'fallback_novel': 0, 'fallback_matched': 0, 'fields_filled': 0, 'union_count': 22}",,
robustness,syn-0010__wrapper_insert__01,syn-0010__wrapper_insert__01.html,22,22,0,False,False,{},20261004T181609Z-2ba1b2f7,deterministic_first_union_v1,True,22,0,False,[],deterministic,ok,0,none,"{'deterministic_kept': 22, 'fallback_seen': 0, 'fallback_novel': 0, 'fallback_matched': 0, 'fields_filled': 0, 'union_count': 22}",,
robustness,syn-0010__wrapper_insert__02,syn-0010__wrapper_insert__02.html,22,22,0,False,False,{},20261004T181609Z-2ba1b2f7,deterministic_first_union_v1,True,22,0,False,[],deterministic,ok,0,none,"{'deterministic_kept': 22, 'fallback_seen': 0, 'fallback_novel': 0, 'fallback_matched': 0, 'fields_filled': 0, 'union_count': 22}",,
robustness,syn-0010__wrapper_insert__03,syn-0010__wrapper_insert__03.html,22,22,0,False,False,{},20261004T181609Z-2ba1b2f7,deterministic_first_union_v1,True,22,0,False,[],deterministic,ok,0,none,"{'deterministic_kept': 22, 'fallback_seen': 0, 'fallback_novel': 0, 'fallback_matched': 0, 'fields_filled': 0, 'union_count': 22}",,
robustness,syn-0010__field_reorder__01,syn-0010__field_reorder__01.html,22,22,0,False,False,{},20261004T181609Z-2ba1b2f7,deterministic_first_union_v1,True,22,0,False,[],deterministic,ok,0,none,"{'deterministic_kept': 22, 'fallback_seen': 0, 'fallback_novel': 0, 'fallback_matched': 0, 'fields_filled': 0, 'union_count': 22}",,
robustness,syn-0010__field_reorder__02,syn-0010__field_reorder__02.html,22,22,0,False,False,{},20261004T181609Z-2ba1b2f7,deterministic_first_union_v1,True,22,0,False,[],deterministic,ok,0,none,"{'deterministic_kept': 22, 'fallback_seen': 0, 'fallback_novel': 0, 'fallback_matched': 0, 'fields_filled': 0, 'union_count': 22}",,
robustness,syn-0010__subtree_relocate__01,syn-0010__subtree_relocate__01.html,22,22,0,False,False,{},20261004T181609Z-2ba1b2f7,deterministic_first_union_v1,True,22,0,False,[],deterministic,ok,0,none,"{'deterministic_kept': 22, 'fallback_seen': 0, 'fallback_novel': 0, 'fallback_matched': 0, 'fields_filled': 0, 'union_count': 22}",,
robustness,syn-0010__subtree_relocate__02,syn-0010__subtree_relocate__02.html,22,22,0,False,False,{},20261004T181609Z-2ba1b2f7,deterministic_first_union_v1,True,22,0,False,[],deterministic,ok,0,none,"{'deterministic_kept': 22, 'fallback_seen': 0, 'fallback_novel': 0, 'fallback_matched': 0, 'fields_filled': 0, 'union_count': 22}",,
robustness,syn-0011__class_rename__01,syn-0011__class_rename__01.html,30,30,0,False,False,{},20261004T181609Z-2ba1b2f7,deterministic_first_union_v1,True,30,0,False,[],deterministic,ok,0,none,"{'deterministic_kept': 30, 'fallback_seen': 0, 'fallback_novel': 0, 'fallback_matched': 0, 'fields_filled': 0, 'union_count': 30}",,
robustness,syn-0011__class_rename__02,syn-0011__class_rename__02.html,30,30,0,False,False,{},20261004T181609Z-2ba1b2f7,deterministic_first_union_v1,True,30,0,False,[],deterministic,ok,0,none,"{'deterministic_kept': 30, 'fallback_seen': 0, 'fallback_novel': 0, 'fallback_matched': 0, 'fields_filled': 0, 'union_count': 30}",,
robustness,syn-0011__class_rename__03,syn-0011__class_rename__03.html,30,30,0,False,False,{},20261004T181609Z-2ba1b2f7,deterministic_first_union_v1,True,30,0,False,[],deterministic,ok,0,none,"{'deterministic_kept': 30, 'fallback_seen': 0, 'fallback_novel': 0, 'fallback_matched': 0, 'fields_filled': 0, 'union_count': 30}",,
robustness,syn-0011__wrapper_insert__01,syn-0011__wrapper_insert__01.html,30,30,0,False,False,{},20261004T181609Z-2ba1b2f7,deterministic_first_union_v1,True,30,0,False,[],deterministic,ok,0,none,"{'deterministic_kept': 30, 'fallback_seen': 0, 'fallback_novel': 0, 'fallback_matched': 0, 'fields_filled': 0, 'union_count': 30}",,
robustness,syn-0011__wrapper_insert__02,syn-0011__wrapper_insert__02.html,30,30,0,False,False,{},20261004T181609Z-2ba1b2f7,deterministic_first_union_v1,True,30,0,False,[],deterministic,ok,0,none,"{'deterministic_kept': 30, 'fallback_seen': 0, 'fallback_novel': 0, 'fallback_matched': 0, 'fields_filled': 0, 'union_count': 30}",,
robustness,syn-0011__wrapper_insert__03,syn-0011__wrapper_insert__03.html,30,30,0,False,False,{},20261004T181609Z-2ba1b2f7,deterministic_first_union_v1,True,30,0,False,[],deterministic,ok,0,none,"{'deterministic_kept': 30, 'fallback_seen': 0, 'fallback_novel': 0, 'fallback_matched': 0, 'fields_filled': 0, 'union_count': 30}",,
robustness,syn-0011__field_reorder__01,syn-0011__field_reorder__01.html,30,30,0,False,False,{},20261004T181609Z-2ba1b2f7,deterministic_first_union_v1,True,30,0,False,[],deterministic,ok,0,none,"{'deterministic_kept': 30, 'fallback_seen': 0, 'fallback_novel': 0, 'fallback_matched': 0, 'fields_filled': 0, 'union_count': 30}",,
robustness,syn-0011__field_reorder__02,syn-0011__field_reorder__02.html,30,30,0,False,False,{},20261004T181609Z-2ba1b2f7,deterministic_first_union_v1,True,30,0,False,[],deterministic,ok,0,none,"{'deterministic_kept': 30, 'fallback_seen': 0, 'fallback_novel': 0, 'fallback_matched': 0, 'fields_filled': 0, 'union_count': 30}",,
robustness,syn-0011__subtree_relocate__01,syn-0011__subtree_relocate__01.html,30,30,0,False,False,{},20261004T181609Z-2ba1b2f7,deterministic_first_union_v1,True,30,0,False,[],deterministic,ok,0,none,"{'deterministic_kept': 30, 'fallback_seen': 0, 'fallback_novel': 0, 'fallback_matched': 0, 'fields_filled': 0, 'union_count': 30}",,
robustness,syn-0011__subtree_relocate__02,syn-0011__subtree_relocate__02.html,30,30,0,False,False,{},20261004T181609Z-2ba1b2f7,deterministic_first_union_v1,True,30,0,False,[],deterministic,ok,0,none,"{'deterministic_kept': 30, 'fallback_seen': 0, 'fallback_novel': 0, 'fallback_matched': 0, 'fields_filled': 0, 'union_count': 30}",,
robustness,syn-0012__class_rename__01,syn-0012__class_rename__01.html,12,12,0,False,False,{},20261004T181609Z-2ba1b2f7,deterministic_first_union_v1,True,12,0,False,[],deterministic,ok,0,none,"{'deterministic_kept': 12, 'fallback_seen': 0, 'fallback_novel': 0, 'fallback_matched': 0, 'fields_filled': 0, 'union_count': 12}",,
robustness,syn-0012__class_rename__02,syn-0012__class_rename__02.html,12,12,0,False,False,{},20261004T181609Z-2ba1b2f7,deterministic_first_union_v1,True,12,0,False,[],deterministic,ok,0,none,"{'deterministic_kept': 12, 'fallback_seen': 0, 'fallback_novel': 0, 'fallback_matched': 0, 'fields_filled': 0, 'union_count': 12}",,
robustness,syn-0012__class_rename__03,syn-0012__class_rename__03.html,12,12,0,False,False,{},20261004T181609Z-2ba1b2f7,deterministic_first_union_v1,True,12,0,False,[],deterministic,ok,0,none,"{'deterministic_kept': 12, 'fallback_seen': 0, 'fallback_novel': 0, 'fallback_matched': 0, 'fields_filled': 0, 'union_count': 12}",,
robustness,syn-0012__wrapper_insert__01,syn-0012__wrapper_insert__01.html,12,12,0,False,False,{},20261004T181609Z-2ba1b2f7,deterministic_first_union_v1,True,12,0,False,[],deterministic,ok,0,none,"{'deterministic_kept': 12, 'fallback_seen': 0, 'fallback_novel': 0, 'fallback_matched': 0, 'fields_filled': 0, 'union_count': 12}",,
robustness,syn-0012__wrapper_insert__02,syn-0012__wrapper_insert__02.html,12,12,0,False,False,{},20261004T181609Z-2ba1b2f7,deterministic_first_union_v1,True,12,0,False,[],deterministic,ok,0,none,"{'deterministic_kept': 12, 'fallback_seen': 0, 'fallback_novel': 0, 'fallback_matched': 0, 'fields_filled': 0, 'union_count': 12}",,
robustness,syn-0012__wrapper_insert__03,syn-0012__wrapper_insert__03.html,12,12,0,False,False,{},20261004T181609Z-2ba1b2f7,deterministic_first_union_v1,True,12,0,False,[],deterministic,ok,0,none,"{'deterministic_kept': 12, 'fallback_seen': 0, 'fallback_novel': 0, 'fallback_matched': 0, 'fields_filled': 0, 'union_count': 12}",,
robustness,syn-0012__field_reorder__01,syn-0012__field_reorder__01.html,12,12,0,False,False,{},20261004T181609Z-2ba1b2f7,deterministic_first_union_v1,True,12,0,False,[],deterministic,ok,0,none,"{'deterministic_kept': 12, 'fallback_seen': 0, 'fallback_novel': 0, 'fallback_matched': 0, 'fields_filled': 0, 'union_count': 12}",,
robustness,syn-0012__field_reorder__02,syn-0012__field_reorder__02.html,12,12,0,False,False,{},20261004T181609Z-2ba1b2f7,deterministic_first_union_v1,True,12,0,False,[],deterministic,ok,0,none,"{'deterministic_kept': 12, 'fallback_seen': 0, 'fallback_novel': 0, 'fallback_matched': 0, 'fields_filled': 0, 'union_count': 12}",,
robustness,syn-0012__subtree_relocate__01,syn-0012__subtree_relocate__01.html,12,12,0,False,False,{},20261004T181609Z-2ba1b2f7,deterministic_first_union_v1,True,12,0,False,[],deterministic,ok,0,none,"{'deterministic_kept': 12, 'fallback_seen': 0, 'fallback_novel': 0, 'fallback_matched': 0, 'fields_filled': 0, 'union_count': 12}",,
robustness,syn-0012__subtree_relocate__02,syn-0012__subtree_relocate__02.html,12,12,0,False,False,{},20261004T181609Z-2ba1b2f7,deterministic_first_union_v1,True,12,0,False,[],deterministic,ok,0,none,"{'deterministic_kept': 12, 'fallback_seen': 0, 'fallback_novel': 0, 'fallback_matched': 0, 'fields_filled': 0, 'union_count': 12}",,
robustness,syn-0013__class_rename__01,syn-0013__class_rename__01.html,0,0,0,False,False,{},20261004T181609Z-2ba1b2f7,deterministic_first_union_v1,False,26,26,False,"[{'product_url': 'https://synthetic-shop.local/product/labels-13-01', 'name': 'Этикетки самоклеящиеся 70×37 мм', 'price': 649.0, 'score': 1109}, {'product_url': 'https://synthetic-shop.local/product/sheet-protectors-13-03', 'name': 'Файл-вкладыш A4 100 шт', 'price': 519.0, 'score': 1090}, {'product_url': 'https://synthetic-shop.local/product/glue-stick-13-02', 'name': 'Клей-карандаш 21 г', 'price': 149.0, 'score': 1089}, {'product_url': 'https://synthetic-shop.local/product/correction-tape-13-04', 'name': 'Корректирующая лента 5 мм × 8 м', 'price': 209.0, 'score': 1088}, {'product_url': 'https://synthetic-shop.local/product/a4-paper-13-05', 'name': 'Бумага офисная A4 80 г/м² 500 листов', 'price': 579.0, 'score': 1086}, {'product_url': 'https://synthetic-shop.local/product/notebook-a5-13-06', 'name': 'Блокнот A5 96 листов клетка', 'price': 314.0, 'score': 1070}, {'product_url': 'https://synthetic-shop.local/product/permanent-marker-13-07', 'name': 'Маркер перманентный чёрный 2 мм', 'price': 96.0, 'score': 1066}, {'product_url': 'https://synthetic-shop.local/product/lever-arch-13-08', 'name': 'Папка-регистратор 75 мм синяя', 'price': 421.0, 'score': 1058}, {'product_url': 'https://synthetic-shop.local/product/staples-13-10', 'name': 'Скобы для степлера №24/6 1000 шт', 'price': 145.0, 'score': 1051}, {'product_url': 'https://synthetic-shop.local/product/gel-pen-13-09', 'name': 'Ручка гелевая синяя 0.5 мм', 'price': 90.0, 'score': 1047}]",candidate_only,partial_validation,1,deterministic_empty,"{'deterministic_kept': 0, 'fallback_seen': 8, 'fallback_novel': 8, 'fallback_matched': 0, 'fields_filled': 0, 'union_count': 8}",candidate_only,"{'coverage_confident': False, 'coverage_candidate_count': 26, 'coverage_unmatched_count': 18, 'coverage_scan_truncated': False, 'coverage_unmatched_sample': [{'product_url': 'https://synthetic-shop.local/product/staples-13-10', 'name': 'Скобы для степлера №24/6 1000 шт', 'price': 145.0, 'score': 1051}, {'product_url': 'https://synthetic-shop.local/product/gel-pen-13-09', 'name': 'Ручка гелевая синяя 0.5 мм', 'price': 90.0, 'score': 1047}, {'product_url': 'https://synthetic-shop.local/product/a4-paper-13-12', 'name': 'Бумага офисная A4 80 г/м² 500 листов — серия 2', 'price': 659.0, 'score': 1047}, {'product_url': 'https://synthetic-shop.local/product/notebook-a5-13-11', 'name': 'Блокнот A5 96 листов клетка — серия 2', 'price': 320.0, 'score': 1045}, {'product_url': 'https://synthetic-shop.local/product/correction-tape-13-14', 'name': 'Корректирующая лента 5 мм × 8 м — серия 2', 'price': 215.0, 'score': 1028}, {'product_url': 'https://synthetic-shop.local/product/glue-stick-13-13', 'name': 'Клей-карандаш 21 г — серия 2', 'price': 169.0, 'score': 1022}, {'product_url': 'https://synthetic-shop.local/product/permanent-marker-13-15', 'name': 'Маркер перманентный чёрный 2 мм — серия 2', 'price': 94.0, 'score': 1020}, {'product_url': 'https://synthetic-shop.local/product/lever-arch-13-16', 'name': 'Папка-регистратор 75 мм синяя — серия 2', 'price': 413.0, 'score': 1012}, {'product_url': 'https://synthetic-shop.local/product/staples-13-18', 'name': 'Скобы для степлера №24/6 1000 шт — серия 2', 'price': 142.0, 'score': 1005}, {'product_url': 'https://synthetic-shop.local/product/gel-pen-13-17', 'name': 'Ручка гелевая синяя 0.5 мм — серия 2', 'price': 100.0, 'score': 1002}]}"
robustness,syn-0013__class_rename__02,syn-0013__class_rename__02.html,0,0,0,False,False,{},20261004T181609Z-2ba1b2f7,deterministic_first_union_v1,False,26,26,False,"[{'product_url': 'https://synthetic-shop.local/product/labels-13-01', 'name': 'Этикетки самоклеящиеся 70×37 мм', 'price': 649.0, 'score': 1109}, {'product_url': 'https://synthetic-shop.local/product/sheet-protectors-13-03', 'name': 'Файл-вкладыш A4 100 шт', 'price': 519.0, 'score': 1090}, {'product_url': 'https://synthetic-shop.local/product/glue-stick-13-02', 'name': 'Клей-карандаш 21 г', 'price': 149.0, 'score': 1089}, {'product_url': 'https://synthetic-shop.local/product/correction-tape-13-04', 'name': 'Корректирующая лента 5 мм × 8 м', 'price': 209.0, 'score': 1088}, {'product_url': 'https://synthetic-shop.local/product/a4-paper-13-05', 'name': 'Бумага офисная A4 80 г/м² 500 листов', 'price': 579.0, 'score': 1086}, {'product_url': 'https://synthetic-shop.local/product/notebook-a5-13-06', 'name': 'Блокнот A5 96 листов клетка', 'price': 314.0, 'score': 1070}, {'product_url': 'https://synthetic-shop.local/product/permanent-marker-13-07', 'name': 'Маркер перманентный чёрный 2 мм', 'price': 96.0, 'score': 1066}, {'product_url': 'https://synthetic-shop.local/product/lever-arch-13-08', 'name': 'Папка-регистратор 75 мм синяя', 'price': 421.0, 'score': 1058}, {'product_url': 'https://synthetic-shop.local/product/staples-13-10', 'name': 'Скобы для степлера №24/6 1000 шт', 'price': 145.0, 'score': 1051}, {'product_url': 'https://synthetic-shop.local/product/gel-pen-13-09', 'name': 'Ручка гелевая синяя 0.5 мм', 'price': 90.0, 'score': 1047}]",candidate_only,partial_validation,1,deterministic_empty,"{'deterministic_kept': 0, 'fallback_seen': 8, 'fallback_novel': 8, 'fallback_matched': 0, 'fields_filled': 0, 'union_count': 8}",candidate_only,"{'coverage_confident': False, 'coverage_candidate_count': 26, 'coverage_unmatched_count': 18, 'coverage_scan_truncated': False, 'coverage_unmatched_sample': [{'product_url': 'https://synthetic-shop.local/product/staples-13-10', 'name': 'Скобы для степлера №24/6 1000 шт', 'price': 145.0, 'score': 1051}, {'product_url': 'https://synthetic-shop.local/product/gel-pen-13-09', 'name': 'Ручка гелевая синяя 0.5 мм', 'price': 90.0, 'score': 1047}, {'product_url': 'https://synthetic-shop.local/product/a4-paper-13-12', 'name': 'Бумага офисная A4 80 г/м² 500 листов — серия 2', 'price': 659.0, 'score': 1047}, {'product_url': 'https://synthetic-shop.local/product/notebook-a5-13-11', 'name': 'Блокнот A5 96 листов клетка — серия 2', 'price': 320.0, 'score': 1045}, {'product_url': 'https://synthetic-shop.local/product/correction-tape-13-14', 'name': 'Корректирующая лента 5 мм × 8 м — серия 2', 'price': 215.0, 'score': 1028}, {'product_url': 'https://synthetic-shop.local/product/glue-stick-13-13', 'name': 'Клей-карандаш 21 г — серия 2', 'price': 169.0, 'score': 1022}, {'product_url': 'https://synthetic-shop.local/product/permanent-marker-13-15', 'name': 'Маркер перманентный чёрный 2 мм — серия 2', 'price': 94.0, 'score': 1020}, {'product_url': 'https://synthetic-shop.local/product/lever-arch-13-16', 'name': 'Папка-регистратор 75 мм синяя — серия 2', 'price': 413.0, 'score': 1012}, {'product_url': 'https://synthetic-shop.local/product/staples-13-18', 'name': 'Скобы для степлера №24/6 1000 шт — серия 2', 'price': 142.0, 'score': 1005}, {'product_url': 'https://synthetic-shop.local/product/gel-pen-13-17', 'name': 'Ручка гелевая синяя 0.5 мм — серия 2', 'price': 100.0, 'score': 1002}]}"
robustness,syn-0013__class_rename__03,syn-0013__class_rename__03.html,0,0,0,False,False,{},20261004T181609Z-2ba1b2f7,deterministic_first_union_v1,False,26,26,False,"[{'product_url': 'https://synthetic-shop.local/product/labels-13-01', 'name': 'Этикетки самоклеящиеся 70×37 мм', 'price': 649.0, 'score': 1109}, {'product_url': 'https://synthetic-shop.local/product/sheet-protectors-13-03', 'name': 'Файл-вкладыш A4 100 шт', 'price': 519.0, 'score': 1090}, {'product_url': 'https://synthetic-shop.local/product/glue-stick-13-02', 'name': 'Клей-карандаш 21 г', 'price': 149.0, 'score': 1089}, {'product_url': 'https://synthetic-shop.local/product/correction-tape-13-04', 'name': 'Корректирующая лента 5 мм × 8 м', 'price': 209.0, 'score': 1088}, {'product_url': 'https://synthetic-shop.local/product/a4-paper-13-05', 'name': 'Бумага офисная A4 80 г/м² 500 листов', 'price': 579.0, 'score': 1086}, {'product_url': 'https://synthetic-shop.local/product/notebook-a5-13-06', 'name': 'Блокнот A5 96 листов клетка', 'price': 314.0, 'score': 1070}, {'product_url': 'https://synthetic-shop.local/product/permanent-marker-13-07', 'name': 'Маркер перманентный чёрный 2 мм', 'price': 96.0, 'score': 1066}, {'product_url': 'https://synthetic-shop.local/product/lever-arch-13-08', 'name': 'Папка-регистратор 75 мм синяя', 'price': 421.0, 'score': 1058}, {'product_url': 'https://synthetic-shop.local/product/staples-13-10', 'name': 'Скобы для степлера №24/6 1000 шт', 'price': 145.0, 'score': 1051}, {'product_url': 'https://synthetic-shop.local/product/gel-pen-13-09', 'name': 'Ручка гелевая синяя 0.5 мм', 'price': 90.0, 'score': 1047}]",candidate_only,partial_validation,1,deterministic_empty,"{'deterministic_kept': 0, 'fallback_seen': 8, 'fallback_novel': 8, 'fallback_matched': 0, 'fields_filled': 0, 'union_count': 8}",candidate_only,"{'coverage_confident': False, 'coverage_candidate_count': 26, 'coverage_unmatched_count': 18, 'coverage_scan_truncated': False, 'coverage_unmatched_sample': [{'product_url': 'https://synthetic-shop.local/product/staples-13-10', 'name': 'Скобы для степлера №24/6 1000 шт', 'price': 145.0, 'score': 1051}, {'product_url': 'https://synthetic-shop.local/product/gel-pen-13-09', 'name': 'Ручка гелевая синяя 0.5 мм', 'price': 90.0, 'score': 1047}, {'product_url': 'https://synthetic-shop.local/product/a4-paper-13-12', 'name': 'Бумага офисная A4 80 г/м² 500 листов — серия 2', 'price': 659.0, 'score': 1047}, {'product_url': 'https://synthetic-shop.local/product/notebook-a5-13-11', 'name': 'Блокнот A5 96 листов клетка — серия 2', 'price': 320.0, 'score': 1045}, {'product_url': 'https://synthetic-shop.local/product/correction-tape-13-14', 'name': 'Корректирующая лента 5 мм × 8 м — серия 2', 'price': 215.0, 'score': 1028}, {'product_url': 'https://synthetic-shop.local/product/glue-stick-13-13', 'name': 'Клей-карандаш 21 г — серия 2', 'price': 169.0, 'score': 1022}, {'product_url': 'https://synthetic-shop.local/product/permanent-marker-13-15', 'name': 'Маркер перманентный чёрный 2 мм — серия 2', 'price': 94.0, 'score': 1020}, {'product_url': 'https://synthetic-shop.local/product/lever-arch-13-16', 'name': 'Папка-регистратор 75 мм синяя — серия 2', 'price': 413.0, 'score': 1012}, {'product_url': 'https://synthetic-shop.local/product/staples-13-18', 'name': 'Скобы для степлера №24/6 1000 шт — серия 2', 'price': 142.0, 'score': 1005}, {'product_url': 'https://synthetic-shop.local/product/gel-pen-13-17', 'name': 'Ручка гелевая синяя 0.5 мм — серия 2', 'price': 100.0, 'score': 1002}]}"
robustness,syn-0013__wrapper_insert__01,syn-0013__wrapper_insert__01.html,26,26,0,False,False,{},20261004T181609Z-2ba1b2f7,deterministic_first_union_v1,True,26,0,False,[],deterministic,ok,0,none,"{'deterministic_kept': 26, 'fallback_seen': 0, 'fallback_novel': 0, 'fallback_matched': 0, 'fields_filled': 0, 'union_count': 26}",,
robustness,syn-0013__wrapper_insert__02,syn-0013__wrapper_insert__02.html,26,26,0,False,False,{},20261004T181609Z-2ba1b2f7,deterministic_first_union_v1,True,26,0,False,[],deterministic,ok,0,none,"{'deterministic_kept': 26, 'fallback_seen': 0, 'fallback_novel': 0, 'fallback_matched': 0, 'fields_filled': 0, 'union_count': 26}",,
robustness,syn-0013__wrapper_insert__03,syn-0013__wrapper_insert__03.html,26,26,0,False,False,{},20261004T181609Z-2ba1b2f7,deterministic_first_union_v1,True,26,0,False,[],deterministic,ok,0,none,"{'deterministic_kept': 26, 'fallback_seen': 0, 'fallback_novel': 0, 'fallback_matched': 0, 'fields_filled': 0, 'union_count': 26}",,
robustness,syn-0013__field_reorder__01,syn-0013__field_reorder__01.html,26,26,0,False,False,{},20261004T181609Z-2ba1b2f7,deterministic_first_union_v1,True,26,0,False,[],deterministic,ok,0,none,"{'deterministic_kept': 26, 'fallback_seen': 0, 'fallback_novel': 0, 'fallback_matched': 0, 'fields_filled': 0, 'union_count': 26}",,
robustness,syn-0013__field_reorder__02,syn-0013__field_reorder__02.html,26,26,0,False,False,{},20261004T181609Z-2ba1b2f7,deterministic_first_union_v1,True,26,0,False,[],deterministic,ok,0,none,"{'deterministic_kept': 26, 'fallback_seen': 0, 'fallback_novel': 0, 'fallback_matched': 0, 'fields_filled': 0, 'union_count': 26}",,
robustness,syn-0013__subtree_relocate__01,syn-0013__subtree_relocate__01.html,26,26,0,False,False,{},20261004T181609Z-2ba1b2f7,deterministic_first_union_v1,True,26,0,False,[],deterministic,ok,0,none,"{'deterministic_kept': 26, 'fallback_seen': 0, 'fallback_novel': 0, 'fallback_matched': 0, 'fields_filled': 0, 'union_count': 26}",,
robustness,syn-0013__subtree_relocate__02,syn-0013__subtree_relocate__02.html,26,26,0,False,False,{},20261004T181609Z-2ba1b2f7,deterministic_first_union_v1,True,26,0,False,[],deterministic,ok,0,none,"{'deterministic_kept': 26, 'fallback_seen': 0, 'fallback_novel': 0, 'fallback_matched': 0, 'fields_filled': 0, 'union_count': 26}",,
robustness,syn-0014__class_rename__01,syn-0014__class_rename__01.html,16,16,0,False,False,{},20261004T181609Z-2ba1b2f7,deterministic_first_union_v1,True,16,0,False,[],deterministic,ok,0,none,"{'deterministic_kept': 16, 'fallback_seen': 0, 'fallback_novel': 0, 'fallback_matched': 0, 'fields_filled': 0, 'union_count': 16}",,
robustness,syn-0014__class_rename__02,syn-0014__class_rename__02.html,16,16,0,False,False,{},20261004T181609Z-2ba1b2f7,deterministic_first_union_v1,True,16,0,False,[],deterministic,ok,0,none,"{'deterministic_kept': 16, 'fallback_seen': 0, 'fallback_novel': 0, 'fallback_matched': 0, 'fields_filled': 0, 'union_count': 16}",,
robustness,syn-0014__class_rename__03,syn-0014__class_rename__03.html,16,16,0,False,False,{},20261004T181609Z-2ba1b2f7,deterministic_first_union_v1,True,16,0,False,[],deterministic,ok,0,none,"{'deterministic_kept': 16, 'fallback_seen': 0, 'fallback_novel': 0, 'fallback_matched': 0, 'fields_filled': 0, 'union_count': 16}",,
robustness,syn-0014__wrapper_insert__01,syn-0014__wrapper_insert__01.html,16,16,0,False,False,{},20261004T181609Z-2ba1b2f7,deterministic_first_union_v1,True,16,0,False,[],deterministic,ok,0,none,"{'deterministic_kept': 16, 'fallback_seen': 0, 'fallback_novel': 0, 'fallback_matched': 0, 'fields_filled': 0, 'union_count': 16}",,
robustness,syn-0014__wrapper_insert__02,syn-0014__wrapper_insert__02.html,16,16,0,False,False,{},20261004T181609Z-2ba1b2f7,deterministic_first_union_v1,True,16,0,False,[],deterministic,ok,0,none,"{'deterministic_kept': 16, 'fallback_seen': 0, 'fallback_novel': 0, 'fallback_matched': 0, 'fields_filled': 0, 'union_count': 16}",,
robustness,syn-0014__wrapper_insert__03,syn-0014__wrapper_insert__03.html,16,16,0,False,False,{},20261004T181609Z-2ba1b2f7,deterministic_first_union_v1,True,16,0,False,[],deterministic,ok,0,none,"{'deterministic_kept': 16, 'fallback_seen': 0, 'fallback_novel': 0, 'fallback_matched': 0, 'fields_filled': 0, 'union_count': 16}",,
robustness,syn-0014__field_reorder__01,syn-0014__field_reorder__01.html,16,16,0,False,False,{},20261004T181609Z-2ba1b2f7,deterministic_first_union_v1,True,16,0,False,[],deterministic,ok,0,none,"{'deterministic_kept': 16, 'fallback_seen': 0, 'fallback_novel': 0, 'fallback_matched': 0, 'fields_filled': 0, 'union_count': 16}",,
robustness,syn-0014__field_reorder__02,syn-0014__field_reorder__02.html,16,16,0,False,False,{},20261004T181609Z-2ba1b2f7,deterministic_first_union_v1,True,16,0,False,[],deterministic,ok,0,none,"{'deterministic_kept': 16, 'fallback_seen': 0, 'fallback_novel': 0, 'fallback_matched': 0, 'fields_filled': 0, 'union_count': 16}",,
robustness,syn-0014__subtree_relocate__01,syn-0014__subtree_relocate__01.html,16,16,0,False,False,{},20261004T181609Z-2ba1b2f7,deterministic_first_union_v1,True,16,0,False,[],deterministic,ok,0,none,"{'deterministic_kept': 16, 'fallback_seen': 0, 'fallback_novel': 0, 'fallback_matched': 0, 'fields_filled': 0, 'union_count': 16}",,
robustness,syn-0014__subtree_relocate__02,syn-0014__subtree_relocate__02.html,16,16,0,False,False,{},20261004T181609Z-2ba1b2f7,deterministic_first_union_v1,True,16,0,False,[],deterministic,ok,0,none,"{'deterministic_kept': 16, 'fallback_seen': 0, 'fallback_novel': 0, 'fallback_matched': 0, 'fields_filled': 0, 'union_count': 16}",,
robustness,syn-0015__class_rename__01,syn-0015__class_rename__01.html,0,0,0,False,False,{},20261004T181609Z-2ba1b2f7,deterministic_first_union_v1,False,28,28,False,"[{'product_url': 'https://synthetic-shop.local/product/ups-1000-15-02', 'name': 'Источник бесперебойного питания 1000 ВА', 'price': 12242.0, 'score': 1035}, {'product_url': 'https://synthetic-shop.local/product/monitor-27-15-01', 'name': 'Монитор 27″ IPS QHD 165 Гц', 'price': 29396.0, 'score': 1033}, {'product_url': 'https://synthetic-shop.local/product/mechanical-keyboard-15-03', 'name': 'Клавиатура механическая USB', 'price': 6490.0, 'score': 1015}, {'product_url': 'https://synthetic-shop.local/product/portable-ssd-15-04', 'name': 'Внешний SSD 2 ТБ USB-C', 'price': 17109.0, 'score': 1004}, {'product_url': 'https://synthetic-shop.local/product/ssd-1tb-15-06', 'name': 'SSD накопитель 1 ТБ NVMe PCIe 4.0', 'price': 9124.0, 'score': 1000}, {'product_url': 'https://synthetic-shop.local/product/webcam-15-05', 'name': 'Веб-камера Full HD 1080p', 'price': 4046.0, 'score': 998}, {'product_url': 'https://synthetic-shop.local/product/switch-8p-15-07', 'name': 'Коммутатор 8-портовый Gigabit', 'price': 5038.0, 'score': 989}, {'product_url': 'https://synthetic-shop.local/product/wifi-router-15-08', 'name': 'Маршрутизатор Wi‑Fi 6 AX3000', 'price': 7993.0, 'score': 981}, {'product_url': 'https://synthetic-shop.local/product/ssd-1tb-15-11', 'name': 'SSD накопитель 1 ТБ NVMe PCIe 4.0 — серия 2', 'price': 9297.0, 'score': 975}, {'product_url': 'https://synthetic-shop.local/product/mini-pc-15-09', 'name': 'Мини-ПК 16 ГБ / 512 ГБ', 'price': 37224.0, 'score': 969}]",candidate_only,partial_validation,1,deterministic_empty,"{'deterministic_kept': 0, 'fallback_seen': 8, 'fallback_novel': 8, 'fallback_matched': 0, 'fields_filled': 0, 'union_count': 8}",candidate_only,"{'coverage_confident': False, 'coverage_candidate_count': 28, 'coverage_unmatched_count': 20, 'coverage_scan_truncated': False, 'coverage_unmatched_sample': [{'product_url': 'https://synthetic-shop.local/product/ssd-1tb-15-11', 'name': 'SSD накопитель 1 ТБ NVMe PCIe 4.0 — серия 2', 'price': 9297.0, 'score': 975}, {'product_url': 'https://synthetic-shop.local/product/mini-pc-15-09', 'name': 'Мини-ПК 16 ГБ / 512 ГБ', 'price': 37224.0, 'score': 969}, {'product_url': 'https://synthetic-shop.local/product/usb-headset-15-10', 'name': 'Наушники USB с микрофоном', 'price': 3206.0, 'score': 964}, {'product_url': 'https://synthetic-shop.local/product/ups-1000-15-14', 'name': 'Источник бесперебойного питания 1000 ВА — серия 2', 'price': 12732.0, 'score': 961}, {'product_url': 'https://synthetic-shop.local/product/webcam-15-12', 'name': 'Веб-камера Full HD 1080p — серия 2', 'price': 4491.0, 'score': 959}, {'product_url': 'https://synthetic-shop.local/product/portable-ssd-15-13', 'name': 'Внешний SSD 2 ТБ USB-C — серия 2', 'price': 17280.0, 'score': 951}, {'product_url': 'https://synthetic-shop.local/product/mechanical-keyboard-15-15', 'name': 'Клавиатура механическая USB — серия 2', 'price': 6944.0, 'score': 941}, {'product_url': 'https://synthetic-shop.local/product/switch-8p-15-16', 'name': 'Коммутатор 8-портовый Gigabit — серия 2', 'price': 5084.0, 'score': 936}, {'product_url': 'https://synthetic-shop.local/product/wifi-router-15-17', 'name': 'Маршрутизатор Wi‑Fi 6 AX3000 — серия 2', 'price': 7137.0, 'score': 928}, {'product_url': 'https://synthetic-shop.local/product/monitor-27-15-19', 'name': 'Монитор 27″ IPS QHD 165 Гц — серия 2', 'price': 31160.0, 'score': 917}]}"
robustness,syn-0015__class_rename__02,syn-0015__class_rename__02.html,0,0,0,False,False,{},20261004T181609Z-2ba1b2f7,deterministic_first_union_v1,False,28,28,False,"[{'product_url': 'https://synthetic-shop.local/product/ups-1000-15-02', 'name': 'Источник бесперебойного питания 1000 ВА', 'price': 12242.0, 'score': 1035}, {'product_url': 'https://synthetic-shop.local/product/monitor-27-15-01', 'name': 'Монитор 27″ IPS QHD 165 Гц', 'price': 29396.0, 'score': 1033}, {'product_url': 'https://synthetic-shop.local/product/mechanical-keyboard-15-03', 'name': 'Клавиатура механическая USB', 'price': 6490.0, 'score': 1015}, {'product_url': 'https://synthetic-shop.local/product/portable-ssd-15-04', 'name': 'Внешний SSD 2 ТБ USB-C', 'price': 17109.0, 'score': 1004}, {'product_url': 'https://synthetic-shop.local/product/ssd-1tb-15-06', 'name': 'SSD накопитель 1 ТБ NVMe PCIe 4.0', 'price': 9124.0, 'score': 1000}, {'product_url': 'https://synthetic-shop.local/product/webcam-15-05', 'name': 'Веб-камера Full HD 1080p', 'price': 4046.0, 'score': 998}, {'product_url': 'https://synthetic-shop.local/product/switch-8p-15-07', 'name': 'Коммутатор 8-портовый Gigabit', 'price': 5038.0, 'score': 989}, {'product_url': 'https://synthetic-shop.local/product/wifi-router-15-08', 'name': 'Маршрутизатор Wi‑Fi 6 AX3000', 'price': 7993.0, 'score': 981}, {'product_url': 'https://synthetic-shop.local/product/ssd-1tb-15-11', 'name': 'SSD накопитель 1 ТБ NVMe PCIe 4.0 — серия 2', 'price': 9297.0, 'score': 975}, {'product_url': 'https://synthetic-shop.local/product/mini-pc-15-09', 'name': 'Мини-ПК 16 ГБ / 512 ГБ', 'price': 37224.0, 'score': 969}]",candidate_only,partial_validation,1,deterministic_empty,"{'deterministic_kept': 0, 'fallback_seen': 8, 'fallback_novel': 8, 'fallback_matched': 0, 'fields_filled': 0, 'union_count': 8}",candidate_only,"{'coverage_confident': False, 'coverage_candidate_count': 28, 'coverage_unmatched_count': 20, 'coverage_scan_truncated': False, 'coverage_unmatched_sample': [{'product_url': 'https://synthetic-shop.local/product/ssd-1tb-15-11', 'name': 'SSD накопитель 1 ТБ NVMe PCIe 4.0 — серия 2', 'price': 9297.0, 'score': 975}, {'product_url': 'https://synthetic-shop.local/product/mini-pc-15-09', 'name': 'Мини-ПК 16 ГБ / 512 ГБ', 'price': 37224.0, 'score': 969}, {'product_url': 'https://synthetic-shop.local/product/usb-headset-15-10', 'name': 'Наушники USB с микрофоном', 'price': 3206.0, 'score': 964}, {'product_url': 'https://synthetic-shop.local/product/ups-1000-15-14', 'name': 'Источник бесперебойного питания 1000 ВА — серия 2', 'price': 12732.0, 'score': 961}, {'product_url': 'https://synthetic-shop.local/product/webcam-15-12', 'name': 'Веб-камера Full HD 1080p — серия 2', 'price': 4491.0, 'score': 959}, {'product_url': 'https://synthetic-shop.local/product/portable-ssd-15-13', 'name': 'Внешний SSD 2 ТБ USB-C — серия 2', 'price': 17280.0, 'score': 951}, {'product_url': 'https://synthetic-shop.local/product/mechanical-keyboard-15-15', 'name': 'Клавиатура механическая USB — серия 2', 'price': 6944.0, 'score': 941}, {'product_url': 'https://synthetic-shop.local/product/switch-8p-15-16', 'name': 'Коммутатор 8-портовый Gigabit — серия 2', 'price': 5084.0, 'score': 936}, {'product_url': 'https://synthetic-shop.local/product/wifi-router-15-17', 'name': 'Маршрутизатор Wi‑Fi 6 AX3000 — серия 2', 'price': 7137.0, 'score': 928}, {'product_url': 'https://synthetic-shop.local/product/monitor-27-15-19', 'name': 'Монитор 27″ IPS QHD 165 Гц — серия 2', 'price': 31160.0, 'score': 917}]}"
robustness,syn-0015__class_rename__03,syn-0015__class_rename__03.html,0,0,0,False,False,{},20261004T181609Z-2ba1b2f7,deterministic_first_union_v1,False,28,28,False,"[{'product_url': 'https://synthetic-shop.local/product/ups-1000-15-02', 'name': 'Источник бесперебойного питания 1000 ВА', 'price': 12242.0, 'score': 1035}, {'product_url': 'https://synthetic-shop.local/product/monitor-27-15-01', 'name': 'Монитор 27″ IPS QHD 165 Гц', 'price': 29396.0, 'score': 1033}, {'product_url': 'https://synthetic-shop.local/product/mechanical-keyboard-15-03', 'name': 'Клавиатура механическая USB', 'price': 6490.0, 'score': 1015}, {'product_url': 'https://synthetic-shop.local/product/portable-ssd-15-04', 'name': 'Внешний SSD 2 ТБ USB-C', 'price': 17109.0, 'score': 1004}, {'product_url': 'https://synthetic-shop.local/product/ssd-1tb-15-06', 'name': 'SSD накопитель 1 ТБ NVMe PCIe 4.0', 'price': 9124.0, 'score': 1000}, {'product_url': 'https://synthetic-shop.local/product/webcam-15-05', 'name': 'Веб-камера Full HD 1080p', 'price': 4046.0, 'score': 998}, {'product_url': 'https://synthetic-shop.local/product/switch-8p-15-07', 'name': 'Коммутатор 8-портовый Gigabit', 'price': 5038.0, 'score': 989}, {'product_url': 'https://synthetic-shop.local/product/wifi-router-15-08', 'name': 'Маршрутизатор Wi‑Fi 6 AX3000', 'price': 7993.0, 'score': 981}, {'product_url': 'https://synthetic-shop.local/product/ssd-1tb-15-11', 'name': 'SSD накопитель 1 ТБ NVMe PCIe 4.0 — серия 2', 'price': 9297.0, 'score': 975}, {'product_url': 'https://synthetic-shop.local/product/mini-pc-15-09', 'name': 'Мини-ПК 16 ГБ / 512 ГБ', 'price': 37224.0, 'score': 969}]",candidate_only,partial_validation,1,deterministic_empty,"{'deterministic_kept': 0, 'fallback_seen': 8, 'fallback_novel': 8, 'fallback_matched': 0, 'fields_filled': 0, 'union_count': 8}",candidate_only,"{'coverage_confident': False, 'coverage_candidate_count': 28, 'coverage_unmatched_count': 20, 'coverage_scan_truncated': False, 'coverage_unmatched_sample': [{'product_url': 'https://synthetic-shop.local/product/ssd-1tb-15-11', 'name': 'SSD накопитель 1 ТБ NVMe PCIe 4.0 — серия 2', 'price': 9297.0, 'score': 975}, {'product_url': 'https://synthetic-shop.local/product/mini-pc-15-09', 'name': 'Мини-ПК 16 ГБ / 512 ГБ', 'price': 37224.0, 'score': 969}, {'product_url': 'https://synthetic-shop.local/product/usb-headset-15-10', 'name': 'Наушники USB с микрофоном', 'price': 3206.0, 'score': 964}, {'product_url': 'https://synthetic-shop.local/product/ups-1000-15-14', 'name': 'Источник бесперебойного питания 1000 ВА — серия 2', 'price': 12732.0, 'score': 961}, {'product_url': 'https://synthetic-shop.local/product/webcam-15-12', 'name': 'Веб-камера Full HD 1080p — серия 2', 'price': 4491.0, 'score': 959}, {'product_url': 'https://synthetic-shop.local/product/portable-ssd-15-13', 'name': 'Внешний SSD 2 ТБ USB-C — серия 2', 'price': 17280.0, 'score': 951}, {'product_url': 'https://synthetic-shop.local/product/mechanical-keyboard-15-15', 'name': 'Клавиатура механическая USB — серия 2', 'price': 6944.0, 'score': 941}, {'product_url': 'https://synthetic-shop.local/product/switch-8p-15-16', 'name': 'Коммутатор 8-портовый Gigabit — серия 2', 'price': 5084.0, 'score': 936}, {'product_url': 'https://synthetic-shop.local/product/wifi-router-15-17', 'name': 'Маршрутизатор Wi‑Fi 6 AX3000 — серия 2', 'price': 7137.0, 'score': 928}, {'product_url': 'https://synthetic-shop.local/product/monitor-27-15-19', 'name': 'Монитор 27″ IPS QHD 165 Гц — серия 2', 'price': 31160.0, 'score': 917}]}"
robustness,syn-0015__wrapper_insert__01,syn-0015__wrapper_insert__01.html,0,0,0,False,False,{},20261004T181609Z-2ba1b2f7,deterministic_first_union_v1,False,28,28,False,"[{'product_url': 'https://synthetic-shop.local/product/ups-1000-15-02', 'name': 'Источник бесперебойного питания 1000 ВА', 'price': 12242.0, 'score': 1035}, {'product_url': 'https://synthetic-shop.local/product/monitor-27-15-01', 'name': 'Монитор 27″ IPS QHD 165 Гц', 'price': 29396.0, 'score': 1033}, {'product_url': 'https://synthetic-shop.local/product/mechanical-keyboard-15-03', 'name': 'Клавиатура механическая USB', 'price': 6490.0, 'score': 1015}, {'product_url': 'https://synthetic-shop.local/product/portable-ssd-15-04', 'name': 'Внешний SSD 2 ТБ USB-C', 'price': 17109.0, 'score': 1004}, {'product_url': 'https://synthetic-shop.local/product/ssd-1tb-15-06', 'name': 'SSD накопитель 1 ТБ NVMe PCIe 4.0', 'price': 9124.0, 'score': 1000}, {'product_url': 'https://synthetic-shop.local/product/webcam-15-05', 'name': 'Веб-камера Full HD 1080p', 'price': 4046.0, 'score': 998}, {'product_url': 'https://synthetic-shop.local/product/switch-8p-15-07', 'name': 'Коммутатор 8-портовый Gigabit', 'price': 5038.0, 'score': 989}, {'product_url': 'https://synthetic-shop.local/product/wifi-router-15-08', 'name': 'Маршрутизатор Wi‑Fi 6 AX3000', 'price': 7993.0, 'score': 981}, {'product_url': 'https://synthetic-shop.local/product/ssd-1tb-15-11', 'name': 'SSD накопитель 1 ТБ NVMe PCIe 4.0 — серия 2', 'price': 9297.0, 'score': 975}, {'product_url': 'https://synthetic-shop.local/product/mini-pc-15-09', 'name': 'Мини-ПК 16 ГБ / 512 ГБ', 'price': 37224.0, 'score': 969}]",candidate_only,partial_validation,1,deterministic_empty,"{'deterministic_kept': 0, 'fallback_seen': 8, 'fallback_novel': 8, 'fallback_matched': 0, 'fields_filled': 0, 'union_count': 8}",candidate_only,"{'coverage_confident': False, 'coverage_candidate_count': 28, 'coverage_unmatched_count': 20, 'coverage_scan_truncated': False, 'coverage_unmatched_sample': [{'product_url': 'https://synthetic-shop.local/product/ssd-1tb-15-11', 'name': 'SSD накопитель 1 ТБ NVMe PCIe 4.0 — серия 2', 'price': 9297.0, 'score': 975}, {'product_url': 'https://synthetic-shop.local/product/mini-pc-15-09', 'name': 'Мини-ПК 16 ГБ / 512 ГБ', 'price': 37224.0, 'score': 969}, {'product_url': 'https://synthetic-shop.local/product/usb-headset-15-10', 'name': 'Наушники USB с микрофоном', 'price': 3206.0, 'score': 964}, {'product_url': 'https://synthetic-shop.local/product/ups-1000-15-14', 'name': 'Источник бесперебойного питания 1000 ВА — серия 2', 'price': 12732.0, 'score': 961}, {'product_url': 'https://synthetic-shop.local/product/webcam-15-12', 'name': 'Веб-камера Full HD 1080p — серия 2', 'price': 4491.0, 'score': 959}, {'product_url': 'https://synthetic-shop.local/product/portable-ssd-15-13', 'name': 'Внешний SSD 2 ТБ USB-C — серия 2', 'price': 17280.0, 'score': 951}, {'product_url': 'https://synthetic-shop.local/product/mechanical-keyboard-15-15', 'name': 'Клавиатура механическая USB — серия 2', 'price': 6944.0, 'score': 941}, {'product_url': 'https://synthetic-shop.local/product/switch-8p-15-16', 'name': 'Коммутатор 8-портовый Gigabit — серия 2', 'price': 5084.0, 'score': 936}, {'product_url': 'https://synthetic-shop.local/product/wifi-router-15-17', 'name': 'Маршрутизатор Wi‑Fi 6 AX3000 — серия 2', 'price': 7137.0, 'score': 928}, {'product_url': 'https://synthetic-shop.local/product/monitor-27-15-19', 'name': 'Монитор 27″ IPS QHD 165 Гц — серия 2', 'price': 31160.0, 'score': 917}]}"
robustness,syn-0015__wrapper_insert__02,syn-0015__wrapper_insert__02.html,0,0,0,False,False,{},20261004T181609Z-2ba1b2f7,deterministic_first_union_v1,False,28,28,False,"[{'product_url': 'https://synthetic-shop.local/product/ups-1000-15-02', 'name': 'Источник бесперебойного питания 1000 ВА', 'price': 12242.0, 'score': 1035}, {'product_url': 'https://synthetic-shop.local/product/monitor-27-15-01', 'name': 'Монитор 27″ IPS QHD 165 Гц', 'price': 29396.0, 'score': 1033}, {'product_url': 'https://synthetic-shop.local/product/mechanical-keyboard-15-03', 'name': 'Клавиатура механическая USB', 'price': 6490.0, 'score': 1015}, {'product_url': 'https://synthetic-shop.local/product/portable-ssd-15-04', 'name': 'Внешний SSD 2 ТБ USB-C', 'price': 17109.0, 'score': 1004}, {'product_url': 'https://synthetic-shop.local/product/ssd-1tb-15-06', 'name': 'SSD накопитель 1 ТБ NVMe PCIe 4.0', 'price': 9124.0, 'score': 1000}, {'product_url': 'https://synthetic-shop.local/product/webcam-15-05', 'name': 'Веб-камера Full HD 1080p', 'price': 4046.0, 'score': 998}, {'product_url': 'https://synthetic-shop.local/product/switch-8p-15-07', 'name': 'Коммутатор 8-портовый Gigabit', 'price': 5038.0, 'score': 989}, {'product_url': 'https://synthetic-shop.local/product/wifi-router-15-08', 'name': 'Маршрутизатор Wi‑Fi 6 AX3000', 'price': 7993.0, 'score': 981}, {'product_url': 'https://synthetic-shop.local/product/ssd-1tb-15-11', 'name': 'SSD накопитель 1 ТБ NVMe PCIe 4.0 — серия 2', 'price': 9297.0, 'score': 975}, {'product_url': 'https://synthetic-shop.local/product/mini-pc-15-09', 'name': 'Мини-ПК 16 ГБ / 512 ГБ', 'price': 37224.0, 'score': 969}]",candidate_only,partial_validation,1,deterministic_empty,"{'deterministic_kept': 0, 'fallback_seen': 8, 'fallback_novel': 8, 'fallback_matched': 0, 'fields_filled': 0, 'union_count': 8}",candidate_only,"{'coverage_confident': False, 'coverage_candidate_count': 28, 'coverage_unmatched_count': 20, 'coverage_scan_truncated': False, 'coverage_unmatched_sample': [{'product_url': 'https://synthetic-shop.local/product/ssd-1tb-15-11', 'name': 'SSD накопитель 1 ТБ NVMe PCIe 4.0 — серия 2', 'price': 9297.0, 'score': 975}, {'product_url': 'https://synthetic-shop.local/product/mini-pc-15-09', 'name': 'Мини-ПК 16 ГБ / 512 ГБ', 'price': 37224.0, 'score': 969}, {'product_url': 'https://synthetic-shop.local/product/usb-headset-15-10', 'name': 'Наушники USB с микрофоном', 'price': 3206.0, 'score': 964}, {'product_url': 'https://synthetic-shop.local/product/ups-1000-15-14', 'name': 'Источник бесперебойного питания 1000 ВА — серия 2', 'price': 12732.0, 'score': 961}, {'product_url': 'https://synthetic-shop.local/product/webcam-15-12', 'name': 'Веб-камера Full HD 1080p — серия 2', 'price': 4491.0, 'score': 959}, {'product_url': 'https://synthetic-shop.local/product/portable-ssd-15-13', 'name': 'Внешний SSD 2 ТБ USB-C — серия 2', 'price': 17280.0, 'score': 951}, {'product_url': 'https://synthetic-shop.local/product/mechanical-keyboard-15-15', 'name': 'Клавиатура механическая USB — серия 2', 'price': 6944.0, 'score': 941}, {'product_url': 'https://synthetic-shop.local/product/switch-8p-15-16', 'name': 'Коммутатор 8-портовый Gigabit — серия 2', 'price': 5084.0, 'score': 936}, {'product_url': 'https://synthetic-shop.local/product/wifi-router-15-17', 'name': 'Маршрутизатор Wi‑Fi 6 AX3000 — серия 2', 'price': 7137.0, 'score': 928}, {'product_url': 'https://synthetic-shop.local/product/monitor-27-15-19', 'name': 'Монитор 27″ IPS QHD 165 Гц — серия 2', 'price': 31160.0, 'score': 917}]}"
robustness,syn-0015__wrapper_insert__03,syn-0015__wrapper_insert__03.html,0,0,0,False,False,{},20261004T181609Z-2ba1b2f7,deterministic_first_union_v1,False,28,28,False,"[{'product_url': 'https://synthetic-shop.local/product/ups-1000-15-02', 'name': 'Источник бесперебойного питания 1000 ВА', 'price': 12242.0, 'score': 1035}, {'product_url': 'https://synthetic-shop.local/product/monitor-27-15-01', 'name': 'Монитор 27″ IPS QHD 165 Гц', 'price': 29396.0, 'score': 1033}, {'product_url': 'https://synthetic-shop.local/product/mechanical-keyboard-15-03', 'name': 'Клавиатура механическая USB', 'price': 6490.0, 'score': 1015}, {'product_url': 'https://synthetic-shop.local/product/portable-ssd-15-04', 'name': 'Внешний SSD 2 ТБ USB-C', 'price': 17109.0, 'score': 1004}, {'product_url': 'https://synthetic-shop.local/product/ssd-1tb-15-06', 'name': 'SSD накопитель 1 ТБ NVMe PCIe 4.0', 'price': 9124.0, 'score': 1000}, {'product_url': 'https://synthetic-shop.local/product/webcam-15-05', 'name': 'Веб-камера Full HD 1080p', 'price': 4046.0, 'score': 998}, {'product_url': 'https://synthetic-shop.local/product/switch-8p-15-07', 'name': 'Коммутатор 8-портовый Gigabit', 'price': 5038.0, 'score': 989}, {'product_url': 'https://synthetic-shop.local/product/wifi-router-15-08', 'name': 'Маршрутизатор Wi‑Fi 6 AX3000', 'price': 7993.0, 'score': 981}, {'product_url': 'https://synthetic-shop.local/product/ssd-1tb-15-11', 'name': 'SSD накопитель 1 ТБ NVMe PCIe 4.0 — серия 2', 'price': 9297.0, 'score': 975}, {'product_url': 'https://synthetic-shop.local/product/mini-pc-15-09', 'name': 'Мини-ПК 16 ГБ / 512 ГБ', 'price': 37224.0, 'score': 969}]",candidate_only,partial_validation,1,deterministic_empty,"{'deterministic_kept': 0, 'fallback_seen': 8, 'fallback_novel': 8, 'fallback_matched': 0, 'fields_filled': 0, 'union_count': 8}",candidate_only,"{'coverage_confident': False, 'coverage_candidate_count': 28, 'coverage_unmatched_count': 20, 'coverage_scan_truncated': False, 'coverage_unmatched_sample': [{'product_url': 'https://synthetic-shop.local/product/ssd-1tb-15-11', 'name': 'SSD накопитель 1 ТБ NVMe PCIe 4.0 — серия 2', 'price': 9297.0, 'score': 975}, {'product_url': 'https://synthetic-shop.local/product/mini-pc-15-09', 'name': 'Мини-ПК 16 ГБ / 512 ГБ', 'price': 37224.0, 'score': 969}, {'product_url': 'https://synthetic-shop.local/product/usb-headset-15-10', 'name': 'Наушники USB с микрофоном', 'price': 3206.0, 'score': 964}, {'product_url': 'https://synthetic-shop.local/product/ups-1000-15-14', 'name': 'Источник бесперебойного питания 1000 ВА — серия 2', 'price': 12732.0, 'score': 961}, {'product_url': 'https://synthetic-shop.local/product/webcam-15-12', 'name': 'Веб-камера Full HD 1080p — серия 2', 'price': 4491.0, 'score': 959}, {'product_url': 'https://synthetic-shop.local/product/portable-ssd-15-13', 'name': 'Внешний SSD 2 ТБ USB-C — серия 2', 'price': 17280.0, 'score': 951}, {'product_url': 'https://synthetic-shop.local/product/mechanical-keyboard-15-15', 'name': 'Клавиатура механическая USB — серия 2', 'price': 6944.0, 'score': 941}, {'product_url': 'https://synthetic-shop.local/product/switch-8p-15-16', 'name': 'Коммутатор 8-портовый Gigabit — серия 2', 'price': 5084.0, 'score': 936}, {'product_url': 'https://synthetic-shop.local/product/wifi-router-15-17', 'name': 'Маршрутизатор Wi‑Fi 6 AX3000 — серия 2', 'price': 7137.0, 'score': 928}, {'product_url': 'https://synthetic-shop.local/product/monitor-27-15-19', 'name': 'Монитор 27″ IPS QHD 165 Гц — серия 2', 'price': 31160.0, 'score': 917}]}"
robustness,syn-0015__field_reorder__01,syn-0015__field_reorder__01.html,0,0,0,False,False,{},20261004T181609Z-2ba1b2f7,deterministic_first_union_v1,False,28,28,False,"[{'product_url': 'https://synthetic-shop.local/product/ups-1000-15-02', 'name': 'Источник бесперебойного питания 1000 ВА', 'price': 12242.0, 'score': 1035}, {'product_url': 'https://synthetic-shop.local/product/monitor-27-15-01', 'name': 'Монитор 27″ IPS QHD 165 Гц', 'price': 29396.0, 'score': 1033}, {'product_url': 'https://synthetic-shop.local/product/mechanical-keyboard-15-03', 'name': 'Клавиатура механическая USB', 'price': 6490.0, 'score': 1015}, {'product_url': 'https://synthetic-shop.local/product/portable-ssd-15-04', 'name': 'Внешний SSD 2 ТБ USB-C', 'price': 17109.0, 'score': 1004}, {'product_url': 'https://synthetic-shop.local/product/ssd-1tb-15-06', 'name': 'SSD накопитель 1 ТБ NVMe PCIe 4.0', 'price': 9124.0, 'score': 1000}, {'product_url': 'https://synthetic-shop.local/product/webcam-15-05', 'name': 'Веб-камера Full HD 1080p', 'price': 4046.0, 'score': 998}, {'product_url': 'https://synthetic-shop.local/product/switch-8p-15-07', 'name': 'Коммутатор 8-портовый Gigabit', 'price': 5038.0, 'score': 989}, {'product_url': 'https://synthetic-shop.local/product/wifi-router-15-08', 'name': 'Маршрутизатор Wi‑Fi 6 AX3000', 'price': 7993.0, 'score': 981}, {'product_url': 'https://synthetic-shop.local/product/ssd-1tb-15-11', 'name': 'SSD накопитель 1 ТБ NVMe PCIe 4.0 — серия 2', 'price': 9297.0, 'score': 975}, {'product_url': 'https://synthetic-shop.local/product/mini-pc-15-09', 'name': 'Мини-ПК 16 ГБ / 512 ГБ', 'price': 37224.0, 'score': 969}]",candidate_only,partial_validation,1,deterministic_empty,"{'deterministic_kept': 0, 'fallback_seen': 8, 'fallback_novel': 8, 'fallback_matched': 0, 'fields_filled': 0, 'union_count': 8}",candidate_only,"{'coverage_confident': False, 'coverage_candidate_count': 28, 'coverage_unmatched_count': 20, 'coverage_scan_truncated': False, 'coverage_unmatched_sample': [{'product_url': 'https://synthetic-shop.local/product/ssd-1tb-15-11', 'name': 'SSD накопитель 1 ТБ NVMe PCIe 4.0 — серия 2', 'price': 9297.0, 'score': 975}, {'product_url': 'https://synthetic-shop.local/product/mini-pc-15-09', 'name': 'Мини-ПК 16 ГБ / 512 ГБ', 'price': 37224.0, 'score': 969}, {'product_url': 'https://synthetic-shop.local/product/usb-headset-15-10', 'name': 'Наушники USB с микрофоном', 'price': 3206.0, 'score': 964}, {'product_url': 'https://synthetic-shop.local/product/ups-1000-15-14', 'name': 'Источник бесперебойного питания 1000 ВА — серия 2', 'price': 12732.0, 'score': 961}, {'product_url': 'https://synthetic-shop.local/product/webcam-15-12', 'name': 'Веб-камера Full HD 1080p — серия 2', 'price': 4491.0, 'score': 959}, {'product_url': 'https://synthetic-shop.local/product/portable-ssd-15-13', 'name': 'Внешний SSD 2 ТБ USB-C — серия 2', 'price': 17280.0, 'score': 951}, {'product_url': 'https://synthetic-shop.local/product/mechanical-keyboard-15-15', 'name': 'Клавиатура механическая USB — серия 2', 'price': 6944.0, 'score': 941}, {'product_url': 'https://synthetic-shop.local/product/switch-8p-15-16', 'name': 'Коммутатор 8-портовый Gigabit — серия 2', 'price': 5084.0, 'score': 936}, {'product_url': 'https://synthetic-shop.local/product/wifi-router-15-17', 'name': 'Маршрутизатор Wi‑Fi 6 AX3000 — серия 2', 'price': 7137.0, 'score': 928}, {'product_url': 'https://synthetic-shop.local/product/monitor-27-15-19', 'name': 'Монитор 27″ IPS QHD 165 Гц — серия 2', 'price': 31160.0, 'score': 917}]}"
robustness,syn-0015__field_reorder__02,syn-0015__field_reorder__02.html,0,0,0,False,False,{},20261004T181609Z-2ba1b2f7,deterministic_first_union_v1,False,28,28,False,"[{'product_url': 'https://synthetic-shop.local/product/ups-1000-15-02', 'name': 'Источник бесперебойного питания 1000 ВА', 'price': 12242.0, 'score': 1035}, {'product_url': 'https://synthetic-shop.local/product/monitor-27-15-01', 'name': 'Монитор 27″ IPS QHD 165 Гц', 'price': 29396.0, 'score': 1033}, {'product_url': 'https://synthetic-shop.local/product/mechanical-keyboard-15-03', 'name': 'Клавиатура механическая USB', 'price': 6490.0, 'score': 1015}, {'product_url': 'https://synthetic-shop.local/product/portable-ssd-15-04', 'name': 'Внешний SSD 2 ТБ USB-C', 'price': 17109.0, 'score': 1004}, {'product_url': 'https://synthetic-shop.local/product/ssd-1tb-15-06', 'name': 'SSD накопитель 1 ТБ NVMe PCIe 4.0', 'price': 9124.0, 'score': 1000}, {'product_url': 'https://synthetic-shop.local/product/webcam-15-05', 'name': 'Веб-камера Full HD 1080p', 'price': 4046.0, 'score': 998}, {'product_url': 'https://synthetic-shop.local/product/switch-8p-15-07', 'name': 'Коммутатор 8-портовый Gigabit', 'price': 5038.0, 'score': 989}, {'product_url': 'https://synthetic-shop.local/product/wifi-router-15-08', 'name': 'Маршрутизатор Wi‑Fi 6 AX3000', 'price': 7993.0, 'score': 981}, {'product_url': 'https://synthetic-shop.local/product/ssd-1tb-15-11', 'name': 'SSD накопитель 1 ТБ NVMe PCIe 4.0 — серия 2', 'price': 9297.0, 'score': 975}, {'product_url': 'https://synthetic-shop.local/product/mini-pc-15-09', 'name': 'Мини-ПК 16 ГБ / 512 ГБ', 'price': 37224.0, 'score': 969}]",candidate_only,partial_validation,1,deterministic_empty,"{'deterministic_kept': 0, 'fallback_seen': 8, 'fallback_novel': 8, 'fallback_matched': 0, 'fields_filled': 0, 'union_count': 8}",candidate_only,"{'coverage_confident': False, 'coverage_candidate_count': 28, 'coverage_unmatched_count': 20, 'coverage_scan_truncated': False, 'coverage_unmatched_sample': [{'product_url': 'https://synthetic-shop.local/product/ssd-1tb-15-11', 'name': 'SSD накопитель 1 ТБ NVMe PCIe 4.0 — серия 2', 'price': 9297.0, 'score': 975}, {'product_url': 'https://synthetic-shop.local/product/mini-pc-15-09', 'name': 'Мини-ПК 16 ГБ / 512 ГБ', 'price': 37224.0, 'score': 969}, {'product_url': 'https://synthetic-shop.local/product/usb-headset-15-10', 'name': 'Наушники USB с микрофоном', 'price': 3206.0, 'score': 964}, {'product_url': 'https://synthetic-shop.local/product/ups-1000-15-14', 'name': 'Источник бесперебойного питания 1000 ВА — серия 2', 'price': 12732.0, 'score': 961}, {'product_url': 'https://synthetic-shop.local/product/webcam-15-12', 'name': 'Веб-камера Full HD 1080p — серия 2', 'price': 4491.0, 'score': 959}, {'product_url': 'https://synthetic-shop.local/product/portable-ssd-15-13', 'name': 'Внешний SSD 2 ТБ USB-C — серия 2', 'price': 17280.0, 'score': 951}, {'product_url': 'https://synthetic-shop.local/product/mechanical-keyboard-15-15', 'name': 'Клавиатура механическая USB — серия 2', 'price': 6944.0, 'score': 941}, {'product_url': 'https://synthetic-shop.local/product/switch-8p-15-16', 'name': 'Коммутатор 8-портовый Gigabit — серия 2', 'price': 5084.0, 'score': 936}, {'product_url': 'https://synthetic-shop.local/product/wifi-router-15-17', 'name': 'Маршрутизатор Wi‑Fi 6 AX3000 — серия 2', 'price': 7137.0, 'score': 928}, {'product_url': 'https://synthetic-shop.local/product/monitor-27-15-19', 'name': 'Монитор 27″ IPS QHD 165 Гц — серия 2', 'price': 31160.0, 'score': 917}]}"
robustness,syn-0015__subtree_relocate__01,syn-0015__subtree_relocate__01.html,0,0,0,False,False,{},20261004T181609Z-2ba1b2f7,deterministic_first_union_v1,False,28,28,False,"[{'product_url': 'https://synthetic-shop.local/product/ups-1000-15-02', 'name': 'Источник бесперебойного питания 1000 ВА', 'price': 12242.0, 'score': 1035}, {'product_url': 'https://synthetic-shop.local/product/monitor-27-15-01', 'name': 'Монитор 27″ IPS QHD 165 Гц', 'price': 29396.0, 'score': 1033}, {'product_url': 'https://synthetic-shop.local/product/mechanical-keyboard-15-03', 'name': 'Клавиатура механическая USB', 'price': 6490.0, 'score': 1015}, {'product_url': 'https://synthetic-shop.local/product/portable-ssd-15-04', 'name': 'Внешний SSD 2 ТБ USB-C', 'price': 17109.0, 'score': 1004}, {'product_url': 'https://synthetic-shop.local/product/ssd-1tb-15-06', 'name': 'SSD накопитель 1 ТБ NVMe PCIe 4.0', 'price': 9124.0, 'score': 1000}, {'product_url': 'https://synthetic-shop.local/product/webcam-15-05', 'name': 'Веб-камера Full HD 1080p', 'price': 4046.0, 'score': 998}, {'product_url': 'https://synthetic-shop.local/product/switch-8p-15-07', 'name': 'Коммутатор 8-портовый Gigabit', 'price': 5038.0, 'score': 989}, {'product_url': 'https://synthetic-shop.local/product/wifi-router-15-08', 'name': 'Маршрутизатор Wi‑Fi 6 AX3000', 'price': 7993.0, 'score': 981}, {'product_url': 'https://synthetic-shop.local/product/ssd-1tb-15-11', 'name': 'SSD накопитель 1 ТБ NVMe PCIe 4.0 — серия 2', 'price': 9297.0, 'score': 975}, {'product_url': 'https://synthetic-shop.local/product/mini-pc-15-09', 'name': 'Мини-ПК 16 ГБ / 512 ГБ', 'price': 37224.0, 'score': 969}]",candidate_only,partial_validation,1,deterministic_empty,"{'deterministic_kept': 0, 'fallback_seen': 8, 'fallback_novel': 8, 'fallback_matched': 0, 'fields_filled': 0, 'union_count': 8}",candidate_only,"{'coverage_confident': False, 'coverage_candidate_count': 28, 'coverage_unmatched_count': 20, 'coverage_scan_truncated': False, 'coverage_unmatched_sample': [{'product_url': 'https://synthetic-shop.local/product/ssd-1tb-15-11', 'name': 'SSD накопитель 1 ТБ NVMe PCIe 4.0 — серия 2', 'price': 9297.0, 'score': 975}, {'product_url': 'https://synthetic-shop.local/product/mini-pc-15-09', 'name': 'Мини-ПК 16 ГБ / 512 ГБ', 'price': 37224.0, 'score': 969}, {'product_url': 'https://synthetic-shop.local/product/usb-headset-15-10', 'name': 'Наушники USB с микрофоном', 'price': 3206.0, 'score': 964}, {'product_url': 'https://synthetic-shop.local/product/ups-1000-15-14', 'name': 'Источник бесперебойного питания 1000 ВА — серия 2', 'price': 12732.0, 'score': 961}, {'product_url': 'https://synthetic-shop.local/product/webcam-15-12', 'name': 'Веб-камера Full HD 1080p — серия 2', 'price': 4491.0, 'score': 959}, {'product_url': 'https://synthetic-shop.local/product/portable-ssd-15-13', 'name': 'Внешний SSD 2 ТБ USB-C — серия 2', 'price': 17280.0, 'score': 951}, {'product_url': 'https://synthetic-shop.local/product/mechanical-keyboard-15-15', 'name': 'Клавиатура механическая USB — серия 2', 'price': 6944.0, 'score': 941}, {'product_url': 'https://synthetic-shop.local/product/switch-8p-15-16', 'name': 'Коммутатор 8-портовый Gigabit — серия 2', 'price': 5084.0, 'score': 936}, {'product_url': 'https://synthetic-shop.local/product/wifi-router-15-17', 'name': 'Маршрутизатор Wi‑Fi 6 AX3000 — серия 2', 'price': 7137.0, 'score': 928}, {'product_url': 'https://synthetic-shop.local/product/monitor-27-15-19', 'name': 'Монитор 27″ IPS QHD 165 Гц — серия 2', 'price': 31160.0, 'score': 917}]}"
robustness,syn-0015__subtree_relocate__02,syn-0015__subtree_relocate__02.html,0,0,0,False,False,{},20261004T181609Z-2ba1b2f7,deterministic_first_union_v1,False,28,28,False,"[{'product_url': 'https://synthetic-shop.local/product/ups-1000-15-02', 'name': 'Источник бесперебойного питания 1000 ВА', 'price': 12242.0, 'score': 1035}, {'product_url': 'https://synthetic-shop.local/product/monitor-27-15-01', 'name': 'Монитор 27″ IPS QHD 165 Гц', 'price': 29396.0, 'score': 1033}, {'product_url': 'https://synthetic-shop.local/product/mechanical-keyboard-15-03', 'name': 'Клавиатура механическая USB', 'price': 6490.0, 'score': 1015}, {'product_url': 'https://synthetic-shop.local/product/portable-ssd-15-04', 'name': 'Внешний SSD 2 ТБ USB-C', 'price': 17109.0, 'score': 1004}, {'product_url': 'https://synthetic-shop.local/product/ssd-1tb-15-06', 'name': 'SSD накопитель 1 ТБ NVMe PCIe 4.0', 'price': 9124.0, 'score': 1000}, {'product_url': 'https://synthetic-shop.local/product/webcam-15-05', 'name': 'Веб-камера Full HD 1080p', 'price': 4046.0, 'score': 998}, {'product_url': 'https://synthetic-shop.local/product/switch-8p-15-07', 'name': 'Коммутатор 8-портовый Gigabit', 'price': 5038.0, 'score': 989}, {'product_url': 'https://synthetic-shop.local/product/wifi-router-15-08', 'name': 'Маршрутизатор Wi‑Fi 6 AX3000', 'price': 7993.0, 'score': 981}, {'product_url': 'https://synthetic-shop.local/product/ssd-1tb-15-11', 'name': 'SSD накопитель 1 ТБ NVMe PCIe 4.0 — серия 2', 'price': 9297.0, 'score': 975}, {'product_url': 'https://synthetic-shop.local/product/mini-pc-15-09', 'name': 'Мини-ПК 16 ГБ / 512 ГБ', 'price': 37224.0, 'score': 969}]",candidate_only,partial_validation,1,deterministic_empty,"{'deterministic_kept': 0, 'fallback_seen': 8, 'fallback_novel': 8, 'fallback_matched': 0, 'fields_filled': 0, 'union_count': 8}",candidate_only,"{'coverage_confident': False, 'coverage_candidate_count': 28, 'coverage_unmatched_count': 20, 'coverage_scan_truncated': False, 'coverage_unmatched_sample': [{'product_url': 'https://synthetic-shop.local/product/ssd-1tb-15-11', 'name': 'SSD накопитель 1 ТБ NVMe PCIe 4.0 — серия 2', 'price': 9297.0, 'score': 975}, {'product_url': 'https://synthetic-shop.local/product/mini-pc-15-09', 'name': 'Мини-ПК 16 ГБ / 512 ГБ', 'price': 37224.0, 'score': 969}, {'product_url': 'https://synthetic-shop.local/product/usb-headset-15-10', 'name': 'Наушники USB с микрофоном', 'price': 3206.0, 'score': 964}, {'product_url': 'https://synthetic-shop.local/product/ups-1000-15-14', 'name': 'Источник бесперебойного питания 1000 ВА — серия 2', 'price': 12732.0, 'score': 961}, {'product_url': 'https://synthetic-shop.local/product/webcam-15-12', 'name': 'Веб-камера Full HD 1080p — серия 2', 'price': 4491.0, 'score': 959}, {'product_url': 'https://synthetic-shop.local/product/portable-ssd-15-13', 'name': 'Внешний SSD 2 ТБ USB-C — серия 2', 'price': 17280.0, 'score': 951}, {'product_url': 'https://synthetic-shop.local/product/mechanical-keyboard-15-15', 'name': 'Клавиатура механическая USB — серия 2', 'price': 6944.0, 'score': 941}, {'product_url': 'https://synthetic-shop.local/product/switch-8p-15-16', 'name': 'Коммутатор 8-портовый Gigabit — серия 2', 'price': 5084.0, 'score': 936}, {'product_url': 'https://synthetic-shop.local/product/wifi-router-15-17', 'name': 'Маршрутизатор Wi‑Fi 6 AX3000 — серия 2', 'price': 7137.0, 'score': 928}, {'product_url': 'https://synthetic-shop.local/product/monitor-27-15-19', 'name': 'Монитор 27″ IPS QHD 165 Гц — серия 2', 'price': 31160.0, 'score': 917}]}"
robustness,syn-0016__class_rename__01,syn-0016__class_rename__01.html,0,0,0,False,False,{},20261004T181609Z-2ba1b2f7,deterministic_first_union_v1,False,14,14,False,"[{'product_url': 'https://synthetic-shop.local/product/portable-ssd-16-01', 'name': 'Внешний SSD 2 ТБ USB-C', 'price': 17347.0, 'score': 433}, {'product_url': 'https://synthetic-shop.local/product/webcam-16-02', 'name': 'Веб-камера Full HD 1080p', 'price': 3990.0, 'score': 427}, {'product_url': 'https://synthetic-shop.local/product/switch-8p-16-03', 'name': 'Коммутатор 8-портовый Gigabit', 'price': 4622.0, 'score': 425}, {'product_url': 'https://synthetic-shop.local/product/mini-pc-16-04', 'name': 'Мини-ПК 16 ГБ / 512 ГБ', 'price': 36494.0, 'score': 412}, {'product_url': 'https://synthetic-shop.local/product/ssd-1tb-16-06', 'name': 'SSD накопитель 1 ТБ NVMe PCIe 4.0', 'price': 8608.0, 'score': 408}, {'product_url': 'https://synthetic-shop.local/product/ups-1000-16-07', 'name': 'Источник бесперебойного питания 1000 ВА', 'price': 12609.0, 'score': 408}, {'product_url': 'https://synthetic-shop.local/product/usb-headset-16-05', 'name': 'Наушники USB с микрофоном', 'price': 3053.0, 'score': 407}, {'product_url': 'https://synthetic-shop.local/product/mechanical-keyboard-16-08', 'name': 'Клавиатура механическая USB', 'price': 6879.0, 'score': 388}, {'product_url': 'https://synthetic-shop.local/product/ssd-1tb-16-11', 'name': 'SSD накопитель 1 ТБ NVMe PCIe 4.0 — серия 2', 'price': 8780.0, 'score': 383}, {'product_url': 'https://synthetic-shop.local/product/wifi-router-16-09', 'name': 'Маршрутизатор Wi‑Fi 6 AX3000', 'price': 7779.0, 'score': 382}]",candidate_only,partial_validation,1,deterministic_empty,"{'deterministic_kept': 0, 'fallback_seen': 8, 'fallback_novel': 8, 'fallback_matched': 0, 'fields_filled': 0, 'union_count': 8}",candidate_only,"{'coverage_confident': False, 'coverage_candidate_count': 14, 'coverage_unmatched_count': 6, 'coverage_scan_truncated': False, 'coverage_unmatched_sample': [{'product_url': 'https://synthetic-shop.local/product/ssd-1tb-16-11', 'name': 'SSD накопитель 1 ТБ NVMe PCIe 4.0 — серия 2', 'price': 8780.0, 'score': 383}, {'product_url': 'https://synthetic-shop.local/product/wifi-router-16-09', 'name': 'Маршрутизатор Wi‑Fi 6 AX3000', 'price': 7779.0, 'score': 382}, {'product_url': 'https://synthetic-shop.local/product/monitor-27-16-10', 'name': 'Монитор 27″ IPS QHD 165 Гц', 'price': 32924.0, 'score': 378}, {'product_url': 'https://synthetic-shop.local/product/ups-1000-16-14', 'name': 'Источник бесперебойного питания 1000 ВА — серия 2', 'price': 13589.0, 'score': 369}, {'product_url': 'https://synthetic-shop.local/product/webcam-16-12', 'name': 'Веб-камера Full HD 1080p — серия 2', 'price': 4248.0, 'score': 367}, {'product_url': 'https://synthetic-shop.local/product/portable-ssd-16-13', 'name': 'Внешний SSD 2 ТБ USB-C — серия 2', 'price': 18478.0, 'score': 359}]}"
robustness,syn-0016__class_rename__02,syn-0016__class_rename__02.html,0,0,0,False,False,{},20261004T181609Z-2ba1b2f7,deterministic_first_union_v1,False,14,14,False,"[{'product_url': 'https://synthetic-shop.local/product/portable-ssd-16-01', 'name': 'Внешний SSD 2 ТБ USB-C', 'price': 17347.0, 'score': 433}, {'product_url': 'https://synthetic-shop.local/product/webcam-16-02', 'name': 'Веб-камера Full HD 1080p', 'price': 3990.0, 'score': 427}, {'product_url': 'https://synthetic-shop.local/product/switch-8p-16-03', 'name': 'Коммутатор 8-портовый Gigabit', 'price': 4622.0, 'score': 425}, {'product_url': 'https://synthetic-shop.local/product/mini-pc-16-04', 'name': 'Мини-ПК 16 ГБ / 512 ГБ', 'price': 36494.0, 'score': 412}, {'product_url': 'https://synthetic-shop.local/product/ssd-1tb-16-06', 'name': 'SSD накопитель 1 ТБ NVMe PCIe 4.0', 'price': 8608.0, 'score': 408}, {'product_url': 'https://synthetic-shop.local/product/ups-1000-16-07', 'name': 'Источник бесперебойного питания 1000 ВА', 'price': 12609.0, 'score': 408}, {'product_url': 'https://synthetic-shop.local/product/usb-headset-16-05', 'name': 'Наушники USB с микрофоном', 'price': 3053.0, 'score': 407}, {'product_url': 'https://synthetic-shop.local/product/mechanical-keyboard-16-08', 'name': 'Клавиатура механическая USB', 'price': 6879.0, 'score': 388}, {'product_url': 'https://synthetic-shop.local/product/ssd-1tb-16-11', 'name': 'SSD накопитель 1 ТБ NVMe PCIe 4.0 — серия 2', 'price': 8780.0, 'score': 383}, {'product_url': 'https://synthetic-shop.local/product/wifi-router-16-09', 'name': 'Маршрутизатор Wi‑Fi 6 AX3000', 'price': 7779.0, 'score': 382}]",candidate_only,partial_validation,1,deterministic_empty,"{'deterministic_kept': 0, 'fallback_seen': 8, 'fallback_novel': 8, 'fallback_matched': 0, 'fields_filled': 0, 'union_count': 8}",candidate_only,"{'coverage_confident': False, 'coverage_candidate_count': 14, 'coverage_unmatched_count': 6, 'coverage_scan_truncated': False, 'coverage_unmatched_sample': [{'product_url': 'https://synthetic-shop.local/product/ssd-1tb-16-11', 'name': 'SSD накопитель 1 ТБ NVMe PCIe 4.0 — серия 2', 'price': 8780.0, 'score': 383}, {'product_url': 'https://synthetic-shop.local/product/wifi-router-16-09', 'name': 'Маршрутизатор Wi‑Fi 6 AX3000', 'price': 7779.0, 'score': 382}, {'product_url': 'https://synthetic-shop.local/product/monitor-27-16-10', 'name': 'Монитор 27″ IPS QHD 165 Гц', 'price': 32924.0, 'score': 378}, {'product_url': 'https://synthetic-shop.local/product/ups-1000-16-14', 'name': 'Источник бесперебойного питания 1000 ВА — серия 2', 'price': 13589.0, 'score': 369}, {'product_url': 'https://synthetic-shop.local/product/webcam-16-12', 'name': 'Веб-камера Full HD 1080p — серия 2', 'price': 4248.0, 'score': 367}, {'product_url': 'https://synthetic-shop.local/product/portable-ssd-16-13', 'name': 'Внешний SSD 2 ТБ USB-C — серия 2', 'price': 18478.0, 'score': 359}]}"
robustness,syn-0016__class_rename__03,syn-0016__class_rename__03.html,0,0,0,False,False,{},20261004T181609Z-2ba1b2f7,deterministic_first_union_v1,False,14,14,False,"[{'product_url': 'https://synthetic-shop.local/product/portable-ssd-16-01', 'name': 'Внешний SSD 2 ТБ USB-C', 'price': 17347.0, 'score': 433}, {'product_url': 'https://synthetic-shop.local/product/webcam-16-02', 'name': 'Веб-камера Full HD 1080p', 'price': 3990.0, 'score': 427}, {'product_url': 'https://synthetic-shop.local/product/switch-8p-16-03', 'name': 'Коммутатор 8-портовый Gigabit', 'price': 4622.0, 'score': 425}, {'product_url': 'https://synthetic-shop.local/product/mini-pc-16-04', 'name': 'Мини-ПК 16 ГБ / 512 ГБ', 'price': 36494.0, 'score': 412}, {'product_url': 'https://synthetic-shop.local/product/ssd-1tb-16-06', 'name': 'SSD накопитель 1 ТБ NVMe PCIe 4.0', 'price': 8608.0, 'score': 408}, {'product_url': 'https://synthetic-shop.local/product/ups-1000-16-07', 'name': 'Источник бесперебойного питания 1000 ВА', 'price': 12609.0, 'score': 408}, {'product_url': 'https://synthetic-shop.local/product/usb-headset-16-05', 'name': 'Наушники USB с микрофоном', 'price': 3053.0, 'score': 407}, {'product_url': 'https://synthetic-shop.local/product/mechanical-keyboard-16-08', 'name': 'Клавиатура механическая USB', 'price': 6879.0, 'score': 388}, {'product_url': 'https://synthetic-shop.local/product/ssd-1tb-16-11', 'name': 'SSD накопитель 1 ТБ NVMe PCIe 4.0 — серия 2', 'price': 8780.0, 'score': 383}, {'product_url': 'https://synthetic-shop.local/product/wifi-router-16-09', 'name': 'Маршрутизатор Wi‑Fi 6 AX3000', 'price': 7779.0, 'score': 382}]",candidate_only,partial_validation,1,deterministic_empty,"{'deterministic_kept': 0, 'fallback_seen': 8, 'fallback_novel': 8, 'fallback_matched': 0, 'fields_filled': 0, 'union_count': 8}",candidate_only,"{'coverage_confident': False, 'coverage_candidate_count': 14, 'coverage_unmatched_count': 6, 'coverage_scan_truncated': False, 'coverage_unmatched_sample': [{'product_url': 'https://synthetic-shop.local/product/ssd-1tb-16-11', 'name': 'SSD накопитель 1 ТБ NVMe PCIe 4.0 — серия 2', 'price': 8780.0, 'score': 383}, {'product_url': 'https://synthetic-shop.local/product/wifi-router-16-09', 'name': 'Маршрутизатор Wi‑Fi 6 AX3000', 'price': 7779.0, 'score': 382}, {'product_url': 'https://synthetic-shop.local/product/monitor-27-16-10', 'name': 'Монитор 27″ IPS QHD 165 Гц', 'price': 32924.0, 'score': 378}, {'product_url': 'https://synthetic-shop.local/product/ups-1000-16-14', 'name': 'Источник бесперебойного питания 1000 ВА — серия 2', 'price': 13589.0, 'score': 369}, {'product_url': 'https://synthetic-shop.local/product/webcam-16-12', 'name': 'Веб-камера Full HD 1080p — серия 2', 'price': 4248.0, 'score': 367}, {'product_url': 'https://synthetic-shop.local/product/portable-ssd-16-13', 'name': 'Внешний SSD 2 ТБ USB-C — серия 2', 'price': 18478.0, 'score': 359}]}"
robustness,syn-0016__wrapper_insert__01,syn-0016__wrapper_insert__01.html,0,0,0,False,False,{},20261004T181609Z-2ba1b2f7,deterministic_first_union_v1,False,14,14,False,"[{'product_url': 'https://synthetic-shop.local/product/portable-ssd-16-01', 'name': 'Внешний SSD 2 ТБ USB-C', 'price': 17347.0, 'score': 943}, {'product_url': 'https://synthetic-shop.local/product/webcam-16-02', 'name': 'Веб-камера Full HD 1080p', 'price': 3990.0, 'score': 937}, {'product_url': 'https://synthetic-shop.local/product/switch-8p-16-03', 'name': 'Коммутатор 8-портовый Gigabit', 'price': 4622.0, 'score': 935}, {'product_url': 'https://synthetic-shop.local/product/mini-pc-16-04', 'name': 'Мини-ПК 16 ГБ / 512 ГБ', 'price': 36494.0, 'score': 922}, {'product_url': 'https://synthetic-shop.local/product/ssd-1tb-16-06', 'name': 'SSD накопитель 1 ТБ NVMe PCIe 4.0', 'price': 8608.0, 'score': 918}, {'product_url': 'https://synthetic-shop.local/product/ups-1000-16-07', 'name': 'Источник бесперебойного питания 1000 ВА', 'price': 12609.0, 'score': 918}, {'product_url': 'https://synthetic-shop.local/product/usb-headset-16-05', 'name': 'Наушники USB с микрофоном', 'price': 3053.0, 'score': 917}, {'product_url': 'https://synthetic-shop.local/product/mechanical-keyboard-16-08', 'name': 'Клавиатура механическая USB', 'price': 6879.0, 'score': 898}, {'product_url': 'https://synthetic-shop.local/product/ssd-1tb-16-11', 'name': 'SSD накопитель 1 ТБ NVMe PCIe 4.0 — серия 2', 'price': 8780.0, 'score': 893}, {'product_url': 'https://synthetic-shop.local/product/wifi-router-16-09', 'name': 'Маршрутизатор Wi‑Fi 6 AX3000', 'price': 7779.0, 'score': 892}]",candidate_only,partial_validation,1,deterministic_empty,"{'deterministic_kept': 0, 'fallback_seen': 8, 'fallback_novel': 8, 'fallback_matched': 0, 'fields_filled': 0, 'union_count': 8}",candidate_only,"{'coverage_confident': False, 'coverage_candidate_count': 14, 'coverage_unmatched_count': 6, 'coverage_scan_truncated': False, 'coverage_unmatched_sample': [{'product_url': 'https://synthetic-shop.local/product/ssd-1tb-16-11', 'name': 'SSD накопитель 1 ТБ NVMe PCIe 4.0 — серия 2', 'price': 8780.0, 'score': 893}, {'product_url': 'https://synthetic-shop.local/product/wifi-router-16-09', 'name': 'Маршрутизатор Wi‑Fi 6 AX3000', 'price': 7779.0, 'score': 892}, {'product_url': 'https://synthetic-shop.local/product/monitor-27-16-10', 'name': 'Монитор 27″ IPS QHD 165 Гц', 'price': 32924.0, 'score': 888}, {'product_url': 'https://synthetic-shop.local/product/ups-1000-16-14', 'name': 'Источник бесперебойного питания 1000 ВА — серия 2', 'price': 13589.0, 'score': 879}, {'product_url': 'https://synthetic-shop.local/product/webcam-16-12', 'name': 'Веб-камера Full HD 1080p — серия 2', 'price': 4248.0, 'score': 877}, {'product_url': 'https://synthetic-shop.local/product/portable-ssd-16-13', 'name': 'Внешний SSD 2 ТБ USB-C — серия 2', 'price': 18478.0, 'score': 869}]}"
robustness,syn-0016__wrapper_insert__02,syn-0016__wrapper_insert__02.html,0,0,0,False,False,{},20261004T181609Z-2ba1b2f7,deterministic_first_union_v1,False,14,14,False,"[{'product_url': 'https://synthetic-shop.local/product/portable-ssd-16-01', 'name': 'Внешний SSD 2 ТБ USB-C', 'price': 17347.0, 'score': 433}, {'product_url': 'https://synthetic-shop.local/product/webcam-16-02', 'name': 'Веб-камера Full HD 1080p', 'price': 3990.0, 'score': 427}, {'product_url': 'https://synthetic-shop.local/product/switch-8p-16-03', 'name': 'Коммутатор 8-портовый Gigabit', 'price': 4622.0, 'score': 425}, {'product_url': 'https://synthetic-shop.local/product/mini-pc-16-04', 'name': 'Мини-ПК 16 ГБ / 512 ГБ', 'price': 36494.0, 'score': 412}, {'product_url': 'https://synthetic-shop.local/product/ssd-1tb-16-06', 'name': 'SSD накопитель 1 ТБ NVMe PCIe 4.0', 'price': 8608.0, 'score': 408}, {'product_url': 'https://synthetic-shop.local/product/ups-1000-16-07', 'name': 'Источник бесперебойного питания 1000 ВА', 'price': 12609.0, 'score': 408}, {'product_url': 'https://synthetic-shop.local/product/usb-headset-16-05', 'name': 'Наушники USB с микрофоном', 'price': 3053.0, 'score': 407}, {'product_url': 'https://synthetic-shop.local/product/mechanical-keyboard-16-08', 'name': 'Клавиатура механическая USB', 'price': 6879.0, 'score': 388}, {'product_url': 'https://synthetic-shop.local/product/ssd-1tb-16-11', 'name': 'SSD накопитель 1 ТБ NVMe PCIe 4.0 — серия 2', 'price': 8780.0, 'score': 383}, {'product_url': 'https://synthetic-shop.local/product/wifi-router-16-09', 'name': 'Маршрутизатор Wi‑Fi 6 AX3000', 'price': 7779.0, 'score': 382}]",candidate_only,partial_validation,1,deterministic_empty,"{'deterministic_kept': 0, 'fallback_seen': 8, 'fallback_novel': 8, 'fallback_matched': 0, 'fields_filled': 0, 'union_count': 8}",candidate_only,"{'coverage_confident': False, 'coverage_candidate_count': 14, 'coverage_unmatched_count': 6, 'coverage_scan_truncated': False, 'coverage_unmatched_sample': [{'product_url': 'https://synthetic-shop.local/product/ssd-1tb-16-11', 'name': 'SSD накопитель 1 ТБ NVMe PCIe 4.0 — серия 2', 'price': 8780.0, 'score': 383}, {'product_url': 'https://synthetic-shop.local/product/wifi-router-16-09', 'name': 'Маршрутизатор Wi‑Fi 6 AX3000', 'price': 7779.0, 'score': 382}, {'product_url': 'https://synthetic-shop.local/product/monitor-27-16-10', 'name': 'Монитор 27″ IPS QHD 165 Гц', 'price': 32924.0, 'score': 378}, {'product_url': 'https://synthetic-shop.local/product/ups-1000-16-14', 'name': 'Источник бесперебойного питания 1000 ВА — серия 2', 'price': 13589.0, 'score': 369}, {'product_url': 'https://synthetic-shop.local/product/webcam-16-12', 'name': 'Веб-камера Full HD 1080p — серия 2', 'price': 4248.0, 'score': 367}, {'product_url': 'https://synthetic-shop.local/product/portable-ssd-16-13', 'name': 'Внешний SSD 2 ТБ USB-C — серия 2', 'price': 18478.0, 'score': 359}]}"
robustness,syn-0016__wrapper_insert__03,syn-0016__wrapper_insert__03.html,0,0,0,False,False,{},20261004T181609Z-2ba1b2f7,deterministic_first_union_v1,False,14,14,False,"[{'product_url': 'https://synthetic-shop.local/product/portable-ssd-16-01', 'name': 'Внешний SSD 2 ТБ USB-C', 'price': 17347.0, 'score': 943}, {'product_url': 'https://synthetic-shop.local/product/webcam-16-02', 'name': 'Веб-камера Full HD 1080p', 'price': 3990.0, 'score': 937}, {'product_url': 'https://synthetic-shop.local/product/switch-8p-16-03', 'name': 'Коммутатор 8-портовый Gigabit', 'price': 4622.0, 'score': 935}, {'product_url': 'https://synthetic-shop.local/product/mini-pc-16-04', 'name': 'Мини-ПК 16 ГБ / 512 ГБ', 'price': 36494.0, 'score': 922}, {'product_url': 'https://synthetic-shop.local/product/ssd-1tb-16-06', 'name': 'SSD накопитель 1 ТБ NVMe PCIe 4.0', 'price': 8608.0, 'score': 918}, {'product_url': 'https://synthetic-shop.local/product/ups-1000-16-07', 'name': 'Источник бесперебойного питания 1000 ВА', 'price': 12609.0, 'score': 918}, {'product_url': 'https://synthetic-shop.local/product/usb-headset-16-05', 'name': 'Наушники USB с микрофоном', 'price': 3053.0, 'score': 917}, {'product_url': 'https://synthetic-shop.local/product/mechanical-keyboard-16-08', 'name': 'Клавиатура механическая USB', 'price': 6879.0, 'score': 898}, {'product_url': 'https://synthetic-shop.local/product/ssd-1tb-16-11', 'name': 'SSD накопитель 1 ТБ NVMe PCIe 4.0 — серия 2', 'price': 8780.0, 'score': 893}, {'product_url': 'https://synthetic-shop.local/product/wifi-router-16-09', 'name': 'Маршрутизатор Wi‑Fi 6 AX3000', 'price': 7779.0, 'score': 892}]",candidate_only,partial_validation,1,deterministic_empty,"{'deterministic_kept': 0, 'fallback_seen': 8, 'fallback_novel': 8, 'fallback_matched': 0, 'fields_filled': 0, 'union_count': 8}",candidate_only,"{'coverage_confident': False, 'coverage_candidate_count': 14, 'coverage_unmatched_count': 6, 'coverage_scan_truncated': False, 'coverage_unmatched_sample': [{'product_url': 'https://synthetic-shop.local/product/ssd-1tb-16-11', 'name': 'SSD накопитель 1 ТБ NVMe PCIe 4.0 — серия 2', 'price': 8780.0, 'score': 893}, {'product_url': 'https://synthetic-shop.local/product/wifi-router-16-09', 'name': 'Маршрутизатор Wi‑Fi 6 AX3000', 'price': 7779.0, 'score': 892}, {'product_url': 'https://synthetic-shop.local/product/monitor-27-16-10', 'name': 'Монитор 27″ IPS QHD 165 Гц', 'price': 32924.0, 'score': 888}, {'product_url': 'https://synthetic-shop.local/product/ups-1000-16-14', 'name': 'Источник бесперебойного питания 1000 ВА — серия 2', 'price': 13589.0, 'score': 879}, {'product_url': 'https://synthetic-shop.local/product/webcam-16-12', 'name': 'Веб-камера Full HD 1080p — серия 2', 'price': 4248.0, 'score': 877}, {'product_url': 'https://synthetic-shop.local/product/portable-ssd-16-13', 'name': 'Внешний SSD 2 ТБ USB-C — серия 2', 'price': 18478.0, 'score': 869}]}"
robustness,syn-0016__field_reorder__01,syn-0016__field_reorder__01.html,0,0,0,False,False,{},20261004T181609Z-2ba1b2f7,deterministic_first_union_v1,False,14,14,False,"[{'product_url': 'https://synthetic-shop.local/product/portable-ssd-16-01', 'name': 'Внешний SSD 2 ТБ USB-C', 'price': 17347.0, 'score': 433}, {'product_url': 'https://synthetic-shop.local/product/webcam-16-02', 'name': 'Веб-камера Full HD 1080p', 'price': 3990.0, 'score': 427}, {'product_url': 'https://synthetic-shop.local/product/switch-8p-16-03', 'name': 'Коммутатор 8-портовый Gigabit', 'price': 4622.0, 'score': 425}, {'product_url': 'https://synthetic-shop.local/product/mini-pc-16-04', 'name': 'Мини-ПК 16 ГБ / 512 ГБ', 'price': 36494.0, 'score': 412}, {'product_url': 'https://synthetic-shop.local/product/ssd-1tb-16-06', 'name': 'SSD накопитель 1 ТБ NVMe PCIe 4.0', 'price': 8608.0, 'score': 408}, {'product_url': 'https://synthetic-shop.local/product/ups-1000-16-07', 'name': 'Источник бесперебойного питания 1000 ВА', 'price': 12609.0, 'score': 408}, {'product_url': 'https://synthetic-shop.local/product/usb-headset-16-05', 'name': 'Наушники USB с микрофоном', 'price': 3053.0, 'score': 407}, {'product_url': 'https://synthetic-shop.local/product/mechanical-keyboard-16-08', 'name': 'Клавиатура механическая USB', 'price': 6879.0, 'score': 388}, {'product_url': 'https://synthetic-shop.local/product/ssd-1tb-16-11', 'name': 'SSD накопитель 1 ТБ NVMe PCIe 4.0 — серия 2', 'price': 8780.0, 'score': 383}, {'product_url': 'https://synthetic-shop.local/product/wifi-router-16-09', 'name': 'Маршрутизатор Wi‑Fi 6 AX3000', 'price': 7779.0, 'score': 382}]",candidate_only,partial_validation,1,deterministic_empty,"{'deterministic_kept': 0, 'fallback_seen': 8, 'fallback_novel': 8, 'fallback_matched': 0, 'fields_filled': 0, 'union_count': 8}",candidate_only,"{'coverage_confident': False, 'coverage_candidate_count': 14, 'coverage_unmatched_count': 6, 'coverage_scan_truncated': False, 'coverage_unmatched_sample': [{'product_url': 'https://synthetic-shop.local/product/ssd-1tb-16-11', 'name': 'SSD накопитель 1 ТБ NVMe PCIe 4.0 — серия 2', 'price': 8780.0, 'score': 383}, {'product_url': 'https://synthetic-shop.local/product/wifi-router-16-09', 'name': 'Маршрутизатор Wi‑Fi 6 AX3000', 'price': 7779.0, 'score': 382}, {'product_url': 'https://synthetic-shop.local/product/monitor-27-16-10', 'name': 'Монитор 27″ IPS QHD 165 Гц', 'price': 32924.0, 'score': 378}, {'product_url': 'https://synthetic-shop.local/product/ups-1000-16-14', 'name': 'Источник бесперебойного питания 1000 ВА — серия 2', 'price': 13589.0, 'score': 369}, {'product_url': 'https://synthetic-shop.local/product/webcam-16-12', 'name': 'Веб-камера Full HD 1080p — серия 2', 'price': 4248.0, 'score': 367}, {'product_url': 'https://synthetic-shop.local/product/portable-ssd-16-13', 'name': 'Внешний SSD 2 ТБ USB-C — серия 2', 'price': 18478.0, 'score': 359}]}"
robustness,syn-0016__field_reorder__02,syn-0016__field_reorder__02.html,0,0,0,False,False,{},20261004T181609Z-2ba1b2f7,deterministic_first_union_v1,False,14,14,False,"[{'product_url': 'https://synthetic-shop.local/product/portable-ssd-16-01', 'name': 'Внешний SSD 2 ТБ USB-C', 'price': 17347.0, 'score': 433}, {'product_url': 'https://synthetic-shop.local/product/webcam-16-02', 'name': 'Веб-камера Full HD 1080p', 'price': 3990.0, 'score': 427}, {'product_url': 'https://synthetic-shop.local/product/switch-8p-16-03', 'name': 'Коммутатор 8-портовый Gigabit', 'price': 4622.0, 'score': 425}, {'product_url': 'https://synthetic-shop.local/product/mini-pc-16-04', 'name': 'Мини-ПК 16 ГБ / 512 ГБ', 'price': 36494.0, 'score': 412}, {'product_url': 'https://synthetic-shop.local/product/ssd-1tb-16-06', 'name': 'SSD накопитель 1 ТБ NVMe PCIe 4.0', 'price': 8608.0, 'score': 408}, {'product_url': 'https://synthetic-shop.local/product/ups-1000-16-07', 'name': 'Источник бесперебойного питания 1000 ВА', 'price': 12609.0, 'score': 408}, {'product_url': 'https://synthetic-shop.local/product/usb-headset-16-05', 'name': 'Наушники USB с микрофоном', 'price': 3053.0, 'score': 407}, {'product_url': 'https://synthetic-shop.local/product/mechanical-keyboard-16-08', 'name': 'Клавиатура механическая USB', 'price': 6879.0, 'score': 388}, {'product_url': 'https://synthetic-shop.local/product/ssd-1tb-16-11', 'name': 'SSD накопитель 1 ТБ NVMe PCIe 4.0 — серия 2', 'price': 8780.0, 'score': 383}, {'product_url': 'https://synthetic-shop.local/product/wifi-router-16-09', 'name': 'Маршрутизатор Wi‑Fi 6 AX3000', 'price': 7779.0, 'score': 382}]",candidate_only,partial_validation,1,deterministic_empty,"{'deterministic_kept': 0, 'fallback_seen': 8, 'fallback_novel': 8, 'fallback_matched': 0, 'fields_filled': 0, 'union_count': 8}",candidate_only,"{'coverage_confident': False, 'coverage_candidate_count': 14, 'coverage_unmatched_count': 6, 'coverage_scan_truncated': False, 'coverage_unmatched_sample': [{'product_url': 'https://synthetic-shop.local/product/ssd-1tb-16-11', 'name': 'SSD накопитель 1 ТБ NVMe PCIe 4.0 — серия 2', 'price': 8780.0, 'score': 383}, {'product_url': 'https://synthetic-shop.local/product/wifi-router-16-09', 'name': 'Маршрутизатор Wi‑Fi 6 AX3000', 'price': 7779.0, 'score': 382}, {'product_url': 'https://synthetic-shop.local/product/monitor-27-16-10', 'name': 'Монитор 27″ IPS QHD 165 Гц', 'price': 32924.0, 'score': 378}, {'product_url': 'https://synthetic-shop.local/product/ups-1000-16-14', 'name': 'Источник бесперебойного питания 1000 ВА — серия 2', 'price': 13589.0, 'score': 369}, {'product_url': 'https://synthetic-shop.local/product/webcam-16-12', 'name': 'Веб-камера Full HD 1080p — серия 2', 'price': 4248.0, 'score': 367}, {'product_url': 'https://synthetic-shop.local/product/portable-ssd-16-13', 'name': 'Внешний SSD 2 ТБ USB-C — серия 2', 'price': 18478.0, 'score': 359}]}"
robustness,syn-0016__subtree_relocate__01,syn-0016__subtree_relocate__01.html,0,0,0,False,False,{},20261004T181609Z-2ba1b2f7,deterministic_first_union_v1,False,14,14,False,"[{'product_url': 'https://synthetic-shop.local/product/portable-ssd-16-01', 'name': 'Внешний SSD 2 ТБ USB-C', 'price': 17347.0, 'score': 943}, {'product_url': 'https://synthetic-shop.local/product/webcam-16-02', 'name': 'Веб-камера Full HD 1080p', 'price': 3990.0, 'score': 937}, {'product_url': 'https://synthetic-shop.local/product/switch-8p-16-03', 'name': 'Коммутатор 8-портовый Gigabit', 'price': 4622.0, 'score': 935}, {'product_url': 'https://synthetic-shop.local/product/mini-pc-16-04', 'name': 'Мини-ПК 16 ГБ / 512 ГБ', 'price': 36494.0, 'score': 922}, {'product_url': 'https://synthetic-shop.local/product/ssd-1tb-16-06', 'name': 'SSD накопитель 1 ТБ NVMe PCIe 4.0', 'price': 8608.0, 'score': 918}, {'product_url': 'https://synthetic-shop.local/product/ups-1000-16-07', 'name': 'Источник бесперебойного питания 1000 ВА', 'price': 12609.0, 'score': 918}, {'product_url': 'https://synthetic-shop.local/product/usb-headset-16-05', 'name': 'Наушники USB с микрофоном', 'price': 3053.0, 'score': 917}, {'product_url': 'https://synthetic-shop.local/product/mechanical-keyboard-16-08', 'name': 'Клавиатура механическая USB', 'price': 6879.0, 'score': 898}, {'product_url': 'https://synthetic-shop.local/product/ssd-1tb-16-11', 'name': 'SSD накопитель 1 ТБ NVMe PCIe 4.0 — серия 2', 'price': 8780.0, 'score': 893}, {'product_url': 'https://synthetic-shop.local/product/wifi-router-16-09', 'name': 'Маршрутизатор Wi‑Fi 6 AX3000', 'price': 7779.0, 'score': 892}]",candidate_only,partial_validation,1,deterministic_empty,"{'deterministic_kept': 0, 'fallback_seen': 8, 'fallback_novel': 8, 'fallback_matched': 0, 'fields_filled': 0, 'union_count': 8}",candidate_only,"{'coverage_confident': False, 'coverage_candidate_count': 14, 'coverage_unmatched_count': 6, 'coverage_scan_truncated': False, 'coverage_unmatched_sample': [{'product_url': 'https://synthetic-shop.local/product/ssd-1tb-16-11', 'name': 'SSD накопитель 1 ТБ NVMe PCIe 4.0 — серия 2', 'price': 8780.0, 'score': 893}, {'product_url': 'https://synthetic-shop.local/product/wifi-router-16-09', 'name': 'Маршрутизатор Wi‑Fi 6 AX3000', 'price': 7779.0, 'score': 892}, {'product_url': 'https://synthetic-shop.local/product/monitor-27-16-10', 'name': 'Монитор 27″ IPS QHD 165 Гц', 'price': 32924.0, 'score': 888}, {'product_url': 'https://synthetic-shop.local/product/ups-1000-16-14', 'name': 'Источник бесперебойного питания 1000 ВА — серия 2', 'price': 13589.0, 'score': 879}, {'product_url': 'https://synthetic-shop.local/product/webcam-16-12', 'name': 'Веб-камера Full HD 1080p — серия 2', 'price': 4248.0, 'score': 877}, {'product_url': 'https://synthetic-shop.local/product/portable-ssd-16-13', 'name': 'Внешний SSD 2 ТБ USB-C — серия 2', 'price': 18478.0, 'score': 869}]}"
robustness,syn-0016__subtree_relocate__02,syn-0016__subtree_relocate__02.html,0,0,0,False,False,{},20261004T181609Z-2ba1b2f7,deterministic_first_union_v1,False,14,14,False,"[{'product_url': 'https://synthetic-shop.local/product/portable-ssd-16-01', 'name': 'Внешний SSD 2 ТБ USB-C', 'price': 17347.0, 'score': 433}, {'product_url': 'https://synthetic-shop.local/product/webcam-16-02', 'name': 'Веб-камера Full HD 1080p', 'price': 3990.0, 'score': 427}, {'product_url': 'https://synthetic-shop.local/product/switch-8p-16-03', 'name': 'Коммутатор 8-портовый Gigabit', 'price': 4622.0, 'score': 425}, {'product_url': 'https://synthetic-shop.local/product/mini-pc-16-04', 'name': 'Мини-ПК 16 ГБ / 512 ГБ', 'price': 36494.0, 'score': 412}, {'product_url': 'https://synthetic-shop.local/product/ssd-1tb-16-06', 'name': 'SSD накопитель 1 ТБ NVMe PCIe 4.0', 'price': 8608.0, 'score': 408}, {'product_url': 'https://synthetic-shop.local/product/ups-1000-16-07', 'name': 'Источник бесперебойного питания 1000 ВА', 'price': 12609.0, 'score': 408}, {'product_url': 'https://synthetic-shop.local/product/usb-headset-16-05', 'name': 'Наушники USB с микрофоном', 'price': 3053.0, 'score': 407}, {'product_url': 'https://synthetic-shop.local/product/mechanical-keyboard-16-08', 'name': 'Клавиатура механическая USB', 'price': 6879.0, 'score': 388}, {'product_url': 'https://synthetic-shop.local/product/ssd-1tb-16-11', 'name': 'SSD накопитель 1 ТБ NVMe PCIe 4.0 — серия 2', 'price': 8780.0, 'score': 383}, {'product_url': 'https://synthetic-shop.local/product/wifi-router-16-09', 'name': 'Маршрутизатор Wi‑Fi 6 AX3000', 'price': 7779.0, 'score': 382}]",candidate_only,partial_validation,1,deterministic_empty,"{'deterministic_kept': 0, 'fallback_seen': 8, 'fallback_novel': 8, 'fallback_matched': 0, 'fields_filled': 0, 'union_count': 8}",candidate_only,"{'coverage_confident': False, 'coverage_candidate_count': 14, 'coverage_unmatched_count': 6, 'coverage_scan_truncated': False, 'coverage_unmatched_sample': [{'product_url': 'https://synthetic-shop.local/product/ssd-1tb-16-11', 'name': 'SSD накопитель 1 ТБ NVMe PCIe 4.0 — серия 2', 'price': 8780.0, 'score': 383}, {'product_url': 'https://synthetic-shop.local/product/wifi-router-16-09', 'name': 'Маршрутизатор Wi‑Fi 6 AX3000', 'price': 7779.0, 'score': 382}, {'product_url': 'https://synthetic-shop.local/product/monitor-27-16-10', 'name': 'Монитор 27″ IPS QHD 165 Гц', 'price': 32924.0, 'score': 378}, {'product_url': 'https://synthetic-shop.local/product/ups-1000-16-14', 'name': 'Источник бесперебойного питания 1000 ВА — серия 2', 'price': 13589.0, 'score': 369}, {'product_url': 'https://synthetic-shop.local/product/webcam-16-12', 'name': 'Веб-камера Full HD 1080p — серия 2', 'price': 4248.0, 'score': 367}, {'product_url': 'https://synthetic-shop.local/product/portable-ssd-16-13', 'name': 'Внешний SSD 2 ТБ USB-C — серия 2', 'price': 18478.0, 'score': 359}]}"
robustness,syn-0017__class_rename__01,syn-0017__class_rename__01.html,24,24,0,False,False,{},20261004T181609Z-2ba1b2f7,deterministic_first_union_v1,True,24,0,False,[],deterministic,ok,0,none,"{'deterministic_kept': 24, 'fallback_seen': 0, 'fallback_novel': 0, 'fallback_matched': 0, 'fields_filled': 0, 'union_count': 24}",,
robustness,syn-0017__class_rename__02,syn-0017__class_rename__02.html,24,24,0,False,False,{},20261004T181609Z-2ba1b2f7,deterministic_first_union_v1,True,24,0,False,[],deterministic,ok,0,none,"{'deterministic_kept': 24, 'fallback_seen': 0, 'fallback_novel': 0, 'fallback_matched': 0, 'fields_filled': 0, 'union_count': 24}",,
robustness,syn-0017__class_rename__03,syn-0017__class_rename__03.html,24,24,0,False,False,{},20261004T181609Z-2ba1b2f7,deterministic_first_union_v1,True,24,0,False,[],deterministic,ok,0,none,"{'deterministic_kept': 24, 'fallback_seen': 0, 'fallback_novel': 0, 'fallback_matched': 0, 'fields_filled': 0, 'union_count': 24}",,
robustness,syn-0017__wrapper_insert__01,syn-0017__wrapper_insert__01.html,24,24,0,False,False,{},20261004T181609Z-2ba1b2f7,deterministic_first_union_v1,True,24,0,False,[],deterministic,ok,0,none,"{'deterministic_kept': 24, 'fallback_seen': 0, 'fallback_novel': 0, 'fallback_matched': 0, 'fields_filled': 0, 'union_count': 24}",,
robustness,syn-0017__wrapper_insert__02,syn-0017__wrapper_insert__02.html,24,24,0,False,False,{},20261004T181609Z-2ba1b2f7,deterministic_first_union_v1,True,24,0,False,[],deterministic,ok,0,none,"{'deterministic_kept': 24, 'fallback_seen': 0, 'fallback_novel': 0, 'fallback_matched': 0, 'fields_filled': 0, 'union_count': 24}",,
robustness,syn-0017__wrapper_insert__03,syn-0017__wrapper_insert__03.html,24,24,0,False,False,{},20261004T181609Z-2ba1b2f7,deterministic_first_union_v1,True,24,0,False,[],deterministic,ok,0,none,"{'deterministic_kept': 24, 'fallback_seen': 0, 'fallback_novel': 0, 'fallback_matched': 0, 'fields_filled': 0, 'union_count': 24}",,
robustness,syn-0017__field_reorder__01,syn-0017__field_reorder__01.html,24,24,0,False,False,{},20261004T181609Z-2ba1b2f7,deterministic_first_union_v1,True,24,0,False,[],deterministic,ok,0,none,"{'deterministic_kept': 24, 'fallback_seen': 0, 'fallback_novel': 0, 'fallback_matched': 0, 'fields_filled': 0, 'union_count': 24}",,
robustness,syn-0017__field_reorder__02,syn-0017__field_reorder__02.html,24,24,0,False,False,{},20261004T181609Z-2ba1b2f7,deterministic_first_union_v1,True,24,0,False,[],deterministic,ok,0,none,"{'deterministic_kept': 24, 'fallback_seen': 0, 'fallback_novel': 0, 'fallback_matched': 0, 'fields_filled': 0, 'union_count': 24}",,
robustness,syn-0017__subtree_relocate__01,syn-0017__subtree_relocate__01.html,24,24,0,False,False,{},20261004T181609Z-2ba1b2f7,deterministic_first_union_v1,True,24,0,False,[],deterministic,ok,0,none,"{'deterministic_kept': 24, 'fallback_seen': 0, 'fallback_novel': 0, 'fallback_matched': 0, 'fields_filled': 0, 'union_count': 24}",,
robustness,syn-0017__subtree_relocate__02,syn-0017__subtree_relocate__02.html,24,24,0,False,False,{},20261004T181609Z-2ba1b2f7,deterministic_first_union_v1,True,24,0,False,[],deterministic,ok,0,none,"{'deterministic_kept': 24, 'fallback_seen': 0, 'fallback_novel': 0, 'fallback_matched': 0, 'fields_filled': 0, 'union_count': 24}",,
robustness,syn-0018__class_rename__01,syn-0018__class_rename__01.html,0,0,0,False,False,{},20261004T181609Z-2ba1b2f7,deterministic_first_union_v1,False,18,18,False,"[{'product_url': 'https://synthetic-shop.local/product/ups-1000-18-03', 'name': 'Источник бесперебойного питания 1000 ВА', 'price': 12242.0, 'score': 1006}, {'product_url': 'https://synthetic-shop.local/product/wifi-router-18-01', 'name': 'Маршрутизатор Wi‑Fi 6 AX3000', 'price': 30007039.0, 'score': 997}, {'product_url': 'https://synthetic-shop.local/product/monitor-27-18-02', 'name': 'Монитор 27″ IPS QHD 165 Гц', 'price': 29396.0, 'score': 987}, {'product_url': 'https://synthetic-shop.local/product/mechanical-keyboard-18-04', 'name': 'Клавиатура механическая USB', 'price': 6490.0, 'score': 974}, {'product_url': 'https://synthetic-shop.local/product/ssd-1tb-18-06', 'name': 'SSD накопитель 1 ТБ NVMe PCIe 4.0', 'price': 8694.0, 'score': 972}, {'product_url': 'https://synthetic-shop.local/product/portable-ssd-18-05', 'name': 'Внешний SSD 2 ТБ USB-C', 'price': 17109.0, 'score': 962}, {'product_url': 'https://synthetic-shop.local/product/ssd-1tb-18-11', 'name': 'SSD накопитель 1 ТБ NVMe PCIe 4.0 — серия 2', 'price': 28866.0, 'score': 957}, {'product_url': 'https://synthetic-shop.local/product/switch-8p-18-08', 'name': 'Коммутатор 8-портовый Gigabit', 'price': 4946.0, 'score': 950}, {'product_url': 'https://synthetic-shop.local/product/webcam-18-07', 'name': 'Веб-камера Full HD 1080p', 'price': 4208.0, 'score': 947}, {'product_url': 'https://synthetic-shop.local/product/ups-1000-18-14', 'name': 'Источник бесперебойного питания 1000 ВА — серия 2', 'price': 213711.0, 'score': 939}]",candidate_only,partial_validation,1,deterministic_empty,"{'deterministic_kept': 0, 'fallback_seen': 8, 'fallback_novel': 8, 'fallback_matched': 0, 'fields_filled': 0, 'union_count': 8}",candidate_only,"{'coverage_confident': False, 'coverage_candidate_count': 18, 'coverage_unmatched_count': 10, 'coverage_scan_truncated': False, 'coverage_unmatched_sample': [{'product_url': 'https://synthetic-shop.local/product/webcam-18-07', 'name': 'Веб-камера Full HD 1080p', 'price': 4208.0, 'score': 947}, {'product_url': 'https://synthetic-shop.local/product/ups-1000-18-14', 'name': 'Источник бесперебойного питания 1000 ВА — серия 2', 'price': 213711.0, 'score': 939}, {'product_url': 'https://synthetic-shop.local/product/webcam-18-12', 'name': 'Веб-камера Full HD 1080p — серия 2', 'price': 24289.0, 'score': 932}, {'product_url': 'https://synthetic-shop.local/product/mini-pc-18-09', 'name': 'Мини-ПК 16 ГБ / 512 ГБ', 'price': 40143.0, 'score': 930}, {'product_url': 'https://synthetic-shop.local/product/usb-headset-18-10', 'name': 'Наушники USB с микрофоном', 'price': 3053.0, 'score': 928}, {'product_url': 'https://synthetic-shop.local/product/portable-ssd-18-13', 'name': 'Внешний SSD 2 ТБ USB-C — серия 2', 'price': 218649.0, 'score': 922}, {'product_url': 'https://synthetic-shop.local/product/mechanical-keyboard-18-15', 'name': 'Клавиатура механическая USB — серия 2', 'price': 26620.0, 'score': 917}, {'product_url': 'https://synthetic-shop.local/product/switch-8p-18-16', 'name': 'Коммутатор 8-портовый Gigabit — серия 2', 'price': 24853.0, 'score': 914}, {'product_url': 'https://synthetic-shop.local/product/wifi-router-18-17', 'name': 'Маршрутизатор Wi‑Fi 6 AX3000 — серия 2', 'price': 27708.0, 'score': 905}, {'product_url': 'https://synthetic-shop.local/product/mini-pc-18-18', 'name': 'Мини-ПК 16 ГБ / 512 ГБ — серия 2', 'price': 240508.0, 'score': 887}]}"
robustness,syn-0018__class_rename__02,syn-0018__class_rename__02.html,0,0,0,False,False,{},20261004T181609Z-2ba1b2f7,deterministic_first_union_v1,False,18,18,False,"[{'product_url': 'https://synthetic-shop.local/product/ups-1000-18-03', 'name': 'Источник бесперебойного питания 1000 ВА', 'price': 12242.0, 'score': 1006}, {'product_url': 'https://synthetic-shop.local/product/wifi-router-18-01', 'name': 'Маршрутизатор Wi‑Fi 6 AX3000', 'price': 30007039.0, 'score': 997}, {'product_url': 'https://synthetic-shop.local/product/monitor-27-18-02', 'name': 'Монитор 27″ IPS QHD 165 Гц', 'price': 29396.0, 'score': 987}, {'product_url': 'https://synthetic-shop.local/product/mechanical-keyboard-18-04', 'name': 'Клавиатура механическая USB', 'price': 6490.0, 'score': 974}, {'product_url': 'https://synthetic-shop.local/product/ssd-1tb-18-06', 'name': 'SSD накопитель 1 ТБ NVMe PCIe 4.0', 'price': 8694.0, 'score': 972}, {'product_url': 'https://synthetic-shop.local/product/portable-ssd-18-05', 'name': 'Внешний SSD 2 ТБ USB-C', 'price': 17109.0, 'score': 962}, {'product_url': 'https://synthetic-shop.local/product/ssd-1tb-18-11', 'name': 'SSD накопитель 1 ТБ NVMe PCIe 4.0 — серия 2', 'price': 28866.0, 'score': 957}, {'product_url': 'https://synthetic-shop.local/product/switch-8p-18-08', 'name': 'Коммутатор 8-портовый Gigabit', 'price': 4946.0, 'score': 950}, {'product_url': 'https://synthetic-shop.local/product/webcam-18-07', 'name': 'Веб-камера Full HD 1080p', 'price': 4208.0, 'score': 947}, {'product_url': 'https://synthetic-shop.local/product/ups-1000-18-14', 'name': 'Источник бесперебойного питания 1000 ВА — серия 2', 'price': 213711.0, 'score': 939}]",candidate_only,partial_validation,1,deterministic_empty,"{'deterministic_kept': 0, 'fallback_seen': 8, 'fallback_novel': 8, 'fallback_matched': 0, 'fields_filled': 0, 'union_count': 8}",candidate_only,"{'coverage_confident': False, 'coverage_candidate_count': 18, 'coverage_unmatched_count': 10, 'coverage_scan_truncated': False, 'coverage_unmatched_sample': [{'product_url': 'https://synthetic-shop.local/product/webcam-18-07', 'name': 'Веб-камера Full HD 1080p', 'price': 4208.0, 'score': 947}, {'product_url': 'https://synthetic-shop.local/product/ups-1000-18-14', 'name': 'Источник бесперебойного питания 1000 ВА — серия 2', 'price': 213711.0, 'score': 939}, {'product_url': 'https://synthetic-shop.local/product/webcam-18-12', 'name': 'Веб-камера Full HD 1080p — серия 2', 'price': 24289.0, 'score': 932}, {'product_url': 'https://synthetic-shop.local/product/mini-pc-18-09', 'name': 'Мини-ПК 16 ГБ / 512 ГБ', 'price': 40143.0, 'score': 930}, {'product_url': 'https://synthetic-shop.local/product/usb-headset-18-10', 'name': 'Наушники USB с микрофоном', 'price': 3053.0, 'score': 928}, {'product_url': 'https://synthetic-shop.local/product/portable-ssd-18-13', 'name': 'Внешний SSD 2 ТБ USB-C — серия 2', 'price': 218649.0, 'score': 922}, {'product_url': 'https://synthetic-shop.local/product/mechanical-keyboard-18-15', 'name': 'Клавиатура механическая USB — серия 2', 'price': 26620.0, 'score': 917}, {'product_url': 'https://synthetic-shop.local/product/switch-8p-18-16', 'name': 'Коммутатор 8-портовый Gigabit — серия 2', 'price': 24853.0, 'score': 914}, {'product_url': 'https://synthetic-shop.local/product/wifi-router-18-17', 'name': 'Маршрутизатор Wi‑Fi 6 AX3000 — серия 2', 'price': 27708.0, 'score': 905}, {'product_url': 'https://synthetic-shop.local/product/mini-pc-18-18', 'name': 'Мини-ПК 16 ГБ / 512 ГБ — серия 2', 'price': 240508.0, 'score': 887}]}"
robustness,syn-0018__class_rename__03,syn-0018__class_rename__03.html,0,0,0,False,False,{},20261004T181609Z-2ba1b2f7,deterministic_first_union_v1,False,18,18,False,"[{'product_url': 'https://synthetic-shop.local/product/ups-1000-18-03', 'name': 'Источник бесперебойного питания 1000 ВА', 'price': 12242.0, 'score': 1006}, {'product_url': 'https://synthetic-shop.local/product/wifi-router-18-01', 'name': 'Маршрутизатор Wi‑Fi 6 AX3000', 'price': 30007039.0, 'score': 997}, {'product_url': 'https://synthetic-shop.local/product/monitor-27-18-02', 'name': 'Монитор 27″ IPS QHD 165 Гц', 'price': 29396.0, 'score': 987}, {'product_url': 'https://synthetic-shop.local/product/mechanical-keyboard-18-04', 'name': 'Клавиатура механическая USB', 'price': 6490.0, 'score': 974}, {'product_url': 'https://synthetic-shop.local/product/ssd-1tb-18-06', 'name': 'SSD накопитель 1 ТБ NVMe PCIe 4.0', 'price': 8694.0, 'score': 972}, {'product_url': 'https://synthetic-shop.local/product/portable-ssd-18-05', 'name': 'Внешний SSD 2 ТБ USB-C', 'price': 17109.0, 'score': 962}, {'product_url': 'https://synthetic-shop.local/product/ssd-1tb-18-11', 'name': 'SSD накопитель 1 ТБ NVMe PCIe 4.0 — серия 2', 'price': 28866.0, 'score': 957}, {'product_url': 'https://synthetic-shop.local/product/switch-8p-18-08', 'name': 'Коммутатор 8-портовый Gigabit', 'price': 4946.0, 'score': 950}, {'product_url': 'https://synthetic-shop.local/product/webcam-18-07', 'name': 'Веб-камера Full HD 1080p', 'price': 4208.0, 'score': 947}, {'product_url': 'https://synthetic-shop.local/product/ups-1000-18-14', 'name': 'Источник бесперебойного питания 1000 ВА — серия 2', 'price': 213711.0, 'score': 939}]",candidate_only,partial_validation,1,deterministic_empty,"{'deterministic_kept': 0, 'fallback_seen': 8, 'fallback_novel': 8, 'fallback_matched': 0, 'fields_filled': 0, 'union_count': 8}",candidate_only,"{'coverage_confident': False, 'coverage_candidate_count': 18, 'coverage_unmatched_count': 10, 'coverage_scan_truncated': False, 'coverage_unmatched_sample': [{'product_url': 'https://synthetic-shop.local/product/webcam-18-07', 'name': 'Веб-камера Full HD 1080p', 'price': 4208.0, 'score': 947}, {'product_url': 'https://synthetic-shop.local/product/ups-1000-18-14', 'name': 'Источник бесперебойного питания 1000 ВА — серия 2', 'price': 213711.0, 'score': 939}, {'product_url': 'https://synthetic-shop.local/product/webcam-18-12', 'name': 'Веб-камера Full HD 1080p — серия 2', 'price': 24289.0, 'score': 932}, {'product_url': 'https://synthetic-shop.local/product/mini-pc-18-09', 'name': 'Мини-ПК 16 ГБ / 512 ГБ', 'price': 40143.0, 'score': 930}, {'product_url': 'https://synthetic-shop.local/product/usb-headset-18-10', 'name': 'Наушники USB с микрофоном', 'price': 3053.0, 'score': 928}, {'product_url': 'https://synthetic-shop.local/product/portable-ssd-18-13', 'name': 'Внешний SSD 2 ТБ USB-C — серия 2', 'price': 218649.0, 'score': 922}, {'product_url': 'https://synthetic-shop.local/product/mechanical-keyboard-18-15', 'name': 'Клавиатура механическая USB — серия 2', 'price': 26620.0, 'score': 917}, {'product_url': 'https://synthetic-shop.local/product/switch-8p-18-16', 'name': 'Коммутатор 8-портовый Gigabit — серия 2', 'price': 24853.0, 'score': 914}, {'product_url': 'https://synthetic-shop.local/product/wifi-router-18-17', 'name': 'Маршрутизатор Wi‑Fi 6 AX3000 — серия 2', 'price': 27708.0, 'score': 905}, {'product_url': 'https://synthetic-shop.local/product/mini-pc-18-18', 'name': 'Мини-ПК 16 ГБ / 512 ГБ — серия 2', 'price': 240508.0, 'score': 887}]}"
robustness,syn-0018__wrapper_insert__01,syn-0018__wrapper_insert__01.html,0,0,0,False,False,{},20261004T181609Z-2ba1b2f7,deterministic_first_union_v1,False,18,18,False,"[{'product_url': 'https://synthetic-shop.local/product/ups-1000-18-03', 'name': 'Источник бесперебойного питания 1000 ВА', 'price': 12242.0, 'score': 1006}, {'product_url': 'https://synthetic-shop.local/product/wifi-router-18-01', 'name': 'Маршрутизатор Wi‑Fi 6 AX3000', 'price': 30007039.0, 'score': 997}, {'product_url': 'https://synthetic-shop.local/product/monitor-27-18-02', 'name': 'Монитор 27″ IPS QHD 165 Гц', 'price': 29396.0, 'score': 987}, {'product_url': 'https://synthetic-shop.local/product/mechanical-keyboard-18-04', 'name': 'Клавиатура механическая USB', 'price': 6490.0, 'score': 974}, {'product_url': 'https://synthetic-shop.local/product/ssd-1tb-18-06', 'name': 'SSD накопитель 1 ТБ NVMe PCIe 4.0', 'price': 8694.0, 'score': 972}, {'product_url': 'https://synthetic-shop.local/product/portable-ssd-18-05', 'name': 'Внешний SSD 2 ТБ USB-C', 'price': 17109.0, 'score': 962}, {'product_url': 'https://synthetic-shop.local/product/ssd-1tb-18-11', 'name': 'SSD накопитель 1 ТБ NVMe PCIe 4.0 — серия 2', 'price': 28866.0, 'score': 957}, {'product_url': 'https://synthetic-shop.local/product/switch-8p-18-08', 'name': 'Коммутатор 8-портовый Gigabit', 'price': 4946.0, 'score': 950}, {'product_url': 'https://synthetic-shop.local/product/webcam-18-07', 'name': 'Веб-камера Full HD 1080p', 'price': 4208.0, 'score': 947}, {'product_url': 'https://synthetic-shop.local/product/ups-1000-18-14', 'name': 'Источник бесперебойного питания 1000 ВА — серия 2', 'price': 213711.0, 'score': 939}]",candidate_only,partial_validation,1,deterministic_empty,"{'deterministic_kept': 0, 'fallback_seen': 8, 'fallback_novel': 8, 'fallback_matched': 0, 'fields_filled': 0, 'union_count': 8}",candidate_only,"{'coverage_confident': False, 'coverage_candidate_count': 18, 'coverage_unmatched_count': 10, 'coverage_scan_truncated': False, 'coverage_unmatched_sample': [{'product_url': 'https://synthetic-shop.local/product/webcam-18-07', 'name': 'Веб-камера Full HD 1080p', 'price': 4208.0, 'score': 947}, {'product_url': 'https://synthetic-shop.local/product/ups-1000-18-14', 'name': 'Источник бесперебойного питания 1000 ВА — серия 2', 'price': 213711.0, 'score': 939}, {'product_url': 'https://synthetic-shop.local/product/webcam-18-12', 'name': 'Веб-камера Full HD 1080p — серия 2', 'price': 24289.0, 'score': 932}, {'product_url': 'https://synthetic-shop.local/product/mini-pc-18-09', 'name': 'Мини-ПК 16 ГБ / 512 ГБ', 'price': 40143.0, 'score': 930}, {'product_url': 'https://synthetic-shop.local/product/usb-headset-18-10', 'name': 'Наушники USB с микрофоном', 'price': 3053.0, 'score': 928}, {'product_url': 'https://synthetic-shop.local/product/portable-ssd-18-13', 'name': 'Внешний SSD 2 ТБ USB-C — серия 2', 'price': 218649.0, 'score': 922}, {'product_url': 'https://synthetic-shop.local/product/mechanical-keyboard-18-15', 'name': 'Клавиатура механическая USB — серия 2', 'price': 26620.0, 'score': 917}, {'product_url': 'https://synthetic-shop.local/product/switch-8p-18-16', 'name': 'Коммутатор 8-портовый Gigabit — серия 2', 'price': 24853.0, 'score': 914}, {'product_url': 'https://synthetic-shop.local/product/wifi-router-18-17', 'name': 'Маршрутизатор Wi‑Fi 6 AX3000 — серия 2', 'price': 27708.0, 'score': 905}, {'product_url': 'https://synthetic-shop.local/product/mini-pc-18-18', 'name': 'Мини-ПК 16 ГБ / 512 ГБ — серия 2', 'price': 240508.0, 'score': 887}]}"
robustness,syn-0018__wrapper_insert__02,syn-0018__wrapper_insert__02.html,0,0,0,False,False,{},20261004T181609Z-2ba1b2f7,deterministic_first_union_v1,False,18,18,False,"[{'product_url': 'https://synthetic-shop.local/product/ups-1000-18-03', 'name': 'Источник бесперебойного питания 1000 ВА', 'price': 12242.0, 'score': 1006}, {'product_url': 'https://synthetic-shop.local/product/wifi-router-18-01', 'name': 'Маршрутизатор Wi‑Fi 6 AX3000', 'price': 30007039.0, 'score': 997}, {'product_url': 'https://synthetic-shop.local/product/monitor-27-18-02', 'name': 'Монитор 27″ IPS QHD 165 Гц', 'price': 29396.0, 'score': 987}, {'product_url': 'https://synthetic-shop.local/product/mechanical-keyboard-18-04', 'name': 'Клавиатура механическая USB', 'price': 6490.0, 'score': 974}, {'product_url': 'https://synthetic-shop.local/product/ssd-1tb-18-06', 'name': 'SSD накопитель 1 ТБ NVMe PCIe 4.0', 'price': 8694.0, 'score': 972}, {'product_url': 'https://synthetic-shop.local/product/portable-ssd-18-05', 'name': 'Внешний SSD 2 ТБ USB-C', 'price': 17109.0, 'score': 962}, {'product_url': 'https://synthetic-shop.local/product/ssd-1tb-18-11', 'name': 'SSD накопитель 1 ТБ NVMe PCIe 4.0 — серия 2', 'price': 28866.0, 'score': 957}, {'product_url': 'https://synthetic-shop.local/product/switch-8p-18-08', 'name': 'Коммутатор 8-портовый Gigabit', 'price': 4946.0, 'score': 950}, {'product_url': 'https://synthetic-shop.local/product/webcam-18-07', 'name': 'Веб-камера Full HD 1080p', 'price': 4208.0, 'score': 947}, {'product_url': 'https://synthetic-shop.local/product/ups-1000-18-14', 'name': 'Источник бесперебойного питания 1000 ВА — серия 2', 'price': 213711.0, 'score': 939}]",candidate_only,partial_validation,1,deterministic_empty,"{'deterministic_kept': 0, 'fallback_seen': 8, 'fallback_novel': 8, 'fallback_matched': 0, 'fields_filled': 0, 'union_count': 8}",candidate_only,"{'coverage_confident': False, 'coverage_candidate_count': 18, 'coverage_unmatched_count': 10, 'coverage_scan_truncated': False, 'coverage_unmatched_sample': [{'product_url': 'https://synthetic-shop.local/product/webcam-18-07', 'name': 'Веб-камера Full HD 1080p', 'price': 4208.0, 'score': 947}, {'product_url': 'https://synthetic-shop.local/product/ups-1000-18-14', 'name': 'Источник бесперебойного питания 1000 ВА — серия 2', 'price': 213711.0, 'score': 939}, {'product_url': 'https://synthetic-shop.local/product/webcam-18-12', 'name': 'Веб-камера Full HD 1080p — серия 2', 'price': 24289.0, 'score': 932}, {'product_url': 'https://synthetic-shop.local/product/mini-pc-18-09', 'name': 'Мини-ПК 16 ГБ / 512 ГБ', 'price': 40143.0, 'score': 930}, {'product_url': 'https://synthetic-shop.local/product/usb-headset-18-10', 'name': 'Наушники USB с микрофоном', 'price': 3053.0, 'score': 928}, {'product_url': 'https://synthetic-shop.local/product/portable-ssd-18-13', 'name': 'Внешний SSD 2 ТБ USB-C — серия 2', 'price': 218649.0, 'score': 922}, {'product_url': 'https://synthetic-shop.local/product/mechanical-keyboard-18-15', 'name': 'Клавиатура механическая USB — серия 2', 'price': 26620.0, 'score': 917}, {'product_url': 'https://synthetic-shop.local/product/switch-8p-18-16', 'name': 'Коммутатор 8-портовый Gigabit — серия 2', 'price': 24853.0, 'score': 914}, {'product_url': 'https://synthetic-shop.local/product/wifi-router-18-17', 'name': 'Маршрутизатор Wi‑Fi 6 AX3000 — серия 2', 'price': 27708.0, 'score': 905}, {'product_url': 'https://synthetic-shop.local/product/mini-pc-18-18', 'name': 'Мини-ПК 16 ГБ / 512 ГБ — серия 2', 'price': 240508.0, 'score': 887}]}"
robustness,syn-0018__wrapper_insert__03,syn-0018__wrapper_insert__03.html,0,0,0,False,False,{},20261004T181609Z-2ba1b2f7,deterministic_first_union_v1,False,18,18,False,"[{'product_url': 'https://synthetic-shop.local/product/ups-1000-18-03', 'name': 'Источник бесперебойного питания 1000 ВА', 'price': 12242.0, 'score': 1006}, {'product_url': 'https://synthetic-shop.local/product/wifi-router-18-01', 'name': 'Маршрутизатор Wi‑Fi 6 AX3000', 'price': 30007039.0, 'score': 997}, {'product_url': 'https://synthetic-shop.local/product/monitor-27-18-02', 'name': 'Монитор 27″ IPS QHD 165 Гц', 'price': 29396.0, 'score': 987}, {'product_url': 'https://synthetic-shop.local/product/mechanical-keyboard-18-04', 'name': 'Клавиатура механическая USB', 'price': 6490.0, 'score': 974}, {'product_url': 'https://synthetic-shop.local/product/ssd-1tb-18-06', 'name': 'SSD накопитель 1 ТБ NVMe PCIe 4.0', 'price': 8694.0, 'score': 972}, {'product_url': 'https://synthetic-shop.local/product/portable-ssd-18-05', 'name': 'Внешний SSD 2 ТБ USB-C', 'price': 17109.0, 'score': 962}, {'product_url': 'https://synthetic-shop.local/product/ssd-1tb-18-11', 'name': 'SSD накопитель 1 ТБ NVMe PCIe 4.0 — серия 2', 'price': 28866.0, 'score': 957}, {'product_url': 'https://synthetic-shop.local/product/switch-8p-18-08', 'name': 'Коммутатор 8-портовый Gigabit', 'price': 4946.0, 'score': 950}, {'product_url': 'https://synthetic-shop.local/product/webcam-18-07', 'name': 'Веб-камера Full HD 1080p', 'price': 4208.0, 'score': 947}, {'product_url': 'https://synthetic-shop.local/product/ups-1000-18-14', 'name': 'Источник бесперебойного питания 1000 ВА — серия 2', 'price': 213711.0, 'score': 939}]",candidate_only,partial_validation,1,deterministic_empty,"{'deterministic_kept': 0, 'fallback_seen': 8, 'fallback_novel': 8, 'fallback_matched': 0, 'fields_filled': 0, 'union_count': 8}",candidate_only,"{'coverage_confident': False, 'coverage_candidate_count': 18, 'coverage_unmatched_count': 10, 'coverage_scan_truncated': False, 'coverage_unmatched_sample': [{'product_url': 'https://synthetic-shop.local/product/webcam-18-07', 'name': 'Веб-камера Full HD 1080p', 'price': 4208.0, 'score': 947}, {'product_url': 'https://synthetic-shop.local/product/ups-1000-18-14', 'name': 'Источник бесперебойного питания 1000 ВА — серия 2', 'price': 213711.0, 'score': 939}, {'product_url': 'https://synthetic-shop.local/product/webcam-18-12', 'name': 'Веб-камера Full HD 1080p — серия 2', 'price': 24289.0, 'score': 932}, {'product_url': 'https://synthetic-shop.local/product/mini-pc-18-09', 'name': 'Мини-ПК 16 ГБ / 512 ГБ', 'price': 40143.0, 'score': 930}, {'product_url': 'https://synthetic-shop.local/product/usb-headset-18-10', 'name': 'Наушники USB с микрофоном', 'price': 3053.0, 'score': 928}, {'product_url': 'https://synthetic-shop.local/product/portable-ssd-18-13', 'name': 'Внешний SSD 2 ТБ USB-C — серия 2', 'price': 218649.0, 'score': 922}, {'product_url': 'https://synthetic-shop.local/product/mechanical-keyboard-18-15', 'name': 'Клавиатура механическая USB — серия 2', 'price': 26620.0, 'score': 917}, {'product_url': 'https://synthetic-shop.local/product/switch-8p-18-16', 'name': 'Коммутатор 8-портовый Gigabit — серия 2', 'price': 24853.0, 'score': 914}, {'product_url': 'https://synthetic-shop.local/product/wifi-router-18-17', 'name': 'Маршрутизатор Wi‑Fi 6 AX3000 — серия 2', 'price': 27708.0, 'score': 905}, {'product_url': 'https://synthetic-shop.local/product/mini-pc-18-18', 'name': 'Мини-ПК 16 ГБ / 512 ГБ — серия 2', 'price': 240508.0, 'score': 887}]}"
robustness,syn-0018__field_reorder__01,syn-0018__field_reorder__01.html,0,0,0,False,False,{},20261004T181609Z-2ba1b2f7,deterministic_first_union_v1,False,18,18,False,"[{'product_url': 'https://synthetic-shop.local/product/ups-1000-18-03', 'name': 'Источник бесперебойного питания 1000 ВА', 'price': 12242.0, 'score': 1006}, {'product_url': 'https://synthetic-shop.local/product/wifi-router-18-01', 'name': 'Маршрутизатор Wi‑Fi 6 AX3000', 'price': 7039.0, 'score': 997}, {'product_url': 'https://synthetic-shop.local/product/monitor-27-18-02', 'name': 'Монитор 27″ IPS QHD 165 Гц', 'price': 29396.0, 'score': 987}, {'product_url': 'https://synthetic-shop.local/product/mechanical-keyboard-18-04', 'name': 'Клавиатура механическая USB', 'price': 6490.0, 'score': 974}, {'product_url': 'https://synthetic-shop.local/product/ssd-1tb-18-06', 'name': 'SSD накопитель 1 ТБ NVMe PCIe 4.0', 'price': 8694.0, 'score': 972}, {'product_url': 'https://synthetic-shop.local/product/portable-ssd-18-05', 'name': 'Внешний SSD 2 ТБ USB-C', 'price': 17109.0, 'score': 962}, {'product_url': 'https://synthetic-shop.local/product/ssd-1tb-18-11', 'name': 'SSD накопитель 1 ТБ NVMe PCIe 4.0 — серия 2', 'price': 8866.0, 'score': 957}, {'product_url': 'https://synthetic-shop.local/product/switch-8p-18-08', 'name': 'Коммутатор 8-портовый Gigabit', 'price': 4946.0, 'score': 950}, {'product_url': 'https://synthetic-shop.local/product/webcam-18-07', 'name': 'Веб-камера Full HD 1080p', 'price': 4208.0, 'score': 947}, {'product_url': 'https://synthetic-shop.local/product/ups-1000-18-14', 'name': 'Источник бесперебойного питания 1000 ВА — серия 2', 'price': 13711.0, 'score': 939}]",candidate_only,partial_validation,1,deterministic_empty,"{'deterministic_kept': 0, 'fallback_seen': 8, 'fallback_novel': 8, 'fallback_matched': 0, 'fields_filled': 0, 'union_count': 8}",candidate_only,"{'coverage_confident': False, 'coverage_candidate_count': 18, 'coverage_unmatched_count': 10, 'coverage_scan_truncated': False, 'coverage_unmatched_sample': [{'product_url': 'https://synthetic-shop.local/product/webcam-18-07', 'name': 'Веб-камера Full HD 1080p', 'price': 4208.0, 'score': 947}, {'product_url': 'https://synthetic-shop.local/product/ups-1000-18-14', 'name': 'Источник бесперебойного питания 1000 ВА — серия 2', 'price': 13711.0, 'score': 939}, {'product_url': 'https://synthetic-shop.local/product/webcam-18-12', 'name': 'Веб-камера Full HD 1080p — серия 2', 'price': 4289.0, 'score': 932}, {'product_url': 'https://synthetic-shop.local/product/mini-pc-18-09', 'name': 'Мини-ПК 16 ГБ / 512 ГБ', 'price': 40143.0, 'score': 930}, {'product_url': 'https://synthetic-shop.local/product/usb-headset-18-10', 'name': 'Наушники USB с микрофоном', 'price': 3053.0, 'score': 928}, {'product_url': 'https://synthetic-shop.local/product/portable-ssd-18-13', 'name': 'Внешний SSD 2 ТБ USB-C — серия 2', 'price': 18649.0, 'score': 922}, {'product_url': 'https://synthetic-shop.local/product/mechanical-keyboard-18-15', 'name': 'Клавиатура механическая USB — серия 2', 'price': 6620.0, 'score': 917}, {'product_url': 'https://synthetic-shop.local/product/switch-8p-18-16', 'name': 'Коммутатор 8-портовый Gigabit — серия 2', 'price': 4853.0, 'score': 914}, {'product_url': 'https://synthetic-shop.local/product/wifi-router-18-17', 'name': 'Маршрутизатор Wi‑Fi 6 AX3000 — серия 2', 'price': 7708.0, 'score': 905}, {'product_url': 'https://synthetic-shop.local/product/mini-pc-18-18', 'name': 'Мини-ПК 16 ГБ / 512 ГБ — серия 2', 'price': 40508.0, 'score': 887}]}"
robustness,syn-0018__field_reorder__02,syn-0018__field_reorder__02.html,0,0,0,False,False,{},20261004T181609Z-2ba1b2f7,deterministic_first_union_v1,False,18,18,False,"[{'product_url': 'https://synthetic-shop.local/product/ups-1000-18-03', 'name': 'Источник бесперебойного питания 1000 ВА', 'price': 12242.0, 'score': 1006}, {'product_url': 'https://synthetic-shop.local/product/wifi-router-18-01', 'name': 'Маршрутизатор Wi‑Fi 6 AX3000', 'price': 30007039.0, 'score': 997}, {'product_url': 'https://synthetic-shop.local/product/monitor-27-18-02', 'name': 'Монитор 27″ IPS QHD 165 Гц', 'price': 29396.0, 'score': 987}, {'product_url': 'https://synthetic-shop.local/product/mechanical-keyboard-18-04', 'name': 'Клавиатура механическая USB', 'price': 6490.0, 'score': 974}, {'product_url': 'https://synthetic-shop.local/product/ssd-1tb-18-06', 'name': 'SSD накопитель 1 ТБ NVMe PCIe 4.0', 'price': 8694.0, 'score': 972}, {'product_url': 'https://synthetic-shop.local/product/portable-ssd-18-05', 'name': 'Внешний SSD 2 ТБ USB-C', 'price': 17109.0, 'score': 962}, {'product_url': 'https://synthetic-shop.local/product/ssd-1tb-18-11', 'name': 'SSD накопитель 1 ТБ NVMe PCIe 4.0 — серия 2', 'price': 28866.0, 'score': 957}, {'product_url': 'https://synthetic-shop.local/product/switch-8p-18-08', 'name': 'Коммутатор 8-портовый Gigabit', 'price': 4946.0, 'score': 950}, {'product_url': 'https://synthetic-shop.local/product/webcam-18-07', 'name': 'Веб-камера Full HD 1080p', 'price': 4208.0, 'score': 947}, {'product_url': 'https://synthetic-shop.local/product/ups-1000-18-14', 'name': 'Источник бесперебойного питания 1000 ВА — серия 2', 'price': 213711.0, 'score': 939}]",candidate_only,partial_validation,1,deterministic_empty,"{'deterministic_kept': 0, 'fallback_seen': 8, 'fallback_novel': 8, 'fallback_matched': 0, 'fields_filled': 0, 'union_count': 8}",candidate_only,"{'coverage_confident': False, 'coverage_candidate_count': 18, 'coverage_unmatched_count': 10, 'coverage_scan_truncated': False, 'coverage_unmatched_sample': [{'product_url': 'https://synthetic-shop.local/product/webcam-18-07', 'name': 'Веб-камера Full HD 1080p', 'price': 4208.0, 'score': 947}, {'product_url': 'https://synthetic-shop.local/product/ups-1000-18-14', 'name': 'Источник бесперебойного питания 1000 ВА — серия 2', 'price': 213711.0, 'score': 939}, {'product_url': 'https://synthetic-shop.local/product/webcam-18-12', 'name': 'Веб-камера Full HD 1080p — серия 2', 'price': 24289.0, 'score': 932}, {'product_url': 'https://synthetic-shop.local/product/mini-pc-18-09', 'name': 'Мини-ПК 16 ГБ / 512 ГБ', 'price': 40143.0, 'score': 930}, {'product_url': 'https://synthetic-shop.local/product/usb-headset-18-10', 'name': 'Наушники USB с микрофоном', 'price': 3053.0, 'score': 928}, {'product_url': 'https://synthetic-shop.local/product/portable-ssd-18-13', 'name': 'Внешний SSD 2 ТБ USB-C — серия 2', 'price': 218649.0, 'score': 922}, {'product_url': 'https://synthetic-shop.local/product/mechanical-keyboard-18-15', 'name': 'Клавиатура механическая USB — серия 2', 'price': 26620.0, 'score': 917}, {'product_url': 'https://synthetic-shop.local/product/switch-8p-18-16', 'name': 'Коммутатор 8-портовый Gigabit — серия 2', 'price': 24853.0, 'score': 914}, {'product_url': 'https://synthetic-shop.local/product/wifi-router-18-17', 'name': 'Маршрутизатор Wi‑Fi 6 AX3000 — серия 2', 'price': 27708.0, 'score': 905}, {'product_url': 'https://synthetic-shop.local/product/mini-pc-18-18', 'name': 'Мини-ПК 16 ГБ / 512 ГБ — серия 2', 'price': 240508.0, 'score': 887}]}"
robustness,syn-0018__subtree_relocate__01,syn-0018__subtree_relocate__01.html,0,0,0,False,False,{},20261004T181609Z-2ba1b2f7,deterministic_first_union_v1,False,18,18,False,"[{'product_url': 'https://synthetic-shop.local/product/ups-1000-18-03', 'name': 'Источник бесперебойного питания 1000 ВА', 'price': 12242.0, 'score': 1006}, {'product_url': 'https://synthetic-shop.local/product/wifi-router-18-01', 'name': 'Маршрутизатор Wi‑Fi 6 AX3000', 'price': 30007039.0, 'score': 997}, {'product_url': 'https://synthetic-shop.local/product/monitor-27-18-02', 'name': 'Монитор 27″ IPS QHD 165 Гц', 'price': 29396.0, 'score': 987}, {'product_url': 'https://synthetic-shop.local/product/mechanical-keyboard-18-04', 'name': 'Клавиатура механическая USB', 'price': 6490.0, 'score': 974}, {'product_url': 'https://synthetic-shop.local/product/ssd-1tb-18-06', 'name': 'SSD накопитель 1 ТБ NVMe PCIe 4.0', 'price': 8694.0, 'score': 972}, {'product_url': 'https://synthetic-shop.local/product/portable-ssd-18-05', 'name': 'Внешний SSD 2 ТБ USB-C', 'price': 17109.0, 'score': 962}, {'product_url': 'https://synthetic-shop.local/product/ssd-1tb-18-11', 'name': 'SSD накопитель 1 ТБ NVMe PCIe 4.0 — серия 2', 'price': 28866.0, 'score': 957}, {'product_url': 'https://synthetic-shop.local/product/switch-8p-18-08', 'name': 'Коммутатор 8-портовый Gigabit', 'price': 4946.0, 'score': 950}, {'product_url': 'https://synthetic-shop.local/product/webcam-18-07', 'name': 'Веб-камера Full HD 1080p', 'price': 4208.0, 'score': 947}, {'product_url': 'https://synthetic-shop.local/product/ups-1000-18-14', 'name': 'Источник бесперебойного питания 1000 ВА — серия 2', 'price': 213711.0, 'score': 939}]",candidate_only,partial_validation,1,deterministic_empty,"{'deterministic_kept': 0, 'fallback_seen': 8, 'fallback_novel': 8, 'fallback_matched': 0, 'fields_filled': 0, 'union_count': 8}",candidate_only,"{'coverage_confident': False, 'coverage_candidate_count': 18, 'coverage_unmatched_count': 10, 'coverage_scan_truncated': False, 'coverage_unmatched_sample': [{'product_url': 'https://synthetic-shop.local/product/webcam-18-07', 'name': 'Веб-камера Full HD 1080p', 'price': 4208.0, 'score': 947}, {'product_url': 'https://synthetic-shop.local/product/ups-1000-18-14', 'name': 'Источник бесперебойного питания 1000 ВА — серия 2', 'price': 213711.0, 'score': 939}, {'product_url': 'https://synthetic-shop.local/product/webcam-18-12', 'name': 'Веб-камера Full HD 1080p — серия 2', 'price': 24289.0, 'score': 932}, {'product_url': 'https://synthetic-shop.local/product/mini-pc-18-09', 'name': 'Мини-ПК 16 ГБ / 512 ГБ', 'price': 40143.0, 'score': 930}, {'product_url': 'https://synthetic-shop.local/product/usb-headset-18-10', 'name': 'Наушники USB с микрофоном', 'price': 3053.0, 'score': 928}, {'product_url': 'https://synthetic-shop.local/product/portable-ssd-18-13', 'name': 'Внешний SSD 2 ТБ USB-C — серия 2', 'price': 218649.0, 'score': 922}, {'product_url': 'https://synthetic-shop.local/product/mechanical-keyboard-18-15', 'name': 'Клавиатура механическая USB — серия 2', 'price': 26620.0, 'score': 917}, {'product_url': 'https://synthetic-shop.local/product/switch-8p-18-16', 'name': 'Коммутатор 8-портовый Gigabit — серия 2', 'price': 24853.0, 'score': 914}, {'product_url': 'https://synthetic-shop.local/product/wifi-router-18-17', 'name': 'Маршрутизатор Wi‑Fi 6 AX3000 — серия 2', 'price': 27708.0, 'score': 905}, {'product_url': 'https://synthetic-shop.local/product/mini-pc-18-18', 'name': 'Мини-ПК 16 ГБ / 512 ГБ — серия 2', 'price': 240508.0, 'score': 887}]}"
robustness,syn-0018__subtree_relocate__02,syn-0018__subtree_relocate__02.html,0,0,0,False,False,{},20261004T181609Z-2ba1b2f7,deterministic_first_union_v1,False,18,18,False,"[{'product_url': 'https://synthetic-shop.local/product/ups-1000-18-03', 'name': 'Источник бесперебойного питания 1000 ВА', 'price': 12242.0, 'score': 1006}, {'product_url': 'https://synthetic-shop.local/product/wifi-router-18-01', 'name': 'Маршрутизатор Wi‑Fi 6 AX3000', 'price': 30007039.0, 'score': 997}, {'product_url': 'https://synthetic-shop.local/product/monitor-27-18-02', 'name': 'Монитор 27″ IPS QHD 165 Гц', 'price': 29396.0, 'score': 987}, {'product_url': 'https://synthetic-shop.local/product/mechanical-keyboard-18-04', 'name': 'Клавиатура механическая USB', 'price': 6490.0, 'score': 974}, {'product_url': 'https://synthetic-shop.local/product/ssd-1tb-18-06', 'name': 'SSD накопитель 1 ТБ NVMe PCIe 4.0', 'price': 8694.0, 'score': 972}, {'product_url': 'https://synthetic-shop.local/product/portable-ssd-18-05', 'name': 'Внешний SSD 2 ТБ USB-C', 'price': 17109.0, 'score': 962}, {'product_url': 'https://synthetic-shop.local/product/ssd-1tb-18-11', 'name': 'SSD накопитель 1 ТБ NVMe PCIe 4.0 — серия 2', 'price': 28866.0, 'score': 957}, {'product_url': 'https://synthetic-shop.local/product/switch-8p-18-08', 'name': 'Коммутатор 8-портовый Gigabit', 'price': 4946.0, 'score': 950}, {'product_url': 'https://synthetic-shop.local/product/webcam-18-07', 'name': 'Веб-камера Full HD 1080p', 'price': 4208.0, 'score': 947}, {'product_url': 'https://synthetic-shop.local/product/ups-1000-18-14', 'name': 'Источник бесперебойного питания 1000 ВА — серия 2', 'price': 213711.0, 'score': 939}]",candidate_only,partial_validation,1,deterministic_empty,"{'deterministic_kept': 0, 'fallback_seen': 8, 'fallback_novel': 8, 'fallback_matched': 0, 'fields_filled': 0, 'union_count': 8}",candidate_only,"{'coverage_confident': False, 'coverage_candidate_count': 18, 'coverage_unmatched_count': 10, 'coverage_scan_truncated': False, 'coverage_unmatched_sample': [{'product_url': 'https://synthetic-shop.local/product/webcam-18-07', 'name': 'Веб-камера Full HD 1080p', 'price': 4208.0, 'score': 947}, {'product_url': 'https://synthetic-shop.local/product/ups-1000-18-14', 'name': 'Источник бесперебойного питания 1000 ВА — серия 2', 'price': 213711.0, 'score': 939}, {'product_url': 'https://synthetic-shop.local/product/webcam-18-12', 'name': 'Веб-камера Full HD 1080p — серия 2', 'price': 24289.0, 'score': 932}, {'product_url': 'https://synthetic-shop.local/product/mini-pc-18-09', 'name': 'Мини-ПК 16 ГБ / 512 ГБ', 'price': 40143.0, 'score': 930}, {'product_url': 'https://synthetic-shop.local/product/usb-headset-18-10', 'name': 'Наушники USB с микрофоном', 'price': 3053.0, 'score': 928}, {'product_url': 'https://synthetic-shop.local/product/portable-ssd-18-13', 'name': 'Внешний SSD 2 ТБ USB-C — серия 2', 'price': 218649.0, 'score': 922}, {'product_url': 'https://synthetic-shop.local/product/mechanical-keyboard-18-15', 'name': 'Клавиатура механическая USB — серия 2', 'price': 26620.0, 'score': 917}, {'product_url': 'https://synthetic-shop.local/product/switch-8p-18-16', 'name': 'Коммутатор 8-портовый Gigabit — серия 2', 'price': 24853.0, 'score': 914}, {'product_url': 'https://synthetic-shop.local/product/wifi-router-18-17', 'name': 'Маршрутизатор Wi‑Fi 6 AX3000 — серия 2', 'price': 27708.0, 'score': 905}, {'product_url': 'https://synthetic-shop.local/product/mini-pc-18-18', 'name': 'Мини-ПК 16 ГБ / 512 ГБ — серия 2', 'price': 240508.0, 'score': 887}]}"
robustness,syn-0019__class_rename__01,syn-0019__class_rename__01.html,0,0,0,False,False,{},20261004T181609Z-2ba1b2f7,deterministic_first_union_v1,False,22,22,False,"[{'product_url': 'https://synthetic-shop.local/product/surface-cleaner-19-01', 'name': 'Средство для очистки поверхностей 5 л', 'price': 1310.0, 'score': 1039}, {'product_url': 'https://synthetic-shop.local/product/liquid-soap-19-02', 'name': 'Мыло жидкое профессиональное 5 л', 'price': 1020.0, 'score': 1027}, {'product_url': 'https://synthetic-shop.local/product/nitrile-gloves-19-04', 'name': 'Перчатки защитные нитриловые 100 шт', 'price': 1500.0, 'score': 1020}, {'product_url': 'https://synthetic-shop.local/product/glass-cleaner-19-03', 'name': 'Очиститель стекол концентрат 1 л', 'price': 690.0, 'score': 1018}, {'product_url': 'https://synthetic-shop.local/product/respirator-ffp2-19-05', 'name': 'Респиратор складной FFP2 10 шт', 'price': 1210.0, 'score': 1004}, {'product_url': 'https://synthetic-shop.local/product/bucket-12l-19-06', 'name': 'Ведро пластиковое 12 л с крышкой', 'price': 562.0, 'score': 997}, {'product_url': 'https://synthetic-shop.local/product/container-45l-19-08', 'name': 'Контейнер пластиковый 45 л с крышкой', 'price': 1909.0, 'score': 989}, {'product_url': 'https://synthetic-shop.local/product/canister-20l-19-07', 'name': 'Канистра 20 л пищевая', 'price': 1232.0, 'score': 981}, {'product_url': 'https://synthetic-shop.local/product/warehouse-box-19-10', 'name': 'Ящик складской 600×400×220 мм', 'price': 2682.0, 'score': 972}, {'product_url': 'https://synthetic-shop.local/product/bucket-12l-19-11', 'name': 'Ведро пластиковое 12 л с крышкой — серия 2', 'price': 572.0, 'score': 972}]",candidate_only,partial_validation,1,deterministic_empty,"{'deterministic_kept': 0, 'fallback_seen': 8, 'fallback_novel': 8, 'fallback_matched': 0, 'fields_filled': 0, 'union_count': 8}",candidate_only,"{'coverage_confident': False, 'coverage_candidate_count': 22, 'coverage_unmatched_count': 14, 'coverage_scan_truncated': False, 'coverage_unmatched_sample': [{'product_url': 'https://synthetic-shop.local/product/warehouse-box-19-10', 'name': 'Ящик складской 600×400×220 мм', 'price': 2682.0, 'score': 972}, {'product_url': 'https://synthetic-shop.local/product/bucket-12l-19-11', 'name': 'Ведро пластиковое 12 л с крышкой — серия 2', 'price': 572.0, 'score': 972}, {'product_url': 'https://synthetic-shop.local/product/safety-glasses-19-09', 'name': 'Очки защитные прозрачные', 'price': 645.0, 'score': 968}, {'product_url': 'https://synthetic-shop.local/product/container-45l-19-13', 'name': 'Контейнер пластиковый 45 л с крышкой — серия 2', 'price': 1947.0, 'score': 964}, {'product_url': 'https://synthetic-shop.local/product/canister-20l-19-12', 'name': 'Канистра 20 л пищевая — серия 2', 'price': 1110.0, 'score': 956}, {'product_url': 'https://synthetic-shop.local/product/liquid-soap-19-14', 'name': 'Мыло жидкое профессиональное 5 л — серия 2', 'price': 1081.0, 'score': 953}, {'product_url': 'https://synthetic-shop.local/product/glass-cleaner-19-15', 'name': 'Очиститель стекол концентрат 1 л — серия 2', 'price': 752.0, 'score': 944}, {'product_url': 'https://synthetic-shop.local/product/nitrile-gloves-19-17', 'name': 'Перчатки защитные нитриловые 100 шт — серия 2', 'price': 1530.0, 'score': 939}, {'product_url': 'https://synthetic-shop.local/product/safety-glasses-19-16', 'name': 'Очки защитные прозрачные — серия 2', 'price': 694.0, 'score': 929}, {'product_url': 'https://synthetic-shop.local/product/respirator-ffp2-19-18', 'name': 'Респиратор складной FFP2 10 шт — серия 2', 'price': 1270.0, 'score': 923}]}"
robustness,syn-0019__class_rename__02,syn-0019__class_rename__02.html,0,0,0,False,False,{},20261004T181609Z-2ba1b2f7,deterministic_first_union_v1,False,22,22,False,"[{'product_url': 'https://synthetic-shop.local/product/surface-cleaner-19-01', 'name': 'Средство для очистки поверхностей 5 л', 'price': 1310.0, 'score': 1039}, {'product_url': 'https://synthetic-shop.local/product/liquid-soap-19-02', 'name': 'Мыло жидкое профессиональное 5 л', 'price': 1020.0, 'score': 1027}, {'product_url': 'https://synthetic-shop.local/product/nitrile-gloves-19-04', 'name': 'Перчатки защитные нитриловые 100 шт', 'price': 1500.0, 'score': 1020}, {'product_url': 'https://synthetic-shop.local/product/glass-cleaner-19-03', 'name': 'Очиститель стекол концентрат 1 л', 'price': 690.0, 'score': 1018}, {'product_url': 'https://synthetic-shop.local/product/respirator-ffp2-19-05', 'name': 'Респиратор складной FFP2 10 шт', 'price': 1210.0, 'score': 1004}, {'product_url': 'https://synthetic-shop.local/product/bucket-12l-19-06', 'name': 'Ведро пластиковое 12 л с крышкой', 'price': 562.0, 'score': 997}, {'product_url': 'https://synthetic-shop.local/product/container-45l-19-08', 'name': 'Контейнер пластиковый 45 л с крышкой', 'price': 1909.0, 'score': 989}, {'product_url': 'https://synthetic-shop.local/product/canister-20l-19-07', 'name': 'Канистра 20 л пищевая', 'price': 1232.0, 'score': 981}, {'product_url': 'https://synthetic-shop.local/product/warehouse-box-19-10', 'name': 'Ящик складской 600×400×220 мм', 'price': 2682.0, 'score': 972}, {'product_url': 'https://synthetic-shop.local/product/bucket-12l-19-11', 'name': 'Ведро пластиковое 12 л с крышкой — серия 2', 'price': 572.0, 'score': 972}]",candidate_only,partial_validation,1,deterministic_empty,"{'deterministic_kept': 0, 'fallback_seen': 8, 'fallback_novel': 8, 'fallback_matched': 0, 'fields_filled': 0, 'union_count': 8}",candidate_only,"{'coverage_confident': False, 'coverage_candidate_count': 22, 'coverage_unmatched_count': 14, 'coverage_scan_truncated': False, 'coverage_unmatched_sample': [{'product_url': 'https://synthetic-shop.local/product/warehouse-box-19-10', 'name': 'Ящик складской 600×400×220 мм', 'price': 2682.0, 'score': 972}, {'product_url': 'https://synthetic-shop.local/product/bucket-12l-19-11', 'name': 'Ведро пластиковое 12 л с крышкой — серия 2', 'price': 572.0, 'score': 972}, {'product_url': 'https://synthetic-shop.local/product/safety-glasses-19-09', 'name': 'Очки защитные прозрачные', 'price': 645.0, 'score': 968}, {'product_url': 'https://synthetic-shop.local/product/container-45l-19-13', 'name': 'Контейнер пластиковый 45 л с крышкой — серия 2', 'price': 1947.0, 'score': 964}, {'product_url': 'https://synthetic-shop.local/product/canister-20l-19-12', 'name': 'Канистра 20 л пищевая — серия 2', 'price': 1110.0, 'score': 956}, {'product_url': 'https://synthetic-shop.local/product/liquid-soap-19-14', 'name': 'Мыло жидкое профессиональное 5 л — серия 2', 'price': 1081.0, 'score': 953}, {'product_url': 'https://synthetic-shop.local/product/glass-cleaner-19-15', 'name': 'Очиститель стекол концентрат 1 л — серия 2', 'price': 752.0, 'score': 944}, {'product_url': 'https://synthetic-shop.local/product/nitrile-gloves-19-17', 'name': 'Перчатки защитные нитриловые 100 шт — серия 2', 'price': 1530.0, 'score': 939}, {'product_url': 'https://synthetic-shop.local/product/safety-glasses-19-16', 'name': 'Очки защитные прозрачные — серия 2', 'price': 694.0, 'score': 929}, {'product_url': 'https://synthetic-shop.local/product/respirator-ffp2-19-18', 'name': 'Респиратор складной FFP2 10 шт — серия 2', 'price': 1270.0, 'score': 923}]}"
robustness,syn-0019__class_rename__03,syn-0019__class_rename__03.html,0,0,0,False,False,{},20261004T181609Z-2ba1b2f7,deterministic_first_union_v1,False,22,22,False,"[{'product_url': 'https://synthetic-shop.local/product/surface-cleaner-19-01', 'name': 'Средство для очистки поверхностей 5 л', 'price': 1310.0, 'score': 1039}, {'product_url': 'https://synthetic-shop.local/product/liquid-soap-19-02', 'name': 'Мыло жидкое профессиональное 5 л', 'price': 1020.0, 'score': 1027}, {'product_url': 'https://synthetic-shop.local/product/nitrile-gloves-19-04', 'name': 'Перчатки защитные нитриловые 100 шт', 'price': 1500.0, 'score': 1020}, {'product_url': 'https://synthetic-shop.local/product/glass-cleaner-19-03', 'name': 'Очиститель стекол концентрат 1 л', 'price': 690.0, 'score': 1018}, {'product_url': 'https://synthetic-shop.local/product/respirator-ffp2-19-05', 'name': 'Респиратор складной FFP2 10 шт', 'price': 1210.0, 'score': 1004}, {'product_url': 'https://synthetic-shop.local/product/bucket-12l-19-06', 'name': 'Ведро пластиковое 12 л с крышкой', 'price': 562.0, 'score': 997}, {'product_url': 'https://synthetic-shop.local/product/container-45l-19-08', 'name': 'Контейнер пластиковый 45 л с крышкой', 'price': 1909.0, 'score': 989}, {'product_url': 'https://synthetic-shop.local/product/canister-20l-19-07', 'name': 'Канистра 20 л пищевая', 'price': 1232.0, 'score': 981}, {'product_url': 'https://synthetic-shop.local/product/warehouse-box-19-10', 'name': 'Ящик складской 600×400×220 мм', 'price': 2682.0, 'score': 972}, {'product_url': 'https://synthetic-shop.local/product/bucket-12l-19-11', 'name': 'Ведро пластиковое 12 л с крышкой — серия 2', 'price': 572.0, 'score': 972}]",candidate_only,partial_validation,1,deterministic_empty,"{'deterministic_kept': 0, 'fallback_seen': 8, 'fallback_novel': 8, 'fallback_matched': 0, 'fields_filled': 0, 'union_count': 8}",candidate_only,"{'coverage_confident': False, 'coverage_candidate_count': 22, 'coverage_unmatched_count': 14, 'coverage_scan_truncated': False, 'coverage_unmatched_sample': [{'product_url': 'https://synthetic-shop.local/product/warehouse-box-19-10', 'name': 'Ящик складской 600×400×220 мм', 'price': 2682.0, 'score': 972}, {'product_url': 'https://synthetic-shop.local/product/bucket-12l-19-11', 'name': 'Ведро пластиковое 12 л с крышкой — серия 2', 'price': 572.0, 'score': 972}, {'product_url': 'https://synthetic-shop.local/product/safety-glasses-19-09', 'name': 'Очки защитные прозрачные', 'price': 645.0, 'score': 968}, {'product_url': 'https://synthetic-shop.local/product/container-45l-19-13', 'name': 'Контейнер пластиковый 45 л с крышкой — серия 2', 'price': 1947.0, 'score': 964}, {'product_url': 'https://synthetic-shop.local/product/canister-20l-19-12', 'name': 'Канистра 20 л пищевая — серия 2', 'price': 1110.0, 'score': 956}, {'product_url': 'https://synthetic-shop.local/product/liquid-soap-19-14', 'name': 'Мыло жидкое профессиональное 5 л — серия 2', 'price': 1081.0, 'score': 953}, {'product_url': 'https://synthetic-shop.local/product/glass-cleaner-19-15', 'name': 'Очиститель стекол концентрат 1 л — серия 2', 'price': 752.0, 'score': 944}, {'product_url': 'https://synthetic-shop.local/product/nitrile-gloves-19-17', 'name': 'Перчатки защитные нитриловые 100 шт — серия 2', 'price': 1530.0, 'score': 939}, {'product_url': 'https://synthetic-shop.local/product/safety-glasses-19-16', 'name': 'Очки защитные прозрачные — серия 2', 'price': 694.0, 'score': 929}, {'product_url': 'https://synthetic-shop.local/product/respirator-ffp2-19-18', 'name': 'Респиратор складной FFP2 10 шт — серия 2', 'price': 1270.0, 'score': 923}]}"
robustness,syn-0019__wrapper_insert__01,syn-0019__wrapper_insert__01.html,0,0,0,False,False,{},20261004T181609Z-2ba1b2f7,deterministic_first_union_v1,False,22,22,False,"[{'product_url': 'https://synthetic-shop.local/product/surface-cleaner-19-01', 'name': 'Средство для очистки поверхностей 5 л', 'price': 1310.0, 'score': 1039}, {'product_url': 'https://synthetic-shop.local/product/liquid-soap-19-02', 'name': 'Мыло жидкое профессиональное 5 л', 'price': 1020.0, 'score': 1027}, {'product_url': 'https://synthetic-shop.local/product/nitrile-gloves-19-04', 'name': 'Перчатки защитные нитриловые 100 шт', 'price': 1500.0, 'score': 1020}, {'product_url': 'https://synthetic-shop.local/product/glass-cleaner-19-03', 'name': 'Очиститель стекол концентрат 1 л', 'price': 690.0, 'score': 1018}, {'product_url': 'https://synthetic-shop.local/product/respirator-ffp2-19-05', 'name': 'Респиратор складной FFP2 10 шт', 'price': 1210.0, 'score': 1004}, {'product_url': 'https://synthetic-shop.local/product/bucket-12l-19-06', 'name': 'Ведро пластиковое 12 л с крышкой', 'price': 562.0, 'score': 997}, {'product_url': 'https://synthetic-shop.local/product/container-45l-19-08', 'name': 'Контейнер пластиковый 45 л с крышкой', 'price': 1909.0, 'score': 989}, {'product_url': 'https://synthetic-shop.local/product/canister-20l-19-07', 'name': 'Канистра 20 л пищевая', 'price': 1232.0, 'score': 981}, {'product_url': 'https://synthetic-shop.local/product/warehouse-box-19-10', 'name': 'Ящик складской 600×400×220 мм', 'price': 2682.0, 'score': 972}, {'product_url': 'https://synthetic-shop.local/product/bucket-12l-19-11', 'name': 'Ведро пластиковое 12 л с крышкой — серия 2', 'price': 572.0, 'score': 972}]",candidate_only,partial_validation,1,deterministic_empty,"{'deterministic_kept': 0, 'fallback_seen': 8, 'fallback_novel': 8, 'fallback_matched': 0, 'fields_filled': 0, 'union_count': 8}",candidate_only,"{'coverage_confident': False, 'coverage_candidate_count': 22, 'coverage_unmatched_count': 14, 'coverage_scan_truncated': False, 'coverage_unmatched_sample': [{'product_url': 'https://synthetic-shop.local/product/warehouse-box-19-10', 'name': 'Ящик складской 600×400×220 мм', 'price': 2682.0, 'score': 972}, {'product_url': 'https://synthetic-shop.local/product/bucket-12l-19-11', 'name': 'Ведро пластиковое 12 л с крышкой — серия 2', 'price': 572.0, 'score': 972}, {'product_url': 'https://synthetic-shop.local/product/safety-glasses-19-09', 'name': 'Очки защитные прозрачные', 'price': 645.0, 'score': 968}, {'product_url': 'https://synthetic-shop.local/product/container-45l-19-13', 'name': 'Контейнер пластиковый 45 л с крышкой — серия 2', 'price': 1947.0, 'score': 964}, {'product_url': 'https://synthetic-shop.local/product/canister-20l-19-12', 'name': 'Канистра 20 л пищевая — серия 2', 'price': 1110.0, 'score': 956}, {'product_url': 'https://synthetic-shop.local/product/liquid-soap-19-14', 'name': 'Мыло жидкое профессиональное 5 л — серия 2', 'price': 1081.0, 'score': 953}, {'product_url': 'https://synthetic-shop.local/product/glass-cleaner-19-15', 'name': 'Очиститель стекол концентрат 1 л — серия 2', 'price': 752.0, 'score': 944}, {'product_url': 'https://synthetic-shop.local/product/nitrile-gloves-19-17', 'name': 'Перчатки защитные нитриловые 100 шт — серия 2', 'price': 1530.0, 'score': 939}, {'product_url': 'https://synthetic-shop.local/product/safety-glasses-19-16', 'name': 'Очки защитные прозрачные — серия 2', 'price': 694.0, 'score': 929}, {'product_url': 'https://synthetic-shop.local/product/respirator-ffp2-19-18', 'name': 'Респиратор складной FFP2 10 шт — серия 2', 'price': 1270.0, 'score': 923}]}"
robustness,syn-0019__wrapper_insert__02,syn-0019__wrapper_insert__02.html,0,0,0,False,False,{},20261004T181609Z-2ba1b2f7,deterministic_first_union_v1,False,22,22,False,"[{'product_url': 'https://synthetic-shop.local/product/surface-cleaner-19-01', 'name': 'Средство для очистки поверхностей 5 л', 'price': 1310.0, 'score': 1039}, {'product_url': 'https://synthetic-shop.local/product/liquid-soap-19-02', 'name': 'Мыло жидкое профессиональное 5 л', 'price': 1020.0, 'score': 1027}, {'product_url': 'https://synthetic-shop.local/product/nitrile-gloves-19-04', 'name': 'Перчатки защитные нитриловые 100 шт', 'price': 1500.0, 'score': 1020}, {'product_url': 'https://synthetic-shop.local/product/glass-cleaner-19-03', 'name': 'Очиститель стекол концентрат 1 л', 'price': 690.0, 'score': 1018}, {'product_url': 'https://synthetic-shop.local/product/respirator-ffp2-19-05', 'name': 'Респиратор складной FFP2 10 шт', 'price': 1210.0, 'score': 1004}, {'product_url': 'https://synthetic-shop.local/product/bucket-12l-19-06', 'name': 'Ведро пластиковое 12 л с крышкой', 'price': 562.0, 'score': 997}, {'product_url': 'https://synthetic-shop.local/product/container-45l-19-08', 'name': 'Контейнер пластиковый 45 л с крышкой', 'price': 1909.0, 'score': 989}, {'product_url': 'https://synthetic-shop.local/product/canister-20l-19-07', 'name': 'Канистра 20 л пищевая', 'price': 1232.0, 'score': 981}, {'product_url': 'https://synthetic-shop.local/product/warehouse-box-19-10', 'name': 'Ящик складской 600×400×220 мм', 'price': 2682.0, 'score': 972}, {'product_url': 'https://synthetic-shop.local/product/bucket-12l-19-11', 'name': 'Ведро пластиковое 12 л с крышкой — серия 2', 'price': 572.0, 'score': 972}]",candidate_only,partial_validation,1,deterministic_empty,"{'deterministic_kept': 0, 'fallback_seen': 8, 'fallback_novel': 8, 'fallback_matched': 0, 'fields_filled': 0, 'union_count': 8}",candidate_only,"{'coverage_confident': False, 'coverage_candidate_count': 22, 'coverage_unmatched_count': 14, 'coverage_scan_truncated': False, 'coverage_unmatched_sample': [{'product_url': 'https://synthetic-shop.local/product/warehouse-box-19-10', 'name': 'Ящик складской 600×400×220 мм', 'price': 2682.0, 'score': 972}, {'product_url': 'https://synthetic-shop.local/product/bucket-12l-19-11', 'name': 'Ведро пластиковое 12 л с крышкой — серия 2', 'price': 572.0, 'score': 972}, {'product_url': 'https://synthetic-shop.local/product/safety-glasses-19-09', 'name': 'Очки защитные прозрачные', 'price': 645.0, 'score': 968}, {'product_url': 'https://synthetic-shop.local/product/container-45l-19-13', 'name': 'Контейнер пластиковый 45 л с крышкой — серия 2', 'price': 1947.0, 'score': 964}, {'product_url': 'https://synthetic-shop.local/product/canister-20l-19-12', 'name': 'Канистра 20 л пищевая — серия 2', 'price': 1110.0, 'score': 956}, {'product_url': 'https://synthetic-shop.local/product/liquid-soap-19-14', 'name': 'Мыло жидкое профессиональное 5 л — серия 2', 'price': 1081.0, 'score': 953}, {'product_url': 'https://synthetic-shop.local/product/glass-cleaner-19-15', 'name': 'Очиститель стекол концентрат 1 л — серия 2', 'price': 752.0, 'score': 944}, {'product_url': 'https://synthetic-shop.local/product/nitrile-gloves-19-17', 'name': 'Перчатки защитные нитриловые 100 шт — серия 2', 'price': 1530.0, 'score': 939}, {'product_url': 'https://synthetic-shop.local/product/safety-glasses-19-16', 'name': 'Очки защитные прозрачные — серия 2', 'price': 694.0, 'score': 929}, {'product_url': 'https://synthetic-shop.local/product/respirator-ffp2-19-18', 'name': 'Респиратор складной FFP2 10 шт — серия 2', 'price': 1270.0, 'score': 923}]}"
robustness,syn-0019__wrapper_insert__03,syn-0019__wrapper_insert__03.html,0,0,0,False,False,{},20261004T181609Z-2ba1b2f7,deterministic_first_union_v1,False,22,22,False,"[{'product_url': 'https://synthetic-shop.local/product/surface-cleaner-19-01', 'name': 'Средство для очистки поверхностей 5 л', 'price': 1310.0, 'score': 1039}, {'product_url': 'https://synthetic-shop.local/product/liquid-soap-19-02', 'name': 'Мыло жидкое профессиональное 5 л', 'price': 1020.0, 'score': 1027}, {'product_url': 'https://synthetic-shop.local/product/nitrile-gloves-19-04', 'name': 'Перчатки защитные нитриловые 100 шт', 'price': 1500.0, 'score': 1020}, {'product_url': 'https://synthetic-shop.local/product/glass-cleaner-19-03', 'name': 'Очиститель стекол концентрат 1 л', 'price': 690.0, 'score': 1018}, {'product_url': 'https://synthetic-shop.local/product/respirator-ffp2-19-05', 'name': 'Респиратор складной FFP2 10 шт', 'price': 1210.0, 'score': 1004}, {'product_url': 'https://synthetic-shop.local/product/bucket-12l-19-06', 'name': 'Ведро пластиковое 12 л с крышкой', 'price': 562.0, 'score': 997}, {'product_url': 'https://synthetic-shop.local/product/container-45l-19-08', 'name': 'Контейнер пластиковый 45 л с крышкой', 'price': 1909.0, 'score': 989}, {'product_url': 'https://synthetic-shop.local/product/canister-20l-19-07', 'name': 'Канистра 20 л пищевая', 'price': 1232.0, 'score': 981}, {'product_url': 'https://synthetic-shop.local/product/warehouse-box-19-10', 'name': 'Ящик складской 600×400×220 мм', 'price': 2682.0, 'score': 972}, {'product_url': 'https://synthetic-shop.local/product/bucket-12l-19-11', 'name': 'Ведро пластиковое 12 л с крышкой — серия 2', 'price': 572.0, 'score': 972}]",candidate_only,partial_validation,1,deterministic_empty,"{'deterministic_kept': 0, 'fallback_seen': 8, 'fallback_novel': 8, 'fallback_matched': 0, 'fields_filled': 0, 'union_count': 8}",candidate_only,"{'coverage_confident': False, 'coverage_candidate_count': 22, 'coverage_unmatched_count': 14, 'coverage_scan_truncated': False, 'coverage_unmatched_sample': [{'product_url': 'https://synthetic-shop.local/product/warehouse-box-19-10', 'name': 'Ящик складской 600×400×220 мм', 'price': 2682.0, 'score': 972}, {'product_url': 'https://synthetic-shop.local/product/bucket-12l-19-11', 'name': 'Ведро пластиковое 12 л с крышкой — серия 2', 'price': 572.0, 'score': 972}, {'product_url': 'https://synthetic-shop.local/product/safety-glasses-19-09', 'name': 'Очки защитные прозрачные', 'price': 645.0, 'score': 968}, {'product_url': 'https://synthetic-shop.local/product/container-45l-19-13', 'name': 'Контейнер пластиковый 45 л с крышкой — серия 2', 'price': 1947.0, 'score': 964}, {'product_url': 'https://synthetic-shop.local/product/canister-20l-19-12', 'name': 'Канистра 20 л пищевая — серия 2', 'price': 1110.0, 'score': 956}, {'product_url': 'https://synthetic-shop.local/product/liquid-soap-19-14', 'name': 'Мыло жидкое профессиональное 5 л — серия 2', 'price': 1081.0, 'score': 953}, {'product_url': 'https://synthetic-shop.local/product/glass-cleaner-19-15', 'name': 'Очиститель стекол концентрат 1 л — серия 2', 'price': 752.0, 'score': 944}, {'product_url': 'https://synthetic-shop.local/product/nitrile-gloves-19-17', 'name': 'Перчатки защитные нитриловые 100 шт — серия 2', 'price': 1530.0, 'score': 939}, {'product_url': 'https://synthetic-shop.local/product/safety-glasses-19-16', 'name': 'Очки защитные прозрачные — серия 2', 'price': 694.0, 'score': 929}, {'product_url': 'https://synthetic-shop.local/product/respirator-ffp2-19-18', 'name': 'Респиратор складной FFP2 10 шт — серия 2', 'price': 1270.0, 'score': 923}]}"
robustness,syn-0019__field_reorder__01,syn-0019__field_reorder__01.html,0,0,0,False,False,{},20261004T181609Z-2ba1b2f7,deterministic_first_union_v1,False,22,22,False,"[{'product_url': 'https://synthetic-shop.local/product/surface-cleaner-19-01', 'name': 'Средство для очистки поверхностей 5 л', 'price': 1310.0, 'score': 1039}, {'product_url': 'https://synthetic-shop.local/product/liquid-soap-19-02', 'name': 'Мыло жидкое профессиональное 5 л', 'price': 1020.0, 'score': 1027}, {'product_url': 'https://synthetic-shop.local/product/nitrile-gloves-19-04', 'name': 'Перчатки защитные нитриловые 100 шт', 'price': 1500.0, 'score': 1020}, {'product_url': 'https://synthetic-shop.local/product/glass-cleaner-19-03', 'name': 'Очиститель стекол концентрат 1 л', 'price': 690.0, 'score': 1018}, {'product_url': 'https://synthetic-shop.local/product/respirator-ffp2-19-05', 'name': 'Респиратор складной FFP2 10 шт', 'price': 1210.0, 'score': 1004}, {'product_url': 'https://synthetic-shop.local/product/bucket-12l-19-06', 'name': 'Ведро пластиковое 12 л с крышкой', 'price': 562.0, 'score': 997}, {'product_url': 'https://synthetic-shop.local/product/container-45l-19-08', 'name': 'Контейнер пластиковый 45 л с крышкой', 'price': 1909.0, 'score': 989}, {'product_url': 'https://synthetic-shop.local/product/canister-20l-19-07', 'name': 'Канистра 20 л пищевая', 'price': 1232.0, 'score': 981}, {'product_url': 'https://synthetic-shop.local/product/warehouse-box-19-10', 'name': 'Ящик складской 600×400×220 мм', 'price': 2682.0, 'score': 972}, {'product_url': 'https://synthetic-shop.local/product/bucket-12l-19-11', 'name': 'Ведро пластиковое 12 л с крышкой — серия 2', 'price': 572.0, 'score': 972}]",candidate_only,partial_validation,1,deterministic_empty,"{'deterministic_kept': 0, 'fallback_seen': 8, 'fallback_novel': 8, 'fallback_matched': 0, 'fields_filled': 0, 'union_count': 8}",candidate_only,"{'coverage_confident': False, 'coverage_candidate_count': 22, 'coverage_unmatched_count': 14, 'coverage_scan_truncated': False, 'coverage_unmatched_sample': [{'product_url': 'https://synthetic-shop.local/product/warehouse-box-19-10', 'name': 'Ящик складской 600×400×220 мм', 'price': 2682.0, 'score': 972}, {'product_url': 'https://synthetic-shop.local/product/bucket-12l-19-11', 'name': 'Ведро пластиковое 12 л с крышкой — серия 2', 'price': 572.0, 'score': 972}, {'product_url': 'https://synthetic-shop.local/product/safety-glasses-19-09', 'name': 'Очки защитные прозрачные', 'price': 645.0, 'score': 968}, {'product_url': 'https://synthetic-shop.local/product/container-45l-19-13', 'name': 'Контейнер пластиковый 45 л с крышкой — серия 2', 'price': 1947.0, 'score': 964}, {'product_url': 'https://synthetic-shop.local/product/canister-20l-19-12', 'name': 'Канистра 20 л пищевая — серия 2', 'price': 1110.0, 'score': 956}, {'product_url': 'https://synthetic-shop.local/product/liquid-soap-19-14', 'name': 'Мыло жидкое профессиональное 5 л — серия 2', 'price': 1081.0, 'score': 953}, {'product_url': 'https://synthetic-shop.local/product/glass-cleaner-19-15', 'name': 'Очиститель стекол концентрат 1 л — серия 2', 'price': 752.0, 'score': 944}, {'product_url': 'https://synthetic-shop.local/product/nitrile-gloves-19-17', 'name': 'Перчатки защитные нитриловые 100 шт — серия 2', 'price': 1530.0, 'score': 939}, {'product_url': 'https://synthetic-shop.local/product/safety-glasses-19-16', 'name': 'Очки защитные прозрачные — серия 2', 'price': 694.0, 'score': 929}, {'product_url': 'https://synthetic-shop.local/product/respirator-ffp2-19-18', 'name': 'Респиратор складной FFP2 10 шт — серия 2', 'price': 1270.0, 'score': 923}]}"
robustness,syn-0019__field_reorder__02,syn-0019__field_reorder__02.html,0,0,0,False,False,{},20261004T181609Z-2ba1b2f7,deterministic_first_union_v1,False,22,22,False,"[{'product_url': 'https://synthetic-shop.local/product/surface-cleaner-19-01', 'name': 'Средство для очистки поверхностей 5 л', 'price': 1310.0, 'score': 1039}, {'product_url': 'https://synthetic-shop.local/product/liquid-soap-19-02', 'name': 'Мыло жидкое профессиональное 5 л', 'price': 1020.0, 'score': 1027}, {'product_url': 'https://synthetic-shop.local/product/nitrile-gloves-19-04', 'name': 'Перчатки защитные нитриловые 100 шт', 'price': 1500.0, 'score': 1020}, {'product_url': 'https://synthetic-shop.local/product/glass-cleaner-19-03', 'name': 'Очиститель стекол концентрат 1 л', 'price': 690.0, 'score': 1018}, {'product_url': 'https://synthetic-shop.local/product/respirator-ffp2-19-05', 'name': 'Респиратор складной FFP2 10 шт', 'price': 1210.0, 'score': 1004}, {'product_url': 'https://synthetic-shop.local/product/bucket-12l-19-06', 'name': 'Ведро пластиковое 12 л с крышкой', 'price': 562.0, 'score': 997}, {'product_url': 'https://synthetic-shop.local/product/container-45l-19-08', 'name': 'Контейнер пластиковый 45 л с крышкой', 'price': 1909.0, 'score': 989}, {'product_url': 'https://synthetic-shop.local/product/canister-20l-19-07', 'name': 'Канистра 20 л пищевая', 'price': 1232.0, 'score': 981}, {'product_url': 'https://synthetic-shop.local/product/warehouse-box-19-10', 'name': 'Ящик складской 600×400×220 мм', 'price': 2682.0, 'score': 972}, {'product_url': 'https://synthetic-shop.local/product/bucket-12l-19-11', 'name': 'Ведро пластиковое 12 л с крышкой — серия 2', 'price': 572.0, 'score': 972}]",candidate_only,partial_validation,1,deterministic_empty,"{'deterministic_kept': 0, 'fallback_seen': 8, 'fallback_novel': 8, 'fallback_matched': 0, 'fields_filled': 0, 'union_count': 8}",candidate_only,"{'coverage_confident': False, 'coverage_candidate_count': 22, 'coverage_unmatched_count': 14, 'coverage_scan_truncated': False, 'coverage_unmatched_sample': [{'product_url': 'https://synthetic-shop.local/product/warehouse-box-19-10', 'name': 'Ящик складской 600×400×220 мм', 'price': 2682.0, 'score': 972}, {'product_url': 'https://synthetic-shop.local/product/bucket-12l-19-11', 'name': 'Ведро пластиковое 12 л с крышкой — серия 2', 'price': 572.0, 'score': 972}, {'product_url': 'https://synthetic-shop.local/product/safety-glasses-19-09', 'name': 'Очки защитные прозрачные', 'price': 645.0, 'score': 968}, {'product_url': 'https://synthetic-shop.local/product/container-45l-19-13', 'name': 'Контейнер пластиковый 45 л с крышкой — серия 2', 'price': 1947.0, 'score': 964}, {'product_url': 'https://synthetic-shop.local/product/canister-20l-19-12', 'name': 'Канистра 20 л пищевая — серия 2', 'price': 1110.0, 'score': 956}, {'product_url': 'https://synthetic-shop.local/product/liquid-soap-19-14', 'name': 'Мыло жидкое профессиональное 5 л — серия 2', 'price': 1081.0, 'score': 953}, {'product_url': 'https://synthetic-shop.local/product/glass-cleaner-19-15', 'name': 'Очиститель стекол концентрат 1 л — серия 2', 'price': 752.0, 'score': 944}, {'product_url': 'https://synthetic-shop.local/product/nitrile-gloves-19-17', 'name': 'Перчатки защитные нитриловые 100 шт — серия 2', 'price': 1530.0, 'score': 939}, {'product_url': 'https://synthetic-shop.local/product/safety-glasses-19-16', 'name': 'Очки защитные прозрачные — серия 2', 'price': 694.0, 'score': 929}, {'product_url': 'https://synthetic-shop.local/product/respirator-ffp2-19-18', 'name': 'Респиратор складной FFP2 10 шт — серия 2', 'price': 1270.0, 'score': 923}]}"
robustness,syn-0019__subtree_relocate__01,syn-0019__subtree_relocate__01.html,0,0,0,False,False,{},20261004T181609Z-2ba1b2f7,deterministic_first_union_v1,False,22,22,False,"[{'product_url': 'https://synthetic-shop.local/product/surface-cleaner-19-01', 'name': 'Средство для очистки поверхностей 5 л', 'price': 1310.0, 'score': 1039}, {'product_url': 'https://synthetic-shop.local/product/liquid-soap-19-02', 'name': 'Мыло жидкое профессиональное 5 л', 'price': 1020.0, 'score': 1027}, {'product_url': 'https://synthetic-shop.local/product/nitrile-gloves-19-04', 'name': 'Перчатки защитные нитриловые 100 шт', 'price': 1500.0, 'score': 1020}, {'product_url': 'https://synthetic-shop.local/product/glass-cleaner-19-03', 'name': 'Очиститель стекол концентрат 1 л', 'price': 690.0, 'score': 1018}, {'product_url': 'https://synthetic-shop.local/product/respirator-ffp2-19-05', 'name': 'Респиратор складной FFP2 10 шт', 'price': 1210.0, 'score': 1004}, {'product_url': 'https://synthetic-shop.local/product/bucket-12l-19-06', 'name': 'Ведро пластиковое 12 л с крышкой', 'price': 562.0, 'score': 997}, {'product_url': 'https://synthetic-shop.local/product/container-45l-19-08', 'name': 'Контейнер пластиковый 45 л с крышкой', 'price': 1909.0, 'score': 989}, {'product_url': 'https://synthetic-shop.local/product/canister-20l-19-07', 'name': 'Канистра 20 л пищевая', 'price': 1232.0, 'score': 981}, {'product_url': 'https://synthetic-shop.local/product/warehouse-box-19-10', 'name': 'Ящик складской 600×400×220 мм', 'price': 2682.0, 'score': 972}, {'product_url': 'https://synthetic-shop.local/product/bucket-12l-19-11', 'name': 'Ведро пластиковое 12 л с крышкой — серия 2', 'price': 572.0, 'score': 972}]",candidate_only,partial_validation,1,deterministic_empty,"{'deterministic_kept': 0, 'fallback_seen': 8, 'fallback_novel': 8, 'fallback_matched': 0, 'fields_filled': 0, 'union_count': 8}",candidate_only,"{'coverage_confident': False, 'coverage_candidate_count': 22, 'coverage_unmatched_count': 14, 'coverage_scan_truncated': False, 'coverage_unmatched_sample': [{'product_url': 'https://synthetic-shop.local/product/warehouse-box-19-10', 'name': 'Ящик складской 600×400×220 мм', 'price': 2682.0, 'score': 972}, {'product_url': 'https://synthetic-shop.local/product/bucket-12l-19-11', 'name': 'Ведро пластиковое 12 л с крышкой — серия 2', 'price': 572.0, 'score': 972}, {'product_url': 'https://synthetic-shop.local/product/safety-glasses-19-09', 'name': 'Очки защитные прозрачные', 'price': 645.0, 'score': 968}, {'product_url': 'https://synthetic-shop.local/product/container-45l-19-13', 'name': 'Контейнер пластиковый 45 л с крышкой — серия 2', 'price': 1947.0, 'score': 964}, {'product_url': 'https://synthetic-shop.local/product/canister-20l-19-12', 'name': 'Канистра 20 л пищевая — серия 2', 'price': 1110.0, 'score': 956}, {'product_url': 'https://synthetic-shop.local/product/liquid-soap-19-14', 'name': 'Мыло жидкое профессиональное 5 л — серия 2', 'price': 1081.0, 'score': 953}, {'product_url': 'https://synthetic-shop.local/product/glass-cleaner-19-15', 'name': 'Очиститель стекол концентрат 1 л — серия 2', 'price': 752.0, 'score': 944}, {'product_url': 'https://synthetic-shop.local/product/nitrile-gloves-19-17', 'name': 'Перчатки защитные нитриловые 100 шт — серия 2', 'price': 1530.0, 'score': 939}, {'product_url': 'https://synthetic-shop.local/product/safety-glasses-19-16', 'name': 'Очки защитные прозрачные — серия 2', 'price': 694.0, 'score': 929}, {'product_url': 'https://synthetic-shop.local/product/respirator-ffp2-19-18', 'name': 'Респиратор складной FFP2 10 шт — серия 2', 'price': 1270.0, 'score': 923}]}"
robustness,syn-0019__subtree_relocate__02,syn-0019__subtree_relocate__02.html,0,0,0,False,False,{},20261004T181609Z-2ba1b2f7,deterministic_first_union_v1,False,22,22,False,"[{'product_url': 'https://synthetic-shop.local/product/surface-cleaner-19-01', 'name': 'Средство для очистки поверхностей 5 л', 'price': 1310.0, 'score': 1039}, {'product_url': 'https://synthetic-shop.local/product/liquid-soap-19-02', 'name': 'Мыло жидкое профессиональное 5 л', 'price': 1020.0, 'score': 1027}, {'product_url': 'https://synthetic-shop.local/product/nitrile-gloves-19-04', 'name': 'Перчатки защитные нитриловые 100 шт', 'price': 1500.0, 'score': 1020}, {'product_url': 'https://synthetic-shop.local/product/glass-cleaner-19-03', 'name': 'Очиститель стекол концентрат 1 л', 'price': 690.0, 'score': 1018}, {'product_url': 'https://synthetic-shop.local/product/respirator-ffp2-19-05', 'name': 'Респиратор складной FFP2 10 шт', 'price': 1210.0, 'score': 1004}, {'product_url': 'https://synthetic-shop.local/product/bucket-12l-19-06', 'name': 'Ведро пластиковое 12 л с крышкой', 'price': 562.0, 'score': 997}, {'product_url': 'https://synthetic-shop.local/product/container-45l-19-08', 'name': 'Контейнер пластиковый 45 л с крышкой', 'price': 1909.0, 'score': 989}, {'product_url': 'https://synthetic-shop.local/product/canister-20l-19-07', 'name': 'Канистра 20 л пищевая', 'price': 1232.0, 'score': 981}, {'product_url': 'https://synthetic-shop.local/product/warehouse-box-19-10', 'name': 'Ящик складской 600×400×220 мм', 'price': 2682.0, 'score': 972}, {'product_url': 'https://synthetic-shop.local/product/bucket-12l-19-11', 'name': 'Ведро пластиковое 12 л с крышкой — серия 2', 'price': 572.0, 'score': 972}]",candidate_only,partial_validation,1,deterministic_empty,"{'deterministic_kept': 0, 'fallback_seen': 8, 'fallback_novel': 8, 'fallback_matched': 0, 'fields_filled': 0, 'union_count': 8}",candidate_only,"{'coverage_confident': False, 'coverage_candidate_count': 22, 'coverage_unmatched_count': 14, 'coverage_scan_truncated': False, 'coverage_unmatched_sample': [{'product_url': 'https://synthetic-shop.local/product/warehouse-box-19-10', 'name': 'Ящик складской 600×400×220 мм', 'price': 2682.0, 'score': 972}, {'product_url': 'https://synthetic-shop.local/product/bucket-12l-19-11', 'name': 'Ведро пластиковое 12 л с крышкой — серия 2', 'price': 572.0, 'score': 972}, {'product_url': 'https://synthetic-shop.local/product/safety-glasses-19-09', 'name': 'Очки защитные прозрачные', 'price': 645.0, 'score': 968}, {'product_url': 'https://synthetic-shop.local/product/container-45l-19-13', 'name': 'Контейнер пластиковый 45 л с крышкой — серия 2', 'price': 1947.0, 'score': 964}, {'product_url': 'https://synthetic-shop.local/product/canister-20l-19-12', 'name': 'Канистра 20 л пищевая — серия 2', 'price': 1110.0, 'score': 956}, {'product_url': 'https://synthetic-shop.local/product/liquid-soap-19-14', 'name': 'Мыло жидкое профессиональное 5 л — серия 2', 'price': 1081.0, 'score': 953}, {'product_url': 'https://synthetic-shop.local/product/glass-cleaner-19-15', 'name': 'Очиститель стекол концентрат 1 л — серия 2', 'price': 752.0, 'score': 944}, {'product_url': 'https://synthetic-shop.local/product/nitrile-gloves-19-17', 'name': 'Перчатки защитные нитриловые 100 шт — серия 2', 'price': 1530.0, 'score': 939}, {'product_url': 'https://synthetic-shop.local/product/safety-glasses-19-16', 'name': 'Очки защитные прозрачные — серия 2', 'price': 694.0, 'score': 929}, {'product_url': 'https://synthetic-shop.local/product/respirator-ffp2-19-18', 'name': 'Респиратор складной FFP2 10 шт — серия 2', 'price': 1270.0, 'score': 923}]}"
robustness,syn-0020__class_rename__01,syn-0020__class_rename__01.html,20,20,0,False,False,{},20261004T181609Z-2ba1b2f7,deterministic_first_union_v1,True,20,0,False,[],deterministic,ok,0,none,"{'deterministic_kept': 20, 'fallback_seen': 0, 'fallback_novel': 0, 'fallback_matched': 0, 'fields_filled': 0, 'union_count': 20}",,
robustness,syn-0020__class_rename__02,syn-0020__class_rename__02.html,20,20,0,False,False,{},20261004T181609Z-2ba1b2f7,deterministic_first_union_v1,True,20,0,False,[],deterministic,ok,0,none,"{'deterministic_kept': 20, 'fallback_seen': 0, 'fallback_novel': 0, 'fallback_matched': 0, 'fields_filled': 0, 'union_count': 20}",,
robustness,syn-0020__class_rename__03,syn-0020__class_rename__03.html,20,20,0,False,False,{},20261004T181609Z-2ba1b2f7,deterministic_first_union_v1,True,20,0,False,[],deterministic,ok,0,none,"{'deterministic_kept': 20, 'fallback_seen': 0, 'fallback_novel': 0, 'fallback_matched': 0, 'fields_filled': 0, 'union_count': 20}",,
robustness,syn-0020__wrapper_insert__01,syn-0020__wrapper_insert__01.html,20,20,0,False,False,{},20261004T181609Z-2ba1b2f7,deterministic_first_union_v1,True,20,0,False,[],deterministic,ok,0,none,"{'deterministic_kept': 20, 'fallback_seen': 0, 'fallback_novel': 0, 'fallback_matched': 0, 'fields_filled': 0, 'union_count': 20}",,
robustness,syn-0020__wrapper_insert__02,syn-0020__wrapper_insert__02.html,20,20,0,False,False,{},20261004T181609Z-2ba1b2f7,deterministic_first_union_v1,True,20,0,False,[],deterministic,ok,0,none,"{'deterministic_kept': 20, 'fallback_seen': 0, 'fallback_novel': 0, 'fallback_matched': 0, 'fields_filled': 0, 'union_count': 20}",,
robustness,syn-0020__wrapper_insert__03,syn-0020__wrapper_insert__03.html,20,20,0,False,False,{},20261004T181609Z-2ba1b2f7,deterministic_first_union_v1,True,20,0,False,[],deterministic,ok,0,none,"{'deterministic_kept': 20, 'fallback_seen': 0, 'fallback_novel': 0, 'fallback_matched': 0, 'fields_filled': 0, 'union_count': 20}",,
robustness,syn-0020__field_reorder__01,syn-0020__field_reorder__01.html,20,20,0,False,False,{},20261004T181609Z-2ba1b2f7,deterministic_first_union_v1,True,20,0,False,[],deterministic,ok,0,none,"{'deterministic_kept': 20, 'fallback_seen': 0, 'fallback_novel': 0, 'fallback_matched': 0, 'fields_filled': 0, 'union_count': 20}",,
robustness,syn-0020__field_reorder__02,syn-0020__field_reorder__02.html,20,20,0,False,False,{},20261004T181609Z-2ba1b2f7,deterministic_first_union_v1,True,20,0,False,[],deterministic,ok,0,none,"{'deterministic_kept': 20, 'fallback_seen': 0, 'fallback_novel': 0, 'fallback_matched': 0, 'fields_filled': 0, 'union_count': 20}",,
robustness,syn-0020__subtree_relocate__01,syn-0020__subtree_relocate__01.html,20,20,0,False,False,{},20261004T181609Z-2ba1b2f7,deterministic_first_union_v1,True,20,0,False,[],deterministic,ok,0,none,"{'deterministic_kept': 20, 'fallback_seen': 0, 'fallback_novel': 0, 'fallback_matched': 0, 'fields_filled': 0, 'union_count': 20}",,
robustness,syn-0020__subtree_relocate__02,syn-0020__subtree_relocate__02.html,20,20,0,False,False,{},20261004T181609Z-2ba1b2f7,deterministic_first_union_v1,True,20,0,False,[],deterministic,ok,0,none,"{'deterministic_kept': 20, 'fallback_seen': 0, 'fallback_novel': 0, 'fallback_matched': 0, 'fields_filled': 0, 'union_count': 20}",,
