benchmark_run_id,dataset,variant,page_id,html_file,query,page_status,is_scored,gt_positive_count,prediction_count,matched_gt,missing_prediction,unmatched_prediction,page_has_products_ok,entity_TP,entity_FP,entity_FN,name_TP,name_FP,name_FN,price_TP,price_FP,price_FN,manifest__dataset,manifest__html_file,manifest__html_key,manifest__run_id,manifest__source,manifest__html_path,manifest__page_url,manifest__source_url,manifest__query,manifest__location,manifest__route,manifest__artifact_kind,manifest__skip_reason,manifest__content_sha256,manifest__expected_sha256,source,run_id,location,route,extraction_status,html_read_ms,html_parse_ms,extract_ms,candidate_count,deduplicated_count,returned_count,candidate_limit_hit,error_type,error_message,error_traceback,gt_price_present_count,gt_price_absent_count,gt_price_unannotated_count,matched_name_similarity_mean,matched_price_MAE,matched_price_MAPE,unexpected_price_FP,page_TP,page_FP,page_FN,page_TN,entity_P,entity_R,entity_F1,name_P,name_R,name_F1,price_P,price_R,price_F1
20261001T114616Z-f7b52bbe,synthetic,b1_jsonld,syn-0001,html/syn-0001.html,,unannotated,False,,,0,0,0,,0,0,0,0,0,0,0,0,0,synthetic,html/syn-0001.html,syn-0001.html,run-none1,synthetic-shop.local,D:\Pet_Codes\science\article-price-tracker\synthetic\html\syn-0001.html,https://synthetic-shop.local/search/syn-0015,https://synthetic-shop.local/search/syn-0015,,,,raw_html,,2c98b87c8d128dc6cca9f010f3843a723fd33ddec1bdab9c7a240dfffb49f4e5,,synthetic-shop.local,run-none1,,,ok,0.6967000663280487,2.4929000064730644,0.3578001633286476,0,0,0,False,,,,0,0,0,,,,0,0,0,0,0,,,,,,,,,
20261001T114616Z-f7b52bbe,synthetic,b1_jsonld,syn-0001__class_rename__01,html/syn-0001__class_rename__01.html,,positive,True,5.0,0.0,0,5,0,0.0,0,0,5,0,0,5,0,0,5,synthetic,html/syn-0001__class_rename__01.html,syn-0001__class_rename__01.html,run-none2,synthetic-shop.local,D:\Pet_Codes\science\article-price-tracker\synthetic\html\syn-0001__class_rename__01.html,https://synthetic-shop.local/search/syn-0017,https://synthetic-shop.local/search/syn-0017,,,,raw_html,,22718fd147ce432c2a0d2a16e83e268104b86af1beb3bf2806151d15909f141a,,synthetic-shop.local,run-none2,,,ok,0.4368000663816929,2.553099999204278,0.3754000645130873,0,0,0,False,,,,5,0,0,,,,0,0,0,1,0,0.0,0.0,0.0,0.0,0.0,0.0,0.0,0.0,0.0
20261001T114616Z-f7b52bbe,synthetic,b1_jsonld,syn-0001__class_rename__02,html/syn-0001__class_rename__02.html,,positive,True,5.0,2.0,0,5,2,1.0,0,2,5,0,2,5,0,2,5,synthetic,html/syn-0001__class_rename__02.html,syn-0001__class_rename__02.html,run-none3,synthetic-shop.local,D:\Pet_Codes\science\article-price-tracker\synthetic\html\syn-0001__class_rename__02.html,https://synthetic-shop.local/search/syn-0010,https://synthetic-shop.local/search/syn-0010,,,,raw_html,,22ee9da46925a09a9a9948f21103d335f1dc13ef4a616cbea2824d11a8f041d0,,synthetic-shop.local,run-none3,,,ok,0.3035999834537506,2.3237999994307756,0.4789000377058983,2,2,2,False,,,,5,0,0,,,,0,1,0,0,0,0.0,0.0,0.0,0.0,0.0,0.0,0.0,0.0,0.0
20261001T114616Z-f7b52bbe,synthetic,b1_jsonld,syn-0001__class_rename__03,html/syn-0001__class_rename__03.html,,positive,True,5.0,0.0,0,5,0,0.0,0,0,5,0,0,5,0,0,5,synthetic,html/syn-0001__class_rename__03.html,syn-0001__class_rename__03.html,run-none4,synthetic-shop.local,D:\Pet_Codes\science\article-price-tracker\synthetic\html\syn-0001__class_rename__03.html,https://synthetic-shop.local/search/syn-0004,https://synthetic-shop.local/search/syn-0004,,,,raw_html,,6fc077b4029bd63f2165e6effc7fba5a56750092681edfcddea9bf78230596bc,,synthetic-shop.local,run-none4,,,ok,0.3448999486863613,2.1816000808030367,0.34089991822838783,0,0,0,False,,,,5,0,0,,,,0,0,0,1,0,0.0,0.0,0.0,0.0,0.0,0.0,0.0,0.0,0.0
20261001T114616Z-f7b52bbe,synthetic,b1_jsonld,syn-0001__field_reorder__01,html/syn-0001__field_reorder__01.html,,positive,True,5.0,0.0,0,5,0,0.0,0,0,5,0,0,5,0,0,5,synthetic,html/syn-0001__field_reorder__01.html,syn-0001__field_reorder__01.html,run-none5,synthetic-shop.local,D:\Pet_Codes\science\article-price-tracker\synthetic\html\syn-0001__field_reorder__01.html,https://synthetic-shop.local/search/syn-0016,https://synthetic-shop.local/search/syn-0016,,,,raw_html,,14c950383cf30d066871a0dea2069518f9ba1d31a977ed2932f739559d8915b8,,synthetic-shop.local,run-none5,,,ok,0.3700999077409506,1.6262999270111322,0.2646001521497965,0,0,0,False,,,,5,0,0,,,,0,0,0,1,0,0.0,0.0,0.0,0.0,0.0,0.0,0.0,0.0,0.0
20261001T114616Z-f7b52bbe,synthetic,b1_jsonld,syn-0001__field_reorder__02,html/syn-0001__field_reorder__02.html,,positive,True,5.0,2.0,0,5,2,1.0,0,2,5,0,2,5,0,2,5,synthetic,html/syn-0001__field_reorder__02.html,syn-0001__field_reorder__02.html,run-none6,synthetic-shop.local,D:\Pet_Codes\science\article-price-tracker\synthetic\html\syn-0001__field_reorder__02.html,https://synthetic-shop.local/search/syn-0010,https://synthetic-shop.local/search/syn-0010,,,,raw_html,,7927370bcc46699811ee4fcda7d587a354b5548b676ac9fb2a663a1e71bc5c21,,synthetic-shop.local,run-none6,,,ok,1.4337999746203423,17.27730012498796,0.6571998819708824,2,2,2,False,,,,5,0,0,,,,0,1,0,0,0,0.0,0.0,0.0,0.0,0.0,0.0,0.0,0.0,0.0
20261001T114616Z-f7b52bbe,synthetic,b1_jsonld,syn-0001__subtree_relocate__01,html/syn-0001__subtree_relocate__01.html,,positive,True,5.0,0.0,0,5,0,0.0,0,0,5,0,0,5,0,0,5,synthetic,html/syn-0001__subtree_relocate__01.html,syn-0001__subtree_relocate__01.html,run-none7,synthetic-shop.local,D:\Pet_Codes\science\article-price-tracker\synthetic\html\syn-0001__subtree_relocate__01.html,https://synthetic-shop.local/search/syn-0014,https://synthetic-shop.local/search/syn-0014,,,,raw_html,,57a6c499b71f1fed9b656ca3dc93812ec99843c979e5aafdfce412df22a995ed,,synthetic-shop.local,run-none7,,,ok,0.9352001361548901,5.421199835836887,1.0486999526619911,0,0,0,False,,,,5,0,0,,,,0,0,0,1,0,0.0,0.0,0.0,0.0,0.0,0.0,0.0,0.0,0.0
20261001T114616Z-f7b52bbe,synthetic,b1_jsonld,syn-0001__subtree_relocate__02,html/syn-0001__subtree_relocate__02.html,,positive,True,5.0,0.0,0,5,0,0.0,0,0,5,0,0,5,0,0,5,synthetic,html/syn-0001__subtree_relocate__02.html,syn-0001__subtree_relocate__02.html,run-none8,synthetic-shop.local,D:\Pet_Codes\science\article-price-tracker\synthetic\html\syn-0001__subtree_relocate__02.html,https://synthetic-shop.local/search/syn-0002,https://synthetic-shop.local/search/syn-0002,,,,raw_html,,4a42433359efc7f0a3b50139ba832915d8042a84559245e37b316d737617bd39,,synthetic-shop.local,run-none8,,,ok,1.8362000118941069,2.810500096529722,0.28540007770061493,0,0,0,False,,,,5,0,0,,,,0,0,0,1,0,0.0,0.0,0.0,0.0,0.0,0.0,0.0,0.0,0.0
20261001T114616Z-f7b52bbe,synthetic,b1_jsonld,syn-0001__wrapper_insert__01,html/syn-0001__wrapper_insert__01.html,,positive,True,5.0,0.0,0,5,0,0.0,0,0,5,0,0,5,0,0,5,synthetic,html/syn-0001__wrapper_insert__01.html,syn-0001__wrapper_insert__01.html,run-none9,synthetic-shop.local,D:\Pet_Codes\science\article-price-tracker\synthetic\html\syn-0001__wrapper_insert__01.html,https://synthetic-shop.local/search/syn-0017,https://synthetic-shop.local/search/syn-0017,,,,raw_html,,d92be45e929a8a64b051a01ec9ced8daf05771a7873070cf8c744e68d58fc424,,synthetic-shop.local,run-none9,,,ok,0.3869000356644392,1.984399976208806,0.40060002356767654,0,0,0,False,,,,5,0,0,,,,0,0,0,1,0,0.0,0.0,0.0,0.0,0.0,0.0,0.0,0.0,0.0
20261001T114616Z-f7b52bbe,synthetic,b1_jsonld,syn-0001__wrapper_insert__02,html/syn-0001__wrapper_insert__02.html,,positive,True,5.0,0.0,0,5,0,0.0,0,0,5,0,0,5,0,0,5,synthetic,html/syn-0001__wrapper_insert__02.html,syn-0001__wrapper_insert__02.html,run-none10,synthetic-shop.local,D:\Pet_Codes\science\article-price-tracker\synthetic\html\syn-0001__wrapper_insert__02.html,https://synthetic-shop.local/search/syn-0006,https://synthetic-shop.local/search/syn-0006,,,,raw_html,,02ab2f793d52d08f09f9a25fd0aeeffd477db6a90c77762c513f57627f14ef9e,,synthetic-shop.local,run-none10,,,ok,0.9200999047607183,1.5207999385893345,0.2578999847173691,0,0,0,False,,,,5,0,0,,,,0,0,0,1,0,0.0,0.0,0.0,0.0,0.0,0.0,0.0,0.0,0.0
20261001T114616Z-f7b52bbe,synthetic,b1_jsonld,syn-0001__wrapper_insert__03,html/syn-0001__wrapper_insert__03.html,,positive,True,5.0,0.0,0,5,0,0.0,0,0,5,0,0,5,0,0,5,synthetic,html/syn-0001__wrapper_insert__03.html,syn-0001__wrapper_insert__03.html,run-none11,synthetic-shop.local,D:\Pet_Codes\science\article-price-tracker\synthetic\html\syn-0001__wrapper_insert__03.html,https://synthetic-shop.local/search/syn-0014,https://synthetic-shop.local/search/syn-0014,,,,raw_html,,de70bd9ebffd506b1d980ee246a8c99e5b987581be3473752d334e81e062b2cd,,synthetic-shop.local,run-none11,,,ok,2.0137999672442675,2.3002000525593758,0.4626999143511057,0,0,0,False,,,,5,0,0,,,,0,0,0,1,0,0.0,0.0,0.0,0.0,0.0,0.0,0.0,0.0,0.0
20261001T114616Z-f7b52bbe,synthetic,b1_jsonld,syn-0002,html/syn-0002.html,,unannotated,False,,,0,0,0,,0,0,0,0,0,0,0,0,0,synthetic,html/syn-0002.html,syn-0002.html,run-none12,synthetic-shop.local,D:\Pet_Codes\science\article-price-tracker\synthetic\html\syn-0002.html,https://synthetic-shop.local/search/syn-0018,https://synthetic-shop.local/search/syn-0018,,,,raw_html,,bd41b7bb50eb5e91dfcc033bbd3f5f2b0b4e31ba5b40fd5ce1ce939709fc6070,,synthetic-shop.local,run-none12,,,ok,0.35089999437332153,2.4481001310050488,0.2703999634832144,0,0,0,False,,,,0,0,0,,,,0,0,0,0,0,,,,,,,,,
20261001T114616Z-f7b52bbe,synthetic,b1_jsonld,syn-0002__class_rename__01,html/syn-0002__class_rename__01.html,,positive,True,5.0,0.0,0,5,0,0.0,0,0,5,0,0,5,0,0,5,synthetic,html/syn-0002__class_rename__01.html,syn-0002__class_rename__01.html,run-none13,synthetic-shop.local,D:\Pet_Codes\science\article-price-tracker\synthetic\html\syn-0002__class_rename__01.html,https://synthetic-shop.local/search/syn-0004,https://synthetic-shop.local/search/syn-0004,,,,raw_html,,6617a7e417a88292e66fb5b2b7df3e522576a60496fa88b39bb091a862ba96bd,,synthetic-shop.local,run-none13,,,ok,0.8083998691290617,2.1478000562638044,0.2850000746548176,0,0,0,False,,,,5,0,0,,,,0,0,0,1,0,0.0,0.0,0.0,0.0,0.0,0.0,0.0,0.0,0.0
20261001T114616Z-f7b52bbe,synthetic,b1_jsonld,syn-0002__class_rename__02,html/syn-0002__class_rename__02.html,,positive,True,5.0,2.0,0,5,2,1.0,0,2,5,0,2,5,0,2,5,synthetic,html/syn-0002__class_rename__02.html,syn-0002__class_rename__02.html,run-none14,synthetic-shop.local,D:\Pet_Codes\science\article-price-tracker\synthetic\html\syn-0002__class_rename__02.html,https://synthetic-shop.local/search/syn-0020,https://synthetic-shop.local/search/syn-0020,,,,raw_html,,99afc8e7df94f653e30252072754eb666b119b47b4a80dcc4d752ad6051bf6a3,,synthetic-shop.local,run-none14,,,ok,0.7327999919652939,3.30400001257658,0.8234998676925898,2,2,2,False,,,,5,0,0,,,,0,1,0,0,0,0.0,0.0,0.0,0.0,0.0,0.0,0.0,0.0,0.0
20261001T114616Z-f7b52bbe,synthetic,b1_jsonld,syn-0002__class_rename__03,html/syn-0002__class_rename__03.html,,positive,True,5.0,0.0,0,5,0,0.0,0,0,5,0,0,5,0,0,5,synthetic,html/syn-0002__class_rename__03.html,syn-0002__class_rename__03.html,run-none15,synthetic-shop.local,D:\Pet_Codes\science\article-price-tracker\synthetic\html\syn-0002__class_rename__03.html,https://synthetic-shop.local/search/syn-0008,https://synthetic-shop.local/search/syn-0008,,,,raw_html,,6372243c9752f9e59fea4b0e74f29c698a8b9a198c5d204f5a88e9b154a72a92,,synthetic-shop.local,run-none15,,,ok,0.38100010715425014,2.7666999958455563,1.0082998778671026,0,0,0,False,,,,5,0,0,,,,0,0,0,1,0,0.0,0.0,0.0,0.0,0.0,0.0,0.0,0.0,0.0
20261001T114616Z-f7b52bbe,synthetic,b1_jsonld,syn-0002__field_reorder__01,html/syn-0002__field_reorder__01.html,,positive,True,5.0,0.0,0,5,0,0.0,0,0,5,0,0,5,0,0,5,synthetic,html/syn-0002__field_reorder__01.html,syn-0002__field_reorder__01.html,run-none16,synthetic-shop.local,D:\Pet_Codes\science\article-price-tracker\synthetic\html\syn-0002__field_reorder__01.html,https://synthetic-shop.local/search/syn-0002,https://synthetic-shop.local/search/syn-0002,,,,raw_html,,aa4953710e08c1f827fb4722d071f64b4fe73c9d2a9b9de6c455ef31a0ad54b2,,synthetic-shop.local,run-none16,,,ok,0.3722000401467085,2.2505000233650208,0.27709989808499813,0,0,0,False,,,,5,0,0,,,,0,0,0,1,0,0.0,0.0,0.0,0.0,0.0,0.0,0.0,0.0,0.0
20261001T114616Z-f7b52bbe,synthetic,b1_jsonld,syn-0002__field_reorder__02,html/syn-0002__field_reorder__02.html,,positive,True,5.0,0.0,0,5,0,0.0,0,0,5,0,0,5,0,0,5,synthetic,html/syn-0002__field_reorder__02.html,syn-0002__field_reorder__02.html,run-none17,synthetic-shop.local,D:\Pet_Codes\science\article-price-tracker\synthetic\html\syn-0002__field_reorder__02.html,https://synthetic-shop.local/search/syn-0009,https://synthetic-shop.local/search/syn-0009,,,,raw_html,,938c61ae6fdb8a6ba78fb315e99b420f79286b395aaf1ff7dc569bfdc6f8e26f,,synthetic-shop.local,run-none17,,,ok,0.6201001815497875,3.504500025883317,0.38979994133114815,0,0,0,False,,,,5,0,0,,,,0,0,0,1,0,0.0,0.0,0.0,0.0,0.0,0.0,0.0,0.0,0.0
20261001T114616Z-f7b52bbe,synthetic,b1_jsonld,syn-0002__subtree_relocate__01,html/syn-0002__subtree_relocate__01.html,,positive,True,5.0,0.0,0,5,0,0.0,0,0,5,0,0,5,0,0,5,synthetic,html/syn-0002__subtree_relocate__01.html,syn-0002__subtree_relocate__01.html,run-none18,synthetic-shop.local,D:\Pet_Codes\science\article-price-tracker\synthetic\html\syn-0002__subtree_relocate__01.html,https://synthetic-shop.local/search/syn-0004,https://synthetic-shop.local/search/syn-0004,,,,raw_html,,a79e2081fba554971a631f8e708f336fb76b9066284df2216a0b850011a612b5,,synthetic-shop.local,run-none18,,,ok,0.38119987584650517,3.135700011625886,0.28099981136620045,0,0,0,False,,,,5,0,0,,,,0,0,0,1,0,0.0,0.0,0.0,0.0,0.0,0.0,0.0,0.0,0.0
20261001T114616Z-f7b52bbe,synthetic,b1_jsonld,syn-0002__subtree_relocate__02,html/syn-0002__subtree_relocate__02.html,,positive,True,5.0,0.0,0,5,0,0.0,0,0,5,0,0,5,0,0,5,synthetic,html/syn-0002__subtree_relocate__02.html,syn-0002__subtree_relocate__02.html,run-none19,synthetic-shop.local,D:\Pet_Codes\science\article-price-tracker\synthetic\html\syn-0002__subtree_relocate__02.html,https://synthetic-shop.local/search/syn-0009,https://synthetic-shop.local/search/syn-0009,,,,raw_html,,a5b57d0c7a65ebcb0967bd491719060bcd873606bb0602888b314a0540b1e9a6,,synthetic-shop.local,run-none19,,,ok,0.3812001086771488,3.270799992606044,0.35799993202090263,0,0,0,False,,,,5,0,0,,,,0,0,0,1,0,0.0,0.0,0.0,0.0,0.0,0.0,0.0,0.0,0.0
20261001T114616Z-f7b52bbe,synthetic,b1_jsonld,syn-0002__wrapper_insert__01,html/syn-0002__wrapper_insert__01.html,,positive,True,5.0,0.0,0,5,0,0.0,0,0,5,0,0,5,0,0,5,synthetic,html/syn-0002__wrapper_insert__01.html,syn-0002__wrapper_insert__01.html,run-none20,synthetic-shop.local,D:\Pet_Codes\science\article-price-tracker\synthetic\html\syn-0002__wrapper_insert__01.html,https://synthetic-shop.local/search/syn-0003,https://synthetic-shop.local/search/syn-0003,,,,raw_html,,7569c5145e375beb7d20e5c2a36723a00a57266ed9f2cf61232a2510c8707eb1,,synthetic-shop.local,run-none20,,,ok,0.48919999971985817,2.053100150078535,0.4227999597787857,0,0,0,False,,,,5,0,0,,,,0,0,0,1,0,0.0,0.0,0.0,0.0,0.0,0.0,0.0,0.0,0.0
20261001T114616Z-f7b52bbe,synthetic,b1_jsonld,syn-0002__wrapper_insert__02,html/syn-0002__wrapper_insert__02.html,,positive,True,5.0,5.0,0,5,5,1.0,0,5,5,0,5,5,0,5,5,synthetic,html/syn-0002__wrapper_insert__02.html,syn-0002__wrapper_insert__02.html,run-none21,synthetic-shop.local,D:\Pet_Codes\science\article-price-tracker\synthetic\html\syn-0002__wrapper_insert__02.html,https://synthetic-shop.local/search/syn-0011,https://synthetic-shop.local/search/syn-0011,,,,raw_html,,e8b8e719c7e13acd8b4222841a84876eb0e1b1fedfd719c39163553482273e10,,synthetic-shop.local,run-none21,,,ok,0.7116999477148056,1.8937999848276377,0.8614000398665667,5,5,5,False,,,,5,0,0,,,,0,1,0,0,0,0.0,0.0,0.0,0.0,0.0,0.0,0.0,0.0,0.0
20261001T114616Z-f7b52bbe,synthetic,b1_jsonld,syn-0002__wrapper_insert__03,html/syn-0002__wrapper_insert__03.html,,positive,True,5.0,0.0,0,5,0,0.0,0,0,5,0,0,5,0,0,5,synthetic,html/syn-0002__wrapper_insert__03.html,syn-0002__wrapper_insert__03.html,run-none22,synthetic-shop.local,D:\Pet_Codes\science\article-price-tracker\synthetic\html\syn-0002__wrapper_insert__03.html,https://synthetic-shop.local/search/syn-0016,https://synthetic-shop.local/search/syn-0016,,,,raw_html,,b4abc998a0cc93c4de0dc35bda7aa250224a839d214dd5a7a8ce91a63bafb1b8,,synthetic-shop.local,run-none22,,,ok,1.4875999186187983,1.9706001039594412,0.3518001176416874,0,0,0,False,,,,5,0,0,,,,0,0,0,1,0,0.0,0.0,0.0,0.0,0.0,0.0,0.0,0.0,0.0
20261001T114616Z-f7b52bbe,synthetic,b1_jsonld,syn-0003,html/syn-0003.html,,unannotated,False,,,0,0,0,,0,0,0,0,0,0,0,0,0,synthetic,html/syn-0003.html,syn-0003.html,run-none23,synthetic-shop.local,D:\Pet_Codes\science\article-price-tracker\synthetic\html\syn-0003.html,https://synthetic-shop.local/search/syn-0009,https://synthetic-shop.local/search/syn-0009,,,,raw_html,,cd74ad50c209da1e63b8cf432203de06e9f766c9925f9cb93ba74aac26309e91,,synthetic-shop.local,run-none23,,,ok,0.34469994716346264,2.22280016168952,0.31509995460510254,0,0,0,False,,,,0,0,0,,,,0,0,0,0,0,,,,,,,,,
20261001T114616Z-f7b52bbe,synthetic,b1_jsonld,syn-0003__class_rename__01,html/syn-0003__class_rename__01.html,,positive,True,5.0,0.0,0,5,0,0.0,0,0,5,0,0,5,0,0,5,synthetic,html/syn-0003__class_rename__01.html,syn-0003__class_rename__01.html,run-none24,synthetic-shop.local,D:\Pet_Codes\science\article-price-tracker\synthetic\html\syn-0003__class_rename__01.html,https://synthetic-shop.local/search/syn-0005,https://synthetic-shop.local/search/syn-0005,,,,raw_html,,5755d1ce758ff49c84e492e0b261377373ec5604d3322a240bf4b43982c8956d,,synthetic-shop.local,run-none24,,,ok,0.4078000783920288,3.1153999734669924,0.30530011281371117,0,0,0,False,,,,5,0,0,,,,0,0,0,1,0,0.0,0.0,0.0,0.0,0.0,0.0,0.0,0.0,0.0
20261001T114616Z-f7b52bbe,synthetic,b1_jsonld,syn-0003__class_rename__02,html/syn-0003__class_rename__02.html,,positive,True,5.0,0.0,0,5,0,0.0,0,0,5,0,0,5,0,0,5,synthetic,html/syn-0003__class_rename__02.html,syn-0003__class_rename__02.html,run-none25,synthetic-shop.local,D:\Pet_Codes\science\article-price-tracker\synthetic\html\syn-0003__class_rename__02.html,https://synthetic-shop.local/search/syn-0018,https://synthetic-shop.local/search/syn-0018,,,,raw_html,,5c30f8655459764a294619131d3219f616c81be35c54a3a9237846bcf03b5866,,synthetic-shop.local,run-none25,,,ok,0.33270008862018585,1.9833999685943127,0.2756998874247074,0,0,0,False,,,,5,0,0,,,,0,0,0,1,0,0.0,0.0,0.0,0.0,0.0,0.0,0.0,0.0,0.0
20261001T114616Z-f7b52bbe,synthetic,b1_jsonld,syn-0003__class_rename__03,html/syn-0003__class_rename__03.html,,positive,True,5.0,5.0,0,5,5,1.0,0,5,5,0,5,5,0,5,5,synthetic,html/syn-0003__class_rename__03.html,syn-0003__class_rename__03.html,run-none26,synthetic-shop.local,D:\Pet_Codes\science\article-price-tracker\synthetic\html\syn-0003__class_rename__03.html,https://synthetic-shop.local/search/syn-0011,https://synthetic-shop.local/search/syn-0011,,,,raw_html,,a13c0e36ac8ec633acd8280546322b540563a8a9899128e945b305c2ac78ccc6,,synthetic-shop.local,run-none26,,,ok,0.3044998738914728,1.6517001204192638,0.5777000915259123,5,5,5,False,,,,5,0,0,,,,0,1,0,0,0,0.0,0.0,0.0,0.0,0.0,0.0,0.0,0.0,0.0
20261001T114616Z-f7b52bbe,synthetic,b1_jsonld,syn-0003__field_reorder__01,html/syn-0003__field_reorder__01.html,,positive,True,5.0,0.0,0,5,0,0.0,0,0,5,0,0,5,0,0,5,synthetic,html/syn-0003__field_reorder__01.html,syn-0003__field_reorder__01.html,run-none27,synthetic-shop.local,D:\Pet_Codes\science\article-price-tracker\synthetic\html\syn-0003__field_reorder__01.html,https://synthetic-shop.local/search/syn-0006,https://synthetic-shop.local/search/syn-0006,,,,raw_html,,00a060cc2fbbf98d97ebda388116279d78ce6cc3525a4a2396345c311e97f657,,synthetic-shop.local,run-none27,,,ok,0.3418000414967537,2.480400027707219,0.7446999661624432,0,0,0,False,,,,5,0,0,,,,0,0,0,1,0,0.0,0.0,0.0,0.0,0.0,0.0,0.0,0.0,0.0
20261001T114616Z-f7b52bbe,synthetic,b1_jsonld,syn-0003__field_reorder__02,html/syn-0003__field_reorder__02.html,,positive,True,5.0,5.0,0,5,5,1.0,0,5,5,0,5,5,0,5,5,synthetic,html/syn-0003__field_reorder__02.html,syn-0003__field_reorder__02.html,run-none28,synthetic-shop.local,D:\Pet_Codes\science\article-price-tracker\synthetic\html\syn-0003__field_reorder__02.html,https://synthetic-shop.local/search/syn-0001,https://synthetic-shop.local/search/syn-0001,,,,raw_html,,b8f03e4b226e7d2398f549f0396431110d54bddafe42aeaa0f0f9c2d3f045e3d,,synthetic-shop.local,run-none28,,,ok,0.5182998720556498,1.976700033992529,0.6554999854415655,5,5,5,False,,,,5,0,0,,,,0,1,0,0,0,0.0,0.0,0.0,0.0,0.0,0.0,0.0,0.0,0.0
20261001T114616Z-f7b52bbe,synthetic,b1_jsonld,syn-0003__subtree_relocate__01,html/syn-0003__subtree_relocate__01.html,,positive,True,5.0,0.0,0,5,0,0.0,0,0,5,0,0,5,0,0,5,synthetic,html/syn-0003__subtree_relocate__01.html,syn-0003__subtree_relocate__01.html,run-none29,synthetic-shop.local,D:\Pet_Codes\science\article-price-tracker\synthetic\html\syn-0003__subtree_relocate__01.html,https://synthetic-shop.local/search/syn-0016,https://synthetic-shop.local/search/syn-0016,,,,raw_html,,7fe7f639225bcb83dfbb968fe22a09093b1bc54ce14426b616f83baf250e88f4,,synthetic-shop.local,run-none29,,,ok,0.41069998405873775,1.513799885287881,0.2524999435991049,0,0,0,False,,,,5,0,0,,,,0,0,0,1,0,0.0,0.0,0.0,0.0,0.0,0.0,0.0,0.0,0.0
20261001T114616Z-f7b52bbe,synthetic,b1_jsonld,syn-0003__subtree_relocate__02,html/syn-0003__subtree_relocate__02.html,,positive,True,5.0,0.0,0,5,0,0.0,0,0,5,0,0,5,0,0,5,synthetic,html/syn-0003__subtree_relocate__02.html,syn-0003__subtree_relocate__02.html,run-none30,synthetic-shop.local,D:\Pet_Codes\science\article-price-tracker\synthetic\html\syn-0003__subtree_relocate__02.html,https://synthetic-shop.local/search/syn-0005,https://synthetic-shop.local/search/syn-0005,,,,raw_html,,30881b9b5a697a60cd11d1d83190b57fa150385587b5a9db3d93e99324970a97,,synthetic-shop.local,run-none30,,,ok,0.3660998772829771,5.416200030595064,0.3768999595195055,0,0,0,False,,,,5,0,0,,,,0,0,0,1,0,0.0,0.0,0.0,0.0,0.0,0.0,0.0,0.0,0.0
20261001T114616Z-f7b52bbe,synthetic,b1_jsonld,syn-0003__wrapper_insert__01,html/syn-0003__wrapper_insert__01.html,,positive,True,5.0,0.0,0,5,0,0.0,0,0,5,0,0,5,0,0,5,synthetic,html/syn-0003__wrapper_insert__01.html,syn-0003__wrapper_insert__01.html,run-none31,synthetic-shop.local,D:\Pet_Codes\science\article-price-tracker\synthetic\html\syn-0003__wrapper_insert__01.html,https://synthetic-shop.local/search/syn-0007,https://synthetic-shop.local/search/syn-0007,,,,raw_html,,f5a2136bf74e5e68776e140cd46a481e69a914d961f622d3927119fdb8d17bb4,,synthetic-shop.local,run-none31,,,ok,0.37150015123188496,4.765599966049194,0.3304998390376568,0,0,0,False,,,,5,0,0,,,,0,0,0,1,0,0.0,0.0,0.0,0.0,0.0,0.0,0.0,0.0,0.0
20261001T114616Z-f7b52bbe,synthetic,b1_jsonld,syn-0003__wrapper_insert__02,html/syn-0003__wrapper_insert__02.html,,positive,True,5.0,0.0,0,5,0,0.0,0,0,5,0,0,5,0,0,5,synthetic,html/syn-0003__wrapper_insert__02.html,syn-0003__wrapper_insert__02.html,run-none32,synthetic-shop.local,D:\Pet_Codes\science\article-price-tracker\synthetic\html\syn-0003__wrapper_insert__02.html,https://synthetic-shop.local/search/syn-0007,https://synthetic-shop.local/search/syn-0007,,,,raw_html,,c3ee3e4c676f216e75da7755b6ba88a3a868f943d5b614e7e088ae4384f0ffd1,,synthetic-shop.local,run-none32,,,ok,0.3605000674724579,1.6850000247359276,0.2484000287950039,0,0,0,False,,,,5,0,0,,,,0,0,0,1,0,0.0,0.0,0.0,0.0,0.0,0.0,0.0,0.0,0.0
20261001T114616Z-f7b52bbe,synthetic,b1_jsonld,syn-0003__wrapper_insert__03,html/syn-0003__wrapper_insert__03.html,,positive,True,5.0,0.0,0,5,0,0.0,0,0,5,0,0,5,0,0,5,synthetic,html/syn-0003__wrapper_insert__03.html,syn-0003__wrapper_insert__03.html,run-none33,synthetic-shop.local,D:\Pet_Codes\science\article-price-tracker\synthetic\html\syn-0003__wrapper_insert__03.html,https://synthetic-shop.local/search/syn-0016,https://synthetic-shop.local/search/syn-0016,,,,raw_html,,dafb734de8b3cd2a16db915ed9344835fbdc816a812845d495a950c4c636ab30,,synthetic-shop.local,run-none33,,,ok,0.3684000112116337,1.3729000929743052,0.25640008971095085,0,0,0,False,,,,5,0,0,,,,0,0,0,1,0,0.0,0.0,0.0,0.0,0.0,0.0,0.0,0.0,0.0
20261001T114616Z-f7b52bbe,synthetic,b1_jsonld,syn-0004,html/syn-0004.html,,unannotated,False,,,0,0,0,,0,0,0,0,0,0,0,0,0,synthetic,html/syn-0004.html,syn-0004.html,run-none34,synthetic-shop.local,D:\Pet_Codes\science\article-price-tracker\synthetic\html\syn-0004.html,https://synthetic-shop.local/search/syn-0016,https://synthetic-shop.local/search/syn-0016,,,,raw_html,,9f64af28cc7b2bf8d3a866c6def7e77a3fd33ee48d10a84ce4be9ec6cee97d9d,,synthetic-shop.local,run-none34,,,ok,0.6409999914467335,2.698400057852268,0.5093999207019806,0,0,0,False,,,,0,0,0,,,,0,0,0,0,0,,,,,,,,,
20261001T114616Z-f7b52bbe,synthetic,b1_jsonld,syn-0004__class_rename__01,html/syn-0004__class_rename__01.html,,positive,True,5.0,0.0,0,5,0,0.0,0,0,5,0,0,5,0,0,5,synthetic,html/syn-0004__class_rename__01.html,syn-0004__class_rename__01.html,run-none35,synthetic-shop.local,D:\Pet_Codes\science\article-price-tracker\synthetic\html\syn-0004__class_rename__01.html,https://synthetic-shop.local/search/syn-0018,https://synthetic-shop.local/search/syn-0018,,,,raw_html,,196a22dda137ced259252ab5ccb26a1d9a2080575992357f7aba98458328cc68,,synthetic-shop.local,run-none35,,,ok,0.5077000241726637,4.8651001416146755,3.6573000252246857,0,0,0,False,,,,5,0,0,,,,0,0,0,1,0,0.0,0.0,0.0,0.0,0.0,0.0,0.0,0.0,0.0
20261001T114616Z-f7b52bbe,synthetic,b1_jsonld,syn-0004__class_rename__02,html/syn-0004__class_rename__02.html,,positive,True,5.0,0.0,0,5,0,0.0,0,0,5,0,0,5,0,0,5,synthetic,html/syn-0004__class_rename__02.html,syn-0004__class_rename__02.html,run-none36,synthetic-shop.local,D:\Pet_Codes\science\article-price-tracker\synthetic\html\syn-0004__class_rename__02.html,https://synthetic-shop.local/search/syn-0014,https://synthetic-shop.local/search/syn-0014,,,,raw_html,,2744c67e82b162cc66147346451de46551c37ad46177ce1045157effcd7e6218,,synthetic-shop.local,run-none36,,,ok,0.3106000367552042,2.0121000707149506,0.3287999425083399,0,0,0,False,,,,5,0,0,,,,0,0,0,1,0,0.0,0.0,0.0,0.0,0.0,0.0,0.0,0.0,0.0
20261001T114616Z-f7b52bbe,synthetic,b1_jsonld,syn-0004__class_rename__03,html/syn-0004__class_rename__03.html,,positive,True,5.0,0.0,0,5,0,0.0,0,0,5,0,0,5,0,0,5,synthetic,html/syn-0004__class_rename__03.html,syn-0004__class_rename__03.html,run-none37,synthetic-shop.local,D:\Pet_Codes\science\article-price-tracker\synthetic\html\syn-0004__class_rename__03.html,https://synthetic-shop.local/search/syn-0017,https://synthetic-shop.local/search/syn-0017,,,,raw_html,,a45ec58b544f089d8ed7a8da2f6a0a5418e922fd918735631135cd5150120b0f,,synthetic-shop.local,run-none37,,,ok,0.5439999513328075,2.652199938893318,0.3111001569777727,0,0,0,False,,,,5,0,0,,,,0,0,0,1,0,0.0,0.0,0.0,0.0,0.0,0.0,0.0,0.0,0.0
20261001T114616Z-f7b52bbe,synthetic,b1_jsonld,syn-0004__field_reorder__01,html/syn-0004__field_reorder__01.html,,positive,True,5.0,0.0,0,5,0,0.0,0,0,5,0,0,5,0,0,5,synthetic,html/syn-0004__field_reorder__01.html,syn-0004__field_reorder__01.html,run-none38,synthetic-shop.local,D:\Pet_Codes\science\article-price-tracker\synthetic\html\syn-0004__field_reorder__01.html,https://synthetic-shop.local/search/syn-0019,https://synthetic-shop.local/search/syn-0019,,,,raw_html,,19e49cf3671724b2a3a69123c3c1c8477a718a04efbdc5a94362e6e3d8ba2a5b,,synthetic-shop.local,run-none38,,,ok,0.2856999635696411,2.414899878203869,0.3706000279635191,0,0,0,False,,,,5,0,0,,,,0,0,0,1,0,0.0,0.0,0.0,0.0,0.0,0.0,0.0,0.0,0.0
20261001T114616Z-f7b52bbe,synthetic,b1_jsonld,syn-0004__field_reorder__02,html/syn-0004__field_reorder__02.html,,positive,True,5.0,0.0,0,5,0,0.0,0,0,5,0,0,5,0,0,5,synthetic,html/syn-0004__field_reorder__02.html,syn-0004__field_reorder__02.html,run-none39,synthetic-shop.local,D:\Pet_Codes\science\article-price-tracker\synthetic\html\syn-0004__field_reorder__02.html,https://synthetic-shop.local/search/syn-0006,https://synthetic-shop.local/search/syn-0006,,,,raw_html,,8e22cd3a0d04b3e5cb4582c9f21e7cc6db4d7cc3e5d2870afc08033a3307ce90,,synthetic-shop.local,run-none39,,,ok,0.4470997955650091,2.0256999414414167,0.4189999308437109,0,0,0,False,,,,5,0,0,,,,0,0,0,1,0,0.0,0.0,0.0,0.0,0.0,0.0,0.0,0.0,0.0
20261001T114616Z-f7b52bbe,synthetic,b1_jsonld,syn-0004__subtree_relocate__01,html/syn-0004__subtree_relocate__01.html,,positive,True,5.0,0.0,0,5,0,0.0,0,0,5,0,0,5,0,0,5,synthetic,html/syn-0004__subtree_relocate__01.html,syn-0004__subtree_relocate__01.html,run-none40,synthetic-shop.local,D:\Pet_Codes\science\article-price-tracker\synthetic\html\syn-0004__subtree_relocate__01.html,https://synthetic-shop.local/search/syn-0002,https://synthetic-shop.local/search/syn-0002,,,,raw_html,,bfa6313db6b1bb78bcb96bf70be7d5ea8f00a01bf5019cb2b4d4f5305622069e,,synthetic-shop.local,run-none40,,,ok,0.3761998377740383,2.8119999915361404,0.48539997078478336,0,0,0,False,,,,5,0,0,,,,0,0,0,1,0,0.0,0.0,0.0,0.0,0.0,0.0,0.0,0.0,0.0
20261001T114616Z-f7b52bbe,synthetic,b1_jsonld,syn-0004__subtree_relocate__02,html/syn-0004__subtree_relocate__02.html,,positive,True,5.0,0.0,0,5,0,0.0,0,0,5,0,0,5,0,0,5,synthetic,html/syn-0004__subtree_relocate__02.html,syn-0004__subtree_relocate__02.html,run-none41,synthetic-shop.local,D:\Pet_Codes\science\article-price-tracker\synthetic\html\syn-0004__subtree_relocate__02.html,https://synthetic-shop.local/search/syn-0015,https://synthetic-shop.local/search/syn-0015,,,,raw_html,,fef21c8c32b2ec2350678a7feebec596d92a2e1c123cb54a0f1e897a4ab32730,,synthetic-shop.local,run-none41,,,ok,0.45960000716149807,3.4846998751163483,0.313800061121583,0,0,0,False,,,,5,0,0,,,,0,0,0,1,0,0.0,0.0,0.0,0.0,0.0,0.0,0.0,0.0,0.0
20261001T114616Z-f7b52bbe,synthetic,b1_jsonld,syn-0004__wrapper_insert__01,html/syn-0004__wrapper_insert__01.html,,positive,True,5.0,0.0,0,5,0,0.0,0,0,5,0,0,5,0,0,5,synthetic,html/syn-0004__wrapper_insert__01.html,syn-0004__wrapper_insert__01.html,run-none42,synthetic-shop.local,D:\Pet_Codes\science\article-price-tracker\synthetic\html\syn-0004__wrapper_insert__01.html,https://synthetic-shop.local/search/syn-0014,https://synthetic-shop.local/search/syn-0014,,,,raw_html,,905349dd277ab8fcdeab6107017c323ac7d42e40194f7990804d387308c44882,,synthetic-shop.local,run-none42,,,ok,2.126900013536215,3.84459993802011,0.5040999967604876,0,0,0,False,,,,5,0,0,,,,0,0,0,1,0,0.0,0.0,0.0,0.0,0.0,0.0,0.0,0.0,0.0
20261001T114616Z-f7b52bbe,synthetic,b1_jsonld,syn-0004__wrapper_insert__02,html/syn-0004__wrapper_insert__02.html,,positive,True,5.0,0.0,0,5,0,0.0,0,0,5,0,0,5,0,0,5,synthetic,html/syn-0004__wrapper_insert__02.html,syn-0004__wrapper_insert__02.html,run-none43,synthetic-shop.local,D:\Pet_Codes\science\article-price-tracker\synthetic\html\syn-0004__wrapper_insert__02.html,https://synthetic-shop.local/search/syn-0006,https://synthetic-shop.local/search/syn-0006,,,,raw_html,,fb7db2fd15ccfb0bf2f3755f66f13838cef5d5b27d117ad4a12a36409ae84316,,synthetic-shop.local,run-none43,,,ok,0.5538999103009701,2.8583998791873455,0.43249991722404957,0,0,0,False,,,,5,0,0,,,,0,0,0,1,0,0.0,0.0,0.0,0.0,0.0,0.0,0.0,0.0,0.0
20261001T114616Z-f7b52bbe,synthetic,b1_jsonld,syn-0004__wrapper_insert__03,html/syn-0004__wrapper_insert__03.html,,positive,True,5.0,0.0,0,5,0,0.0,0,0,5,0,0,5,0,0,5,synthetic,html/syn-0004__wrapper_insert__03.html,syn-0004__wrapper_insert__03.html,run-none44,synthetic-shop.local,D:\Pet_Codes\science\article-price-tracker\synthetic\html\syn-0004__wrapper_insert__03.html,https://synthetic-shop.local/search/syn-0006,https://synthetic-shop.local/search/syn-0006,,,,raw_html,,6bd7eb6b3d9818e0c56de1821ae7b1dbcdc177c7a77145825bc546a132c97f9d,,synthetic-shop.local,run-none44,,,ok,0.7115998305380344,5.545899970456958,0.5067999009042978,0,0,0,False,,,,5,0,0,,,,0,0,0,1,0,0.0,0.0,0.0,0.0,0.0,0.0,0.0,0.0,0.0
20261001T114616Z-f7b52bbe,synthetic,b1_jsonld,syn-0005,html/syn-0005.html,,unannotated,False,,,0,0,0,,0,0,0,0,0,0,0,0,0,synthetic,html/syn-0005.html,syn-0005.html,run-none45,synthetic-shop.local,D:\Pet_Codes\science\article-price-tracker\synthetic\html\syn-0005.html,https://synthetic-shop.local/search/syn-0001,https://synthetic-shop.local/search/syn-0001,,,,raw_html,,042bf11721a916f4b44823fa2c6e53c79792cdc67fd710d1a07a0d97015c13a2,,synthetic-shop.local,run-none45,,,ok,0.41440012864768505,2.5979001075029373,1.544599886983633,5,5,5,False,,,,0,0,0,,,,0,0,0,0,0,,,,,,,,,
20261001T114616Z-f7b52bbe,synthetic,b1_jsonld,syn-0005__class_rename__01,html/syn-0005__class_rename__01.html,,positive,True,5.0,0.0,0,5,0,0.0,0,0,5,0,0,5,0,0,5,synthetic,html/syn-0005__class_rename__01.html,syn-0005__class_rename__01.html,run-none46,synthetic-shop.local,D:\Pet_Codes\science\article-price-tracker\synthetic\html\syn-0005__class_rename__01.html,https://synthetic-shop.local/search/syn-0015,https://synthetic-shop.local/search/syn-0015,,,,raw_html,,e8fe4e0f8ccafd7d81b7e27ce2e1249e2f82907d0ace0c610a1d3b6d3b6f6be1,,synthetic-shop.local,run-none46,,,ok,0.6311999168246984,7.268700050190091,0.6043999455869198,0,0,0,False,,,,5,0,0,,,,0,0,0,1,0,0.0,0.0,0.0,0.0,0.0,0.0,0.0,0.0,0.0
20261001T114616Z-f7b52bbe,synthetic,b1_jsonld,syn-0005__class_rename__02,html/syn-0005__class_rename__02.html,,positive,True,5.0,0.0,0,5,0,0.0,0,0,5,0,0,5,0,0,5,synthetic,html/syn-0005__class_rename__02.html,syn-0005__class_rename__02.html,run-none47,synthetic-shop.local,D:\Pet_Codes\science\article-price-tracker\synthetic\html\syn-0005__class_rename__02.html,https://synthetic-shop.local/search/syn-0016,https://synthetic-shop.local/search/syn-0016,,,,raw_html,,e05e0e0f94065c20dfbf1791637b21e3776ab3846b5dfe79f82ef50cacf587b1,,synthetic-shop.local,run-none47,,,ok,0.2758998889476061,1.8265999387949705,0.3021999727934599,0,0,0,False,,,,5,0,0,,,,0,0,0,1,0,0.0,0.0,0.0,0.0,0.0,0.0,0.0,0.0,0.0
20261001T114616Z-f7b52bbe,synthetic,b1_jsonld,syn-0005__class_rename__03,html/syn-0005__class_rename__03.html,,positive,True,5.0,0.0,0,5,0,0.0,0,0,5,0,0,5,0,0,5,synthetic,html/syn-0005__class_rename__03.html,syn-0005__class_rename__03.html,run-none48,synthetic-shop.local,D:\Pet_Codes\science\article-price-tracker\synthetic\html\syn-0005__class_rename__03.html,https://synthetic-shop.local/search/syn-0015,https://synthetic-shop.local/search/syn-0015,,,,raw_html,,35b4323a8e77db3d0ad7501332f42b5ba34f42581112626c7815116b660f0cd6,,synthetic-shop.local,run-none48,,,ok,0.39309985004365444,5.8970998506993055,0.602399930357933,0,0,0,False,,,,5,0,0,,,,0,0,0,1,0,0.0,0.0,0.0,0.0,0.0,0.0,0.0,0.0,0.0
20261001T114616Z-f7b52bbe,synthetic,b1_jsonld,syn-0005__field_reorder__01,html/syn-0005__field_reorder__01.html,,positive,True,5.0,0.0,0,5,0,0.0,0,0,5,0,0,5,0,0,5,synthetic,html/syn-0005__field_reorder__01.html,syn-0005__field_reorder__01.html,run-none49,synthetic-shop.local,D:\Pet_Codes\science\article-price-tracker\synthetic\html\syn-0005__field_reorder__01.html,https://synthetic-shop.local/search/syn-0014,https://synthetic-shop.local/search/syn-0014,,,,raw_html,,6b381e9a9130add254ad19370bb6120dc5e89ba35743a923a2d4697d5da51eca,,synthetic-shop.local,run-none49,,,ok,0.5047998856753111,2.326000016182661,0.33829989843070507,0,0,0,False,,,,5,0,0,,,,0,0,0,1,0,0.0,0.0,0.0,0.0,0.0,0.0,0.0,0.0,0.0
20261001T114616Z-f7b52bbe,synthetic,b1_jsonld,syn-0005__field_reorder__02,html/syn-0005__field_reorder__02.html,,positive,True,5.0,0.0,0,5,0,0.0,0,0,5,0,0,5,0,0,5,synthetic,html/syn-0005__field_reorder__02.html,syn-0005__field_reorder__02.html,run-none50,synthetic-shop.local,D:\Pet_Codes\science\article-price-tracker\synthetic\html\syn-0005__field_reorder__02.html,https://synthetic-shop.local/search/syn-0014,https://synthetic-shop.local/search/syn-0014,,,,raw_html,,7dd831de3e66dea59732995368c654a1f7f92eb697ca6acc4c4ff35da93d79cf,,synthetic-shop.local,run-none50,,,ok,0.30610011890530586,2.7252999134361744,0.2802000381052494,0,0,0,False,,,,5,0,0,,,,0,0,0,1,0,0.0,0.0,0.0,0.0,0.0,0.0,0.0,0.0,0.0
20261001T114616Z-f7b52bbe,synthetic,b1_jsonld,syn-0005__subtree_relocate__01,html/syn-0005__subtree_relocate__01.html,,positive,True,5.0,2.0,0,5,2,1.0,0,2,5,0,2,5,0,2,5,synthetic,html/syn-0005__subtree_relocate__01.html,syn-0005__subtree_relocate__01.html,run-none51,synthetic-shop.local,D:\Pet_Codes\science\article-price-tracker\synthetic\html\syn-0005__subtree_relocate__01.html,https://synthetic-shop.local/search/syn-0020,https://synthetic-shop.local/search/syn-0020,,,,raw_html,,0708b74c4f6c3f2b6a3204f69ae46bf6704b1ae3b21438ed76ec8cef6c7ff671,,synthetic-shop.local,run-none51,,,ok,0.7118999492377043,3.1262999400496483,0.7605000864714384,2,2,2,False,,,,5,0,0,,,,0,1,0,0,0,0.0,0.0,0.0,0.0,0.0,0.0,0.0,0.0,0.0
20261001T114616Z-f7b52bbe,synthetic,b1_jsonld,syn-0005__subtree_relocate__02,html/syn-0005__subtree_relocate__02.html,,positive,True,5.0,0.0,0,5,0,0.0,0,0,5,0,0,5,0,0,5,synthetic,html/syn-0005__subtree_relocate__02.html,syn-0005__subtree_relocate__02.html,run-none52,synthetic-shop.local,D:\Pet_Codes\science\article-price-tracker\synthetic\html\syn-0005__subtree_relocate__02.html,https://synthetic-shop.local/search/syn-0005,https://synthetic-shop.local/search/syn-0005,,,,raw_html,,c73c329a007a425997a4f386c8b3077500057191aa8b2621d71006b565710186,,synthetic-shop.local,run-none52,,,ok,0.7378000300377607,2.713599940761924,0.999300042167306,0,0,0,False,,,,5,0,0,,,,0,0,0,1,0,0.0,0.0,0.0,0.0,0.0,0.0,0.0,0.0,0.0
20261001T114616Z-f7b52bbe,synthetic,b1_jsonld,syn-0005__wrapper_insert__01,html/syn-0005__wrapper_insert__01.html,,positive,True,5.0,0.0,0,5,0,0.0,0,0,5,0,0,5,0,0,5,synthetic,html/syn-0005__wrapper_insert__01.html,syn-0005__wrapper_insert__01.html,run-none53,synthetic-shop.local,D:\Pet_Codes\science\article-price-tracker\synthetic\html\syn-0005__wrapper_insert__01.html,https://synthetic-shop.local/search/syn-0007,https://synthetic-shop.local/search/syn-0007,,,,raw_html,,4ae24b60afd5bee3fa6c96b2cd737665bcba248fdd87b12e0c9f60eb3b614cb7,,synthetic-shop.local,run-none53,,,ok,0.6336001679301262,3.360399976372719,0.35779993049800396,0,0,0,False,,,,5,0,0,,,,0,0,0,1,0,0.0,0.0,0.0,0.0,0.0,0.0,0.0,0.0,0.0
20261001T114616Z-f7b52bbe,synthetic,b1_jsonld,syn-0005__wrapper_insert__02,html/syn-0005__wrapper_insert__02.html,,positive,True,5.0,2.0,0,5,2,1.0,0,2,5,0,2,5,0,2,5,synthetic,html/syn-0005__wrapper_insert__02.html,syn-0005__wrapper_insert__02.html,run-none54,synthetic-shop.local,D:\Pet_Codes\science\article-price-tracker\synthetic\html\syn-0005__wrapper_insert__02.html,https://synthetic-shop.local/search/syn-0020,https://synthetic-shop.local/search/syn-0020,,,,raw_html,,8cf76dd7b3e751753c6233e4e483b56223fbe2fb8e5ecbb0bc3a20cf0184059c,,synthetic-shop.local,run-none54,,,ok,0.4070000723004341,2.3006999399513006,0.4935001488775015,2,2,2,False,,,,5,0,0,,,,0,1,0,0,0,0.0,0.0,0.0,0.0,0.0,0.0,0.0,0.0,0.0
20261001T114616Z-f7b52bbe,synthetic,b1_jsonld,syn-0005__wrapper_insert__03,html/syn-0005__wrapper_insert__03.html,,positive,True,5.0,0.0,0,5,0,0.0,0,0,5,0,0,5,0,0,5,synthetic,html/syn-0005__wrapper_insert__03.html,syn-0005__wrapper_insert__03.html,run-none55,synthetic-shop.local,D:\Pet_Codes\science\article-price-tracker\synthetic\html\syn-0005__wrapper_insert__03.html,https://synthetic-shop.local/search/syn-0019,https://synthetic-shop.local/search/syn-0019,,,,raw_html,,1b68b76413cda758a9b7e08dd9338b316b8272907251f0b6d7460cf0a2fa75f0,,synthetic-shop.local,run-none55,,,ok,0.41550002060830593,3.6196999717503786,0.408099964261055,0,0,0,False,,,,5,0,0,,,,0,0,0,1,0,0.0,0.0,0.0,0.0,0.0,0.0,0.0,0.0,0.0
20261001T114616Z-f7b52bbe,synthetic,b1_jsonld,syn-0006,html/syn-0006.html,,unannotated,False,,,0,0,0,,0,0,0,0,0,0,0,0,0,synthetic,html/syn-0006.html,syn-0006.html,run-none56,synthetic-shop.local,D:\Pet_Codes\science\article-price-tracker\synthetic\html\syn-0006.html,https://synthetic-shop.local/search/syn-0002,https://synthetic-shop.local/search/syn-0002,,,,raw_html,,17171cd5fe8f684dba19ad574d83e75a9d92bf472d8e400e664e4d468aaab34e,,synthetic-shop.local,run-none56,,,ok,0.34300005063414574,1.8390000332146883,0.2669999375939369,0,0,0,False,,,,0,0,0,,,,0,0,0,0,0,,,,,,,,,
20261001T114616Z-f7b52bbe,synthetic,b1_jsonld,syn-0006__class_rename__01,html/syn-0006__class_rename__01.html,,positive,True,5.0,0.0,0,5,0,0.0,0,0,5,0,0,5,0,0,5,synthetic,html/syn-0006__class_rename__01.html,syn-0006__class_rename__01.html,run-none57,synthetic-shop.local,D:\Pet_Codes\science\article-price-tracker\synthetic\html\syn-0006__class_rename__01.html,https://synthetic-shop.local/search/syn-0006,https://synthetic-shop.local/search/syn-0006,,,,raw_html,,725b0b7b27c761ae4a1b45e2ce814c9fd0f42acd0cb48b7c9458ac537981a6aa,,synthetic-shop.local,run-none57,,,ok,0.28909998945891857,1.9203000701963902,0.3066000062972307,0,0,0,False,,,,5,0,0,,,,0,0,0,1,0,0.0,0.0,0.0,0.0,0.0,0.0,0.0,0.0,0.0
20261001T114616Z-f7b52bbe,synthetic,b1_jsonld,syn-0006__class_rename__02,html/syn-0006__class_rename__02.html,,positive,True,5.0,0.0,0,5,0,0.0,0,0,5,0,0,5,0,0,5,synthetic,html/syn-0006__class_rename__02.html,syn-0006__class_rename__02.html,run-none58,synthetic-shop.local,D:\Pet_Codes\science\article-price-tracker\synthetic\html\syn-0006__class_rename__02.html,https://synthetic-shop.local/search/syn-0019,https://synthetic-shop.local/search/syn-0019,,,,raw_html,,6cede32d9868949a164a2f2d96418dcf381ba930abb9be44db3b2b827cabf99e,,synthetic-shop.local,run-none58,,,ok,0.43940008617937565,2.4645000230520964,0.3481998573988676,0,0,0,False,,,,5,0,0,,,,0,0,0,1,0,0.0,0.0,0.0,0.0,0.0,0.0,0.0,0.0,0.0
20261001T114616Z-f7b52bbe,synthetic,b1_jsonld,syn-0006__class_rename__03,html/syn-0006__class_rename__03.html,,positive,True,5.0,0.0,0,5,0,0.0,0,0,5,0,0,5,0,0,5,synthetic,html/syn-0006__class_rename__03.html,syn-0006__class_rename__03.html,run-none59,synthetic-shop.local,D:\Pet_Codes\science\article-price-tracker\synthetic\html\syn-0006__class_rename__03.html,https://synthetic-shop.local/search/syn-0018,https://synthetic-shop.local/search/syn-0018,,,,raw_html,,48d6aeb6ee8b9c1bb67c08ba80b25901c90a8d9bf665e516dab848e0aab8211f,,synthetic-shop.local,run-none59,,,ok,0.3279999364167452,2.2218001540750265,0.6786000449210405,0,0,0,False,,,,5,0,0,,,,0,0,0,1,0,0.0,0.0,0.0,0.0,0.0,0.0,0.0,0.0,0.0
20261001T114616Z-f7b52bbe,synthetic,b1_jsonld,syn-0006__field_reorder__01,html/syn-0006__field_reorder__01.html,,positive,True,5.0,0.0,0,5,0,0.0,0,0,5,0,0,5,0,0,5,synthetic,html/syn-0006__field_reorder__01.html,syn-0006__field_reorder__01.html,run-none60,synthetic-shop.local,D:\Pet_Codes\science\article-price-tracker\synthetic\html\syn-0006__field_reorder__01.html,https://synthetic-shop.local/search/syn-0012,https://synthetic-shop.local/search/syn-0012,,,,raw_html,,5b9594ababd696369179c917aac0f6a7b66b2c8dcc51fdf782ea53d80d00492b,,synthetic-shop.local,run-none60,,,ok,0.34309993498027325,2.3562998976558447,0.4979001823812723,0,0,0,False,,,,5,0,0,,,,0,0,0,1,0,0.0,0.0,0.0,0.0,0.0,0.0,0.0,0.0,0.0
20261001T114616Z-f7b52bbe,synthetic,b1_jsonld,syn-0006__field_reorder__02,html/syn-0006__field_reorder__02.html,,positive,True,5.0,2.0,0,5,2,1.0,0,2,5,0,2,5,0,2,5,synthetic,html/syn-0006__field_reorder__02.html,syn-0006__field_reorder__02.html,run-none61,synthetic-shop.local,D:\Pet_Codes\science\article-price-tracker\synthetic\html\syn-0006__field_reorder__02.html,https://synthetic-shop.local/search/syn-0020,https://synthetic-shop.local/search/syn-0020,,,,raw_html,,ca6d90cd22818896ce9f352fde1eed13e9926f921b07a4ab50a70b5976196968,,synthetic-shop.local,run-none61,,,ok,0.5356001202017069,6.24390016309917,0.7996000349521637,2,2,2,False,,,,5,0,0,,,,0,1,0,0,0,0.0,0.0,0.0,0.0,0.0,0.0,0.0,0.0,0.0
20261001T114616Z-f7b52bbe,synthetic,b1_jsonld,syn-0006__subtree_relocate__01,html/syn-0006__subtree_relocate__01.html,,positive,True,5.0,0.0,0,5,0,0.0,0,0,5,0,0,5,0,0,5,synthetic,html/syn-0006__subtree_relocate__01.html,syn-0006__subtree_relocate__01.html,run-none62,synthetic-shop.local,D:\Pet_Codes\science\article-price-tracker\synthetic\html\syn-0006__subtree_relocate__01.html,https://synthetic-shop.local/search/syn-0017,https://synthetic-shop.local/search/syn-0017,,,,raw_html,,61ebcb0f8cf4f38f2576077688f0e9a62309ccb91799bbe35747c71b413eb31a,,synthetic-shop.local,run-none62,,,ok,0.5958001129329205,2.488299971446395,0.42070006020367146,0,0,0,False,,,,5,0,0,,,,0,0,0,1,0,0.0,0.0,0.0,0.0,0.0,0.0,0.0,0.0,0.0
20261001T114616Z-f7b52bbe,synthetic,b1_jsonld,syn-0006__subtree_relocate__02,html/syn-0006__subtree_relocate__02.html,,positive,True,5.0,0.0,0,5,0,0.0,0,0,5,0,0,5,0,0,5,synthetic,html/syn-0006__subtree_relocate__02.html,syn-0006__subtree_relocate__02.html,run-none63,synthetic-shop.local,D:\Pet_Codes\science\article-price-tracker\synthetic\html\syn-0006__subtree_relocate__02.html,https://synthetic-shop.local/search/syn-0017,https://synthetic-shop.local/search/syn-0017,,,,raw_html,,b77e450361a6986f2e4a13d583389a9b03a33ded3bf549c23edd892267d1dc74,,synthetic-shop.local,run-none63,,,ok,0.6222999654710293,4.461199976503849,0.9494000114500523,0,0,0,False,,,,5,0,0,,,,0,0,0,1,0,0.0,0.0,0.0,0.0,0.0,0.0,0.0,0.0,0.0
20261001T114616Z-f7b52bbe,synthetic,b1_jsonld,syn-0006__wrapper_insert__01,html/syn-0006__wrapper_insert__01.html,,positive,True,5.0,0.0,0,5,0,0.0,0,0,5,0,0,5,0,0,5,synthetic,html/syn-0006__wrapper_insert__01.html,syn-0006__wrapper_insert__01.html,run-none64,synthetic-shop.local,D:\Pet_Codes\science\article-price-tracker\synthetic\html\syn-0006__wrapper_insert__01.html,https://synthetic-shop.local/search/syn-0005,https://synthetic-shop.local/search/syn-0005,,,,raw_html,,0c60d38a2bf57f9f02979dde6910f1f284688dbafc6ada5e67dfd2cb0a2c67ce,,synthetic-shop.local,run-none64,,,ok,0.4333001561462879,10.815600166097283,6.040400126948953,0,0,0,False,,,,5,0,0,,,,0,0,0,1,0,0.0,0.0,0.0,0.0,0.0,0.0,0.0,0.0,0.0
20261001T114616Z-f7b52bbe,synthetic,b1_jsonld,syn-0006__wrapper_insert__02,html/syn-0006__wrapper_insert__02.html,,positive,True,5.0,0.0,0,5,0,0.0,0,0,5,0,0,5,0,0,5,synthetic,html/syn-0006__wrapper_insert__02.html,syn-0006__wrapper_insert__02.html,run-none65,synthetic-shop.local,D:\Pet_Codes\science\article-price-tracker\synthetic\html\syn-0006__wrapper_insert__02.html,https://synthetic-shop.local/search/syn-0015,https://synthetic-shop.local/search/syn-0015,,,,raw_html,,29b10624195c17c19db7b160421bd2317f7b0747a51af6b803f5e846a74a1360,,synthetic-shop.local,run-none65,,,ok,0.8489000611007214,6.207500118762255,0.6716998759657145,0,0,0,False,,,,5,0,0,,,,0,0,0,1,0,0.0,0.0,0.0,0.0,0.0,0.0,0.0,0.0,0.0
20261001T114616Z-f7b52bbe,synthetic,b1_jsonld,syn-0006__wrapper_insert__03,html/syn-0006__wrapper_insert__03.html,,positive,True,5.0,0.0,0,5,0,0.0,0,0,5,0,0,5,0,0,5,synthetic,html/syn-0006__wrapper_insert__03.html,syn-0006__wrapper_insert__03.html,run-none66,synthetic-shop.local,D:\Pet_Codes\science\article-price-tracker\synthetic\html\syn-0006__wrapper_insert__03.html,https://synthetic-shop.local/search/syn-0006,https://synthetic-shop.local/search/syn-0006,,,,raw_html,,b3d3c2c21c7a27447325a5d6e791080d200b17a490519d9110c1f5c623689c4e,,synthetic-shop.local,run-none66,,,ok,0.4101002123206854,2.012799959629774,1.7548000905662775,0,0,0,False,,,,5,0,0,,,,0,0,0,1,0,0.0,0.0,0.0,0.0,0.0,0.0,0.0,0.0,0.0
20261001T114616Z-f7b52bbe,synthetic,b1_jsonld,syn-0007__class_rename__01,html/syn-0007__class_rename__01.html,,positive,True,5.0,0.0,0,5,0,0.0,0,0,5,0,0,5,0,0,5,synthetic,html/syn-0007__class_rename__01.html,syn-0007__class_rename__01.html,run-none67,synthetic-shop.local,D:\Pet_Codes\science\article-price-tracker\synthetic\html\syn-0007__class_rename__01.html,https://synthetic-shop.local/search/syn-0007,https://synthetic-shop.local/search/syn-0007,,,,raw_html,,4a458b078e48e7cfbcf5baa6c9fd3e1201eed8ada90a07f3adfff336545e4275,,synthetic-shop.local,run-none67,,,ok,0.7296998519450426,3.394200000911951,0.77629997394979,0,0,0,False,,,,5,0,0,,,,0,0,0,1,0,0.0,0.0,0.0,0.0,0.0,0.0,0.0,0.0,0.0
20261001T114616Z-f7b52bbe,synthetic,b1_jsonld,syn-0007__class_rename__02,html/syn-0007__class_rename__02.html,,positive,True,5.0,5.0,0,5,5,1.0,0,5,5,0,5,5,0,5,5,synthetic,html/syn-0007__class_rename__02.html,syn-0007__class_rename__02.html,run-none68,synthetic-shop.local,D:\Pet_Codes\science\article-price-tracker\synthetic\html\syn-0007__class_rename__02.html,https://synthetic-shop.local/search/syn-0001,https://synthetic-shop.local/search/syn-0001,,,,raw_html,,96d0682dfe3837926fba4433847b569bf174dfb9230d84a21199c96c05271285,,synthetic-shop.local,run-none68,,,ok,0.3867000341415405,2.282199915498495,4.697199910879135,5,5,5,False,,,,5,0,0,,,,0,1,0,0,0,0.0,0.0,0.0,0.0,0.0,0.0,0.0,0.0,0.0
20261001T114616Z-f7b52bbe,synthetic,b1_jsonld,syn-0007__class_rename__03,html/syn-0007__class_rename__03.html,,positive,True,5.0,0.0,0,5,0,0.0,0,0,5,0,0,5,0,0,5,synthetic,html/syn-0007__class_rename__03.html,syn-0007__class_rename__03.html,run-none69,synthetic-shop.local,D:\Pet_Codes\science\article-price-tracker\synthetic\html\syn-0007__class_rename__03.html,https://synthetic-shop.local/search/syn-0004,https://synthetic-shop.local/search/syn-0004,,,,raw_html,,f3f2aaae150e849c4990ed1628db2f1170470b2e576c53498e37e6ebfc5db290,,synthetic-shop.local,run-none69,,,ok,0.4561000969260931,2.6581999845802784,0.5342001095414162,0,0,0,False,,,,5,0,0,,,,0,0,0,1,0,0.0,0.0,0.0,0.0,0.0,0.0,0.0,0.0,0.0
20261001T114616Z-f7b52bbe,synthetic,b1_jsonld,syn-0007__field_reorder__01,html/syn-0007__field_reorder__01.html,,positive,True,5.0,5.0,0,5,5,1.0,0,5,5,0,5,5,0,5,5,synthetic,html/syn-0007__field_reorder__01.html,syn-0007__field_reorder__01.html,run-none70,synthetic-shop.local,D:\Pet_Codes\science\article-price-tracker\synthetic\html\syn-0007__field_reorder__01.html,https://synthetic-shop.local/search/syn-0001,https://synthetic-shop.local/search/syn-0001,,,,raw_html,,cbc5e0a3e3250402c17b9911013cd3f7c7d9c765031a82e8fe676d08e6e9f448,,synthetic-shop.local,run-none70,,,ok,0.5010000895708799,2.7369000017642975,1.391399884596467,5,5,5,False,,,,5,0,0,,,,0,1,0,0,0,0.0,0.0,0.0,0.0,0.0,0.0,0.0,0.0,0.0
20261001T114616Z-f7b52bbe,synthetic,b1_jsonld,syn-0007__field_reorder__02,html/syn-0007__field_reorder__02.html,,positive,True,5.0,0.0,0,5,0,0.0,0,0,5,0,0,5,0,0,5,synthetic,html/syn-0007__field_reorder__02.html,syn-0007__field_reorder__02.html,run-none71,synthetic-shop.local,D:\Pet_Codes\science\article-price-tracker\synthetic\html\syn-0007__field_reorder__02.html,https://synthetic-shop.local/search/syn-0008,https://synthetic-shop.local/search/syn-0008,,,,raw_html,,741a334c98a8c37a6e5a113d5ecb8919453337c9bbe2fdf90303d7644ccdb400,,synthetic-shop.local,run-none71,,,ok,0.4553999751806259,2.6047001592814922,2.6412999723106623,0,0,0,False,,,,5,0,0,,,,0,0,0,1,0,0.0,0.0,0.0,0.0,0.0,0.0,0.0,0.0,0.0
20261001T114616Z-f7b52bbe,synthetic,b1_jsonld,syn-0007__subtree_relocate__01,html/syn-0007__subtree_relocate__01.html,,positive,True,5.0,0.0,0,5,0,0.0,0,0,5,0,0,5,0,0,5,synthetic,html/syn-0007__subtree_relocate__01.html,syn-0007__subtree_relocate__01.html,run-none72,synthetic-shop.local,D:\Pet_Codes\science\article-price-tracker\synthetic\html\syn-0007__subtree_relocate__01.html,https://synthetic-shop.local/search/syn-0012,https://synthetic-shop.local/search/syn-0012,,,,raw_html,,caa300cdc2751d28bd81fa03af073c40e5ecd90ab1f671c712da97de4cd94dc7,,synthetic-shop.local,run-none72,,,ok,3.509699832648039,14.854000182822347,5.2773000206798315,0,0,0,False,,,,5,0,0,,,,0,0,0,1,0,0.0,0.0,0.0,0.0,0.0,0.0,0.0,0.0,0.0
20261001T114616Z-f7b52bbe,synthetic,b1_jsonld,syn-0007__subtree_relocate__02,html/syn-0007__subtree_relocate__02.html,,positive,True,5.0,2.0,0,5,2,1.0,0,2,5,0,2,5,0,2,5,synthetic,html/syn-0007__subtree_relocate__02.html,syn-0007__subtree_relocate__02.html,run-none73,synthetic-shop.local,D:\Pet_Codes\science\article-price-tracker\synthetic\html\syn-0007__subtree_relocate__02.html,https://synthetic-shop.local/search/syn-0020,https://synthetic-shop.local/search/syn-0020,,,,raw_html,,46d02aaa4163386d003100abd88d4ad9f54d8f5df5c4100fc8b97d4929e3a924,,synthetic-shop.local,run-none73,,,ok,0.34389994107186794,12.615300016477704,1.4716999139636755,2,2,2,False,,,,5,0,0,,,,0,1,0,0,0,0.0,0.0,0.0,0.0,0.0,0.0,0.0,0.0,0.0
20261001T114616Z-f7b52bbe,synthetic,b1_jsonld,syn-0007__wrapper_insert__01,html/syn-0007__wrapper_insert__01.html,,positive,True,5.0,0.0,0,5,0,0.0,0,0,5,0,0,5,0,0,5,synthetic,html/syn-0007__wrapper_insert__01.html,syn-0007__wrapper_insert__01.html,run-none74,synthetic-shop.local,D:\Pet_Codes\science\article-price-tracker\synthetic\html\syn-0007__wrapper_insert__01.html,https://synthetic-shop.local/search/syn-0013,https://synthetic-shop.local/search/syn-0013,,,,raw_html,,b3cc71ea0d611feee0048f9433b2106502c0833674b8bc7b9c97f7dd3f3c7427,,synthetic-shop.local,run-none74,,,ok,0.9208000265061855,5.66910021007061,0.5657000001519918,0,0,0,False,,,,5,0,0,,,,0,0,0,1,0,0.0,0.0,0.0,0.0,0.0,0.0,0.0,0.0,0.0
20261001T114616Z-f7b52bbe,synthetic,b1_jsonld,syn-0007__wrapper_insert__02,html/syn-0007__wrapper_insert__02.html,,positive,True,5.0,0.0,0,5,0,0.0,0,0,5,0,0,5,0,0,5,synthetic,html/syn-0007__wrapper_insert__02.html,syn-0007__wrapper_insert__02.html,run-none75,synthetic-shop.local,D:\Pet_Codes\science\article-price-tracker\synthetic\html\syn-0007__wrapper_insert__02.html,https://synthetic-shop.local/search/syn-0015,https://synthetic-shop.local/search/syn-0015,,,,raw_html,,561ac509bda63694631a62451085fa736ad2332c6084ff8e1b822e0cf8c1b2b4,,synthetic-shop.local,run-none75,,,ok,0.39379997178912163,2.7106001507490873,2.406100044026971,0,0,0,False,,,,5,0,0,,,,0,0,0,1,0,0.0,0.0,0.0,0.0,0.0,0.0,0.0,0.0,0.0
20261001T114616Z-f7b52bbe,synthetic,b1_jsonld,syn-0007__wrapper_insert__03,html/syn-0007__wrapper_insert__03.html,,positive,True,5.0,0.0,0,5,0,0.0,0,0,5,0,0,5,0,0,5,synthetic,html/syn-0007__wrapper_insert__03.html,syn-0007__wrapper_insert__03.html,run-none76,synthetic-shop.local,D:\Pet_Codes\science\article-price-tracker\synthetic\html\syn-0007__wrapper_insert__03.html,https://synthetic-shop.local/search/syn-0012,https://synthetic-shop.local/search/syn-0012,,,,raw_html,,381f9eafb180fd48fee9c4d48b10b56109af3b181a44015f405dc3416a21086a,,synthetic-shop.local,run-none76,,,ok,0.8227999787777662,3.1234000343829393,0.45529985800385475,0,0,0,False,,,,5,0,0,,,,0,0,0,1,0,0.0,0.0,0.0,0.0,0.0,0.0,0.0,0.0,0.0
20261001T114616Z-f7b52bbe,synthetic,b1_jsonld,syn-0008,html/syn-0008.html,,unannotated,False,,,0,0,0,,0,0,0,0,0,0,0,0,0,synthetic,html/syn-0008.html,syn-0008.html,run-none77,synthetic-shop.local,D:\Pet_Codes\science\article-price-tracker\synthetic\html\syn-0008.html,https://synthetic-shop.local/search/syn-0020,https://synthetic-shop.local/search/syn-0020,,,,raw_html,,85aedb3ad9545a37caa15a2b67f2f85b84c9c0ee549b7fa030def253f77f2c13,,synthetic-shop.local,run-none77,,,ok,0.5848000291734934,3.4181999508291483,0.7091001607477665,2,2,2,False,,,,0,0,0,,,,0,0,0,0,0,,,,,,,,,
20261001T114616Z-f7b52bbe,synthetic,b1_jsonld,syn-0008__class_rename__01,html/syn-0008__class_rename__01.html,,positive,True,5.0,0.0,0,5,0,0.0,0,0,5,0,0,5,0,0,5,synthetic,html/syn-0008__class_rename__01.html,syn-0008__class_rename__01.html,run-none78,synthetic-shop.local,D:\Pet_Codes\science\article-price-tracker\synthetic\html\syn-0008__class_rename__01.html,https://synthetic-shop.local/search/syn-0002,https://synthetic-shop.local/search/syn-0002,,,,raw_html,,abad8d23b8eaa1d5b46a9809be05e0925b8cb4fd69685870e5671bbe0bd5aef9,,synthetic-shop.local,run-none78,,,ok,0.697100069373846,2.34550004824996,0.3504001069813967,0,0,0,False,,,,5,0,0,,,,0,0,0,1,0,0.0,0.0,0.0,0.0,0.0,0.0,0.0,0.0,0.0
20261001T114616Z-f7b52bbe,synthetic,b1_jsonld,syn-0008__class_rename__02,html/syn-0008__class_rename__02.html,,positive,True,5.0,0.0,0,5,0,0.0,0,0,5,0,0,5,0,0,5,synthetic,html/syn-0008__class_rename__02.html,syn-0008__class_rename__02.html,run-none79,synthetic-shop.local,D:\Pet_Codes\science\article-price-tracker\synthetic\html\syn-0008__class_rename__02.html,https://synthetic-shop.local/search/syn-0004,https://synthetic-shop.local/search/syn-0004,,,,raw_html,,ac25ff1ac4ce347f1f8d5d6415c0923d78234f25b418eb014f1b1cd2c016a25e,,synthetic-shop.local,run-none79,,,ok,1.1593000963330269,4.6271998435258865,0.5761999636888504,0,0,0,False,,,,5,0,0,,,,0,0,0,1,0,0.0,0.0,0.0,0.0,0.0,0.0,0.0,0.0,0.0
20261001T114616Z-f7b52bbe,synthetic,b1_jsonld,syn-0008__class_rename__03,html/syn-0008__class_rename__03.html,,positive,True,5.0,0.0,0,5,0,0.0,0,0,5,0,0,5,0,0,5,synthetic,html/syn-0008__class_rename__03.html,syn-0008__class_rename__03.html,run-none80,synthetic-shop.local,D:\Pet_Codes\science\article-price-tracker\synthetic\html\syn-0008__class_rename__03.html,https://synthetic-shop.local/search/syn-0006,https://synthetic-shop.local/search/syn-0006,,,,raw_html,,99f59bc882717e2a433fb68d6d17daecde74d77a287e51aae3e85cd8f059db01,,synthetic-shop.local,run-none80,,,ok,0.7148999720811844,2.181099960580468,0.3176000900566578,0,0,0,False,,,,5,0,0,,,,0,0,0,1,0,0.0,0.0,0.0,0.0,0.0,0.0,0.0,0.0,0.0
20261001T114616Z-f7b52bbe,synthetic,b1_jsonld,syn-0008__field_reorder__01,html/syn-0008__field_reorder__01.html,,positive,True,5.0,0.0,0,5,0,0.0,0,0,5,0,0,5,0,0,5,synthetic,html/syn-0008__field_reorder__01.html,syn-0008__field_reorder__01.html,run-none81,synthetic-shop.local,D:\Pet_Codes\science\article-price-tracker\synthetic\html\syn-0008__field_reorder__01.html,https://synthetic-shop.local/search/syn-0016,https://synthetic-shop.local/search/syn-0016,,,,raw_html,,09857c61325abe21550adb7842fc321698deeab5aa614c0a282854077acdf9b4,,synthetic-shop.local,run-none81,,,ok,0.7899000775068998,2.5438000448048115,0.5207001231610775,0,0,0,False,,,,5,0,0,,,,0,0,0,1,0,0.0,0.0,0.0,0.0,0.0,0.0,0.0,0.0,0.0
20261001T114616Z-f7b52bbe,synthetic,b1_jsonld,syn-0008__field_reorder__02,html/syn-0008__field_reorder__02.html,,positive,True,5.0,5.0,0,5,5,1.0,0,5,5,0,5,5,0,5,5,synthetic,html/syn-0008__field_reorder__02.html,syn-0008__field_reorder__02.html,run-none82,synthetic-shop.local,D:\Pet_Codes\science\article-price-tracker\synthetic\html\syn-0008__field_reorder__02.html,https://synthetic-shop.local/search/syn-0001,https://synthetic-shop.local/search/syn-0001,,,,raw_html,,ca5f0739f1ff7633facad56dc8636f736093fecea01d17200e87dd98ae77c9b4,,synthetic-shop.local,run-none82,,,ok,0.856699887663126,3.140399930998683,1.1044000275433064,5,5,5,False,,,,5,0,0,,,,0,1,0,0,0,0.0,0.0,0.0,0.0,0.0,0.0,0.0,0.0,0.0
20261001T114616Z-f7b52bbe,synthetic,b1_jsonld,syn-0008__subtree_relocate__01,html/syn-0008__subtree_relocate__01.html,,positive,True,5.0,2.0,0,5,2,1.0,0,2,5,0,2,5,0,2,5,synthetic,html/syn-0008__subtree_relocate__01.html,syn-0008__subtree_relocate__01.html,run-none83,synthetic-shop.local,D:\Pet_Codes\science\article-price-tracker\synthetic\html\syn-0008__subtree_relocate__01.html,https://synthetic-shop.local/search/syn-0020,https://synthetic-shop.local/search/syn-0020,,,,raw_html,,9e6e1525559f19eaa83072719caf666db8948990e60911120ab5ee17b3389cc2,,synthetic-shop.local,run-none83,,,ok,0.7528997957706451,4.68830019235611,0.9598000906407833,2,2,2,False,,,,5,0,0,,,,0,1,0,0,0,0.0,0.0,0.0,0.0,0.0,0.0,0.0,0.0,0.0
20261001T114616Z-f7b52bbe,synthetic,b1_jsonld,syn-0008__subtree_relocate__02,html/syn-0008__subtree_relocate__02.html,,positive,True,5.0,0.0,0,5,0,0.0,0,0,5,0,0,5,0,0,5,synthetic,html/syn-0008__subtree_relocate__02.html,syn-0008__subtree_relocate__02.html,run-none84,synthetic-shop.local,D:\Pet_Codes\science\article-price-tracker\synthetic\html\syn-0008__subtree_relocate__02.html,https://synthetic-shop.local/search/syn-0019,https://synthetic-shop.local/search/syn-0019,,,,raw_html,,f2d7f56388963503957792f6cbdd31940ea3e213810046fb93b598a99c78c21e,,synthetic-shop.local,run-none84,,,ok,0.4734999965876341,3.28739988617599,0.40929997339844704,0,0,0,False,,,,5,0,0,,,,0,0,0,1,0,0.0,0.0,0.0,0.0,0.0,0.0,0.0,0.0,0.0
20261001T114616Z-f7b52bbe,synthetic,b1_jsonld,syn-0008__wrapper_insert__01,html/syn-0008__wrapper_insert__01.html,,positive,True,5.0,0.0,0,5,0,0.0,0,0,5,0,0,5,0,0,5,synthetic,html/syn-0008__wrapper_insert__01.html,syn-0008__wrapper_insert__01.html,run-none85,synthetic-shop.local,D:\Pet_Codes\science\article-price-tracker\synthetic\html\syn-0008__wrapper_insert__01.html,https://synthetic-shop.local/search/syn-0018,https://synthetic-shop.local/search/syn-0018,,,,raw_html,,24ec9d2c182c13bc5be521a10f9bdb334f38255185e46a59424a7b2c13fa2a16,,synthetic-shop.local,run-none85,,,ok,0.47850003466010094,2.0349000114947557,0.30259997583925724,0,0,0,False,,,,5,0,0,,,,0,0,0,1,0,0.0,0.0,0.0,0.0,0.0,0.0,0.0,0.0,0.0
20261001T114616Z-f7b52bbe,synthetic,b1_jsonld,syn-0008__wrapper_insert__02,html/syn-0008__wrapper_insert__02.html,,positive,True,5.0,0.0,0,5,0,0.0,0,0,5,0,0,5,0,0,5,synthetic,html/syn-0008__wrapper_insert__02.html,syn-0008__wrapper_insert__02.html,run-none86,synthetic-shop.local,D:\Pet_Codes\science\article-price-tracker\synthetic\html\syn-0008__wrapper_insert__02.html,https://synthetic-shop.local/search/syn-0003,https://synthetic-shop.local/search/syn-0003,,,,raw_html,,da76433c40a334d7e4329b9b3856c91fd446c6be834c7fd7a4fe05482a0ae987,,synthetic-shop.local,run-none86,,,ok,0.8906000293791294,2.2056999150663614,0.38679991848766804,0,0,0,False,,,,5,0,0,,,,0,0,0,1,0,0.0,0.0,0.0,0.0,0.0,0.0,0.0,0.0,0.0
20261001T114616Z-f7b52bbe,synthetic,b1_jsonld,syn-0008__wrapper_insert__03,html/syn-0008__wrapper_insert__03.html,,positive,True,5.0,0.0,0,5,0,0.0,0,0,5,0,0,5,0,0,5,synthetic,html/syn-0008__wrapper_insert__03.html,syn-0008__wrapper_insert__03.html,run-none87,synthetic-shop.local,D:\Pet_Codes\science\article-price-tracker\synthetic\html\syn-0008__wrapper_insert__03.html,https://synthetic-shop.local/search/syn-0006,https://synthetic-shop.local/search/syn-0006,,,,raw_html,,d8ccc8a7c5ee9dffd3743362965426cfcf3664bacd394bf325f7e16d4f2cef4a,,synthetic-shop.local,run-none87,,,ok,0.5148998461663723,1.6821001190692186,0.3168999683111906,0,0,0,False,,,,5,0,0,,,,0,0,0,1,0,0.0,0.0,0.0,0.0,0.0,0.0,0.0,0.0,0.0
20261001T114616Z-f7b52bbe,synthetic,b1_jsonld,syn-0009,html/syn-0009.html,,unannotated,False,,,0,0,0,,0,0,0,0,0,0,0,0,0,synthetic,html/syn-0009.html,syn-0009.html,run-none88,synthetic-shop.local,D:\Pet_Codes\science\article-price-tracker\synthetic\html\syn-0009.html,https://synthetic-shop.local/search/syn-0007,https://synthetic-shop.local/search/syn-0007,,,,raw_html,,c579269483f7ea8e2e5913c682f17dd9213c078160dd246a383e07d4ea7ba72b,,synthetic-shop.local,run-none88,,,ok,1.1928000021725893,2.5084998924285173,0.4382000770419836,0,0,0,False,,,,0,0,0,,,,0,0,0,0,0,,,,,,,,,
20261001T114616Z-f7b52bbe,synthetic,b1_jsonld,syn-0009__class_rename__01,html/syn-0009__class_rename__01.html,,positive,True,5.0,0.0,0,5,0,0.0,0,0,5,0,0,5,0,0,5,synthetic,html/syn-0009__class_rename__01.html,syn-0009__class_rename__01.html,run-none89,synthetic-shop.local,D:\Pet_Codes\science\article-price-tracker\synthetic\html\syn-0009__class_rename__01.html,https://synthetic-shop.local/search/syn-0018,https://synthetic-shop.local/search/syn-0018,,,,raw_html,,88725868f11a3e7230789621911197d469ba4174ee90a083941b34edd49f02bd,,synthetic-shop.local,run-none89,,,ok,0.9997999295592308,2.630299888551235,1.0083999950438738,0,0,0,False,,,,5,0,0,,,,0,0,0,1,0,0.0,0.0,0.0,0.0,0.0,0.0,0.0,0.0,0.0
20261001T114616Z-f7b52bbe,synthetic,b1_jsonld,syn-0009__class_rename__02,html/syn-0009__class_rename__02.html,,positive,True,5.0,0.0,0,5,0,0.0,0,0,5,0,0,5,0,0,5,synthetic,html/syn-0009__class_rename__02.html,syn-0009__class_rename__02.html,run-none90,synthetic-shop.local,D:\Pet_Codes\science\article-price-tracker\synthetic\html\syn-0009__class_rename__02.html,https://synthetic-shop.local/search/syn-0008,https://synthetic-shop.local/search/syn-0008,,,,raw_html,,6f03d5bcc9afe425450b09825f43a650a4543b00ecfd53723ad9989c23888407,,synthetic-shop.local,run-none90,,,ok,0.8425998967140913,2.98250000923872,0.33119996078312397,0,0,0,False,,,,5,0,0,,,,0,0,0,1,0,0.0,0.0,0.0,0.0,0.0,0.0,0.0,0.0,0.0
20261001T114616Z-f7b52bbe,synthetic,b1_jsonld,syn-0009__class_rename__03,html/syn-0009__class_rename__03.html,,positive,True,5.0,5.0,0,5,5,1.0,0,5,5,0,5,5,0,5,5,synthetic,html/syn-0009__class_rename__03.html,syn-0009__class_rename__03.html,run-none91,synthetic-shop.local,D:\Pet_Codes\science\article-price-tracker\synthetic\html\syn-0009__class_rename__03.html,https://synthetic-shop.local/search/syn-0001,https://synthetic-shop.local/search/syn-0001,,,,raw_html,,ad268f00ea6a5e0673a0a10c9871f58c22f814ce944d6fbcab6926e56a4d026b,,synthetic-shop.local,run-none91,,,ok,0.802700174972415,2.1614001598209143,0.8872998878359795,5,5,5,False,,,,5,0,0,,,,0,1,0,0,0,0.0,0.0,0.0,0.0,0.0,0.0,0.0,0.0,0.0
20261001T114616Z-f7b52bbe,synthetic,b1_jsonld,syn-0009__field_reorder__01,html/syn-0009__field_reorder__01.html,,positive,True,5.0,5.0,0,5,5,1.0,0,5,5,0,5,5,0,5,5,synthetic,html/syn-0009__field_reorder__01.html,syn-0009__field_reorder__01.html,run-none92,synthetic-shop.local,D:\Pet_Codes\science\article-price-tracker\synthetic\html\syn-0009__field_reorder__01.html,https://synthetic-shop.local/search/syn-0011,https://synthetic-shop.local/search/syn-0011,,,,raw_html,,dd89619d0032bf37b8f315bd0999d065d326c21cc9b87ba385e6f0d234b8654e,,synthetic-shop.local,run-none92,,,ok,0.49769994802773,2.752400003373623,0.7398000452667475,5,5,5,False,,,,5,0,0,,,,0,1,0,0,0,0.0,0.0,0.0,0.0,0.0,0.0,0.0,0.0,0.0
20261001T114616Z-f7b52bbe,synthetic,b1_jsonld,syn-0009__field_reorder__02,html/syn-0009__field_reorder__02.html,,positive,True,5.0,0.0,0,5,0,0.0,0,0,5,0,0,5,0,0,5,synthetic,html/syn-0009__field_reorder__02.html,syn-0009__field_reorder__02.html,run-none93,synthetic-shop.local,D:\Pet_Codes\science\article-price-tracker\synthetic\html\syn-0009__field_reorder__02.html,https://synthetic-shop.local/search/syn-0015,https://synthetic-shop.local/search/syn-0015,,,,raw_html,,aad90fb366841a3a1c3cd98e7690c45c58b79be689ee5fa38e9c28982265cf92,,synthetic-shop.local,run-none93,,,ok,0.7939999923110008,2.430099993944168,0.3541000187397003,0,0,0,False,,,,5,0,0,,,,0,0,0,1,0,0.0,0.0,0.0,0.0,0.0,0.0,0.0,0.0,0.0
20261001T114616Z-f7b52bbe,synthetic,b1_jsonld,syn-0009__subtree_relocate__01,html/syn-0009__subtree_relocate__01.html,,positive,True,5.0,0.0,0,5,0,0.0,0,0,5,0,0,5,0,0,5,synthetic,html/syn-0009__subtree_relocate__01.html,syn-0009__subtree_relocate__01.html,run-none94,synthetic-shop.local,D:\Pet_Codes\science\article-price-tracker\synthetic\html\syn-0009__subtree_relocate__01.html,https://synthetic-shop.local/search/syn-0002,https://synthetic-shop.local/search/syn-0002,,,,raw_html,,35189e9e47fd8b0791f435067bfa1f756e105f07c936067936d7acbb5cafcb99,,synthetic-shop.local,run-none94,,,ok,0.5518000107258558,2.2559999488294125,0.2785001415759325,0,0,0,False,,,,5,0,0,,,,0,0,0,1,0,0.0,0.0,0.0,0.0,0.0,0.0,0.0,0.0,0.0
20261001T114616Z-f7b52bbe,synthetic,b1_jsonld,syn-0009__subtree_relocate__02,html/syn-0009__subtree_relocate__02.html,,positive,True,5.0,5.0,0,5,5,1.0,0,5,5,0,5,5,0,5,5,synthetic,html/syn-0009__subtree_relocate__02.html,syn-0009__subtree_relocate__02.html,run-none95,synthetic-shop.local,D:\Pet_Codes\science\article-price-tracker\synthetic\html\syn-0009__subtree_relocate__02.html,https://synthetic-shop.local/search/syn-0011,https://synthetic-shop.local/search/syn-0011,,,,raw_html,,543f4bed297dbe6fa0c142344168b72fdf34afe16aef20aa58981c14e494a98d,,synthetic-shop.local,run-none95,,,ok,0.5135999526828527,1.8760999664664268,0.5676001310348511,5,5,5,False,,,,5,0,0,,,,0,1,0,0,0,0.0,0.0,0.0,0.0,0.0,0.0,0.0,0.0,0.0
20261001T114616Z-f7b52bbe,synthetic,b1_jsonld,syn-0009__wrapper_insert__01,html/syn-0009__wrapper_insert__01.html,,positive,True,5.0,0.0,0,5,0,0.0,0,0,5,0,0,5,0,0,5,synthetic,html/syn-0009__wrapper_insert__01.html,syn-0009__wrapper_insert__01.html,run-none96,synthetic-shop.local,D:\Pet_Codes\science\article-price-tracker\synthetic\html\syn-0009__wrapper_insert__01.html,https://synthetic-shop.local/search/syn-0012,https://synthetic-shop.local/search/syn-0012,,,,raw_html,,93d255878526f0b3a194348762f85f68f222cb1f33cb7ffa4af8bb89133280f9,,synthetic-shop.local,run-none96,,,ok,0.7072999142110348,2.10949988104403,0.2669000532478094,0,0,0,False,,,,5,0,0,,,,0,0,0,1,0,0.0,0.0,0.0,0.0,0.0,0.0,0.0,0.0,0.0
20261001T114616Z-f7b52bbe,synthetic,b1_jsonld,syn-0009__wrapper_insert__02,html/syn-0009__wrapper_insert__02.html,,positive,True,5.0,0.0,0,5,0,0.0,0,0,5,0,0,5,0,0,5,synthetic,html/syn-0009__wrapper_insert__02.html,syn-0009__wrapper_insert__02.html,run-none97,synthetic-shop.local,D:\Pet_Codes\science\article-price-tracker\synthetic\html\syn-0009__wrapper_insert__02.html,https://synthetic-shop.local/search/syn-0012,https://synthetic-shop.local/search/syn-0012,,,,raw_html,,3a436196ca22833c637542bc5c7fa494acb64fc716d6f0386173957eb8368447,,synthetic-shop.local,run-none97,,,ok,0.9084998164325953,2.7813001070171595,0.3790999762713909,0,0,0,False,,,,5,0,0,,,,0,0,0,1,0,0.0,0.0,0.0,0.0,0.0,0.0,0.0,0.0,0.0
20261001T114616Z-f7b52bbe,synthetic,b1_jsonld,syn-0009__wrapper_insert__03,html/syn-0009__wrapper_insert__03.html,,positive,True,5.0,0.0,0,5,0,0.0,0,0,5,0,0,5,0,0,5,synthetic,html/syn-0009__wrapper_insert__03.html,syn-0009__wrapper_insert__03.html,run-none98,synthetic-shop.local,D:\Pet_Codes\science\article-price-tracker\synthetic\html\syn-0009__wrapper_insert__03.html,https://synthetic-shop.local/search/syn-0004,https://synthetic-shop.local/search/syn-0004,,,,raw_html,,8f78c84b4dcea2ea94faf3d1b580968356c7f1f7336813264d843fe20eb8558f,,synthetic-shop.local,run-none98,,,ok,0.8181000594049692,5.218599922955036,0.5908000748604536,0,0,0,False,,,,5,0,0,,,,0,0,0,1,0,0.0,0.0,0.0,0.0,0.0,0.0,0.0,0.0,0.0
20261001T114616Z-f7b52bbe,synthetic,b1_jsonld,syn-0010,html/syn-0010.html,,unannotated,False,,,0,0,0,,0,0,0,0,0,0,0,0,0,synthetic,html/syn-0010.html,syn-0010.html,run-none99,synthetic-shop.local,D:\Pet_Codes\science\article-price-tracker\synthetic\html\syn-0010.html,https://synthetic-shop.local/search/syn-0017,https://synthetic-shop.local/search/syn-0017,,,,raw_html,,868e08818aa93ea36254f0981c9d22a965f12bc62a5d6b9c183210be8c4c64ee,,synthetic-shop.local,run-none99,,,ok,0.578099861741066,5.3310999646782875,0.28540007770061493,0,0,0,False,,,,0,0,0,,,,0,0,0,0,0,,,,,,,,,
20261001T114616Z-f7b52bbe,synthetic,b1_jsonld,syn-0010__class_rename__01,html/syn-0010__class_rename__01.html,,positive,True,5.0,0.0,0,5,0,0.0,0,0,5,0,0,5,0,0,5,synthetic,html/syn-0010__class_rename__01.html,syn-0010__class_rename__01.html,run-none100,synthetic-shop.local,D:\Pet_Codes\science\article-price-tracker\synthetic\html\syn-0010__class_rename__01.html,https://synthetic-shop.local/search/syn-0015,https://synthetic-shop.local/search/syn-0015,,,,raw_html,,2f9cfa32198568e93d2a29608a6b6908ab6708bdfb843f42473b75daa7a1fcf3,,synthetic-shop.local,run-none100,,,ok,0.6025999318808317,2.7719999197870493,0.3206999972462654,0,0,0,False,,,,5,0,0,,,,0,0,0,1,0,0.0,0.0,0.0,0.0,0.0,0.0,0.0,0.0,0.0
20261001T114616Z-f7b52bbe,synthetic,b1_jsonld,syn-0010__class_rename__02,html/syn-0010__class_rename__02.html,,positive,True,5.0,0.0,0,5,0,0.0,0,0,5,0,0,5,0,0,5,synthetic,html/syn-0010__class_rename__02.html,syn-0010__class_rename__02.html,run-none101,synthetic-shop.local,D:\Pet_Codes\science\article-price-tracker\synthetic\html\syn-0010__class_rename__02.html,https://synthetic-shop.local/search/syn-0006,https://synthetic-shop.local/search/syn-0006,,,,raw_html,,9b7b25c4281a844d83d16da90a89fbbe20097ece3cd07208317d741a79a41972,,synthetic-shop.local,run-none101,,,ok,0.8074999786913395,1.6385000199079514,0.2530999481678009,0,0,0,False,,,,5,0,0,,,,0,0,0,1,0,0.0,0.0,0.0,0.0,0.0,0.0,0.0,0.0,0.0
20261001T114616Z-f7b52bbe,synthetic,b1_jsonld,syn-0010__class_rename__03,html/syn-0010__class_rename__03.html,,positive,True,5.0,5.0,0,5,5,1.0,0,5,5,0,5,5,0,5,5,synthetic,html/syn-0010__class_rename__03.html,syn-0010__class_rename__03.html,run-none102,synthetic-shop.local,D:\Pet_Codes\science\article-price-tracker\synthetic\html\syn-0010__class_rename__03.html,https://synthetic-shop.local/search/syn-0011,https://synthetic-shop.local/search/syn-0011,,,,raw_html,,af1c606d7fb851987c6942f3c4ae4aeadcebe0bad5550b1b43ceb8ab3cd4af64,,synthetic-shop.local,run-none102,,,ok,0.5787999834865332,1.7896001227200031,0.5694001447409391,5,5,5,False,,,,5,0,0,,,,0,1,0,0,0,0.0,0.0,0.0,0.0,0.0,0.0,0.0,0.0,0.0
20261001T114616Z-f7b52bbe,synthetic,b1_jsonld,syn-0010__field_reorder__01,html/syn-0010__field_reorder__01.html,,positive,True,5.0,0.0,0,5,0,0.0,0,0,5,0,0,5,0,0,5,synthetic,html/syn-0010__field_reorder__01.html,syn-0010__field_reorder__01.html,run-none103,synthetic-shop.local,D:\Pet_Codes\science\article-price-tracker\synthetic\html\syn-0010__field_reorder__01.html,https://synthetic-shop.local/search/syn-0005,https://synthetic-shop.local/search/syn-0005,,,,raw_html,,e4b37c67cc66476706932e1c3474b625441a996f98497ea3ac3e1fe975ca3649,,synthetic-shop.local,run-none103,,,ok,0.5446998402476311,3.409299999475479,0.6262999959290028,0,0,0,False,,,,5,0,0,,,,0,0,0,1,0,0.0,0.0,0.0,0.0,0.0,0.0,0.0,0.0,0.0
20261001T114616Z-f7b52bbe,synthetic,b1_jsonld,syn-0010__field_reorder__02,html/syn-0010__field_reorder__02.html,,positive,True,5.0,5.0,0,5,5,1.0,0,5,5,0,5,5,0,5,5,synthetic,html/syn-0010__field_reorder__02.html,syn-0010__field_reorder__02.html,run-none104,synthetic-shop.local,D:\Pet_Codes\science\article-price-tracker\synthetic\html\syn-0010__field_reorder__02.html,https://synthetic-shop.local/search/syn-0001,https://synthetic-shop.local/search/syn-0001,,,,raw_html,,0218434f7f78fd6217ebe04a267f3f675b5b5197c5e363c0366bd7e70517251a,,synthetic-shop.local,run-none104,,,ok,0.5325998645275831,2.079600002616644,0.9145999792963266,5,5,5,False,,,,5,0,0,,,,0,1,0,0,0,0.0,0.0,0.0,0.0,0.0,0.0,0.0,0.0,0.0
20261001T114616Z-f7b52bbe,synthetic,b1_jsonld,syn-0010__subtree_relocate__01,html/syn-0010__subtree_relocate__01.html,,positive,True,5.0,0.0,0,5,0,0.0,0,0,5,0,0,5,0,0,5,synthetic,html/syn-0010__subtree_relocate__01.html,syn-0010__subtree_relocate__01.html,run-none105,synthetic-shop.local,D:\Pet_Codes\science\article-price-tracker\synthetic\html\syn-0010__subtree_relocate__01.html,https://synthetic-shop.local/search/syn-0016,https://synthetic-shop.local/search/syn-0016,,,,raw_html,,6344efa4e7d7aad85dc6faa10a6090e4487edd9c7c5b0ab51c7743671fac27c6,,synthetic-shop.local,run-none105,,,ok,0.743999844416976,3.564500017091632,0.26670005172491074,0,0,0,False,,,,5,0,0,,,,0,0,0,1,0,0.0,0.0,0.0,0.0,0.0,0.0,0.0,0.0,0.0
20261001T114616Z-f7b52bbe,synthetic,b1_jsonld,syn-0010__subtree_relocate__02,html/syn-0010__subtree_relocate__02.html,,positive,True,5.0,0.0,0,5,0,0.0,0,0,5,0,0,5,0,0,5,synthetic,html/syn-0010__subtree_relocate__02.html,syn-0010__subtree_relocate__02.html,run-none106,synthetic-shop.local,D:\Pet_Codes\science\article-price-tracker\synthetic\html\syn-0010__subtree_relocate__02.html,https://synthetic-shop.local/search/syn-0013,https://synthetic-shop.local/search/syn-0013,,,,raw_html,,78cecc7b7ce54bdd0754118242ddf6c5a5cfec8d32a1a20eff3d0719535ab9a2,,synthetic-shop.local,run-none106,,,ok,0.5943998694419861,1.7639000434428453,0.28360006399452686,0,0,0,False,,,,5,0,0,,,,0,0,0,1,0,0.0,0.0,0.0,0.0,0.0,0.0,0.0,0.0,0.0
20261001T114616Z-f7b52bbe,synthetic,b1_jsonld,syn-0010__wrapper_insert__01,html/syn-0010__wrapper_insert__01.html,,positive,True,5.0,5.0,0,5,5,1.0,0,5,5,0,5,5,0,5,5,synthetic,html/syn-0010__wrapper_insert__01.html,syn-0010__wrapper_insert__01.html,run-none107,synthetic-shop.local,D:\Pet_Codes\science\article-price-tracker\synthetic\html\syn-0010__wrapper_insert__01.html,https://synthetic-shop.local/search/syn-0001,https://synthetic-shop.local/search/syn-0001,,,,raw_html,,a4cd57367a087f3577efe132252821eaf043d60f385a19956cde173c18e9b749,,synthetic-shop.local,run-none107,,,ok,0.5787999834865332,2.7129999361932278,1.1088000610470772,5,5,5,False,,,,5,0,0,,,,0,1,0,0,0,0.0,0.0,0.0,0.0,0.0,0.0,0.0,0.0,0.0
20261001T114616Z-f7b52bbe,synthetic,b1_jsonld,syn-0010__wrapper_insert__02,html/syn-0010__wrapper_insert__02.html,,positive,True,5.0,0.0,0,5,0,0.0,0,0,5,0,0,5,0,0,5,synthetic,html/syn-0010__wrapper_insert__02.html,syn-0010__wrapper_insert__02.html,run-none108,synthetic-shop.local,D:\Pet_Codes\science\article-price-tracker\synthetic\html\syn-0010__wrapper_insert__02.html,https://synthetic-shop.local/search/syn-0012,https://synthetic-shop.local/search/syn-0012,,,,raw_html,,65ef43d8fb94e9e14cd8ab2d00f36173d079e29b6267a0f9232e0164245a06e9,,synthetic-shop.local,run-none108,,,ok,0.6609999109059572,2.1303000394254923,0.2766000106930733,0,0,0,False,,,,5,0,0,,,,0,0,0,1,0,0.0,0.0,0.0,0.0,0.0,0.0,0.0,0.0,0.0
20261001T114616Z-f7b52bbe,synthetic,b1_jsonld,syn-0010__wrapper_insert__03,html/syn-0010__wrapper_insert__03.html,,positive,True,5.0,0.0,0,5,0,0.0,0,0,5,0,0,5,0,0,5,synthetic,html/syn-0010__wrapper_insert__03.html,syn-0010__wrapper_insert__03.html,run-none109,synthetic-shop.local,D:\Pet_Codes\science\article-price-tracker\synthetic\html\syn-0010__wrapper_insert__03.html,https://synthetic-shop.local/search/syn-0013,https://synthetic-shop.local/search/syn-0013,,,,raw_html,,6f55d694b45e83dc065b1b2f0f37be0ff0348e9d41ac3aad620dc0041c654ed9,,synthetic-shop.local,run-none109,,,ok,0.588499940931797,1.8396000377833843,0.30770013108849525,0,0,0,False,,,,5,0,0,,,,0,0,0,1,0,0.0,0.0,0.0,0.0,0.0,0.0,0.0,0.0,0.0
20261001T114616Z-f7b52bbe,synthetic,b1_jsonld,syn-0011,html/syn-0011.html,,unannotated,False,,,0,0,0,,0,0,0,0,0,0,0,0,0,synthetic,html/syn-0011.html,syn-0011.html,run-none110,synthetic-shop.local,D:\Pet_Codes\science\article-price-tracker\synthetic\html\syn-0011.html,https://synthetic-shop.local/search/syn-0003,https://synthetic-shop.local/search/syn-0003,,,,raw_html,,2301e0f464903c9280169092611c0194aa8f79300de653a0b6005af1bf5eae85,,synthetic-shop.local,run-none110,,,ok,1.0014001745730639,2.492800122126937,0.3521000035107136,0,0,0,False,,,,0,0,0,,,,0,0,0,0,0,,,,,,,,,
20261001T114616Z-f7b52bbe,synthetic,b1_jsonld,syn-0011__class_rename__01,html/syn-0011__class_rename__01.html,,positive,True,5.0,0.0,0,5,0,0.0,0,0,5,0,0,5,0,0,5,synthetic,html/syn-0011__class_rename__01.html,syn-0011__class_rename__01.html,run-none111,synthetic-shop.local,D:\Pet_Codes\science\article-price-tracker\synthetic\html\syn-0011__class_rename__01.html,https://synthetic-shop.local/search/syn-0013,https://synthetic-shop.local/search/syn-0013,,,,raw_html,,f7c92409efc1a1208fe446c57bf58709f20937ad17dbccec7dfbee3755fae277,,synthetic-shop.local,run-none111,,,ok,0.535300001502037,2.1961999591439962,0.2701000776141882,0,0,0,False,,,,5,0,0,,,,0,0,0,1,0,0.0,0.0,0.0,0.0,0.0,0.0,0.0,0.0,0.0
20261001T114616Z-f7b52bbe,synthetic,b1_jsonld,syn-0011__class_rename__02,html/syn-0011__class_rename__02.html,,positive,True,5.0,0.0,0,5,0,0.0,0,0,5,0,0,5,0,0,5,synthetic,html/syn-0011__class_rename__02.html,syn-0011__class_rename__02.html,run-none112,synthetic-shop.local,D:\Pet_Codes\science\article-price-tracker\synthetic\html\syn-0011__class_rename__02.html,https://synthetic-shop.local/search/syn-0007,https://synthetic-shop.local/search/syn-0007,,,,raw_html,,6e85dbbf23684e3f80c791d07c31f822fae08869e804aa19298c5fd1bdddd742,,synthetic-shop.local,run-none112,,,ok,0.6218000780791044,12.929100077599287,0.31160004436969757,0,0,0,False,,,,5,0,0,,,,0,0,0,1,0,0.0,0.0,0.0,0.0,0.0,0.0,0.0,0.0,0.0
20261001T114616Z-f7b52bbe,synthetic,b1_jsonld,syn-0011__class_rename__03,html/syn-0011__class_rename__03.html,,positive,True,5.0,0.0,0,5,0,0.0,0,0,5,0,0,5,0,0,5,synthetic,html/syn-0011__class_rename__03.html,syn-0011__class_rename__03.html,run-none113,synthetic-shop.local,D:\Pet_Codes\science\article-price-tracker\synthetic\html\syn-0011__class_rename__03.html,https://synthetic-shop.local/search/syn-0014,https://synthetic-shop.local/search/syn-0014,,,,raw_html,,26b69b3d83af06a3db2097b31dd8c82d2a0e56033c0b0a8893636d51a3c5409c,,synthetic-shop.local,run-none113,,,ok,0.5812998861074448,1.9062000792473555,0.39379997178912163,0,0,0,False,,,,5,0,0,,,,0,0,0,1,0,0.0,0.0,0.0,0.0,0.0,0.0,0.0,0.0,0.0
20261001T114616Z-f7b52bbe,synthetic,b1_jsonld,syn-0011__field_reorder__01,html/syn-0011__field_reorder__01.html,,positive,True,5.0,0.0,0,5,0,0.0,0,0,5,0,0,5,0,0,5,synthetic,html/syn-0011__field_reorder__01.html,syn-0011__field_reorder__01.html,run-none114,synthetic-shop.local,D:\Pet_Codes\science\article-price-tracker\synthetic\html\syn-0011__field_reorder__01.html,https://synthetic-shop.local/search/syn-0019,https://synthetic-shop.local/search/syn-0019,,,,raw_html,,f0ed327d0704b6f3b307fc08742929e8c0021d7c19bb45927d214978b85428fc,,synthetic-shop.local,run-none114,,,ok,0.5846999119967222,2.750399988144636,0.3399001434445381,0,0,0,False,,,,5,0,0,,,,0,0,0,1,0,0.0,0.0,0.0,0.0,0.0,0.0,0.0,0.0,0.0
20261001T114616Z-f7b52bbe,synthetic,b1_jsonld,syn-0011__field_reorder__02,html/syn-0011__field_reorder__02.html,,positive,True,5.0,0.0,0,5,0,0.0,0,0,5,0,0,5,0,0,5,synthetic,html/syn-0011__field_reorder__02.html,syn-0011__field_reorder__02.html,run-none115,synthetic-shop.local,D:\Pet_Codes\science\article-price-tracker\synthetic\html\syn-0011__field_reorder__02.html,https://synthetic-shop.local/search/syn-0003,https://synthetic-shop.local/search/syn-0003,,,,raw_html,,82af70687888330deae50ac6c1612c364e59c1e881aaa75f3b3be7a1ea4a25cb,,synthetic-shop.local,run-none115,,,ok,0.7851999253034592,2.5616001803427935,0.4338000435382128,0,0,0,False,,,,5,0,0,,,,0,0,0,1,0,0.0,0.0,0.0,0.0,0.0,0.0,0.0,0.0,0.0
20261001T114616Z-f7b52bbe,synthetic,b1_jsonld,syn-0011__subtree_relocate__01,html/syn-0011__subtree_relocate__01.html,,positive,True,5.0,0.0,0,5,0,0.0,0,0,5,0,0,5,0,0,5,synthetic,html/syn-0011__subtree_relocate__01.html,syn-0011__subtree_relocate__01.html,run-none116,synthetic-shop.local,D:\Pet_Codes\science\article-price-tracker\synthetic\html\syn-0011__subtree_relocate__01.html,https://synthetic-shop.local/search/syn-0009,https://synthetic-shop.local/search/syn-0009,,,,raw_html,,261a6eeb7f75031de80791969ffc86a4128cbb6793fb43e7ecdf8b658c9ef1b3,,synthetic-shop.local,run-none116,,,ok,1.132299890741706,4.1461000218987465,0.6760000251233578,0,0,0,False,,,,5,0,0,,,,0,0,0,1,0,0.0,0.0,0.0,0.0,0.0,0.0,0.0,0.0,0.0
20261001T114616Z-f7b52bbe,synthetic,b1_jsonld,syn-0011__subtree_relocate__02,html/syn-0011__subtree_relocate__02.html,,positive,True,5.0,0.0,0,5,0,0.0,0,0,5,0,0,5,0,0,5,synthetic,html/syn-0011__subtree_relocate__02.html,syn-0011__subtree_relocate__02.html,run-none117,synthetic-shop.local,D:\Pet_Codes\science\article-price-tracker\synthetic\html\syn-0011__subtree_relocate__02.html,https://synthetic-shop.local/search/syn-0007,https://synthetic-shop.local/search/syn-0007,,,,raw_html,,15099d0c0fcd61f0174b42498720ca6e26f0197175ea1c5f94cee82c1ca8ef5e,,synthetic-shop.local,run-none117,,,ok,0.7557000499218702,2.6233000680804253,0.4545999690890312,0,0,0,False,,,,5,0,0,,,,0,0,0,1,0,0.0,0.0,0.0,0.0,0.0,0.0,0.0,0.0,0.0
20261001T114616Z-f7b52bbe,synthetic,b1_jsonld,syn-0011__wrapper_insert__01,html/syn-0011__wrapper_insert__01.html,,positive,True,5.0,0.0,0,5,0,0.0,0,0,5,0,0,5,0,0,5,synthetic,html/syn-0011__wrapper_insert__01.html,syn-0011__wrapper_insert__01.html,run-none118,synthetic-shop.local,D:\Pet_Codes\science\article-price-tracker\synthetic\html\syn-0011__wrapper_insert__01.html,https://synthetic-shop.local/search/syn-0005,https://synthetic-shop.local/search/syn-0005,,,,raw_html,,88cb94c11d6de4312963f3cc236c2d5a20a968292383afb186afc22c7bc350f5,,synthetic-shop.local,run-none118,,,ok,0.6866001058369875,5.823699990287423,0.4771000239998102,0,0,0,False,,,,5,0,0,,,,0,0,0,1,0,0.0,0.0,0.0,0.0,0.0,0.0,0.0,0.0,0.0
20261001T114616Z-f7b52bbe,synthetic,b1_jsonld,syn-0011__wrapper_insert__02,html/syn-0011__wrapper_insert__02.html,,positive,True,5.0,2.0,0,5,2,1.0,0,2,5,0,2,5,0,2,5,synthetic,html/syn-0011__wrapper_insert__02.html,syn-0011__wrapper_insert__02.html,run-none119,synthetic-shop.local,D:\Pet_Codes\science\article-price-tracker\synthetic\html\syn-0011__wrapper_insert__02.html,https://synthetic-shop.local/search/syn-0010,https://synthetic-shop.local/search/syn-0010,,,,raw_html,,7f2b3208ae26348faa3127f32b10f53d1880a45dc5ef25006198c75a65025a55,,synthetic-shop.local,run-none119,,,ok,0.784900039434433,3.6945000756531954,0.6691999733448029,2,2,2,False,,,,5,0,0,,,,0,1,0,0,0,0.0,0.0,0.0,0.0,0.0,0.0,0.0,0.0,0.0
20261001T114616Z-f7b52bbe,synthetic,b1_jsonld,syn-0011__wrapper_insert__03,html/syn-0011__wrapper_insert__03.html,,positive,True,5.0,0.0,0,5,0,0.0,0,0,5,0,0,5,0,0,5,synthetic,html/syn-0011__wrapper_insert__03.html,syn-0011__wrapper_insert__03.html,run-none120,synthetic-shop.local,D:\Pet_Codes\science\article-price-tracker\synthetic\html\syn-0011__wrapper_insert__03.html,https://synthetic-shop.local/search/syn-0003,https://synthetic-shop.local/search/syn-0003,,,,raw_html,,3c21330791cb88ea832b48c9df20351830285fe3e6c901afbe6131076c43c23a,,synthetic-shop.local,run-none120,,,ok,0.7213999051600695,2.6633001398295164,0.40300004184246063,0,0,0,False,,,,5,0,0,,,,0,0,0,1,0,0.0,0.0,0.0,0.0,0.0,0.0,0.0,0.0,0.0
20261001T114616Z-f7b52bbe,synthetic,b1_jsonld,syn-0012,html/syn-0012.html,,unannotated,False,,,0,0,0,,0,0,0,0,0,0,0,0,0,synthetic,html/syn-0012.html,syn-0012.html,run-none121,synthetic-shop.local,D:\Pet_Codes\science\article-price-tracker\synthetic\html\syn-0012.html,https://synthetic-shop.local/search/syn-0010,https://synthetic-shop.local/search/syn-0010,,,,raw_html,,e2a3a0c3d6c9bead5145b76ea6ce4095449e6dfd6bd96c194343235353ba1162,,synthetic-shop.local,run-none121,,,ok,0.7064000237733126,2.367599867284298,0.6978998426347971,2,2,2,False,,,,0,0,0,,,,0,0,0,0,0,,,,,,,,,
20261001T114616Z-f7b52bbe,synthetic,b1_jsonld,syn-0012__class_rename__01,html/syn-0012__class_rename__01.html,,positive,True,5.0,0.0,0,5,0,0.0,0,0,5,0,0,5,0,0,5,synthetic,html/syn-0012__class_rename__01.html,syn-0012__class_rename__01.html,run-none122,synthetic-shop.local,D:\Pet_Codes\science\article-price-tracker\synthetic\html\syn-0012__class_rename__01.html,https://synthetic-shop.local/search/syn-0009,https://synthetic-shop.local/search/syn-0009,,,,raw_html,,995a36e548ba5cc3d7d09da13aa1561a503e501c7277cb2037c8b19a088c15e0,,synthetic-shop.local,run-none122,,,ok,0.7255999371409416,3.8460001815110445,0.45679998584091663,0,0,0,False,,,,5,0,0,,,,0,0,0,1,0,0.0,0.0,0.0,0.0,0.0,0.0,0.0,0.0,0.0
20261001T114616Z-f7b52bbe,synthetic,b1_jsonld,syn-0012__class_rename__02,html/syn-0012__class_rename__02.html,,positive,True,5.0,5.0,0,5,5,1.0,0,5,5,0,5,5,0,5,5,synthetic,html/syn-0012__class_rename__02.html,syn-0012__class_rename__02.html,run-none123,synthetic-shop.local,D:\Pet_Codes\science\article-price-tracker\synthetic\html\syn-0012__class_rename__02.html,https://synthetic-shop.local/search/syn-0001,https://synthetic-shop.local/search/syn-0001,,,,raw_html,,fcc1b5ab3d88bb72e8e586d3b3589034d52eaeb9da5518e886b86ab7d51ea0ff,,synthetic-shop.local,run-none123,,,ok,0.7302998565137386,3.296499839052558,0.9729000739753246,5,5,5,False,,,,5,0,0,,,,0,1,0,0,0,0.0,0.0,0.0,0.0,0.0,0.0,0.0,0.0,0.0
20261001T114616Z-f7b52bbe,synthetic,b1_jsonld,syn-0012__class_rename__03,html/syn-0012__class_rename__03.html,,positive,True,5.0,0.0,0,5,0,0.0,0,0,5,0,0,5,0,0,5,synthetic,html/syn-0012__class_rename__03.html,syn-0012__class_rename__03.html,run-none124,synthetic-shop.local,D:\Pet_Codes\science\article-price-tracker\synthetic\html\syn-0012__class_rename__03.html,https://synthetic-shop.local/search/syn-0013,https://synthetic-shop.local/search/syn-0013,,,,raw_html,,73603a32f0dbb49dcef045799cfd8e36bd108594f0e0bfe672a0447708e2b352,,synthetic-shop.local,run-none124,,,ok,0.8100001141428947,2.4175001308321953,0.45759999193251133,0,0,0,False,,,,5,0,0,,,,0,0,0,1,0,0.0,0.0,0.0,0.0,0.0,0.0,0.0,0.0,0.0
20261001T114616Z-f7b52bbe,synthetic,b1_jsonld,syn-0012__field_reorder__01,html/syn-0012__field_reorder__01.html,,positive,True,5.0,0.0,0,5,0,0.0,0,0,5,0,0,5,0,0,5,synthetic,html/syn-0012__field_reorder__01.html,syn-0012__field_reorder__01.html,run-none125,synthetic-shop.local,D:\Pet_Codes\science\article-price-tracker\synthetic\html\syn-0012__field_reorder__01.html,https://synthetic-shop.local/search/syn-0003,https://synthetic-shop.local/search/syn-0003,,,,raw_html,,97d59cdcc13810dac0967fc6b39ea73d4210344fc363325d98146edd20f0da87,,synthetic-shop.local,run-none125,,,ok,0.8952000644057989,2.236400032415986,0.2983999438583851,0,0,0,False,,,,5,0,0,,,,0,0,0,1,0,0.0,0.0,0.0,0.0,0.0,0.0,0.0,0.0,0.0
20261001T114616Z-f7b52bbe,synthetic,b1_jsonld,syn-0012__field_reorder__02,html/syn-0012__field_reorder__02.html,,positive,True,5.0,0.0,0,5,0,0.0,0,0,5,0,0,5,0,0,5,synthetic,html/syn-0012__field_reorder__02.html,syn-0012__field_reorder__02.html,run-none126,synthetic-shop.local,D:\Pet_Codes\science\article-price-tracker\synthetic\html\syn-0012__field_reorder__02.html,https://synthetic-shop.local/search/syn-0009,https://synthetic-shop.local/search/syn-0009,,,,raw_html,,6f2869e67f0dfa7d88ee75c16a0c1aab6dd52dd7aa7dc0ccf0394ed87026a526,,synthetic-shop.local,run-none126,,,ok,0.8048000745475292,3.4326999448239803,0.532899983227253,0,0,0,False,,,,5,0,0,,,,0,0,0,1,0,0.0,0.0,0.0,0.0,0.0,0.0,0.0,0.0,0.0
20261001T114616Z-f7b52bbe,synthetic,b1_jsonld,syn-0012__subtree_relocate__01,html/syn-0012__subtree_relocate__01.html,,positive,True,5.0,5.0,0,5,5,1.0,0,5,5,0,5,5,0,5,5,synthetic,html/syn-0012__subtree_relocate__01.html,syn-0012__subtree_relocate__01.html,run-none127,synthetic-shop.local,D:\Pet_Codes\science\article-price-tracker\synthetic\html\syn-0012__subtree_relocate__01.html,https://synthetic-shop.local/search/syn-0011,https://synthetic-shop.local/search/syn-0011,,,,raw_html,,97b35a65d3fea58f6b82db6dfb62e8f68fa5888b82c1251a8a39e569e9a01bd2,,synthetic-shop.local,run-none127,,,ok,0.977999996393919,2.855099970474839,1.022400101646781,5,5,5,False,,,,5,0,0,,,,0,1,0,0,0,0.0,0.0,0.0,0.0,0.0,0.0,0.0,0.0,0.0
20261001T114616Z-f7b52bbe,synthetic,b1_jsonld,syn-0012__subtree_relocate__02,html/syn-0012__subtree_relocate__02.html,,positive,True,5.0,0.0,0,5,0,0.0,0,0,5,0,0,5,0,0,5,synthetic,html/syn-0012__subtree_relocate__02.html,syn-0012__subtree_relocate__02.html,run-none128,synthetic-shop.local,D:\Pet_Codes\science\article-price-tracker\synthetic\html\syn-0012__subtree_relocate__02.html,https://synthetic-shop.local/search/syn-0008,https://synthetic-shop.local/search/syn-0008,,,,raw_html,,c15ce4864cf62557a3e0ccab531814aef39599af0db2d11eb3d6be981bc66948,,synthetic-shop.local,run-none128,,,ok,0.5783000960946083,1.809700159355998,0.2782999072223902,0,0,0,False,,,,5,0,0,,,,0,0,0,1,0,0.0,0.0,0.0,0.0,0.0,0.0,0.0,0.0,0.0
20261001T114616Z-f7b52bbe,synthetic,b1_jsonld,syn-0012__wrapper_insert__01,html/syn-0012__wrapper_insert__01.html,,positive,True,5.0,5.0,0,5,5,1.0,0,5,5,0,5,5,0,5,5,synthetic,html/syn-0012__wrapper_insert__01.html,syn-0012__wrapper_insert__01.html,run-none129,synthetic-shop.local,D:\Pet_Codes\science\article-price-tracker\synthetic\html\syn-0012__wrapper_insert__01.html,https://synthetic-shop.local/search/syn-0011,https://synthetic-shop.local/search/syn-0011,,,,raw_html,,e98dff1e97decf1931fbe467b2e505ecb84814a51427ce58101758ed0b67dfab,,synthetic-shop.local,run-none129,,,ok,0.5402001552283764,2.0451999735087156,1.4757998287677765,5,5,5,False,,,,5,0,0,,,,0,1,0,0,0,0.0,0.0,0.0,0.0,0.0,0.0,0.0,0.0,0.0
20261001T114616Z-f7b52bbe,synthetic,b1_jsonld,syn-0012__wrapper_insert__02,html/syn-0012__wrapper_insert__02.html,,positive,True,5.0,0.0,0,5,0,0.0,0,0,5,0,0,5,0,0,5,synthetic,html/syn-0012__wrapper_insert__02.html,syn-0012__wrapper_insert__02.html,run-none130,synthetic-shop.local,D:\Pet_Codes\science\article-price-tracker\synthetic\html\syn-0012__wrapper_insert__02.html,https://synthetic-shop.local/search/syn-0008,https://synthetic-shop.local/search/syn-0008,,,,raw_html,,95dd87484a5875a121cc4d83243d976fdbce3159ebeb01f818abc64f95c43481,,synthetic-shop.local,run-none130,,,ok,0.8580998983234167,1.9167999271303415,0.26210001669824123,0,0,0,False,,,,5,0,0,,,,0,0,0,1,0,0.0,0.0,0.0,0.0,0.0,0.0,0.0,0.0,0.0
20261001T114616Z-f7b52bbe,synthetic,b1_jsonld,syn-0012__wrapper_insert__03,html/syn-0012__wrapper_insert__03.html,,positive,True,5.0,0.0,0,5,0,0.0,0,0,5,0,0,5,0,0,5,synthetic,html/syn-0012__wrapper_insert__03.html,syn-0012__wrapper_insert__03.html,run-none131,synthetic-shop.local,D:\Pet_Codes\science\article-price-tracker\synthetic\html\syn-0012__wrapper_insert__03.html,https://synthetic-shop.local/search/syn-0018,https://synthetic-shop.local/search/syn-0018,,,,raw_html,,4ec7cc50006ea71f9f109aab229791db4c535c8a6f47a1d24fa687f88a31d423,,synthetic-shop.local,run-none131,,,ok,0.6153001450002193,1.794199924916029,0.46609994024038315,0,0,0,False,,,,5,0,0,,,,0,0,0,1,0,0.0,0.0,0.0,0.0,0.0,0.0,0.0,0.0,0.0
20261001T114616Z-f7b52bbe,synthetic,b1_jsonld,syn-0013,html/syn-0013.html,,unannotated,False,,,0,0,0,,0,0,0,0,0,0,0,0,0,synthetic,html/syn-0013.html,syn-0013.html,run-none132,synthetic-shop.local,D:\Pet_Codes\science\article-price-tracker\synthetic\html\syn-0013.html,https://synthetic-shop.local/search/syn-0019,https://synthetic-shop.local/search/syn-0019,,,,raw_html,,9709ea835b8d713c84edea5827a86e1924e609efb3b7265dab53f2a7f45355cd,,synthetic-shop.local,run-none132,,,ok,0.5501999985426664,3.1229001469910145,0.9238000493496656,0,0,0,False,,,,0,0,0,,,,0,0,0,0,0,,,,,,,,,
20261001T114616Z-f7b52bbe,synthetic,b1_jsonld,syn-0013__class_rename__01,html/syn-0013__class_rename__01.html,,positive,True,5.0,0.0,0,5,0,0.0,0,0,5,0,0,5,0,0,5,synthetic,html/syn-0013__class_rename__01.html,syn-0013__class_rename__01.html,run-none133,synthetic-shop.local,D:\Pet_Codes\science\article-price-tracker\synthetic\html\syn-0013__class_rename__01.html,https://synthetic-shop.local/search/syn-0015,https://synthetic-shop.local/search/syn-0015,,,,raw_html,,b0cafdd07deda40b2ab705bd9b9fdb0dc36c37c773736c0563d8efc163e36493,,synthetic-shop.local,run-none133,,,ok,0.5747999530285597,2.6267999783158302,0.33199996687471867,0,0,0,False,,,,5,0,0,,,,0,0,0,1,0,0.0,0.0,0.0,0.0,0.0,0.0,0.0,0.0,0.0
20261001T114616Z-f7b52bbe,synthetic,b1_jsonld,syn-0013__class_rename__02,html/syn-0013__class_rename__02.html,,positive,True,5.0,0.0,0,5,0,0.0,0,0,5,0,0,5,0,0,5,synthetic,html/syn-0013__class_rename__02.html,syn-0013__class_rename__02.html,run-none134,synthetic-shop.local,D:\Pet_Codes\science\article-price-tracker\synthetic\html\syn-0013__class_rename__02.html,https://synthetic-shop.local/search/syn-0004,https://synthetic-shop.local/search/syn-0004,,,,raw_html,,f20a9c7649c5a1d63f9b50fde07a6482437ed2413d158f32485776cdf1f4a46f,,synthetic-shop.local,run-none134,,,ok,0.6246999837458134,1.98079994879663,0.32190000638365746,0,0,0,False,,,,5,0,0,,,,0,0,0,1,0,0.0,0.0,0.0,0.0,0.0,0.0,0.0,0.0,0.0
20261001T114616Z-f7b52bbe,synthetic,b1_jsonld,syn-0013__class_rename__03,html/syn-0013__class_rename__03.html,,positive,True,5.0,0.0,0,5,0,0.0,0,0,5,0,0,5,0,0,5,synthetic,html/syn-0013__class_rename__03.html,syn-0013__class_rename__03.html,run-none135,synthetic-shop.local,D:\Pet_Codes\science\article-price-tracker\synthetic\html\syn-0013__class_rename__03.html,https://synthetic-shop.local/search/syn-0019,https://synthetic-shop.local/search/syn-0019,,,,raw_html,,5511b8c36473aeb2d653c9c632816cb4ae96b28496696238504b8460f60829a9,,synthetic-shop.local,run-none135,,,ok,3.2737001311033964,4.562899935990572,0.4096000920981169,0,0,0,False,,,,5,0,0,,,,0,0,0,1,0,0.0,0.0,0.0,0.0,0.0,0.0,0.0,0.0,0.0
20261001T114616Z-f7b52bbe,synthetic,b1_jsonld,syn-0013__field_reorder__01,html/syn-0013__field_reorder__01.html,,positive,True,5.0,0.0,0,5,0,0.0,0,0,5,0,0,5,0,0,5,synthetic,html/syn-0013__field_reorder__01.html,syn-0013__field_reorder__01.html,run-none136,synthetic-shop.local,D:\Pet_Codes\science\article-price-tracker\synthetic\html\syn-0013__field_reorder__01.html,https://synthetic-shop.local/search/syn-0003,https://synthetic-shop.local/search/syn-0003,,,,raw_html,,c7c321b1aebab0778cf9be86b7f98db1698f6ae8f39a4dfaa7b6359951f5aae7,,synthetic-shop.local,run-none136,,,ok,0.7980000227689743,2.7362999971956015,0.4588998854160309,0,0,0,False,,,,5,0,0,,,,0,0,0,1,0,0.0,0.0,0.0,0.0,0.0,0.0,0.0,0.0,0.0
20261001T114616Z-f7b52bbe,synthetic,b1_jsonld,syn-0013__field_reorder__02,html/syn-0013__field_reorder__02.html,,positive,True,5.0,0.0,0,5,0,0.0,0,0,5,0,0,5,0,0,5,synthetic,html/syn-0013__field_reorder__02.html,syn-0013__field_reorder__02.html,run-none137,synthetic-shop.local,D:\Pet_Codes\science\article-price-tracker\synthetic\html\syn-0013__field_reorder__02.html,https://synthetic-shop.local/search/syn-0009,https://synthetic-shop.local/search/syn-0009,,,,raw_html,,f49b653da416e06f56d49638bb5952f7de5dcc16e54abcc683dd4332b9e4dae6,,synthetic-shop.local,run-none137,,,ok,0.6569998804479837,3.891000058501959,0.5856000352650881,0,0,0,False,,,,5,0,0,,,,0,0,0,1,0,0.0,0.0,0.0,0.0,0.0,0.0,0.0,0.0,0.0
20261001T114616Z-f7b52bbe,synthetic,b1_jsonld,syn-0013__subtree_relocate__01,html/syn-0013__subtree_relocate__01.html,,positive,True,5.0,0.0,0,5,0,0.0,0,0,5,0,0,5,0,0,5,synthetic,html/syn-0013__subtree_relocate__01.html,syn-0013__subtree_relocate__01.html,run-none138,synthetic-shop.local,D:\Pet_Codes\science\article-price-tracker\synthetic\html\syn-0013__subtree_relocate__01.html,https://synthetic-shop.local/search/syn-0018,https://synthetic-shop.local/search/syn-0018,,,,raw_html,,39f164096d2a0a9f6d2c9eb77db970f83ea3e54991cd12fe4d5aa5c798a0e259,,synthetic-shop.local,run-none138,,,ok,0.5886999424546957,1.797500066459179,0.2794999163597822,0,0,0,False,,,,5,0,0,,,,0,0,0,1,0,0.0,0.0,0.0,0.0,0.0,0.0,0.0,0.0,0.0
20261001T114616Z-f7b52bbe,synthetic,b1_jsonld,syn-0013__subtree_relocate__02,html/syn-0013__subtree_relocate__02.html,,positive,True,5.0,0.0,0,5,0,0.0,0,0,5,0,0,5,0,0,5,synthetic,html/syn-0013__subtree_relocate__02.html,syn-0013__subtree_relocate__02.html,run-none139,synthetic-shop.local,D:\Pet_Codes\science\article-price-tracker\synthetic\html\syn-0013__subtree_relocate__02.html,https://synthetic-shop.local/search/syn-0002,https://synthetic-shop.local/search/syn-0002,,,,raw_html,,e9e2a061d7071ce8a2c535e028ddf9b9806c2ade28e1cb94d0354f578bf1e2c3,,synthetic-shop.local,run-none139,,,ok,0.5611998494714499,1.9123000092804432,0.319099985063076,0,0,0,False,,,,5,0,0,,,,0,0,0,1,0,0.0,0.0,0.0,0.0,0.0,0.0,0.0,0.0,0.0
20261001T114616Z-f7b52bbe,synthetic,b1_jsonld,syn-0013__wrapper_insert__01,html/syn-0013__wrapper_insert__01.html,,positive,True,5.0,0.0,0,5,0,0.0,0,0,5,0,0,5,0,0,5,synthetic,html/syn-0013__wrapper_insert__01.html,syn-0013__wrapper_insert__01.html,run-none140,synthetic-shop.local,D:\Pet_Codes\science\article-price-tracker\synthetic\html\syn-0013__wrapper_insert__01.html,https://synthetic-shop.local/search/syn-0017,https://synthetic-shop.local/search/syn-0017,,,,raw_html,,894ebf81d1c7ecf850d39d3aaa2a8a4b0a902f2fac3e41f36471087a22544d53,,synthetic-shop.local,run-none140,,,ok,0.6309000309556723,3.0656999442726374,0.5053000058978796,0,0,0,False,,,,5,0,0,,,,0,0,0,1,0,0.0,0.0,0.0,0.0,0.0,0.0,0.0,0.0,0.0
20261001T114616Z-f7b52bbe,synthetic,b1_jsonld,syn-0013__wrapper_insert__02,html/syn-0013__wrapper_insert__02.html,,positive,True,5.0,0.0,0,5,0,0.0,0,0,5,0,0,5,0,0,5,synthetic,html/syn-0013__wrapper_insert__02.html,syn-0013__wrapper_insert__02.html,run-none141,synthetic-shop.local,D:\Pet_Codes\science\article-price-tracker\synthetic\html\syn-0013__wrapper_insert__02.html,https://synthetic-shop.local/search/syn-0008,https://synthetic-shop.local/search/syn-0008,,,,raw_html,,252d573604d845c6083118503fac8ef466d4709f5b2b6eaab8ad1eed2d3978a1,,synthetic-shop.local,run-none141,,,ok,0.5988997872918844,3.9784000255167484,2.4955999106168747,0,0,0,False,,,,5,0,0,,,,0,0,0,1,0,0.0,0.0,0.0,0.0,0.0,0.0,0.0,0.0,0.0
20261001T114616Z-f7b52bbe,synthetic,b1_jsonld,syn-0013__wrapper_insert__03,html/syn-0013__wrapper_insert__03.html,,positive,True,5.0,5.0,0,5,5,1.0,0,5,5,0,5,5,0,5,5,synthetic,html/syn-0013__wrapper_insert__03.html,syn-0013__wrapper_insert__03.html,run-none142,synthetic-shop.local,D:\Pet_Codes\science\article-price-tracker\synthetic\html\syn-0013__wrapper_insert__03.html,https://synthetic-shop.local/search/syn-0001,https://synthetic-shop.local/search/syn-0001,,,,raw_html,,1aed8bf876c3dc57bc986f01effd03e38b019e74ca09cc6f3a65c76c19c114ae,,synthetic-shop.local,run-none142,,,ok,0.8061998523771763,3.279400058090687,0.8988999761641026,5,5,5,False,,,,5,0,0,,,,0,1,0,0,0,0.0,0.0,0.0,0.0,0.0,0.0,0.0,0.0,0.0
20261001T114616Z-f7b52bbe,synthetic,b1_jsonld,syn-0014,html/syn-0014.html,,unannotated,False,,,0,0,0,,0,0,0,0,0,0,0,0,0,synthetic,html/syn-0014.html,syn-0014.html,run-none143,synthetic-shop.local,D:\Pet_Codes\science\article-price-tracker\synthetic\html\syn-0014.html,https://synthetic-shop.local/search/syn-0013,https://synthetic-shop.local/search/syn-0013,,,,raw_html,,96525783d033d80e925c77df8e64c934e8f4a411e257330e53ccb230b65f16bc,,synthetic-shop.local,run-none143,,,ok,0.7491998840123415,2.4927998892962933,0.5142001900821924,0,0,0,False,,,,0,0,0,,,,0,0,0,0,0,,,,,,,,,
20261001T114616Z-f7b52bbe,synthetic,b1_jsonld,syn-0014__class_rename__01,html/syn-0014__class_rename__01.html,,positive,True,5.0,0.0,0,5,0,0.0,0,0,5,0,0,5,0,0,5,synthetic,html/syn-0014__class_rename__01.html,syn-0014__class_rename__01.html,run-none144,synthetic-shop.local,D:\Pet_Codes\science\article-price-tracker\synthetic\html\syn-0014__class_rename__01.html,https://synthetic-shop.local/search/syn-0017,https://synthetic-shop.local/search/syn-0017,,,,raw_html,,4f943e39b28d479d70ba8915e83c56f6380b03355b9cbc28ae5fe95d22e4b147,,synthetic-shop.local,run-none144,,,ok,0.6902001332491636,2.363600069656968,0.40749995969235897,0,0,0,False,,,,5,0,0,,,,0,0,0,1,0,0.0,0.0,0.0,0.0,0.0,0.0,0.0,0.0,0.0
20261001T114616Z-f7b52bbe,synthetic,b1_jsonld,syn-0014__class_rename__02,html/syn-0014__class_rename__02.html,,positive,True,5.0,2.0,0,5,2,1.0,0,2,5,0,2,5,0,2,5,synthetic,html/syn-0014__class_rename__02.html,syn-0014__class_rename__02.html,run-none145,synthetic-shop.local,D:\Pet_Codes\science\article-price-tracker\synthetic\html\syn-0014__class_rename__02.html,https://synthetic-shop.local/search/syn-0010,https://synthetic-shop.local/search/syn-0010,,,,raw_html,,c3be3ad52cd1891c23682ec8027903b132f624488aca3ec820849fdcde14fed0,,synthetic-shop.local,run-none145,,,ok,1.4023000840097666,3.6491998471319675,1.408600015565753,2,2,2,False,,,,5,0,0,,,,0,1,0,0,0,0.0,0.0,0.0,0.0,0.0,0.0,0.0,0.0,0.0
20261001T114616Z-f7b52bbe,synthetic,b1_jsonld,syn-0014__class_rename__03,html/syn-0014__class_rename__03.html,,positive,True,5.0,0.0,0,5,0,0.0,0,0,5,0,0,5,0,0,5,synthetic,html/syn-0014__class_rename__03.html,syn-0014__class_rename__03.html,run-none146,synthetic-shop.local,D:\Pet_Codes\science\article-price-tracker\synthetic\html\syn-0014__class_rename__03.html,https://synthetic-shop.local/search/syn-0003,https://synthetic-shop.local/search/syn-0003,,,,raw_html,,7c901c47c3fbfeffa29b24ccb1a4d0ff51e0a9b4e0750d357d6c036e193e8534,,synthetic-shop.local,run-none146,,,ok,1.405899878591299,3.597100032493472,2.215299988165498,0,0,0,False,,,,5,0,0,,,,0,0,0,1,0,0.0,0.0,0.0,0.0,0.0,0.0,0.0,0.0,0.0
20261001T114616Z-f7b52bbe,synthetic,b1_jsonld,syn-0014__field_reorder__01,html/syn-0014__field_reorder__01.html,,positive,True,5.0,0.0,0,5,0,0.0,0,0,5,0,0,5,0,0,5,synthetic,html/syn-0014__field_reorder__01.html,syn-0014__field_reorder__01.html,run-none147,synthetic-shop.local,D:\Pet_Codes\science\article-price-tracker\synthetic\html\syn-0014__field_reorder__01.html,https://synthetic-shop.local/search/syn-0017,https://synthetic-shop.local/search/syn-0017,,,,raw_html,,da2886849efe748704dcb230ab5a59e9a643c253f1f4a948498ff110a2d8a48e,,synthetic-shop.local,run-none147,,,ok,0.7531000301241875,2.621999941766262,0.40389993228018284,0,0,0,False,,,,5,0,0,,,,0,0,0,1,0,0.0,0.0,0.0,0.0,0.0,0.0,0.0,0.0,0.0
20261001T114616Z-f7b52bbe,synthetic,b1_jsonld,syn-0014__field_reorder__02,html/syn-0014__field_reorder__02.html,,positive,True,5.0,0.0,0,5,0,0.0,0,0,5,0,0,5,0,0,5,synthetic,html/syn-0014__field_reorder__02.html,syn-0014__field_reorder__02.html,run-none148,synthetic-shop.local,D:\Pet_Codes\science\article-price-tracker\synthetic\html\syn-0014__field_reorder__02.html,https://synthetic-shop.local/search/syn-0015,https://synthetic-shop.local/search/syn-0015,,,,raw_html,,f41e1a3b13d4ccd7318708739033ea4b22b9acb36aa2ebccf461e2a9ace90fbf,,synthetic-shop.local,run-none148,,,ok,0.6430998910218477,3.862100187689066,0.6134000141173601,0,0,0,False,,,,5,0,0,,,,0,0,0,1,0,0.0,0.0,0.0,0.0,0.0,0.0,0.0,0.0,0.0
20261001T114616Z-f7b52bbe,synthetic,b1_jsonld,syn-0014__subtree_relocate__01,html/syn-0014__subtree_relocate__01.html,,positive,True,5.0,2.0,0,5,2,1.0,0,2,5,0,2,5,0,2,5,synthetic,html/syn-0014__subtree_relocate__01.html,syn-0014__subtree_relocate__01.html,run-none149,synthetic-shop.local,D:\Pet_Codes\science\article-price-tracker\synthetic\html\syn-0014__subtree_relocate__01.html,https://synthetic-shop.local/search/syn-0020,https://synthetic-shop.local/search/syn-0020,,,,raw_html,,3cb0fe8ce548aa5cbd6a1549f52e0542c11f2be7478f472c4856ba15511e5262,,synthetic-shop.local,run-none149,,,ok,0.7978000212460756,3.8539001252502203,1.157799968495965,2,2,2,False,,,,5,0,0,,,,0,1,0,0,0,0.0,0.0,0.0,0.0,0.0,0.0,0.0,0.0,0.0
20261001T114616Z-f7b52bbe,synthetic,b1_jsonld,syn-0014__subtree_relocate__02,html/syn-0014__subtree_relocate__02.html,,positive,True,5.0,0.0,0,5,0,0.0,0,0,5,0,0,5,0,0,5,synthetic,html/syn-0014__subtree_relocate__02.html,syn-0014__subtree_relocate__02.html,run-none150,synthetic-shop.local,D:\Pet_Codes\science\article-price-tracker\synthetic\html\syn-0014__subtree_relocate__02.html,https://synthetic-shop.local/search/syn-0009,https://synthetic-shop.local/search/syn-0009,,,,raw_html,,4e133f4287f7048fe5f4a1b1e6ba7f00cb54cc3a69ccad4018415bd049ee072d,,synthetic-shop.local,run-none150,,,ok,0.8720001205801964,3.500299993902445,0.6013999227434397,0,0,0,False,,,,5,0,0,,,,0,0,0,1,0,0.0,0.0,0.0,0.0,0.0,0.0,0.0,0.0,0.0
20261001T114616Z-f7b52bbe,synthetic,b1_jsonld,syn-0014__wrapper_insert__01,html/syn-0014__wrapper_insert__01.html,,positive,True,5.0,0.0,0,5,0,0.0,0,0,5,0,0,5,0,0,5,synthetic,html/syn-0014__wrapper_insert__01.html,syn-0014__wrapper_insert__01.html,run-none151,synthetic-shop.local,D:\Pet_Codes\science\article-price-tracker\synthetic\html\syn-0014__wrapper_insert__01.html,https://synthetic-shop.local/search/syn-0013,https://synthetic-shop.local/search/syn-0013,,,,raw_html,,dc0d90105e13ecdfaf9cc18343e6e6aa994e34437997cf2215d7cd43e02524bd,,synthetic-shop.local,run-none151,,,ok,0.875100027769804,2.599200000986457,0.5276999436318874,0,0,0,False,,,,5,0,0,,,,0,0,0,1,0,0.0,0.0,0.0,0.0,0.0,0.0,0.0,0.0,0.0
20261001T114616Z-f7b52bbe,synthetic,b1_jsonld,syn-0014__wrapper_insert__02,html/syn-0014__wrapper_insert__02.html,,positive,True,5.0,5.0,0,5,5,1.0,0,5,5,0,5,5,0,5,5,synthetic,html/syn-0014__wrapper_insert__02.html,syn-0014__wrapper_insert__02.html,run-none152,synthetic-shop.local,D:\Pet_Codes\science\article-price-tracker\synthetic\html\syn-0014__wrapper_insert__02.html,https://synthetic-shop.local/search/syn-0011,https://synthetic-shop.local/search/syn-0011,,,,raw_html,,6edb05566c80aef278d9ff8eafcd02aa945955c5aa477c6ce1994a49eb43ec8c,,synthetic-shop.local,run-none152,,,ok,0.7876001764088869,2.6956999208778143,0.9759999811649323,5,5,5,False,,,,5,0,0,,,,0,1,0,0,0,0.0,0.0,0.0,0.0,0.0,0.0,0.0,0.0,0.0
20261001T114616Z-f7b52bbe,synthetic,b1_jsonld,syn-0014__wrapper_insert__03,html/syn-0014__wrapper_insert__03.html,,positive,True,5.0,0.0,0,5,0,0.0,0,0,5,0,0,5,0,0,5,synthetic,html/syn-0014__wrapper_insert__03.html,syn-0014__wrapper_insert__03.html,run-none153,synthetic-shop.local,D:\Pet_Codes\science\article-price-tracker\synthetic\html\syn-0014__wrapper_insert__03.html,https://synthetic-shop.local/search/syn-0019,https://synthetic-shop.local/search/syn-0019,,,,raw_html,,324a2270dbdd2605210b6db9f8626b47137af5369ae3a37d1b334134c29f0869,,synthetic-shop.local,run-none153,,,ok,0.6435001268982887,4.463199991732836,0.5452001933008432,0,0,0,False,,,,5,0,0,,,,0,0,0,1,0,0.0,0.0,0.0,0.0,0.0,0.0,0.0,0.0,0.0
20261001T114616Z-f7b52bbe,synthetic,b1_jsonld,syn-0015,html/syn-0015.html,,unannotated,False,,,0,0,0,,0,0,0,0,0,0,0,0,0,synthetic,html/syn-0015.html,syn-0015.html,run-none154,synthetic-shop.local,D:\Pet_Codes\science\article-price-tracker\synthetic\html\syn-0015.html,https://synthetic-shop.local/search/syn-0011,https://synthetic-shop.local/search/syn-0011,,,,raw_html,,1b101a835ea51eca17f4e257e6a05e12147cd02760fd0a9579ca18fdacf5fd67,,synthetic-shop.local,run-none154,,,ok,0.7384999189525843,2.4204999208450317,1.247999956831336,5,5,5,False,,,,0,0,0,,,,0,0,0,0,0,,,,,,,,,
20261001T114616Z-f7b52bbe,synthetic,b1_jsonld,syn-0015__class_rename__01,html/syn-0015__class_rename__01.html,,positive,True,5.0,5.0,0,5,5,1.0,0,5,5,0,5,5,0,5,5,synthetic,html/syn-0015__class_rename__01.html,syn-0015__class_rename__01.html,run-none155,synthetic-shop.local,D:\Pet_Codes\science\article-price-tracker\synthetic\html\syn-0015__class_rename__01.html,https://synthetic-shop.local/search/syn-0001,https://synthetic-shop.local/search/syn-0001,,,,raw_html,,d22103f3ca15a391cd38de97c282e47e244d167e0948df8f98dcd5f2a30e8b04,,synthetic-shop.local,run-none155,,,ok,0.7110999431461096,2.676700009033084,1.162499887868762,5,5,5,False,,,,5,0,0,,,,0,1,0,0,0,0.0,0.0,0.0,0.0,0.0,0.0,0.0,0.0,0.0
20261001T114616Z-f7b52bbe,synthetic,b1_jsonld,syn-0015__class_rename__02,html/syn-0015__class_rename__02.html,,positive,True,5.0,0.0,0,5,0,0.0,0,0,5,0,0,5,0,0,5,synthetic,html/syn-0015__class_rename__02.html,syn-0015__class_rename__02.html,run-none156,synthetic-shop.local,D:\Pet_Codes\science\article-price-tracker\synthetic\html\syn-0015__class_rename__02.html,https://synthetic-shop.local/search/syn-0004,https://synthetic-shop.local/search/syn-0004,,,,raw_html,,c58a4e087e31b155a3e19ce4227de567bdd4be69437add1b68fde944595753bf,,synthetic-shop.local,run-none156,,,ok,0.9576000738888979,2.745599951595068,0.4140001256018877,0,0,0,False,,,,5,0,0,,,,0,0,0,1,0,0.0,0.0,0.0,0.0,0.0,0.0,0.0,0.0,0.0
20261001T114616Z-f7b52bbe,synthetic,b1_jsonld,syn-0015__class_rename__03,html/syn-0015__class_rename__03.html,,positive,True,5.0,2.0,0,5,2,1.0,0,2,5,0,2,5,0,2,5,synthetic,html/syn-0015__class_rename__03.html,syn-0015__class_rename__03.html,run-none157,synthetic-shop.local,D:\Pet_Codes\science\article-price-tracker\synthetic\html\syn-0015__class_rename__03.html,https://synthetic-shop.local/search/syn-0010,https://synthetic-shop.local/search/syn-0010,,,,raw_html,,f346f73d03fda26275bc377121314b5f512cfc4eca3dd6db1d5d5a65d9051d89,,synthetic-shop.local,run-none157,,,ok,0.7062000222504139,4.041400039568543,0.6538999732583761,2,2,2,False,,,,5,0,0,,,,0,1,0,0,0,0.0,0.0,0.0,0.0,0.0,0.0,0.0,0.0,0.0
20261001T114616Z-f7b52bbe,synthetic,b1_jsonld,syn-0015__field_reorder__01,html/syn-0015__field_reorder__01.html,,positive,True,5.0,2.0,0,5,2,1.0,0,2,5,0,2,5,0,2,5,synthetic,html/syn-0015__field_reorder__01.html,syn-0015__field_reorder__01.html,run-none158,synthetic-shop.local,D:\Pet_Codes\science\article-price-tracker\synthetic\html\syn-0015__field_reorder__01.html,https://synthetic-shop.local/search/syn-0010,https://synthetic-shop.local/search/syn-0010,,,,raw_html,,19385818d01ae5a0df2d22ebb7ca3c82a1fe3a7bb977b5b9294ef2fdba2e7ba1,,synthetic-shop.local,run-none158,,,ok,0.5696001462638378,4.751300206407905,1.788900000974536,2,2,2,False,,,,5,0,0,,,,0,1,0,0,0,0.0,0.0,0.0,0.0,0.0,0.0,0.0,0.0,0.0
20261001T114616Z-f7b52bbe,synthetic,b1_jsonld,syn-0015__field_reorder__02,html/syn-0015__field_reorder__02.html,,positive,True,5.0,0.0,0,5,0,0.0,0,0,5,0,0,5,0,0,5,synthetic,html/syn-0015__field_reorder__02.html,syn-0015__field_reorder__02.html,run-none159,synthetic-shop.local,D:\Pet_Codes\science\article-price-tracker\synthetic\html\syn-0015__field_reorder__02.html,https://synthetic-shop.local/search/syn-0014,https://synthetic-shop.local/search/syn-0014,,,,raw_html,,5aa59cad8836984d6e8d0b19e9b413f18b801c77d9194d8f404e68d23fe3de84,,synthetic-shop.local,run-none159,,,ok,0.6281998939812183,5.556000163778663,0.5010000895708799,0,0,0,False,,,,5,0,0,,,,0,0,0,1,0,0.0,0.0,0.0,0.0,0.0,0.0,0.0,0.0,0.0
20261001T114616Z-f7b52bbe,synthetic,b1_jsonld,syn-0015__subtree_relocate__01,html/syn-0015__subtree_relocate__01.html,,positive,True,5.0,2.0,0,5,2,1.0,0,2,5,0,2,5,0,2,5,synthetic,html/syn-0015__subtree_relocate__01.html,syn-0015__subtree_relocate__01.html,run-none160,synthetic-shop.local,D:\Pet_Codes\science\article-price-tracker\synthetic\html\syn-0015__subtree_relocate__01.html,https://synthetic-shop.local/search/syn-0020,https://synthetic-shop.local/search/syn-0020,,,,raw_html,,65ec806c3edd17f2168deaa5d5490bd001670c16087e1186f5606636de505601,,synthetic-shop.local,run-none160,,,ok,0.5814000032842159,2.3433000314980745,0.542899826541543,2,2,2,False,,,,5,0,0,,,,0,1,0,0,0,0.0,0.0,0.0,0.0,0.0,0.0,0.0,0.0,0.0
20261001T114616Z-f7b52bbe,synthetic,b1_jsonld,syn-0015__subtree_relocate__02,html/syn-0015__subtree_relocate__02.html,,positive,True,5.0,0.0,0,5,0,0.0,0,0,5,0,0,5,0,0,5,synthetic,html/syn-0015__subtree_relocate__02.html,syn-0015__subtree_relocate__02.html,run-none161,synthetic-shop.local,D:\Pet_Codes\science\article-price-tracker\synthetic\html\syn-0015__subtree_relocate__02.html,https://synthetic-shop.local/search/syn-0018,https://synthetic-shop.local/search/syn-0018,,,,raw_html,,61f6865d40c037b0b5c9c96a81a2559ef962c8e8f1709cb40002035dcb43ef1d,,synthetic-shop.local,run-none161,,,ok,0.7197998929768801,2.5720999110490084,0.5091000348329544,0,0,0,False,,,,5,0,0,,,,0,0,0,1,0,0.0,0.0,0.0,0.0,0.0,0.0,0.0,0.0,0.0
20261001T114616Z-f7b52bbe,synthetic,b1_jsonld,syn-0015__wrapper_insert__01,html/syn-0015__wrapper_insert__01.html,,positive,True,5.0,0.0,0,5,0,0.0,0,0,5,0,0,5,0,0,5,synthetic,html/syn-0015__wrapper_insert__01.html,syn-0015__wrapper_insert__01.html,run-none162,synthetic-shop.local,D:\Pet_Codes\science\article-price-tracker\synthetic\html\syn-0015__wrapper_insert__01.html,https://synthetic-shop.local/search/syn-0009,https://synthetic-shop.local/search/syn-0009,,,,raw_html,,5c5fec55d4e9e28b883d05ec3eac0eb708aaed1547ba5a43b18273f24d4ef8df,,synthetic-shop.local,run-none162,,,ok,0.6692998576909304,2.978699980303645,0.3925999626517296,0,0,0,False,,,,5,0,0,,,,0,0,0,1,0,0.0,0.0,0.0,0.0,0.0,0.0,0.0,0.0,0.0
20261001T114616Z-f7b52bbe,synthetic,b1_jsonld,syn-0015__wrapper_insert__02,html/syn-0015__wrapper_insert__02.html,,positive,True,5.0,0.0,0,5,0,0.0,0,0,5,0,0,5,0,0,5,synthetic,html/syn-0015__wrapper_insert__02.html,syn-0015__wrapper_insert__02.html,run-none163,synthetic-shop.local,D:\Pet_Codes\science\article-price-tracker\synthetic\html\syn-0015__wrapper_insert__02.html,https://synthetic-shop.local/search/syn-0005,https://synthetic-shop.local/search/syn-0005,,,,raw_html,,1db42c69530f32c581fded731f385092dd8379fab138807ce44fa01eac77f9a9,,synthetic-shop.local,run-none163,,,ok,0.7512001320719719,5.753000034019351,1.220199977979064,0,0,0,False,,,,5,0,0,,,,0,0,0,1,0,0.0,0.0,0.0,0.0,0.0,0.0,0.0,0.0,0.0
20261001T114616Z-f7b52bbe,synthetic,b1_jsonld,syn-0015__wrapper_insert__03,html/syn-0015__wrapper_insert__03.html,,positive,True,5.0,0.0,0,5,0,0.0,0,0,5,0,0,5,0,0,5,synthetic,html/syn-0015__wrapper_insert__03.html,syn-0015__wrapper_insert__03.html,run-none164,synthetic-shop.local,D:\Pet_Codes\science\article-price-tracker\synthetic\html\syn-0015__wrapper_insert__03.html,https://synthetic-shop.local/search/syn-0017,https://synthetic-shop.local/search/syn-0017,,,,raw_html,,8a763b22baa02a5cc75da778c4569d0abc146857e5c352b36e3677c23f9f5639,,synthetic-shop.local,run-none164,,,ok,0.6967999506741762,2.833800157532096,0.3169998526573181,0,0,0,False,,,,5,0,0,,,,0,0,0,1,0,0.0,0.0,0.0,0.0,0.0,0.0,0.0,0.0,0.0
20261001T114616Z-f7b52bbe,synthetic,b1_jsonld,syn-0016,html/syn-0016.html,,unannotated,False,,,0,0,0,,0,0,0,0,0,0,0,0,0,synthetic,html/syn-0016.html,syn-0016.html,run-none165,synthetic-shop.local,D:\Pet_Codes\science\article-price-tracker\synthetic\html\syn-0016.html,https://synthetic-shop.local/search/syn-0008,https://synthetic-shop.local/search/syn-0008,,,,raw_html,,ac570442bf23f8c22894c4eb47973dace2e0b1709c1d8c1dd7d340029bb6bdea,,synthetic-shop.local,run-none165,,,ok,0.7595999632030725,4.357399884611368,0.5170998629182577,0,0,0,False,,,,0,0,0,,,,0,0,0,0,0,,,,,,,,,
20261001T114616Z-f7b52bbe,synthetic,b1_jsonld,syn-0016__class_rename__01,html/syn-0016__class_rename__01.html,,positive,True,5.0,0.0,0,5,0,0.0,0,0,5,0,0,5,0,0,5,synthetic,html/syn-0016__class_rename__01.html,syn-0016__class_rename__01.html,run-none166,synthetic-shop.local,D:\Pet_Codes\science\article-price-tracker\synthetic\html\syn-0016__class_rename__01.html,https://synthetic-shop.local/search/syn-0002,https://synthetic-shop.local/search/syn-0002,,,,raw_html,,f0258cca9f04f24268c96dbb7f45cc6cc381bfa147ebfa0e9fc6d52137049533,,synthetic-shop.local,run-none166,,,ok,1.9821999594569206,3.0251999851316214,0.5850000306963921,0,0,0,False,,,,5,0,0,,,,0,0,0,1,0,0.0,0.0,0.0,0.0,0.0,0.0,0.0,0.0,0.0
20261001T114616Z-f7b52bbe,synthetic,b1_jsonld,syn-0016__class_rename__02,html/syn-0016__class_rename__02.html,,positive,True,5.0,0.0,0,5,0,0.0,0,0,5,0,0,5,0,0,5,synthetic,html/syn-0016__class_rename__02.html,syn-0016__class_rename__02.html,run-none167,synthetic-shop.local,D:\Pet_Codes\science\article-price-tracker\synthetic\html\syn-0016__class_rename__02.html,https://synthetic-shop.local/search/syn-0018,https://synthetic-shop.local/search/syn-0018,,,,raw_html,,b1b573f0752c476acaf611ff6fa64cb5846222757747142a22086dd204b7b5ed,,synthetic-shop.local,run-none167,,,ok,0.8604000322520733,1.965800067409873,0.32919994555413723,0,0,0,False,,,,5,0,0,,,,0,0,0,1,0,0.0,0.0,0.0,0.0,0.0,0.0,0.0,0.0,0.0
20261001T114616Z-f7b52bbe,synthetic,b1_jsonld,syn-0016__class_rename__03,html/syn-0016__class_rename__03.html,,positive,True,5.0,5.0,0,5,5,1.0,0,5,5,0,5,5,0,5,5,synthetic,html/syn-0016__class_rename__03.html,syn-0016__class_rename__03.html,run-none168,synthetic-shop.local,D:\Pet_Codes\science\article-price-tracker\synthetic\html\syn-0016__class_rename__03.html,https://synthetic-shop.local/search/syn-0011,https://synthetic-shop.local/search/syn-0011,,,,raw_html,,50efbdbd7b73c392192476da385bc27cfcc9859df9adc0f69c72162ec9120171,,synthetic-shop.local,run-none168,,,ok,0.7162000983953476,2.199100097641349,0.9106001816689968,5,5,5,False,,,,5,0,0,,,,0,1,0,0,0,0.0,0.0,0.0,0.0,0.0,0.0,0.0,0.0,0.0
20261001T114616Z-f7b52bbe,synthetic,b1_jsonld,syn-0016__field_reorder__01,html/syn-0016__field_reorder__01.html,,positive,True,5.0,0.0,0,5,0,0.0,0,0,5,0,0,5,0,0,5,synthetic,html/syn-0016__field_reorder__01.html,syn-0016__field_reorder__01.html,run-none169,synthetic-shop.local,D:\Pet_Codes\science\article-price-tracker\synthetic\html\syn-0016__field_reorder__01.html,https://synthetic-shop.local/search/syn-0012,https://synthetic-shop.local/search/syn-0012,,,,raw_html,,16bb09404193b35198f68013b048d9ed01a2ee3caec7f47ab95ffca470d86957,,synthetic-shop.local,run-none169,,,ok,0.7577999494969845,2.6238001883029938,0.34750020131468773,0,0,0,False,,,,5,0,0,,,,0,0,0,1,0,0.0,0.0,0.0,0.0,0.0,0.0,0.0,0.0,0.0
20261001T114616Z-f7b52bbe,synthetic,b1_jsonld,syn-0016__field_reorder__02,html/syn-0016__field_reorder__02.html,,positive,True,5.0,0.0,0,5,0,0.0,0,0,5,0,0,5,0,0,5,synthetic,html/syn-0016__field_reorder__02.html,syn-0016__field_reorder__02.html,run-none170,synthetic-shop.local,D:\Pet_Codes\science\article-price-tracker\synthetic\html\syn-0016__field_reorder__02.html,https://synthetic-shop.local/search/syn-0017,https://synthetic-shop.local/search/syn-0017,,,,raw_html,,74c519715984c16e44aa0832b06dccdef5253aa44ebc6482ec044fd4b18007fd,,synthetic-shop.local,run-none170,,,ok,0.7130000740289688,2.8337999247014523,0.29380014166235924,0,0,0,False,,,,5,0,0,,,,0,0,0,1,0,0.0,0.0,0.0,0.0,0.0,0.0,0.0,0.0,0.0
20261001T114616Z-f7b52bbe,synthetic,b1_jsonld,syn-0016__subtree_relocate__01,html/syn-0016__subtree_relocate__01.html,,positive,True,5.0,0.0,0,5,0,0.0,0,0,5,0,0,5,0,0,5,synthetic,html/syn-0016__subtree_relocate__01.html,syn-0016__subtree_relocate__01.html,run-none171,synthetic-shop.local,D:\Pet_Codes\science\article-price-tracker\synthetic\html\syn-0016__subtree_relocate__01.html,https://synthetic-shop.local/search/syn-0007,https://synthetic-shop.local/search/syn-0007,,,,raw_html,,2302c0d2a71b41bf2e76dbc6efaf93d64a248233c4b65aa700ec01fbe92fa57f,,synthetic-shop.local,run-none171,,,ok,0.7101998198777437,3.558799857273698,0.37160003557801247,0,0,0,False,,,,5,0,0,,,,0,0,0,1,0,0.0,0.0,0.0,0.0,0.0,0.0,0.0,0.0,0.0
20261001T114616Z-f7b52bbe,synthetic,b1_jsonld,syn-0016__subtree_relocate__02,html/syn-0016__subtree_relocate__02.html,,positive,True,5.0,0.0,0,5,0,0.0,0,0,5,0,0,5,0,0,5,synthetic,html/syn-0016__subtree_relocate__02.html,syn-0016__subtree_relocate__02.html,run-none172,synthetic-shop.local,D:\Pet_Codes\science\article-price-tracker\synthetic\html\syn-0016__subtree_relocate__02.html,https://synthetic-shop.local/search/syn-0004,https://synthetic-shop.local/search/syn-0004,,,,raw_html,,d92656cd822de5a9a767e9409e4ba398893f9fa231e23e6194d53be72235f113,,synthetic-shop.local,run-none172,,,ok,0.6311000324785709,3.5536999348551035,0.4702999722212553,0,0,0,False,,,,5,0,0,,,,0,0,0,1,0,0.0,0.0,0.0,0.0,0.0,0.0,0.0,0.0,0.0
20261001T114616Z-f7b52bbe,synthetic,b1_jsonld,syn-0016__wrapper_insert__01,html/syn-0016__wrapper_insert__01.html,,positive,True,5.0,0.0,0,5,0,0.0,0,0,5,0,0,5,0,0,5,synthetic,html/syn-0016__wrapper_insert__01.html,syn-0016__wrapper_insert__01.html,run-none173,synthetic-shop.local,D:\Pet_Codes\science\article-price-tracker\synthetic\html\syn-0016__wrapper_insert__01.html,https://synthetic-shop.local/search/syn-0003,https://synthetic-shop.local/search/syn-0003,,,,raw_html,,e201fa8f316b1b33c49277a74df2aaf6dd6ba286339a20e6ab28211be0d0ee69,,synthetic-shop.local,run-none173,,,ok,0.7435998413711786,4.137200070545077,1.913700019940734,0,0,0,False,,,,5,0,0,,,,0,0,0,1,0,0.0,0.0,0.0,0.0,0.0,0.0,0.0,0.0,0.0
20261001T114616Z-f7b52bbe,synthetic,b1_jsonld,syn-0016__wrapper_insert__02,html/syn-0016__wrapper_insert__02.html,,positive,True,5.0,5.0,0,5,5,1.0,0,5,5,0,5,5,0,5,5,synthetic,html/syn-0016__wrapper_insert__02.html,syn-0016__wrapper_insert__02.html,run-none174,synthetic-shop.local,D:\Pet_Codes\science\article-price-tracker\synthetic\html\syn-0016__wrapper_insert__02.html,https://synthetic-shop.local/search/syn-0011,https://synthetic-shop.local/search/syn-0011,,,,raw_html,,8ce0372006850ba33045b88e8224ac2fc19c743b3a853030e091d171dba930a8,,synthetic-shop.local,run-none174,,,ok,0.6257998757064342,2.5623999536037445,0.8225999772548676,5,5,5,False,,,,5,0,0,,,,0,1,0,0,0,0.0,0.0,0.0,0.0,0.0,0.0,0.0,0.0,0.0
20261001T114616Z-f7b52bbe,synthetic,b1_jsonld,syn-0016__wrapper_insert__03,html/syn-0016__wrapper_insert__03.html,,positive,True,5.0,0.0,0,5,0,0.0,0,0,5,0,0,5,0,0,5,synthetic,html/syn-0016__wrapper_insert__03.html,syn-0016__wrapper_insert__03.html,run-none175,synthetic-shop.local,D:\Pet_Codes\science\article-price-tracker\synthetic\html\syn-0016__wrapper_insert__03.html,https://synthetic-shop.local/search/syn-0002,https://synthetic-shop.local/search/syn-0002,,,,raw_html,,f12afe12950a31985ca349b9f750ec6df784b30f0ec32409a6b652631d8c0677,,synthetic-shop.local,run-none175,,,ok,0.6936998106539249,2.045499859377742,0.35939994268119335,0,0,0,False,,,,5,0,0,,,,0,0,0,1,0,0.0,0.0,0.0,0.0,0.0,0.0,0.0,0.0,0.0
20261001T114616Z-f7b52bbe,synthetic,b1_jsonld,syn-0017,html/syn-0017.html,,unannotated,False,,,0,0,0,,0,0,0,0,0,0,0,0,0,synthetic,html/syn-0017.html,syn-0017.html,run-none176,synthetic-shop.local,D:\Pet_Codes\science\article-price-tracker\synthetic\html\syn-0017.html,https://synthetic-shop.local/search/syn-0005,https://synthetic-shop.local/search/syn-0005,,,,raw_html,,087db53f8eff747307ac34667ca34ce250061e2d91f75acbcae4077b5222f9a4,,synthetic-shop.local,run-none176,,,ok,0.8811999578028917,4.335599951446056,0.5394998006522655,0,0,0,False,,,,0,0,0,,,,0,0,0,0,0,,,,,,,,,
20261001T114616Z-f7b52bbe,synthetic,b1_jsonld,syn-0017__class_rename__01,html/syn-0017__class_rename__01.html,,positive,True,5.0,0.0,0,5,0,0.0,0,0,5,0,0,5,0,0,5,synthetic,html/syn-0017__class_rename__01.html,syn-0017__class_rename__01.html,run-none177,synthetic-shop.local,D:\Pet_Codes\science\article-price-tracker\synthetic\html\syn-0017__class_rename__01.html,https://synthetic-shop.local/search/syn-0007,https://synthetic-shop.local/search/syn-0007,,,,raw_html,,95d2bedb1f44c11b126ed8f303c471d08b1c4a7b09faa5b3b8f73837c7ca5226,,synthetic-shop.local,run-none177,,,ok,0.857899896800518,3.882099874317646,0.3619000781327486,0,0,0,False,,,,5,0,0,,,,0,0,0,1,0,0.0,0.0,0.0,0.0,0.0,0.0,0.0,0.0,0.0
20261001T114616Z-f7b52bbe,synthetic,b1_jsonld,syn-0017__class_rename__02,html/syn-0017__class_rename__02.html,,positive,True,5.0,0.0,0,5,0,0.0,0,0,5,0,0,5,0,0,5,synthetic,html/syn-0017__class_rename__02.html,syn-0017__class_rename__02.html,run-none178,synthetic-shop.local,D:\Pet_Codes\science\article-price-tracker\synthetic\html\syn-0017__class_rename__02.html,https://synthetic-shop.local/search/syn-0003,https://synthetic-shop.local/search/syn-0003,,,,raw_html,,fbe094f0b247ed7fad41bf32afbf0aec2b96eb22ee1abd6bac1a281ddaae04dc,,synthetic-shop.local,run-none178,,,ok,0.5329998675733805,1.747300149872899,0.25649997405707836,0,0,0,False,,,,5,0,0,,,,0,0,0,1,0,0.0,0.0,0.0,0.0,0.0,0.0,0.0,0.0,0.0
20261001T114616Z-f7b52bbe,synthetic,b1_jsonld,syn-0017__class_rename__03,html/syn-0017__class_rename__03.html,,positive,True,5.0,0.0,0,5,0,0.0,0,0,5,0,0,5,0,0,5,synthetic,html/syn-0017__class_rename__03.html,syn-0017__class_rename__03.html,run-none179,synthetic-shop.local,D:\Pet_Codes\science\article-price-tracker\synthetic\html\syn-0017__class_rename__03.html,https://synthetic-shop.local/search/syn-0014,https://synthetic-shop.local/search/syn-0014,,,,raw_html,,258f3c8a5b6b301ef4a3f28e420c0857caadac00a0bfeef1520be5ecc910e0d4,,synthetic-shop.local,run-none179,,,ok,0.4921997897326946,1.7626001499593258,0.2929999027401209,0,0,0,False,,,,5,0,0,,,,0,0,0,1,0,0.0,0.0,0.0,0.0,0.0,0.0,0.0,0.0,0.0
20261001T114616Z-f7b52bbe,synthetic,b1_jsonld,syn-0017__field_reorder__01,html/syn-0017__field_reorder__01.html,,positive,True,5.0,0.0,0,5,0,0.0,0,0,5,0,0,5,0,0,5,synthetic,html/syn-0017__field_reorder__01.html,syn-0017__field_reorder__01.html,run-none180,synthetic-shop.local,D:\Pet_Codes\science\article-price-tracker\synthetic\html\syn-0017__field_reorder__01.html,https://synthetic-shop.local/search/syn-0005,https://synthetic-shop.local/search/syn-0005,,,,raw_html,,3835f43258366b5fdc1039db40c85e19daebfff3eea2a08157ca9f59ed36c139,,synthetic-shop.local,run-none180,,,ok,0.5781999789178371,2.390400040894747,0.31729997135698795,0,0,0,False,,,,5,0,0,,,,0,0,0,1,0,0.0,0.0,0.0,0.0,0.0,0.0,0.0,0.0,0.0
20261001T114616Z-f7b52bbe,synthetic,b1_jsonld,syn-0017__field_reorder__02,html/syn-0017__field_reorder__02.html,,positive,True,5.0,2.0,0,5,2,1.0,0,2,5,0,2,5,0,2,5,synthetic,html/syn-0017__field_reorder__02.html,syn-0017__field_reorder__02.html,run-none181,synthetic-shop.local,D:\Pet_Codes\science\article-price-tracker\synthetic\html\syn-0017__field_reorder__02.html,https://synthetic-shop.local/search/syn-0020,https://synthetic-shop.local/search/syn-0020,,,,raw_html,,da02c9bd33c37215fcd4601600226d881eaf90bdc741f4dfba7c800dd5607094,,synthetic-shop.local,run-none181,,,ok,0.5236000288277864,3.4284000284969807,0.62700011767447,2,2,2,False,,,,5,0,0,,,,0,1,0,0,0,0.0,0.0,0.0,0.0,0.0,0.0,0.0,0.0,0.0
20261001T114616Z-f7b52bbe,synthetic,b1_jsonld,syn-0017__subtree_relocate__01,html/syn-0017__subtree_relocate__01.html,,positive,True,5.0,0.0,0,5,0,0.0,0,0,5,0,0,5,0,0,5,synthetic,html/syn-0017__subtree_relocate__01.html,syn-0017__subtree_relocate__01.html,run-none182,synthetic-shop.local,D:\Pet_Codes\science\article-price-tracker\synthetic\html\syn-0017__subtree_relocate__01.html,https://synthetic-shop.local/search/syn-0013,https://synthetic-shop.local/search/syn-0013,,,,raw_html,,a6d6bcdc6f98077d60b7bfb04b949ce1f5cac0e906258e78d254ae439f2302cc,,synthetic-shop.local,run-none182,,,ok,0.49460004083812237,4.066099878400564,0.2788999117910862,0,0,0,False,,,,5,0,0,,,,0,0,0,1,0,0.0,0.0,0.0,0.0,0.0,0.0,0.0,0.0,0.0
20261001T114616Z-f7b52bbe,synthetic,b1_jsonld,syn-0017__subtree_relocate__02,html/syn-0017__subtree_relocate__02.html,,positive,True,5.0,0.0,0,5,0,0.0,0,0,5,0,0,5,0,0,5,synthetic,html/syn-0017__subtree_relocate__02.html,syn-0017__subtree_relocate__02.html,run-none183,synthetic-shop.local,D:\Pet_Codes\science\article-price-tracker\synthetic\html\syn-0017__subtree_relocate__02.html,https://synthetic-shop.local/search/syn-0014,https://synthetic-shop.local/search/syn-0014,,,,raw_html,,0a79c10b1768bcb00daa4e466d7fe729d219b9eeaa75dee822a742d37bcdad90,,synthetic-shop.local,run-none183,,,ok,0.49269990995526314,7.899499963968992,0.2762000076472759,0,0,0,False,,,,5,0,0,,,,0,0,0,1,0,0.0,0.0,0.0,0.0,0.0,0.0,0.0,0.0,0.0
20261001T114616Z-f7b52bbe,synthetic,b1_jsonld,syn-0017__wrapper_insert__01,html/syn-0017__wrapper_insert__01.html,,positive,True,5.0,0.0,0,5,0,0.0,0,0,5,0,0,5,0,0,5,synthetic,html/syn-0017__wrapper_insert__01.html,syn-0017__wrapper_insert__01.html,run-none184,synthetic-shop.local,D:\Pet_Codes\science\article-price-tracker\synthetic\html\syn-0017__wrapper_insert__01.html,https://synthetic-shop.local/search/syn-0008,https://synthetic-shop.local/search/syn-0008,,,,raw_html,,285a0ae69977e0b0afa16bc6fcc3726981929d2cb0e3cf7366dd33cadb41b7e6,,synthetic-shop.local,run-none184,,,ok,0.562300207093358,1.972199883311987,0.291300006210804,0,0,0,False,,,,5,0,0,,,,0,0,0,1,0,0.0,0.0,0.0,0.0,0.0,0.0,0.0,0.0,0.0
20261001T114616Z-f7b52bbe,synthetic,b1_jsonld,syn-0017__wrapper_insert__02,html/syn-0017__wrapper_insert__02.html,,positive,True,5.0,0.0,0,5,0,0.0,0,0,5,0,0,5,0,0,5,synthetic,html/syn-0017__wrapper_insert__02.html,syn-0017__wrapper_insert__02.html,run-none185,synthetic-shop.local,D:\Pet_Codes\science\article-price-tracker\synthetic\html\syn-0017__wrapper_insert__02.html,https://synthetic-shop.local/search/syn-0008,https://synthetic-shop.local/search/syn-0008,,,,raw_html,,a62d1df28eb86acffce7f446ee9a69653879a05522119b094efb39774008f922,,synthetic-shop.local,run-none185,,,ok,0.5538000259548426,2.9449001885950565,0.5076001398265362,0,0,0,False,,,,5,0,0,,,,0,0,0,1,0,0.0,0.0,0.0,0.0,0.0,0.0,0.0,0.0,0.0
20261001T114616Z-f7b52bbe,synthetic,b1_jsonld,syn-0017__wrapper_insert__03,html/syn-0017__wrapper_insert__03.html,,positive,True,5.0,0.0,0,5,0,0.0,0,0,5,0,0,5,0,0,5,synthetic,html/syn-0017__wrapper_insert__03.html,syn-0017__wrapper_insert__03.html,run-none186,synthetic-shop.local,D:\Pet_Codes\science\article-price-tracker\synthetic\html\syn-0017__wrapper_insert__03.html,https://synthetic-shop.local/search/syn-0006,https://synthetic-shop.local/search/syn-0006,,,,raw_html,,703afd08b8eb8a7f3c9c569568d08e588adf4d0b2f503fdf45a69eed36361b12,,synthetic-shop.local,run-none186,,,ok,0.6642998196184635,2.003900008276105,0.32899994403123856,0,0,0,False,,,,5,0,0,,,,0,0,0,1,0,0.0,0.0,0.0,0.0,0.0,0.0,0.0,0.0,0.0
20261001T114616Z-f7b52bbe,synthetic,b1_jsonld,syn-0018,html/syn-0018.html,,unannotated,False,,,0,0,0,,0,0,0,0,0,0,0,0,0,synthetic,html/syn-0018.html,syn-0018.html,run-none187,synthetic-shop.local,D:\Pet_Codes\science\article-price-tracker\synthetic\html\syn-0018.html,https://synthetic-shop.local/search/syn-0004,https://synthetic-shop.local/search/syn-0004,,,,raw_html,,c6a75e9a0b34798d4cfba731e855798cae0181bb21b7e5fa2c01ba4460c82609,,synthetic-shop.local,run-none187,,,ok,0.5296999588608742,1.7532999627292156,0.25949999690055847,0,0,0,False,,,,0,0,0,,,,0,0,0,0,0,,,,,,,,,
20261001T114616Z-f7b52bbe,synthetic,b1_jsonld,syn-0018__class_rename__01,html/syn-0018__class_rename__01.html,,positive,True,5.0,0.0,0,5,0,0.0,0,0,5,0,0,5,0,0,5,synthetic,html/syn-0018__class_rename__01.html,syn-0018__class_rename__01.html,run-none188,synthetic-shop.local,D:\Pet_Codes\science\article-price-tracker\synthetic\html\syn-0018__class_rename__01.html,https://synthetic-shop.local/search/syn-0016,https://synthetic-shop.local/search/syn-0016,,,,raw_html,,5e7682e3ca65ea5d1678c4aab8fd1e70ea66e8387a250054b04f0ba5542d7100,,synthetic-shop.local,run-none188,,,ok,0.5845001433044672,1.434599980711937,0.29269978404045105,0,0,0,False,,,,5,0,0,,,,0,0,0,1,0,0.0,0.0,0.0,0.0,0.0,0.0,0.0,0.0,0.0
20261001T114616Z-f7b52bbe,synthetic,b1_jsonld,syn-0018__class_rename__02,html/syn-0018__class_rename__02.html,,positive,True,5.0,0.0,0,5,0,0.0,0,0,5,0,0,5,0,0,5,synthetic,html/syn-0018__class_rename__02.html,syn-0018__class_rename__02.html,run-none189,synthetic-shop.local,D:\Pet_Codes\science\article-price-tracker\synthetic\html\syn-0018__class_rename__02.html,https://synthetic-shop.local/search/syn-0015,https://synthetic-shop.local/search/syn-0015,,,,raw_html,,0f4e0a458fc207ded17eccee5f579cad56e56e6ebac2d13420a97deda799c408,,synthetic-shop.local,run-none189,,,ok,0.7283999584615231,3.0753999017179012,0.3744000568985939,0,0,0,False,,,,5,0,0,,,,0,0,0,1,0,0.0,0.0,0.0,0.0,0.0,0.0,0.0,0.0,0.0
20261001T114616Z-f7b52bbe,synthetic,b1_jsonld,syn-0018__class_rename__03,html/syn-0018__class_rename__03.html,,positive,True,5.0,0.0,0,5,0,0.0,0,0,5,0,0,5,0,0,5,synthetic,html/syn-0018__class_rename__03.html,syn-0018__class_rename__03.html,run-none190,synthetic-shop.local,D:\Pet_Codes\science\article-price-tracker\synthetic\html\syn-0018__class_rename__03.html,https://synthetic-shop.local/search/syn-0013,https://synthetic-shop.local/search/syn-0013,,,,raw_html,,4a65ec3aa9b79a961f134b9059c37af6f647ff27d9a51229fbb345c237ba2c63,,synthetic-shop.local,run-none190,,,ok,0.6491998210549355,2.8973000589758158,0.41120010428130627,0,0,0,False,,,,5,0,0,,,,0,0,0,1,0,0.0,0.0,0.0,0.0,0.0,0.0,0.0,0.0,0.0
20261001T114616Z-f7b52bbe,synthetic,b1_jsonld,syn-0018__field_reorder__01,html/syn-0018__field_reorder__01.html,,positive,True,5.0,0.0,0,5,0,0.0,0,0,5,0,0,5,0,0,5,synthetic,html/syn-0018__field_reorder__01.html,syn-0018__field_reorder__01.html,run-none191,synthetic-shop.local,D:\Pet_Codes\science\article-price-tracker\synthetic\html\syn-0018__field_reorder__01.html,https://synthetic-shop.local/search/syn-0008,https://synthetic-shop.local/search/syn-0008,,,,raw_html,,d89de192ad336e496a3beb5fa0f49e31c11aba7cac7dc455ec3e59b65fa961fd,,synthetic-shop.local,run-none191,,,ok,0.49860007129609585,1.7760000191628933,0.2691000699996948,0,0,0,False,,,,5,0,0,,,,0,0,0,1,0,0.0,0.0,0.0,0.0,0.0,0.0,0.0,0.0,0.0
20261001T114616Z-f7b52bbe,synthetic,b1_jsonld,syn-0018__field_reorder__02,html/syn-0018__field_reorder__02.html,,positive,True,5.0,0.0,0,5,0,0.0,0,0,5,0,0,5,0,0,5,synthetic,html/syn-0018__field_reorder__02.html,syn-0018__field_reorder__02.html,run-none192,synthetic-shop.local,D:\Pet_Codes\science\article-price-tracker\synthetic\html\syn-0018__field_reorder__02.html,https://synthetic-shop.local/search/syn-0012,https://synthetic-shop.local/search/syn-0012,,,,raw_html,,4aafe8771e00ed91842bb9fc67e39bb376310d0bc3f432d91d95441dce2b3787,,synthetic-shop.local,run-none192,,,ok,0.49649993889033794,1.801899867132306,0.27299998328089714,0,0,0,False,,,,5,0,0,,,,0,0,0,1,0,0.0,0.0,0.0,0.0,0.0,0.0,0.0,0.0,0.0
20261001T114616Z-f7b52bbe,synthetic,b1_jsonld,syn-0018__subtree_relocate__01,html/syn-0018__subtree_relocate__01.html,,positive,True,5.0,0.0,0,5,0,0.0,0,0,5,0,0,5,0,0,5,synthetic,html/syn-0018__subtree_relocate__01.html,syn-0018__subtree_relocate__01.html,run-none193,synthetic-shop.local,D:\Pet_Codes\science\article-price-tracker\synthetic\html\syn-0018__subtree_relocate__01.html,https://synthetic-shop.local/search/syn-0008,https://synthetic-shop.local/search/syn-0008,,,,raw_html,,0e009afa6502c25b43a52238d9fc7e814b2b7ed13c51f63fabf9f7049620862d,,synthetic-shop.local,run-none193,,,ok,0.47109997831285,1.72149995341897,0.2666998188942671,0,0,0,False,,,,5,0,0,,,,0,0,0,1,0,0.0,0.0,0.0,0.0,0.0,0.0,0.0,0.0,0.0
20261001T114616Z-f7b52bbe,synthetic,b1_jsonld,syn-0018__subtree_relocate__02,html/syn-0018__subtree_relocate__02.html,,positive,True,5.0,0.0,0,5,0,0.0,0,0,5,0,0,5,0,0,5,synthetic,html/syn-0018__subtree_relocate__02.html,syn-0018__subtree_relocate__02.html,run-none194,synthetic-shop.local,D:\Pet_Codes\science\article-price-tracker\synthetic\html\syn-0018__subtree_relocate__02.html,https://synthetic-shop.local/search/syn-0004,https://synthetic-shop.local/search/syn-0004,,,,raw_html,,4ed0cefe550bf79bf893310fed10fce6059d26f52303953fd1eef401cb3e7f22,,synthetic-shop.local,run-none194,,,ok,0.48159994184970856,2.6134999934583902,0.4257000982761383,0,0,0,False,,,,5,0,0,,,,0,0,0,1,0,0.0,0.0,0.0,0.0,0.0,0.0,0.0,0.0,0.0
20261001T114616Z-f7b52bbe,synthetic,b1_jsonld,syn-0018__wrapper_insert__01,html/syn-0018__wrapper_insert__01.html,,positive,True,5.0,0.0,0,5,0,0.0,0,0,5,0,0,5,0,0,5,synthetic,html/syn-0018__wrapper_insert__01.html,syn-0018__wrapper_insert__01.html,run-none195,synthetic-shop.local,D:\Pet_Codes\science\article-price-tracker\synthetic\html\syn-0018__wrapper_insert__01.html,https://synthetic-shop.local/search/syn-0013,https://synthetic-shop.local/search/syn-0013,,,,raw_html,,f743266454a5971b33622585ef00d72810f798292ee95d683270377f29a424f2,,synthetic-shop.local,run-none195,,,ok,0.7449002005159855,1.8501998856663704,0.3037999849766493,0,0,0,False,,,,5,0,0,,,,0,0,0,1,0,0.0,0.0,0.0,0.0,0.0,0.0,0.0,0.0,0.0
20261001T114616Z-f7b52bbe,synthetic,b1_jsonld,syn-0018__wrapper_insert__02,html/syn-0018__wrapper_insert__02.html,,positive,True,5.0,0.0,0,5,0,0.0,0,0,5,0,0,5,0,0,5,synthetic,html/syn-0018__wrapper_insert__02.html,syn-0018__wrapper_insert__02.html,run-none196,synthetic-shop.local,D:\Pet_Codes\science\article-price-tracker\synthetic\html\syn-0018__wrapper_insert__02.html,https://synthetic-shop.local/search/syn-0009,https://synthetic-shop.local/search/syn-0009,,,,raw_html,,d6ad8691523850b85914cc25368fd9c00c6e12fdbc0466470898d8f7ed75d1c2,,synthetic-shop.local,run-none196,,,ok,0.5570999346673489,2.655299846082926,0.30550011433660984,0,0,0,False,,,,5,0,0,,,,0,0,0,1,0,0.0,0.0,0.0,0.0,0.0,0.0,0.0,0.0,0.0
20261001T114616Z-f7b52bbe,synthetic,b1_jsonld,syn-0018__wrapper_insert__03,html/syn-0018__wrapper_insert__03.html,,positive,True,5.0,0.0,0,5,0,0.0,0,0,5,0,0,5,0,0,5,synthetic,html/syn-0018__wrapper_insert__03.html,syn-0018__wrapper_insert__03.html,run-none197,synthetic-shop.local,D:\Pet_Codes\science\article-price-tracker\synthetic\html\syn-0018__wrapper_insert__03.html,https://synthetic-shop.local/search/syn-0002,https://synthetic-shop.local/search/syn-0002,,,,raw_html,,7ff6351743fa38d8da66d0579da80c117f82b694c4cb6e6c31fd405d64b1ab17,,synthetic-shop.local,run-none197,,,ok,0.7362000178545713,1.8114999402314425,0.2546999603509903,0,0,0,False,,,,5,0,0,,,,0,0,0,1,0,0.0,0.0,0.0,0.0,0.0,0.0,0.0,0.0,0.0
20261001T114616Z-f7b52bbe,synthetic,b1_jsonld,syn-0019,html/syn-0019.html,,unannotated,False,,,0,0,0,,0,0,0,0,0,0,0,0,0,synthetic,html/syn-0019.html,syn-0019.html,run-none198,synthetic-shop.local,D:\Pet_Codes\science\article-price-tracker\synthetic\html\syn-0019.html,https://synthetic-shop.local/search/syn-0012,https://synthetic-shop.local/search/syn-0012,,,,raw_html,,c2120581712d9404a9be023519eaad2b6e9c389d10004d4550b7e97ae92bdf8d,,synthetic-shop.local,run-none198,,,ok,0.5572999361902475,1.694600097835064,0.26240013539791107,0,0,0,False,,,,0,0,0,,,,0,0,0,0,0,,,,,,,,,
20261001T114616Z-f7b52bbe,synthetic,b1_jsonld,syn-0019__class_rename__01,html/syn-0019__class_rename__01.html,,positive,True,5.0,0.0,0,5,0,0.0,0,0,5,0,0,5,0,0,5,synthetic,html/syn-0019__class_rename__01.html,syn-0019__class_rename__01.html,run-none199,synthetic-shop.local,D:\Pet_Codes\science\article-price-tracker\synthetic\html\syn-0019__class_rename__01.html,https://synthetic-shop.local/search/syn-0019,https://synthetic-shop.local/search/syn-0019,,,,raw_html,,5743cadef5fa251e08765b98eb966755be727835f8449f72168ad611f91505a1,,synthetic-shop.local,run-none199,,,ok,0.7402999326586723,2.327500144019723,0.30780001543462276,0,0,0,False,,,,5,0,0,,,,0,0,0,1,0,0.0,0.0,0.0,0.0,0.0,0.0,0.0,0.0,0.0
20261001T114616Z-f7b52bbe,synthetic,b1_jsonld,syn-0019__class_rename__02,html/syn-0019__class_rename__02.html,,positive,True,5.0,0.0,0,5,0,0.0,0,0,5,0,0,5,0,0,5,synthetic,html/syn-0019__class_rename__02.html,syn-0019__class_rename__02.html,run-none200,synthetic-shop.local,D:\Pet_Codes\science\article-price-tracker\synthetic\html\syn-0019__class_rename__02.html,https://synthetic-shop.local/search/syn-0019,https://synthetic-shop.local/search/syn-0019,,,,raw_html,,b598db18cba835a58c115f795a617b6b89874bbf351196d94a5382152e018709,,synthetic-shop.local,run-none200,,,ok,1.244699815288186,3.142300061881542,0.31109992414712906,0,0,0,False,,,,5,0,0,,,,0,0,0,1,0,0.0,0.0,0.0,0.0,0.0,0.0,0.0,0.0,0.0
20261001T114616Z-f7b52bbe,synthetic,b1_jsonld,syn-0019__class_rename__03,html/syn-0019__class_rename__03.html,,positive,True,5.0,0.0,0,5,0,0.0,0,0,5,0,0,5,0,0,5,synthetic,html/syn-0019__class_rename__03.html,syn-0019__class_rename__03.html,run-none201,synthetic-shop.local,D:\Pet_Codes\science\article-price-tracker\synthetic\html\syn-0019__class_rename__03.html,https://synthetic-shop.local/search/syn-0012,https://synthetic-shop.local/search/syn-0012,,,,raw_html,,6357328d9d354b2f9ec88b595a12fccd50a1d56ad3b6335c0d8fb58a227169cb,,synthetic-shop.local,run-none201,,,ok,0.7174999918788671,1.8182999920099974,0.2590999938547611,0,0,0,False,,,,5,0,0,,,,0,0,0,1,0,0.0,0.0,0.0,0.0,0.0,0.0,0.0,0.0,0.0
20261001T114616Z-f7b52bbe,synthetic,b1_jsonld,syn-0019__field_reorder__02,html/syn-0019__field_reorder__02.html,,positive,True,5.0,0.0,0,5,0,0.0,0,0,5,0,0,5,0,0,5,synthetic,html/syn-0019__field_reorder__02.html,syn-0019__field_reorder__02.html,run-none202,synthetic-shop.local,D:\Pet_Codes\science\article-price-tracker\synthetic\html\syn-0019__field_reorder__02.html,https://synthetic-shop.local/search/syn-0003,https://synthetic-shop.local/search/syn-0003,,,,raw_html,,4f204db147d1d2fc55752227dcf6c980b3041c784a1fde5f2ff9e4ffd1c898ed,,synthetic-shop.local,run-none202,,,ok,0.7422999478876591,2.1147998049855232,0.37649995647370815,0,0,0,False,,,,5,0,0,,,,0,0,0,1,0,0.0,0.0,0.0,0.0,0.0,0.0,0.0,0.0,0.0
20261001T114616Z-f7b52bbe,synthetic,b1_jsonld,syn-0019__subtree_relocate__01,html/syn-0019__subtree_relocate__01.html,,positive,True,5.0,2.0,0,5,2,1.0,0,2,5,0,2,5,0,2,5,synthetic,html/syn-0019__subtree_relocate__01.html,syn-0019__subtree_relocate__01.html,run-none203,synthetic-shop.local,D:\Pet_Codes\science\article-price-tracker\synthetic\html\syn-0019__subtree_relocate__01.html,https://synthetic-shop.local/search/syn-0010,https://synthetic-shop.local/search/syn-0010,,,,raw_html,,57a6215c17ccd4fc59a0bd23b1fb57fb0112889e40cf152fba7fffca1ba2a65f,,synthetic-shop.local,run-none203,,,ok,0.6472000386565924,2.442099852487445,0.49359980039298534,2,2,2,False,,,,5,0,0,,,,0,1,0,0,0,0.0,0.0,0.0,0.0,0.0,0.0,0.0,0.0,0.0
20261001T114616Z-f7b52bbe,synthetic,b1_jsonld,syn-0019__subtree_relocate__02,html/syn-0019__subtree_relocate__02.html,,positive,True,5.0,0.0,0,5,0,0.0,0,0,5,0,0,5,0,0,5,synthetic,html/syn-0019__subtree_relocate__02.html,syn-0019__subtree_relocate__02.html,run-none204,synthetic-shop.local,D:\Pet_Codes\science\article-price-tracker\synthetic\html\syn-0019__subtree_relocate__02.html,https://synthetic-shop.local/search/syn-0002,https://synthetic-shop.local/search/syn-0002,,,,raw_html,,9102e6647bc930c6aa8e9b2ed0b5a6f84eedc09f3dbf290c44ff5978668e68f8,,synthetic-shop.local,run-none204,,,ok,0.5548999179154634,1.6880999319255352,0.24870014749467373,0,0,0,False,,,,5,0,0,,,,0,0,0,1,0,0.0,0.0,0.0,0.0,0.0,0.0,0.0,0.0,0.0
20261001T114616Z-f7b52bbe,synthetic,b1_jsonld,syn-0019__wrapper_insert__01,html/syn-0019__wrapper_insert__01.html,,positive,True,5.0,2.0,0,5,2,1.0,0,2,5,0,2,5,0,2,5,synthetic,html/syn-0019__wrapper_insert__01.html,syn-0019__wrapper_insert__01.html,run-none205,synthetic-shop.local,D:\Pet_Codes\science\article-price-tracker\synthetic\html\syn-0019__wrapper_insert__01.html,https://synthetic-shop.local/search/syn-0020,https://synthetic-shop.local/search/syn-0020,,,,raw_html,,67c7eeeb714592cc9efe4c546df29f61548684ccc32e92a5cd322abc528e45c2,,synthetic-shop.local,run-none205,,,ok,0.8632999379187822,2.4015000090003014,0.5252999253571033,2,2,2,False,,,,5,0,0,,,,0,1,0,0,0,0.0,0.0,0.0,0.0,0.0,0.0,0.0,0.0,0.0
20261001T114616Z-f7b52bbe,synthetic,b1_jsonld,syn-0019__wrapper_insert__02,html/syn-0019__wrapper_insert__02.html,,positive,True,5.0,0.0,0,5,0,0.0,0,0,5,0,0,5,0,0,5,synthetic,html/syn-0019__wrapper_insert__02.html,syn-0019__wrapper_insert__02.html,run-none206,synthetic-shop.local,D:\Pet_Codes\science\article-price-tracker\synthetic\html\syn-0019__wrapper_insert__02.html,https://synthetic-shop.local/search/syn-0005,https://synthetic-shop.local/search/syn-0005,,,,raw_html,,3a3a0b8f1de5571eec0a5dfa1a8977020e768f0eeb08f63a30edae5f9d556be8,,synthetic-shop.local,run-none206,,,ok,0.628800131380558,2.1933000534772873,0.3595000598579645,0,0,0,False,,,,5,0,0,,,,0,0,0,1,0,0.0,0.0,0.0,0.0,0.0,0.0,0.0,0.0,0.0
20261001T114616Z-f7b52bbe,synthetic,b1_jsonld,syn-0019__wrapper_insert__03,html/syn-0019__wrapper_insert__03.html,,positive,True,5.0,2.0,0,5,2,1.0,0,2,5,0,2,5,0,2,5,synthetic,html/syn-0019__wrapper_insert__03.html,syn-0019__wrapper_insert__03.html,run-none207,synthetic-shop.local,D:\Pet_Codes\science\article-price-tracker\synthetic\html\syn-0019__wrapper_insert__03.html,https://synthetic-shop.local/search/syn-0010,https://synthetic-shop.local/search/syn-0010,,,,raw_html,,48925c7e133c127356a64b1a399ceaac3b5f5be35da1943124deb88fc409a6ff,,synthetic-shop.local,run-none207,,,ok,0.7721998263150454,2.4379000533372164,0.5157999694347382,2,2,2,False,,,,5,0,0,,,,0,1,0,0,0,0.0,0.0,0.0,0.0,0.0,0.0,0.0,0.0,0.0
20261001T114616Z-f7b52bbe,synthetic,b1_jsonld,syn-0020,html/syn-0020.html,,unannotated,False,,,0,0,0,,0,0,0,0,0,0,0,0,0,synthetic,html/syn-0020.html,syn-0020.html,run-none208,synthetic-shop.local,D:\Pet_Codes\science\article-price-tracker\synthetic\html\syn-0020.html,https://synthetic-shop.local/search/syn-0014,https://synthetic-shop.local/search/syn-0014,,,,raw_html,,d8fd4647d23861dbfb551654ae88f620f03f24331e875f172050d59808534dca,,synthetic-shop.local,run-none208,,,ok,0.6112998817116022,2.428899984806776,0.2794000320136547,0,0,0,False,,,,0,0,0,,,,0,0,0,0,0,,,,,,,,,
20261001T114616Z-f7b52bbe,synthetic,b1_jsonld,syn-0020__class_rename__01,html/syn-0020__class_rename__01.html,,positive,True,5.0,2.0,0,5,2,1.0,0,2,5,0,2,5,0,2,5,synthetic,html/syn-0020__class_rename__01.html,syn-0020__class_rename__01.html,run-none209,synthetic-shop.local,D:\Pet_Codes\science\article-price-tracker\synthetic\html\syn-0020__class_rename__01.html,https://synthetic-shop.local/search/syn-0010,https://synthetic-shop.local/search/syn-0010,,,,raw_html,,242caba2d776242e71ecb8b9b2a89b457f269f57b4e81414bfc203391440b214,,synthetic-shop.local,run-none209,,,ok,0.7148000877350569,2.3375998716801405,0.44730002991855145,2,2,2,False,,,,5,0,0,,,,0,1,0,0,0,0.0,0.0,0.0,0.0,0.0,0.0,0.0,0.0,0.0
20261001T114616Z-f7b52bbe,synthetic,b1_jsonld,syn-0020__class_rename__02,html/syn-0020__class_rename__02.html,,positive,True,5.0,0.0,0,5,0,0.0,0,0,5,0,0,5,0,0,5,synthetic,html/syn-0020__class_rename__02.html,syn-0020__class_rename__02.html,run-none210,synthetic-shop.local,D:\Pet_Codes\science\article-price-tracker\synthetic\html\syn-0020__class_rename__02.html,https://synthetic-shop.local/search/syn-0019,https://synthetic-shop.local/search/syn-0019,,,,raw_html,,bf9eb91f0ee0db2f0cb2fce31215aa09fa1d78b502360b3ea3bed3d44c6326fa,,synthetic-shop.local,run-none210,,,ok,0.5675998982042074,2.1339000668376684,0.2905000001192093,0,0,0,False,,,,5,0,0,,,,0,0,0,1,0,0.0,0.0,0.0,0.0,0.0,0.0,0.0,0.0,0.0
20261001T114616Z-f7b52bbe,synthetic,b1_jsonld,syn-0020__class_rename__03,html/syn-0020__class_rename__03.html,,positive,True,5.0,0.0,0,5,0,0.0,0,0,5,0,0,5,0,0,5,synthetic,html/syn-0020__class_rename__03.html,syn-0020__class_rename__03.html,run-none211,synthetic-shop.local,D:\Pet_Codes\science\article-price-tracker\synthetic\html\syn-0020__class_rename__03.html,https://synthetic-shop.local/search/syn-0007,https://synthetic-shop.local/search/syn-0007,,,,raw_html,,85408b8eaaf9ed22313811ff649288f43562d4f37c28bfb3cd31c88fa916d6e2,,synthetic-shop.local,run-none211,,,ok,0.6673999596387148,2.3610000498592854,0.2832000609487295,0,0,0,False,,,,5,0,0,,,,0,0,0,1,0,0.0,0.0,0.0,0.0,0.0,0.0,0.0,0.0,0.0
20261001T114616Z-f7b52bbe,synthetic,b1_jsonld,syn-0020__field_reorder__01,html/syn-0020__field_reorder__01.html,,positive,True,5.0,0.0,0,5,0,0.0,0,0,5,0,0,5,0,0,5,synthetic,html/syn-0020__field_reorder__01.html,syn-0020__field_reorder__01.html,run-none212,synthetic-shop.local,D:\Pet_Codes\science\article-price-tracker\synthetic\html\syn-0020__field_reorder__01.html,https://synthetic-shop.local/search/syn-0007,https://synthetic-shop.local/search/syn-0007,,,,raw_html,,39d1844a99518b0c64574885f196dec7ffca11bb4fc117c5b333dc3149c6bd4d,,synthetic-shop.local,run-none212,,,ok,0.6105999927967787,2.0243001636117697,0.2924001310020685,0,0,0,False,,,,5,0,0,,,,0,0,0,1,0,0.0,0.0,0.0,0.0,0.0,0.0,0.0,0.0,0.0
20261001T114616Z-f7b52bbe,synthetic,b1_jsonld,syn-0020__field_reorder__02,html/syn-0020__field_reorder__02.html,,positive,True,5.0,0.0,0,5,0,0.0,0,0,5,0,0,5,0,0,5,synthetic,html/syn-0020__field_reorder__02.html,syn-0020__field_reorder__02.html,run-none213,synthetic-shop.local,D:\Pet_Codes\science\article-price-tracker\synthetic\html\syn-0020__field_reorder__02.html,https://synthetic-shop.local/search/syn-0012,https://synthetic-shop.local/search/syn-0012,,,,raw_html,,7dfe72876737971e5a86bf910f30052e20c94118b205e4e528d492d7649de2dd,,synthetic-shop.local,run-none213,,,ok,0.5177999846637249,1.777400029823184,0.2748998813331127,0,0,0,False,,,,5,0,0,,,,0,0,0,1,0,0.0,0.0,0.0,0.0,0.0,0.0,0.0,0.0,0.0
20261001T114616Z-f7b52bbe,synthetic,b1_jsonld,syn-0020__subtree_relocate__01,html/syn-0020__subtree_relocate__01.html,,positive,True,5.0,0.0,0,5,0,0.0,0,0,5,0,0,5,0,0,5,synthetic,html/syn-0020__subtree_relocate__01.html,syn-0020__subtree_relocate__01.html,run-none214,synthetic-shop.local,D:\Pet_Codes\science\article-price-tracker\synthetic\html\syn-0020__subtree_relocate__01.html,https://synthetic-shop.local/search/syn-0005,https://synthetic-shop.local/search/syn-0005,,,,raw_html,,8693afaf3684ea30f0f8054587aa9cb362dbc35e37da275c44f8996c2ed37060,,synthetic-shop.local,run-none214,,,ok,0.5089999176561832,2.822499955072999,0.4738001152873039,0,0,0,False,,,,5,0,0,,,,0,0,0,1,0,0.0,0.0,0.0,0.0,0.0,0.0,0.0,0.0,0.0
20261001T114616Z-f7b52bbe,synthetic,b1_jsonld,syn-0020__subtree_relocate__02,html/syn-0020__subtree_relocate__02.html,,positive,True,5.0,2.0,0,5,2,1.0,0,2,5,0,2,5,0,2,5,synthetic,html/syn-0020__subtree_relocate__02.html,syn-0020__subtree_relocate__02.html,run-none215,synthetic-shop.local,D:\Pet_Codes\science\article-price-tracker\synthetic\html\syn-0020__subtree_relocate__02.html,https://synthetic-shop.local/search/syn-0010,https://synthetic-shop.local/search/syn-0010,,,,raw_html,,b72fe21b1372f9a9e4a09c85325f2b52ef85c3888a045d3d0aea81ab41af992e,,synthetic-shop.local,run-none215,,,ok,0.5544000305235386,2.307299990206957,0.5226000212132931,2,2,2,False,,,,5,0,0,,,,0,1,0,0,0,0.0,0.0,0.0,0.0,0.0,0.0,0.0,0.0,0.0
20261001T114616Z-f7b52bbe,synthetic,b1_jsonld,syn-0020__wrapper_insert__01,html/syn-0020__wrapper_insert__01.html,,positive,True,5.0,0.0,0,5,0,0.0,0,0,5,0,0,5,0,0,5,synthetic,html/syn-0020__wrapper_insert__01.html,syn-0020__wrapper_insert__01.html,run-none216,synthetic-shop.local,D:\Pet_Codes\science\article-price-tracker\synthetic\html\syn-0020__wrapper_insert__01.html,https://synthetic-shop.local/search/syn-0016,https://synthetic-shop.local/search/syn-0016,,,,raw_html,,6fa5d7cffa04b8134e56b536ebc0a2ab540d1babe3e76c26643eab90baeea21f,,synthetic-shop.local,run-none216,,,ok,0.660100020468235,1.6413999255746603,0.273499870672822,0,0,0,False,,,,5,0,0,,,,0,0,0,1,0,0.0,0.0,0.0,0.0,0.0,0.0,0.0,0.0,0.0
20261001T114616Z-f7b52bbe,synthetic,b1_jsonld,syn-0020__wrapper_insert__02,html/syn-0020__wrapper_insert__02.html,,positive,True,5.0,0.0,0,5,0,0.0,0,0,5,0,0,5,0,0,5,synthetic,html/syn-0020__wrapper_insert__02.html,syn-0020__wrapper_insert__02.html,run-none217,synthetic-shop.local,D:\Pet_Codes\science\article-price-tracker\synthetic\html\syn-0020__wrapper_insert__02.html,https://synthetic-shop.local/search/syn-0013,https://synthetic-shop.local/search/syn-0013,,,,raw_html,,f68b0538b706ec4eb545649cdfd5f9ac28dab5c5d84f56869993cbcfd9c6a51c,,synthetic-shop.local,run-none217,,,ok,0.6548999808728695,4.59160003811121,0.48539997078478336,0,0,0,False,,,,5,0,0,,,,0,0,0,1,0,0.0,0.0,0.0,0.0,0.0,0.0,0.0,0.0,0.0
20261001T114616Z-f7b52bbe,synthetic,b1_jsonld,syn-0020__wrapper_insert__03,html/syn-0020__wrapper_insert__03.html,,positive,True,5.0,0.0,0,5,0,0.0,0,0,5,0,0,5,0,0,5,synthetic,html/syn-0020__wrapper_insert__03.html,syn-0020__wrapper_insert__03.html,run-none218,synthetic-shop.local,D:\Pet_Codes\science\article-price-tracker\synthetic\html\syn-0020__wrapper_insert__03.html,https://synthetic-shop.local/search/syn-0009,https://synthetic-shop.local/search/syn-0009,,,,raw_html,,1c515687177381939cb680806eca906646d8e20d69f26ee323f2bda66e4dc80a,,synthetic-shop.local,run-none218,,,ok,0.6338998209685087,3.146599978208542,0.46220002695918083,0,0,0,False,,,,5,0,0,,,,0,0,0,1,0,0.0,0.0,0.0,0.0,0.0,0.0,0.0,0.0,0.0
20261001T114616Z-f7b52bbe,synthetic,b2_css,syn-0001,html/syn-0001.html,,unannotated,False,,,0,0,0,,0,0,0,0,0,0,0,0,0,synthetic,html/syn-0001.html,syn-0001.html,run-none1,synthetic-shop.local,D:\Pet_Codes\science\article-price-tracker\synthetic\html\syn-0001.html,https://synthetic-shop.local/search/syn-0015,https://synthetic-shop.local/search/syn-0015,,,,raw_html,,2c98b87c8d128dc6cca9f010f3843a723fd33ddec1bdab9c7a240dfffb49f4e5,,synthetic-shop.local,run-none1,,,ok,0.6967000663280487,2.4929000064730644,29.670099960640073,5,5,5,False,,,,0,0,0,,,,0,0,0,0,0,,,,,,,,,
20261001T114616Z-f7b52bbe,synthetic,b2_css,syn-0001__class_rename__01,html/syn-0001__class_rename__01.html,,positive,True,5.0,5.0,0,5,5,1.0,0,5,5,0,5,5,0,5,5,synthetic,html/syn-0001__class_rename__01.html,syn-0001__class_rename__01.html,run-none2,synthetic-shop.local,D:\Pet_Codes\science\article-price-tracker\synthetic\html\syn-0001__class_rename__01.html,https://synthetic-shop.local/search/syn-0017,https://synthetic-shop.local/search/syn-0017,,,,raw_html,,22718fd147ce432c2a0d2a16e83e268104b86af1beb3bf2806151d15909f141a,,synthetic-shop.local,run-none2,,,ok,0.4368000663816929,2.553099999204278,20.940299844369292,5,5,5,False,,,,5,0,0,,,,0,1,0,0,0,0.0,0.0,0.0,0.0,0.0,0.0,0.0,0.0,0.0
20261001T114616Z-f7b52bbe,synthetic,b2_css,syn-0001__class_rename__02,html/syn-0001__class_rename__02.html,,positive,True,5.0,5.0,0,5,5,1.0,0,5,5,0,5,5,0,5,5,synthetic,html/syn-0001__class_rename__02.html,syn-0001__class_rename__02.html,run-none3,synthetic-shop.local,D:\Pet_Codes\science\article-price-tracker\synthetic\html\syn-0001__class_rename__02.html,https://synthetic-shop.local/search/syn-0010,https://synthetic-shop.local/search/syn-0010,,,,raw_html,,22ee9da46925a09a9a9948f21103d335f1dc13ef4a616cbea2824d11a8f041d0,,synthetic-shop.local,run-none3,,,ok,0.3035999834537506,2.3237999994307756,24.3989999871701,5,5,5,False,,,,5,0,0,,,,0,1,0,0,0,0.0,0.0,0.0,0.0,0.0,0.0,0.0,0.0,0.0
20261001T114616Z-f7b52bbe,synthetic,b2_css,syn-0001__class_rename__03,html/syn-0001__class_rename__03.html,,positive,True,5.0,5.0,0,5,5,1.0,0,5,5,0,5,5,0,5,5,synthetic,html/syn-0001__class_rename__03.html,syn-0001__class_rename__03.html,run-none4,synthetic-shop.local,D:\Pet_Codes\science\article-price-tracker\synthetic\html\syn-0001__class_rename__03.html,https://synthetic-shop.local/search/syn-0004,https://synthetic-shop.local/search/syn-0004,,,,raw_html,,6fc077b4029bd63f2165e6effc7fba5a56750092681edfcddea9bf78230596bc,,synthetic-shop.local,run-none4,,,ok,0.3448999486863613,2.1816000808030367,19.403800135478377,5,5,5,False,,,,5,0,0,,,,0,1,0,0,0,0.0,0.0,0.0,0.0,0.0,0.0,0.0,0.0,0.0
20261001T114616Z-f7b52bbe,synthetic,b2_css,syn-0001__field_reorder__01,html/syn-0001__field_reorder__01.html,,positive,True,5.0,5.0,0,5,5,1.0,0,5,5,0,5,5,0,5,5,synthetic,html/syn-0001__field_reorder__01.html,syn-0001__field_reorder__01.html,run-none5,synthetic-shop.local,D:\Pet_Codes\science\article-price-tracker\synthetic\html\syn-0001__field_reorder__01.html,https://synthetic-shop.local/search/syn-0016,https://synthetic-shop.local/search/syn-0016,,,,raw_html,,14c950383cf30d066871a0dea2069518f9ba1d31a977ed2932f739559d8915b8,,synthetic-shop.local,run-none5,,,ok,0.3700999077409506,1.6262999270111322,40.45500000938773,5,5,5,False,,,,5,0,0,,,,0,1,0,0,0,0.0,0.0,0.0,0.0,0.0,0.0,0.0,0.0,0.0
20261001T114616Z-f7b52bbe,synthetic,b2_css,syn-0001__field_reorder__02,html/syn-0001__field_reorder__02.html,,positive,True,5.0,5.0,0,5,5,1.0,0,5,5,0,5,5,0,5,5,synthetic,html/syn-0001__field_reorder__02.html,syn-0001__field_reorder__02.html,run-none6,synthetic-shop.local,D:\Pet_Codes\science\article-price-tracker\synthetic\html\syn-0001__field_reorder__02.html,https://synthetic-shop.local/search/syn-0010,https://synthetic-shop.local/search/syn-0010,,,,raw_html,,7927370bcc46699811ee4fcda7d587a354b5548b676ac9fb2a663a1e71bc5c21,,synthetic-shop.local,run-none6,,,ok,1.4337999746203423,17.27730012498796,40.65570002421737,5,5,5,False,,,,5,0,0,,,,0,1,0,0,0,0.0,0.0,0.0,0.0,0.0,0.0,0.0,0.0,0.0
20261001T114616Z-f7b52bbe,synthetic,b2_css,syn-0001__subtree_relocate__01,html/syn-0001__subtree_relocate__01.html,,positive,True,5.0,5.0,0,5,5,1.0,0,5,5,0,5,5,0,5,5,synthetic,html/syn-0001__subtree_relocate__01.html,syn-0001__subtree_relocate__01.html,run-none7,synthetic-shop.local,D:\Pet_Codes\science\article-price-tracker\synthetic\html\syn-0001__subtree_relocate__01.html,https://synthetic-shop.local/search/syn-0014,https://synthetic-shop.local/search/syn-0014,,,,raw_html,,57a6c499b71f1fed9b656ca3dc93812ec99843c979e5aafdfce412df22a995ed,,synthetic-shop.local,run-none7,,,ok,0.9352001361548901,5.421199835836887,27.384100016206503,5,5,5,False,,,,5,0,0,,,,0,1,0,0,0,0.0,0.0,0.0,0.0,0.0,0.0,0.0,0.0,0.0
20261001T114616Z-f7b52bbe,synthetic,b2_css,syn-0001__subtree_relocate__02,html/syn-0001__subtree_relocate__02.html,,positive,True,5.0,5.0,0,5,5,1.0,0,5,5,0,5,5,0,5,5,synthetic,html/syn-0001__subtree_relocate__02.html,syn-0001__subtree_relocate__02.html,run-none8,synthetic-shop.local,D:\Pet_Codes\science\article-price-tracker\synthetic\html\syn-0001__subtree_relocate__02.html,https://synthetic-shop.local/search/syn-0002,https://synthetic-shop.local/search/syn-0002,,,,raw_html,,4a42433359efc7f0a3b50139ba832915d8042a84559245e37b316d737617bd39,,synthetic-shop.local,run-none8,,,ok,1.8362000118941069,2.810500096529722,16.807900043204427,5,5,5,False,,,,5,0,0,,,,0,1,0,0,0,0.0,0.0,0.0,0.0,0.0,0.0,0.0,0.0,0.0
20261001T114616Z-f7b52bbe,synthetic,b2_css,syn-0001__wrapper_insert__01,html/syn-0001__wrapper_insert__01.html,,positive,True,5.0,5.0,0,5,5,1.0,0,5,5,0,5,5,0,5,5,synthetic,html/syn-0001__wrapper_insert__01.html,syn-0001__wrapper_insert__01.html,run-none9,synthetic-shop.local,D:\Pet_Codes\science\article-price-tracker\synthetic\html\syn-0001__wrapper_insert__01.html,https://synthetic-shop.local/search/syn-0017,https://synthetic-shop.local/search/syn-0017,,,,raw_html,,d92be45e929a8a64b051a01ec9ced8daf05771a7873070cf8c744e68d58fc424,,synthetic-shop.local,run-none9,,,ok,0.3869000356644392,1.984399976208806,21.39770006760955,5,5,5,False,,,,5,0,0,,,,0,1,0,0,0,0.0,0.0,0.0,0.0,0.0,0.0,0.0,0.0,0.0
20261001T114616Z-f7b52bbe,synthetic,b2_css,syn-0001__wrapper_insert__02,html/syn-0001__wrapper_insert__02.html,,positive,True,5.0,5.0,0,5,5,1.0,0,5,5,0,5,5,0,5,5,synthetic,html/syn-0001__wrapper_insert__02.html,syn-0001__wrapper_insert__02.html,run-none10,synthetic-shop.local,D:\Pet_Codes\science\article-price-tracker\synthetic\html\syn-0001__wrapper_insert__02.html,https://synthetic-shop.local/search/syn-0006,https://synthetic-shop.local/search/syn-0006,,,,raw_html,,02ab2f793d52d08f09f9a25fd0aeeffd477db6a90c77762c513f57627f14ef9e,,synthetic-shop.local,run-none10,,,ok,0.9200999047607183,1.5207999385893345,20.310499938204885,5,5,5,False,,,,5,0,0,,,,0,1,0,0,0,0.0,0.0,0.0,0.0,0.0,0.0,0.0,0.0,0.0
20261001T114616Z-f7b52bbe,synthetic,b2_css,syn-0001__wrapper_insert__03,html/syn-0001__wrapper_insert__03.html,,positive,True,5.0,5.0,0,5,5,1.0,0,5,5,0,5,5,0,5,5,synthetic,html/syn-0001__wrapper_insert__03.html,syn-0001__wrapper_insert__03.html,run-none11,synthetic-shop.local,D:\Pet_Codes\science\article-price-tracker\synthetic\html\syn-0001__wrapper_insert__03.html,https://synthetic-shop.local/search/syn-0014,https://synthetic-shop.local/search/syn-0014,,,,raw_html,,de70bd9ebffd506b1d980ee246a8c99e5b987581be3473752d334e81e062b2cd,,synthetic-shop.local,run-none11,,,ok,2.0137999672442675,2.3002000525593758,20.485199987888336,5,5,5,False,,,,5,0,0,,,,0,1,0,0,0,0.0,0.0,0.0,0.0,0.0,0.0,0.0,0.0,0.0
20261001T114616Z-f7b52bbe,synthetic,b2_css,syn-0002,html/syn-0002.html,,unannotated,False,,,0,0,0,,0,0,0,0,0,0,0,0,0,synthetic,html/syn-0002.html,syn-0002.html,run-none12,synthetic-shop.local,D:\Pet_Codes\science\article-price-tracker\synthetic\html\syn-0002.html,https://synthetic-shop.local/search/syn-0018,https://synthetic-shop.local/search/syn-0018,,,,raw_html,,bd41b7bb50eb5e91dfcc033bbd3f5f2b0b4e31ba5b40fd5ce1ce939709fc6070,,synthetic-shop.local,run-none12,,,ok,0.35089999437332153,2.4481001310050488,20.761500112712383,5,5,5,False,,,,0,0,0,,,,0,0,0,0,0,,,,,,,,,
20261001T114616Z-f7b52bbe,synthetic,b2_css,syn-0002__class_rename__01,html/syn-0002__class_rename__01.html,,positive,True,5.0,5.0,0,5,5,1.0,0,5,5,0,5,5,0,5,5,synthetic,html/syn-0002__class_rename__01.html,syn-0002__class_rename__01.html,run-none13,synthetic-shop.local,D:\Pet_Codes\science\article-price-tracker\synthetic\html\syn-0002__class_rename__01.html,https://synthetic-shop.local/search/syn-0004,https://synthetic-shop.local/search/syn-0004,,,,raw_html,,6617a7e417a88292e66fb5b2b7df3e522576a60496fa88b39bb091a862ba96bd,,synthetic-shop.local,run-none13,,,ok,0.8083998691290617,2.1478000562638044,21.637700032442808,5,5,5,False,,,,5,0,0,,,,0,1,0,0,0,0.0,0.0,0.0,0.0,0.0,0.0,0.0,0.0,0.0
20261001T114616Z-f7b52bbe,synthetic,b2_css,syn-0002__class_rename__02,html/syn-0002__class_rename__02.html,,positive,True,5.0,5.0,0,5,5,1.0,0,5,5,0,5,5,0,5,5,synthetic,html/syn-0002__class_rename__02.html,syn-0002__class_rename__02.html,run-none14,synthetic-shop.local,D:\Pet_Codes\science\article-price-tracker\synthetic\html\syn-0002__class_rename__02.html,https://synthetic-shop.local/search/syn-0020,https://synthetic-shop.local/search/syn-0020,,,,raw_html,,99afc8e7df94f653e30252072754eb666b119b47b4a80dcc4d752ad6051bf6a3,,synthetic-shop.local,run-none14,,,ok,0.7327999919652939,3.30400001257658,29.927000170573592,5,5,5,False,,,,5,0,0,,,,0,1,0,0,0,0.0,0.0,0.0,0.0,0.0,0.0,0.0,0.0,0.0
20261001T114616Z-f7b52bbe,synthetic,b2_css,syn-0002__class_rename__03,html/syn-0002__class_rename__03.html,,positive,True,5.0,5.0,0,5,5,1.0,0,5,5,0,5,5,0,5,5,synthetic,html/syn-0002__class_rename__03.html,syn-0002__class_rename__03.html,run-none15,synthetic-shop.local,D:\Pet_Codes\science\article-price-tracker\synthetic\html\syn-0002__class_rename__03.html,https://synthetic-shop.local/search/syn-0008,https://synthetic-shop.local/search/syn-0008,,,,raw_html,,6372243c9752f9e59fea4b0e74f29c698a8b9a198c5d204f5a88e9b154a72a92,,synthetic-shop.local,run-none15,,,ok,0.38100010715425014,2.7666999958455563,30.395900132134557,5,5,5,False,,,,5,0,0,,,,0,1,0,0,0,0.0,0.0,0.0,0.0,0.0,0.0,0.0,0.0,0.0
20261001T114616Z-f7b52bbe,synthetic,b2_css,syn-0002__field_reorder__01,html/syn-0002__field_reorder__01.html,,positive,True,5.0,5.0,5,0,0,1.0,5,0,0,5,0,0,5,0,0,synthetic,html/syn-0002__field_reorder__01.html,syn-0002__field_reorder__01.html,run-none16,synthetic-shop.local,D:\Pet_Codes\science\article-price-tracker\synthetic\html\syn-0002__field_reorder__01.html,https://synthetic-shop.local/search/syn-0002,https://synthetic-shop.local/search/syn-0002,,,,raw_html,,aa4953710e08c1f827fb4722d071f64b4fe73c9d2a9b9de6c455ef31a0ad54b2,,synthetic-shop.local,run-none16,,,ok,0.3722000401467085,2.2505000233650208,23.289999924600124,5,5,5,False,,,,5,0,0,1.0,0.0,0.0,0,1,0,0,0,1.0,1.0,1.0,1.0,1.0,1.0,1.0,1.0,1.0
20261001T114616Z-f7b52bbe,synthetic,b2_css,syn-0002__field_reorder__02,html/syn-0002__field_reorder__02.html,,positive,True,5.0,5.0,0,5,5,1.0,0,5,5,0,5,5,0,5,5,synthetic,html/syn-0002__field_reorder__02.html,syn-0002__field_reorder__02.html,run-none17,synthetic-shop.local,D:\Pet_Codes\science\article-price-tracker\synthetic\html\syn-0002__field_reorder__02.html,https://synthetic-shop.local/search/syn-0009,https://synthetic-shop.local/search/syn-0009,,,,raw_html,,938c61ae6fdb8a6ba78fb315e99b420f79286b395aaf1ff7dc569bfdc6f8e26f,,synthetic-shop.local,run-none17,,,ok,0.6201001815497875,3.504500025883317,32.1647000964731,5,5,5,False,,,,5,0,0,,,,0,1,0,0,0,0.0,0.0,0.0,0.0,0.0,0.0,0.0,0.0,0.0
20261001T114616Z-f7b52bbe,synthetic,b2_css,syn-0002__subtree_relocate__01,html/syn-0002__subtree_relocate__01.html,,positive,True,5.0,5.0,0,5,5,1.0,0,5,5,0,5,5,0,5,5,synthetic,html/syn-0002__subtree_relocate__01.html,syn-0002__subtree_relocate__01.html,run-none18,synthetic-shop.local,D:\Pet_Codes\science\article-price-tracker\synthetic\html\syn-0002__subtree_relocate__01.html,https://synthetic-shop.local/search/syn-0004,https://synthetic-shop.local/search/syn-0004,,,,raw_html,,a79e2081fba554971a631f8e708f336fb76b9066284df2216a0b850011a612b5,,synthetic-shop.local,run-none18,,,ok,0.38119987584650517,3.135700011625886,26.706299977377057,5,5,5,False,,,,5,0,0,,,,0,1,0,0,0,0.0,0.0,0.0,0.0,0.0,0.0,0.0,0.0,0.0
20261001T114616Z-f7b52bbe,synthetic,b2_css,syn-0002__subtree_relocate__02,html/syn-0002__subtree_relocate__02.html,,positive,True,5.0,5.0,0,5,5,1.0,0,5,5,0,5,5,0,5,5,synthetic,html/syn-0002__subtree_relocate__02.html,syn-0002__subtree_relocate__02.html,run-none19,synthetic-shop.local,D:\Pet_Codes\science\article-price-tracker\synthetic\html\syn-0002__subtree_relocate__02.html,https://synthetic-shop.local/search/syn-0009,https://synthetic-shop.local/search/syn-0009,,,,raw_html,,a5b57d0c7a65ebcb0967bd491719060bcd873606bb0602888b314a0540b1e9a6,,synthetic-shop.local,run-none19,,,ok,0.3812001086771488,3.270799992606044,32.16219996102154,5,5,5,False,,,,5,0,0,,,,0,1,0,0,0,0.0,0.0,0.0,0.0,0.0,0.0,0.0,0.0,0.0
20261001T114616Z-f7b52bbe,synthetic,b2_css,syn-0002__wrapper_insert__01,html/syn-0002__wrapper_insert__01.html,,positive,True,5.0,5.0,0,5,5,1.0,0,5,5,0,5,5,0,5,5,synthetic,html/syn-0002__wrapper_insert__01.html,syn-0002__wrapper_insert__01.html,run-none20,synthetic-shop.local,D:\Pet_Codes\science\article-price-tracker\synthetic\html\syn-0002__wrapper_insert__01.html,https://synthetic-shop.local/search/syn-0003,https://synthetic-shop.local/search/syn-0003,,,,raw_html,,7569c5145e375beb7d20e5c2a36723a00a57266ed9f2cf61232a2510c8707eb1,,synthetic-shop.local,run-none20,,,ok,0.48919999971985817,2.053100150078535,27.04209997318685,5,5,5,False,,,,5,0,0,,,,0,1,0,0,0,0.0,0.0,0.0,0.0,0.0,0.0,0.0,0.0,0.0
20261001T114616Z-f7b52bbe,synthetic,b2_css,syn-0002__wrapper_insert__02,html/syn-0002__wrapper_insert__02.html,,positive,True,5.0,5.0,0,5,5,1.0,0,5,5,0,5,5,0,5,5,synthetic,html/syn-0002__wrapper_insert__02.html,syn-0002__wrapper_insert__02.html,run-none21,synthetic-shop.local,D:\Pet_Codes\science\article-price-tracker\synthetic\html\syn-0002__wrapper_insert__02.html,https://synthetic-shop.local/search/syn-0011,https://synthetic-shop.local/search/syn-0011,,,,raw_html,,e8b8e719c7e13acd8b4222841a84876eb0e1b1fedfd719c39163553482273e10,,synthetic-shop.local,run-none21,,,ok,0.7116999477148056,1.8937999848276377,25.454799877479672,5,5,5,False,,,,5,0,0,,,,0,1,0,0,0,0.0,0.0,0.0,0.0,0.0,0.0,0.0,0.0,0.0
20261001T114616Z-f7b52bbe,synthetic,b2_css,syn-0002__wrapper_insert__03,html/syn-0002__wrapper_insert__03.html,,positive,True,5.0,5.0,0,5,5,1.0,0,5,5,0,5,5,0,5,5,synthetic,html/syn-0002__wrapper_insert__03.html,syn-0002__wrapper_insert__03.html,run-none22,synthetic-shop.local,D:\Pet_Codes\science\article-price-tracker\synthetic\html\syn-0002__wrapper_insert__03.html,https://synthetic-shop.local/search/syn-0016,https://synthetic-shop.local/search/syn-0016,,,,raw_html,,b4abc998a0cc93c4de0dc35bda7aa250224a839d214dd5a7a8ce91a63bafb1b8,,synthetic-shop.local,run-none22,,,ok,1.4875999186187983,1.9706001039594412,24.059399962425232,5,5,5,False,,,,5,0,0,,,,0,1,0,0,0,0.0,0.0,0.0,0.0,0.0,0.0,0.0,0.0,0.0
20261001T114616Z-f7b52bbe,synthetic,b2_css,syn-0003,html/syn-0003.html,,unannotated,False,,,0,0,0,,0,0,0,0,0,0,0,0,0,synthetic,html/syn-0003.html,syn-0003.html,run-none23,synthetic-shop.local,D:\Pet_Codes\science\article-price-tracker\synthetic\html\syn-0003.html,https://synthetic-shop.local/search/syn-0009,https://synthetic-shop.local/search/syn-0009,,,,raw_html,,cd74ad50c209da1e63b8cf432203de06e9f766c9925f9cb93ba74aac26309e91,,synthetic-shop.local,run-none23,,,ok,0.34469994716346264,2.22280016168952,27.379800099879503,5,5,5,False,,,,0,0,0,,,,0,0,0,0,0,,,,,,,,,
20261001T114616Z-f7b52bbe,synthetic,b2_css,syn-0003__class_rename__01,html/syn-0003__class_rename__01.html,,positive,True,5.0,5.0,0,5,5,1.0,0,5,5,0,5,5,0,5,5,synthetic,html/syn-0003__class_rename__01.html,syn-0003__class_rename__01.html,run-none24,synthetic-shop.local,D:\Pet_Codes\science\article-price-tracker\synthetic\html\syn-0003__class_rename__01.html,https://synthetic-shop.local/search/syn-0005,https://synthetic-shop.local/search/syn-0005,,,,raw_html,,5755d1ce758ff49c84e492e0b261377373ec5604d3322a240bf4b43982c8956d,,synthetic-shop.local,run-none24,,,ok,0.4078000783920288,3.1153999734669924,26.96710010059178,5,5,5,False,,,,5,0,0,,,,0,1,0,0,0,0.0,0.0,0.0,0.0,0.0,0.0,0.0,0.0,0.0
20261001T114616Z-f7b52bbe,synthetic,b2_css,syn-0003__class_rename__02,html/syn-0003__class_rename__02.html,,positive,True,5.0,5.0,0,5,5,1.0,0,5,5,0,5,5,0,5,5,synthetic,html/syn-0003__class_rename__02.html,syn-0003__class_rename__02.html,run-none25,synthetic-shop.local,D:\Pet_Codes\science\article-price-tracker\synthetic\html\syn-0003__class_rename__02.html,https://synthetic-shop.local/search/syn-0018,https://synthetic-shop.local/search/syn-0018,,,,raw_html,,5c30f8655459764a294619131d3219f616c81be35c54a3a9237846bcf03b5866,,synthetic-shop.local,run-none25,,,ok,0.33270008862018585,1.9833999685943127,19.833100028336048,5,5,5,False,,,,5,0,0,,,,0,1,0,0,0,0.0,0.0,0.0,0.0,0.0,0.0,0.0,0.0,0.0
20261001T114616Z-f7b52bbe,synthetic,b2_css,syn-0003__class_rename__03,html/syn-0003__class_rename__03.html,,positive,True,5.0,5.0,0,5,5,1.0,0,5,5,0,5,5,0,5,5,synthetic,html/syn-0003__class_rename__03.html,syn-0003__class_rename__03.html,run-none26,synthetic-shop.local,D:\Pet_Codes\science\article-price-tracker\synthetic\html\syn-0003__class_rename__03.html,https://synthetic-shop.local/search/syn-0011,https://synthetic-shop.local/search/syn-0011,,,,raw_html,,a13c0e36ac8ec633acd8280546322b540563a8a9899128e945b305c2ac78ccc6,,synthetic-shop.local,run-none26,,,ok,0.3044998738914728,1.6517001204192638,17.091199988499284,5,5,5,False,,,,5,0,0,,,,0,1,0,0,0,0.0,0.0,0.0,0.0,0.0,0.0,0.0,0.0,0.0
20261001T114616Z-f7b52bbe,synthetic,b2_css,syn-0003__field_reorder__01,html/syn-0003__field_reorder__01.html,,positive,True,5.0,5.0,0,5,5,1.0,0,5,5,0,5,5,0,5,5,synthetic,html/syn-0003__field_reorder__01.html,syn-0003__field_reorder__01.html,run-none27,synthetic-shop.local,D:\Pet_Codes\science\article-price-tracker\synthetic\html\syn-0003__field_reorder__01.html,https://synthetic-shop.local/search/syn-0006,https://synthetic-shop.local/search/syn-0006,,,,raw_html,,00a060cc2fbbf98d97ebda388116279d78ce6cc3525a4a2396345c311e97f657,,synthetic-shop.local,run-none27,,,ok,0.3418000414967537,2.480400027707219,20.181299885734916,5,5,5,False,,,,5,0,0,,,,0,1,0,0,0,0.0,0.0,0.0,0.0,0.0,0.0,0.0,0.0,0.0
20261001T114616Z-f7b52bbe,synthetic,b2_css,syn-0003__field_reorder__02,html/syn-0003__field_reorder__02.html,,positive,True,5.0,5.0,0,5,5,1.0,0,5,5,0,5,5,0,5,5,synthetic,html/syn-0003__field_reorder__02.html,syn-0003__field_reorder__02.html,run-none28,synthetic-shop.local,D:\Pet_Codes\science\article-price-tracker\synthetic\html\syn-0003__field_reorder__02.html,https://synthetic-shop.local/search/syn-0001,https://synthetic-shop.local/search/syn-0001,,,,raw_html,,b8f03e4b226e7d2398f549f0396431110d54bddafe42aeaa0f0f9c2d3f045e3d,,synthetic-shop.local,run-none28,,,ok,0.5182998720556498,1.976700033992529,18.950799945741892,5,5,5,False,,,,5,0,0,,,,0,1,0,0,0,0.0,0.0,0.0,0.0,0.0,0.0,0.0,0.0,0.0
20261001T114616Z-f7b52bbe,synthetic,b2_css,syn-0003__subtree_relocate__01,html/syn-0003__subtree_relocate__01.html,,positive,True,5.0,5.0,0,5,5,1.0,0,5,5,0,5,5,0,5,5,synthetic,html/syn-0003__subtree_relocate__01.html,syn-0003__subtree_relocate__01.html,run-none29,synthetic-shop.local,D:\Pet_Codes\science\article-price-tracker\synthetic\html\syn-0003__subtree_relocate__01.html,https://synthetic-shop.local/search/syn-0016,https://synthetic-shop.local/search/syn-0016,,,,raw_html,,7fe7f639225bcb83dfbb968fe22a09093b1bc54ce14426b616f83baf250e88f4,,synthetic-shop.local,run-none29,,,ok,0.41069998405873775,1.513799885287881,18.108299933373928,5,5,5,False,,,,5,0,0,,,,0,1,0,0,0,0.0,0.0,0.0,0.0,0.0,0.0,0.0,0.0,0.0
20261001T114616Z-f7b52bbe,synthetic,b2_css,syn-0003__subtree_relocate__02,html/syn-0003__subtree_relocate__02.html,,positive,True,5.0,5.0,0,5,5,1.0,0,5,5,0,5,5,0,5,5,synthetic,html/syn-0003__subtree_relocate__02.html,syn-0003__subtree_relocate__02.html,run-none30,synthetic-shop.local,D:\Pet_Codes\science\article-price-tracker\synthetic\html\syn-0003__subtree_relocate__02.html,https://synthetic-shop.local/search/syn-0005,https://synthetic-shop.local/search/syn-0005,,,,raw_html,,30881b9b5a697a60cd11d1d83190b57fa150385587b5a9db3d93e99324970a97,,synthetic-shop.local,run-none30,,,ok,0.3660998772829771,5.416200030595064,28.58579996973276,5,5,5,False,,,,5,0,0,,,,0,1,0,0,0,0.0,0.0,0.0,0.0,0.0,0.0,0.0,0.0,0.0
20261001T114616Z-f7b52bbe,synthetic,b2_css,syn-0003__wrapper_insert__01,html/syn-0003__wrapper_insert__01.html,,positive,True,5.0,5.0,0,5,5,1.0,0,5,5,0,5,5,0,5,5,synthetic,html/syn-0003__wrapper_insert__01.html,syn-0003__wrapper_insert__01.html,run-none31,synthetic-shop.local,D:\Pet_Codes\science\article-price-tracker\synthetic\html\syn-0003__wrapper_insert__01.html,https://synthetic-shop.local/search/syn-0007,https://synthetic-shop.local/search/syn-0007,,,,raw_html,,f5a2136bf74e5e68776e140cd46a481e69a914d961f622d3927119fdb8d17bb4,,synthetic-shop.local,run-none31,,,ok,0.37150015123188496,4.765599966049194,19.494199892506003,5,5,5,False,,,,5,0,0,,,,0,1,0,0,0,0.0,0.0,0.0,0.0,0.0,0.0,0.0,0.0,0.0
20261001T114616Z-f7b52bbe,synthetic,b2_css,syn-0003__wrapper_insert__02,html/syn-0003__wrapper_insert__02.html,,positive,True,5.0,5.0,0,5,5,1.0,0,5,5,0,5,5,0,5,5,synthetic,html/syn-0003__wrapper_insert__02.html,syn-0003__wrapper_insert__02.html,run-none32,synthetic-shop.local,D:\Pet_Codes\science\article-price-tracker\synthetic\html\syn-0003__wrapper_insert__02.html,https://synthetic-shop.local/search/syn-0007,https://synthetic-shop.local/search/syn-0007,,,,raw_html,,c3ee3e4c676f216e75da7755b6ba88a3a868f943d5b614e7e088ae4384f0ffd1,,synthetic-shop.local,run-none32,,,ok,0.3605000674724579,1.6850000247359276,19.144800025969744,5,5,5,False,,,,5,0,0,,,,0,1,0,0,0,0.0,0.0,0.0,0.0,0.0,0.0,0.0,0.0,0.0
20261001T114616Z-f7b52bbe,synthetic,b2_css,syn-0003__wrapper_insert__03,html/syn-0003__wrapper_insert__03.html,,positive,True,5.0,5.0,0,5,5,1.0,0,5,5,0,5,5,0,5,5,synthetic,html/syn-0003__wrapper_insert__03.html,syn-0003__wrapper_insert__03.html,run-none33,synthetic-shop.local,D:\Pet_Codes\science\article-price-tracker\synthetic\html\syn-0003__wrapper_insert__03.html,https://synthetic-shop.local/search/syn-0016,https://synthetic-shop.local/search/syn-0016,,,,raw_html,,dafb734de8b3cd2a16db915ed9344835fbdc816a812845d495a950c4c636ab30,,synthetic-shop.local,run-none33,,,ok,0.3684000112116337,1.3729000929743052,21.32090018130839,5,5,5,False,,,,5,0,0,,,,0,1,0,0,0,0.0,0.0,0.0,0.0,0.0,0.0,0.0,0.0,0.0
20261001T114616Z-f7b52bbe,synthetic,b2_css,syn-0004,html/syn-0004.html,,unannotated,False,,,0,0,0,,0,0,0,0,0,0,0,0,0,synthetic,html/syn-0004.html,syn-0004.html,run-none34,synthetic-shop.local,D:\Pet_Codes\science\article-price-tracker\synthetic\html\syn-0004.html,https://synthetic-shop.local/search/syn-0016,https://synthetic-shop.local/search/syn-0016,,,,raw_html,,9f64af28cc7b2bf8d3a866c6def7e77a3fd33ee48d10a84ce4be9ec6cee97d9d,,synthetic-shop.local,run-none34,,,ok,0.6409999914467335,2.698400057852268,37.7279999665916,5,5,5,False,,,,0,0,0,,,,0,0,0,0,0,,,,,,,,,
20261001T114616Z-f7b52bbe,synthetic,b2_css,syn-0004__class_rename__01,html/syn-0004__class_rename__01.html,,positive,True,5.0,5.0,0,5,5,1.0,0,5,5,0,5,5,0,5,5,synthetic,html/syn-0004__class_rename__01.html,syn-0004__class_rename__01.html,run-none35,synthetic-shop.local,D:\Pet_Codes\science\article-price-tracker\synthetic\html\syn-0004__class_rename__01.html,https://synthetic-shop.local/search/syn-0018,https://synthetic-shop.local/search/syn-0018,,,,raw_html,,196a22dda137ced259252ab5ccb26a1d9a2080575992357f7aba98458328cc68,,synthetic-shop.local,run-none35,,,ok,0.5077000241726637,4.8651001416146755,57.713399874046445,5,5,5,False,,,,5,0,0,,,,0,1,0,0,0,0.0,0.0,0.0,0.0,0.0,0.0,0.0,0.0,0.0
20261001T114616Z-f7b52bbe,synthetic,b2_css,syn-0004__class_rename__02,html/syn-0004__class_rename__02.html,,positive,True,5.0,5.0,0,5,5,1.0,0,5,5,0,5,5,0,5,5,synthetic,html/syn-0004__class_rename__02.html,syn-0004__class_rename__02.html,run-none36,synthetic-shop.local,D:\Pet_Codes\science\article-price-tracker\synthetic\html\syn-0004__class_rename__02.html,https://synthetic-shop.local/search/syn-0014,https://synthetic-shop.local/search/syn-0014,,,,raw_html,,2744c67e82b162cc66147346451de46551c37ad46177ce1045157effcd7e6218,,synthetic-shop.local,run-none36,,,ok,0.3106000367552042,2.0121000707149506,26.18749998509884,5,5,5,False,,,,5,0,0,,,,0,1,0,0,0,0.0,0.0,0.0,0.0,0.0,0.0,0.0,0.0,0.0
20261001T114616Z-f7b52bbe,synthetic,b2_css,syn-0004__class_rename__03,html/syn-0004__class_rename__03.html,,positive,True,5.0,5.0,0,5,5,1.0,0,5,5,0,5,5,0,5,5,synthetic,html/syn-0004__class_rename__03.html,syn-0004__class_rename__03.html,run-none37,synthetic-shop.local,D:\Pet_Codes\science\article-price-tracker\synthetic\html\syn-0004__class_rename__03.html,https://synthetic-shop.local/search/syn-0017,https://synthetic-shop.local/search/syn-0017,,,,raw_html,,a45ec58b544f089d8ed7a8da2f6a0a5418e922fd918735631135cd5150120b0f,,synthetic-shop.local,run-none37,,,ok,0.5439999513328075,2.652199938893318,35.695699974894524,5,5,5,False,,,,5,0,0,,,,0,1,0,0,0,0.0,0.0,0.0,0.0,0.0,0.0,0.0,0.0,0.0
20261001T114616Z-f7b52bbe,synthetic,b2_css,syn-0004__field_reorder__01,html/syn-0004__field_reorder__01.html,,positive,True,5.0,5.0,0,5,5,1.0,0,5,5,0,5,5,0,5,5,synthetic,html/syn-0004__field_reorder__01.html,syn-0004__field_reorder__01.html,run-none38,synthetic-shop.local,D:\Pet_Codes\science\article-price-tracker\synthetic\html\syn-0004__field_reorder__01.html,https://synthetic-shop.local/search/syn-0019,https://synthetic-shop.local/search/syn-0019,,,,raw_html,,19e49cf3671724b2a3a69123c3c1c8477a718a04efbdc5a94362e6e3d8ba2a5b,,synthetic-shop.local,run-none38,,,ok,0.2856999635696411,2.414899878203869,39.276700001209974,5,5,5,False,,,,5,0,0,,,,0,1,0,0,0,0.0,0.0,0.0,0.0,0.0,0.0,0.0,0.0,0.0
20261001T114616Z-f7b52bbe,synthetic,b2_css,syn-0004__field_reorder__02,html/syn-0004__field_reorder__02.html,,positive,True,5.0,5.0,0,5,5,1.0,0,5,5,0,5,5,0,5,5,synthetic,html/syn-0004__field_reorder__02.html,syn-0004__field_reorder__02.html,run-none39,synthetic-shop.local,D:\Pet_Codes\science\article-price-tracker\synthetic\html\syn-0004__field_reorder__02.html,https://synthetic-shop.local/search/syn-0006,https://synthetic-shop.local/search/syn-0006,,,,raw_html,,8e22cd3a0d04b3e5cb4582c9f21e7cc6db4d7cc3e5d2870afc08033a3307ce90,,synthetic-shop.local,run-none39,,,ok,0.4470997955650091,2.0256999414414167,21.17810002528131,5,5,5,False,,,,5,0,0,,,,0,1,0,0,0,0.0,0.0,0.0,0.0,0.0,0.0,0.0,0.0,0.0
20261001T114616Z-f7b52bbe,synthetic,b2_css,syn-0004__subtree_relocate__01,html/syn-0004__subtree_relocate__01.html,,positive,True,5.0,5.0,0,5,5,1.0,0,5,5,0,5,5,0,5,5,synthetic,html/syn-0004__subtree_relocate__01.html,syn-0004__subtree_relocate__01.html,run-none40,synthetic-shop.local,D:\Pet_Codes\science\article-price-tracker\synthetic\html\syn-0004__subtree_relocate__01.html,https://synthetic-shop.local/search/syn-0002,https://synthetic-shop.local/search/syn-0002,,,,raw_html,,bfa6313db6b1bb78bcb96bf70be7d5ea8f00a01bf5019cb2b4d4f5305622069e,,synthetic-shop.local,run-none40,,,ok,0.3761998377740383,2.8119999915361404,24.50580010190606,5,5,5,False,,,,5,0,0,,,,0,1,0,0,0,0.0,0.0,0.0,0.0,0.0,0.0,0.0,0.0,0.0
20261001T114616Z-f7b52bbe,synthetic,b2_css,syn-0004__subtree_relocate__02,html/syn-0004__subtree_relocate__02.html,,positive,True,5.0,5.0,0,5,5,1.0,0,5,5,0,5,5,0,5,5,synthetic,html/syn-0004__subtree_relocate__02.html,syn-0004__subtree_relocate__02.html,run-none41,synthetic-shop.local,D:\Pet_Codes\science\article-price-tracker\synthetic\html\syn-0004__subtree_relocate__02.html,https://synthetic-shop.local/search/syn-0015,https://synthetic-shop.local/search/syn-0015,,,,raw_html,,fef21c8c32b2ec2350678a7feebec596d92a2e1c123cb54a0f1e897a4ab32730,,synthetic-shop.local,run-none41,,,ok,0.45960000716149807,3.4846998751163483,44.97960000298917,5,5,5,False,,,,5,0,0,,,,0,1,0,0,0,0.0,0.0,0.0,0.0,0.0,0.0,0.0,0.0,0.0
20261001T114616Z-f7b52bbe,synthetic,b2_css,syn-0004__wrapper_insert__01,html/syn-0004__wrapper_insert__01.html,,positive,True,5.0,5.0,0,5,5,1.0,0,5,5,0,5,5,0,5,5,synthetic,html/syn-0004__wrapper_insert__01.html,syn-0004__wrapper_insert__01.html,run-none42,synthetic-shop.local,D:\Pet_Codes\science\article-price-tracker\synthetic\html\syn-0004__wrapper_insert__01.html,https://synthetic-shop.local/search/syn-0014,https://synthetic-shop.local/search/syn-0014,,,,raw_html,,905349dd277ab8fcdeab6107017c323ac7d42e40194f7990804d387308c44882,,synthetic-shop.local,run-none42,,,ok,2.126900013536215,3.84459993802011,39.55330001190305,5,5,5,False,,,,5,0,0,,,,0,1,0,0,0,0.0,0.0,0.0,0.0,0.0,0.0,0.0,0.0,0.0
20261001T114616Z-f7b52bbe,synthetic,b2_css,syn-0004__wrapper_insert__02,html/syn-0004__wrapper_insert__02.html,,positive,True,5.0,5.0,0,5,5,1.0,0,5,5,0,5,5,0,5,5,synthetic,html/syn-0004__wrapper_insert__02.html,syn-0004__wrapper_insert__02.html,run-none43,synthetic-shop.local,D:\Pet_Codes\science\article-price-tracker\synthetic\html\syn-0004__wrapper_insert__02.html,https://synthetic-shop.local/search/syn-0006,https://synthetic-shop.local/search/syn-0006,,,,raw_html,,fb7db2fd15ccfb0bf2f3755f66f13838cef5d5b27d117ad4a12a36409ae84316,,synthetic-shop.local,run-none43,,,ok,0.5538999103009701,2.8583998791873455,25.586500065401196,5,5,5,False,,,,5,0,0,,,,0,1,0,0,0,0.0,0.0,0.0,0.0,0.0,0.0,0.0,0.0,0.0
20261001T114616Z-f7b52bbe,synthetic,b2_css,syn-0004__wrapper_insert__03,html/syn-0004__wrapper_insert__03.html,,positive,True,5.0,5.0,0,5,5,1.0,0,5,5,0,5,5,0,5,5,synthetic,html/syn-0004__wrapper_insert__03.html,syn-0004__wrapper_insert__03.html,run-none44,synthetic-shop.local,D:\Pet_Codes\science\article-price-tracker\synthetic\html\syn-0004__wrapper_insert__03.html,https://synthetic-shop.local/search/syn-0006,https://synthetic-shop.local/search/syn-0006,,,,raw_html,,6bd7eb6b3d9818e0c56de1821ae7b1dbcdc177c7a77145825bc546a132c97f9d,,synthetic-shop.local,run-none44,,,ok,0.7115998305380344,5.545899970456958,24.759700056165457,5,5,5,False,,,,5,0,0,,,,0,1,0,0,0,0.0,0.0,0.0,0.0,0.0,0.0,0.0,0.0,0.0
20261001T114616Z-f7b52bbe,synthetic,b2_css,syn-0005,html/syn-0005.html,,unannotated,False,,,0,0,0,,0,0,0,0,0,0,0,0,0,synthetic,html/syn-0005.html,syn-0005.html,run-none45,synthetic-shop.local,D:\Pet_Codes\science\article-price-tracker\synthetic\html\syn-0005.html,https://synthetic-shop.local/search/syn-0001,https://synthetic-shop.local/search/syn-0001,,,,raw_html,,042bf11721a916f4b44823fa2c6e53c79792cdc67fd710d1a07a0d97015c13a2,,synthetic-shop.local,run-none45,,,ok,0.41440012864768505,2.5979001075029373,29.77369981817901,5,5,5,False,,,,0,0,0,,,,0,0,0,0,0,,,,,,,,,
20261001T114616Z-f7b52bbe,synthetic,b2_css,syn-0005__class_rename__01,html/syn-0005__class_rename__01.html,,positive,True,5.0,5.0,0,5,5,1.0,0,5,5,0,5,5,0,5,5,synthetic,html/syn-0005__class_rename__01.html,syn-0005__class_rename__01.html,run-none46,synthetic-shop.local,D:\Pet_Codes\science\article-price-tracker\synthetic\html\syn-0005__class_rename__01.html,https://synthetic-shop.local/search/syn-0015,https://synthetic-shop.local/search/syn-0015,,,,raw_html,,e8fe4e0f8ccafd7d81b7e27ce2e1249e2f82907d0ace0c610a1d3b6d3b6f6be1,,synthetic-shop.local,run-none46,,,ok,0.6311999168246984,7.268700050190091,36.76489996723831,5,5,5,False,,,,5,0,0,,,,0,1,0,0,0,0.0,0.0,0.0,0.0,0.0,0.0,0.0,0.0,0.0
20261001T114616Z-f7b52bbe,synthetic,b2_css,syn-0005__class_rename__02,html/syn-0005__class_rename__02.html,,positive,True,5.0,5.0,0,5,5,1.0,0,5,5,0,5,5,0,5,5,synthetic,html/syn-0005__class_rename__02.html,syn-0005__class_rename__02.html,run-none47,synthetic-shop.local,D:\Pet_Codes\science\article-price-tracker\synthetic\html\syn-0005__class_rename__02.html,https://synthetic-shop.local/search/syn-0016,https://synthetic-shop.local/search/syn-0016,,,,raw_html,,e05e0e0f94065c20dfbf1791637b21e3776ab3846b5dfe79f82ef50cacf587b1,,synthetic-shop.local,run-none47,,,ok,0.2758998889476061,1.8265999387949705,19.607699941843748,5,5,5,False,,,,5,0,0,,,,0,1,0,0,0,0.0,0.0,0.0,0.0,0.0,0.0,0.0,0.0,0.0
20261001T114616Z-f7b52bbe,synthetic,b2_css,syn-0005__class_rename__03,html/syn-0005__class_rename__03.html,,positive,True,5.0,5.0,0,5,5,1.0,0,5,5,0,5,5,0,5,5,synthetic,html/syn-0005__class_rename__03.html,syn-0005__class_rename__03.html,run-none48,synthetic-shop.local,D:\Pet_Codes\science\article-price-tracker\synthetic\html\syn-0005__class_rename__03.html,https://synthetic-shop.local/search/syn-0015,https://synthetic-shop.local/search/syn-0015,,,,raw_html,,35b4323a8e77db3d0ad7501332f42b5ba34f42581112626c7815116b660f0cd6,,synthetic-shop.local,run-none48,,,ok,0.39309985004365444,5.8970998506993055,32.16579998843372,5,5,5,False,,,,5,0,0,,,,0,1,0,0,0,0.0,0.0,0.0,0.0,0.0,0.0,0.0,0.0,0.0
20261001T114616Z-f7b52bbe,synthetic,b2_css,syn-0005__field_reorder__01,html/syn-0005__field_reorder__01.html,,positive,True,5.0,5.0,0,5,5,1.0,0,5,5,0,5,5,0,5,5,synthetic,html/syn-0005__field_reorder__01.html,syn-0005__field_reorder__01.html,run-none49,synthetic-shop.local,D:\Pet_Codes\science\article-price-tracker\synthetic\html\syn-0005__field_reorder__01.html,https://synthetic-shop.local/search/syn-0014,https://synthetic-shop.local/search/syn-0014,,,,raw_html,,6b381e9a9130add254ad19370bb6120dc5e89ba35743a923a2d4697d5da51eca,,synthetic-shop.local,run-none49,,,ok,0.5047998856753111,2.326000016182661,20.7010000012815,5,5,5,False,,,,5,0,0,,,,0,1,0,0,0,0.0,0.0,0.0,0.0,0.0,0.0,0.0,0.0,0.0
20261001T114616Z-f7b52bbe,synthetic,b2_css,syn-0005__field_reorder__02,html/syn-0005__field_reorder__02.html,,positive,True,5.0,5.0,0,5,5,1.0,0,5,5,0,5,5,0,5,5,synthetic,html/syn-0005__field_reorder__02.html,syn-0005__field_reorder__02.html,run-none50,synthetic-shop.local,D:\Pet_Codes\science\article-price-tracker\synthetic\html\syn-0005__field_reorder__02.html,https://synthetic-shop.local/search/syn-0014,https://synthetic-shop.local/search/syn-0014,,,,raw_html,,7dd831de3e66dea59732995368c654a1f7f92eb697ca6acc4c4ff35da93d79cf,,synthetic-shop.local,run-none50,,,ok,0.30610011890530586,2.7252999134361744,21.085199899971485,5,5,5,False,,,,5,0,0,,,,0,1,0,0,0,0.0,0.0,0.0,0.0,0.0,0.0,0.0,0.0,0.0
20261001T114616Z-f7b52bbe,synthetic,b2_css,syn-0005__subtree_relocate__01,html/syn-0005__subtree_relocate__01.html,,positive,True,5.0,5.0,0,5,5,1.0,0,5,5,0,5,5,0,5,5,synthetic,html/syn-0005__subtree_relocate__01.html,syn-0005__subtree_relocate__01.html,run-none51,synthetic-shop.local,D:\Pet_Codes\science\article-price-tracker\synthetic\html\syn-0005__subtree_relocate__01.html,https://synthetic-shop.local/search/syn-0020,https://synthetic-shop.local/search/syn-0020,,,,raw_html,,0708b74c4f6c3f2b6a3204f69ae46bf6704b1ae3b21438ed76ec8cef6c7ff671,,synthetic-shop.local,run-none51,,,ok,0.7118999492377043,3.1262999400496483,23.17189984023571,5,5,5,False,,,,5,0,0,,,,0,1,0,0,0,0.0,0.0,0.0,0.0,0.0,0.0,0.0,0.0,0.0
20261001T114616Z-f7b52bbe,synthetic,b2_css,syn-0005__subtree_relocate__02,html/syn-0005__subtree_relocate__02.html,,positive,True,5.0,5.0,5,0,0,1.0,5,0,0,5,0,0,5,0,0,synthetic,html/syn-0005__subtree_relocate__02.html,syn-0005__subtree_relocate__02.html,run-none52,synthetic-shop.local,D:\Pet_Codes\science\article-price-tracker\synthetic\html\syn-0005__subtree_relocate__02.html,https://synthetic-shop.local/search/syn-0005,https://synthetic-shop.local/search/syn-0005,,,,raw_html,,c73c329a007a425997a4f386c8b3077500057191aa8b2621d71006b565710186,,synthetic-shop.local,run-none52,,,ok,0.7378000300377607,2.713599940761924,31.74189990386367,5,5,5,False,,,,5,0,0,1.0,0.0,0.0,0,1,0,0,0,1.0,1.0,1.0,1.0,1.0,1.0,1.0,1.0,1.0
20261001T114616Z-f7b52bbe,synthetic,b2_css,syn-0005__wrapper_insert__01,html/syn-0005__wrapper_insert__01.html,,positive,True,5.0,5.0,0,5,5,1.0,0,5,5,0,5,5,0,5,5,synthetic,html/syn-0005__wrapper_insert__01.html,syn-0005__wrapper_insert__01.html,run-none53,synthetic-shop.local,D:\Pet_Codes\science\article-price-tracker\synthetic\html\syn-0005__wrapper_insert__01.html,https://synthetic-shop.local/search/syn-0007,https://synthetic-shop.local/search/syn-0007,,,,raw_html,,4ae24b60afd5bee3fa6c96b2cd737665bcba248fdd87b12e0c9f60eb3b614cb7,,synthetic-shop.local,run-none53,,,ok,0.6336001679301262,3.360399976372719,21.464799996465445,5,5,5,False,,,,5,0,0,,,,0,1,0,0,0,0.0,0.0,0.0,0.0,0.0,0.0,0.0,0.0,0.0
20261001T114616Z-f7b52bbe,synthetic,b2_css,syn-0005__wrapper_insert__02,html/syn-0005__wrapper_insert__02.html,,positive,True,5.0,5.0,0,5,5,1.0,0,5,5,0,5,5,0,5,5,synthetic,html/syn-0005__wrapper_insert__02.html,syn-0005__wrapper_insert__02.html,run-none54,synthetic-shop.local,D:\Pet_Codes\science\article-price-tracker\synthetic\html\syn-0005__wrapper_insert__02.html,https://synthetic-shop.local/search/syn-0020,https://synthetic-shop.local/search/syn-0020,,,,raw_html,,8cf76dd7b3e751753c6233e4e483b56223fbe2fb8e5ecbb0bc3a20cf0184059c,,synthetic-shop.local,run-none54,,,ok,0.4070000723004341,2.3006999399513006,25.01420001499355,5,5,5,False,,,,5,0,0,,,,0,1,0,0,0,0.0,0.0,0.0,0.0,0.0,0.0,0.0,0.0,0.0
20261001T114616Z-f7b52bbe,synthetic,b2_css,syn-0005__wrapper_insert__03,html/syn-0005__wrapper_insert__03.html,,positive,True,5.0,5.0,0,5,5,1.0,0,5,5,0,5,5,0,5,5,synthetic,html/syn-0005__wrapper_insert__03.html,syn-0005__wrapper_insert__03.html,run-none55,synthetic-shop.local,D:\Pet_Codes\science\article-price-tracker\synthetic\html\syn-0005__wrapper_insert__03.html,https://synthetic-shop.local/search/syn-0019,https://synthetic-shop.local/search/syn-0019,,,,raw_html,,1b68b76413cda758a9b7e08dd9338b316b8272907251f0b6d7460cf0a2fa75f0,,synthetic-shop.local,run-none55,,,ok,0.41550002060830593,3.6196999717503786,34.465399803593755,5,5,5,False,,,,5,0,0,,,,0,1,0,0,0,0.0,0.0,0.0,0.0,0.0,0.0,0.0,0.0,0.0
20261001T114616Z-f7b52bbe,synthetic,b2_css,syn-0006,html/syn-0006.html,,unannotated,False,,,0,0,0,,0,0,0,0,0,0,0,0,0,synthetic,html/syn-0006.html,syn-0006.html,run-none56,synthetic-shop.local,D:\Pet_Codes\science\article-price-tracker\synthetic\html\syn-0006.html,https://synthetic-shop.local/search/syn-0002,https://synthetic-shop.local/search/syn-0002,,,,raw_html,,17171cd5fe8f684dba19ad574d83e75a9d92bf472d8e400e664e4d468aaab34e,,synthetic-shop.local,run-none56,,,ok,0.34300005063414574,1.8390000332146883,16.896700020879507,5,5,5,False,,,,0,0,0,,,,0,0,0,0,0,,,,,,,,,
20261001T114616Z-f7b52bbe,synthetic,b2_css,syn-0006__class_rename__01,html/syn-0006__class_rename__01.html,,positive,True,5.0,5.0,5,0,0,1.0,5,0,0,5,0,0,5,0,0,synthetic,html/syn-0006__class_rename__01.html,syn-0006__class_rename__01.html,run-none57,synthetic-shop.local,D:\Pet_Codes\science\article-price-tracker\synthetic\html\syn-0006__class_rename__01.html,https://synthetic-shop.local/search/syn-0006,https://synthetic-shop.local/search/syn-0006,,,,raw_html,,725b0b7b27c761ae4a1b45e2ce814c9fd0f42acd0cb48b7c9458ac537981a6aa,,synthetic-shop.local,run-none57,,,ok,0.28909998945891857,1.9203000701963902,22.65260019339621,5,5,5,False,,,,5,0,0,1.0,0.0,0.0,0,1,0,0,0,1.0,1.0,1.0,1.0,1.0,1.0,1.0,1.0,1.0
20261001T114616Z-f7b52bbe,synthetic,b2_css,syn-0006__class_rename__02,html/syn-0006__class_rename__02.html,,positive,True,5.0,5.0,0,5,5,1.0,0,5,5,0,5,5,0,5,5,synthetic,html/syn-0006__class_rename__02.html,syn-0006__class_rename__02.html,run-none58,synthetic-shop.local,D:\Pet_Codes\science\article-price-tracker\synthetic\html\syn-0006__class_rename__02.html,https://synthetic-shop.local/search/syn-0019,https://synthetic-shop.local/search/syn-0019,,,,raw_html,,6cede32d9868949a164a2f2d96418dcf381ba930abb9be44db3b2b827cabf99e,,synthetic-shop.local,run-none58,,,ok,0.43940008617937565,2.4645000230520964,32.20600006170571,5,5,5,False,,,,5,0,0,,,,0,1,0,0,0,0.0,0.0,0.0,0.0,0.0,0.0,0.0,0.0,0.0
20261001T114616Z-f7b52bbe,synthetic,b2_css,syn-0006__class_rename__03,html/syn-0006__class_rename__03.html,,positive,True,5.0,5.0,0,5,5,1.0,0,5,5,0,5,5,0,5,5,synthetic,html/syn-0006__class_rename__03.html,syn-0006__class_rename__03.html,run-none59,synthetic-shop.local,D:\Pet_Codes\science\article-price-tracker\synthetic\html\syn-0006__class_rename__03.html,https://synthetic-shop.local/search/syn-0018,https://synthetic-shop.local/search/syn-0018,,,,raw_html,,48d6aeb6ee8b9c1bb67c08ba80b25901c90a8d9bf665e516dab848e0aab8211f,,synthetic-shop.local,run-none59,,,ok,0.3279999364167452,2.2218001540750265,30.336900148540735,5,5,5,False,,,,5,0,0,,,,0,1,0,0,0,0.0,0.0,0.0,0.0,0.0,0.0,0.0,0.0,0.0
20261001T114616Z-f7b52bbe,synthetic,b2_css,syn-0006__field_reorder__01,html/syn-0006__field_reorder__01.html,,positive,True,5.0,5.0,0,5,5,1.0,0,5,5,0,5,5,0,5,5,synthetic,html/syn-0006__field_reorder__01.html,syn-0006__field_reorder__01.html,run-none60,synthetic-shop.local,D:\Pet_Codes\science\article-price-tracker\synthetic\html\syn-0006__field_reorder__01.html,https://synthetic-shop.local/search/syn-0012,https://synthetic-shop.local/search/syn-0012,,,,raw_html,,5b9594ababd696369179c917aac0f6a7b66b2c8dcc51fdf782ea53d80d00492b,,synthetic-shop.local,run-none60,,,ok,0.34309993498027325,2.3562998976558447,19.91389994509518,5,5,5,False,,,,5,0,0,,,,0,1,0,0,0,0.0,0.0,0.0,0.0,0.0,0.0,0.0,0.0,0.0
20261001T114616Z-f7b52bbe,synthetic,b2_css,syn-0006__field_reorder__02,html/syn-0006__field_reorder__02.html,,positive,True,5.0,5.0,0,5,5,1.0,0,5,5,0,5,5,0,5,5,synthetic,html/syn-0006__field_reorder__02.html,syn-0006__field_reorder__02.html,run-none61,synthetic-shop.local,D:\Pet_Codes\science\article-price-tracker\synthetic\html\syn-0006__field_reorder__02.html,https://synthetic-shop.local/search/syn-0020,https://synthetic-shop.local/search/syn-0020,,,,raw_html,,ca6d90cd22818896ce9f352fde1eed13e9926f921b07a4ab50a70b5976196968,,synthetic-shop.local,run-none61,,,ok,0.5356001202017069,6.24390016309917,31.84870001859963,5,5,5,False,,,,5,0,0,,,,0,1,0,0,0,0.0,0.0,0.0,0.0,0.0,0.0,0.0,0.0,0.0
20261001T114616Z-f7b52bbe,synthetic,b2_css,syn-0006__subtree_relocate__01,html/syn-0006__subtree_relocate__01.html,,positive,True,5.0,5.0,0,5,5,1.0,0,5,5,0,5,5,0,5,5,synthetic,html/syn-0006__subtree_relocate__01.html,syn-0006__subtree_relocate__01.html,run-none62,synthetic-shop.local,D:\Pet_Codes\science\article-price-tracker\synthetic\html\syn-0006__subtree_relocate__01.html,https://synthetic-shop.local/search/syn-0017,https://synthetic-shop.local/search/syn-0017,,,,raw_html,,61ebcb0f8cf4f38f2576077688f0e9a62309ccb91799bbe35747c71b413eb31a,,synthetic-shop.local,run-none62,,,ok,0.5958001129329205,2.488299971446395,42.40499995648861,5,5,5,False,,,,5,0,0,,,,0,1,0,0,0,0.0,0.0,0.0,0.0,0.0,0.0,0.0,0.0,0.0
20261001T114616Z-f7b52bbe,synthetic,b2_css,syn-0006__subtree_relocate__02,html/syn-0006__subtree_relocate__02.html,,positive,True,5.0,5.0,0,5,5,1.0,0,5,5,0,5,5,0,5,5,synthetic,html/syn-0006__subtree_relocate__02.html,syn-0006__subtree_relocate__02.html,run-none63,synthetic-shop.local,D:\Pet_Codes\science\article-price-tracker\synthetic\html\syn-0006__subtree_relocate__02.html,https://synthetic-shop.local/search/syn-0017,https://synthetic-shop.local/search/syn-0017,,,,raw_html,,b77e450361a6986f2e4a13d583389a9b03a33ded3bf549c23edd892267d1dc74,,synthetic-shop.local,run-none63,,,ok,0.6222999654710293,4.461199976503849,75.65029989928007,5,5,5,False,,,,5,0,0,,,,0,1,0,0,0,0.0,0.0,0.0,0.0,0.0,0.0,0.0,0.0,0.0
20261001T114616Z-f7b52bbe,synthetic,b2_css,syn-0006__wrapper_insert__01,html/syn-0006__wrapper_insert__01.html,,positive,True,5.0,5.0,0,5,5,1.0,0,5,5,0,5,5,0,5,5,synthetic,html/syn-0006__wrapper_insert__01.html,syn-0006__wrapper_insert__01.html,run-none64,synthetic-shop.local,D:\Pet_Codes\science\article-price-tracker\synthetic\html\syn-0006__wrapper_insert__01.html,https://synthetic-shop.local/search/syn-0005,https://synthetic-shop.local/search/syn-0005,,,,raw_html,,0c60d38a2bf57f9f02979dde6910f1f284688dbafc6ada5e67dfd2cb0a2c67ce,,synthetic-shop.local,run-none64,,,ok,0.4333001561462879,10.815600166097283,60.2310998365283,5,5,5,False,,,,5,0,0,,,,0,1,0,0,0,0.0,0.0,0.0,0.0,0.0,0.0,0.0,0.0,0.0
20261001T114616Z-f7b52bbe,synthetic,b2_css,syn-0006__wrapper_insert__02,html/syn-0006__wrapper_insert__02.html,,positive,True,5.0,5.0,0,5,5,1.0,0,5,5,0,5,5,0,5,5,synthetic,html/syn-0006__wrapper_insert__02.html,syn-0006__wrapper_insert__02.html,run-none65,synthetic-shop.local,D:\Pet_Codes\science\article-price-tracker\synthetic\html\syn-0006__wrapper_insert__02.html,https://synthetic-shop.local/search/syn-0015,https://synthetic-shop.local/search/syn-0015,,,,raw_html,,29b10624195c17c19db7b160421bd2317f7b0747a51af6b803f5e846a74a1360,,synthetic-shop.local,run-none65,,,ok,0.8489000611007214,6.207500118762255,81.79449988529086,5,5,5,False,,,,5,0,0,,,,0,1,0,0,0,0.0,0.0,0.0,0.0,0.0,0.0,0.0,0.0,0.0
20261001T114616Z-f7b52bbe,synthetic,b2_css,syn-0006__wrapper_insert__03,html/syn-0006__wrapper_insert__03.html,,positive,True,5.0,5.0,5,0,0,1.0,5,0,0,5,0,0,5,0,0,synthetic,html/syn-0006__wrapper_insert__03.html,syn-0006__wrapper_insert__03.html,run-none66,synthetic-shop.local,D:\Pet_Codes\science\article-price-tracker\synthetic\html\syn-0006__wrapper_insert__03.html,https://synthetic-shop.local/search/syn-0006,https://synthetic-shop.local/search/syn-0006,,,,raw_html,,b3d3c2c21c7a27447325a5d6e791080d200b17a490519d9110c1f5c623689c4e,,synthetic-shop.local,run-none66,,,ok,0.4101002123206854,2.012799959629774,68.4248001780361,5,5,5,False,,,,5,0,0,1.0,0.0,0.0,0,1,0,0,0,1.0,1.0,1.0,1.0,1.0,1.0,1.0,1.0,1.0
20261001T114616Z-f7b52bbe,synthetic,b2_css,syn-0007__class_rename__01,html/syn-0007__class_rename__01.html,,positive,True,5.0,5.0,5,0,0,1.0,5,0,0,5,0,0,5,0,0,synthetic,html/syn-0007__class_rename__01.html,syn-0007__class_rename__01.html,run-none67,synthetic-shop.local,D:\Pet_Codes\science\article-price-tracker\synthetic\html\syn-0007__class_rename__01.html,https://synthetic-shop.local/search/syn-0007,https://synthetic-shop.local/search/syn-0007,,,,raw_html,,4a458b078e48e7cfbcf5baa6c9fd3e1201eed8ada90a07f3adfff336545e4275,,synthetic-shop.local,run-none67,,,ok,0.7296998519450426,3.394200000911951,39.00450002402067,5,5,5,False,,,,5,0,0,1.0,0.0,0.0,0,1,0,0,0,1.0,1.0,1.0,1.0,1.0,1.0,1.0,1.0,1.0
20261001T114616Z-f7b52bbe,synthetic,b2_css,syn-0007__class_rename__02,html/syn-0007__class_rename__02.html,,positive,True,5.0,5.0,0,5,5,1.0,0,5,5,0,5,5,0,5,5,synthetic,html/syn-0007__class_rename__02.html,syn-0007__class_rename__02.html,run-none68,synthetic-shop.local,D:\Pet_Codes\science\article-price-tracker\synthetic\html\syn-0007__class_rename__02.html,https://synthetic-shop.local/search/syn-0001,https://synthetic-shop.local/search/syn-0001,,,,raw_html,,96d0682dfe3837926fba4433847b569bf174dfb9230d84a21199c96c05271285,,synthetic-shop.local,run-none68,,,ok,0.3867000341415405,2.282199915498495,38.17970003001392,5,5,5,False,,,,5,0,0,,,,0,1,0,0,0,0.0,0.0,0.0,0.0,0.0,0.0,0.0,0.0,0.0
20261001T114616Z-f7b52bbe,synthetic,b2_css,syn-0007__class_rename__03,html/syn-0007__class_rename__03.html,,positive,True,5.0,5.0,0,5,5,1.0,0,5,5,0,5,5,0,5,5,synthetic,html/syn-0007__class_rename__03.html,syn-0007__class_rename__03.html,run-none69,synthetic-shop.local,D:\Pet_Codes\science\article-price-tracker\synthetic\html\syn-0007__class_rename__03.html,https://synthetic-shop.local/search/syn-0004,https://synthetic-shop.local/search/syn-0004,,,,raw_html,,f3f2aaae150e849c4990ed1628db2f1170470b2e576c53498e37e6ebfc5db290,,synthetic-shop.local,run-none69,,,ok,0.4561000969260931,2.6581999845802784,28.193000005558133,5,5,5,False,,,,5,0,0,,,,0,1,0,0,0,0.0,0.0,0.0,0.0,0.0,0.0,0.0,0.0,0.0
20261001T114616Z-f7b52bbe,synthetic,b2_css,syn-0007__field_reorder__01,html/syn-0007__field_reorder__01.html,,positive,True,5.0,5.0,0,5,5,1.0,0,5,5,0,5,5,0,5,5,synthetic,html/syn-0007__field_reorder__01.html,syn-0007__field_reorder__01.html,run-none70,synthetic-shop.local,D:\Pet_Codes\science\article-price-tracker\synthetic\html\syn-0007__field_reorder__01.html,https://synthetic-shop.local/search/syn-0001,https://synthetic-shop.local/search/syn-0001,,,,raw_html,,cbc5e0a3e3250402c17b9911013cd3f7c7d9c765031a82e8fe676d08e6e9f448,,synthetic-shop.local,run-none70,,,ok,0.5010000895708799,2.7369000017642975,34.31979985907674,5,5,5,False,,,,5,0,0,,,,0,1,0,0,0,0.0,0.0,0.0,0.0,0.0,0.0,0.0,0.0,0.0
20261001T114616Z-f7b52bbe,synthetic,b2_css,syn-0007__field_reorder__02,html/syn-0007__field_reorder__02.html,,positive,True,5.0,5.0,0,5,5,1.0,0,5,5,0,5,5,0,5,5,synthetic,html/syn-0007__field_reorder__02.html,syn-0007__field_reorder__02.html,run-none71,synthetic-shop.local,D:\Pet_Codes\science\article-price-tracker\synthetic\html\syn-0007__field_reorder__02.html,https://synthetic-shop.local/search/syn-0008,https://synthetic-shop.local/search/syn-0008,,,,raw_html,,741a334c98a8c37a6e5a113d5ecb8919453337c9bbe2fdf90303d7644ccdb400,,synthetic-shop.local,run-none71,,,ok,0.4553999751806259,2.6047001592814922,75.98720001988113,5,5,5,False,,,,5,0,0,,,,0,1,0,0,0,0.0,0.0,0.0,0.0,0.0,0.0,0.0,0.0,0.0
20261001T114616Z-f7b52bbe,synthetic,b2_css,syn-0007__subtree_relocate__01,html/syn-0007__subtree_relocate__01.html,,positive,True,5.0,5.0,0,5,5,1.0,0,5,5,0,5,5,0,5,5,synthetic,html/syn-0007__subtree_relocate__01.html,syn-0007__subtree_relocate__01.html,run-none72,synthetic-shop.local,D:\Pet_Codes\science\article-price-tracker\synthetic\html\syn-0007__subtree_relocate__01.html,https://synthetic-shop.local/search/syn-0012,https://synthetic-shop.local/search/syn-0012,,,,raw_html,,caa300cdc2751d28bd81fa03af073c40e5ecd90ab1f671c712da97de4cd94dc7,,synthetic-shop.local,run-none72,,,ok,3.509699832648039,14.854000182822347,44.69769983552396,5,5,5,False,,,,5,0,0,,,,0,1,0,0,0,0.0,0.0,0.0,0.0,0.0,0.0,0.0,0.0,0.0
20261001T114616Z-f7b52bbe,synthetic,b2_css,syn-0007__subtree_relocate__02,html/syn-0007__subtree_relocate__02.html,,positive,True,5.0,5.0,0,5,5,1.0,0,5,5,0,5,5,0,5,5,synthetic,html/syn-0007__subtree_relocate__02.html,syn-0007__subtree_relocate__02.html,run-none73,synthetic-shop.local,D:\Pet_Codes\science\article-price-tracker\synthetic\html\syn-0007__subtree_relocate__02.html,https://synthetic-shop.local/search/syn-0020,https://synthetic-shop.local/search/syn-0020,,,,raw_html,,46d02aaa4163386d003100abd88d4ad9f54d8f5df5c4100fc8b97d4929e3a924,,synthetic-shop.local,run-none73,,,ok,0.34389994107186794,12.615300016477704,41.696400148794055,5,5,5,False,,,,5,0,0,,,,0,1,0,0,0,0.0,0.0,0.0,0.0,0.0,0.0,0.0,0.0,0.0
20261001T114616Z-f7b52bbe,synthetic,b2_css,syn-0007__wrapper_insert__01,html/syn-0007__wrapper_insert__01.html,,positive,True,5.0,5.0,0,5,5,1.0,0,5,5,0,5,5,0,5,5,synthetic,html/syn-0007__wrapper_insert__01.html,syn-0007__wrapper_insert__01.html,run-none74,synthetic-shop.local,D:\Pet_Codes\science\article-price-tracker\synthetic\html\syn-0007__wrapper_insert__01.html,https://synthetic-shop.local/search/syn-0013,https://synthetic-shop.local/search/syn-0013,,,,raw_html,,b3cc71ea0d611feee0048f9433b2106502c0833674b8bc7b9c97f7dd3f3c7427,,synthetic-shop.local,run-none74,,,ok,0.9208000265061855,5.66910021007061,36.14069987088442,5,5,5,False,,,,5,0,0,,,,0,1,0,0,0,0.0,0.0,0.0,0.0,0.0,0.0,0.0,0.0,0.0
20261001T114616Z-f7b52bbe,synthetic,b2_css,syn-0007__wrapper_insert__02,html/syn-0007__wrapper_insert__02.html,,positive,True,5.0,5.0,0,5,5,1.0,0,5,5,0,5,5,0,5,5,synthetic,html/syn-0007__wrapper_insert__02.html,syn-0007__wrapper_insert__02.html,run-none75,synthetic-shop.local,D:\Pet_Codes\science\article-price-tracker\synthetic\html\syn-0007__wrapper_insert__02.html,https://synthetic-shop.local/search/syn-0015,https://synthetic-shop.local/search/syn-0015,,,,raw_html,,561ac509bda63694631a62451085fa736ad2332c6084ff8e1b822e0cf8c1b2b4,,synthetic-shop.local,run-none75,,,ok,0.39379997178912163,2.7106001507490873,46.64209997281432,5,5,5,False,,,,5,0,0,,,,0,1,0,0,0,0.0,0.0,0.0,0.0,0.0,0.0,0.0,0.0,0.0
20261001T114616Z-f7b52bbe,synthetic,b2_css,syn-0007__wrapper_insert__03,html/syn-0007__wrapper_insert__03.html,,positive,True,5.0,5.0,0,5,5,1.0,0,5,5,0,5,5,0,5,5,synthetic,html/syn-0007__wrapper_insert__03.html,syn-0007__wrapper_insert__03.html,run-none76,synthetic-shop.local,D:\Pet_Codes\science\article-price-tracker\synthetic\html\syn-0007__wrapper_insert__03.html,https://synthetic-shop.local/search/syn-0012,https://synthetic-shop.local/search/syn-0012,,,,raw_html,,381f9eafb180fd48fee9c4d48b10b56109af3b181a44015f405dc3416a21086a,,synthetic-shop.local,run-none76,,,ok,0.8227999787777662,3.1234000343829393,22.247400134801865,5,5,5,False,,,,5,0,0,,,,0,1,0,0,0,0.0,0.0,0.0,0.0,0.0,0.0,0.0,0.0,0.0
20261001T114616Z-f7b52bbe,synthetic,b2_css,syn-0008,html/syn-0008.html,,unannotated,False,,,0,0,0,,0,0,0,0,0,0,0,0,0,synthetic,html/syn-0008.html,syn-0008.html,run-none77,synthetic-shop.local,D:\Pet_Codes\science\article-price-tracker\synthetic\html\syn-0008.html,https://synthetic-shop.local/search/syn-0020,https://synthetic-shop.local/search/syn-0020,,,,raw_html,,85aedb3ad9545a37caa15a2b67f2f85b84c9c0ee549b7fa030def253f77f2c13,,synthetic-shop.local,run-none77,,,ok,0.5848000291734934,3.4181999508291483,29.389199800789356,5,5,5,False,,,,0,0,0,,,,0,0,0,0,0,,,,,,,,,
20261001T114616Z-f7b52bbe,synthetic,b2_css,syn-0008__class_rename__01,html/syn-0008__class_rename__01.html,,positive,True,5.0,5.0,0,5,5,1.0,0,5,5,0,5,5,0,5,5,synthetic,html/syn-0008__class_rename__01.html,syn-0008__class_rename__01.html,run-none78,synthetic-shop.local,D:\Pet_Codes\science\article-price-tracker\synthetic\html\syn-0008__class_rename__01.html,https://synthetic-shop.local/search/syn-0002,https://synthetic-shop.local/search/syn-0002,,,,raw_html,,abad8d23b8eaa1d5b46a9809be05e0925b8cb4fd69685870e5671bbe0bd5aef9,,synthetic-shop.local,run-none78,,,ok,0.697100069373846,2.34550004824996,24.02140013873577,5,5,5,False,,,,5,0,0,,,,0,1,0,0,0,0.0,0.0,0.0,0.0,0.0,0.0,0.0,0.0,0.0
20261001T114616Z-f7b52bbe,synthetic,b2_css,syn-0008__class_rename__02,html/syn-0008__class_rename__02.html,,positive,True,5.0,5.0,0,5,5,1.0,0,5,5,0,5,5,0,5,5,synthetic,html/syn-0008__class_rename__02.html,syn-0008__class_rename__02.html,run-none79,synthetic-shop.local,D:\Pet_Codes\science\article-price-tracker\synthetic\html\syn-0008__class_rename__02.html,https://synthetic-shop.local/search/syn-0004,https://synthetic-shop.local/search/syn-0004,,,,raw_html,,ac25ff1ac4ce347f1f8d5d6415c0923d78234f25b418eb014f1b1cd2c016a25e,,synthetic-shop.local,run-none79,,,ok,1.1593000963330269,4.6271998435258865,29.658300103619695,5,5,5,False,,,,5,0,0,,,,0,1,0,0,0,0.0,0.0,0.0,0.0,0.0,0.0,0.0,0.0,0.0
20261001T114616Z-f7b52bbe,synthetic,b2_css,syn-0008__class_rename__03,html/syn-0008__class_rename__03.html,,positive,True,5.0,5.0,0,5,5,1.0,0,5,5,0,5,5,0,5,5,synthetic,html/syn-0008__class_rename__03.html,syn-0008__class_rename__03.html,run-none80,synthetic-shop.local,D:\Pet_Codes\science\article-price-tracker\synthetic\html\syn-0008__class_rename__03.html,https://synthetic-shop.local/search/syn-0006,https://synthetic-shop.local/search/syn-0006,,,,raw_html,,99f59bc882717e2a433fb68d6d17daecde74d77a287e51aae3e85cd8f059db01,,synthetic-shop.local,run-none80,,,ok,0.7148999720811844,2.181099960580468,29.13739997893572,5,5,5,False,,,,5,0,0,,,,0,1,0,0,0,0.0,0.0,0.0,0.0,0.0,0.0,0.0,0.0,0.0
20261001T114616Z-f7b52bbe,synthetic,b2_css,syn-0008__field_reorder__01,html/syn-0008__field_reorder__01.html,,positive,True,5.0,5.0,0,5,5,1.0,0,5,5,0,5,5,0,5,5,synthetic,html/syn-0008__field_reorder__01.html,syn-0008__field_reorder__01.html,run-none81,synthetic-shop.local,D:\Pet_Codes\science\article-price-tracker\synthetic\html\syn-0008__field_reorder__01.html,https://synthetic-shop.local/search/syn-0016,https://synthetic-shop.local/search/syn-0016,,,,raw_html,,09857c61325abe21550adb7842fc321698deeab5aa614c0a282854077acdf9b4,,synthetic-shop.local,run-none81,,,ok,0.7899000775068998,2.5438000448048115,33.11640000902116,5,5,5,False,,,,5,0,0,,,,0,1,0,0,0,0.0,0.0,0.0,0.0,0.0,0.0,0.0,0.0,0.0
20261001T114616Z-f7b52bbe,synthetic,b2_css,syn-0008__field_reorder__02,html/syn-0008__field_reorder__02.html,,positive,True,5.0,5.0,0,5,5,1.0,0,5,5,0,5,5,0,5,5,synthetic,html/syn-0008__field_reorder__02.html,syn-0008__field_reorder__02.html,run-none82,synthetic-shop.local,D:\Pet_Codes\science\article-price-tracker\synthetic\html\syn-0008__field_reorder__02.html,https://synthetic-shop.local/search/syn-0001,https://synthetic-shop.local/search/syn-0001,,,,raw_html,,ca5f0739f1ff7633facad56dc8636f736093fecea01d17200e87dd98ae77c9b4,,synthetic-shop.local,run-none82,,,ok,0.856699887663126,3.140399930998683,35.33199988305569,5,5,5,False,,,,5,0,0,,,,0,1,0,0,0,0.0,0.0,0.0,0.0,0.0,0.0,0.0,0.0,0.0
20261001T114616Z-f7b52bbe,synthetic,b2_css,syn-0008__subtree_relocate__01,html/syn-0008__subtree_relocate__01.html,,positive,True,5.0,5.0,0,5,5,1.0,0,5,5,0,5,5,0,5,5,synthetic,html/syn-0008__subtree_relocate__01.html,syn-0008__subtree_relocate__01.html,run-none83,synthetic-shop.local,D:\Pet_Codes\science\article-price-tracker\synthetic\html\syn-0008__subtree_relocate__01.html,https://synthetic-shop.local/search/syn-0020,https://synthetic-shop.local/search/syn-0020,,,,raw_html,,9e6e1525559f19eaa83072719caf666db8948990e60911120ab5ee17b3389cc2,,synthetic-shop.local,run-none83,,,ok,0.7528997957706451,4.68830019235611,26.548099936917424,5,5,5,False,,,,5,0,0,,,,0,1,0,0,0,0.0,0.0,0.0,0.0,0.0,0.0,0.0,0.0,0.0
20261001T114616Z-f7b52bbe,synthetic,b2_css,syn-0008__subtree_relocate__02,html/syn-0008__subtree_relocate__02.html,,positive,True,5.0,5.0,0,5,5,1.0,0,5,5,0,5,5,0,5,5,synthetic,html/syn-0008__subtree_relocate__02.html,syn-0008__subtree_relocate__02.html,run-none84,synthetic-shop.local,D:\Pet_Codes\science\article-price-tracker\synthetic\html\syn-0008__subtree_relocate__02.html,https://synthetic-shop.local/search/syn-0019,https://synthetic-shop.local/search/syn-0019,,,,raw_html,,f2d7f56388963503957792f6cbdd31940ea3e213810046fb93b598a99c78c21e,,synthetic-shop.local,run-none84,,,ok,0.4734999965876341,3.28739988617599,24.269700050354004,5,5,5,False,,,,5,0,0,,,,0,1,0,0,0,0.0,0.0,0.0,0.0,0.0,0.0,0.0,0.0,0.0
20261001T114616Z-f7b52bbe,synthetic,b2_css,syn-0008__wrapper_insert__01,html/syn-0008__wrapper_insert__01.html,,positive,True,5.0,5.0,0,5,5,1.0,0,5,5,0,5,5,0,5,5,synthetic,html/syn-0008__wrapper_insert__01.html,syn-0008__wrapper_insert__01.html,run-none85,synthetic-shop.local,D:\Pet_Codes\science\article-price-tracker\synthetic\html\syn-0008__wrapper_insert__01.html,https://synthetic-shop.local/search/syn-0018,https://synthetic-shop.local/search/syn-0018,,,,raw_html,,24ec9d2c182c13bc5be521a10f9bdb334f38255185e46a59424a7b2c13fa2a16,,synthetic-shop.local,run-none85,,,ok,0.47850003466010094,2.0349000114947557,22.407500073313713,5,5,5,False,,,,5,0,0,,,,0,1,0,0,0,0.0,0.0,0.0,0.0,0.0,0.0,0.0,0.0,0.0
20261001T114616Z-f7b52bbe,synthetic,b2_css,syn-0008__wrapper_insert__02,html/syn-0008__wrapper_insert__02.html,,positive,True,5.0,5.0,0,5,5,1.0,0,5,5,0,5,5,0,5,5,synthetic,html/syn-0008__wrapper_insert__02.html,syn-0008__wrapper_insert__02.html,run-none86,synthetic-shop.local,D:\Pet_Codes\science\article-price-tracker\synthetic\html\syn-0008__wrapper_insert__02.html,https://synthetic-shop.local/search/syn-0003,https://synthetic-shop.local/search/syn-0003,,,,raw_html,,da76433c40a334d7e4329b9b3856c91fd446c6be834c7fd7a4fe05482a0ae987,,synthetic-shop.local,run-none86,,,ok,0.8906000293791294,2.2056999150663614,18.993600038811564,5,5,5,False,,,,5,0,0,,,,0,1,0,0,0,0.0,0.0,0.0,0.0,0.0,0.0,0.0,0.0,0.0
20261001T114616Z-f7b52bbe,synthetic,b2_css,syn-0008__wrapper_insert__03,html/syn-0008__wrapper_insert__03.html,,positive,True,5.0,5.0,0,5,5,1.0,0,5,5,0,5,5,0,5,5,synthetic,html/syn-0008__wrapper_insert__03.html,syn-0008__wrapper_insert__03.html,run-none87,synthetic-shop.local,D:\Pet_Codes\science\article-price-tracker\synthetic\html\syn-0008__wrapper_insert__03.html,https://synthetic-shop.local/search/syn-0006,https://synthetic-shop.local/search/syn-0006,,,,raw_html,,d8ccc8a7c5ee9dffd3743362965426cfcf3664bacd394bf325f7e16d4f2cef4a,,synthetic-shop.local,run-none87,,,ok,0.5148998461663723,1.6821001190692186,32.89319993928075,5,5,5,False,,,,5,0,0,,,,0,1,0,0,0,0.0,0.0,0.0,0.0,0.0,0.0,0.0,0.0,0.0
20261001T114616Z-f7b52bbe,synthetic,b2_css,syn-0009,html/syn-0009.html,,unannotated,False,,,0,0,0,,0,0,0,0,0,0,0,0,0,synthetic,html/syn-0009.html,syn-0009.html,run-none88,synthetic-shop.local,D:\Pet_Codes\science\article-price-tracker\synthetic\html\syn-0009.html,https://synthetic-shop.local/search/syn-0007,https://synthetic-shop.local/search/syn-0007,,,,raw_html,,c579269483f7ea8e2e5913c682f17dd9213c078160dd246a383e07d4ea7ba72b,,synthetic-shop.local,run-none88,,,ok,1.1928000021725893,2.5084998924285173,32.814300153404474,5,5,5,False,,,,0,0,0,,,,0,0,0,0,0,,,,,,,,,
20261001T114616Z-f7b52bbe,synthetic,b2_css,syn-0009__class_rename__01,html/syn-0009__class_rename__01.html,,positive,True,5.0,5.0,0,5,5,1.0,0,5,5,0,5,5,0,5,5,synthetic,html/syn-0009__class_rename__01.html,syn-0009__class_rename__01.html,run-none89,synthetic-shop.local,D:\Pet_Codes\science\article-price-tracker\synthetic\html\syn-0009__class_rename__01.html,https://synthetic-shop.local/search/syn-0018,https://synthetic-shop.local/search/syn-0018,,,,raw_html,,88725868f11a3e7230789621911197d469ba4174ee90a083941b34edd49f02bd,,synthetic-shop.local,run-none89,,,ok,0.9997999295592308,2.630299888551235,37.292700028046966,5,5,5,False,,,,5,0,0,,,,0,1,0,0,0,0.0,0.0,0.0,0.0,0.0,0.0,0.0,0.0,0.0
20261001T114616Z-f7b52bbe,synthetic,b2_css,syn-0009__class_rename__02,html/syn-0009__class_rename__02.html,,positive,True,5.0,5.0,0,5,5,1.0,0,5,5,0,5,5,0,5,5,synthetic,html/syn-0009__class_rename__02.html,syn-0009__class_rename__02.html,run-none90,synthetic-shop.local,D:\Pet_Codes\science\article-price-tracker\synthetic\html\syn-0009__class_rename__02.html,https://synthetic-shop.local/search/syn-0008,https://synthetic-shop.local/search/syn-0008,,,,raw_html,,6f03d5bcc9afe425450b09825f43a650a4543b00ecfd53723ad9989c23888407,,synthetic-shop.local,run-none90,,,ok,0.8425998967140913,2.98250000923872,28.91190000809729,5,5,5,False,,,,5,0,0,,,,0,1,0,0,0,0.0,0.0,0.0,0.0,0.0,0.0,0.0,0.0,0.0
20261001T114616Z-f7b52bbe,synthetic,b2_css,syn-0009__class_rename__03,html/syn-0009__class_rename__03.html,,positive,True,5.0,5.0,0,5,5,1.0,0,5,5,0,5,5,0,5,5,synthetic,html/syn-0009__class_rename__03.html,syn-0009__class_rename__03.html,run-none91,synthetic-shop.local,D:\Pet_Codes\science\article-price-tracker\synthetic\html\syn-0009__class_rename__03.html,https://synthetic-shop.local/search/syn-0001,https://synthetic-shop.local/search/syn-0001,,,,raw_html,,ad268f00ea6a5e0673a0a10c9871f58c22f814ce944d6fbcab6926e56a4d026b,,synthetic-shop.local,run-none91,,,ok,0.802700174972415,2.1614001598209143,18.249700078740716,5,5,5,False,,,,5,0,0,,,,0,1,0,0,0,0.0,0.0,0.0,0.0,0.0,0.0,0.0,0.0,0.0
20261001T114616Z-f7b52bbe,synthetic,b2_css,syn-0009__field_reorder__01,html/syn-0009__field_reorder__01.html,,positive,True,5.0,5.0,0,5,5,1.0,0,5,5,0,5,5,0,5,5,synthetic,html/syn-0009__field_reorder__01.html,syn-0009__field_reorder__01.html,run-none92,synthetic-shop.local,D:\Pet_Codes\science\article-price-tracker\synthetic\html\syn-0009__field_reorder__01.html,https://synthetic-shop.local/search/syn-0011,https://synthetic-shop.local/search/syn-0011,,,,raw_html,,dd89619d0032bf37b8f315bd0999d065d326c21cc9b87ba385e6f0d234b8654e,,synthetic-shop.local,run-none92,,,ok,0.49769994802773,2.752400003373623,18.054299987852573,5,5,5,False,,,,5,0,0,,,,0,1,0,0,0,0.0,0.0,0.0,0.0,0.0,0.0,0.0,0.0,0.0
20261001T114616Z-f7b52bbe,synthetic,b2_css,syn-0009__field_reorder__02,html/syn-0009__field_reorder__02.html,,positive,True,5.0,5.0,0,5,5,1.0,0,5,5,0,5,5,0,5,5,synthetic,html/syn-0009__field_reorder__02.html,syn-0009__field_reorder__02.html,run-none93,synthetic-shop.local,D:\Pet_Codes\science\article-price-tracker\synthetic\html\syn-0009__field_reorder__02.html,https://synthetic-shop.local/search/syn-0015,https://synthetic-shop.local/search/syn-0015,,,,raw_html,,aad90fb366841a3a1c3cd98e7690c45c58b79be689ee5fa38e9c28982265cf92,,synthetic-shop.local,run-none93,,,ok,0.7939999923110008,2.430099993944168,23.883699905127287,5,5,5,False,,,,5,0,0,,,,0,1,0,0,0,0.0,0.0,0.0,0.0,0.0,0.0,0.0,0.0,0.0
20261001T114616Z-f7b52bbe,synthetic,b2_css,syn-0009__subtree_relocate__01,html/syn-0009__subtree_relocate__01.html,,positive,True,5.0,5.0,0,5,5,1.0,0,5,5,0,5,5,0,5,5,synthetic,html/syn-0009__subtree_relocate__01.html,syn-0009__subtree_relocate__01.html,run-none94,synthetic-shop.local,D:\Pet_Codes\science\article-price-tracker\synthetic\html\syn-0009__subtree_relocate__01.html,https://synthetic-shop.local/search/syn-0002,https://synthetic-shop.local/search/syn-0002,,,,raw_html,,35189e9e47fd8b0791f435067bfa1f756e105f07c936067936d7acbb5cafcb99,,synthetic-shop.local,run-none94,,,ok,0.5518000107258558,2.2559999488294125,14.673199970275164,5,5,5,False,,,,5,0,0,,,,0,1,0,0,0,0.0,0.0,0.0,0.0,0.0,0.0,0.0,0.0,0.0
20261001T114616Z-f7b52bbe,synthetic,b2_css,syn-0009__subtree_relocate__02,html/syn-0009__subtree_relocate__02.html,,positive,True,5.0,5.0,0,5,5,1.0,0,5,5,0,5,5,0,5,5,synthetic,html/syn-0009__subtree_relocate__02.html,syn-0009__subtree_relocate__02.html,run-none95,synthetic-shop.local,D:\Pet_Codes\science\article-price-tracker\synthetic\html\syn-0009__subtree_relocate__02.html,https://synthetic-shop.local/search/syn-0011,https://synthetic-shop.local/search/syn-0011,,,,raw_html,,543f4bed297dbe6fa0c142344168b72fdf34afe16aef20aa58981c14e494a98d,,synthetic-shop.local,run-none95,,,ok,0.5135999526828527,1.8760999664664268,20.598300034180284,5,5,5,False,,,,5,0,0,,,,0,1,0,0,0,0.0,0.0,0.0,0.0,0.0,0.0,0.0,0.0,0.0
20261001T114616Z-f7b52bbe,synthetic,b2_css,syn-0009__wrapper_insert__01,html/syn-0009__wrapper_insert__01.html,,positive,True,5.0,5.0,0,5,5,1.0,0,5,5,0,5,5,0,5,5,synthetic,html/syn-0009__wrapper_insert__01.html,syn-0009__wrapper_insert__01.html,run-none96,synthetic-shop.local,D:\Pet_Codes\science\article-price-tracker\synthetic\html\syn-0009__wrapper_insert__01.html,https://synthetic-shop.local/search/syn-0012,https://synthetic-shop.local/search/syn-0012,,,,raw_html,,93d255878526f0b3a194348762f85f68f222cb1f33cb7ffa4af8bb89133280f9,,synthetic-shop.local,run-none96,,,ok,0.7072999142110348,2.10949988104403,13.800399843603373,5,5,5,False,,,,5,0,0,,,,0,1,0,0,0,0.0,0.0,0.0,0.0,0.0,0.0,0.0,0.0,0.0
20261001T114616Z-f7b52bbe,synthetic,b2_css,syn-0009__wrapper_insert__02,html/syn-0009__wrapper_insert__02.html,,positive,True,5.0,5.0,0,5,5,1.0,0,5,5,0,5,5,0,5,5,synthetic,html/syn-0009__wrapper_insert__02.html,syn-0009__wrapper_insert__02.html,run-none97,synthetic-shop.local,D:\Pet_Codes\science\article-price-tracker\synthetic\html\syn-0009__wrapper_insert__02.html,https://synthetic-shop.local/search/syn-0012,https://synthetic-shop.local/search/syn-0012,,,,raw_html,,3a436196ca22833c637542bc5c7fa494acb64fc716d6f0386173957eb8368447,,synthetic-shop.local,run-none97,,,ok,0.9084998164325953,2.7813001070171595,18.15239991992712,5,5,5,False,,,,5,0,0,,,,0,1,0,0,0,0.0,0.0,0.0,0.0,0.0,0.0,0.0,0.0,0.0
20261001T114616Z-f7b52bbe,synthetic,b2_css,syn-0009__wrapper_insert__03,html/syn-0009__wrapper_insert__03.html,,positive,True,5.0,5.0,0,5,5,1.0,0,5,5,0,5,5,0,5,5,synthetic,html/syn-0009__wrapper_insert__03.html,syn-0009__wrapper_insert__03.html,run-none98,synthetic-shop.local,D:\Pet_Codes\science\article-price-tracker\synthetic\html\syn-0009__wrapper_insert__03.html,https://synthetic-shop.local/search/syn-0004,https://synthetic-shop.local/search/syn-0004,,,,raw_html,,8f78c84b4dcea2ea94faf3d1b580968356c7f1f7336813264d843fe20eb8558f,,synthetic-shop.local,run-none98,,,ok,0.8181000594049692,5.218599922955036,17.724999925121665,5,5,5,False,,,,5,0,0,,,,0,1,0,0,0,0.0,0.0,0.0,0.0,0.0,0.0,0.0,0.0,0.0
20261001T114616Z-f7b52bbe,synthetic,b2_css,syn-0010,html/syn-0010.html,,unannotated,False,,,0,0,0,,0,0,0,0,0,0,0,0,0,synthetic,html/syn-0010.html,syn-0010.html,run-none99,synthetic-shop.local,D:\Pet_Codes\science\article-price-tracker\synthetic\html\syn-0010.html,https://synthetic-shop.local/search/syn-0017,https://synthetic-shop.local/search/syn-0017,,,,raw_html,,868e08818aa93ea36254f0981c9d22a965f12bc62a5d6b9c183210be8c4c64ee,,synthetic-shop.local,run-none99,,,ok,0.578099861741066,5.3310999646782875,17.792800208553672,5,5,5,False,,,,0,0,0,,,,0,0,0,0,0,,,,,,,,,
20261001T114616Z-f7b52bbe,synthetic,b2_css,syn-0010__class_rename__01,html/syn-0010__class_rename__01.html,,positive,True,5.0,5.0,0,5,5,1.0,0,5,5,0,5,5,0,5,5,synthetic,html/syn-0010__class_rename__01.html,syn-0010__class_rename__01.html,run-none100,synthetic-shop.local,D:\Pet_Codes\science\article-price-tracker\synthetic\html\syn-0010__class_rename__01.html,https://synthetic-shop.local/search/syn-0015,https://synthetic-shop.local/search/syn-0015,,,,raw_html,,2f9cfa32198568e93d2a29608a6b6908ab6708bdfb843f42473b75daa7a1fcf3,,synthetic-shop.local,run-none100,,,ok,0.6025999318808317,2.7719999197870493,27.650699950754642,5,5,5,False,,,,5,0,0,,,,0,1,0,0,0,0.0,0.0,0.0,0.0,0.0,0.0,0.0,0.0,0.0
20261001T114616Z-f7b52bbe,synthetic,b2_css,syn-0010__class_rename__02,html/syn-0010__class_rename__02.html,,positive,True,5.0,5.0,0,5,5,1.0,0,5,5,0,5,5,0,5,5,synthetic,html/syn-0010__class_rename__02.html,syn-0010__class_rename__02.html,run-none101,synthetic-shop.local,D:\Pet_Codes\science\article-price-tracker\synthetic\html\syn-0010__class_rename__02.html,https://synthetic-shop.local/search/syn-0006,https://synthetic-shop.local/search/syn-0006,,,,raw_html,,9b7b25c4281a844d83d16da90a89fbbe20097ece3cd07208317d741a79a41972,,synthetic-shop.local,run-none101,,,ok,0.8074999786913395,1.6385000199079514,17.411499982699752,5,5,5,False,,,,5,0,0,,,,0,1,0,0,0,0.0,0.0,0.0,0.0,0.0,0.0,0.0,0.0,0.0
20261001T114616Z-f7b52bbe,synthetic,b2_css,syn-0010__class_rename__03,html/syn-0010__class_rename__03.html,,positive,True,5.0,5.0,0,5,5,1.0,0,5,5,0,5,5,0,5,5,synthetic,html/syn-0010__class_rename__03.html,syn-0010__class_rename__03.html,run-none102,synthetic-shop.local,D:\Pet_Codes\science\article-price-tracker\synthetic\html\syn-0010__class_rename__03.html,https://synthetic-shop.local/search/syn-0011,https://synthetic-shop.local/search/syn-0011,,,,raw_html,,af1c606d7fb851987c6942f3c4ae4aeadcebe0bad5550b1b43ceb8ab3cd4af64,,synthetic-shop.local,run-none102,,,ok,0.5787999834865332,1.7896001227200031,20.569500047713518,5,5,5,False,,,,5,0,0,,,,0,1,0,0,0,0.0,0.0,0.0,0.0,0.0,0.0,0.0,0.0,0.0
20261001T114616Z-f7b52bbe,synthetic,b2_css,syn-0010__field_reorder__01,html/syn-0010__field_reorder__01.html,,positive,True,5.0,5.0,0,5,5,1.0,0,5,5,0,5,5,0,5,5,synthetic,html/syn-0010__field_reorder__01.html,syn-0010__field_reorder__01.html,run-none103,synthetic-shop.local,D:\Pet_Codes\science\article-price-tracker\synthetic\html\syn-0010__field_reorder__01.html,https://synthetic-shop.local/search/syn-0005,https://synthetic-shop.local/search/syn-0005,,,,raw_html,,e4b37c67cc66476706932e1c3474b625441a996f98497ea3ac3e1fe975ca3649,,synthetic-shop.local,run-none103,,,ok,0.5446998402476311,3.409299999475479,27.388500049710274,5,5,5,False,,,,5,0,0,,,,0,1,0,0,0,0.0,0.0,0.0,0.0,0.0,0.0,0.0,0.0,0.0
20261001T114616Z-f7b52bbe,synthetic,b2_css,syn-0010__field_reorder__02,html/syn-0010__field_reorder__02.html,,positive,True,5.0,5.0,0,5,5,1.0,0,5,5,0,5,5,0,5,5,synthetic,html/syn-0010__field_reorder__02.html,syn-0010__field_reorder__02.html,run-none104,synthetic-shop.local,D:\Pet_Codes\science\article-price-tracker\synthetic\html\syn-0010__field_reorder__02.html,https://synthetic-shop.local/search/syn-0001,https://synthetic-shop.local/search/syn-0001,,,,raw_html,,0218434f7f78fd6217ebe04a267f3f675b5b5197c5e363c0366bd7e70517251a,,synthetic-shop.local,run-none104,,,ok,0.5325998645275831,2.079600002616644,19.2650998942554,5,5,5,False,,,,5,0,0,,,,0,1,0,0,0,0.0,0.0,0.0,0.0,0.0,0.0,0.0,0.0,0.0
20261001T114616Z-f7b52bbe,synthetic,b2_css,syn-0010__subtree_relocate__01,html/syn-0010__subtree_relocate__01.html,,positive,True,5.0,5.0,0,5,5,1.0,0,5,5,0,5,5,0,5,5,synthetic,html/syn-0010__subtree_relocate__01.html,syn-0010__subtree_relocate__01.html,run-none105,synthetic-shop.local,D:\Pet_Codes\science\article-price-tracker\synthetic\html\syn-0010__subtree_relocate__01.html,https://synthetic-shop.local/search/syn-0016,https://synthetic-shop.local/search/syn-0016,,,,raw_html,,6344efa4e7d7aad85dc6faa10a6090e4487edd9c7c5b0ab51c7743671fac27c6,,synthetic-shop.local,run-none105,,,ok,0.743999844416976,3.564500017091632,18.984499853104353,5,5,5,False,,,,5,0,0,,,,0,1,0,0,0,0.0,0.0,0.0,0.0,0.0,0.0,0.0,0.0,0.0
20261001T114616Z-f7b52bbe,synthetic,b2_css,syn-0010__subtree_relocate__02,html/syn-0010__subtree_relocate__02.html,,positive,True,5.0,5.0,0,5,5,1.0,0,5,5,0,5,5,0,5,5,synthetic,html/syn-0010__subtree_relocate__02.html,syn-0010__subtree_relocate__02.html,run-none106,synthetic-shop.local,D:\Pet_Codes\science\article-price-tracker\synthetic\html\syn-0010__subtree_relocate__02.html,https://synthetic-shop.local/search/syn-0013,https://synthetic-shop.local/search/syn-0013,,,,raw_html,,78cecc7b7ce54bdd0754118242ddf6c5a5cfec8d32a1a20eff3d0719535ab9a2,,synthetic-shop.local,run-none106,,,ok,0.5943998694419861,1.7639000434428453,18.522399943321943,5,5,5,False,,,,5,0,0,,,,0,1,0,0,0,0.0,0.0,0.0,0.0,0.0,0.0,0.0,0.0,0.0
20261001T114616Z-f7b52bbe,synthetic,b2_css,syn-0010__wrapper_insert__01,html/syn-0010__wrapper_insert__01.html,,positive,True,5.0,5.0,0,5,5,1.0,0,5,5,0,5,5,0,5,5,synthetic,html/syn-0010__wrapper_insert__01.html,syn-0010__wrapper_insert__01.html,run-none107,synthetic-shop.local,D:\Pet_Codes\science\article-price-tracker\synthetic\html\syn-0010__wrapper_insert__01.html,https://synthetic-shop.local/search/syn-0001,https://synthetic-shop.local/search/syn-0001,,,,raw_html,,a4cd57367a087f3577efe132252821eaf043d60f385a19956cde173c18e9b749,,synthetic-shop.local,run-none107,,,ok,0.5787999834865332,2.7129999361932278,24.789100047200918,5,5,5,False,,,,5,0,0,,,,0,1,0,0,0,0.0,0.0,0.0,0.0,0.0,0.0,0.0,0.0,0.0
20261001T114616Z-f7b52bbe,synthetic,b2_css,syn-0010__wrapper_insert__02,html/syn-0010__wrapper_insert__02.html,,positive,True,5.0,5.0,0,5,5,1.0,0,5,5,0,5,5,0,5,5,synthetic,html/syn-0010__wrapper_insert__02.html,syn-0010__wrapper_insert__02.html,run-none108,synthetic-shop.local,D:\Pet_Codes\science\article-price-tracker\synthetic\html\syn-0010__wrapper_insert__02.html,https://synthetic-shop.local/search/syn-0012,https://synthetic-shop.local/search/syn-0012,,,,raw_html,,65ef43d8fb94e9e14cd8ab2d00f36173d079e29b6267a0f9232e0164245a06e9,,synthetic-shop.local,run-none108,,,ok,0.6609999109059572,2.1303000394254923,15.414099907502532,5,5,5,False,,,,5,0,0,,,,0,1,0,0,0,0.0,0.0,0.0,0.0,0.0,0.0,0.0,0.0,0.0
20261001T114616Z-f7b52bbe,synthetic,b2_css,syn-0010__wrapper_insert__03,html/syn-0010__wrapper_insert__03.html,,positive,True,5.0,5.0,0,5,5,1.0,0,5,5,0,5,5,0,5,5,synthetic,html/syn-0010__wrapper_insert__03.html,syn-0010__wrapper_insert__03.html,run-none109,synthetic-shop.local,D:\Pet_Codes\science\article-price-tracker\synthetic\html\syn-0010__wrapper_insert__03.html,https://synthetic-shop.local/search/syn-0013,https://synthetic-shop.local/search/syn-0013,,,,raw_html,,6f55d694b45e83dc065b1b2f0f37be0ff0348e9d41ac3aad620dc0041c654ed9,,synthetic-shop.local,run-none109,,,ok,0.588499940931797,1.8396000377833843,18.591800006106496,5,5,5,False,,,,5,0,0,,,,0,1,0,0,0,0.0,0.0,0.0,0.0,0.0,0.0,0.0,0.0,0.0
20261001T114616Z-f7b52bbe,synthetic,b2_css,syn-0011,html/syn-0011.html,,unannotated,False,,,0,0,0,,0,0,0,0,0,0,0,0,0,synthetic,html/syn-0011.html,syn-0011.html,run-none110,synthetic-shop.local,D:\Pet_Codes\science\article-price-tracker\synthetic\html\syn-0011.html,https://synthetic-shop.local/search/syn-0003,https://synthetic-shop.local/search/syn-0003,,,,raw_html,,2301e0f464903c9280169092611c0194aa8f79300de653a0b6005af1bf5eae85,,synthetic-shop.local,run-none110,,,ok,1.0014001745730639,2.492800122126937,17.680400051176548,5,5,5,False,,,,0,0,0,,,,0,0,0,0,0,,,,,,,,,
20261001T114616Z-f7b52bbe,synthetic,b2_css,syn-0011__class_rename__01,html/syn-0011__class_rename__01.html,,positive,True,5.0,5.0,0,5,5,1.0,0,5,5,0,5,5,0,5,5,synthetic,html/syn-0011__class_rename__01.html,syn-0011__class_rename__01.html,run-none111,synthetic-shop.local,D:\Pet_Codes\science\article-price-tracker\synthetic\html\syn-0011__class_rename__01.html,https://synthetic-shop.local/search/syn-0013,https://synthetic-shop.local/search/syn-0013,,,,raw_html,,f7c92409efc1a1208fe446c57bf58709f20937ad17dbccec7dfbee3755fae277,,synthetic-shop.local,run-none111,,,ok,0.535300001502037,2.1961999591439962,21.56899985857308,5,5,5,False,,,,5,0,0,,,,0,1,0,0,0,0.0,0.0,0.0,0.0,0.0,0.0,0.0,0.0,0.0
20261001T114616Z-f7b52bbe,synthetic,b2_css,syn-0011__class_rename__02,html/syn-0011__class_rename__02.html,,positive,True,5.0,5.0,0,5,5,1.0,0,5,5,0,5,5,0,5,5,synthetic,html/syn-0011__class_rename__02.html,syn-0011__class_rename__02.html,run-none112,synthetic-shop.local,D:\Pet_Codes\science\article-price-tracker\synthetic\html\syn-0011__class_rename__02.html,https://synthetic-shop.local/search/syn-0007,https://synthetic-shop.local/search/syn-0007,,,,raw_html,,6e85dbbf23684e3f80c791d07c31f822fae08869e804aa19298c5fd1bdddd742,,synthetic-shop.local,run-none112,,,ok,0.6218000780791044,12.929100077599287,20.43120004236698,5,5,5,False,,,,5,0,0,,,,0,1,0,0,0,0.0,0.0,0.0,0.0,0.0,0.0,0.0,0.0,0.0
20261001T114616Z-f7b52bbe,synthetic,b2_css,syn-0011__class_rename__03,html/syn-0011__class_rename__03.html,,positive,True,5.0,5.0,0,5,5,1.0,0,5,5,0,5,5,0,5,5,synthetic,html/syn-0011__class_rename__03.html,syn-0011__class_rename__03.html,run-none113,synthetic-shop.local,D:\Pet_Codes\science\article-price-tracker\synthetic\html\syn-0011__class_rename__03.html,https://synthetic-shop.local/search/syn-0014,https://synthetic-shop.local/search/syn-0014,,,,raw_html,,26b69b3d83af06a3db2097b31dd8c82d2a0e56033c0b0a8893636d51a3c5409c,,synthetic-shop.local,run-none113,,,ok,0.5812998861074448,1.9062000792473555,20.76490013860166,5,5,5,False,,,,5,0,0,,,,0,1,0,0,0,0.0,0.0,0.0,0.0,0.0,0.0,0.0,0.0,0.0
20261001T114616Z-f7b52bbe,synthetic,b2_css,syn-0011__field_reorder__01,html/syn-0011__field_reorder__01.html,,positive,True,5.0,5.0,0,5,5,1.0,0,5,5,0,5,5,0,5,5,synthetic,html/syn-0011__field_reorder__01.html,syn-0011__field_reorder__01.html,run-none114,synthetic-shop.local,D:\Pet_Codes\science\article-price-tracker\synthetic\html\syn-0011__field_reorder__01.html,https://synthetic-shop.local/search/syn-0019,https://synthetic-shop.local/search/syn-0019,,,,raw_html,,f0ed327d0704b6f3b307fc08742929e8c0021d7c19bb45927d214978b85428fc,,synthetic-shop.local,run-none114,,,ok,0.5846999119967222,2.750399988144636,28.685000026598573,5,5,5,False,,,,5,0,0,,,,0,1,0,0,0,0.0,0.0,0.0,0.0,0.0,0.0,0.0,0.0,0.0
20261001T114616Z-f7b52bbe,synthetic,b2_css,syn-0011__field_reorder__02,html/syn-0011__field_reorder__02.html,,positive,True,5.0,5.0,0,5,5,1.0,0,5,5,0,5,5,0,5,5,synthetic,html/syn-0011__field_reorder__02.html,syn-0011__field_reorder__02.html,run-none115,synthetic-shop.local,D:\Pet_Codes\science\article-price-tracker\synthetic\html\syn-0011__field_reorder__02.html,https://synthetic-shop.local/search/syn-0003,https://synthetic-shop.local/search/syn-0003,,,,raw_html,,82af70687888330deae50ac6c1612c364e59c1e881aaa75f3b3be7a1ea4a25cb,,synthetic-shop.local,run-none115,,,ok,0.7851999253034592,2.5616001803427935,28.3653000369668,5,5,5,False,,,,5,0,0,,,,0,1,0,0,0,0.0,0.0,0.0,0.0,0.0,0.0,0.0,0.0,0.0
20261001T114616Z-f7b52bbe,synthetic,b2_css,syn-0011__subtree_relocate__01,html/syn-0011__subtree_relocate__01.html,,positive,True,5.0,5.0,0,5,5,1.0,0,5,5,0,5,5,0,5,5,synthetic,html/syn-0011__subtree_relocate__01.html,syn-0011__subtree_relocate__01.html,run-none116,synthetic-shop.local,D:\Pet_Codes\science\article-price-tracker\synthetic\html\syn-0011__subtree_relocate__01.html,https://synthetic-shop.local/search/syn-0009,https://synthetic-shop.local/search/syn-0009,,,,raw_html,,261a6eeb7f75031de80791969ffc86a4128cbb6793fb43e7ecdf8b658c9ef1b3,,synthetic-shop.local,run-none116,,,ok,1.132299890741706,4.1461000218987465,30.710000079125166,5,5,5,False,,,,5,0,0,,,,0,1,0,0,0,0.0,0.0,0.0,0.0,0.0,0.0,0.0,0.0,0.0
20261001T114616Z-f7b52bbe,synthetic,b2_css,syn-0011__subtree_relocate__02,html/syn-0011__subtree_relocate__02.html,,positive,True,5.0,5.0,0,5,5,1.0,0,5,5,0,5,5,0,5,5,synthetic,html/syn-0011__subtree_relocate__02.html,syn-0011__subtree_relocate__02.html,run-none117,synthetic-shop.local,D:\Pet_Codes\science\article-price-tracker\synthetic\html\syn-0011__subtree_relocate__02.html,https://synthetic-shop.local/search/syn-0007,https://synthetic-shop.local/search/syn-0007,,,,raw_html,,15099d0c0fcd61f0174b42498720ca6e26f0197175ea1c5f94cee82c1ca8ef5e,,synthetic-shop.local,run-none117,,,ok,0.7557000499218702,2.6233000680804253,21.489899838343263,5,5,5,False,,,,5,0,0,,,,0,1,0,0,0,0.0,0.0,0.0,0.0,0.0,0.0,0.0,0.0,0.0
20261001T114616Z-f7b52bbe,synthetic,b2_css,syn-0011__wrapper_insert__01,html/syn-0011__wrapper_insert__01.html,,positive,True,5.0,5.0,0,5,5,1.0,0,5,5,0,5,5,0,5,5,synthetic,html/syn-0011__wrapper_insert__01.html,syn-0011__wrapper_insert__01.html,run-none118,synthetic-shop.local,D:\Pet_Codes\science\article-price-tracker\synthetic\html\syn-0011__wrapper_insert__01.html,https://synthetic-shop.local/search/syn-0005,https://synthetic-shop.local/search/syn-0005,,,,raw_html,,88cb94c11d6de4312963f3cc236c2d5a20a968292383afb186afc22c7bc350f5,,synthetic-shop.local,run-none118,,,ok,0.6866001058369875,5.823699990287423,34.76030007004738,5,5,5,False,,,,5,0,0,,,,0,1,0,0,0,0.0,0.0,0.0,0.0,0.0,0.0,0.0,0.0,0.0
20261001T114616Z-f7b52bbe,synthetic,b2_css,syn-0011__wrapper_insert__02,html/syn-0011__wrapper_insert__02.html,,positive,True,5.0,5.0,0,5,5,1.0,0,5,5,0,5,5,0,5,5,synthetic,html/syn-0011__wrapper_insert__02.html,syn-0011__wrapper_insert__02.html,run-none119,synthetic-shop.local,D:\Pet_Codes\science\article-price-tracker\synthetic\html\syn-0011__wrapper_insert__02.html,https://synthetic-shop.local/search/syn-0010,https://synthetic-shop.local/search/syn-0010,,,,raw_html,,7f2b3208ae26348faa3127f32b10f53d1880a45dc5ef25006198c75a65025a55,,synthetic-shop.local,run-none119,,,ok,0.784900039434433,3.6945000756531954,32.01319999061525,5,5,5,False,,,,5,0,0,,,,0,1,0,0,0,0.0,0.0,0.0,0.0,0.0,0.0,0.0,0.0,0.0
20261001T114616Z-f7b52bbe,synthetic,b2_css,syn-0011__wrapper_insert__03,html/syn-0011__wrapper_insert__03.html,,positive,True,5.0,5.0,0,5,5,1.0,0,5,5,0,5,5,0,5,5,synthetic,html/syn-0011__wrapper_insert__03.html,syn-0011__wrapper_insert__03.html,run-none120,synthetic-shop.local,D:\Pet_Codes\science\article-price-tracker\synthetic\html\syn-0011__wrapper_insert__03.html,https://synthetic-shop.local/search/syn-0003,https://synthetic-shop.local/search/syn-0003,,,,raw_html,,3c21330791cb88ea832b48c9df20351830285fe3e6c901afbe6131076c43c23a,,synthetic-shop.local,run-none120,,,ok,0.7213999051600695,2.6633001398295164,26.067399885505438,5,5,5,False,,,,5,0,0,,,,0,1,0,0,0,0.0,0.0,0.0,0.0,0.0,0.0,0.0,0.0,0.0
20261001T114616Z-f7b52bbe,synthetic,b2_css,syn-0012,html/syn-0012.html,,unannotated,False,,,0,0,0,,0,0,0,0,0,0,0,0,0,synthetic,html/syn-0012.html,syn-0012.html,run-none121,synthetic-shop.local,D:\Pet_Codes\science\article-price-tracker\synthetic\html\syn-0012.html,https://synthetic-shop.local/search/syn-0010,https://synthetic-shop.local/search/syn-0010,,,,raw_html,,e2a3a0c3d6c9bead5145b76ea6ce4095449e6dfd6bd96c194343235353ba1162,,synthetic-shop.local,run-none121,,,ok,0.7064000237733126,2.367599867284298,28.53890019468963,5,5,5,False,,,,0,0,0,,,,0,0,0,0,0,,,,,,,,,
20261001T114616Z-f7b52bbe,synthetic,b2_css,syn-0012__class_rename__01,html/syn-0012__class_rename__01.html,,positive,True,5.0,5.0,0,5,5,1.0,0,5,5,0,5,5,0,5,5,synthetic,html/syn-0012__class_rename__01.html,syn-0012__class_rename__01.html,run-none122,synthetic-shop.local,D:\Pet_Codes\science\article-price-tracker\synthetic\html\syn-0012__class_rename__01.html,https://synthetic-shop.local/search/syn-0009,https://synthetic-shop.local/search/syn-0009,,,,raw_html,,995a36e548ba5cc3d7d09da13aa1561a503e501c7277cb2037c8b19a088c15e0,,synthetic-shop.local,run-none122,,,ok,0.7255999371409416,3.8460001815110445,34.24049983732402,5,5,5,False,,,,5,0,0,,,,0,1,0,0,0,0.0,0.0,0.0,0.0,0.0,0.0,0.0,0.0,0.0
20261001T114616Z-f7b52bbe,synthetic,b2_css,syn-0012__class_rename__02,html/syn-0012__class_rename__02.html,,positive,True,5.0,5.0,0,5,5,1.0,0,5,5,0,5,5,0,5,5,synthetic,html/syn-0012__class_rename__02.html,syn-0012__class_rename__02.html,run-none123,synthetic-shop.local,D:\Pet_Codes\science\article-price-tracker\synthetic\html\syn-0012__class_rename__02.html,https://synthetic-shop.local/search/syn-0001,https://synthetic-shop.local/search/syn-0001,,,,raw_html,,fcc1b5ab3d88bb72e8e586d3b3589034d52eaeb9da5518e886b86ab7d51ea0ff,,synthetic-shop.local,run-none123,,,ok,0.7302998565137386,3.296499839052558,23.645600071176887,5,5,5,False,,,,5,0,0,,,,0,1,0,0,0,0.0,0.0,0.0,0.0,0.0,0.0,0.0,0.0,0.0
20261001T114616Z-f7b52bbe,synthetic,b2_css,syn-0012__class_rename__03,html/syn-0012__class_rename__03.html,,positive,True,5.0,5.0,0,5,5,1.0,0,5,5,0,5,5,0,5,5,synthetic,html/syn-0012__class_rename__03.html,syn-0012__class_rename__03.html,run-none124,synthetic-shop.local,D:\Pet_Codes\science\article-price-tracker\synthetic\html\syn-0012__class_rename__03.html,https://synthetic-shop.local/search/syn-0013,https://synthetic-shop.local/search/syn-0013,,,,raw_html,,73603a32f0dbb49dcef045799cfd8e36bd108594f0e0bfe672a0447708e2b352,,synthetic-shop.local,run-none124,,,ok,0.8100001141428947,2.4175001308321953,26.928800158202648,5,5,5,False,,,,5,0,0,,,,0,1,0,0,0,0.0,0.0,0.0,0.0,0.0,0.0,0.0,0.0,0.0
20261001T114616Z-f7b52bbe,synthetic,b2_css,syn-0012__field_reorder__01,html/syn-0012__field_reorder__01.html,,positive,True,5.0,5.0,0,5,5,1.0,0,5,5,0,5,5,0,5,5,synthetic,html/syn-0012__field_reorder__01.html,syn-0012__field_reorder__01.html,run-none125,synthetic-shop.local,D:\Pet_Codes\science\article-price-tracker\synthetic\html\syn-0012__field_reorder__01.html,https://synthetic-shop.local/search/syn-0003,https://synthetic-shop.local/search/syn-0003,,,,raw_html,,97d59cdcc13810dac0967fc6b39ea73d4210344fc363325d98146edd20f0da87,,synthetic-shop.local,run-none125,,,ok,0.8952000644057989,2.236400032415986,34.02700019069016,5,5,5,False,,,,5,0,0,,,,0,1,0,0,0,0.0,0.0,0.0,0.0,0.0,0.0,0.0,0.0,0.0
20261001T114616Z-f7b52bbe,synthetic,b2_css,syn-0012__field_reorder__02,html/syn-0012__field_reorder__02.html,,positive,True,5.0,5.0,0,5,5,1.0,0,5,5,0,5,5,0,5,5,synthetic,html/syn-0012__field_reorder__02.html,syn-0012__field_reorder__02.html,run-none126,synthetic-shop.local,D:\Pet_Codes\science\article-price-tracker\synthetic\html\syn-0012__field_reorder__02.html,https://synthetic-shop.local/search/syn-0009,https://synthetic-shop.local/search/syn-0009,,,,raw_html,,6f2869e67f0dfa7d88ee75c16a0c1aab6dd52dd7aa7dc0ccf0394ed87026a526,,synthetic-shop.local,run-none126,,,ok,0.8048000745475292,3.4326999448239803,40.98859988152981,5,5,5,False,,,,5,0,0,,,,0,1,0,0,0,0.0,0.0,0.0,0.0,0.0,0.0,0.0,0.0,0.0
20261001T114616Z-f7b52bbe,synthetic,b2_css,syn-0012__subtree_relocate__01,html/syn-0012__subtree_relocate__01.html,,positive,True,5.0,5.0,0,5,5,1.0,0,5,5,0,5,5,0,5,5,synthetic,html/syn-0012__subtree_relocate__01.html,syn-0012__subtree_relocate__01.html,run-none127,synthetic-shop.local,D:\Pet_Codes\science\article-price-tracker\synthetic\html\syn-0012__subtree_relocate__01.html,https://synthetic-shop.local/search/syn-0011,https://synthetic-shop.local/search/syn-0011,,,,raw_html,,97b35a65d3fea58f6b82db6dfb62e8f68fa5888b82c1251a8a39e569e9a01bd2,,synthetic-shop.local,run-none127,,,ok,0.977999996393919,2.855099970474839,21.58399997279048,5,5,5,False,,,,5,0,0,,,,0,1,0,0,0,0.0,0.0,0.0,0.0,0.0,0.0,0.0,0.0,0.0
20261001T114616Z-f7b52bbe,synthetic,b2_css,syn-0012__subtree_relocate__02,html/syn-0012__subtree_relocate__02.html,,positive,True,5.0,5.0,0,5,5,1.0,0,5,5,0,5,5,0,5,5,synthetic,html/syn-0012__subtree_relocate__02.html,syn-0012__subtree_relocate__02.html,run-none128,synthetic-shop.local,D:\Pet_Codes\science\article-price-tracker\synthetic\html\syn-0012__subtree_relocate__02.html,https://synthetic-shop.local/search/syn-0008,https://synthetic-shop.local/search/syn-0008,,,,raw_html,,c15ce4864cf62557a3e0ccab531814aef39599af0db2d11eb3d6be981bc66948,,synthetic-shop.local,run-none128,,,ok,0.5783000960946083,1.809700159355998,25.171800050884485,5,5,5,False,,,,5,0,0,,,,0,1,0,0,0,0.0,0.0,0.0,0.0,0.0,0.0,0.0,0.0,0.0
20261001T114616Z-f7b52bbe,synthetic,b2_css,syn-0012__wrapper_insert__01,html/syn-0012__wrapper_insert__01.html,,positive,True,5.0,5.0,0,5,5,1.0,0,5,5,0,5,5,0,5,5,synthetic,html/syn-0012__wrapper_insert__01.html,syn-0012__wrapper_insert__01.html,run-none129,synthetic-shop.local,D:\Pet_Codes\science\article-price-tracker\synthetic\html\syn-0012__wrapper_insert__01.html,https://synthetic-shop.local/search/syn-0011,https://synthetic-shop.local/search/syn-0011,,,,raw_html,,e98dff1e97decf1931fbe467b2e505ecb84814a51427ce58101758ed0b67dfab,,synthetic-shop.local,run-none129,,,ok,0.5402001552283764,2.0451999735087156,23.351400159299374,5,5,5,False,,,,5,0,0,,,,0,1,0,0,0,0.0,0.0,0.0,0.0,0.0,0.0,0.0,0.0,0.0
20261001T114616Z-f7b52bbe,synthetic,b2_css,syn-0012__wrapper_insert__02,html/syn-0012__wrapper_insert__02.html,,positive,True,5.0,5.0,0,5,5,1.0,0,5,5,0,5,5,0,5,5,synthetic,html/syn-0012__wrapper_insert__02.html,syn-0012__wrapper_insert__02.html,run-none130,synthetic-shop.local,D:\Pet_Codes\science\article-price-tracker\synthetic\html\syn-0012__wrapper_insert__02.html,https://synthetic-shop.local/search/syn-0008,https://synthetic-shop.local/search/syn-0008,,,,raw_html,,95dd87484a5875a121cc4d83243d976fdbce3159ebeb01f818abc64f95c43481,,synthetic-shop.local,run-none130,,,ok,0.8580998983234167,1.9167999271303415,19.179499940946698,5,5,5,False,,,,5,0,0,,,,0,1,0,0,0,0.0,0.0,0.0,0.0,0.0,0.0,0.0,0.0,0.0
20261001T114616Z-f7b52bbe,synthetic,b2_css,syn-0012__wrapper_insert__03,html/syn-0012__wrapper_insert__03.html,,positive,True,5.0,5.0,0,5,5,1.0,0,5,5,0,5,5,0,5,5,synthetic,html/syn-0012__wrapper_insert__03.html,syn-0012__wrapper_insert__03.html,run-none131,synthetic-shop.local,D:\Pet_Codes\science\article-price-tracker\synthetic\html\syn-0012__wrapper_insert__03.html,https://synthetic-shop.local/search/syn-0018,https://synthetic-shop.local/search/syn-0018,,,,raw_html,,4ec7cc50006ea71f9f109aab229791db4c535c8a6f47a1d24fa687f88a31d423,,synthetic-shop.local,run-none131,,,ok,0.6153001450002193,1.794199924916029,20.1602999586612,5,5,5,False,,,,5,0,0,,,,0,1,0,0,0,0.0,0.0,0.0,0.0,0.0,0.0,0.0,0.0,0.0
20261001T114616Z-f7b52bbe,synthetic,b2_css,syn-0013,html/syn-0013.html,,unannotated,False,,,0,0,0,,0,0,0,0,0,0,0,0,0,synthetic,html/syn-0013.html,syn-0013.html,run-none132,synthetic-shop.local,D:\Pet_Codes\science\article-price-tracker\synthetic\html\syn-0013.html,https://synthetic-shop.local/search/syn-0019,https://synthetic-shop.local/search/syn-0019,,,,raw_html,,9709ea835b8d713c84edea5827a86e1924e609efb3b7265dab53f2a7f45355cd,,synthetic-shop.local,run-none132,,,ok,0.5501999985426664,3.1229001469910145,41.43199999816716,5,5,5,False,,,,0,0,0,,,,0,0,0,0,0,,,,,,,,,
20261001T114616Z-f7b52bbe,synthetic,b2_css,syn-0013__class_rename__01,html/syn-0013__class_rename__01.html,,positive,True,5.0,5.0,0,5,5,1.0,0,5,5,0,5,5,0,5,5,synthetic,html/syn-0013__class_rename__01.html,syn-0013__class_rename__01.html,run-none133,synthetic-shop.local,D:\Pet_Codes\science\article-price-tracker\synthetic\html\syn-0013__class_rename__01.html,https://synthetic-shop.local/search/syn-0015,https://synthetic-shop.local/search/syn-0015,,,,raw_html,,b0cafdd07deda40b2ab705bd9b9fdb0dc36c37c773736c0563d8efc163e36493,,synthetic-shop.local,run-none133,,,ok,0.5747999530285597,2.6267999783158302,28.514999896287918,5,5,5,False,,,,5,0,0,,,,0,1,0,0,0,0.0,0.0,0.0,0.0,0.0,0.0,0.0,0.0,0.0
20261001T114616Z-f7b52bbe,synthetic,b2_css,syn-0013__class_rename__02,html/syn-0013__class_rename__02.html,,positive,True,5.0,5.0,0,5,5,1.0,0,5,5,0,5,5,0,5,5,synthetic,html/syn-0013__class_rename__02.html,syn-0013__class_rename__02.html,run-none134,synthetic-shop.local,D:\Pet_Codes\science\article-price-tracker\synthetic\html\syn-0013__class_rename__02.html,https://synthetic-shop.local/search/syn-0004,https://synthetic-shop.local/search/syn-0004,,,,raw_html,,f20a9c7649c5a1d63f9b50fde07a6482437ed2413d158f32485776cdf1f4a46f,,synthetic-shop.local,run-none134,,,ok,0.6246999837458134,1.98079994879663,20.978600019589067,5,5,5,False,,,,5,0,0,,,,0,1,0,0,0,0.0,0.0,0.0,0.0,0.0,0.0,0.0,0.0,0.0
20261001T114616Z-f7b52bbe,synthetic,b2_css,syn-0013__class_rename__03,html/syn-0013__class_rename__03.html,,positive,True,5.0,5.0,0,5,5,1.0,0,5,5,0,5,5,0,5,5,synthetic,html/syn-0013__class_rename__03.html,syn-0013__class_rename__03.html,run-none135,synthetic-shop.local,D:\Pet_Codes\science\article-price-tracker\synthetic\html\syn-0013__class_rename__03.html,https://synthetic-shop.local/search/syn-0019,https://synthetic-shop.local/search/syn-0019,,,,raw_html,,5511b8c36473aeb2d653c9c632816cb4ae96b28496696238504b8460f60829a9,,synthetic-shop.local,run-none135,,,ok,3.2737001311033964,4.562899935990572,29.158900026232004,5,5,5,False,,,,5,0,0,,,,0,1,0,0,0,0.0,0.0,0.0,0.0,0.0,0.0,0.0,0.0,0.0
20261001T114616Z-f7b52bbe,synthetic,b2_css,syn-0013__field_reorder__01,html/syn-0013__field_reorder__01.html,,positive,True,5.0,5.0,0,5,5,1.0,0,5,5,0,5,5,0,5,5,synthetic,html/syn-0013__field_reorder__01.html,syn-0013__field_reorder__01.html,run-none136,synthetic-shop.local,D:\Pet_Codes\science\article-price-tracker\synthetic\html\syn-0013__field_reorder__01.html,https://synthetic-shop.local/search/syn-0003,https://synthetic-shop.local/search/syn-0003,,,,raw_html,,c7c321b1aebab0778cf9be86b7f98db1698f6ae8f39a4dfaa7b6359951f5aae7,,synthetic-shop.local,run-none136,,,ok,0.7980000227689743,2.7362999971956015,23.628300055861473,5,5,5,False,,,,5,0,0,,,,0,1,0,0,0,0.0,0.0,0.0,0.0,0.0,0.0,0.0,0.0,0.0
20261001T114616Z-f7b52bbe,synthetic,b2_css,syn-0013__field_reorder__02,html/syn-0013__field_reorder__02.html,,positive,True,5.0,5.0,0,5,5,1.0,0,5,5,0,5,5,0,5,5,synthetic,html/syn-0013__field_reorder__02.html,syn-0013__field_reorder__02.html,run-none137,synthetic-shop.local,D:\Pet_Codes\science\article-price-tracker\synthetic\html\syn-0013__field_reorder__02.html,https://synthetic-shop.local/search/syn-0009,https://synthetic-shop.local/search/syn-0009,,,,raw_html,,f49b653da416e06f56d49638bb5952f7de5dcc16e54abcc683dd4332b9e4dae6,,synthetic-shop.local,run-none137,,,ok,0.6569998804479837,3.891000058501959,35.09630006738007,5,5,5,False,,,,5,0,0,,,,0,1,0,0,0,0.0,0.0,0.0,0.0,0.0,0.0,0.0,0.0,0.0
20261001T114616Z-f7b52bbe,synthetic,b2_css,syn-0013__subtree_relocate__01,html/syn-0013__subtree_relocate__01.html,,positive,True,5.0,5.0,0,5,5,1.0,0,5,5,0,5,5,0,5,5,synthetic,html/syn-0013__subtree_relocate__01.html,syn-0013__subtree_relocate__01.html,run-none138,synthetic-shop.local,D:\Pet_Codes\science\article-price-tracker\synthetic\html\syn-0013__subtree_relocate__01.html,https://synthetic-shop.local/search/syn-0018,https://synthetic-shop.local/search/syn-0018,,,,raw_html,,39f164096d2a0a9f6d2c9eb77db970f83ea3e54991cd12fe4d5aa5c798a0e259,,synthetic-shop.local,run-none138,,,ok,0.5886999424546957,1.797500066459179,19.9344998691231,5,5,5,False,,,,5,0,0,,,,0,1,0,0,0,0.0,0.0,0.0,0.0,0.0,0.0,0.0,0.0,0.0
20261001T114616Z-f7b52bbe,synthetic,b2_css,syn-0013__subtree_relocate__02,html/syn-0013__subtree_relocate__02.html,,positive,True,5.0,5.0,0,5,5,1.0,0,5,5,0,5,5,0,5,5,synthetic,html/syn-0013__subtree_relocate__02.html,syn-0013__subtree_relocate__02.html,run-none139,synthetic-shop.local,D:\Pet_Codes\science\article-price-tracker\synthetic\html\syn-0013__subtree_relocate__02.html,https://synthetic-shop.local/search/syn-0002,https://synthetic-shop.local/search/syn-0002,,,,raw_html,,e9e2a061d7071ce8a2c535e028ddf9b9806c2ade28e1cb94d0354f578bf1e2c3,,synthetic-shop.local,run-none139,,,ok,0.5611998494714499,1.9123000092804432,18.269299995154142,5,5,5,False,,,,5,0,0,,,,0,1,0,0,0,0.0,0.0,0.0,0.0,0.0,0.0,0.0,0.0,0.0
20261001T114616Z-f7b52bbe,synthetic,b2_css,syn-0013__wrapper_insert__01,html/syn-0013__wrapper_insert__01.html,,positive,True,5.0,5.0,0,5,5,1.0,0,5,5,0,5,5,0,5,5,synthetic,html/syn-0013__wrapper_insert__01.html,syn-0013__wrapper_insert__01.html,run-none140,synthetic-shop.local,D:\Pet_Codes\science\article-price-tracker\synthetic\html\syn-0013__wrapper_insert__01.html,https://synthetic-shop.local/search/syn-0017,https://synthetic-shop.local/search/syn-0017,,,,raw_html,,894ebf81d1c7ecf850d39d3aaa2a8a4b0a902f2fac3e41f36471087a22544d53,,synthetic-shop.local,run-none140,,,ok,0.6309000309556723,3.0656999442726374,28.428299818187952,5,5,5,False,,,,5,0,0,,,,0,1,0,0,0,0.0,0.0,0.0,0.0,0.0,0.0,0.0,0.0,0.0
20261001T114616Z-f7b52bbe,synthetic,b2_css,syn-0013__wrapper_insert__02,html/syn-0013__wrapper_insert__02.html,,positive,True,5.0,5.0,0,5,5,1.0,0,5,5,0,5,5,0,5,5,synthetic,html/syn-0013__wrapper_insert__02.html,syn-0013__wrapper_insert__02.html,run-none141,synthetic-shop.local,D:\Pet_Codes\science\article-price-tracker\synthetic\html\syn-0013__wrapper_insert__02.html,https://synthetic-shop.local/search/syn-0008,https://synthetic-shop.local/search/syn-0008,,,,raw_html,,252d573604d845c6083118503fac8ef466d4709f5b2b6eaab8ad1eed2d3978a1,,synthetic-shop.local,run-none141,,,ok,0.5988997872918844,3.9784000255167484,33.15509995445609,5,5,5,False,,,,5,0,0,,,,0,1,0,0,0,0.0,0.0,0.0,0.0,0.0,0.0,0.0,0.0,0.0
20261001T114616Z-f7b52bbe,synthetic,b2_css,syn-0013__wrapper_insert__03,html/syn-0013__wrapper_insert__03.html,,positive,True,5.0,5.0,0,5,5,1.0,0,5,5,0,5,5,0,5,5,synthetic,html/syn-0013__wrapper_insert__03.html,syn-0013__wrapper_insert__03.html,run-none142,synthetic-shop.local,D:\Pet_Codes\science\article-price-tracker\synthetic\html\syn-0013__wrapper_insert__03.html,https://synthetic-shop.local/search/syn-0001,https://synthetic-shop.local/search/syn-0001,,,,raw_html,,1aed8bf876c3dc57bc986f01effd03e38b019e74ca09cc6f3a65c76c19c114ae,,synthetic-shop.local,run-none142,,,ok,0.8061998523771763,3.279400058090687,33.37630000896752,5,5,5,False,,,,5,0,0,,,,0,1,0,0,0,0.0,0.0,0.0,0.0,0.0,0.0,0.0,0.0,0.0
20261001T114616Z-f7b52bbe,synthetic,b2_css,syn-0014,html/syn-0014.html,,unannotated,False,,,0,0,0,,0,0,0,0,0,0,0,0,0,synthetic,html/syn-0014.html,syn-0014.html,run-none143,synthetic-shop.local,D:\Pet_Codes\science\article-price-tracker\synthetic\html\syn-0014.html,https://synthetic-shop.local/search/syn-0013,https://synthetic-shop.local/search/syn-0013,,,,raw_html,,96525783d033d80e925c77df8e64c934e8f4a411e257330e53ccb230b65f16bc,,synthetic-shop.local,run-none143,,,ok,0.7491998840123415,2.4927998892962933,27.84959995187819,5,5,5,False,,,,0,0,0,,,,0,0,0,0,0,,,,,,,,,
20261001T114616Z-f7b52bbe,synthetic,b2_css,syn-0014__class_rename__01,html/syn-0014__class_rename__01.html,,positive,True,5.0,5.0,0,5,5,1.0,0,5,5,0,5,5,0,5,5,synthetic,html/syn-0014__class_rename__01.html,syn-0014__class_rename__01.html,run-none144,synthetic-shop.local,D:\Pet_Codes\science\article-price-tracker\synthetic\html\syn-0014__class_rename__01.html,https://synthetic-shop.local/search/syn-0017,https://synthetic-shop.local/search/syn-0017,,,,raw_html,,4f943e39b28d479d70ba8915e83c56f6380b03355b9cbc28ae5fe95d22e4b147,,synthetic-shop.local,run-none144,,,ok,0.6902001332491636,2.363600069656968,33.429000061005354,5,5,5,False,,,,5,0,0,,,,0,1,0,0,0,0.0,0.0,0.0,0.0,0.0,0.0,0.0,0.0,0.0
20261001T114616Z-f7b52bbe,synthetic,b2_css,syn-0014__class_rename__02,html/syn-0014__class_rename__02.html,,positive,True,5.0,5.0,0,5,5,1.0,0,5,5,0,5,5,0,5,5,synthetic,html/syn-0014__class_rename__02.html,syn-0014__class_rename__02.html,run-none145,synthetic-shop.local,D:\Pet_Codes\science\article-price-tracker\synthetic\html\syn-0014__class_rename__02.html,https://synthetic-shop.local/search/syn-0010,https://synthetic-shop.local/search/syn-0010,,,,raw_html,,c3be3ad52cd1891c23682ec8027903b132f624488aca3ec820849fdcde14fed0,,synthetic-shop.local,run-none145,,,ok,1.4023000840097666,3.6491998471319675,43.582399841398,5,5,5,False,,,,5,0,0,,,,0,1,0,0,0,0.0,0.0,0.0,0.0,0.0,0.0,0.0,0.0,0.0
20261001T114616Z-f7b52bbe,synthetic,b2_css,syn-0014__class_rename__03,html/syn-0014__class_rename__03.html,,positive,True,5.0,5.0,0,5,5,1.0,0,5,5,0,5,5,0,5,5,synthetic,html/syn-0014__class_rename__03.html,syn-0014__class_rename__03.html,run-none146,synthetic-shop.local,D:\Pet_Codes\science\article-price-tracker\synthetic\html\syn-0014__class_rename__03.html,https://synthetic-shop.local/search/syn-0003,https://synthetic-shop.local/search/syn-0003,,,,raw_html,,7c901c47c3fbfeffa29b24ccb1a4d0ff51e0a9b4e0750d357d6c036e193e8534,,synthetic-shop.local,run-none146,,,ok,1.405899878591299,3.597100032493472,57.95360007323325,5,5,5,False,,,,5,0,0,,,,0,1,0,0,0,0.0,0.0,0.0,0.0,0.0,0.0,0.0,0.0,0.0
20261001T114616Z-f7b52bbe,synthetic,b2_css,syn-0014__field_reorder__01,html/syn-0014__field_reorder__01.html,,positive,True,5.0,5.0,0,5,5,1.0,0,5,5,0,5,5,0,5,5,synthetic,html/syn-0014__field_reorder__01.html,syn-0014__field_reorder__01.html,run-none147,synthetic-shop.local,D:\Pet_Codes\science\article-price-tracker\synthetic\html\syn-0014__field_reorder__01.html,https://synthetic-shop.local/search/syn-0017,https://synthetic-shop.local/search/syn-0017,,,,raw_html,,da2886849efe748704dcb230ab5a59e9a643c253f1f4a948498ff110a2d8a48e,,synthetic-shop.local,run-none147,,,ok,0.7531000301241875,2.621999941766262,30.296499840915203,5,5,5,False,,,,5,0,0,,,,0,1,0,0,0,0.0,0.0,0.0,0.0,0.0,0.0,0.0,0.0,0.0
20261001T114616Z-f7b52bbe,synthetic,b2_css,syn-0014__field_reorder__02,html/syn-0014__field_reorder__02.html,,positive,True,5.0,5.0,0,5,5,1.0,0,5,5,0,5,5,0,5,5,synthetic,html/syn-0014__field_reorder__02.html,syn-0014__field_reorder__02.html,run-none148,synthetic-shop.local,D:\Pet_Codes\science\article-price-tracker\synthetic\html\syn-0014__field_reorder__02.html,https://synthetic-shop.local/search/syn-0015,https://synthetic-shop.local/search/syn-0015,,,,raw_html,,f41e1a3b13d4ccd7318708739033ea4b22b9acb36aa2ebccf461e2a9ace90fbf,,synthetic-shop.local,run-none148,,,ok,0.6430998910218477,3.862100187689066,46.95820016786456,5,5,5,False,,,,5,0,0,,,,0,1,0,0,0,0.0,0.0,0.0,0.0,0.0,0.0,0.0,0.0,0.0
20261001T114616Z-f7b52bbe,synthetic,b2_css,syn-0014__subtree_relocate__01,html/syn-0014__subtree_relocate__01.html,,positive,True,5.0,5.0,0,5,5,1.0,0,5,5,0,5,5,0,5,5,synthetic,html/syn-0014__subtree_relocate__01.html,syn-0014__subtree_relocate__01.html,run-none149,synthetic-shop.local,D:\Pet_Codes\science\article-price-tracker\synthetic\html\syn-0014__subtree_relocate__01.html,https://synthetic-shop.local/search/syn-0020,https://synthetic-shop.local/search/syn-0020,,,,raw_html,,3cb0fe8ce548aa5cbd6a1549f52e0542c11f2be7478f472c4856ba15511e5262,,synthetic-shop.local,run-none149,,,ok,0.7978000212460756,3.8539001252502203,37.9422998521477,5,5,5,False,,,,5,0,0,,,,0,1,0,0,0,0.0,0.0,0.0,0.0,0.0,0.0,0.0,0.0,0.0
20261001T114616Z-f7b52bbe,synthetic,b2_css,syn-0014__subtree_relocate__02,html/syn-0014__subtree_relocate__02.html,,positive,True,5.0,5.0,0,5,5,1.0,0,5,5,0,5,5,0,5,5,synthetic,html/syn-0014__subtree_relocate__02.html,syn-0014__subtree_relocate__02.html,run-none150,synthetic-shop.local,D:\Pet_Codes\science\article-price-tracker\synthetic\html\syn-0014__subtree_relocate__02.html,https://synthetic-shop.local/search/syn-0009,https://synthetic-shop.local/search/syn-0009,,,,raw_html,,4e133f4287f7048fe5f4a1b1e6ba7f00cb54cc3a69ccad4018415bd049ee072d,,synthetic-shop.local,run-none150,,,ok,0.8720001205801964,3.500299993902445,41.44149995408952,5,5,5,False,,,,5,0,0,,,,0,1,0,0,0,0.0,0.0,0.0,0.0,0.0,0.0,0.0,0.0,0.0
20261001T114616Z-f7b52bbe,synthetic,b2_css,syn-0014__wrapper_insert__01,html/syn-0014__wrapper_insert__01.html,,positive,True,5.0,5.0,0,5,5,1.0,0,5,5,0,5,5,0,5,5,synthetic,html/syn-0014__wrapper_insert__01.html,syn-0014__wrapper_insert__01.html,run-none151,synthetic-shop.local,D:\Pet_Codes\science\article-price-tracker\synthetic\html\syn-0014__wrapper_insert__01.html,https://synthetic-shop.local/search/syn-0013,https://synthetic-shop.local/search/syn-0013,,,,raw_html,,dc0d90105e13ecdfaf9cc18343e6e6aa994e34437997cf2215d7cd43e02524bd,,synthetic-shop.local,run-none151,,,ok,0.875100027769804,2.599200000986457,33.575400011613965,5,5,5,False,,,,5,0,0,,,,0,1,0,0,0,0.0,0.0,0.0,0.0,0.0,0.0,0.0,0.0,0.0
20261001T114616Z-f7b52bbe,synthetic,b2_css,syn-0014__wrapper_insert__02,html/syn-0014__wrapper_insert__02.html,,positive,True,5.0,5.0,0,5,5,1.0,0,5,5,0,5,5,0,5,5,synthetic,html/syn-0014__wrapper_insert__02.html,syn-0014__wrapper_insert__02.html,run-none152,synthetic-shop.local,D:\Pet_Codes\science\article-price-tracker\synthetic\html\syn-0014__wrapper_insert__02.html,https://synthetic-shop.local/search/syn-0011,https://synthetic-shop.local/search/syn-0011,,,,raw_html,,6edb05566c80aef278d9ff8eafcd02aa945955c5aa477c6ce1994a49eb43ec8c,,synthetic-shop.local,run-none152,,,ok,0.7876001764088869,2.6956999208778143,30.313100200146437,5,5,5,False,,,,5,0,0,,,,0,1,0,0,0,0.0,0.0,0.0,0.0,0.0,0.0,0.0,0.0,0.0
20261001T114616Z-f7b52bbe,synthetic,b2_css,syn-0014__wrapper_insert__03,html/syn-0014__wrapper_insert__03.html,,positive,True,5.0,5.0,0,5,5,1.0,0,5,5,0,5,5,0,5,5,synthetic,html/syn-0014__wrapper_insert__03.html,syn-0014__wrapper_insert__03.html,run-none153,synthetic-shop.local,D:\Pet_Codes\science\article-price-tracker\synthetic\html\syn-0014__wrapper_insert__03.html,https://synthetic-shop.local/search/syn-0019,https://synthetic-shop.local/search/syn-0019,,,,raw_html,,324a2270dbdd2605210b6db9f8626b47137af5369ae3a37d1b334134c29f0869,,synthetic-shop.local,run-none153,,,ok,0.6435001268982887,4.463199991732836,40.87389982305467,5,5,5,False,,,,5,0,0,,,,0,1,0,0,0,0.0,0.0,0.0,0.0,0.0,0.0,0.0,0.0,0.0
20261001T114616Z-f7b52bbe,synthetic,b2_css,syn-0015,html/syn-0015.html,,unannotated,False,,,0,0,0,,0,0,0,0,0,0,0,0,0,synthetic,html/syn-0015.html,syn-0015.html,run-none154,synthetic-shop.local,D:\Pet_Codes\science\article-price-tracker\synthetic\html\syn-0015.html,https://synthetic-shop.local/search/syn-0011,https://synthetic-shop.local/search/syn-0011,,,,raw_html,,1b101a835ea51eca17f4e257e6a05e12147cd02760fd0a9579ca18fdacf5fd67,,synthetic-shop.local,run-none154,,,ok,0.7384999189525843,2.4204999208450317,34.667199943214655,5,5,5,False,,,,0,0,0,,,,0,0,0,0,0,,,,,,,,,
20261001T114616Z-f7b52bbe,synthetic,b2_css,syn-0015__class_rename__01,html/syn-0015__class_rename__01.html,,positive,True,5.0,5.0,0,5,5,1.0,0,5,5,0,5,5,0,5,5,synthetic,html/syn-0015__class_rename__01.html,syn-0015__class_rename__01.html,run-none155,synthetic-shop.local,D:\Pet_Codes\science\article-price-tracker\synthetic\html\syn-0015__class_rename__01.html,https://synthetic-shop.local/search/syn-0001,https://synthetic-shop.local/search/syn-0001,,,,raw_html,,d22103f3ca15a391cd38de97c282e47e244d167e0948df8f98dcd5f2a30e8b04,,synthetic-shop.local,run-none155,,,ok,0.7110999431461096,2.676700009033084,36.40660014934838,5,5,5,False,,,,5,0,0,,,,0,1,0,0,0,0.0,0.0,0.0,0.0,0.0,0.0,0.0,0.0,0.0
20261001T114616Z-f7b52bbe,synthetic,b2_css,syn-0015__class_rename__02,html/syn-0015__class_rename__02.html,,positive,True,5.0,5.0,0,5,5,1.0,0,5,5,0,5,5,0,5,5,synthetic,html/syn-0015__class_rename__02.html,syn-0015__class_rename__02.html,run-none156,synthetic-shop.local,D:\Pet_Codes\science\article-price-tracker\synthetic\html\syn-0015__class_rename__02.html,https://synthetic-shop.local/search/syn-0004,https://synthetic-shop.local/search/syn-0004,,,,raw_html,,c58a4e087e31b155a3e19ce4227de567bdd4be69437add1b68fde944595753bf,,synthetic-shop.local,run-none156,,,ok,0.9576000738888979,2.745599951595068,36.21489997021854,5,5,5,False,,,,5,0,0,,,,0,1,0,0,0,0.0,0.0,0.0,0.0,0.0,0.0,0.0,0.0,0.0
20261001T114616Z-f7b52bbe,synthetic,b2_css,syn-0015__class_rename__03,html/syn-0015__class_rename__03.html,,positive,True,5.0,5.0,0,5,5,1.0,0,5,5,0,5,5,0,5,5,synthetic,html/syn-0015__class_rename__03.html,syn-0015__class_rename__03.html,run-none157,synthetic-shop.local,D:\Pet_Codes\science\article-price-tracker\synthetic\html\syn-0015__class_rename__03.html,https://synthetic-shop.local/search/syn-0010,https://synthetic-shop.local/search/syn-0010,,,,raw_html,,f346f73d03fda26275bc377121314b5f512cfc4eca3dd6db1d5d5a65d9051d89,,synthetic-shop.local,run-none157,,,ok,0.7062000222504139,4.041400039568543,28.741199988871813,5,5,5,False,,,,5,0,0,,,,0,1,0,0,0,0.0,0.0,0.0,0.0,0.0,0.0,0.0,0.0,0.0
20261001T114616Z-f7b52bbe,synthetic,b2_css,syn-0015__field_reorder__01,html/syn-0015__field_reorder__01.html,,positive,True,5.0,5.0,0,5,5,1.0,0,5,5,0,5,5,0,5,5,synthetic,html/syn-0015__field_reorder__01.html,syn-0015__field_reorder__01.html,run-none158,synthetic-shop.local,D:\Pet_Codes\science\article-price-tracker\synthetic\html\syn-0015__field_reorder__01.html,https://synthetic-shop.local/search/syn-0010,https://synthetic-shop.local/search/syn-0010,,,,raw_html,,19385818d01ae5a0df2d22ebb7ca3c82a1fe3a7bb977b5b9294ef2fdba2e7ba1,,synthetic-shop.local,run-none158,,,ok,0.5696001462638378,4.751300206407905,29.580799862742424,5,5,5,False,,,,5,0,0,,,,0,1,0,0,0,0.0,0.0,0.0,0.0,0.0,0.0,0.0,0.0,0.0
20261001T114616Z-f7b52bbe,synthetic,b2_css,syn-0015__field_reorder__02,html/syn-0015__field_reorder__02.html,,positive,True,5.0,5.0,0,5,5,1.0,0,5,5,0,5,5,0,5,5,synthetic,html/syn-0015__field_reorder__02.html,syn-0015__field_reorder__02.html,run-none159,synthetic-shop.local,D:\Pet_Codes\science\article-price-tracker\synthetic\html\syn-0015__field_reorder__02.html,https://synthetic-shop.local/search/syn-0014,https://synthetic-shop.local/search/syn-0014,,,,raw_html,,5aa59cad8836984d6e8d0b19e9b413f18b801c77d9194d8f404e68d23fe3de84,,synthetic-shop.local,run-none159,,,ok,0.6281998939812183,5.556000163778663,24.231499992311,5,5,5,False,,,,5,0,0,,,,0,1,0,0,0,0.0,0.0,0.0,0.0,0.0,0.0,0.0,0.0,0.0
20261001T114616Z-f7b52bbe,synthetic,b2_css,syn-0015__subtree_relocate__01,html/syn-0015__subtree_relocate__01.html,,positive,True,5.0,5.0,0,5,5,1.0,0,5,5,0,5,5,0,5,5,synthetic,html/syn-0015__subtree_relocate__01.html,syn-0015__subtree_relocate__01.html,run-none160,synthetic-shop.local,D:\Pet_Codes\science\article-price-tracker\synthetic\html\syn-0015__subtree_relocate__01.html,https://synthetic-shop.local/search/syn-0020,https://synthetic-shop.local/search/syn-0020,,,,raw_html,,65ec806c3edd17f2168deaa5d5490bd001670c16087e1186f5606636de505601,,synthetic-shop.local,run-none160,,,ok,0.5814000032842159,2.3433000314980745,29.31670006364584,5,5,5,False,,,,5,0,0,,,,0,1,0,0,0,0.0,0.0,0.0,0.0,0.0,0.0,0.0,0.0,0.0
20261001T114616Z-f7b52bbe,synthetic,b2_css,syn-0015__subtree_relocate__02,html/syn-0015__subtree_relocate__02.html,,positive,True,5.0,5.0,0,5,5,1.0,0,5,5,0,5,5,0,5,5,synthetic,html/syn-0015__subtree_relocate__02.html,syn-0015__subtree_relocate__02.html,run-none161,synthetic-shop.local,D:\Pet_Codes\science\article-price-tracker\synthetic\html\syn-0015__subtree_relocate__02.html,https://synthetic-shop.local/search/syn-0018,https://synthetic-shop.local/search/syn-0018,,,,raw_html,,61f6865d40c037b0b5c9c96a81a2559ef962c8e8f1709cb40002035dcb43ef1d,,synthetic-shop.local,run-none161,,,ok,0.7197998929768801,2.5720999110490084,25.580799905583262,5,5,5,False,,,,5,0,0,,,,0,1,0,0,0,0.0,0.0,0.0,0.0,0.0,0.0,0.0,0.0,0.0
20261001T114616Z-f7b52bbe,synthetic,b2_css,syn-0015__wrapper_insert__01,html/syn-0015__wrapper_insert__01.html,,positive,True,5.0,5.0,0,5,5,1.0,0,5,5,0,5,5,0,5,5,synthetic,html/syn-0015__wrapper_insert__01.html,syn-0015__wrapper_insert__01.html,run-none162,synthetic-shop.local,D:\Pet_Codes\science\article-price-tracker\synthetic\html\syn-0015__wrapper_insert__01.html,https://synthetic-shop.local/search/syn-0009,https://synthetic-shop.local/search/syn-0009,,,,raw_html,,5c5fec55d4e9e28b883d05ec3eac0eb708aaed1547ba5a43b18273f24d4ef8df,,synthetic-shop.local,run-none162,,,ok,0.6692998576909304,2.978699980303645,36.07070003636181,5,5,5,False,,,,5,0,0,,,,0,1,0,0,0,0.0,0.0,0.0,0.0,0.0,0.0,0.0,0.0,0.0
20261001T114616Z-f7b52bbe,synthetic,b2_css,syn-0015__wrapper_insert__02,html/syn-0015__wrapper_insert__02.html,,positive,True,5.0,5.0,0,5,5,1.0,0,5,5,0,5,5,0,5,5,synthetic,html/syn-0015__wrapper_insert__02.html,syn-0015__wrapper_insert__02.html,run-none163,synthetic-shop.local,D:\Pet_Codes\science\article-price-tracker\synthetic\html\syn-0015__wrapper_insert__02.html,https://synthetic-shop.local/search/syn-0005,https://synthetic-shop.local/search/syn-0005,,,,raw_html,,1db42c69530f32c581fded731f385092dd8379fab138807ce44fa01eac77f9a9,,synthetic-shop.local,run-none163,,,ok,0.7512001320719719,5.753000034019351,38.05249999277294,5,5,5,False,,,,5,0,0,,,,0,1,0,0,0,0.0,0.0,0.0,0.0,0.0,0.0,0.0,0.0,0.0
20261001T114616Z-f7b52bbe,synthetic,b2_css,syn-0015__wrapper_insert__03,html/syn-0015__wrapper_insert__03.html,,positive,True,5.0,5.0,0,5,5,1.0,0,5,5,0,5,5,0,5,5,synthetic,html/syn-0015__wrapper_insert__03.html,syn-0015__wrapper_insert__03.html,run-none164,synthetic-shop.local,D:\Pet_Codes\science\article-price-tracker\synthetic\html\syn-0015__wrapper_insert__03.html,https://synthetic-shop.local/search/syn-0017,https://synthetic-shop.local/search/syn-0017,,,,raw_html,,8a763b22baa02a5cc75da778c4569d0abc146857e5c352b36e3677c23f9f5639,,synthetic-shop.local,run-none164,,,ok,0.6967999506741762,2.833800157532096,25.60669998638332,5,5,5,False,,,,5,0,0,,,,0,1,0,0,0,0.0,0.0,0.0,0.0,0.0,0.0,0.0,0.0,0.0
20261001T114616Z-f7b52bbe,synthetic,b2_css,syn-0016,html/syn-0016.html,,unannotated,False,,,0,0,0,,0,0,0,0,0,0,0,0,0,synthetic,html/syn-0016.html,syn-0016.html,run-none165,synthetic-shop.local,D:\Pet_Codes\science\article-price-tracker\synthetic\html\syn-0016.html,https://synthetic-shop.local/search/syn-0008,https://synthetic-shop.local/search/syn-0008,,,,raw_html,,ac570442bf23f8c22894c4eb47973dace2e0b1709c1d8c1dd7d340029bb6bdea,,synthetic-shop.local,run-none165,,,ok,0.7595999632030725,4.357399884611368,21.65929996408522,5,5,5,False,,,,0,0,0,,,,0,0,0,0,0,,,,,,,,,
20261001T114616Z-f7b52bbe,synthetic,b2_css,syn-0016__class_rename__01,html/syn-0016__class_rename__01.html,,positive,True,5.0,5.0,0,5,5,1.0,0,5,5,0,5,5,0,5,5,synthetic,html/syn-0016__class_rename__01.html,syn-0016__class_rename__01.html,run-none166,synthetic-shop.local,D:\Pet_Codes\science\article-price-tracker\synthetic\html\syn-0016__class_rename__01.html,https://synthetic-shop.local/search/syn-0002,https://synthetic-shop.local/search/syn-0002,,,,raw_html,,f0258cca9f04f24268c96dbb7f45cc6cc381bfa147ebfa0e9fc6d52137049533,,synthetic-shop.local,run-none166,,,ok,1.9821999594569206,3.0251999851316214,23.534600157290697,5,5,5,False,,,,5,0,0,,,,0,1,0,0,0,0.0,0.0,0.0,0.0,0.0,0.0,0.0,0.0,0.0
20261001T114616Z-f7b52bbe,synthetic,b2_css,syn-0016__class_rename__02,html/syn-0016__class_rename__02.html,,positive,True,5.0,5.0,0,5,5,1.0,0,5,5,0,5,5,0,5,5,synthetic,html/syn-0016__class_rename__02.html,syn-0016__class_rename__02.html,run-none167,synthetic-shop.local,D:\Pet_Codes\science\article-price-tracker\synthetic\html\syn-0016__class_rename__02.html,https://synthetic-shop.local/search/syn-0018,https://synthetic-shop.local/search/syn-0018,,,,raw_html,,b1b573f0752c476acaf611ff6fa64cb5846222757747142a22086dd204b7b5ed,,synthetic-shop.local,run-none167,,,ok,0.8604000322520733,1.965800067409873,23.92500010319054,5,5,5,False,,,,5,0,0,,,,0,1,0,0,0,0.0,0.0,0.0,0.0,0.0,0.0,0.0,0.0,0.0
20261001T114616Z-f7b52bbe,synthetic,b2_css,syn-0016__class_rename__03,html/syn-0016__class_rename__03.html,,positive,True,5.0,5.0,0,5,5,1.0,0,5,5,0,5,5,0,5,5,synthetic,html/syn-0016__class_rename__03.html,syn-0016__class_rename__03.html,run-none168,synthetic-shop.local,D:\Pet_Codes\science\article-price-tracker\synthetic\html\syn-0016__class_rename__03.html,https://synthetic-shop.local/search/syn-0011,https://synthetic-shop.local/search/syn-0011,,,,raw_html,,50efbdbd7b73c392192476da385bc27cfcc9859df9adc0f69c72162ec9120171,,synthetic-shop.local,run-none168,,,ok,0.7162000983953476,2.199100097641349,28.758600121363997,5,5,5,False,,,,5,0,0,,,,0,1,0,0,0,0.0,0.0,0.0,0.0,0.0,0.0,0.0,0.0,0.0
20261001T114616Z-f7b52bbe,synthetic,b2_css,syn-0016__field_reorder__01,html/syn-0016__field_reorder__01.html,,positive,True,5.0,5.0,0,5,5,1.0,0,5,5,0,5,5,0,5,5,synthetic,html/syn-0016__field_reorder__01.html,syn-0016__field_reorder__01.html,run-none169,synthetic-shop.local,D:\Pet_Codes\science\article-price-tracker\synthetic\html\syn-0016__field_reorder__01.html,https://synthetic-shop.local/search/syn-0012,https://synthetic-shop.local/search/syn-0012,,,,raw_html,,16bb09404193b35198f68013b048d9ed01a2ee3caec7f47ab95ffca470d86957,,synthetic-shop.local,run-none169,,,ok,0.7577999494969845,2.6238001883029938,19.069500034675002,5,5,5,False,,,,5,0,0,,,,0,1,0,0,0,0.0,0.0,0.0,0.0,0.0,0.0,0.0,0.0,0.0
20261001T114616Z-f7b52bbe,synthetic,b2_css,syn-0016__field_reorder__02,html/syn-0016__field_reorder__02.html,,positive,True,5.0,5.0,0,5,5,1.0,0,5,5,0,5,5,0,5,5,synthetic,html/syn-0016__field_reorder__02.html,syn-0016__field_reorder__02.html,run-none170,synthetic-shop.local,D:\Pet_Codes\science\article-price-tracker\synthetic\html\syn-0016__field_reorder__02.html,https://synthetic-shop.local/search/syn-0017,https://synthetic-shop.local/search/syn-0017,,,,raw_html,,74c519715984c16e44aa0832b06dccdef5253aa44ebc6482ec044fd4b18007fd,,synthetic-shop.local,run-none170,,,ok,0.7130000740289688,2.8337999247014523,23.667800007387996,5,5,5,False,,,,5,0,0,,,,0,1,0,0,0,0.0,0.0,0.0,0.0,0.0,0.0,0.0,0.0,0.0
20261001T114616Z-f7b52bbe,synthetic,b2_css,syn-0016__subtree_relocate__01,html/syn-0016__subtree_relocate__01.html,,positive,True,5.0,5.0,0,5,5,1.0,0,5,5,0,5,5,0,5,5,synthetic,html/syn-0016__subtree_relocate__01.html,syn-0016__subtree_relocate__01.html,run-none171,synthetic-shop.local,D:\Pet_Codes\science\article-price-tracker\synthetic\html\syn-0016__subtree_relocate__01.html,https://synthetic-shop.local/search/syn-0007,https://synthetic-shop.local/search/syn-0007,,,,raw_html,,2302c0d2a71b41bf2e76dbc6efaf93d64a248233c4b65aa700ec01fbe92fa57f,,synthetic-shop.local,run-none171,,,ok,0.7101998198777437,3.558799857273698,22.17270014807582,5,5,5,False,,,,5,0,0,,,,0,1,0,0,0,0.0,0.0,0.0,0.0,0.0,0.0,0.0,0.0,0.0
20261001T114616Z-f7b52bbe,synthetic,b2_css,syn-0016__subtree_relocate__02,html/syn-0016__subtree_relocate__02.html,,positive,True,5.0,5.0,0,5,5,1.0,0,5,5,0,5,5,0,5,5,synthetic,html/syn-0016__subtree_relocate__02.html,syn-0016__subtree_relocate__02.html,run-none172,synthetic-shop.local,D:\Pet_Codes\science\article-price-tracker\synthetic\html\syn-0016__subtree_relocate__02.html,https://synthetic-shop.local/search/syn-0004,https://synthetic-shop.local/search/syn-0004,,,,raw_html,,d92656cd822de5a9a767e9409e4ba398893f9fa231e23e6194d53be72235f113,,synthetic-shop.local,run-none172,,,ok,0.6311000324785709,3.5536999348551035,26.594899827614427,5,5,5,False,,,,5,0,0,,,,0,1,0,0,0,0.0,0.0,0.0,0.0,0.0,0.0,0.0,0.0,0.0
20261001T114616Z-f7b52bbe,synthetic,b2_css,syn-0016__wrapper_insert__01,html/syn-0016__wrapper_insert__01.html,,positive,True,5.0,5.0,0,5,5,1.0,0,5,5,0,5,5,0,5,5,synthetic,html/syn-0016__wrapper_insert__01.html,syn-0016__wrapper_insert__01.html,run-none173,synthetic-shop.local,D:\Pet_Codes\science\article-price-tracker\synthetic\html\syn-0016__wrapper_insert__01.html,https://synthetic-shop.local/search/syn-0003,https://synthetic-shop.local/search/syn-0003,,,,raw_html,,e201fa8f316b1b33c49277a74df2aaf6dd6ba286339a20e6ab28211be0d0ee69,,synthetic-shop.local,run-none173,,,ok,0.7435998413711786,4.137200070545077,23.71020009741187,5,5,5,False,,,,5,0,0,,,,0,1,0,0,0,0.0,0.0,0.0,0.0,0.0,0.0,0.0,0.0,0.0
20261001T114616Z-f7b52bbe,synthetic,b2_css,syn-0016__wrapper_insert__02,html/syn-0016__wrapper_insert__02.html,,positive,True,5.0,5.0,0,5,5,1.0,0,5,5,0,5,5,0,5,5,synthetic,html/syn-0016__wrapper_insert__02.html,syn-0016__wrapper_insert__02.html,run-none174,synthetic-shop.local,D:\Pet_Codes\science\article-price-tracker\synthetic\html\syn-0016__wrapper_insert__02.html,https://synthetic-shop.local/search/syn-0011,https://synthetic-shop.local/search/syn-0011,,,,raw_html,,8ce0372006850ba33045b88e8224ac2fc19c743b3a853030e091d171dba930a8,,synthetic-shop.local,run-none174,,,ok,0.6257998757064342,2.5623999536037445,29.471199959516525,5,5,5,False,,,,5,0,0,,,,0,1,0,0,0,0.0,0.0,0.0,0.0,0.0,0.0,0.0,0.0,0.0
20261001T114616Z-f7b52bbe,synthetic,b2_css,syn-0016__wrapper_insert__03,html/syn-0016__wrapper_insert__03.html,,positive,True,5.0,5.0,0,5,5,1.0,0,5,5,0,5,5,0,5,5,synthetic,html/syn-0016__wrapper_insert__03.html,syn-0016__wrapper_insert__03.html,run-none175,synthetic-shop.local,D:\Pet_Codes\science\article-price-tracker\synthetic\html\syn-0016__wrapper_insert__03.html,https://synthetic-shop.local/search/syn-0002,https://synthetic-shop.local/search/syn-0002,,,,raw_html,,f12afe12950a31985ca349b9f750ec6df784b30f0ec32409a6b652631d8c0677,,synthetic-shop.local,run-none175,,,ok,0.6936998106539249,2.045499859377742,23.287199903279543,5,5,5,False,,,,5,0,0,,,,0,1,0,0,0,0.0,0.0,0.0,0.0,0.0,0.0,0.0,0.0,0.0
20261001T114616Z-f7b52bbe,synthetic,b2_css,syn-0017,html/syn-0017.html,,unannotated,False,,,0,0,0,,0,0,0,0,0,0,0,0,0,synthetic,html/syn-0017.html,syn-0017.html,run-none176,synthetic-shop.local,D:\Pet_Codes\science\article-price-tracker\synthetic\html\syn-0017.html,https://synthetic-shop.local/search/syn-0005,https://synthetic-shop.local/search/syn-0005,,,,raw_html,,087db53f8eff747307ac34667ca34ce250061e2d91f75acbcae4077b5222f9a4,,synthetic-shop.local,run-none176,,,ok,0.8811999578028917,4.335599951446056,34.166199853643775,5,5,5,False,,,,0,0,0,,,,0,0,0,0,0,,,,,,,,,
20261001T114616Z-f7b52bbe,synthetic,b2_css,syn-0017__class_rename__01,html/syn-0017__class_rename__01.html,,positive,True,5.0,5.0,0,5,5,1.0,0,5,5,0,5,5,0,5,5,synthetic,html/syn-0017__class_rename__01.html,syn-0017__class_rename__01.html,run-none177,synthetic-shop.local,D:\Pet_Codes\science\article-price-tracker\synthetic\html\syn-0017__class_rename__01.html,https://synthetic-shop.local/search/syn-0007,https://synthetic-shop.local/search/syn-0007,,,,raw_html,,95d2bedb1f44c11b126ed8f303c471d08b1c4a7b09faa5b3b8f73837c7ca5226,,synthetic-shop.local,run-none177,,,ok,0.857899896800518,3.882099874317646,28.00329984165728,5,5,5,False,,,,5,0,0,,,,0,1,0,0,0,0.0,0.0,0.0,0.0,0.0,0.0,0.0,0.0,0.0
20261001T114616Z-f7b52bbe,synthetic,b2_css,syn-0017__class_rename__02,html/syn-0017__class_rename__02.html,,positive,True,5.0,5.0,0,5,5,1.0,0,5,5,0,5,5,0,5,5,synthetic,html/syn-0017__class_rename__02.html,syn-0017__class_rename__02.html,run-none178,synthetic-shop.local,D:\Pet_Codes\science\article-price-tracker\synthetic\html\syn-0017__class_rename__02.html,https://synthetic-shop.local/search/syn-0003,https://synthetic-shop.local/search/syn-0003,,,,raw_html,,fbe094f0b247ed7fad41bf32afbf0aec2b96eb22ee1abd6bac1a281ddaae04dc,,synthetic-shop.local,run-none178,,,ok,0.5329998675733805,1.747300149872899,17.117700073868036,5,5,5,False,,,,5,0,0,,,,0,1,0,0,0,0.0,0.0,0.0,0.0,0.0,0.0,0.0,0.0,0.0
20261001T114616Z-f7b52bbe,synthetic,b2_css,syn-0017__class_rename__03,html/syn-0017__class_rename__03.html,,positive,True,5.0,5.0,0,5,5,1.0,0,5,5,0,5,5,0,5,5,synthetic,html/syn-0017__class_rename__03.html,syn-0017__class_rename__03.html,run-none179,synthetic-shop.local,D:\Pet_Codes\science\article-price-tracker\synthetic\html\syn-0017__class_rename__03.html,https://synthetic-shop.local/search/syn-0014,https://synthetic-shop.local/search/syn-0014,,,,raw_html,,258f3c8a5b6b301ef4a3f28e420c0857caadac00a0bfeef1520be5ecc910e0d4,,synthetic-shop.local,run-none179,,,ok,0.4921997897326946,1.7626001499593258,19.020300125703216,5,5,5,False,,,,5,0,0,,,,0,1,0,0,0,0.0,0.0,0.0,0.0,0.0,0.0,0.0,0.0,0.0
20261001T114616Z-f7b52bbe,synthetic,b2_css,syn-0017__field_reorder__01,html/syn-0017__field_reorder__01.html,,positive,True,5.0,5.0,0,5,5,1.0,0,5,5,0,5,5,0,5,5,synthetic,html/syn-0017__field_reorder__01.html,syn-0017__field_reorder__01.html,run-none180,synthetic-shop.local,D:\Pet_Codes\science\article-price-tracker\synthetic\html\syn-0017__field_reorder__01.html,https://synthetic-shop.local/search/syn-0005,https://synthetic-shop.local/search/syn-0005,,,,raw_html,,3835f43258366b5fdc1039db40c85e19daebfff3eea2a08157ca9f59ed36c139,,synthetic-shop.local,run-none180,,,ok,0.5781999789178371,2.390400040894747,26.259500067681074,5,5,5,False,,,,5,0,0,,,,0,1,0,0,0,0.0,0.0,0.0,0.0,0.0,0.0,0.0,0.0,0.0
20261001T114616Z-f7b52bbe,synthetic,b2_css,syn-0017__field_reorder__02,html/syn-0017__field_reorder__02.html,,positive,True,5.0,5.0,0,5,5,1.0,0,5,5,0,5,5,0,5,5,synthetic,html/syn-0017__field_reorder__02.html,syn-0017__field_reorder__02.html,run-none181,synthetic-shop.local,D:\Pet_Codes\science\article-price-tracker\synthetic\html\syn-0017__field_reorder__02.html,https://synthetic-shop.local/search/syn-0020,https://synthetic-shop.local/search/syn-0020,,,,raw_html,,da02c9bd33c37215fcd4601600226d881eaf90bdc741f4dfba7c800dd5607094,,synthetic-shop.local,run-none181,,,ok,0.5236000288277864,3.4284000284969807,21.453400142490864,5,5,5,False,,,,5,0,0,,,,0,1,0,0,0,0.0,0.0,0.0,0.0,0.0,0.0,0.0,0.0,0.0
20261001T114616Z-f7b52bbe,synthetic,b2_css,syn-0017__subtree_relocate__01,html/syn-0017__subtree_relocate__01.html,,positive,True,5.0,5.0,0,5,5,1.0,0,5,5,0,5,5,0,5,5,synthetic,html/syn-0017__subtree_relocate__01.html,syn-0017__subtree_relocate__01.html,run-none182,synthetic-shop.local,D:\Pet_Codes\science\article-price-tracker\synthetic\html\syn-0017__subtree_relocate__01.html,https://synthetic-shop.local/search/syn-0013,https://synthetic-shop.local/search/syn-0013,,,,raw_html,,a6d6bcdc6f98077d60b7bfb04b949ce1f5cac0e906258e78d254ae439f2302cc,,synthetic-shop.local,run-none182,,,ok,0.49460004083812237,4.066099878400564,19.321199972182512,5,5,5,False,,,,5,0,0,,,,0,1,0,0,0,0.0,0.0,0.0,0.0,0.0,0.0,0.0,0.0,0.0
20261001T114616Z-f7b52bbe,synthetic,b2_css,syn-0017__subtree_relocate__02,html/syn-0017__subtree_relocate__02.html,,positive,True,5.0,5.0,0,5,5,1.0,0,5,5,0,5,5,0,5,5,synthetic,html/syn-0017__subtree_relocate__02.html,syn-0017__subtree_relocate__02.html,run-none183,synthetic-shop.local,D:\Pet_Codes\science\article-price-tracker\synthetic\html\syn-0017__subtree_relocate__02.html,https://synthetic-shop.local/search/syn-0014,https://synthetic-shop.local/search/syn-0014,,,,raw_html,,0a79c10b1768bcb00daa4e466d7fe729d219b9eeaa75dee822a742d37bcdad90,,synthetic-shop.local,run-none183,,,ok,0.49269990995526314,7.899499963968992,20.095800049602985,5,5,5,False,,,,5,0,0,,,,0,1,0,0,0,0.0,0.0,0.0,0.0,0.0,0.0,0.0,0.0,0.0
20261001T114616Z-f7b52bbe,synthetic,b2_css,syn-0017__wrapper_insert__01,html/syn-0017__wrapper_insert__01.html,,positive,True,5.0,5.0,0,5,5,1.0,0,5,5,0,5,5,0,5,5,synthetic,html/syn-0017__wrapper_insert__01.html,syn-0017__wrapper_insert__01.html,run-none184,synthetic-shop.local,D:\Pet_Codes\science\article-price-tracker\synthetic\html\syn-0017__wrapper_insert__01.html,https://synthetic-shop.local/search/syn-0008,https://synthetic-shop.local/search/syn-0008,,,,raw_html,,285a0ae69977e0b0afa16bc6fcc3726981929d2cb0e3cf7366dd33cadb41b7e6,,synthetic-shop.local,run-none184,,,ok,0.562300207093358,1.972199883311987,18.817999865859747,5,5,5,False,,,,5,0,0,,,,0,1,0,0,0,0.0,0.0,0.0,0.0,0.0,0.0,0.0,0.0,0.0
20261001T114616Z-f7b52bbe,synthetic,b2_css,syn-0017__wrapper_insert__02,html/syn-0017__wrapper_insert__02.html,,positive,True,5.0,5.0,0,5,5,1.0,0,5,5,0,5,5,0,5,5,synthetic,html/syn-0017__wrapper_insert__02.html,syn-0017__wrapper_insert__02.html,run-none185,synthetic-shop.local,D:\Pet_Codes\science\article-price-tracker\synthetic\html\syn-0017__wrapper_insert__02.html,https://synthetic-shop.local/search/syn-0008,https://synthetic-shop.local/search/syn-0008,,,,raw_html,,a62d1df28eb86acffce7f446ee9a69653879a05522119b094efb39774008f922,,synthetic-shop.local,run-none185,,,ok,0.5538000259548426,2.9449001885950565,18.58769985847175,5,5,5,False,,,,5,0,0,,,,0,1,0,0,0,0.0,0.0,0.0,0.0,0.0,0.0,0.0,0.0,0.0
20261001T114616Z-f7b52bbe,synthetic,b2_css,syn-0017__wrapper_insert__03,html/syn-0017__wrapper_insert__03.html,,positive,True,5.0,5.0,0,5,5,1.0,0,5,5,0,5,5,0,5,5,synthetic,html/syn-0017__wrapper_insert__03.html,syn-0017__wrapper_insert__03.html,run-none186,synthetic-shop.local,D:\Pet_Codes\science\article-price-tracker\synthetic\html\syn-0017__wrapper_insert__03.html,https://synthetic-shop.local/search/syn-0006,https://synthetic-shop.local/search/syn-0006,,,,raw_html,,703afd08b8eb8a7f3c9c569568d08e588adf4d0b2f503fdf45a69eed36361b12,,synthetic-shop.local,run-none186,,,ok,0.6642998196184635,2.003900008276105,18.69800011627376,5,5,5,False,,,,5,0,0,,,,0,1,0,0,0,0.0,0.0,0.0,0.0,0.0,0.0,0.0,0.0,0.0
20261001T114616Z-f7b52bbe,synthetic,b2_css,syn-0018,html/syn-0018.html,,unannotated,False,,,0,0,0,,0,0,0,0,0,0,0,0,0,synthetic,html/syn-0018.html,syn-0018.html,run-none187,synthetic-shop.local,D:\Pet_Codes\science\article-price-tracker\synthetic\html\syn-0018.html,https://synthetic-shop.local/search/syn-0004,https://synthetic-shop.local/search/syn-0004,,,,raw_html,,c6a75e9a0b34798d4cfba731e855798cae0181bb21b7e5fa2c01ba4460c82609,,synthetic-shop.local,run-none187,,,ok,0.5296999588608742,1.7532999627292156,18.52170005440712,5,5,5,False,,,,0,0,0,,,,0,0,0,0,0,,,,,,,,,
20261001T114616Z-f7b52bbe,synthetic,b2_css,syn-0018__class_rename__01,html/syn-0018__class_rename__01.html,,positive,True,5.0,5.0,0,5,5,1.0,0,5,5,0,5,5,0,5,5,synthetic,html/syn-0018__class_rename__01.html,syn-0018__class_rename__01.html,run-none188,synthetic-shop.local,D:\Pet_Codes\science\article-price-tracker\synthetic\html\syn-0018__class_rename__01.html,https://synthetic-shop.local/search/syn-0016,https://synthetic-shop.local/search/syn-0016,,,,raw_html,,5e7682e3ca65ea5d1678c4aab8fd1e70ea66e8387a250054b04f0ba5542d7100,,synthetic-shop.local,run-none188,,,ok,0.5845001433044672,1.434599980711937,20.783600164577365,5,5,5,False,,,,5,0,0,,,,0,1,0,0,0,0.0,0.0,0.0,0.0,0.0,0.0,0.0,0.0,0.0
20261001T114616Z-f7b52bbe,synthetic,b2_css,syn-0018__class_rename__02,html/syn-0018__class_rename__02.html,,positive,True,5.0,5.0,0,5,5,1.0,0,5,5,0,5,5,0,5,5,synthetic,html/syn-0018__class_rename__02.html,syn-0018__class_rename__02.html,run-none189,synthetic-shop.local,D:\Pet_Codes\science\article-price-tracker\synthetic\html\syn-0018__class_rename__02.html,https://synthetic-shop.local/search/syn-0015,https://synthetic-shop.local/search/syn-0015,,,,raw_html,,0f4e0a458fc207ded17eccee5f579cad56e56e6ebac2d13420a97deda799c408,,synthetic-shop.local,run-none189,,,ok,0.7283999584615231,3.0753999017179012,27.978199999779463,5,5,5,False,,,,5,0,0,,,,0,1,0,0,0,0.0,0.0,0.0,0.0,0.0,0.0,0.0,0.0,0.0
20261001T114616Z-f7b52bbe,synthetic,b2_css,syn-0018__class_rename__03,html/syn-0018__class_rename__03.html,,positive,True,5.0,5.0,0,5,5,1.0,0,5,5,0,5,5,0,5,5,synthetic,html/syn-0018__class_rename__03.html,syn-0018__class_rename__03.html,run-none190,synthetic-shop.local,D:\Pet_Codes\science\article-price-tracker\synthetic\html\syn-0018__class_rename__03.html,https://synthetic-shop.local/search/syn-0013,https://synthetic-shop.local/search/syn-0013,,,,raw_html,,4a65ec3aa9b79a961f134b9059c37af6f647ff27d9a51229fbb345c237ba2c63,,synthetic-shop.local,run-none190,,,ok,0.6491998210549355,2.8973000589758158,17.266300041228533,5,5,5,False,,,,5,0,0,,,,0,1,0,0,0,0.0,0.0,0.0,0.0,0.0,0.0,0.0,0.0,0.0
20261001T114616Z-f7b52bbe,synthetic,b2_css,syn-0018__field_reorder__01,html/syn-0018__field_reorder__01.html,,positive,True,5.0,5.0,0,5,5,1.0,0,5,5,0,5,5,0,5,5,synthetic,html/syn-0018__field_reorder__01.html,syn-0018__field_reorder__01.html,run-none191,synthetic-shop.local,D:\Pet_Codes\science\article-price-tracker\synthetic\html\syn-0018__field_reorder__01.html,https://synthetic-shop.local/search/syn-0008,https://synthetic-shop.local/search/syn-0008,,,,raw_html,,d89de192ad336e496a3beb5fa0f49e31c11aba7cac7dc455ec3e59b65fa961fd,,synthetic-shop.local,run-none191,,,ok,0.49860007129609585,1.7760000191628933,17.731399973854423,5,5,5,False,,,,5,0,0,,,,0,1,0,0,0,0.0,0.0,0.0,0.0,0.0,0.0,0.0,0.0,0.0
20261001T114616Z-f7b52bbe,synthetic,b2_css,syn-0018__field_reorder__02,html/syn-0018__field_reorder__02.html,,positive,True,5.0,5.0,0,5,5,1.0,0,5,5,0,5,5,0,5,5,synthetic,html/syn-0018__field_reorder__02.html,syn-0018__field_reorder__02.html,run-none192,synthetic-shop.local,D:\Pet_Codes\science\article-price-tracker\synthetic\html\syn-0018__field_reorder__02.html,https://synthetic-shop.local/search/syn-0012,https://synthetic-shop.local/search/syn-0012,,,,raw_html,,4aafe8771e00ed91842bb9fc67e39bb376310d0bc3f432d91d95441dce2b3787,,synthetic-shop.local,run-none192,,,ok,0.49649993889033794,1.801899867132306,15.936800045892596,5,5,5,False,,,,5,0,0,,,,0,1,0,0,0,0.0,0.0,0.0,0.0,0.0,0.0,0.0,0.0,0.0
20261001T114616Z-f7b52bbe,synthetic,b2_css,syn-0018__subtree_relocate__01,html/syn-0018__subtree_relocate__01.html,,positive,True,5.0,5.0,0,5,5,1.0,0,5,5,0,5,5,0,5,5,synthetic,html/syn-0018__subtree_relocate__01.html,syn-0018__subtree_relocate__01.html,run-none193,synthetic-shop.local,D:\Pet_Codes\science\article-price-tracker\synthetic\html\syn-0018__subtree_relocate__01.html,https://synthetic-shop.local/search/syn-0008,https://synthetic-shop.local/search/syn-0008,,,,raw_html,,0e009afa6502c25b43a52238d9fc7e814b2b7ed13c51f63fabf9f7049620862d,,synthetic-shop.local,run-none193,,,ok,0.47109997831285,1.72149995341897,16.62230002693832,5,5,5,False,,,,5,0,0,,,,0,1,0,0,0,0.0,0.0,0.0,0.0,0.0,0.0,0.0,0.0,0.0
20261001T114616Z-f7b52bbe,synthetic,b2_css,syn-0018__subtree_relocate__02,html/syn-0018__subtree_relocate__02.html,,positive,True,5.0,5.0,0,5,5,1.0,0,5,5,0,5,5,0,5,5,synthetic,html/syn-0018__subtree_relocate__02.html,syn-0018__subtree_relocate__02.html,run-none194,synthetic-shop.local,D:\Pet_Codes\science\article-price-tracker\synthetic\html\syn-0018__subtree_relocate__02.html,https://synthetic-shop.local/search/syn-0004,https://synthetic-shop.local/search/syn-0004,,,,raw_html,,4ed0cefe550bf79bf893310fed10fce6059d26f52303953fd1eef401cb3e7f22,,synthetic-shop.local,run-none194,,,ok,0.48159994184970856,2.6134999934583902,18.32859986461699,5,5,5,False,,,,5,0,0,,,,0,1,0,0,0,0.0,0.0,0.0,0.0,0.0,0.0,0.0,0.0,0.0
20261001T114616Z-f7b52bbe,synthetic,b2_css,syn-0018__wrapper_insert__01,html/syn-0018__wrapper_insert__01.html,,positive,True,5.0,5.0,0,5,5,1.0,0,5,5,0,5,5,0,5,5,synthetic,html/syn-0018__wrapper_insert__01.html,syn-0018__wrapper_insert__01.html,run-none195,synthetic-shop.local,D:\Pet_Codes\science\article-price-tracker\synthetic\html\syn-0018__wrapper_insert__01.html,https://synthetic-shop.local/search/syn-0013,https://synthetic-shop.local/search/syn-0013,,,,raw_html,,f743266454a5971b33622585ef00d72810f798292ee95d683270377f29a424f2,,synthetic-shop.local,run-none195,,,ok,0.7449002005159855,1.8501998856663704,16.27420005388558,5,5,5,False,,,,5,0,0,,,,0,1,0,0,0,0.0,0.0,0.0,0.0,0.0,0.0,0.0,0.0,0.0
20261001T114616Z-f7b52bbe,synthetic,b2_css,syn-0018__wrapper_insert__02,html/syn-0018__wrapper_insert__02.html,,positive,True,5.0,5.0,0,5,5,1.0,0,5,5,0,5,5,0,5,5,synthetic,html/syn-0018__wrapper_insert__02.html,syn-0018__wrapper_insert__02.html,run-none196,synthetic-shop.local,D:\Pet_Codes\science\article-price-tracker\synthetic\html\syn-0018__wrapper_insert__02.html,https://synthetic-shop.local/search/syn-0009,https://synthetic-shop.local/search/syn-0009,,,,raw_html,,d6ad8691523850b85914cc25368fd9c00c6e12fdbc0466470898d8f7ed75d1c2,,synthetic-shop.local,run-none196,,,ok,0.5570999346673489,2.655299846082926,25.81100002862513,5,5,5,False,,,,5,0,0,,,,0,1,0,0,0,0.0,0.0,0.0,0.0,0.0,0.0,0.0,0.0,0.0
20261001T114616Z-f7b52bbe,synthetic,b2_css,syn-0018__wrapper_insert__03,html/syn-0018__wrapper_insert__03.html,,positive,True,5.0,5.0,0,5,5,1.0,0,5,5,0,5,5,0,5,5,synthetic,html/syn-0018__wrapper_insert__03.html,syn-0018__wrapper_insert__03.html,run-none197,synthetic-shop.local,D:\Pet_Codes\science\article-price-tracker\synthetic\html\syn-0018__wrapper_insert__03.html,https://synthetic-shop.local/search/syn-0002,https://synthetic-shop.local/search/syn-0002,,,,raw_html,,7ff6351743fa38d8da66d0579da80c117f82b694c4cb6e6c31fd405d64b1ab17,,synthetic-shop.local,run-none197,,,ok,0.7362000178545713,1.8114999402314425,15.254899859428406,5,5,5,False,,,,5,0,0,,,,0,1,0,0,0,0.0,0.0,0.0,0.0,0.0,0.0,0.0,0.0,0.0
20261001T114616Z-f7b52bbe,synthetic,b2_css,syn-0019,html/syn-0019.html,,unannotated,False,,,0,0,0,,0,0,0,0,0,0,0,0,0,synthetic,html/syn-0019.html,syn-0019.html,run-none198,synthetic-shop.local,D:\Pet_Codes\science\article-price-tracker\synthetic\html\syn-0019.html,https://synthetic-shop.local/search/syn-0012,https://synthetic-shop.local/search/syn-0012,,,,raw_html,,c2120581712d9404a9be023519eaad2b6e9c389d10004d4550b7e97ae92bdf8d,,synthetic-shop.local,run-none198,,,ok,0.5572999361902475,1.694600097835064,15.207800082862377,5,5,5,False,,,,0,0,0,,,,0,0,0,0,0,,,,,,,,,
20261001T114616Z-f7b52bbe,synthetic,b2_css,syn-0019__class_rename__01,html/syn-0019__class_rename__01.html,,positive,True,5.0,5.0,5,0,0,1.0,5,0,0,5,0,0,5,0,0,synthetic,html/syn-0019__class_rename__01.html,syn-0019__class_rename__01.html,run-none199,synthetic-shop.local,D:\Pet_Codes\science\article-price-tracker\synthetic\html\syn-0019__class_rename__01.html,https://synthetic-shop.local/search/syn-0019,https://synthetic-shop.local/search/syn-0019,,,,raw_html,,5743cadef5fa251e08765b98eb966755be727835f8449f72168ad611f91505a1,,synthetic-shop.local,run-none199,,,ok,0.7402999326586723,2.327500144019723,31.482499791309237,5,5,5,False,,,,5,0,0,1.0,0.0,0.0,0,1,0,0,0,1.0,1.0,1.0,1.0,1.0,1.0,1.0,1.0,1.0
20261001T114616Z-f7b52bbe,synthetic,b2_css,syn-0019__class_rename__02,html/syn-0019__class_rename__02.html,,positive,True,5.0,5.0,5,0,0,1.0,5,0,0,5,0,0,5,0,0,synthetic,html/syn-0019__class_rename__02.html,syn-0019__class_rename__02.html,run-none200,synthetic-shop.local,D:\Pet_Codes\science\article-price-tracker\synthetic\html\syn-0019__class_rename__02.html,https://synthetic-shop.local/search/syn-0019,https://synthetic-shop.local/search/syn-0019,,,,raw_html,,b598db18cba835a58c115f795a617b6b89874bbf351196d94a5382152e018709,,synthetic-shop.local,run-none200,,,ok,1.244699815288186,3.142300061881542,25.03759996034205,5,5,5,False,,,,5,0,0,1.0,0.0,0.0,0,1,0,0,0,1.0,1.0,1.0,1.0,1.0,1.0,1.0,1.0,1.0
20261001T114616Z-f7b52bbe,synthetic,b2_css,syn-0019__class_rename__03,html/syn-0019__class_rename__03.html,,positive,True,5.0,5.0,0,5,5,1.0,0,5,5,0,5,5,0,5,5,synthetic,html/syn-0019__class_rename__03.html,syn-0019__class_rename__03.html,run-none201,synthetic-shop.local,D:\Pet_Codes\science\article-price-tracker\synthetic\html\syn-0019__class_rename__03.html,https://synthetic-shop.local/search/syn-0012,https://synthetic-shop.local/search/syn-0012,,,,raw_html,,6357328d9d354b2f9ec88b595a12fccd50a1d56ad3b6335c0d8fb58a227169cb,,synthetic-shop.local,run-none201,,,ok,0.7174999918788671,1.8182999920099974,15.308900037780404,5,5,5,False,,,,5,0,0,,,,0,1,0,0,0,0.0,0.0,0.0,0.0,0.0,0.0,0.0,0.0,0.0
20261001T114616Z-f7b52bbe,synthetic,b2_css,syn-0019__field_reorder__02,html/syn-0019__field_reorder__02.html,,positive,True,5.0,5.0,0,5,5,1.0,0,5,5,0,5,5,0,5,5,synthetic,html/syn-0019__field_reorder__02.html,syn-0019__field_reorder__02.html,run-none202,synthetic-shop.local,D:\Pet_Codes\science\article-price-tracker\synthetic\html\syn-0019__field_reorder__02.html,https://synthetic-shop.local/search/syn-0003,https://synthetic-shop.local/search/syn-0003,,,,raw_html,,4f204db147d1d2fc55752227dcf6c980b3041c784a1fde5f2ff9e4ffd1c898ed,,synthetic-shop.local,run-none202,,,ok,0.7422999478876591,2.1147998049855232,21.691500209271908,5,5,5,False,,,,5,0,0,,,,0,1,0,0,0,0.0,0.0,0.0,0.0,0.0,0.0,0.0,0.0,0.0
20261001T114616Z-f7b52bbe,synthetic,b2_css,syn-0019__subtree_relocate__01,html/syn-0019__subtree_relocate__01.html,,positive,True,5.0,5.0,0,5,5,1.0,0,5,5,0,5,5,0,5,5,synthetic,html/syn-0019__subtree_relocate__01.html,syn-0019__subtree_relocate__01.html,run-none203,synthetic-shop.local,D:\Pet_Codes\science\article-price-tracker\synthetic\html\syn-0019__subtree_relocate__01.html,https://synthetic-shop.local/search/syn-0010,https://synthetic-shop.local/search/syn-0010,,,,raw_html,,57a6215c17ccd4fc59a0bd23b1fb57fb0112889e40cf152fba7fffca1ba2a65f,,synthetic-shop.local,run-none203,,,ok,0.6472000386565924,2.442099852487445,22.71750010550022,5,5,5,False,,,,5,0,0,,,,0,1,0,0,0,0.0,0.0,0.0,0.0,0.0,0.0,0.0,0.0,0.0
20261001T114616Z-f7b52bbe,synthetic,b2_css,syn-0019__subtree_relocate__02,html/syn-0019__subtree_relocate__02.html,,positive,True,5.0,5.0,0,5,5,1.0,0,5,5,0,5,5,0,5,5,synthetic,html/syn-0019__subtree_relocate__02.html,syn-0019__subtree_relocate__02.html,run-none204,synthetic-shop.local,D:\Pet_Codes\science\article-price-tracker\synthetic\html\syn-0019__subtree_relocate__02.html,https://synthetic-shop.local/search/syn-0002,https://synthetic-shop.local/search/syn-0002,,,,raw_html,,9102e6647bc930c6aa8e9b2ed0b5a6f84eedc09f3dbf290c44ff5978668e68f8,,synthetic-shop.local,run-none204,,,ok,0.5548999179154634,1.6880999319255352,15.455999877303839,5,5,5,False,,,,5,0,0,,,,0,1,0,0,0,0.0,0.0,0.0,0.0,0.0,0.0,0.0,0.0,0.0
20261001T114616Z-f7b52bbe,synthetic,b2_css,syn-0019__wrapper_insert__01,html/syn-0019__wrapper_insert__01.html,,positive,True,5.0,5.0,0,5,5,1.0,0,5,5,0,5,5,0,5,5,synthetic,html/syn-0019__wrapper_insert__01.html,syn-0019__wrapper_insert__01.html,run-none205,synthetic-shop.local,D:\Pet_Codes\science\article-price-tracker\synthetic\html\syn-0019__wrapper_insert__01.html,https://synthetic-shop.local/search/syn-0020,https://synthetic-shop.local/search/syn-0020,,,,raw_html,,67c7eeeb714592cc9efe4c546df29f61548684ccc32e92a5cd322abc528e45c2,,synthetic-shop.local,run-none205,,,ok,0.8632999379187822,2.4015000090003014,27.398299891501665,5,5,5,False,,,,5,0,0,,,,0,1,0,0,0,0.0,0.0,0.0,0.0,0.0,0.0,0.0,0.0,0.0
20261001T114616Z-f7b52bbe,synthetic,b2_css,syn-0019__wrapper_insert__02,html/syn-0019__wrapper_insert__02.html,,positive,True,5.0,5.0,0,5,5,1.0,0,5,5,0,5,5,0,5,5,synthetic,html/syn-0019__wrapper_insert__02.html,syn-0019__wrapper_insert__02.html,run-none206,synthetic-shop.local,D:\Pet_Codes\science\article-price-tracker\synthetic\html\syn-0019__wrapper_insert__02.html,https://synthetic-shop.local/search/syn-0005,https://synthetic-shop.local/search/syn-0005,,,,raw_html,,3a3a0b8f1de5571eec0a5dfa1a8977020e768f0eeb08f63a30edae5f9d556be8,,synthetic-shop.local,run-none206,,,ok,0.628800131380558,2.1933000534772873,28.517400147393346,5,5,5,False,,,,5,0,0,,,,0,1,0,0,0,0.0,0.0,0.0,0.0,0.0,0.0,0.0,0.0,0.0
20261001T114616Z-f7b52bbe,synthetic,b2_css,syn-0019__wrapper_insert__03,html/syn-0019__wrapper_insert__03.html,,positive,True,5.0,5.0,0,5,5,1.0,0,5,5,0,5,5,0,5,5,synthetic,html/syn-0019__wrapper_insert__03.html,syn-0019__wrapper_insert__03.html,run-none207,synthetic-shop.local,D:\Pet_Codes\science\article-price-tracker\synthetic\html\syn-0019__wrapper_insert__03.html,https://synthetic-shop.local/search/syn-0010,https://synthetic-shop.local/search/syn-0010,,,,raw_html,,48925c7e133c127356a64b1a399ceaac3b5f5be35da1943124deb88fc409a6ff,,synthetic-shop.local,run-none207,,,ok,0.7721998263150454,2.4379000533372164,22.324299905449152,5,5,5,False,,,,5,0,0,,,,0,1,0,0,0,0.0,0.0,0.0,0.0,0.0,0.0,0.0,0.0,0.0
20261001T114616Z-f7b52bbe,synthetic,b2_css,syn-0020,html/syn-0020.html,,unannotated,False,,,0,0,0,,0,0,0,0,0,0,0,0,0,synthetic,html/syn-0020.html,syn-0020.html,run-none208,synthetic-shop.local,D:\Pet_Codes\science\article-price-tracker\synthetic\html\syn-0020.html,https://synthetic-shop.local/search/syn-0014,https://synthetic-shop.local/search/syn-0014,,,,raw_html,,d8fd4647d23861dbfb551654ae88f620f03f24331e875f172050d59808534dca,,synthetic-shop.local,run-none208,,,ok,0.6112998817116022,2.428899984806776,18.940299982205033,5,5,5,False,,,,0,0,0,,,,0,0,0,0,0,,,,,,,,,
20261001T114616Z-f7b52bbe,synthetic,b2_css,syn-0020__class_rename__01,html/syn-0020__class_rename__01.html,,positive,True,5.0,5.0,0,5,5,1.0,0,5,5,0,5,5,0,5,5,synthetic,html/syn-0020__class_rename__01.html,syn-0020__class_rename__01.html,run-none209,synthetic-shop.local,D:\Pet_Codes\science\article-price-tracker\synthetic\html\syn-0020__class_rename__01.html,https://synthetic-shop.local/search/syn-0010,https://synthetic-shop.local/search/syn-0010,,,,raw_html,,242caba2d776242e71ecb8b9b2a89b457f269f57b4e81414bfc203391440b214,,synthetic-shop.local,run-none209,,,ok,0.7148000877350569,2.3375998716801405,18.938800087198615,5,5,5,False,,,,5,0,0,,,,0,1,0,0,0,0.0,0.0,0.0,0.0,0.0,0.0,0.0,0.0,0.0
20261001T114616Z-f7b52bbe,synthetic,b2_css,syn-0020__class_rename__02,html/syn-0020__class_rename__02.html,,positive,True,5.0,5.0,0,5,5,1.0,0,5,5,0,5,5,0,5,5,synthetic,html/syn-0020__class_rename__02.html,syn-0020__class_rename__02.html,run-none210,synthetic-shop.local,D:\Pet_Codes\science\article-price-tracker\synthetic\html\syn-0020__class_rename__02.html,https://synthetic-shop.local/search/syn-0019,https://synthetic-shop.local/search/syn-0019,,,,raw_html,,bf9eb91f0ee0db2f0cb2fce31215aa09fa1d78b502360b3ea3bed3d44c6326fa,,synthetic-shop.local,run-none210,,,ok,0.5675998982042074,2.1339000668376684,22.50700001604855,5,5,5,False,,,,5,0,0,,,,0,1,0,0,0,0.0,0.0,0.0,0.0,0.0,0.0,0.0,0.0,0.0
20261001T114616Z-f7b52bbe,synthetic,b2_css,syn-0020__class_rename__03,html/syn-0020__class_rename__03.html,,positive,True,5.0,5.0,0,5,5,1.0,0,5,5,0,5,5,0,5,5,synthetic,html/syn-0020__class_rename__03.html,syn-0020__class_rename__03.html,run-none211,synthetic-shop.local,D:\Pet_Codes\science\article-price-tracker\synthetic\html\syn-0020__class_rename__03.html,https://synthetic-shop.local/search/syn-0007,https://synthetic-shop.local/search/syn-0007,,,,raw_html,,85408b8eaaf9ed22313811ff649288f43562d4f37c28bfb3cd31c88fa916d6e2,,synthetic-shop.local,run-none211,,,ok,0.6673999596387148,2.3610000498592854,16.827099956572056,5,5,5,False,,,,5,0,0,,,,0,1,0,0,0,0.0,0.0,0.0,0.0,0.0,0.0,0.0,0.0,0.0
20261001T114616Z-f7b52bbe,synthetic,b2_css,syn-0020__field_reorder__01,html/syn-0020__field_reorder__01.html,,positive,True,5.0,5.0,0,5,5,1.0,0,5,5,0,5,5,0,5,5,synthetic,html/syn-0020__field_reorder__01.html,syn-0020__field_reorder__01.html,run-none212,synthetic-shop.local,D:\Pet_Codes\science\article-price-tracker\synthetic\html\syn-0020__field_reorder__01.html,https://synthetic-shop.local/search/syn-0007,https://synthetic-shop.local/search/syn-0007,,,,raw_html,,39d1844a99518b0c64574885f196dec7ffca11bb4fc117c5b333dc3149c6bd4d,,synthetic-shop.local,run-none212,,,ok,0.6105999927967787,2.0243001636117697,18.088699784129858,5,5,5,False,,,,5,0,0,,,,0,1,0,0,0,0.0,0.0,0.0,0.0,0.0,0.0,0.0,0.0,0.0
20261001T114616Z-f7b52bbe,synthetic,b2_css,syn-0020__field_reorder__02,html/syn-0020__field_reorder__02.html,,positive,True,5.0,5.0,0,5,5,1.0,0,5,5,0,5,5,0,5,5,synthetic,html/syn-0020__field_reorder__02.html,syn-0020__field_reorder__02.html,run-none213,synthetic-shop.local,D:\Pet_Codes\science\article-price-tracker\synthetic\html\syn-0020__field_reorder__02.html,https://synthetic-shop.local/search/syn-0012,https://synthetic-shop.local/search/syn-0012,,,,raw_html,,7dfe72876737971e5a86bf910f30052e20c94118b205e4e528d492d7649de2dd,,synthetic-shop.local,run-none213,,,ok,0.5177999846637249,1.777400029823184,19.29179998114705,5,5,5,False,,,,5,0,0,,,,0,1,0,0,0,0.0,0.0,0.0,0.0,0.0,0.0,0.0,0.0,0.0
20261001T114616Z-f7b52bbe,synthetic,b2_css,syn-0020__subtree_relocate__01,html/syn-0020__subtree_relocate__01.html,,positive,True,5.0,5.0,0,5,5,1.0,0,5,5,0,5,5,0,5,5,synthetic,html/syn-0020__subtree_relocate__01.html,syn-0020__subtree_relocate__01.html,run-none214,synthetic-shop.local,D:\Pet_Codes\science\article-price-tracker\synthetic\html\syn-0020__subtree_relocate__01.html,https://synthetic-shop.local/search/syn-0005,https://synthetic-shop.local/search/syn-0005,,,,raw_html,,8693afaf3684ea30f0f8054587aa9cb362dbc35e37da275c44f8996c2ed37060,,synthetic-shop.local,run-none214,,,ok,0.5089999176561832,2.822499955072999,27.43949997238815,5,5,5,False,,,,5,0,0,,,,0,1,0,0,0,0.0,0.0,0.0,0.0,0.0,0.0,0.0,0.0,0.0
20261001T114616Z-f7b52bbe,synthetic,b2_css,syn-0020__subtree_relocate__02,html/syn-0020__subtree_relocate__02.html,,positive,True,5.0,5.0,0,5,5,1.0,0,5,5,0,5,5,0,5,5,synthetic,html/syn-0020__subtree_relocate__02.html,syn-0020__subtree_relocate__02.html,run-none215,synthetic-shop.local,D:\Pet_Codes\science\article-price-tracker\synthetic\html\syn-0020__subtree_relocate__02.html,https://synthetic-shop.local/search/syn-0010,https://synthetic-shop.local/search/syn-0010,,,,raw_html,,b72fe21b1372f9a9e4a09c85325f2b52ef85c3888a045d3d0aea81ab41af992e,,synthetic-shop.local,run-none215,,,ok,0.5544000305235386,2.307299990206957,26.517299935221672,5,5,5,False,,,,5,0,0,,,,0,1,0,0,0,0.0,0.0,0.0,0.0,0.0,0.0,0.0,0.0,0.0
20261001T114616Z-f7b52bbe,synthetic,b2_css,syn-0020__wrapper_insert__01,html/syn-0020__wrapper_insert__01.html,,positive,True,5.0,5.0,0,5,5,1.0,0,5,5,0,5,5,0,5,5,synthetic,html/syn-0020__wrapper_insert__01.html,syn-0020__wrapper_insert__01.html,run-none216,synthetic-shop.local,D:\Pet_Codes\science\article-price-tracker\synthetic\html\syn-0020__wrapper_insert__01.html,https://synthetic-shop.local/search/syn-0016,https://synthetic-shop.local/search/syn-0016,,,,raw_html,,6fa5d7cffa04b8134e56b536ebc0a2ab540d1babe3e76c26643eab90baeea21f,,synthetic-shop.local,run-none216,,,ok,0.660100020468235,1.6413999255746603,21.988200023770332,5,5,5,False,,,,5,0,0,,,,0,1,0,0,0,0.0,0.0,0.0,0.0,0.0,0.0,0.0,0.0,0.0
20261001T114616Z-f7b52bbe,synthetic,b2_css,syn-0020__wrapper_insert__02,html/syn-0020__wrapper_insert__02.html,,positive,True,5.0,5.0,0,5,5,1.0,0,5,5,0,5,5,0,5,5,synthetic,html/syn-0020__wrapper_insert__02.html,syn-0020__wrapper_insert__02.html,run-none217,synthetic-shop.local,D:\Pet_Codes\science\article-price-tracker\synthetic\html\syn-0020__wrapper_insert__02.html,https://synthetic-shop.local/search/syn-0013,https://synthetic-shop.local/search/syn-0013,,,,raw_html,,f68b0538b706ec4eb545649cdfd5f9ac28dab5c5d84f56869993cbcfd9c6a51c,,synthetic-shop.local,run-none217,,,ok,0.6548999808728695,4.59160003811121,21.898599807173014,5,5,5,False,,,,5,0,0,,,,0,1,0,0,0,0.0,0.0,0.0,0.0,0.0,0.0,0.0,0.0,0.0
20261001T114616Z-f7b52bbe,synthetic,b2_css,syn-0020__wrapper_insert__03,html/syn-0020__wrapper_insert__03.html,,positive,True,5.0,5.0,0,5,5,1.0,0,5,5,0,5,5,0,5,5,synthetic,html/syn-0020__wrapper_insert__03.html,syn-0020__wrapper_insert__03.html,run-none218,synthetic-shop.local,D:\Pet_Codes\science\article-price-tracker\synthetic\html\syn-0020__wrapper_insert__03.html,https://synthetic-shop.local/search/syn-0009,https://synthetic-shop.local/search/syn-0009,,,,raw_html,,1c515687177381939cb680806eca906646d8e20d69f26ee323f2bda66e4dc80a,,synthetic-shop.local,run-none218,,,ok,0.6338998209685087,3.146599978208542,33.43369998037815,5,5,5,False,,,,5,0,0,,,,0,1,0,0,0,0.0,0.0,0.0,0.0,0.0,0.0,0.0,0.0,0.0
