gt_id,page_id,html_file,entity_id,source,run_id,annotation_status,is_product,gt_name,gt_price,product_url,notes,html_key
,,,syn-0001__class_rename__01-e01,,,,,Лазерный уровень ЛУ-360 Pro,12990,https://synthetic-shop.local/product/laser-level-01-01,,
,,,syn-0001__class_rename__01-e02,,,,,Дальномер лазерный DM-80,7039,https://synthetic-shop.local/product/laser-rangefinder-01-02,,
,,,syn-0001__class_rename__01-e03,,,,,Мультиметр цифровой M830 Pro,1916,https://synthetic-shop.local/product/multimeter-01-03,,
,,,syn-0001__class_rename__01-e04,,,,,Тепловизор строительный IR-256,43800,https://synthetic-shop.local/product/thermal-camera-01-04,,
,,,syn-0001__class_rename__01-e05,,,,,Нивелир оптический N-32,21490,https://synthetic-shop.local/product/optical-level-01-05,,
,,,syn-0001__class_rename__02-e01,,,,,Лазерный уровень ЛУ-360 Pro,12990,https://synthetic-shop.local/product/laser-level-01-01,,
,,,syn-0001__class_rename__02-e02,,,,,Дальномер лазерный DM-80,7039,https://synthetic-shop.local/product/laser-rangefinder-01-02,,
,,,syn-0001__class_rename__02-e03,,,,,Мультиметр цифровой M830 Pro,1916,https://synthetic-shop.local/product/multimeter-01-03,,
,,,syn-0001__class_rename__02-e04,,,,,Тепловизор строительный IR-256,43800,https://synthetic-shop.local/product/thermal-camera-01-04,,
,,,syn-0001__class_rename__02-e05,,,,,Нивелир оптический N-32,21490,https://synthetic-shop.local/product/optical-level-01-05,,
,,,syn-0001__class_rename__03-e01,,,,,Лазерный уровень ЛУ-360 Pro,12990,https://synthetic-shop.local/product/laser-level-01-01,,
,,,syn-0001__class_rename__03-e02,,,,,Дальномер лазерный DM-80,7039,https://synthetic-shop.local/product/laser-rangefinder-01-02,,
,,,syn-0001__class_rename__03-e03,,,,,Мультиметр цифровой M830 Pro,1916,https://synthetic-shop.local/product/multimeter-01-03,,
,,,syn-0001__class_rename__03-e04,,,,,Тепловизор строительный IR-256,43800,https://synthetic-shop.local/product/thermal-camera-01-04,,
,,,syn-0001__class_rename__03-e05,,,,,Нивелир оптический N-32,21490,https://synthetic-shop.local/product/optical-level-01-05,,
,,,syn-0001__wrapper_insert__01-e01,,,,,Лазерный уровень ЛУ-360 Pro,12990,https://synthetic-shop.local/product/laser-level-01-01,,
,,,syn-0001__wrapper_insert__01-e02,,,,,Дальномер лазерный DM-80,7039,https://synthetic-shop.local/product/laser-rangefinder-01-02,,
,,,syn-0001__wrapper_insert__01-e03,,,,,Мультиметр цифровой M830 Pro,1916,https://synthetic-shop.local/product/multimeter-01-03,,
,,,syn-0001__wrapper_insert__01-e04,,,,,Тепловизор строительный IR-256,43800,https://synthetic-shop.local/product/thermal-camera-01-04,,
,,,syn-0001__wrapper_insert__01-e05,,,,,Нивелир оптический N-32,21490,https://synthetic-shop.local/product/optical-level-01-05,,
,,,syn-0001__wrapper_insert__02-e01,,,,,Лазерный уровень ЛУ-360 Pro,12990,https://synthetic-shop.local/product/laser-level-01-01,,
,,,syn-0001__wrapper_insert__02-e02,,,,,Дальномер лазерный DM-80,7039,https://synthetic-shop.local/product/laser-rangefinder-01-02,,
,,,syn-0001__wrapper_insert__02-e03,,,,,Мультиметр цифровой M830 Pro,1916,https://synthetic-shop.local/product/multimeter-01-03,,
,,,syn-0001__wrapper_insert__02-e04,,,,,Тепловизор строительный IR-256,43800,https://synthetic-shop.local/product/thermal-camera-01-04,,
,,,syn-0001__wrapper_insert__02-e05,,,,,Нивелир оптический N-32,21490,https://synthetic-shop.local/product/optical-level-01-05,,
,,,syn-0001__wrapper_insert__03-e01,,,,,Лазерный уровень ЛУ-360 Pro,12990,https://synthetic-shop.local/product/laser-level-01-01,,
,,,syn-0001__wrapper_insert__03-e02,,,,,Дальномер лазерный DM-80,7039,https://synthetic-shop.local/product/laser-rangefinder-01-02,,
,,,syn-0001__wrapper_insert__03-e03,,,,,Мультиметр цифровой M830 Pro,1916,https://synthetic-shop.local/product/multimeter-01-03,,
,,,syn-0001__wrapper_insert__03-e04,,,,,Тепловизор строительный IR-256,43800,https://synthetic-shop.local/product/thermal-camera-01-04,,
,,,syn-0001__wrapper_insert__03-e05,,,,,Нивелир оптический N-32,21490,https://synthetic-shop.local/product/optical-level-01-05,,
,,,syn-0001__field_reorder__01-e01,,,,,Лазерный уровень ЛУ-360 Pro,12990,https://synthetic-shop.local/product/laser-level-01-01,,
,,,syn-0001__field_reorder__01-e02,,,,,Дальномер лазерный DM-80,7039,https://synthetic-shop.local/product/laser-rangefinder-01-02,,
,,,syn-0001__field_reorder__01-e03,,,,,Мультиметр цифровой M830 Pro,1916,https://synthetic-shop.local/product/multimeter-01-03,,
,,,syn-0001__field_reorder__01-e04,,,,,Тепловизор строительный IR-256,43800,https://synthetic-shop.local/product/thermal-camera-01-04,,
,,,syn-0001__field_reorder__01-e05,,,,,Нивелир оптический N-32,21490,https://synthetic-shop.local/product/optical-level-01-05,,
,,,syn-0001__field_reorder__02-e01,,,,,Лазерный уровень ЛУ-360 Pro,12990,https://synthetic-shop.local/product/laser-level-01-01,,
,,,syn-0001__field_reorder__02-e02,,,,,Дальномер лазерный DM-80,7039,https://synthetic-shop.local/product/laser-rangefinder-01-02,,
,,,syn-0001__field_reorder__02-e03,,,,,Мультиметр цифровой M830 Pro,1916,https://synthetic-shop.local/product/multimeter-01-03,,
,,,syn-0001__field_reorder__02-e04,,,,,Тепловизор строительный IR-256,43800,https://synthetic-shop.local/product/thermal-camera-01-04,,
,,,syn-0001__field_reorder__02-e05,,,,,Нивелир оптический N-32,21490,https://synthetic-shop.local/product/optical-level-01-05,,
,,,syn-0001__subtree_relocate__01-e01,,,,,Лазерный уровень ЛУ-360 Pro,12990,https://synthetic-shop.local/product/laser-level-01-01,,
,,,syn-0001__subtree_relocate__01-e02,,,,,Дальномер лазерный DM-80,7039,https://synthetic-shop.local/product/laser-rangefinder-01-02,,
,,,syn-0001__subtree_relocate__01-e03,,,,,Мультиметр цифровой M830 Pro,1916,https://synthetic-shop.local/product/multimeter-01-03,,
,,,syn-0001__subtree_relocate__01-e04,,,,,Тепловизор строительный IR-256,43800,https://synthetic-shop.local/product/thermal-camera-01-04,,
,,,syn-0001__subtree_relocate__01-e05,,,,,Нивелир оптический N-32,21490,https://synthetic-shop.local/product/optical-level-01-05,,
,,,syn-0001__subtree_relocate__02-e01,,,,,Лазерный уровень ЛУ-360 Pro,12990,https://synthetic-shop.local/product/laser-level-01-01,,
,,,syn-0001__subtree_relocate__02-e02,,,,,Дальномер лазерный DM-80,7039,https://synthetic-shop.local/product/laser-rangefinder-01-02,,
,,,syn-0001__subtree_relocate__02-e03,,,,,Мультиметр цифровой M830 Pro,1916,https://synthetic-shop.local/product/multimeter-01-03,,
,,,syn-0001__subtree_relocate__02-e04,,,,,Тепловизор строительный IR-256,43800,https://synthetic-shop.local/product/thermal-camera-01-04,,
,,,syn-0001__subtree_relocate__02-e05,,,,,Нивелир оптический N-32,21490,https://synthetic-shop.local/product/optical-level-01-05,,
,,,syn-0002__class_rename__01-e01,,,,,Тепловизор строительный IR-256,43200,https://synthetic-shop.local/product/thermal-camera-02-01,,
,,,syn-0002__class_rename__01-e02,,,,,Нивелир оптический N-32,21790,https://synthetic-shop.local/product/optical-level-02-02,,
,,,syn-0002__class_rename__01-e03,,,,,Детектор скрытой проводки WallScan 5,4686,https://synthetic-shop.local/product/wall-scanner-02-03,,
,,,syn-0002__class_rename__01-e04,,,,,Анемометр цифровой AM-30,5290,https://synthetic-shop.local/product/anemometer-02-04,,
,,,syn-0002__class_rename__01-e05,,,,,Пирометр инфракрасный IR-900,3514,https://synthetic-shop.local/product/pyrometer-02-05,,
,,,syn-0002__class_rename__02-e01,,,,,Тепловизор строительный IR-256,43200,https://synthetic-shop.local/product/thermal-camera-02-01,,
,,,syn-0002__class_rename__02-e02,,,,,Нивелир оптический N-32,21790,https://synthetic-shop.local/product/optical-level-02-02,,
,,,syn-0002__class_rename__02-e03,,,,,Детектор скрытой проводки WallScan 5,4686,https://synthetic-shop.local/product/wall-scanner-02-03,,
,,,syn-0002__class_rename__02-e04,,,,,Анемометр цифровой AM-30,5290,https://synthetic-shop.local/product/anemometer-02-04,,
,,,syn-0002__class_rename__02-e05,,,,,Пирометр инфракрасный IR-900,3514,https://synthetic-shop.local/product/pyrometer-02-05,,
,,,syn-0002__class_rename__03-e01,,,,,Тепловизор строительный IR-256,43200,https://synthetic-shop.local/product/thermal-camera-02-01,,
,,,syn-0002__class_rename__03-e02,,,,,Нивелир оптический N-32,21790,https://synthetic-shop.local/product/optical-level-02-02,,
,,,syn-0002__class_rename__03-e03,,,,,Детектор скрытой проводки WallScan 5,4686,https://synthetic-shop.local/product/wall-scanner-02-03,,
,,,syn-0002__class_rename__03-e04,,,,,Анемометр цифровой AM-30,5290,https://synthetic-shop.local/product/anemometer-02-04,,
,,,syn-0002__class_rename__03-e05,,,,,Пирометр инфракрасный IR-900,3514,https://synthetic-shop.local/product/pyrometer-02-05,,
,,,syn-0002__wrapper_insert__01-e01,,,,,Тепловизор строительный IR-256,43200,https://synthetic-shop.local/product/thermal-camera-02-01,,
,,,syn-0002__wrapper_insert__01-e02,,,,,Нивелир оптический N-32,21790,https://synthetic-shop.local/product/optical-level-02-02,,
,,,syn-0002__wrapper_insert__01-e03,,,,,Детектор скрытой проводки WallScan 5,4686,https://synthetic-shop.local/product/wall-scanner-02-03,,
,,,syn-0002__wrapper_insert__01-e04,,,,,Анемометр цифровой AM-30,5290,https://synthetic-shop.local/product/anemometer-02-04,,
,,,syn-0002__wrapper_insert__01-e05,,,,,Пирометр инфракрасный IR-900,3514,https://synthetic-shop.local/product/pyrometer-02-05,,
,,,syn-0002__wrapper_insert__02-e01,,,,,Тепловизор строительный IR-256,43200,https://synthetic-shop.local/product/thermal-camera-02-01,,
,,,syn-0002__wrapper_insert__02-e02,,,,,Нивелир оптический N-32,21790,https://synthetic-shop.local/product/optical-level-02-02,,
,,,syn-0002__wrapper_insert__02-e03,,,,,Детектор скрытой проводки WallScan 5,4686,https://synthetic-shop.local/product/wall-scanner-02-03,,
,,,syn-0002__wrapper_insert__02-e04,,,,,Анемометр цифровой AM-30,5290,https://synthetic-shop.local/product/anemometer-02-04,,
,,,syn-0002__wrapper_insert__02-e05,,,,,Пирометр инфракрасный IR-900,3514,https://synthetic-shop.local/product/pyrometer-02-05,,
,,,syn-0002__wrapper_insert__03-e01,,,,,Тепловизор строительный IR-256,43200,https://synthetic-shop.local/product/thermal-camera-02-01,,
,,,syn-0002__wrapper_insert__03-e02,,,,,Нивелир оптический N-32,21790,https://synthetic-shop.local/product/optical-level-02-02,,
,,,syn-0002__wrapper_insert__03-e03,,,,,Детектор скрытой проводки WallScan 5,4686,https://synthetic-shop.local/product/wall-scanner-02-03,,
,,,syn-0002__wrapper_insert__03-e04,,,,,Анемометр цифровой AM-30,5290,https://synthetic-shop.local/product/anemometer-02-04,,
,,,syn-0002__wrapper_insert__03-e05,,,,,Пирометр инфракрасный IR-900,3514,https://synthetic-shop.local/product/pyrometer-02-05,,
,,,syn-0002__field_reorder__01-e01,,,,,Тепловизор строительный IR-256,43200,https://synthetic-shop.local/product/thermal-camera-02-01,,
,,,syn-0002__field_reorder__01-e02,,,,,Нивелир оптический N-32,21790,https://synthetic-shop.local/product/optical-level-02-02,,
,,,syn-0002__field_reorder__01-e03,,,,,Детектор скрытой проводки WallScan 5,4686,https://synthetic-shop.local/product/wall-scanner-02-03,,
,,,syn-0002__field_reorder__01-e04,,,,,Анемометр цифровой AM-30,5290,https://synthetic-shop.local/product/anemometer-02-04,,
,,,syn-0002__field_reorder__01-e05,,,,,Пирометр инфракрасный IR-900,3514,https://synthetic-shop.local/product/pyrometer-02-05,,
,,,syn-0002__field_reorder__02-e01,,,,,Тепловизор строительный IR-256,43200,https://synthetic-shop.local/product/thermal-camera-02-01,,
,,,syn-0002__field_reorder__02-e02,,,,,Нивелир оптический N-32,21790,https://synthetic-shop.local/product/optical-level-02-02,,
,,,syn-0002__field_reorder__02-e03,,,,,Детектор скрытой проводки WallScan 5,4686,https://synthetic-shop.local/product/wall-scanner-02-03,,
,,,syn-0002__field_reorder__02-e04,,,,,Анемометр цифровой AM-30,5290,https://synthetic-shop.local/product/anemometer-02-04,,
,,,syn-0002__field_reorder__02-e05,,,,,Пирометр инфракрасный IR-900,3514,https://synthetic-shop.local/product/pyrometer-02-05,,
,,,syn-0002__subtree_relocate__01-e01,,,,,Тепловизор строительный IR-256,43200,https://synthetic-shop.local/product/thermal-camera-02-01,,
,,,syn-0002__subtree_relocate__01-e02,,,,,Нивелир оптический N-32,21790,https://synthetic-shop.local/product/optical-level-02-02,,
,,,syn-0002__subtree_relocate__01-e03,,,,,Детектор скрытой проводки WallScan 5,4686,https://synthetic-shop.local/product/wall-scanner-02-03,,
,,,syn-0002__subtree_relocate__01-e04,,,,,Анемометр цифровой AM-30,5290,https://synthetic-shop.local/product/anemometer-02-04,,
,,,syn-0002__subtree_relocate__01-e05,,,,,Пирометр инфракрасный IR-900,3514,https://synthetic-shop.local/product/pyrometer-02-05,,
,,,syn-0002__subtree_relocate__02-e01,,,,,Тепловизор строительный IR-256,43200,https://synthetic-shop.local/product/thermal-camera-02-01,,
,,,syn-0002__subtree_relocate__02-e02,,,,,Нивелир оптический N-32,21790,https://synthetic-shop.local/product/optical-level-02-02,,
,,,syn-0002__subtree_relocate__02-e03,,,,,Детектор скрытой проводки WallScan 5,4686,https://synthetic-shop.local/product/wall-scanner-02-03,,
,,,syn-0002__subtree_relocate__02-e04,,,,,Анемометр цифровой AM-30,5290,https://synthetic-shop.local/product/anemometer-02-04,,
,,,syn-0002__subtree_relocate__02-e05,,,,,Пирометр инфракрасный IR-900,3514,https://synthetic-shop.local/product/pyrometer-02-05,,
,,,syn-0003__class_rename__01-e01,,,,,Анемометр цифровой AM-30,5364,https://synthetic-shop.local/product/anemometer-03-01,,
,,,syn-0003__class_rename__01-e02,,,,,Пирометр инфракрасный IR-900,3562,https://synthetic-shop.local/product/pyrometer-03-02,,
,,,syn-0003__class_rename__01-e03,,,,,Толщиномер покрытий CT-1200,8990,https://synthetic-shop.local/product/coating-gauge-03-03,,
,,,syn-0003__class_rename__01-e04,,,,,Мегаомметр цифровой MI-1000,16102,https://synthetic-shop.local/product/megohmmeter-03-04,,
,,,syn-0003__class_rename__01-e05,,,,,Тестер розеток и УЗО ST-8,1816,https://synthetic-shop.local/product/socket-tester-03-05,,
,,,syn-0003__class_rename__02-e01,,,,,Анемометр цифровой AM-30,5364,https://synthetic-shop.local/product/anemometer-03-01,,
,,,syn-0003__class_rename__02-e02,,,,,Пирометр инфракрасный IR-900,3562,https://synthetic-shop.local/product/pyrometer-03-02,,
,,,syn-0003__class_rename__02-e03,,,,,Толщиномер покрытий CT-1200,8990,https://synthetic-shop.local/product/coating-gauge-03-03,,
,,,syn-0003__class_rename__02-e04,,,,,Мегаомметр цифровой MI-1000,16102,https://synthetic-shop.local/product/megohmmeter-03-04,,
,,,syn-0003__class_rename__02-e05,,,,,Тестер розеток и УЗО ST-8,1816,https://synthetic-shop.local/product/socket-tester-03-05,,
,,,syn-0003__class_rename__03-e01,,,,,Анемометр цифровой AM-30,5364,https://synthetic-shop.local/product/anemometer-03-01,,
,,,syn-0003__class_rename__03-e02,,,,,Пирометр инфракрасный IR-900,3562,https://synthetic-shop.local/product/pyrometer-03-02,,
,,,syn-0003__class_rename__03-e03,,,,,Толщиномер покрытий CT-1200,8990,https://synthetic-shop.local/product/coating-gauge-03-03,,
,,,syn-0003__class_rename__03-e04,,,,,Мегаомметр цифровой MI-1000,16102,https://synthetic-shop.local/product/megohmmeter-03-04,,
,,,syn-0003__class_rename__03-e05,,,,,Тестер розеток и УЗО ST-8,1816,https://synthetic-shop.local/product/socket-tester-03-05,,
,,,syn-0003__wrapper_insert__01-e01,,,,,Анемометр цифровой AM-30,5364,https://synthetic-shop.local/product/anemometer-03-01,,
,,,syn-0003__wrapper_insert__01-e02,,,,,Пирометр инфракрасный IR-900,3562,https://synthetic-shop.local/product/pyrometer-03-02,,
,,,syn-0003__wrapper_insert__01-e03,,,,,Толщиномер покрытий CT-1200,8990,https://synthetic-shop.local/product/coating-gauge-03-03,,
,,,syn-0003__wrapper_insert__01-e04,,,,,Мегаомметр цифровой MI-1000,16102,https://synthetic-shop.local/product/megohmmeter-03-04,,
,,,syn-0003__wrapper_insert__01-e05,,,,,Тестер розеток и УЗО ST-8,1816,https://synthetic-shop.local/product/socket-tester-03-05,,
,,,syn-0003__wrapper_insert__02-e01,,,,,Анемометр цифровой AM-30,5364,https://synthetic-shop.local/product/anemometer-03-01,,
,,,syn-0003__wrapper_insert__02-e02,,,,,Пирометр инфракрасный IR-900,3562,https://synthetic-shop.local/product/pyrometer-03-02,,
,,,syn-0003__wrapper_insert__02-e03,,,,,Толщиномер покрытий CT-1200,8990,https://synthetic-shop.local/product/coating-gauge-03-03,,
,,,syn-0003__wrapper_insert__02-e04,,,,,Мегаомметр цифровой MI-1000,16102,https://synthetic-shop.local/product/megohmmeter-03-04,,
,,,syn-0003__wrapper_insert__02-e05,,,,,Тестер розеток и УЗО ST-8,1816,https://synthetic-shop.local/product/socket-tester-03-05,,
,,,syn-0003__wrapper_insert__03-e01,,,,,Анемометр цифровой AM-30,5364,https://synthetic-shop.local/product/anemometer-03-01,,
,,,syn-0003__wrapper_insert__03-e02,,,,,Пирометр инфракрасный IR-900,3562,https://synthetic-shop.local/product/pyrometer-03-02,,
,,,syn-0003__wrapper_insert__03-e03,,,,,Толщиномер покрытий CT-1200,8990,https://synthetic-shop.local/product/coating-gauge-03-03,,
,,,syn-0003__wrapper_insert__03-e04,,,,,Мегаомметр цифровой MI-1000,16102,https://synthetic-shop.local/product/megohmmeter-03-04,,
,,,syn-0003__wrapper_insert__03-e05,,,,,Тестер розеток и УЗО ST-8,1816,https://synthetic-shop.local/product/socket-tester-03-05,,
,,,syn-0003__field_reorder__01-e01,,,,,Анемометр цифровой AM-30,5364,https://synthetic-shop.local/product/anemometer-03-01,,
,,,syn-0003__field_reorder__01-e02,,,,,Пирометр инфракрасный IR-900,3562,https://synthetic-shop.local/product/pyrometer-03-02,,
,,,syn-0003__field_reorder__01-e03,,,,,Толщиномер покрытий CT-1200,8990,https://synthetic-shop.local/product/coating-gauge-03-03,,
,,,syn-0003__field_reorder__01-e04,,,,,Мегаомметр цифровой MI-1000,16102,https://synthetic-shop.local/product/megohmmeter-03-04,,
,,,syn-0003__field_reorder__01-e05,,,,,Тестер розеток и УЗО ST-8,1816,https://synthetic-shop.local/product/socket-tester-03-05,,
,,,syn-0003__field_reorder__02-e01,,,,,Анемометр цифровой AM-30,5364,https://synthetic-shop.local/product/anemometer-03-01,,
,,,syn-0003__field_reorder__02-e02,,,,,Пирометр инфракрасный IR-900,3562,https://synthetic-shop.local/product/pyrometer-03-02,,
,,,syn-0003__field_reorder__02-e03,,,,,Толщиномер покрытий CT-1200,8990,https://synthetic-shop.local/product/coating-gauge-03-03,,
,,,syn-0003__field_reorder__02-e04,,,,,Мегаомметр цифровой MI-1000,16102,https://synthetic-shop.local/product/megohmmeter-03-04,,
,,,syn-0003__field_reorder__02-e05,,,,,Тестер розеток и УЗО ST-8,1816,https://synthetic-shop.local/product/socket-tester-03-05,,
,,,syn-0003__subtree_relocate__01-e01,,,,,Анемометр цифровой AM-30,5364,https://synthetic-shop.local/product/anemometer-03-01,,
,,,syn-0003__subtree_relocate__01-e02,,,,,Пирометр инфракрасный IR-900,3562,https://synthetic-shop.local/product/pyrometer-03-02,,
,,,syn-0003__subtree_relocate__01-e03,,,,,Толщиномер покрытий CT-1200,8990,https://synthetic-shop.local/product/coating-gauge-03-03,,
,,,syn-0003__subtree_relocate__01-e04,,,,,Мегаомметр цифровой MI-1000,16102,https://synthetic-shop.local/product/megohmmeter-03-04,,
,,,syn-0003__subtree_relocate__01-e05,,,,,Тестер розеток и УЗО ST-8,1816,https://synthetic-shop.local/product/socket-tester-03-05,,
,,,syn-0003__subtree_relocate__02-e01,,,,,Анемометр цифровой AM-30,5364,https://synthetic-shop.local/product/anemometer-03-01,,
,,,syn-0003__subtree_relocate__02-e02,,,,,Пирометр инфракрасный IR-900,3562,https://synthetic-shop.local/product/pyrometer-03-02,,
,,,syn-0003__subtree_relocate__02-e03,,,,,Толщиномер покрытий CT-1200,8990,https://synthetic-shop.local/product/coating-gauge-03-03,,
,,,syn-0003__subtree_relocate__02-e04,,,,,Мегаомметр цифровой MI-1000,16102,https://synthetic-shop.local/product/megohmmeter-03-04,,
,,,syn-0003__subtree_relocate__02-e05,,,,,Тестер розеток и УЗО ST-8,1816,https://synthetic-shop.local/product/socket-tester-03-05,,
,,,syn-0004__class_rename__01-e01,,,,,Мегаомметр цифровой MI-1000,16326,https://synthetic-shop.local/product/megohmmeter-04-01,,
,,,syn-0004__class_rename__01-e02,,,,,Тестер розеток и УЗО ST-8,1790,https://synthetic-shop.local/product/socket-tester-04-02,,
,,,syn-0004__class_rename__01-e03,,,,,Люксметр LX-1010,3011,https://synthetic-shop.local/product/luxmeter-04-03,,
,,,syn-0004__class_rename__01-e04,,,,,Влагомер древесины WM-2,3234,https://synthetic-shop.local/product/moisture-meter-04-04,,
,,,syn-0004__class_rename__01-e05,,,,,Клещи токовые CM-600,6625,https://synthetic-shop.local/product/clamp-meter-04-05,,
,,,syn-0004__class_rename__02-e01,,,,,Мегаомметр цифровой MI-1000,16326,https://synthetic-shop.local/product/megohmmeter-04-01,,
,,,syn-0004__class_rename__02-e02,,,,,Тестер розеток и УЗО ST-8,1790,https://synthetic-shop.local/product/socket-tester-04-02,,
,,,syn-0004__class_rename__02-e03,,,,,Люксметр LX-1010,3011,https://synthetic-shop.local/product/luxmeter-04-03,,
,,,syn-0004__class_rename__02-e04,,,,,Влагомер древесины WM-2,3234,https://synthetic-shop.local/product/moisture-meter-04-04,,
,,,syn-0004__class_rename__02-e05,,,,,Клещи токовые CM-600,6625,https://synthetic-shop.local/product/clamp-meter-04-05,,
,,,syn-0004__class_rename__03-e01,,,,,Мегаомметр цифровой MI-1000,16326,https://synthetic-shop.local/product/megohmmeter-04-01,,
,,,syn-0004__class_rename__03-e02,,,,,Тестер розеток и УЗО ST-8,1790,https://synthetic-shop.local/product/socket-tester-04-02,,
,,,syn-0004__class_rename__03-e03,,,,,Люксметр LX-1010,3011,https://synthetic-shop.local/product/luxmeter-04-03,,
,,,syn-0004__class_rename__03-e04,,,,,Влагомер древесины WM-2,3234,https://synthetic-shop.local/product/moisture-meter-04-04,,
,,,syn-0004__class_rename__03-e05,,,,,Клещи токовые CM-600,6625,https://synthetic-shop.local/product/clamp-meter-04-05,,
,,,syn-0004__wrapper_insert__01-e01,,,,,Мегаомметр цифровой MI-1000,16326,https://synthetic-shop.local/product/megohmmeter-04-01,,
,,,syn-0004__wrapper_insert__01-e02,,,,,Тестер розеток и УЗО ST-8,1790,https://synthetic-shop.local/product/socket-tester-04-02,,
,,,syn-0004__wrapper_insert__01-e03,,,,,Люксметр LX-1010,3011,https://synthetic-shop.local/product/luxmeter-04-03,,
,,,syn-0004__wrapper_insert__01-e04,,,,,Влагомер древесины WM-2,3234,https://synthetic-shop.local/product/moisture-meter-04-04,,
,,,syn-0004__wrapper_insert__01-e05,,,,,Клещи токовые CM-600,6625,https://synthetic-shop.local/product/clamp-meter-04-05,,
,,,syn-0004__wrapper_insert__02-e01,,,,,Мегаомметр цифровой MI-1000,16326,https://synthetic-shop.local/product/megohmmeter-04-01,,
,,,syn-0004__wrapper_insert__02-e02,,,,,Тестер розеток и УЗО ST-8,1790,https://synthetic-shop.local/product/socket-tester-04-02,,
,,,syn-0004__wrapper_insert__02-e03,,,,,Люксметр LX-1010,3011,https://synthetic-shop.local/product/luxmeter-04-03,,
,,,syn-0004__wrapper_insert__02-e04,,,,,Влагомер древесины WM-2,3234,https://synthetic-shop.local/product/moisture-meter-04-04,,
,,,syn-0004__wrapper_insert__02-e05,,,,,Клещи токовые CM-600,6625,https://synthetic-shop.local/product/clamp-meter-04-05,,
,,,syn-0004__wrapper_insert__03-e01,,,,,Мегаомметр цифровой MI-1000,16326,https://synthetic-shop.local/product/megohmmeter-04-01,,
,,,syn-0004__wrapper_insert__03-e02,,,,,Тестер розеток и УЗО ST-8,1790,https://synthetic-shop.local/product/socket-tester-04-02,,
,,,syn-0004__wrapper_insert__03-e03,,,,,Люксметр LX-1010,3011,https://synthetic-shop.local/product/luxmeter-04-03,,
,,,syn-0004__wrapper_insert__03-e04,,,,,Влагомер древесины WM-2,3234,https://synthetic-shop.local/product/moisture-meter-04-04,,
,,,syn-0004__wrapper_insert__03-e05,,,,,Клещи токовые CM-600,6625,https://synthetic-shop.local/product/clamp-meter-04-05,,
,,,syn-0004__field_reorder__01-e01,,,,,Мегаомметр цифровой MI-1000,16326,https://synthetic-shop.local/product/megohmmeter-04-01,,
,,,syn-0004__field_reorder__01-e02,,,,,Тестер розеток и УЗО ST-8,1790,https://synthetic-shop.local/product/socket-tester-04-02,,
,,,syn-0004__field_reorder__01-e03,,,,,Люксметр LX-1010,3011,https://synthetic-shop.local/product/luxmeter-04-03,,
,,,syn-0004__field_reorder__01-e04,,,,,Влагомер древесины WM-2,3234,https://synthetic-shop.local/product/moisture-meter-04-04,,
,,,syn-0004__field_reorder__01-e05,,,,,Клещи токовые CM-600,6625,https://synthetic-shop.local/product/clamp-meter-04-05,,
,,,syn-0004__field_reorder__02-e01,,,,,Мегаомметр цифровой MI-1000,16326,https://synthetic-shop.local/product/megohmmeter-04-01,,
,,,syn-0004__field_reorder__02-e02,,,,,Тестер розеток и УЗО ST-8,1790,https://synthetic-shop.local/product/socket-tester-04-02,,
,,,syn-0004__field_reorder__02-e03,,,,,Люксметр LX-1010,3011,https://synthetic-shop.local/product/luxmeter-04-03,,
,,,syn-0004__field_reorder__02-e04,,,,,Влагомер древесины WM-2,3234,https://synthetic-shop.local/product/moisture-meter-04-04,,
,,,syn-0004__field_reorder__02-e05,,,,,Клещи токовые CM-600,6625,https://synthetic-shop.local/product/clamp-meter-04-05,,
,,,syn-0004__subtree_relocate__01-e01,,,,,Мегаомметр цифровой MI-1000,16326,https://synthetic-shop.local/product/megohmmeter-04-01,,
,,,syn-0004__subtree_relocate__01-e02,,,,,Тестер розеток и УЗО ST-8,1790,https://synthetic-shop.local/product/socket-tester-04-02,,
,,,syn-0004__subtree_relocate__01-e03,,,,,Люксметр LX-1010,3011,https://synthetic-shop.local/product/luxmeter-04-03,,
,,,syn-0004__subtree_relocate__01-e04,,,,,Влагомер древесины WM-2,3234,https://synthetic-shop.local/product/moisture-meter-04-04,,
,,,syn-0004__subtree_relocate__01-e05,,,,,Клещи токовые CM-600,6625,https://synthetic-shop.local/product/clamp-meter-04-05,,
,,,syn-0004__subtree_relocate__02-e01,,,,,Мегаомметр цифровой MI-1000,16326,https://synthetic-shop.local/product/megohmmeter-04-01,,
,,,syn-0004__subtree_relocate__02-e02,,,,,Тестер розеток и УЗО ST-8,1790,https://synthetic-shop.local/product/socket-tester-04-02,,
,,,syn-0004__subtree_relocate__02-e03,,,,,Люксметр LX-1010,3011,https://synthetic-shop.local/product/luxmeter-04-03,,
,,,syn-0004__subtree_relocate__02-e04,,,,,Влагомер древесины WM-2,3234,https://synthetic-shop.local/product/moisture-meter-04-04,,
,,,syn-0004__subtree_relocate__02-e05,,,,,Клещи токовые CM-600,6625,https://synthetic-shop.local/product/clamp-meter-04-05,,
,,,syn-0005__class_rename__01-e01,,,,,Влагомер древесины WM-2,3190,https://synthetic-shop.local/product/moisture-meter-05-01,,
,,,syn-0005__class_rename__01-e02,,,,,Клещи токовые CM-600,6535,https://synthetic-shop.local/product/clamp-meter-05-02,,
,,,syn-0005__class_rename__01-e03,,,,,Угломер электронный AG-360,3844,https://synthetic-shop.local/product/angle-meter-05-03,,
,,,syn-0005__class_rename__01-e04,,,,,Лазерный уровень ЛУ-360 Pro,13263,https://synthetic-shop.local/product/laser-level-05-04,,
,,,syn-0005__class_rename__01-e05,,,,,Дальномер лазерный DM-80,6990,https://synthetic-shop.local/product/laser-rangefinder-05-05,,
,,,syn-0005__class_rename__02-e01,,,,,Влагомер древесины WM-2,3190,https://synthetic-shop.local/product/moisture-meter-05-01,,
,,,syn-0005__class_rename__02-e02,,,,,Клещи токовые CM-600,6535,https://synthetic-shop.local/product/clamp-meter-05-02,,
,,,syn-0005__class_rename__02-e03,,,,,Угломер электронный AG-360,3844,https://synthetic-shop.local/product/angle-meter-05-03,,
,,,syn-0005__class_rename__02-e04,,,,,Лазерный уровень ЛУ-360 Pro,13263,https://synthetic-shop.local/product/laser-level-05-04,,
,,,syn-0005__class_rename__02-e05,,,,,Дальномер лазерный DM-80,6990,https://synthetic-shop.local/product/laser-rangefinder-05-05,,
,,,syn-0005__class_rename__03-e01,,,,,Влагомер древесины WM-2,3190,https://synthetic-shop.local/product/moisture-meter-05-01,,
,,,syn-0005__class_rename__03-e02,,,,,Клещи токовые CM-600,6535,https://synthetic-shop.local/product/clamp-meter-05-02,,
,,,syn-0005__class_rename__03-e03,,,,,Угломер электронный AG-360,3844,https://synthetic-shop.local/product/angle-meter-05-03,,
,,,syn-0005__class_rename__03-e04,,,,,Лазерный уровень ЛУ-360 Pro,13263,https://synthetic-shop.local/product/laser-level-05-04,,
,,,syn-0005__class_rename__03-e05,,,,,Дальномер лазерный DM-80,6990,https://synthetic-shop.local/product/laser-rangefinder-05-05,,
,,,syn-0005__wrapper_insert__01-e01,,,,,Влагомер древесины WM-2,3190,https://synthetic-shop.local/product/moisture-meter-05-01,,
,,,syn-0005__wrapper_insert__01-e02,,,,,Клещи токовые CM-600,6535,https://synthetic-shop.local/product/clamp-meter-05-02,,
,,,syn-0005__wrapper_insert__01-e03,,,,,Угломер электронный AG-360,3844,https://synthetic-shop.local/product/angle-meter-05-03,,
,,,syn-0005__wrapper_insert__01-e04,,,,,Лазерный уровень ЛУ-360 Pro,13263,https://synthetic-shop.local/product/laser-level-05-04,,
,,,syn-0005__wrapper_insert__01-e05,,,,,Дальномер лазерный DM-80,6990,https://synthetic-shop.local/product/laser-rangefinder-05-05,,
,,,syn-0005__wrapper_insert__02-e01,,,,,Влагомер древесины WM-2,3190,https://synthetic-shop.local/product/moisture-meter-05-01,,
,,,syn-0005__wrapper_insert__02-e02,,,,,Клещи токовые CM-600,6535,https://synthetic-shop.local/product/clamp-meter-05-02,,
,,,syn-0005__wrapper_insert__02-e03,,,,,Угломер электронный AG-360,3844,https://synthetic-shop.local/product/angle-meter-05-03,,
,,,syn-0005__wrapper_insert__02-e04,,,,,Лазерный уровень ЛУ-360 Pro,13263,https://synthetic-shop.local/product/laser-level-05-04,,
,,,syn-0005__wrapper_insert__02-e05,,,,,Дальномер лазерный DM-80,6990,https://synthetic-shop.local/product/laser-rangefinder-05-05,,
,,,syn-0005__wrapper_insert__03-e01,,,,,Влагомер древесины WM-2,3190,https://synthetic-shop.local/product/moisture-meter-05-01,,
,,,syn-0005__wrapper_insert__03-e02,,,,,Клещи токовые CM-600,6535,https://synthetic-shop.local/product/clamp-meter-05-02,,
,,,syn-0005__wrapper_insert__03-e03,,,,,Угломер электронный AG-360,3844,https://synthetic-shop.local/product/angle-meter-05-03,,
,,,syn-0005__wrapper_insert__03-e04,,,,,Лазерный уровень ЛУ-360 Pro,13263,https://synthetic-shop.local/product/laser-level-05-04,,
,,,syn-0005__wrapper_insert__03-e05,,,,,Дальномер лазерный DM-80,6990,https://synthetic-shop.local/product/laser-rangefinder-05-05,,
,,,syn-0005__field_reorder__01-e01,,,,,Влагомер древесины WM-2,3190,https://synthetic-shop.local/product/moisture-meter-05-01,,
,,,syn-0005__field_reorder__01-e02,,,,,Клещи токовые CM-600,6535,https://synthetic-shop.local/product/clamp-meter-05-02,,
,,,syn-0005__field_reorder__01-e03,,,,,Угломер электронный AG-360,3844,https://synthetic-shop.local/product/angle-meter-05-03,,
,,,syn-0005__field_reorder__01-e04,,,,,Лазерный уровень ЛУ-360 Pro,13263,https://synthetic-shop.local/product/laser-level-05-04,,
,,,syn-0005__field_reorder__01-e05,,,,,Дальномер лазерный DM-80,6990,https://synthetic-shop.local/product/laser-rangefinder-05-05,,
,,,syn-0005__field_reorder__02-e01,,,,,Влагомер древесины WM-2,3190,https://synthetic-shop.local/product/moisture-meter-05-01,,
,,,syn-0005__field_reorder__02-e02,,,,,Клещи токовые CM-600,6535,https://synthetic-shop.local/product/clamp-meter-05-02,,
,,,syn-0005__field_reorder__02-e03,,,,,Угломер электронный AG-360,3844,https://synthetic-shop.local/product/angle-meter-05-03,,
,,,syn-0005__field_reorder__02-e04,,,,,Лазерный уровень ЛУ-360 Pro,13263,https://synthetic-shop.local/product/laser-level-05-04,,
,,,syn-0005__field_reorder__02-e05,,,,,Дальномер лазерный DM-80,6990,https://synthetic-shop.local/product/laser-rangefinder-05-05,,
,,,syn-0005__subtree_relocate__01-e01,,,,,Влагомер древесины WM-2,3190,https://synthetic-shop.local/product/moisture-meter-05-01,,
,,,syn-0005__subtree_relocate__01-e02,,,,,Клещи токовые CM-600,6535,https://synthetic-shop.local/product/clamp-meter-05-02,,
,,,syn-0005__subtree_relocate__01-e03,,,,,Угломер электронный AG-360,3844,https://synthetic-shop.local/product/angle-meter-05-03,,
,,,syn-0005__subtree_relocate__01-e04,,,,,Лазерный уровень ЛУ-360 Pro,13263,https://synthetic-shop.local/product/laser-level-05-04,,
,,,syn-0005__subtree_relocate__01-e05,,,,,Дальномер лазерный DM-80,6990,https://synthetic-shop.local/product/laser-rangefinder-05-05,,
,,,syn-0005__subtree_relocate__02-e01,,,,,Влагомер древесины WM-2,3190,https://synthetic-shop.local/product/moisture-meter-05-01,,
,,,syn-0005__subtree_relocate__02-e02,,,,,Клещи токовые CM-600,6535,https://synthetic-shop.local/product/clamp-meter-05-02,,
,,,syn-0005__subtree_relocate__02-e03,,,,,Угломер электронный AG-360,3844,https://synthetic-shop.local/product/angle-meter-05-03,,
,,,syn-0005__subtree_relocate__02-e04,,,,,Лазерный уровень ЛУ-360 Pro,13263,https://synthetic-shop.local/product/laser-level-05-04,,
,,,syn-0005__subtree_relocate__02-e05,,,,,Дальномер лазерный DM-80,6990,https://synthetic-shop.local/product/laser-rangefinder-05-05,,
,,,syn-0006__class_rename__01-e01,,,,,Лазерный уровень ЛУ-360 Pro,13081,https://synthetic-shop.local/product/laser-level-06-01,,
,,,syn-0006__class_rename__01-e02,,,,,Дальномер лазерный DM-80,7088,https://synthetic-shop.local/product/laser-rangefinder-06-02,,
,,,syn-0006__class_rename__01-e03,,,,,Мультиметр цифровой M830 Pro,1929,https://synthetic-shop.local/product/multimeter-06-03,,
,,,syn-0006__class_rename__01-e04,,,,,Тепловизор строительный IR-256,42900,https://synthetic-shop.local/product/thermal-camera-06-04,,
,,,syn-0006__class_rename__01-e05,,,,,Нивелир оптический N-32,21640,https://synthetic-shop.local/product/optical-level-06-05,,
,,,syn-0006__class_rename__02-e01,,,,,Лазерный уровень ЛУ-360 Pro,13081,https://synthetic-shop.local/product/laser-level-06-01,,
,,,syn-0006__class_rename__02-e02,,,,,Дальномер лазерный DM-80,7088,https://synthetic-shop.local/product/laser-rangefinder-06-02,,
,,,syn-0006__class_rename__02-e03,,,,,Мультиметр цифровой M830 Pro,1929,https://synthetic-shop.local/product/multimeter-06-03,,
,,,syn-0006__class_rename__02-e04,,,,,Тепловизор строительный IR-256,42900,https://synthetic-shop.local/product/thermal-camera-06-04,,
,,,syn-0006__class_rename__02-e05,,,,,Нивелир оптический N-32,21640,https://synthetic-shop.local/product/optical-level-06-05,,
,,,syn-0006__class_rename__03-e01,,,,,Лазерный уровень ЛУ-360 Pro,13081,https://synthetic-shop.local/product/laser-level-06-01,,
,,,syn-0006__class_rename__03-e02,,,,,Дальномер лазерный DM-80,7088,https://synthetic-shop.local/product/laser-rangefinder-06-02,,
,,,syn-0006__class_rename__03-e03,,,,,Мультиметр цифровой M830 Pro,1929,https://synthetic-shop.local/product/multimeter-06-03,,
,,,syn-0006__class_rename__03-e04,,,,,Тепловизор строительный IR-256,42900,https://synthetic-shop.local/product/thermal-camera-06-04,,
,,,syn-0006__class_rename__03-e05,,,,,Нивелир оптический N-32,21640,https://synthetic-shop.local/product/optical-level-06-05,,
,,,syn-0006__wrapper_insert__01-e01,,,,,Лазерный уровень ЛУ-360 Pro,13081,https://synthetic-shop.local/product/laser-level-06-01,,
,,,syn-0006__wrapper_insert__01-e02,,,,,Дальномер лазерный DM-80,7088,https://synthetic-shop.local/product/laser-rangefinder-06-02,,
,,,syn-0006__wrapper_insert__01-e03,,,,,Мультиметр цифровой M830 Pro,1929,https://synthetic-shop.local/product/multimeter-06-03,,
,,,syn-0006__wrapper_insert__01-e04,,,,,Тепловизор строительный IR-256,42900,https://synthetic-shop.local/product/thermal-camera-06-04,,
,,,syn-0006__wrapper_insert__01-e05,,,,,Нивелир оптический N-32,21640,https://synthetic-shop.local/product/optical-level-06-05,,
,,,syn-0006__wrapper_insert__02-e01,,,,,Лазерный уровень ЛУ-360 Pro,13081,https://synthetic-shop.local/product/laser-level-06-01,,
,,,syn-0006__wrapper_insert__02-e02,,,,,Дальномер лазерный DM-80,7088,https://synthetic-shop.local/product/laser-rangefinder-06-02,,
,,,syn-0006__wrapper_insert__02-e03,,,,,Мультиметр цифровой M830 Pro,1929,https://synthetic-shop.local/product/multimeter-06-03,,
,,,syn-0006__wrapper_insert__02-e04,,,,,Тепловизор строительный IR-256,42900,https://synthetic-shop.local/product/thermal-camera-06-04,,
,,,syn-0006__wrapper_insert__02-e05,,,,,Нивелир оптический N-32,21640,https://synthetic-shop.local/product/optical-level-06-05,,
,,,syn-0006__wrapper_insert__03-e01,,,,,Лазерный уровень ЛУ-360 Pro,13081,https://synthetic-shop.local/product/laser-level-06-01,,
,,,syn-0006__wrapper_insert__03-e02,,,,,Дальномер лазерный DM-80,7088,https://synthetic-shop.local/product/laser-rangefinder-06-02,,
,,,syn-0006__wrapper_insert__03-e03,,,,,Мультиметр цифровой M830 Pro,1929,https://synthetic-shop.local/product/multimeter-06-03,,
,,,syn-0006__wrapper_insert__03-e04,,,,,Тепловизор строительный IR-256,42900,https://synthetic-shop.local/product/thermal-camera-06-04,,
,,,syn-0006__wrapper_insert__03-e05,,,,,Нивелир оптический N-32,21640,https://synthetic-shop.local/product/optical-level-06-05,,
,,,syn-0006__field_reorder__01-e01,,,,,Лазерный уровень ЛУ-360 Pro,13081,https://synthetic-shop.local/product/laser-level-06-01,,
,,,syn-0006__field_reorder__01-e02,,,,,Дальномер лазерный DM-80,7088,https://synthetic-shop.local/product/laser-rangefinder-06-02,,
,,,syn-0006__field_reorder__01-e03,,,,,Мультиметр цифровой M830 Pro,1929,https://synthetic-shop.local/product/multimeter-06-03,,
,,,syn-0006__field_reorder__01-e04,,,,,Тепловизор строительный IR-256,42900,https://synthetic-shop.local/product/thermal-camera-06-04,,
,,,syn-0006__field_reorder__01-e05,,,,,Нивелир оптический N-32,21640,https://synthetic-shop.local/product/optical-level-06-05,,
,,,syn-0006__field_reorder__02-e01,,,,,Лазерный уровень ЛУ-360 Pro,13081,https://synthetic-shop.local/product/laser-level-06-01,,
,,,syn-0006__field_reorder__02-e02,,,,,Дальномер лазерный DM-80,7088,https://synthetic-shop.local/product/laser-rangefinder-06-02,,
,,,syn-0006__field_reorder__02-e03,,,,,Мультиметр цифровой M830 Pro,1929,https://synthetic-shop.local/product/multimeter-06-03,,
,,,syn-0006__field_reorder__02-e04,,,,,Тепловизор строительный IR-256,42900,https://synthetic-shop.local/product/thermal-camera-06-04,,
,,,syn-0006__field_reorder__02-e05,,,,,Нивелир оптический N-32,21640,https://synthetic-shop.local/product/optical-level-06-05,,
,,,syn-0006__subtree_relocate__01-e01,,,,,Лазерный уровень ЛУ-360 Pro,13081,https://synthetic-shop.local/product/laser-level-06-01,,
,,,syn-0006__subtree_relocate__01-e02,,,,,Дальномер лазерный DM-80,7088,https://synthetic-shop.local/product/laser-rangefinder-06-02,,
,,,syn-0006__subtree_relocate__01-e03,,,,,Мультиметр цифровой M830 Pro,1929,https://synthetic-shop.local/product/multimeter-06-03,,
,,,syn-0006__subtree_relocate__01-e04,,,,,Тепловизор строительный IR-256,42900,https://synthetic-shop.local/product/thermal-camera-06-04,,
,,,syn-0006__subtree_relocate__01-e05,,,,,Нивелир оптический N-32,21640,https://synthetic-shop.local/product/optical-level-06-05,,
,,,syn-0006__subtree_relocate__02-e01,,,,,Лазерный уровень ЛУ-360 Pro,13081,https://synthetic-shop.local/product/laser-level-06-01,,
,,,syn-0006__subtree_relocate__02-e02,,,,,Дальномер лазерный DM-80,7088,https://synthetic-shop.local/product/laser-rangefinder-06-02,,
,,,syn-0006__subtree_relocate__02-e03,,,,,Мультиметр цифровой M830 Pro,1929,https://synthetic-shop.local/product/multimeter-06-03,,
,,,syn-0006__subtree_relocate__02-e04,,,,,Тепловизор строительный IR-256,42900,https://synthetic-shop.local/product/thermal-camera-06-04,,
,,,syn-0006__subtree_relocate__02-e05,,,,,Нивелир оптический N-32,21640,https://synthetic-shop.local/product/optical-level-06-05,,
,,,syn-0007__class_rename__01-e01,,,,,Тепловизор строительный IR-256,43500,https://synthetic-shop.local/product/thermal-camera-07-01,,
,,,syn-0007__class_rename__01-e02,,,,,Нивелир оптический N-32,21940,https://synthetic-shop.local/product/optical-level-07-02,,
,,,syn-0007__class_rename__01-e03,,,,,Детектор скрытой проводки WallScan 5,4590,https://synthetic-shop.local/product/wall-scanner-07-03,,
,,,syn-0007__class_rename__01-e04,,,,,Анемометр цифровой AM-30,5327,https://synthetic-shop.local/product/anemometer-07-04,,
,,,syn-0007__class_rename__01-e05,,,,,Пирометр инфракрасный IR-900,3538,https://synthetic-shop.local/product/pyrometer-07-05,,
,,,syn-0007__class_rename__02-e01,,,,,Тепловизор строительный IR-256,43500,https://synthetic-shop.local/product/thermal-camera-07-01,,
,,,syn-0007__class_rename__02-e02,,,,,Нивелир оптический N-32,21940,https://synthetic-shop.local/product/optical-level-07-02,,
,,,syn-0007__class_rename__02-e03,,,,,Детектор скрытой проводки WallScan 5,4590,https://synthetic-shop.local/product/wall-scanner-07-03,,
,,,syn-0007__class_rename__02-e04,,,,,Анемометр цифровой AM-30,5327,https://synthetic-shop.local/product/anemometer-07-04,,
,,,syn-0007__class_rename__02-e05,,,,,Пирометр инфракрасный IR-900,3538,https://synthetic-shop.local/product/pyrometer-07-05,,
,,,syn-0007__class_rename__03-e01,,,,,Тепловизор строительный IR-256,43500,https://synthetic-shop.local/product/thermal-camera-07-01,,
,,,syn-0007__class_rename__03-e02,,,,,Нивелир оптический N-32,21940,https://synthetic-shop.local/product/optical-level-07-02,,
,,,syn-0007__class_rename__03-e03,,,,,Детектор скрытой проводки WallScan 5,4590,https://synthetic-shop.local/product/wall-scanner-07-03,,
,,,syn-0007__class_rename__03-e04,,,,,Анемометр цифровой AM-30,5327,https://synthetic-shop.local/product/anemometer-07-04,,
,,,syn-0007__class_rename__03-e05,,,,,Пирометр инфракрасный IR-900,3538,https://synthetic-shop.local/product/pyrometer-07-05,,
,,,syn-0007__wrapper_insert__01-e01,,,,,Тепловизор строительный IR-256,43500,https://synthetic-shop.local/product/thermal-camera-07-01,,
,,,syn-0007__wrapper_insert__01-e02,,,,,Нивелир оптический N-32,21940,https://synthetic-shop.local/product/optical-level-07-02,,
,,,syn-0007__wrapper_insert__01-e03,,,,,Детектор скрытой проводки WallScan 5,4590,https://synthetic-shop.local/product/wall-scanner-07-03,,
,,,syn-0007__wrapper_insert__01-e04,,,,,Анемометр цифровой AM-30,5327,https://synthetic-shop.local/product/anemometer-07-04,,
,,,syn-0007__wrapper_insert__01-e05,,,,,Пирометр инфракрасный IR-900,3538,https://synthetic-shop.local/product/pyrometer-07-05,,
,,,syn-0007__wrapper_insert__02-e01,,,,,Тепловизор строительный IR-256,43500,https://synthetic-shop.local/product/thermal-camera-07-01,,
,,,syn-0007__wrapper_insert__02-e02,,,,,Нивелир оптический N-32,21940,https://synthetic-shop.local/product/optical-level-07-02,,
,,,syn-0007__wrapper_insert__02-e03,,,,,Детектор скрытой проводки WallScan 5,4590,https://synthetic-shop.local/product/wall-scanner-07-03,,
,,,syn-0007__wrapper_insert__02-e04,,,,,Анемометр цифровой AM-30,5327,https://synthetic-shop.local/product/anemometer-07-04,,
,,,syn-0007__wrapper_insert__02-e05,,,,,Пирометр инфракрасный IR-900,3538,https://synthetic-shop.local/product/pyrometer-07-05,,
,,,syn-0007__wrapper_insert__03-e01,,,,,Тепловизор строительный IR-256,43500,https://synthetic-shop.local/product/thermal-camera-07-01,,
,,,syn-0007__wrapper_insert__03-e02,,,,,Нивелир оптический N-32,21940,https://synthetic-shop.local/product/optical-level-07-02,,
,,,syn-0007__wrapper_insert__03-e03,,,,,Детектор скрытой проводки WallScan 5,4590,https://synthetic-shop.local/product/wall-scanner-07-03,,
,,,syn-0007__wrapper_insert__03-e04,,,,,Анемометр цифровой AM-30,5327,https://synthetic-shop.local/product/anemometer-07-04,,
,,,syn-0007__wrapper_insert__03-e05,,,,,Пирометр инфракрасный IR-900,3538,https://synthetic-shop.local/product/pyrometer-07-05,,
,,,syn-0007__field_reorder__01-e01,,,,,Тепловизор строительный IR-256,43500,https://synthetic-shop.local/product/thermal-camera-07-01,,
,,,syn-0007__field_reorder__01-e02,,,,,Нивелир оптический N-32,21940,https://synthetic-shop.local/product/optical-level-07-02,,
,,,syn-0007__field_reorder__01-e03,,,,,Детектор скрытой проводки WallScan 5,4590,https://synthetic-shop.local/product/wall-scanner-07-03,,
,,,syn-0007__field_reorder__01-e04,,,,,Анемометр цифровой AM-30,5327,https://synthetic-shop.local/product/anemometer-07-04,,
,,,syn-0007__field_reorder__01-e05,,,,,Пирометр инфракрасный IR-900,3538,https://synthetic-shop.local/product/pyrometer-07-05,,
,,,syn-0007__field_reorder__02-e01,,,,,Тепловизор строительный IR-256,43500,https://synthetic-shop.local/product/thermal-camera-07-01,,
,,,syn-0007__field_reorder__02-e02,,,,,Нивелир оптический N-32,21940,https://synthetic-shop.local/product/optical-level-07-02,,
,,,syn-0007__field_reorder__02-e03,,,,,Детектор скрытой проводки WallScan 5,4590,https://synthetic-shop.local/product/wall-scanner-07-03,,
,,,syn-0007__field_reorder__02-e04,,,,,Анемометр цифровой AM-30,5327,https://synthetic-shop.local/product/anemometer-07-04,,
,,,syn-0007__field_reorder__02-e05,,,,,Пирометр инфракрасный IR-900,3538,https://synthetic-shop.local/product/pyrometer-07-05,,
,,,syn-0007__subtree_relocate__01-e01,,,,,Тепловизор строительный IR-256,43500,https://synthetic-shop.local/product/thermal-camera-07-01,,
,,,syn-0007__subtree_relocate__01-e02,,,,,Нивелир оптический N-32,21940,https://synthetic-shop.local/product/optical-level-07-02,,
,,,syn-0007__subtree_relocate__01-e03,,,,,Детектор скрытой проводки WallScan 5,4590,https://synthetic-shop.local/product/wall-scanner-07-03,,
,,,syn-0007__subtree_relocate__01-e04,,,,,Анемометр цифровой AM-30,5327,https://synthetic-shop.local/product/anemometer-07-04,,
,,,syn-0007__subtree_relocate__01-e05,,,,,Пирометр инфракрасный IR-900,3538,https://synthetic-shop.local/product/pyrometer-07-05,,
,,,syn-0007__subtree_relocate__02-e01,,,,,Тепловизор строительный IR-256,43500,https://synthetic-shop.local/product/thermal-camera-07-01,,
,,,syn-0007__subtree_relocate__02-e02,,,,,Нивелир оптический N-32,21940,https://synthetic-shop.local/product/optical-level-07-02,,
,,,syn-0007__subtree_relocate__02-e03,,,,,Детектор скрытой проводки WallScan 5,4590,https://synthetic-shop.local/product/wall-scanner-07-03,,
,,,syn-0007__subtree_relocate__02-e04,,,,,Анемометр цифровой AM-30,5327,https://synthetic-shop.local/product/anemometer-07-04,,
,,,syn-0007__subtree_relocate__02-e05,,,,,Пирометр инфракрасный IR-900,3538,https://synthetic-shop.local/product/pyrometer-07-05,,
,,,syn-0008__class_rename__01-e01,,,,,Анемометр цифровой AM-30,5401,https://synthetic-shop.local/product/anemometer-08-01,,
,,,syn-0008__class_rename__01-e02,,,,,Пирометр инфракрасный IR-900,3490,https://synthetic-shop.local/product/pyrometer-08-02,,
,,,syn-0008__class_rename__01-e03,,,,,Толщиномер покрытий CT-1200,9053,https://synthetic-shop.local/product/coating-gauge-08-03,,
,,,syn-0008__class_rename__01-e04,,,,,Мегаомметр цифровой MI-1000,16214,https://synthetic-shop.local/product/megohmmeter-08-04,,
,,,syn-0008__class_rename__01-e05,,,,,Тестер розеток и УЗО ST-8,1829,https://synthetic-shop.local/product/socket-tester-08-05,,
,,,syn-0008__class_rename__02-e01,,,,,Анемометр цифровой AM-30,5401,https://synthetic-shop.local/product/anemometer-08-01,,
,,,syn-0008__class_rename__02-e02,,,,,Пирометр инфракрасный IR-900,3490,https://synthetic-shop.local/product/pyrometer-08-02,,
,,,syn-0008__class_rename__02-e03,,,,,Толщиномер покрытий CT-1200,9053,https://synthetic-shop.local/product/coating-gauge-08-03,,
,,,syn-0008__class_rename__02-e04,,,,,Мегаомметр цифровой MI-1000,16214,https://synthetic-shop.local/product/megohmmeter-08-04,,
,,,syn-0008__class_rename__02-e05,,,,,Тестер розеток и УЗО ST-8,1829,https://synthetic-shop.local/product/socket-tester-08-05,,
,,,syn-0008__class_rename__03-e01,,,,,Анемометр цифровой AM-30,5401,https://synthetic-shop.local/product/anemometer-08-01,,
,,,syn-0008__class_rename__03-e02,,,,,Пирометр инфракрасный IR-900,3490,https://synthetic-shop.local/product/pyrometer-08-02,,
,,,syn-0008__class_rename__03-e03,,,,,Толщиномер покрытий CT-1200,9053,https://synthetic-shop.local/product/coating-gauge-08-03,,
,,,syn-0008__class_rename__03-e04,,,,,Мегаомметр цифровой MI-1000,16214,https://synthetic-shop.local/product/megohmmeter-08-04,,
,,,syn-0008__class_rename__03-e05,,,,,Тестер розеток и УЗО ST-8,1829,https://synthetic-shop.local/product/socket-tester-08-05,,
,,,syn-0008__wrapper_insert__01-e01,,,,,Анемометр цифровой AM-30,5401,https://synthetic-shop.local/product/anemometer-08-01,,
,,,syn-0008__wrapper_insert__01-e02,,,,,Пирометр инфракрасный IR-900,3490,https://synthetic-shop.local/product/pyrometer-08-02,,
,,,syn-0008__wrapper_insert__01-e03,,,,,Толщиномер покрытий CT-1200,9053,https://synthetic-shop.local/product/coating-gauge-08-03,,
,,,syn-0008__wrapper_insert__01-e04,,,,,Мегаомметр цифровой MI-1000,16214,https://synthetic-shop.local/product/megohmmeter-08-04,,
,,,syn-0008__wrapper_insert__01-e05,,,,,Тестер розеток и УЗО ST-8,1829,https://synthetic-shop.local/product/socket-tester-08-05,,
,,,syn-0008__wrapper_insert__02-e01,,,,,Анемометр цифровой AM-30,5401,https://synthetic-shop.local/product/anemometer-08-01,,
,,,syn-0008__wrapper_insert__02-e02,,,,,Пирометр инфракрасный IR-900,3490,https://synthetic-shop.local/product/pyrometer-08-02,,
,,,syn-0008__wrapper_insert__02-e03,,,,,Толщиномер покрытий CT-1200,9053,https://synthetic-shop.local/product/coating-gauge-08-03,,
,,,syn-0008__wrapper_insert__02-e04,,,,,Мегаомметр цифровой MI-1000,16214,https://synthetic-shop.local/product/megohmmeter-08-04,,
,,,syn-0008__wrapper_insert__02-e05,,,,,Тестер розеток и УЗО ST-8,1829,https://synthetic-shop.local/product/socket-tester-08-05,,
,,,syn-0008__wrapper_insert__03-e01,,,,,Анемометр цифровой AM-30,5401,https://synthetic-shop.local/product/anemometer-08-01,,
,,,syn-0008__wrapper_insert__03-e02,,,,,Пирометр инфракрасный IR-900,3490,https://synthetic-shop.local/product/pyrometer-08-02,,
,,,syn-0008__wrapper_insert__03-e03,,,,,Толщиномер покрытий CT-1200,9053,https://synthetic-shop.local/product/coating-gauge-08-03,,
,,,syn-0008__wrapper_insert__03-e04,,,,,Мегаомметр цифровой MI-1000,16214,https://synthetic-shop.local/product/megohmmeter-08-04,,
,,,syn-0008__wrapper_insert__03-e05,,,,,Тестер розеток и УЗО ST-8,1829,https://synthetic-shop.local/product/socket-tester-08-05,,
,,,syn-0008__field_reorder__01-e01,,,,,Анемометр цифровой AM-30,5401,https://synthetic-shop.local/product/anemometer-08-01,,
,,,syn-0008__field_reorder__01-e02,,,,,Пирометр инфракрасный IR-900,3490,https://synthetic-shop.local/product/pyrometer-08-02,,
,,,syn-0008__field_reorder__01-e03,,,,,Толщиномер покрытий CT-1200,9053,https://synthetic-shop.local/product/coating-gauge-08-03,,
,,,syn-0008__field_reorder__01-e04,,,,,Мегаомметр цифровой MI-1000,16214,https://synthetic-shop.local/product/megohmmeter-08-04,,
,,,syn-0008__field_reorder__01-e05,,,,,Тестер розеток и УЗО ST-8,1829,https://synthetic-shop.local/product/socket-tester-08-05,,
,,,syn-0008__field_reorder__02-e01,,,,,Анемометр цифровой AM-30,5401,https://synthetic-shop.local/product/anemometer-08-01,,
,,,syn-0008__field_reorder__02-e02,,,,,Пирометр инфракрасный IR-900,3490,https://synthetic-shop.local/product/pyrometer-08-02,,
,,,syn-0008__field_reorder__02-e03,,,,,Толщиномер покрытий CT-1200,9053,https://synthetic-shop.local/product/coating-gauge-08-03,,
,,,syn-0008__field_reorder__02-e04,,,,,Мегаомметр цифровой MI-1000,16214,https://synthetic-shop.local/product/megohmmeter-08-04,,
,,,syn-0008__field_reorder__02-e05,,,,,Тестер розеток и УЗО ST-8,1829,https://synthetic-shop.local/product/socket-tester-08-05,,
,,,syn-0008__subtree_relocate__01-e01,,,,,Анемометр цифровой AM-30,5401,https://synthetic-shop.local/product/anemometer-08-01,,
,,,syn-0008__subtree_relocate__01-e02,,,,,Пирометр инфракрасный IR-900,3490,https://synthetic-shop.local/product/pyrometer-08-02,,
,,,syn-0008__subtree_relocate__01-e03,,,,,Толщиномер покрытий CT-1200,9053,https://synthetic-shop.local/product/coating-gauge-08-03,,
,,,syn-0008__subtree_relocate__01-e04,,,,,Мегаомметр цифровой MI-1000,16214,https://synthetic-shop.local/product/megohmmeter-08-04,,
,,,syn-0008__subtree_relocate__01-e05,,,,,Тестер розеток и УЗО ST-8,1829,https://synthetic-shop.local/product/socket-tester-08-05,,
,,,syn-0008__subtree_relocate__02-e01,,,,,Анемометр цифровой AM-30,5401,https://synthetic-shop.local/product/anemometer-08-01,,
,,,syn-0008__subtree_relocate__02-e02,,,,,Пирометр инфракрасный IR-900,3490,https://synthetic-shop.local/product/pyrometer-08-02,,
,,,syn-0008__subtree_relocate__02-e03,,,,,Толщиномер покрытий CT-1200,9053,https://synthetic-shop.local/product/coating-gauge-08-03,,
,,,syn-0008__subtree_relocate__02-e04,,,,,Мегаомметр цифровой MI-1000,16214,https://synthetic-shop.local/product/megohmmeter-08-04,,
,,,syn-0008__subtree_relocate__02-e05,,,,,Тестер розеток и УЗО ST-8,1829,https://synthetic-shop.local/product/socket-tester-08-05,,
,,,syn-0009__class_rename__01-e01,,,,,Мегаомметр цифровой MI-1000,15990,https://synthetic-shop.local/product/megohmmeter-09-01,,
,,,syn-0009__class_rename__01-e02,,,,,Тестер розеток и УЗО ST-8,1803,https://synthetic-shop.local/product/socket-tester-09-02,,
,,,syn-0009__class_rename__01-e03,,,,,Люксметр LX-1010,3032,https://synthetic-shop.local/product/luxmeter-09-03,,
,,,syn-0009__class_rename__01-e04,,,,,Влагомер древесины WM-2,3256,https://synthetic-shop.local/product/moisture-meter-09-04,,
,,,syn-0009__class_rename__01-e05,,,,,Клещи токовые CM-600,6490,https://synthetic-shop.local/product/clamp-meter-09-05,,
,,,syn-0009__class_rename__02-e01,,,,,Мегаомметр цифровой MI-1000,15990,https://synthetic-shop.local/product/megohmmeter-09-01,,
,,,syn-0009__class_rename__02-e02,,,,,Тестер розеток и УЗО ST-8,1803,https://synthetic-shop.local/product/socket-tester-09-02,,
,,,syn-0009__class_rename__02-e03,,,,,Люксметр LX-1010,3032,https://synthetic-shop.local/product/luxmeter-09-03,,
,,,syn-0009__class_rename__02-e04,,,,,Влагомер древесины WM-2,3256,https://synthetic-shop.local/product/moisture-meter-09-04,,
,,,syn-0009__class_rename__02-e05,,,,,Клещи токовые CM-600,6490,https://synthetic-shop.local/product/clamp-meter-09-05,,
,,,syn-0009__class_rename__03-e01,,,,,Мегаомметр цифровой MI-1000,15990,https://synthetic-shop.local/product/megohmmeter-09-01,,
,,,syn-0009__class_rename__03-e02,,,,,Тестер розеток и УЗО ST-8,1803,https://synthetic-shop.local/product/socket-tester-09-02,,
,,,syn-0009__class_rename__03-e03,,,,,Люксметр LX-1010,3032,https://synthetic-shop.local/product/luxmeter-09-03,,
,,,syn-0009__class_rename__03-e04,,,,,Влагомер древесины WM-2,3256,https://synthetic-shop.local/product/moisture-meter-09-04,,
,,,syn-0009__class_rename__03-e05,,,,,Клещи токовые CM-600,6490,https://synthetic-shop.local/product/clamp-meter-09-05,,
,,,syn-0009__wrapper_insert__01-e01,,,,,Мегаомметр цифровой MI-1000,15990,https://synthetic-shop.local/product/megohmmeter-09-01,,
,,,syn-0009__wrapper_insert__01-e02,,,,,Тестер розеток и УЗО ST-8,1803,https://synthetic-shop.local/product/socket-tester-09-02,,
,,,syn-0009__wrapper_insert__01-e03,,,,,Люксметр LX-1010,3032,https://synthetic-shop.local/product/luxmeter-09-03,,
,,,syn-0009__wrapper_insert__01-e04,,,,,Влагомер древесины WM-2,3256,https://synthetic-shop.local/product/moisture-meter-09-04,,
,,,syn-0009__wrapper_insert__01-e05,,,,,Клещи токовые CM-600,6490,https://synthetic-shop.local/product/clamp-meter-09-05,,
,,,syn-0009__wrapper_insert__02-e01,,,,,Мегаомметр цифровой MI-1000,15990,https://synthetic-shop.local/product/megohmmeter-09-01,,
,,,syn-0009__wrapper_insert__02-e02,,,,,Тестер розеток и УЗО ST-8,1803,https://synthetic-shop.local/product/socket-tester-09-02,,
,,,syn-0009__wrapper_insert__02-e03,,,,,Люксметр LX-1010,3032,https://synthetic-shop.local/product/luxmeter-09-03,,
,,,syn-0009__wrapper_insert__02-e04,,,,,Влагомер древесины WM-2,3256,https://synthetic-shop.local/product/moisture-meter-09-04,,
,,,syn-0009__wrapper_insert__02-e05,,,,,Клещи токовые CM-600,6490,https://synthetic-shop.local/product/clamp-meter-09-05,,
,,,syn-0009__wrapper_insert__03-e01,,,,,Мегаомметр цифровой MI-1000,15990,https://synthetic-shop.local/product/megohmmeter-09-01,,
,,,syn-0009__wrapper_insert__03-e02,,,,,Тестер розеток и УЗО ST-8,1803,https://synthetic-shop.local/product/socket-tester-09-02,,
,,,syn-0009__wrapper_insert__03-e03,,,,,Люксметр LX-1010,3032,https://synthetic-shop.local/product/luxmeter-09-03,,
,,,syn-0009__wrapper_insert__03-e04,,,,,Влагомер древесины WM-2,3256,https://synthetic-shop.local/product/moisture-meter-09-04,,
,,,syn-0009__wrapper_insert__03-e05,,,,,Клещи токовые CM-600,6490,https://synthetic-shop.local/product/clamp-meter-09-05,,
,,,syn-0009__field_reorder__01-e01,,,,,Мегаомметр цифровой MI-1000,15990,https://synthetic-shop.local/product/megohmmeter-09-01,,
,,,syn-0009__field_reorder__01-e02,,,,,Тестер розеток и УЗО ST-8,1803,https://synthetic-shop.local/product/socket-tester-09-02,,
,,,syn-0009__field_reorder__01-e03,,,,,Люксметр LX-1010,3032,https://synthetic-shop.local/product/luxmeter-09-03,,
,,,syn-0009__field_reorder__01-e04,,,,,Влагомер древесины WM-2,3256,https://synthetic-shop.local/product/moisture-meter-09-04,,
,,,syn-0009__field_reorder__01-e05,,,,,Клещи токовые CM-600,6490,https://synthetic-shop.local/product/clamp-meter-09-05,,
,,,syn-0009__field_reorder__02-e01,,,,,Мегаомметр цифровой MI-1000,15990,https://synthetic-shop.local/product/megohmmeter-09-01,,
,,,syn-0009__field_reorder__02-e02,,,,,Тестер розеток и УЗО ST-8,1803,https://synthetic-shop.local/product/socket-tester-09-02,,
,,,syn-0009__field_reorder__02-e03,,,,,Люксметр LX-1010,3032,https://synthetic-shop.local/product/luxmeter-09-03,,
,,,syn-0009__field_reorder__02-e04,,,,,Влагомер древесины WM-2,3256,https://synthetic-shop.local/product/moisture-meter-09-04,,
,,,syn-0009__field_reorder__02-e05,,,,,Клещи токовые CM-600,6490,https://synthetic-shop.local/product/clamp-meter-09-05,,
,,,syn-0009__subtree_relocate__01-e01,,,,,Мегаомметр цифровой MI-1000,15990,https://synthetic-shop.local/product/megohmmeter-09-01,,
,,,syn-0009__subtree_relocate__01-e02,,,,,Тестер розеток и УЗО ST-8,1803,https://synthetic-shop.local/product/socket-tester-09-02,,
,,,syn-0009__subtree_relocate__01-e03,,,,,Люксметр LX-1010,3032,https://synthetic-shop.local/product/luxmeter-09-03,,
,,,syn-0009__subtree_relocate__01-e04,,,,,Влагомер древесины WM-2,3256,https://synthetic-shop.local/product/moisture-meter-09-04,,
,,,syn-0009__subtree_relocate__01-e05,,,,,Клещи токовые CM-600,6490,https://synthetic-shop.local/product/clamp-meter-09-05,,
,,,syn-0009__subtree_relocate__02-e01,,,,,Мегаомметр цифровой MI-1000,15990,https://synthetic-shop.local/product/megohmmeter-09-01,,
,,,syn-0009__subtree_relocate__02-e02,,,,,Тестер розеток и УЗО ST-8,1803,https://synthetic-shop.local/product/socket-tester-09-02,,
,,,syn-0009__subtree_relocate__02-e03,,,,,Люксметр LX-1010,3032,https://synthetic-shop.local/product/luxmeter-09-03,,
,,,syn-0009__subtree_relocate__02-e04,,,,,Влагомер древесины WM-2,3256,https://synthetic-shop.local/product/moisture-meter-09-04,,
,,,syn-0009__subtree_relocate__02-e05,,,,,Клещи токовые CM-600,6490,https://synthetic-shop.local/product/clamp-meter-09-05,,
,,,syn-0010__class_rename__01-e01,,,,,Влагомер древесины WM-2,3212,https://synthetic-shop.local/product/moisture-meter-10-01,,
,,,syn-0010__class_rename__01-e02,,,,,Клещи токовые CM-600,6580,https://synthetic-shop.local/product/clamp-meter-10-02,,
,,,syn-0010__class_rename__01-e03,,,,,Угломер электронный AG-360,3871,https://synthetic-shop.local/product/angle-meter-10-03,,
,,,syn-0010__class_rename__01-e04,,,,,Лазерный уровень ЛУ-360 Pro,12990,https://synthetic-shop.local/product/laser-level-10-04,,
,,,syn-0010__class_rename__01-e05,,,,,Дальномер лазерный DM-80,7039,https://synthetic-shop.local/product/laser-rangefinder-10-05,,
,,,syn-0010__class_rename__02-e01,,,,,Влагомер древесины WM-2,3212,https://synthetic-shop.local/product/moisture-meter-10-01,,
,,,syn-0010__class_rename__02-e02,,,,,Клещи токовые CM-600,6580,https://synthetic-shop.local/product/clamp-meter-10-02,,
,,,syn-0010__class_rename__02-e03,,,,,Угломер электронный AG-360,3871,https://synthetic-shop.local/product/angle-meter-10-03,,
,,,syn-0010__class_rename__02-e04,,,,,Лазерный уровень ЛУ-360 Pro,12990,https://synthetic-shop.local/product/laser-level-10-04,,
,,,syn-0010__class_rename__02-e05,,,,,Дальномер лазерный DM-80,7039,https://synthetic-shop.local/product/laser-rangefinder-10-05,,
,,,syn-0010__class_rename__03-e01,,,,,Влагомер древесины WM-2,3212,https://synthetic-shop.local/product/moisture-meter-10-01,,
,,,syn-0010__class_rename__03-e02,,,,,Клещи токовые CM-600,6580,https://synthetic-shop.local/product/clamp-meter-10-02,,
,,,syn-0010__class_rename__03-e03,,,,,Угломер электронный AG-360,3871,https://synthetic-shop.local/product/angle-meter-10-03,,
,,,syn-0010__class_rename__03-e04,,,,,Лазерный уровень ЛУ-360 Pro,12990,https://synthetic-shop.local/product/laser-level-10-04,,
,,,syn-0010__class_rename__03-e05,,,,,Дальномер лазерный DM-80,7039,https://synthetic-shop.local/product/laser-rangefinder-10-05,,
,,,syn-0010__wrapper_insert__01-e01,,,,,Влагомер древесины WM-2,3212,https://synthetic-shop.local/product/moisture-meter-10-01,,
,,,syn-0010__wrapper_insert__01-e02,,,,,Клещи токовые CM-600,6580,https://synthetic-shop.local/product/clamp-meter-10-02,,
,,,syn-0010__wrapper_insert__01-e03,,,,,Угломер электронный AG-360,3871,https://synthetic-shop.local/product/angle-meter-10-03,,
,,,syn-0010__wrapper_insert__01-e04,,,,,Лазерный уровень ЛУ-360 Pro,12990,https://synthetic-shop.local/product/laser-level-10-04,,
,,,syn-0010__wrapper_insert__01-e05,,,,,Дальномер лазерный DM-80,7039,https://synthetic-shop.local/product/laser-rangefinder-10-05,,
,,,syn-0010__wrapper_insert__02-e01,,,,,Влагомер древесины WM-2,3212,https://synthetic-shop.local/product/moisture-meter-10-01,,
,,,syn-0010__wrapper_insert__02-e02,,,,,Клещи токовые CM-600,6580,https://synthetic-shop.local/product/clamp-meter-10-02,,
,,,syn-0010__wrapper_insert__02-e03,,,,,Угломер электронный AG-360,3871,https://synthetic-shop.local/product/angle-meter-10-03,,
,,,syn-0010__wrapper_insert__02-e04,,,,,Лазерный уровень ЛУ-360 Pro,12990,https://synthetic-shop.local/product/laser-level-10-04,,
,,,syn-0010__wrapper_insert__02-e05,,,,,Дальномер лазерный DM-80,7039,https://synthetic-shop.local/product/laser-rangefinder-10-05,,
,,,syn-0010__wrapper_insert__03-e01,,,,,Влагомер древесины WM-2,3212,https://synthetic-shop.local/product/moisture-meter-10-01,,
,,,syn-0010__wrapper_insert__03-e02,,,,,Клещи токовые CM-600,6580,https://synthetic-shop.local/product/clamp-meter-10-02,,
,,,syn-0010__wrapper_insert__03-e03,,,,,Угломер электронный AG-360,3871,https://synthetic-shop.local/product/angle-meter-10-03,,
,,,syn-0010__wrapper_insert__03-e04,,,,,Лазерный уровень ЛУ-360 Pro,12990,https://synthetic-shop.local/product/laser-level-10-04,,
,,,syn-0010__wrapper_insert__03-e05,,,,,Дальномер лазерный DM-80,7039,https://synthetic-shop.local/product/laser-rangefinder-10-05,,
,,,syn-0010__field_reorder__01-e01,,,,,Влагомер древесины WM-2,3212,https://synthetic-shop.local/product/moisture-meter-10-01,,
,,,syn-0010__field_reorder__01-e02,,,,,Клещи токовые CM-600,6580,https://synthetic-shop.local/product/clamp-meter-10-02,,
,,,syn-0010__field_reorder__01-e03,,,,,Угломер электронный AG-360,3871,https://synthetic-shop.local/product/angle-meter-10-03,,
,,,syn-0010__field_reorder__01-e04,,,,,Лазерный уровень ЛУ-360 Pro,12990,https://synthetic-shop.local/product/laser-level-10-04,,
,,,syn-0010__field_reorder__01-e05,,,,,Дальномер лазерный DM-80,7039,https://synthetic-shop.local/product/laser-rangefinder-10-05,,
,,,syn-0010__field_reorder__02-e01,,,,,Влагомер древесины WM-2,3212,https://synthetic-shop.local/product/moisture-meter-10-01,,
,,,syn-0010__field_reorder__02-e02,,,,,Клещи токовые CM-600,6580,https://synthetic-shop.local/product/clamp-meter-10-02,,
,,,syn-0010__field_reorder__02-e03,,,,,Угломер электронный AG-360,3871,https://synthetic-shop.local/product/angle-meter-10-03,,
,,,syn-0010__field_reorder__02-e04,,,,,Лазерный уровень ЛУ-360 Pro,12990,https://synthetic-shop.local/product/laser-level-10-04,,
,,,syn-0010__field_reorder__02-e05,,,,,Дальномер лазерный DM-80,7039,https://synthetic-shop.local/product/laser-rangefinder-10-05,,
,,,syn-0010__subtree_relocate__01-e01,,,,,Влагомер древесины WM-2,3212,https://synthetic-shop.local/product/moisture-meter-10-01,,
,,,syn-0010__subtree_relocate__01-e02,,,,,Клещи токовые CM-600,6580,https://synthetic-shop.local/product/clamp-meter-10-02,,
,,,syn-0010__subtree_relocate__01-e03,,,,,Угломер электронный AG-360,3871,https://synthetic-shop.local/product/angle-meter-10-03,,
,,,syn-0010__subtree_relocate__01-e04,,,,,Лазерный уровень ЛУ-360 Pro,12990,https://synthetic-shop.local/product/laser-level-10-04,,
,,,syn-0010__subtree_relocate__01-e05,,,,,Дальномер лазерный DM-80,7039,https://synthetic-shop.local/product/laser-rangefinder-10-05,,
,,,syn-0010__subtree_relocate__02-e01,,,,,Влагомер древесины WM-2,3212,https://synthetic-shop.local/product/moisture-meter-10-01,,
,,,syn-0010__subtree_relocate__02-e02,,,,,Клещи токовые CM-600,6580,https://synthetic-shop.local/product/clamp-meter-10-02,,
,,,syn-0010__subtree_relocate__02-e03,,,,,Угломер электронный AG-360,3871,https://synthetic-shop.local/product/angle-meter-10-03,,
,,,syn-0010__subtree_relocate__02-e04,,,,,Лазерный уровень ЛУ-360 Pro,12990,https://synthetic-shop.local/product/laser-level-10-04,,
,,,syn-0010__subtree_relocate__02-e05,,,,,Дальномер лазерный DM-80,7039,https://synthetic-shop.local/product/laser-rangefinder-10-05,,
,,,syn-0011__class_rename__01-e01,,,,,Бумага офисная A4 80 г/м² 500 листов,599,https://synthetic-shop.local/product/a4-paper-11-01,,
,,,syn-0011__class_rename__01-e02,,,,,Папка-регистратор 75 мм синяя,379,https://synthetic-shop.local/product/lever-arch-11-02,,
,,,syn-0011__class_rename__01-e03,,,,,Маркер перманентный чёрный 2 мм,89,https://synthetic-shop.local/product/permanent-marker-11-03,,
,,,syn-0011__class_rename__01-e04,,,,,Ручка гелевая синяя 0.5 мм,89,https://synthetic-shop.local/product/gel-pen-11-04,,
,,,syn-0011__class_rename__01-e05,,,,,Скобы для степлера №24/6 1000 шт,139,https://synthetic-shop.local/product/staples-11-05,,
,,,syn-0011__class_rename__02-e01,,,,,Бумага офисная A4 80 г/м² 500 листов,599,https://synthetic-shop.local/product/a4-paper-11-01,,
,,,syn-0011__class_rename__02-e02,,,,,Папка-регистратор 75 мм синяя,379,https://synthetic-shop.local/product/lever-arch-11-02,,
,,,syn-0011__class_rename__02-e03,,,,,Маркер перманентный чёрный 2 мм,89,https://synthetic-shop.local/product/permanent-marker-11-03,,
,,,syn-0011__class_rename__02-e04,,,,,Ручка гелевая синяя 0.5 мм,89,https://synthetic-shop.local/product/gel-pen-11-04,,
,,,syn-0011__class_rename__02-e05,,,,,Скобы для степлера №24/6 1000 шт,139,https://synthetic-shop.local/product/staples-11-05,,
,,,syn-0011__class_rename__03-e01,,,,,Бумага офисная A4 80 г/м² 500 листов,599,https://synthetic-shop.local/product/a4-paper-11-01,,
,,,syn-0011__class_rename__03-e02,,,,,Папка-регистратор 75 мм синяя,379,https://synthetic-shop.local/product/lever-arch-11-02,,
,,,syn-0011__class_rename__03-e03,,,,,Маркер перманентный чёрный 2 мм,89,https://synthetic-shop.local/product/permanent-marker-11-03,,
,,,syn-0011__class_rename__03-e04,,,,,Ручка гелевая синяя 0.5 мм,89,https://synthetic-shop.local/product/gel-pen-11-04,,
,,,syn-0011__class_rename__03-e05,,,,,Скобы для степлера №24/6 1000 шт,139,https://synthetic-shop.local/product/staples-11-05,,
,,,syn-0011__wrapper_insert__01-e01,,,,,Бумага офисная A4 80 г/м² 500 листов,599,https://synthetic-shop.local/product/a4-paper-11-01,,
,,,syn-0011__wrapper_insert__01-e02,,,,,Папка-регистратор 75 мм синяя,379,https://synthetic-shop.local/product/lever-arch-11-02,,
,,,syn-0011__wrapper_insert__01-e03,,,,,Маркер перманентный чёрный 2 мм,89,https://synthetic-shop.local/product/permanent-marker-11-03,,
,,,syn-0011__wrapper_insert__01-e04,,,,,Ручка гелевая синяя 0.5 мм,89,https://synthetic-shop.local/product/gel-pen-11-04,,
,,,syn-0011__wrapper_insert__01-e05,,,,,Скобы для степлера №24/6 1000 шт,139,https://synthetic-shop.local/product/staples-11-05,,
,,,syn-0011__wrapper_insert__02-e01,,,,,Бумага офисная A4 80 г/м² 500 листов,599,https://synthetic-shop.local/product/a4-paper-11-01,,
,,,syn-0011__wrapper_insert__02-e02,,,,,Папка-регистратор 75 мм синяя,379,https://synthetic-shop.local/product/lever-arch-11-02,,
,,,syn-0011__wrapper_insert__02-e03,,,,,Маркер перманентный чёрный 2 мм,89,https://synthetic-shop.local/product/permanent-marker-11-03,,
,,,syn-0011__wrapper_insert__02-e04,,,,,Ручка гелевая синяя 0.5 мм,89,https://synthetic-shop.local/product/gel-pen-11-04,,
,,,syn-0011__wrapper_insert__02-e05,,,,,Скобы для степлера №24/6 1000 шт,139,https://synthetic-shop.local/product/staples-11-05,,
,,,syn-0011__wrapper_insert__03-e01,,,,,Бумага офисная A4 80 г/м² 500 листов,599,https://synthetic-shop.local/product/a4-paper-11-01,,
,,,syn-0011__wrapper_insert__03-e02,,,,,Папка-регистратор 75 мм синяя,379,https://synthetic-shop.local/product/lever-arch-11-02,,
,,,syn-0011__wrapper_insert__03-e03,,,,,Маркер перманентный чёрный 2 мм,89,https://synthetic-shop.local/product/permanent-marker-11-03,,
,,,syn-0011__wrapper_insert__03-e04,,,,,Ручка гелевая синяя 0.5 мм,89,https://synthetic-shop.local/product/gel-pen-11-04,,
,,,syn-0011__wrapper_insert__03-e05,,,,,Скобы для степлера №24/6 1000 шт,139,https://synthetic-shop.local/product/staples-11-05,,
,,,syn-0011__field_reorder__01-e01,,,,,Бумага офисная A4 80 г/м² 500 листов,599,https://synthetic-shop.local/product/a4-paper-11-01,,
,,,syn-0011__field_reorder__01-e02,,,,,Папка-регистратор 75 мм синяя,379,https://synthetic-shop.local/product/lever-arch-11-02,,
,,,syn-0011__field_reorder__01-e03,,,,,Маркер перманентный чёрный 2 мм,89,https://synthetic-shop.local/product/permanent-marker-11-03,,
,,,syn-0011__field_reorder__01-e04,,,,,Ручка гелевая синяя 0.5 мм,89,https://synthetic-shop.local/product/gel-pen-11-04,,
,,,syn-0011__field_reorder__01-e05,,,,,Скобы для степлера №24/6 1000 шт,139,https://synthetic-shop.local/product/staples-11-05,,
,,,syn-0011__field_reorder__02-e01,,,,,Бумага офисная A4 80 г/м² 500 листов,599,https://synthetic-shop.local/product/a4-paper-11-01,,
,,,syn-0011__field_reorder__02-e02,,,,,Папка-регистратор 75 мм синяя,379,https://synthetic-shop.local/product/lever-arch-11-02,,
,,,syn-0011__field_reorder__02-e03,,,,,Маркер перманентный чёрный 2 мм,89,https://synthetic-shop.local/product/permanent-marker-11-03,,
,,,syn-0011__field_reorder__02-e04,,,,,Ручка гелевая синяя 0.5 мм,89,https://synthetic-shop.local/product/gel-pen-11-04,,
,,,syn-0011__field_reorder__02-e05,,,,,Скобы для степлера №24/6 1000 шт,139,https://synthetic-shop.local/product/staples-11-05,,
,,,syn-0011__subtree_relocate__01-e01,,,,,Бумага офисная A4 80 г/м² 500 листов,599,https://synthetic-shop.local/product/a4-paper-11-01,,
,,,syn-0011__subtree_relocate__01-e02,,,,,Папка-регистратор 75 мм синяя,379,https://synthetic-shop.local/product/lever-arch-11-02,,
,,,syn-0011__subtree_relocate__01-e03,,,,,Маркер перманентный чёрный 2 мм,89,https://synthetic-shop.local/product/permanent-marker-11-03,,
,,,syn-0011__subtree_relocate__01-e04,,,,,Ручка гелевая синяя 0.5 мм,89,https://synthetic-shop.local/product/gel-pen-11-04,,
,,,syn-0011__subtree_relocate__01-e05,,,,,Скобы для степлера №24/6 1000 шт,139,https://synthetic-shop.local/product/staples-11-05,,
,,,syn-0011__subtree_relocate__02-e01,,,,,Бумага офисная A4 80 г/м² 500 листов,599,https://synthetic-shop.local/product/a4-paper-11-01,,
,,,syn-0011__subtree_relocate__02-e02,,,,,Папка-регистратор 75 мм синяя,379,https://synthetic-shop.local/product/lever-arch-11-02,,
,,,syn-0011__subtree_relocate__02-e03,,,,,Маркер перманентный чёрный 2 мм,89,https://synthetic-shop.local/product/permanent-marker-11-03,,
,,,syn-0011__subtree_relocate__02-e04,,,,,Ручка гелевая синяя 0.5 мм,89,https://synthetic-shop.local/product/gel-pen-11-04,,
,,,syn-0011__subtree_relocate__02-e05,,,,,Скобы для степлера №24/6 1000 шт,139,https://synthetic-shop.local/product/staples-11-05,,
,,,syn-0012__class_rename__01-e01,,,,,Ручка гелевая синяя 0.5 мм,109,https://synthetic-shop.local/product/gel-pen-12-01,,
,,,syn-0012__class_rename__01-e02,,,,,Скобы для степлера №24/6 1000 шт,119,https://synthetic-shop.local/product/staples-12-02,,
,,,syn-0012__class_rename__01-e03,,,,,Блокнот A5 96 листов клетка,299,https://synthetic-shop.local/product/notebook-a5-12-03,,
,,,syn-0012__class_rename__01-e04,,,,,Этикетки самоклеящиеся 70×37 мм,669,https://synthetic-shop.local/product/labels-12-04,,
,,,syn-0012__class_rename__01-e05,,,,,Клей-карандаш 21 г,169,https://synthetic-shop.local/product/glue-stick-12-05,,
,,,syn-0012__class_rename__02-e01,,,,,Ручка гелевая синяя 0.5 мм,109,https://synthetic-shop.local/product/gel-pen-12-01,,
,,,syn-0012__class_rename__02-e02,,,,,Скобы для степлера №24/6 1000 шт,119,https://synthetic-shop.local/product/staples-12-02,,
,,,syn-0012__class_rename__02-e03,,,,,Блокнот A5 96 листов клетка,299,https://synthetic-shop.local/product/notebook-a5-12-03,,
,,,syn-0012__class_rename__02-e04,,,,,Этикетки самоклеящиеся 70×37 мм,669,https://synthetic-shop.local/product/labels-12-04,,
,,,syn-0012__class_rename__02-e05,,,,,Клей-карандаш 21 г,169,https://synthetic-shop.local/product/glue-stick-12-05,,
,,,syn-0012__class_rename__03-e01,,,,,Ручка гелевая синяя 0.5 мм,109,https://synthetic-shop.local/product/gel-pen-12-01,,
,,,syn-0012__class_rename__03-e02,,,,,Скобы для степлера №24/6 1000 шт,119,https://synthetic-shop.local/product/staples-12-02,,
,,,syn-0012__class_rename__03-e03,,,,,Блокнот A5 96 листов клетка,299,https://synthetic-shop.local/product/notebook-a5-12-03,,
,,,syn-0012__class_rename__03-e04,,,,,Этикетки самоклеящиеся 70×37 мм,669,https://synthetic-shop.local/product/labels-12-04,,
,,,syn-0012__class_rename__03-e05,,,,,Клей-карандаш 21 г,169,https://synthetic-shop.local/product/glue-stick-12-05,,
,,,syn-0012__wrapper_insert__01-e01,,,,,Ручка гелевая синяя 0.5 мм,109,https://synthetic-shop.local/product/gel-pen-12-01,,
,,,syn-0012__wrapper_insert__01-e02,,,,,Скобы для степлера №24/6 1000 шт,119,https://synthetic-shop.local/product/staples-12-02,,
,,,syn-0012__wrapper_insert__01-e03,,,,,Блокнот A5 96 листов клетка,299,https://synthetic-shop.local/product/notebook-a5-12-03,,
,,,syn-0012__wrapper_insert__01-e04,,,,,Этикетки самоклеящиеся 70×37 мм,669,https://synthetic-shop.local/product/labels-12-04,,
,,,syn-0012__wrapper_insert__01-e05,,,,,Клей-карандаш 21 г,169,https://synthetic-shop.local/product/glue-stick-12-05,,
,,,syn-0012__wrapper_insert__02-e01,,,,,Ручка гелевая синяя 0.5 мм,109,https://synthetic-shop.local/product/gel-pen-12-01,,
,,,syn-0012__wrapper_insert__02-e02,,,,,Скобы для степлера №24/6 1000 шт,119,https://synthetic-shop.local/product/staples-12-02,,
,,,syn-0012__wrapper_insert__02-e03,,,,,Блокнот A5 96 листов клетка,299,https://synthetic-shop.local/product/notebook-a5-12-03,,
,,,syn-0012__wrapper_insert__02-e04,,,,,Этикетки самоклеящиеся 70×37 мм,669,https://synthetic-shop.local/product/labels-12-04,,
,,,syn-0012__wrapper_insert__02-e05,,,,,Клей-карандаш 21 г,169,https://synthetic-shop.local/product/glue-stick-12-05,,
,,,syn-0012__wrapper_insert__03-e01,,,,,Ручка гелевая синяя 0.5 мм,109,https://synthetic-shop.local/product/gel-pen-12-01,,
,,,syn-0012__wrapper_insert__03-e02,,,,,Скобы для степлера №24/6 1000 шт,119,https://synthetic-shop.local/product/staples-12-02,,
,,,syn-0012__wrapper_insert__03-e03,,,,,Блокнот A5 96 листов клетка,299,https://synthetic-shop.local/product/notebook-a5-12-03,,
,,,syn-0012__wrapper_insert__03-e04,,,,,Этикетки самоклеящиеся 70×37 мм,669,https://synthetic-shop.local/product/labels-12-04,,
,,,syn-0012__wrapper_insert__03-e05,,,,,Клей-карандаш 21 г,169,https://synthetic-shop.local/product/glue-stick-12-05,,
,,,syn-0012__field_reorder__01-e01,,,,,Ручка гелевая синяя 0.5 мм,109,https://synthetic-shop.local/product/gel-pen-12-01,,
,,,syn-0012__field_reorder__01-e02,,,,,Скобы для степлера №24/6 1000 шт,119,https://synthetic-shop.local/product/staples-12-02,,
,,,syn-0012__field_reorder__01-e03,,,,,Блокнот A5 96 листов клетка,299,https://synthetic-shop.local/product/notebook-a5-12-03,,
,,,syn-0012__field_reorder__01-e04,,,,,Этикетки самоклеящиеся 70×37 мм,669,https://synthetic-shop.local/product/labels-12-04,,
,,,syn-0012__field_reorder__01-e05,,,,,Клей-карандаш 21 г,169,https://synthetic-shop.local/product/glue-stick-12-05,,
,,,syn-0012__field_reorder__02-e01,,,,,Ручка гелевая синяя 0.5 мм,109,https://synthetic-shop.local/product/gel-pen-12-01,,
,,,syn-0012__field_reorder__02-e02,,,,,Скобы для степлера №24/6 1000 шт,119,https://synthetic-shop.local/product/staples-12-02,,
,,,syn-0012__field_reorder__02-e03,,,,,Блокнот A5 96 листов клетка,299,https://synthetic-shop.local/product/notebook-a5-12-03,,
,,,syn-0012__field_reorder__02-e04,,,,,Этикетки самоклеящиеся 70×37 мм,669,https://synthetic-shop.local/product/labels-12-04,,
,,,syn-0012__field_reorder__02-e05,,,,,Клей-карандаш 21 г,169,https://synthetic-shop.local/product/glue-stick-12-05,,
,,,syn-0012__subtree_relocate__01-e01,,,,,Ручка гелевая синяя 0.5 мм,109,https://synthetic-shop.local/product/gel-pen-12-01,,
,,,syn-0012__subtree_relocate__01-e02,,,,,Скобы для степлера №24/6 1000 шт,119,https://synthetic-shop.local/product/staples-12-02,,
,,,syn-0012__subtree_relocate__01-e03,,,,,Блокнот A5 96 листов клетка,299,https://synthetic-shop.local/product/notebook-a5-12-03,,
,,,syn-0012__subtree_relocate__01-e04,,,,,Этикетки самоклеящиеся 70×37 мм,669,https://synthetic-shop.local/product/labels-12-04,,
,,,syn-0012__subtree_relocate__01-e05,,,,,Клей-карандаш 21 г,169,https://synthetic-shop.local/product/glue-stick-12-05,,
,,,syn-0012__subtree_relocate__02-e01,,,,,Ручка гелевая синяя 0.5 мм,109,https://synthetic-shop.local/product/gel-pen-12-01,,
,,,syn-0012__subtree_relocate__02-e02,,,,,Скобы для степлера №24/6 1000 шт,119,https://synthetic-shop.local/product/staples-12-02,,
,,,syn-0012__subtree_relocate__02-e03,,,,,Блокнот A5 96 листов клетка,299,https://synthetic-shop.local/product/notebook-a5-12-03,,
,,,syn-0012__subtree_relocate__02-e04,,,,,Этикетки самоклеящиеся 70×37 мм,669,https://synthetic-shop.local/product/labels-12-04,,
,,,syn-0012__subtree_relocate__02-e05,,,,,Клей-карандаш 21 г,169,https://synthetic-shop.local/product/glue-stick-12-05,,
,,,syn-0013__class_rename__01-e01,,,,,Этикетки самоклеящиеся 70×37 мм,649,https://synthetic-shop.local/product/labels-13-01,,
,,,syn-0013__class_rename__01-e02,,,,,Клей-карандаш 21 г,149,https://synthetic-shop.local/product/glue-stick-13-02,,
,,,syn-0013__class_rename__01-e03,,,,,Файл-вкладыш A4 100 шт,519,https://synthetic-shop.local/product/sheet-protectors-13-03,,
,,,syn-0013__class_rename__01-e04,,,,,Корректирующая лента 5 мм × 8 м,209,https://synthetic-shop.local/product/correction-tape-13-04,,
,,,syn-0013__class_rename__01-e05,,,,,Бумага офисная A4 80 г/м² 500 листов,579,https://synthetic-shop.local/product/a4-paper-13-05,,
,,,syn-0013__class_rename__02-e01,,,,,Этикетки самоклеящиеся 70×37 мм,649,https://synthetic-shop.local/product/labels-13-01,,
,,,syn-0013__class_rename__02-e02,,,,,Клей-карандаш 21 г,149,https://synthetic-shop.local/product/glue-stick-13-02,,
,,,syn-0013__class_rename__02-e03,,,,,Файл-вкладыш A4 100 шт,519,https://synthetic-shop.local/product/sheet-protectors-13-03,,
,,,syn-0013__class_rename__02-e04,,,,,Корректирующая лента 5 мм × 8 м,209,https://synthetic-shop.local/product/correction-tape-13-04,,
,,,syn-0013__class_rename__02-e05,,,,,Бумага офисная A4 80 г/м² 500 листов,579,https://synthetic-shop.local/product/a4-paper-13-05,,
,,,syn-0013__class_rename__03-e01,,,,,Этикетки самоклеящиеся 70×37 мм,649,https://synthetic-shop.local/product/labels-13-01,,
,,,syn-0013__class_rename__03-e02,,,,,Клей-карандаш 21 г,149,https://synthetic-shop.local/product/glue-stick-13-02,,
,,,syn-0013__class_rename__03-e03,,,,,Файл-вкладыш A4 100 шт,519,https://synthetic-shop.local/product/sheet-protectors-13-03,,
,,,syn-0013__class_rename__03-e04,,,,,Корректирующая лента 5 мм × 8 м,209,https://synthetic-shop.local/product/correction-tape-13-04,,
,,,syn-0013__class_rename__03-e05,,,,,Бумага офисная A4 80 г/м² 500 листов,579,https://synthetic-shop.local/product/a4-paper-13-05,,
,,,syn-0013__wrapper_insert__01-e01,,,,,Этикетки самоклеящиеся 70×37 мм,649,https://synthetic-shop.local/product/labels-13-01,,
,,,syn-0013__wrapper_insert__01-e02,,,,,Клей-карандаш 21 г,149,https://synthetic-shop.local/product/glue-stick-13-02,,
,,,syn-0013__wrapper_insert__01-e03,,,,,Файл-вкладыш A4 100 шт,519,https://synthetic-shop.local/product/sheet-protectors-13-03,,
,,,syn-0013__wrapper_insert__01-e04,,,,,Корректирующая лента 5 мм × 8 м,209,https://synthetic-shop.local/product/correction-tape-13-04,,
,,,syn-0013__wrapper_insert__01-e05,,,,,Бумага офисная A4 80 г/м² 500 листов,579,https://synthetic-shop.local/product/a4-paper-13-05,,
,,,syn-0013__wrapper_insert__02-e01,,,,,Этикетки самоклеящиеся 70×37 мм,649,https://synthetic-shop.local/product/labels-13-01,,
,,,syn-0013__wrapper_insert__02-e02,,,,,Клей-карандаш 21 г,149,https://synthetic-shop.local/product/glue-stick-13-02,,
,,,syn-0013__wrapper_insert__02-e03,,,,,Файл-вкладыш A4 100 шт,519,https://synthetic-shop.local/product/sheet-protectors-13-03,,
,,,syn-0013__wrapper_insert__02-e04,,,,,Корректирующая лента 5 мм × 8 м,209,https://synthetic-shop.local/product/correction-tape-13-04,,
,,,syn-0013__wrapper_insert__02-e05,,,,,Бумага офисная A4 80 г/м² 500 листов,579,https://synthetic-shop.local/product/a4-paper-13-05,,
,,,syn-0013__wrapper_insert__03-e01,,,,,Этикетки самоклеящиеся 70×37 мм,649,https://synthetic-shop.local/product/labels-13-01,,
,,,syn-0013__wrapper_insert__03-e02,,,,,Клей-карандаш 21 г,149,https://synthetic-shop.local/product/glue-stick-13-02,,
,,,syn-0013__wrapper_insert__03-e03,,,,,Файл-вкладыш A4 100 шт,519,https://synthetic-shop.local/product/sheet-protectors-13-03,,
,,,syn-0013__wrapper_insert__03-e04,,,,,Корректирующая лента 5 мм × 8 м,209,https://synthetic-shop.local/product/correction-tape-13-04,,
,,,syn-0013__wrapper_insert__03-e05,,,,,Бумага офисная A4 80 г/м² 500 листов,579,https://synthetic-shop.local/product/a4-paper-13-05,,
,,,syn-0013__field_reorder__01-e01,,,,,Этикетки самоклеящиеся 70×37 мм,649,https://synthetic-shop.local/product/labels-13-01,,
,,,syn-0013__field_reorder__01-e02,,,,,Клей-карандаш 21 г,149,https://synthetic-shop.local/product/glue-stick-13-02,,
,,,syn-0013__field_reorder__01-e03,,,,,Файл-вкладыш A4 100 шт,519,https://synthetic-shop.local/product/sheet-protectors-13-03,,
,,,syn-0013__field_reorder__01-e04,,,,,Корректирующая лента 5 мм × 8 м,209,https://synthetic-shop.local/product/correction-tape-13-04,,
,,,syn-0013__field_reorder__01-e05,,,,,Бумага офисная A4 80 г/м² 500 листов,579,https://synthetic-shop.local/product/a4-paper-13-05,,
,,,syn-0013__field_reorder__02-e01,,,,,Этикетки самоклеящиеся 70×37 мм,649,https://synthetic-shop.local/product/labels-13-01,,
,,,syn-0013__field_reorder__02-e02,,,,,Клей-карандаш 21 г,149,https://synthetic-shop.local/product/glue-stick-13-02,,
,,,syn-0013__field_reorder__02-e03,,,,,Файл-вкладыш A4 100 шт,519,https://synthetic-shop.local/product/sheet-protectors-13-03,,
,,,syn-0013__field_reorder__02-e04,,,,,Корректирующая лента 5 мм × 8 м,209,https://synthetic-shop.local/product/correction-tape-13-04,,
,,,syn-0013__field_reorder__02-e05,,,,,Бумага офисная A4 80 г/м² 500 листов,579,https://synthetic-shop.local/product/a4-paper-13-05,,
,,,syn-0013__subtree_relocate__01-e01,,,,,Этикетки самоклеящиеся 70×37 мм,649,https://synthetic-shop.local/product/labels-13-01,,
,,,syn-0013__subtree_relocate__01-e02,,,,,Клей-карандаш 21 г,149,https://synthetic-shop.local/product/glue-stick-13-02,,
,,,syn-0013__subtree_relocate__01-e03,,,,,Файл-вкладыш A4 100 шт,519,https://synthetic-shop.local/product/sheet-protectors-13-03,,
,,,syn-0013__subtree_relocate__01-e04,,,,,Корректирующая лента 5 мм × 8 м,209,https://synthetic-shop.local/product/correction-tape-13-04,,
,,,syn-0013__subtree_relocate__01-e05,,,,,Бумага офисная A4 80 г/м² 500 листов,579,https://synthetic-shop.local/product/a4-paper-13-05,,
,,,syn-0013__subtree_relocate__02-e01,,,,,Этикетки самоклеящиеся 70×37 мм,649,https://synthetic-shop.local/product/labels-13-01,,
,,,syn-0013__subtree_relocate__02-e02,,,,,Клей-карандаш 21 г,149,https://synthetic-shop.local/product/glue-stick-13-02,,
,,,syn-0013__subtree_relocate__02-e03,,,,,Файл-вкладыш A4 100 шт,519,https://synthetic-shop.local/product/sheet-protectors-13-03,,
,,,syn-0013__subtree_relocate__02-e04,,,,,Корректирующая лента 5 мм × 8 м,209,https://synthetic-shop.local/product/correction-tape-13-04,,
,,,syn-0013__subtree_relocate__02-e05,,,,,Бумага офисная A4 80 г/м² 500 листов,579,https://synthetic-shop.local/product/a4-paper-13-05,,
,,,syn-0014__class_rename__01-e01,,,,,Корректирующая лента 5 мм × 8 м,189,https://synthetic-shop.local/product/correction-tape-14-01,,
,,,syn-0014__class_rename__01-e02,,,,,Бумага офисная A4 80 г/м² 500 листов,599,https://synthetic-shop.local/product/a4-paper-14-02,,
,,,syn-0014__class_rename__01-e03,,,,,Папка-регистратор 75 мм синяя,379,https://synthetic-shop.local/product/lever-arch-14-03,,
,,,syn-0014__class_rename__01-e04,,,,,Маркер перманентный чёрный 2 мм,89,https://synthetic-shop.local/product/permanent-marker-14-04,,
,,,syn-0014__class_rename__01-e05,,,,,Ручка гелевая синяя 0.5 мм,89,https://synthetic-shop.local/product/gel-pen-14-05,,
,,,syn-0014__class_rename__02-e01,,,,,Корректирующая лента 5 мм × 8 м,189,https://synthetic-shop.local/product/correction-tape-14-01,,
,,,syn-0014__class_rename__02-e02,,,,,Бумага офисная A4 80 г/м² 500 листов,599,https://synthetic-shop.local/product/a4-paper-14-02,,
,,,syn-0014__class_rename__02-e03,,,,,Папка-регистратор 75 мм синяя,379,https://synthetic-shop.local/product/lever-arch-14-03,,
,,,syn-0014__class_rename__02-e04,,,,,Маркер перманентный чёрный 2 мм,89,https://synthetic-shop.local/product/permanent-marker-14-04,,
,,,syn-0014__class_rename__02-e05,,,,,Ручка гелевая синяя 0.5 мм,89,https://synthetic-shop.local/product/gel-pen-14-05,,
,,,syn-0014__class_rename__03-e01,,,,,Корректирующая лента 5 мм × 8 м,189,https://synthetic-shop.local/product/correction-tape-14-01,,
,,,syn-0014__class_rename__03-e02,,,,,Бумага офисная A4 80 г/м² 500 листов,599,https://synthetic-shop.local/product/a4-paper-14-02,,
,,,syn-0014__class_rename__03-e03,,,,,Папка-регистратор 75 мм синяя,379,https://synthetic-shop.local/product/lever-arch-14-03,,
,,,syn-0014__class_rename__03-e04,,,,,Маркер перманентный чёрный 2 мм,89,https://synthetic-shop.local/product/permanent-marker-14-04,,
,,,syn-0014__class_rename__03-e05,,,,,Ручка гелевая синяя 0.5 мм,89,https://synthetic-shop.local/product/gel-pen-14-05,,
,,,syn-0014__wrapper_insert__01-e01,,,,,Корректирующая лента 5 мм × 8 м,189,https://synthetic-shop.local/product/correction-tape-14-01,,
,,,syn-0014__wrapper_insert__01-e02,,,,,Бумага офисная A4 80 г/м² 500 листов,599,https://synthetic-shop.local/product/a4-paper-14-02,,
,,,syn-0014__wrapper_insert__01-e03,,,,,Папка-регистратор 75 мм синяя,379,https://synthetic-shop.local/product/lever-arch-14-03,,
,,,syn-0014__wrapper_insert__01-e04,,,,,Маркер перманентный чёрный 2 мм,89,https://synthetic-shop.local/product/permanent-marker-14-04,,
,,,syn-0014__wrapper_insert__01-e05,,,,,Ручка гелевая синяя 0.5 мм,89,https://synthetic-shop.local/product/gel-pen-14-05,,
,,,syn-0014__wrapper_insert__02-e01,,,,,Корректирующая лента 5 мм × 8 м,189,https://synthetic-shop.local/product/correction-tape-14-01,,
,,,syn-0014__wrapper_insert__02-e02,,,,,Бумага офисная A4 80 г/м² 500 листов,599,https://synthetic-shop.local/product/a4-paper-14-02,,
,,,syn-0014__wrapper_insert__02-e03,,,,,Папка-регистратор 75 мм синяя,379,https://synthetic-shop.local/product/lever-arch-14-03,,
,,,syn-0014__wrapper_insert__02-e04,,,,,Маркер перманентный чёрный 2 мм,89,https://synthetic-shop.local/product/permanent-marker-14-04,,
,,,syn-0014__wrapper_insert__02-e05,,,,,Ручка гелевая синяя 0.5 мм,89,https://synthetic-shop.local/product/gel-pen-14-05,,
,,,syn-0014__wrapper_insert__03-e01,,,,,Корректирующая лента 5 мм × 8 м,189,https://synthetic-shop.local/product/correction-tape-14-01,,
,,,syn-0014__wrapper_insert__03-e02,,,,,Бумага офисная A4 80 г/м² 500 листов,599,https://synthetic-shop.local/product/a4-paper-14-02,,
,,,syn-0014__wrapper_insert__03-e03,,,,,Папка-регистратор 75 мм синяя,379,https://synthetic-shop.local/product/lever-arch-14-03,,
,,,syn-0014__wrapper_insert__03-e04,,,,,Маркер перманентный чёрный 2 мм,89,https://synthetic-shop.local/product/permanent-marker-14-04,,
,,,syn-0014__wrapper_insert__03-e05,,,,,Ручка гелевая синяя 0.5 мм,89,https://synthetic-shop.local/product/gel-pen-14-05,,
,,,syn-0014__field_reorder__01-e01,,,,,Корректирующая лента 5 мм × 8 м,189,https://synthetic-shop.local/product/correction-tape-14-01,,
,,,syn-0014__field_reorder__01-e02,,,,,Бумага офисная A4 80 г/м² 500 листов,599,https://synthetic-shop.local/product/a4-paper-14-02,,
,,,syn-0014__field_reorder__01-e03,,,,,Папка-регистратор 75 мм синяя,379,https://synthetic-shop.local/product/lever-arch-14-03,,
,,,syn-0014__field_reorder__01-e04,,,,,Маркер перманентный чёрный 2 мм,89,https://synthetic-shop.local/product/permanent-marker-14-04,,
,,,syn-0014__field_reorder__01-e05,,,,,Ручка гелевая синяя 0.5 мм,89,https://synthetic-shop.local/product/gel-pen-14-05,,
,,,syn-0014__field_reorder__02-e01,,,,,Корректирующая лента 5 мм × 8 м,189,https://synthetic-shop.local/product/correction-tape-14-01,,
,,,syn-0014__field_reorder__02-e02,,,,,Бумага офисная A4 80 г/м² 500 листов,599,https://synthetic-shop.local/product/a4-paper-14-02,,
,,,syn-0014__field_reorder__02-e03,,,,,Папка-регистратор 75 мм синяя,379,https://synthetic-shop.local/product/lever-arch-14-03,,
,,,syn-0014__field_reorder__02-e04,,,,,Маркер перманентный чёрный 2 мм,89,https://synthetic-shop.local/product/permanent-marker-14-04,,
,,,syn-0014__field_reorder__02-e05,,,,,Ручка гелевая синяя 0.5 мм,89,https://synthetic-shop.local/product/gel-pen-14-05,,
,,,syn-0014__subtree_relocate__01-e01,,,,,Корректирующая лента 5 мм × 8 м,189,https://synthetic-shop.local/product/correction-tape-14-01,,
,,,syn-0014__subtree_relocate__01-e02,,,,,Бумага офисная A4 80 г/м² 500 листов,599,https://synthetic-shop.local/product/a4-paper-14-02,,
,,,syn-0014__subtree_relocate__01-e03,,,,,Папка-регистратор 75 мм синяя,379,https://synthetic-shop.local/product/lever-arch-14-03,,
,,,syn-0014__subtree_relocate__01-e04,,,,,Маркер перманентный чёрный 2 мм,89,https://synthetic-shop.local/product/permanent-marker-14-04,,
,,,syn-0014__subtree_relocate__01-e05,,,,,Ручка гелевая синяя 0.5 мм,89,https://synthetic-shop.local/product/gel-pen-14-05,,
,,,syn-0014__subtree_relocate__02-e01,,,,,Корректирующая лента 5 мм × 8 м,189,https://synthetic-shop.local/product/correction-tape-14-01,,
,,,syn-0014__subtree_relocate__02-e02,,,,,Бумага офисная A4 80 г/м² 500 листов,599,https://synthetic-shop.local/product/a4-paper-14-02,,
,,,syn-0014__subtree_relocate__02-e03,,,,,Папка-регистратор 75 мм синяя,379,https://synthetic-shop.local/product/lever-arch-14-03,,
,,,syn-0014__subtree_relocate__02-e04,,,,,Маркер перманентный чёрный 2 мм,89,https://synthetic-shop.local/product/permanent-marker-14-04,,
,,,syn-0014__subtree_relocate__02-e05,,,,,Ручка гелевая синяя 0.5 мм,89,https://synthetic-shop.local/product/gel-pen-14-05,,
,,,syn-0015__class_rename__01-e01,,,,,Монитор 27″ IPS QHD 165 Гц,29396,https://synthetic-shop.local/product/monitor-27-15-01,,
,,,syn-0015__class_rename__01-e02,,,,,Источник бесперебойного питания 1000 ВА,12242,https://synthetic-shop.local/product/ups-1000-15-02,,
,,,syn-0015__class_rename__01-e03,,,,,Клавиатура механическая USB,6490,https://synthetic-shop.local/product/mechanical-keyboard-15-03,,
,,,syn-0015__class_rename__01-e04,,,,,Внешний SSD 2 ТБ USB-C,17109,https://synthetic-shop.local/product/portable-ssd-15-04,,
,,,syn-0015__class_rename__01-e05,,,,,Веб-камера Full HD 1080p,4046,https://synthetic-shop.local/product/webcam-15-05,,
,,,syn-0015__class_rename__02-e01,,,,,Монитор 27″ IPS QHD 165 Гц,29396,https://synthetic-shop.local/product/monitor-27-15-01,,
,,,syn-0015__class_rename__02-e02,,,,,Источник бесперебойного питания 1000 ВА,12242,https://synthetic-shop.local/product/ups-1000-15-02,,
,,,syn-0015__class_rename__02-e03,,,,,Клавиатура механическая USB,6490,https://synthetic-shop.local/product/mechanical-keyboard-15-03,,
,,,syn-0015__class_rename__02-e04,,,,,Внешний SSD 2 ТБ USB-C,17109,https://synthetic-shop.local/product/portable-ssd-15-04,,
,,,syn-0015__class_rename__02-e05,,,,,Веб-камера Full HD 1080p,4046,https://synthetic-shop.local/product/webcam-15-05,,
,,,syn-0015__class_rename__03-e01,,,,,Монитор 27″ IPS QHD 165 Гц,29396,https://synthetic-shop.local/product/monitor-27-15-01,,
,,,syn-0015__class_rename__03-e02,,,,,Источник бесперебойного питания 1000 ВА,12242,https://synthetic-shop.local/product/ups-1000-15-02,,
,,,syn-0015__class_rename__03-e03,,,,,Клавиатура механическая USB,6490,https://synthetic-shop.local/product/mechanical-keyboard-15-03,,
,,,syn-0015__class_rename__03-e04,,,,,Внешний SSD 2 ТБ USB-C,17109,https://synthetic-shop.local/product/portable-ssd-15-04,,
,,,syn-0015__class_rename__03-e05,,,,,Веб-камера Full HD 1080p,4046,https://synthetic-shop.local/product/webcam-15-05,,
,,,syn-0015__wrapper_insert__01-e01,,,,,Монитор 27″ IPS QHD 165 Гц,29396,https://synthetic-shop.local/product/monitor-27-15-01,,
,,,syn-0015__wrapper_insert__01-e02,,,,,Источник бесперебойного питания 1000 ВА,12242,https://synthetic-shop.local/product/ups-1000-15-02,,
,,,syn-0015__wrapper_insert__01-e03,,,,,Клавиатура механическая USB,6490,https://synthetic-shop.local/product/mechanical-keyboard-15-03,,
,,,syn-0015__wrapper_insert__01-e04,,,,,Внешний SSD 2 ТБ USB-C,17109,https://synthetic-shop.local/product/portable-ssd-15-04,,
,,,syn-0015__wrapper_insert__01-e05,,,,,Веб-камера Full HD 1080p,4046,https://synthetic-shop.local/product/webcam-15-05,,
,,,syn-0015__wrapper_insert__02-e01,,,,,Монитор 27″ IPS QHD 165 Гц,29396,https://synthetic-shop.local/product/monitor-27-15-01,,
,,,syn-0015__wrapper_insert__02-e02,,,,,Источник бесперебойного питания 1000 ВА,12242,https://synthetic-shop.local/product/ups-1000-15-02,,
,,,syn-0015__wrapper_insert__02-e03,,,,,Клавиатура механическая USB,6490,https://synthetic-shop.local/product/mechanical-keyboard-15-03,,
,,,syn-0015__wrapper_insert__02-e04,,,,,Внешний SSD 2 ТБ USB-C,17109,https://synthetic-shop.local/product/portable-ssd-15-04,,
,,,syn-0015__wrapper_insert__02-e05,,,,,Веб-камера Full HD 1080p,4046,https://synthetic-shop.local/product/webcam-15-05,,
,,,syn-0015__wrapper_insert__03-e01,,,,,Монитор 27″ IPS QHD 165 Гц,29396,https://synthetic-shop.local/product/monitor-27-15-01,,
,,,syn-0015__wrapper_insert__03-e02,,,,,Источник бесперебойного питания 1000 ВА,12242,https://synthetic-shop.local/product/ups-1000-15-02,,
,,,syn-0015__wrapper_insert__03-e03,,,,,Клавиатура механическая USB,6490,https://synthetic-shop.local/product/mechanical-keyboard-15-03,,
,,,syn-0015__wrapper_insert__03-e04,,,,,Внешний SSD 2 ТБ USB-C,17109,https://synthetic-shop.local/product/portable-ssd-15-04,,
,,,syn-0015__wrapper_insert__03-e05,,,,,Веб-камера Full HD 1080p,4046,https://synthetic-shop.local/product/webcam-15-05,,
,,,syn-0015__field_reorder__01-e01,,,,,Монитор 27″ IPS QHD 165 Гц,29396,https://synthetic-shop.local/product/monitor-27-15-01,,
,,,syn-0015__field_reorder__01-e02,,,,,Источник бесперебойного питания 1000 ВА,12242,https://synthetic-shop.local/product/ups-1000-15-02,,
,,,syn-0015__field_reorder__01-e03,,,,,Клавиатура механическая USB,6490,https://synthetic-shop.local/product/mechanical-keyboard-15-03,,
,,,syn-0015__field_reorder__01-e04,,,,,Внешний SSD 2 ТБ USB-C,17109,https://synthetic-shop.local/product/portable-ssd-15-04,,
,,,syn-0015__field_reorder__01-e05,,,,,Веб-камера Full HD 1080p,4046,https://synthetic-shop.local/product/webcam-15-05,,
,,,syn-0015__field_reorder__02-e01,,,,,Монитор 27″ IPS QHD 165 Гц,29396,https://synthetic-shop.local/product/monitor-27-15-01,,
,,,syn-0015__field_reorder__02-e02,,,,,Источник бесперебойного питания 1000 ВА,12242,https://synthetic-shop.local/product/ups-1000-15-02,,
,,,syn-0015__field_reorder__02-e03,,,,,Клавиатура механическая USB,6490,https://synthetic-shop.local/product/mechanical-keyboard-15-03,,
,,,syn-0015__field_reorder__02-e04,,,,,Внешний SSD 2 ТБ USB-C,17109,https://synthetic-shop.local/product/portable-ssd-15-04,,
,,,syn-0015__field_reorder__02-e05,,,,,Веб-камера Full HD 1080p,4046,https://synthetic-shop.local/product/webcam-15-05,,
,,,syn-0015__subtree_relocate__01-e01,,,,,Монитор 27″ IPS QHD 165 Гц,29396,https://synthetic-shop.local/product/monitor-27-15-01,,
,,,syn-0015__subtree_relocate__01-e02,,,,,Источник бесперебойного питания 1000 ВА,12242,https://synthetic-shop.local/product/ups-1000-15-02,,
,,,syn-0015__subtree_relocate__01-e03,,,,,Клавиатура механическая USB,6490,https://synthetic-shop.local/product/mechanical-keyboard-15-03,,
,,,syn-0015__subtree_relocate__01-e04,,,,,Внешний SSD 2 ТБ USB-C,17109,https://synthetic-shop.local/product/portable-ssd-15-04,,
,,,syn-0015__subtree_relocate__01-e05,,,,,Веб-камера Full HD 1080p,4046,https://synthetic-shop.local/product/webcam-15-05,,
,,,syn-0015__subtree_relocate__02-e01,,,,,Монитор 27″ IPS QHD 165 Гц,29396,https://synthetic-shop.local/product/monitor-27-15-01,,
,,,syn-0015__subtree_relocate__02-e02,,,,,Источник бесперебойного питания 1000 ВА,12242,https://synthetic-shop.local/product/ups-1000-15-02,,
,,,syn-0015__subtree_relocate__02-e03,,,,,Клавиатура механическая USB,6490,https://synthetic-shop.local/product/mechanical-keyboard-15-03,,
,,,syn-0015__subtree_relocate__02-e04,,,,,Внешний SSD 2 ТБ USB-C,17109,https://synthetic-shop.local/product/portable-ssd-15-04,,
,,,syn-0015__subtree_relocate__02-e05,,,,,Веб-камера Full HD 1080p,4046,https://synthetic-shop.local/product/webcam-15-05,,
,,,syn-0016__class_rename__01-e01,,,,,Внешний SSD 2 ТБ USB-C,17347,https://synthetic-shop.local/product/portable-ssd-16-01,,
,,,syn-0016__class_rename__01-e02,,,,,Веб-камера Full HD 1080p,3990,https://synthetic-shop.local/product/webcam-16-02,,
,,,syn-0016__class_rename__01-e03,,,,,Коммутатор 8-портовый Gigabit,4622,https://synthetic-shop.local/product/switch-8p-16-03,,
,,,syn-0016__class_rename__01-e04,,,,,Мини-ПК 16 ГБ / 512 ГБ,36494,https://synthetic-shop.local/product/mini-pc-16-04,,
,,,syn-0016__class_rename__01-e05,,,,,Наушники USB с микрофоном,3053,https://synthetic-shop.local/product/usb-headset-16-05,,
,,,syn-0016__class_rename__02-e01,,,,,Внешний SSD 2 ТБ USB-C,17347,https://synthetic-shop.local/product/portable-ssd-16-01,,
,,,syn-0016__class_rename__02-e02,,,,,Веб-камера Full HD 1080p,3990,https://synthetic-shop.local/product/webcam-16-02,,
,,,syn-0016__class_rename__02-e03,,,,,Коммутатор 8-портовый Gigabit,4622,https://synthetic-shop.local/product/switch-8p-16-03,,
,,,syn-0016__class_rename__02-e04,,,,,Мини-ПК 16 ГБ / 512 ГБ,36494,https://synthetic-shop.local/product/mini-pc-16-04,,
,,,syn-0016__class_rename__02-e05,,,,,Наушники USB с микрофоном,3053,https://synthetic-shop.local/product/usb-headset-16-05,,
,,,syn-0016__class_rename__03-e01,,,,,Внешний SSD 2 ТБ USB-C,17347,https://synthetic-shop.local/product/portable-ssd-16-01,,
,,,syn-0016__class_rename__03-e02,,,,,Веб-камера Full HD 1080p,3990,https://synthetic-shop.local/product/webcam-16-02,,
,,,syn-0016__class_rename__03-e03,,,,,Коммутатор 8-портовый Gigabit,4622,https://synthetic-shop.local/product/switch-8p-16-03,,
,,,syn-0016__class_rename__03-e04,,,,,Мини-ПК 16 ГБ / 512 ГБ,36494,https://synthetic-shop.local/product/mini-pc-16-04,,
,,,syn-0016__class_rename__03-e05,,,,,Наушники USB с микрофоном,3053,https://synthetic-shop.local/product/usb-headset-16-05,,
,,,syn-0016__wrapper_insert__01-e01,,,,,Внешний SSD 2 ТБ USB-C,17347,https://synthetic-shop.local/product/portable-ssd-16-01,,
,,,syn-0016__wrapper_insert__01-e02,,,,,Веб-камера Full HD 1080p,3990,https://synthetic-shop.local/product/webcam-16-02,,
,,,syn-0016__wrapper_insert__01-e03,,,,,Коммутатор 8-портовый Gigabit,4622,https://synthetic-shop.local/product/switch-8p-16-03,,
,,,syn-0016__wrapper_insert__01-e04,,,,,Мини-ПК 16 ГБ / 512 ГБ,36494,https://synthetic-shop.local/product/mini-pc-16-04,,
,,,syn-0016__wrapper_insert__01-e05,,,,,Наушники USB с микрофоном,3053,https://synthetic-shop.local/product/usb-headset-16-05,,
,,,syn-0016__wrapper_insert__02-e01,,,,,Внешний SSD 2 ТБ USB-C,17347,https://synthetic-shop.local/product/portable-ssd-16-01,,
,,,syn-0016__wrapper_insert__02-e02,,,,,Веб-камера Full HD 1080p,3990,https://synthetic-shop.local/product/webcam-16-02,,
,,,syn-0016__wrapper_insert__02-e03,,,,,Коммутатор 8-портовый Gigabit,4622,https://synthetic-shop.local/product/switch-8p-16-03,,
,,,syn-0016__wrapper_insert__02-e04,,,,,Мини-ПК 16 ГБ / 512 ГБ,36494,https://synthetic-shop.local/product/mini-pc-16-04,,
,,,syn-0016__wrapper_insert__02-e05,,,,,Наушники USB с микрофоном,3053,https://synthetic-shop.local/product/usb-headset-16-05,,
,,,syn-0016__wrapper_insert__03-e01,,,,,Внешний SSD 2 ТБ USB-C,17347,https://synthetic-shop.local/product/portable-ssd-16-01,,
,,,syn-0016__wrapper_insert__03-e02,,,,,Веб-камера Full HD 1080p,3990,https://synthetic-shop.local/product/webcam-16-02,,
,,,syn-0016__wrapper_insert__03-e03,,,,,Коммутатор 8-портовый Gigabit,4622,https://synthetic-shop.local/product/switch-8p-16-03,,
,,,syn-0016__wrapper_insert__03-e04,,,,,Мини-ПК 16 ГБ / 512 ГБ,36494,https://synthetic-shop.local/product/mini-pc-16-04,,
,,,syn-0016__wrapper_insert__03-e05,,,,,Наушники USB с микрофоном,3053,https://synthetic-shop.local/product/usb-headset-16-05,,
,,,syn-0016__field_reorder__01-e01,,,,,Внешний SSD 2 ТБ USB-C,17347,https://synthetic-shop.local/product/portable-ssd-16-01,,
,,,syn-0016__field_reorder__01-e02,,,,,Веб-камера Full HD 1080p,3990,https://synthetic-shop.local/product/webcam-16-02,,
,,,syn-0016__field_reorder__01-e03,,,,,Коммутатор 8-портовый Gigabit,4622,https://synthetic-shop.local/product/switch-8p-16-03,,
,,,syn-0016__field_reorder__01-e04,,,,,Мини-ПК 16 ГБ / 512 ГБ,36494,https://synthetic-shop.local/product/mini-pc-16-04,,
,,,syn-0016__field_reorder__01-e05,,,,,Наушники USB с микрофоном,3053,https://synthetic-shop.local/product/usb-headset-16-05,,
,,,syn-0016__field_reorder__02-e01,,,,,Внешний SSD 2 ТБ USB-C,17347,https://synthetic-shop.local/product/portable-ssd-16-01,,
,,,syn-0016__field_reorder__02-e02,,,,,Веб-камера Full HD 1080p,3990,https://synthetic-shop.local/product/webcam-16-02,,
,,,syn-0016__field_reorder__02-e03,,,,,Коммутатор 8-портовый Gigabit,4622,https://synthetic-shop.local/product/switch-8p-16-03,,
,,,syn-0016__field_reorder__02-e04,,,,,Мини-ПК 16 ГБ / 512 ГБ,36494,https://synthetic-shop.local/product/mini-pc-16-04,,
,,,syn-0016__field_reorder__02-e05,,,,,Наушники USB с микрофоном,3053,https://synthetic-shop.local/product/usb-headset-16-05,,
,,,syn-0016__subtree_relocate__01-e01,,,,,Внешний SSD 2 ТБ USB-C,17347,https://synthetic-shop.local/product/portable-ssd-16-01,,
,,,syn-0016__subtree_relocate__01-e02,,,,,Веб-камера Full HD 1080p,3990,https://synthetic-shop.local/product/webcam-16-02,,
,,,syn-0016__subtree_relocate__01-e03,,,,,Коммутатор 8-портовый Gigabit,4622,https://synthetic-shop.local/product/switch-8p-16-03,,
,,,syn-0016__subtree_relocate__01-e04,,,,,Мини-ПК 16 ГБ / 512 ГБ,36494,https://synthetic-shop.local/product/mini-pc-16-04,,
,,,syn-0016__subtree_relocate__01-e05,,,,,Наушники USB с микрофоном,3053,https://synthetic-shop.local/product/usb-headset-16-05,,
,,,syn-0016__subtree_relocate__02-e01,,,,,Внешний SSD 2 ТБ USB-C,17347,https://synthetic-shop.local/product/portable-ssd-16-01,,
,,,syn-0016__subtree_relocate__02-e02,,,,,Веб-камера Full HD 1080p,3990,https://synthetic-shop.local/product/webcam-16-02,,
,,,syn-0016__subtree_relocate__02-e03,,,,,Коммутатор 8-портовый Gigabit,4622,https://synthetic-shop.local/product/switch-8p-16-03,,
,,,syn-0016__subtree_relocate__02-e04,,,,,Мини-ПК 16 ГБ / 512 ГБ,36494,https://synthetic-shop.local/product/mini-pc-16-04,,
,,,syn-0016__subtree_relocate__02-e05,,,,,Наушники USB с микрофоном,3053,https://synthetic-shop.local/product/usb-headset-16-05,,
,,,syn-0017__class_rename__01-e01,,,,,Мини-ПК 16 ГБ / 512 ГБ,35990,https://synthetic-shop.local/product/mini-pc-17-01,,
,,,syn-0017__class_rename__01-e02,,,,,Наушники USB с микрофоном,3011,https://synthetic-shop.local/product/usb-headset-17-02,,
,,,syn-0017__class_rename__01-e03,,,,,SSD накопитель 1 ТБ NVMe PCIe 4.0,8608,https://synthetic-shop.local/product/ssd-1tb-17-03,,
,,,syn-0017__class_rename__01-e04,,,,,Маршрутизатор Wi‑Fi 6 AX3000,7137,https://synthetic-shop.local/product/wifi-router-17-04,,
,,,syn-0017__class_rename__01-e05,,,,,Монитор 27″ IPS QHD 165 Гц,28990,https://synthetic-shop.local/product/monitor-27-17-05,,
,,,syn-0017__class_rename__02-e01,,,,,Мини-ПК 16 ГБ / 512 ГБ,35990,https://synthetic-shop.local/product/mini-pc-17-01,,
,,,syn-0017__class_rename__02-e02,,,,,Наушники USB с микрофоном,3011,https://synthetic-shop.local/product/usb-headset-17-02,,
,,,syn-0017__class_rename__02-e03,,,,,SSD накопитель 1 ТБ NVMe PCIe 4.0,8608,https://synthetic-shop.local/product/ssd-1tb-17-03,,
,,,syn-0017__class_rename__02-e04,,,,,Маршрутизатор Wi‑Fi 6 AX3000,7137,https://synthetic-shop.local/product/wifi-router-17-04,,
,,,syn-0017__class_rename__02-e05,,,,,Монитор 27″ IPS QHD 165 Гц,28990,https://synthetic-shop.local/product/monitor-27-17-05,,
,,,syn-0017__class_rename__03-e01,,,,,Мини-ПК 16 ГБ / 512 ГБ,35990,https://synthetic-shop.local/product/mini-pc-17-01,,
,,,syn-0017__class_rename__03-e02,,,,,Наушники USB с микрофоном,3011,https://synthetic-shop.local/product/usb-headset-17-02,,
,,,syn-0017__class_rename__03-e03,,,,,SSD накопитель 1 ТБ NVMe PCIe 4.0,8608,https://synthetic-shop.local/product/ssd-1tb-17-03,,
,,,syn-0017__class_rename__03-e04,,,,,Маршрутизатор Wi‑Fi 6 AX3000,7137,https://synthetic-shop.local/product/wifi-router-17-04,,
,,,syn-0017__class_rename__03-e05,,,,,Монитор 27″ IPS QHD 165 Гц,28990,https://synthetic-shop.local/product/monitor-27-17-05,,
,,,syn-0017__wrapper_insert__01-e01,,,,,Мини-ПК 16 ГБ / 512 ГБ,35990,https://synthetic-shop.local/product/mini-pc-17-01,,
,,,syn-0017__wrapper_insert__01-e02,,,,,Наушники USB с микрофоном,3011,https://synthetic-shop.local/product/usb-headset-17-02,,
,,,syn-0017__wrapper_insert__01-e03,,,,,SSD накопитель 1 ТБ NVMe PCIe 4.0,8608,https://synthetic-shop.local/product/ssd-1tb-17-03,,
,,,syn-0017__wrapper_insert__01-e04,,,,,Маршрутизатор Wi‑Fi 6 AX3000,7137,https://synthetic-shop.local/product/wifi-router-17-04,,
,,,syn-0017__wrapper_insert__01-e05,,,,,Монитор 27″ IPS QHD 165 Гц,28990,https://synthetic-shop.local/product/monitor-27-17-05,,
,,,syn-0017__wrapper_insert__02-e01,,,,,Мини-ПК 16 ГБ / 512 ГБ,35990,https://synthetic-shop.local/product/mini-pc-17-01,,
,,,syn-0017__wrapper_insert__02-e02,,,,,Наушники USB с микрофоном,3011,https://synthetic-shop.local/product/usb-headset-17-02,,
,,,syn-0017__wrapper_insert__02-e03,,,,,SSD накопитель 1 ТБ NVMe PCIe 4.0,8608,https://synthetic-shop.local/product/ssd-1tb-17-03,,
,,,syn-0017__wrapper_insert__02-e04,,,,,Маршрутизатор Wi‑Fi 6 AX3000,7137,https://synthetic-shop.local/product/wifi-router-17-04,,
,,,syn-0017__wrapper_insert__02-e05,,,,,Монитор 27″ IPS QHD 165 Гц,28990,https://synthetic-shop.local/product/monitor-27-17-05,,
,,,syn-0017__wrapper_insert__03-e01,,,,,Мини-ПК 16 ГБ / 512 ГБ,35990,https://synthetic-shop.local/product/mini-pc-17-01,,
,,,syn-0017__wrapper_insert__03-e02,,,,,Наушники USB с микрофоном,3011,https://synthetic-shop.local/product/usb-headset-17-02,,
,,,syn-0017__wrapper_insert__03-e03,,,,,SSD накопитель 1 ТБ NVMe PCIe 4.0,8608,https://synthetic-shop.local/product/ssd-1tb-17-03,,
,,,syn-0017__wrapper_insert__03-e04,,,,,Маршрутизатор Wi‑Fi 6 AX3000,7137,https://synthetic-shop.local/product/wifi-router-17-04,,
,,,syn-0017__wrapper_insert__03-e05,,,,,Монитор 27″ IPS QHD 165 Гц,28990,https://synthetic-shop.local/product/monitor-27-17-05,,
,,,syn-0017__field_reorder__01-e01,,,,,Мини-ПК 16 ГБ / 512 ГБ,35990,https://synthetic-shop.local/product/mini-pc-17-01,,
,,,syn-0017__field_reorder__01-e02,,,,,Наушники USB с микрофоном,3011,https://synthetic-shop.local/product/usb-headset-17-02,,
,,,syn-0017__field_reorder__01-e03,,,,,SSD накопитель 1 ТБ NVMe PCIe 4.0,8608,https://synthetic-shop.local/product/ssd-1tb-17-03,,
,,,syn-0017__field_reorder__01-e04,,,,,Маршрутизатор Wi‑Fi 6 AX3000,7137,https://synthetic-shop.local/product/wifi-router-17-04,,
,,,syn-0017__field_reorder__01-e05,,,,,Монитор 27″ IPS QHD 165 Гц,28990,https://synthetic-shop.local/product/monitor-27-17-05,,
,,,syn-0017__field_reorder__02-e01,,,,,Мини-ПК 16 ГБ / 512 ГБ,35990,https://synthetic-shop.local/product/mini-pc-17-01,,
,,,syn-0017__field_reorder__02-e02,,,,,Наушники USB с микрофоном,3011,https://synthetic-shop.local/product/usb-headset-17-02,,
,,,syn-0017__field_reorder__02-e03,,,,,SSD накопитель 1 ТБ NVMe PCIe 4.0,8608,https://synthetic-shop.local/product/ssd-1tb-17-03,,
,,,syn-0017__field_reorder__02-e04,,,,,Маршрутизатор Wi‑Fi 6 AX3000,7137,https://synthetic-shop.local/product/wifi-router-17-04,,
,,,syn-0017__field_reorder__02-e05,,,,,Монитор 27″ IPS QHD 165 Гц,28990,https://synthetic-shop.local/product/monitor-27-17-05,,
,,,syn-0017__subtree_relocate__01-e01,,,,,Мини-ПК 16 ГБ / 512 ГБ,35990,https://synthetic-shop.local/product/mini-pc-17-01,,
,,,syn-0017__subtree_relocate__01-e02,,,,,Наушники USB с микрофоном,3011,https://synthetic-shop.local/product/usb-headset-17-02,,
,,,syn-0017__subtree_relocate__01-e03,,,,,SSD накопитель 1 ТБ NVMe PCIe 4.0,8608,https://synthetic-shop.local/product/ssd-1tb-17-03,,
,,,syn-0017__subtree_relocate__01-e04,,,,,Маршрутизатор Wi‑Fi 6 AX3000,7137,https://synthetic-shop.local/product/wifi-router-17-04,,
,,,syn-0017__subtree_relocate__01-e05,,,,,Монитор 27″ IPS QHD 165 Гц,28990,https://synthetic-shop.local/product/monitor-27-17-05,,
,,,syn-0017__subtree_relocate__02-e01,,,,,Мини-ПК 16 ГБ / 512 ГБ,35990,https://synthetic-shop.local/product/mini-pc-17-01,,
,,,syn-0017__subtree_relocate__02-e02,,,,,Наушники USB с микрофоном,3011,https://synthetic-shop.local/product/usb-headset-17-02,,
,,,syn-0017__subtree_relocate__02-e03,,,,,SSD накопитель 1 ТБ NVMe PCIe 4.0,8608,https://synthetic-shop.local/product/ssd-1tb-17-03,,
,,,syn-0017__subtree_relocate__02-e04,,,,,Маршрутизатор Wi‑Fi 6 AX3000,7137,https://synthetic-shop.local/product/wifi-router-17-04,,
,,,syn-0017__subtree_relocate__02-e05,,,,,Монитор 27″ IPS QHD 165 Гц,28990,https://synthetic-shop.local/product/monitor-27-17-05,,
,,,syn-0018__class_rename__01-e01,,,,,Маршрутизатор Wi‑Fi 6 AX3000,7039,https://synthetic-shop.local/product/wifi-router-18-01,,
,,,syn-0018__class_rename__01-e02,,,,,Монитор 27″ IPS QHD 165 Гц,29396,https://synthetic-shop.local/product/monitor-27-18-02,,
,,,syn-0018__class_rename__01-e03,,,,,Источник бесперебойного питания 1000 ВА,12242,https://synthetic-shop.local/product/ups-1000-18-03,,
,,,syn-0018__class_rename__01-e04,,,,,Клавиатура механическая USB,6490,https://synthetic-shop.local/product/mechanical-keyboard-18-04,,
,,,syn-0018__class_rename__01-e05,,,,,Внешний SSD 2 ТБ USB-C,17109,https://synthetic-shop.local/product/portable-ssd-18-05,,
,,,syn-0018__class_rename__02-e01,,,,,Маршрутизатор Wi‑Fi 6 AX3000,7039,https://synthetic-shop.local/product/wifi-router-18-01,,
,,,syn-0018__class_rename__02-e02,,,,,Монитор 27″ IPS QHD 165 Гц,29396,https://synthetic-shop.local/product/monitor-27-18-02,,
,,,syn-0018__class_rename__02-e03,,,,,Источник бесперебойного питания 1000 ВА,12242,https://synthetic-shop.local/product/ups-1000-18-03,,
,,,syn-0018__class_rename__02-e04,,,,,Клавиатура механическая USB,6490,https://synthetic-shop.local/product/mechanical-keyboard-18-04,,
,,,syn-0018__class_rename__02-e05,,,,,Внешний SSD 2 ТБ USB-C,17109,https://synthetic-shop.local/product/portable-ssd-18-05,,
,,,syn-0018__class_rename__03-e01,,,,,Маршрутизатор Wi‑Fi 6 AX3000,7039,https://synthetic-shop.local/product/wifi-router-18-01,,
,,,syn-0018__class_rename__03-e02,,,,,Монитор 27″ IPS QHD 165 Гц,29396,https://synthetic-shop.local/product/monitor-27-18-02,,
,,,syn-0018__class_rename__03-e03,,,,,Источник бесперебойного питания 1000 ВА,12242,https://synthetic-shop.local/product/ups-1000-18-03,,
,,,syn-0018__class_rename__03-e04,,,,,Клавиатура механическая USB,6490,https://synthetic-shop.local/product/mechanical-keyboard-18-04,,
,,,syn-0018__class_rename__03-e05,,,,,Внешний SSD 2 ТБ USB-C,17109,https://synthetic-shop.local/product/portable-ssd-18-05,,
,,,syn-0018__wrapper_insert__01-e01,,,,,Маршрутизатор Wi‑Fi 6 AX3000,7039,https://synthetic-shop.local/product/wifi-router-18-01,,
,,,syn-0018__wrapper_insert__01-e02,,,,,Монитор 27″ IPS QHD 165 Гц,29396,https://synthetic-shop.local/product/monitor-27-18-02,,
,,,syn-0018__wrapper_insert__01-e03,,,,,Источник бесперебойного питания 1000 ВА,12242,https://synthetic-shop.local/product/ups-1000-18-03,,
,,,syn-0018__wrapper_insert__01-e04,,,,,Клавиатура механическая USB,6490,https://synthetic-shop.local/product/mechanical-keyboard-18-04,,
,,,syn-0018__wrapper_insert__01-e05,,,,,Внешний SSD 2 ТБ USB-C,17109,https://synthetic-shop.local/product/portable-ssd-18-05,,
,,,syn-0018__wrapper_insert__02-e01,,,,,Маршрутизатор Wi‑Fi 6 AX3000,7039,https://synthetic-shop.local/product/wifi-router-18-01,,
,,,syn-0018__wrapper_insert__02-e02,,,,,Монитор 27″ IPS QHD 165 Гц,29396,https://synthetic-shop.local/product/monitor-27-18-02,,
,,,syn-0018__wrapper_insert__02-e03,,,,,Источник бесперебойного питания 1000 ВА,12242,https://synthetic-shop.local/product/ups-1000-18-03,,
,,,syn-0018__wrapper_insert__02-e04,,,,,Клавиатура механическая USB,6490,https://synthetic-shop.local/product/mechanical-keyboard-18-04,,
,,,syn-0018__wrapper_insert__02-e05,,,,,Внешний SSD 2 ТБ USB-C,17109,https://synthetic-shop.local/product/portable-ssd-18-05,,
,,,syn-0018__wrapper_insert__03-e01,,,,,Маршрутизатор Wi‑Fi 6 AX3000,7039,https://synthetic-shop.local/product/wifi-router-18-01,,
,,,syn-0018__wrapper_insert__03-e02,,,,,Монитор 27″ IPS QHD 165 Гц,29396,https://synthetic-shop.local/product/monitor-27-18-02,,
,,,syn-0018__wrapper_insert__03-e03,,,,,Источник бесперебойного питания 1000 ВА,12242,https://synthetic-shop.local/product/ups-1000-18-03,,
,,,syn-0018__wrapper_insert__03-e04,,,,,Клавиатура механическая USB,6490,https://synthetic-shop.local/product/mechanical-keyboard-18-04,,
,,,syn-0018__wrapper_insert__03-e05,,,,,Внешний SSD 2 ТБ USB-C,17109,https://synthetic-shop.local/product/portable-ssd-18-05,,
,,,syn-0018__field_reorder__01-e01,,,,,Маршрутизатор Wi‑Fi 6 AX3000,7039,https://synthetic-shop.local/product/wifi-router-18-01,,
,,,syn-0018__field_reorder__01-e02,,,,,Монитор 27″ IPS QHD 165 Гц,29396,https://synthetic-shop.local/product/monitor-27-18-02,,
,,,syn-0018__field_reorder__01-e03,,,,,Источник бесперебойного питания 1000 ВА,12242,https://synthetic-shop.local/product/ups-1000-18-03,,
,,,syn-0018__field_reorder__01-e04,,,,,Клавиатура механическая USB,6490,https://synthetic-shop.local/product/mechanical-keyboard-18-04,,
,,,syn-0018__field_reorder__01-e05,,,,,Внешний SSD 2 ТБ USB-C,17109,https://synthetic-shop.local/product/portable-ssd-18-05,,
,,,syn-0018__field_reorder__02-e01,,,,,Маршрутизатор Wi‑Fi 6 AX3000,7039,https://synthetic-shop.local/product/wifi-router-18-01,,
,,,syn-0018__field_reorder__02-e02,,,,,Монитор 27″ IPS QHD 165 Гц,29396,https://synthetic-shop.local/product/monitor-27-18-02,,
,,,syn-0018__field_reorder__02-e03,,,,,Источник бесперебойного питания 1000 ВА,12242,https://synthetic-shop.local/product/ups-1000-18-03,,
,,,syn-0018__field_reorder__02-e04,,,,,Клавиатура механическая USB,6490,https://synthetic-shop.local/product/mechanical-keyboard-18-04,,
,,,syn-0018__field_reorder__02-e05,,,,,Внешний SSD 2 ТБ USB-C,17109,https://synthetic-shop.local/product/portable-ssd-18-05,,
,,,syn-0018__subtree_relocate__01-e01,,,,,Маршрутизатор Wi‑Fi 6 AX3000,7039,https://synthetic-shop.local/product/wifi-router-18-01,,
,,,syn-0018__subtree_relocate__01-e02,,,,,Монитор 27″ IPS QHD 165 Гц,29396,https://synthetic-shop.local/product/monitor-27-18-02,,
,,,syn-0018__subtree_relocate__01-e03,,,,,Источник бесперебойного питания 1000 ВА,12242,https://synthetic-shop.local/product/ups-1000-18-03,,
,,,syn-0018__subtree_relocate__01-e04,,,,,Клавиатура механическая USB,6490,https://synthetic-shop.local/product/mechanical-keyboard-18-04,,
,,,syn-0018__subtree_relocate__01-e05,,,,,Внешний SSD 2 ТБ USB-C,17109,https://synthetic-shop.local/product/portable-ssd-18-05,,
,,,syn-0018__subtree_relocate__02-e01,,,,,Маршрутизатор Wi‑Fi 6 AX3000,7039,https://synthetic-shop.local/product/wifi-router-18-01,,
,,,syn-0018__subtree_relocate__02-e02,,,,,Монитор 27″ IPS QHD 165 Гц,29396,https://synthetic-shop.local/product/monitor-27-18-02,,
,,,syn-0018__subtree_relocate__02-e03,,,,,Источник бесперебойного питания 1000 ВА,12242,https://synthetic-shop.local/product/ups-1000-18-03,,
,,,syn-0018__subtree_relocate__02-e04,,,,,Клавиатура механическая USB,6490,https://synthetic-shop.local/product/mechanical-keyboard-18-04,,
,,,syn-0018__subtree_relocate__02-e05,,,,,Внешний SSD 2 ТБ USB-C,17109,https://synthetic-shop.local/product/portable-ssd-18-05,,
,,,syn-0019__class_rename__01-e01,,,,,Средство для очистки поверхностей 5 л,1310,https://synthetic-shop.local/product/surface-cleaner-19-01,,
,,,syn-0019__class_rename__01-e02,,,,,Мыло жидкое профессиональное 5 л,1020,https://synthetic-shop.local/product/liquid-soap-19-02,,
,,,syn-0019__class_rename__01-e03,,,,,Очиститель стекол концентрат 1 л,690,https://synthetic-shop.local/product/glass-cleaner-19-03,,
,,,syn-0019__class_rename__01-e04,,,,,Перчатки защитные нитриловые 100 шт,1500,https://synthetic-shop.local/product/nitrile-gloves-19-04,,
,,,syn-0019__class_rename__01-e05,,,,,Респиратор складной FFP2 10 шт,1210,https://synthetic-shop.local/product/respirator-ffp2-19-05,,
,,,syn-0019__class_rename__02-e01,,,,,Средство для очистки поверхностей 5 л,1310,https://synthetic-shop.local/product/surface-cleaner-19-01,,
,,,syn-0019__class_rename__02-e02,,,,,Мыло жидкое профессиональное 5 л,1020,https://synthetic-shop.local/product/liquid-soap-19-02,,
,,,syn-0019__class_rename__02-e03,,,,,Очиститель стекол концентрат 1 л,690,https://synthetic-shop.local/product/glass-cleaner-19-03,,
,,,syn-0019__class_rename__02-e04,,,,,Перчатки защитные нитриловые 100 шт,1500,https://synthetic-shop.local/product/nitrile-gloves-19-04,,
,,,syn-0019__class_rename__02-e05,,,,,Респиратор складной FFP2 10 шт,1210,https://synthetic-shop.local/product/respirator-ffp2-19-05,,
,,,syn-0019__class_rename__03-e01,,,,,Средство для очистки поверхностей 5 л,1310,https://synthetic-shop.local/product/surface-cleaner-19-01,,
,,,syn-0019__class_rename__03-e02,,,,,Мыло жидкое профессиональное 5 л,1020,https://synthetic-shop.local/product/liquid-soap-19-02,,
,,,syn-0019__class_rename__03-e03,,,,,Очиститель стекол концентрат 1 л,690,https://synthetic-shop.local/product/glass-cleaner-19-03,,
,,,syn-0019__class_rename__03-e04,,,,,Перчатки защитные нитриловые 100 шт,1500,https://synthetic-shop.local/product/nitrile-gloves-19-04,,
,,,syn-0019__class_rename__03-e05,,,,,Респиратор складной FFP2 10 шт,1210,https://synthetic-shop.local/product/respirator-ffp2-19-05,,
,,,syn-0019__wrapper_insert__01-e01,,,,,Средство для очистки поверхностей 5 л,1310,https://synthetic-shop.local/product/surface-cleaner-19-01,,
,,,syn-0019__wrapper_insert__01-e02,,,,,Мыло жидкое профессиональное 5 л,1020,https://synthetic-shop.local/product/liquid-soap-19-02,,
,,,syn-0019__wrapper_insert__01-e03,,,,,Очиститель стекол концентрат 1 л,690,https://synthetic-shop.local/product/glass-cleaner-19-03,,
,,,syn-0019__wrapper_insert__01-e04,,,,,Перчатки защитные нитриловые 100 шт,1500,https://synthetic-shop.local/product/nitrile-gloves-19-04,,
,,,syn-0019__wrapper_insert__01-e05,,,,,Респиратор складной FFP2 10 шт,1210,https://synthetic-shop.local/product/respirator-ffp2-19-05,,
,,,syn-0019__wrapper_insert__02-e01,,,,,Средство для очистки поверхностей 5 л,1310,https://synthetic-shop.local/product/surface-cleaner-19-01,,
,,,syn-0019__wrapper_insert__02-e02,,,,,Мыло жидкое профессиональное 5 л,1020,https://synthetic-shop.local/product/liquid-soap-19-02,,
,,,syn-0019__wrapper_insert__02-e03,,,,,Очиститель стекол концентрат 1 л,690,https://synthetic-shop.local/product/glass-cleaner-19-03,,
,,,syn-0019__wrapper_insert__02-e04,,,,,Перчатки защитные нитриловые 100 шт,1500,https://synthetic-shop.local/product/nitrile-gloves-19-04,,
,,,syn-0019__wrapper_insert__02-e05,,,,,Респиратор складной FFP2 10 шт,1210,https://synthetic-shop.local/product/respirator-ffp2-19-05,,
,,,syn-0019__wrapper_insert__03-e01,,,,,Средство для очистки поверхностей 5 л,1310,https://synthetic-shop.local/product/surface-cleaner-19-01,,
,,,syn-0019__wrapper_insert__03-e02,,,,,Мыло жидкое профессиональное 5 л,1020,https://synthetic-shop.local/product/liquid-soap-19-02,,
,,,syn-0019__wrapper_insert__03-e03,,,,,Очиститель стекол концентрат 1 л,690,https://synthetic-shop.local/product/glass-cleaner-19-03,,
,,,syn-0019__wrapper_insert__03-e04,,,,,Перчатки защитные нитриловые 100 шт,1500,https://synthetic-shop.local/product/nitrile-gloves-19-04,,
,,,syn-0019__wrapper_insert__03-e05,,,,,Респиратор складной FFP2 10 шт,1210,https://synthetic-shop.local/product/respirator-ffp2-19-05,,
,,,syn-0019__field_reorder__01-e01,,,,,Средство для очистки поверхностей 5 л,1310,https://synthetic-shop.local/product/surface-cleaner-19-01,,
,,,syn-0019__field_reorder__01-e02,,,,,Мыло жидкое профессиональное 5 л,1020,https://synthetic-shop.local/product/liquid-soap-19-02,,
,,,syn-0019__field_reorder__01-e03,,,,,Очиститель стекол концентрат 1 л,690,https://synthetic-shop.local/product/glass-cleaner-19-03,,
,,,syn-0019__field_reorder__01-e04,,,,,Перчатки защитные нитриловые 100 шт,1500,https://synthetic-shop.local/product/nitrile-gloves-19-04,,
,,,syn-0019__field_reorder__01-e05,,,,,Респиратор складной FFP2 10 шт,1210,https://synthetic-shop.local/product/respirator-ffp2-19-05,,
,,,syn-0019__field_reorder__02-e01,,,,,Средство для очистки поверхностей 5 л,1310,https://synthetic-shop.local/product/surface-cleaner-19-01,,
,,,syn-0019__field_reorder__02-e02,,,,,Мыло жидкое профессиональное 5 л,1020,https://synthetic-shop.local/product/liquid-soap-19-02,,
,,,syn-0019__field_reorder__02-e03,,,,,Очиститель стекол концентрат 1 л,690,https://synthetic-shop.local/product/glass-cleaner-19-03,,
,,,syn-0019__field_reorder__02-e04,,,,,Перчатки защитные нитриловые 100 шт,1500,https://synthetic-shop.local/product/nitrile-gloves-19-04,,
,,,syn-0019__field_reorder__02-e05,,,,,Респиратор складной FFP2 10 шт,1210,https://synthetic-shop.local/product/respirator-ffp2-19-05,,
,,,syn-0019__subtree_relocate__01-e01,,,,,Средство для очистки поверхностей 5 л,1310,https://synthetic-shop.local/product/surface-cleaner-19-01,,
,,,syn-0019__subtree_relocate__01-e02,,,,,Мыло жидкое профессиональное 5 л,1020,https://synthetic-shop.local/product/liquid-soap-19-02,,
,,,syn-0019__subtree_relocate__01-e03,,,,,Очиститель стекол концентрат 1 л,690,https://synthetic-shop.local/product/glass-cleaner-19-03,,
,,,syn-0019__subtree_relocate__01-e04,,,,,Перчатки защитные нитриловые 100 шт,1500,https://synthetic-shop.local/product/nitrile-gloves-19-04,,
,,,syn-0019__subtree_relocate__01-e05,,,,,Респиратор складной FFP2 10 шт,1210,https://synthetic-shop.local/product/respirator-ffp2-19-05,,
,,,syn-0019__subtree_relocate__02-e01,,,,,Средство для очистки поверхностей 5 л,1310,https://synthetic-shop.local/product/surface-cleaner-19-01,,
,,,syn-0019__subtree_relocate__02-e02,,,,,Мыло жидкое профессиональное 5 л,1020,https://synthetic-shop.local/product/liquid-soap-19-02,,
,,,syn-0019__subtree_relocate__02-e03,,,,,Очиститель стекол концентрат 1 л,690,https://synthetic-shop.local/product/glass-cleaner-19-03,,
,,,syn-0019__subtree_relocate__02-e04,,,,,Перчатки защитные нитриловые 100 шт,1500,https://synthetic-shop.local/product/nitrile-gloves-19-04,,
,,,syn-0019__subtree_relocate__02-e05,,,,,Респиратор складной FFP2 10 шт,1210,https://synthetic-shop.local/product/respirator-ffp2-19-05,,
,,,syn-0020__class_rename__01-e01,,,,,Очки защитные прозрачные,620,https://synthetic-shop.local/product/safety-glasses-20-01,,
,,,syn-0020__class_rename__01-e02,,,,,Контейнер пластиковый 45 л с крышкой,1890,https://synthetic-shop.local/product/container-45l-20-02,,
,,,syn-0020__class_rename__01-e03,,,,,Ящик складской 600×400×220 мм,2507,https://synthetic-shop.local/product/warehouse-box-20-03,,
,,,syn-0020__class_rename__01-e04,,,,,Канистра 20 л пищевая,1110,https://synthetic-shop.local/product/canister-20l-20-04,,
,,,syn-0020__class_rename__01-e05,,,,,Ведро пластиковое 12 л с крышкой,520,https://synthetic-shop.local/product/bucket-12l-20-05,,
,,,syn-0020__class_rename__02-e01,,,,,Очки защитные прозрачные,620,https://synthetic-shop.local/product/safety-glasses-20-01,,
,,,syn-0020__class_rename__02-e02,,,,,Контейнер пластиковый 45 л с крышкой,1890,https://synthetic-shop.local/product/container-45l-20-02,,
,,,syn-0020__class_rename__02-e03,,,,,Ящик складской 600×400×220 мм,2507,https://synthetic-shop.local/product/warehouse-box-20-03,,
,,,syn-0020__class_rename__02-e04,,,,,Канистра 20 л пищевая,1110,https://synthetic-shop.local/product/canister-20l-20-04,,
,,,syn-0020__class_rename__02-e05,,,,,Ведро пластиковое 12 л с крышкой,520,https://synthetic-shop.local/product/bucket-12l-20-05,,
,,,syn-0020__class_rename__03-e01,,,,,Очки защитные прозрачные,620,https://synthetic-shop.local/product/safety-glasses-20-01,,
,,,syn-0020__class_rename__03-e02,,,,,Контейнер пластиковый 45 л с крышкой,1890,https://synthetic-shop.local/product/container-45l-20-02,,
,,,syn-0020__class_rename__03-e03,,,,,Ящик складской 600×400×220 мм,2507,https://synthetic-shop.local/product/warehouse-box-20-03,,
,,,syn-0020__class_rename__03-e04,,,,,Канистра 20 л пищевая,1110,https://synthetic-shop.local/product/canister-20l-20-04,,
,,,syn-0020__class_rename__03-e05,,,,,Ведро пластиковое 12 л с крышкой,520,https://synthetic-shop.local/product/bucket-12l-20-05,,
,,,syn-0020__wrapper_insert__01-e01,,,,,Очки защитные прозрачные,620,https://synthetic-shop.local/product/safety-glasses-20-01,,
,,,syn-0020__wrapper_insert__01-e02,,,,,Контейнер пластиковый 45 л с крышкой,1890,https://synthetic-shop.local/product/container-45l-20-02,,
,,,syn-0020__wrapper_insert__01-e03,,,,,Ящик складской 600×400×220 мм,2507,https://synthetic-shop.local/product/warehouse-box-20-03,,
,,,syn-0020__wrapper_insert__01-e04,,,,,Канистра 20 л пищевая,1110,https://synthetic-shop.local/product/canister-20l-20-04,,
,,,syn-0020__wrapper_insert__01-e05,,,,,Ведро пластиковое 12 л с крышкой,520,https://synthetic-shop.local/product/bucket-12l-20-05,,
,,,syn-0020__wrapper_insert__02-e01,,,,,Очки защитные прозрачные,620,https://synthetic-shop.local/product/safety-glasses-20-01,,
,,,syn-0020__wrapper_insert__02-e02,,,,,Контейнер пластиковый 45 л с крышкой,1890,https://synthetic-shop.local/product/container-45l-20-02,,
,,,syn-0020__wrapper_insert__02-e03,,,,,Ящик складской 600×400×220 мм,2507,https://synthetic-shop.local/product/warehouse-box-20-03,,
,,,syn-0020__wrapper_insert__02-e04,,,,,Канистра 20 л пищевая,1110,https://synthetic-shop.local/product/canister-20l-20-04,,
,,,syn-0020__wrapper_insert__02-e05,,,,,Ведро пластиковое 12 л с крышкой,520,https://synthetic-shop.local/product/bucket-12l-20-05,,
,,,syn-0020__wrapper_insert__03-e01,,,,,Очки защитные прозрачные,620,https://synthetic-shop.local/product/safety-glasses-20-01,,
,,,syn-0020__wrapper_insert__03-e02,,,,,Контейнер пластиковый 45 л с крышкой,1890,https://synthetic-shop.local/product/container-45l-20-02,,
,,,syn-0020__wrapper_insert__03-e03,,,,,Ящик складской 600×400×220 мм,2507,https://synthetic-shop.local/product/warehouse-box-20-03,,
,,,syn-0020__wrapper_insert__03-e04,,,,,Канистра 20 л пищевая,1110,https://synthetic-shop.local/product/canister-20l-20-04,,
,,,syn-0020__wrapper_insert__03-e05,,,,,Ведро пластиковое 12 л с крышкой,520,https://synthetic-shop.local/product/bucket-12l-20-05,,
,,,syn-0020__field_reorder__01-e01,,,,,Очки защитные прозрачные,620,https://synthetic-shop.local/product/safety-glasses-20-01,,
,,,syn-0020__field_reorder__01-e02,,,,,Контейнер пластиковый 45 л с крышкой,1890,https://synthetic-shop.local/product/container-45l-20-02,,
,,,syn-0020__field_reorder__01-e03,,,,,Ящик складской 600×400×220 мм,2507,https://synthetic-shop.local/product/warehouse-box-20-03,,
,,,syn-0020__field_reorder__01-e04,,,,,Канистра 20 л пищевая,1110,https://synthetic-shop.local/product/canister-20l-20-04,,
,,,syn-0020__field_reorder__01-e05,,,,,Ведро пластиковое 12 л с крышкой,520,https://synthetic-shop.local/product/bucket-12l-20-05,,
,,,syn-0020__field_reorder__02-e01,,,,,Очки защитные прозрачные,620,https://synthetic-shop.local/product/safety-glasses-20-01,,
,,,syn-0020__field_reorder__02-e02,,,,,Контейнер пластиковый 45 л с крышкой,1890,https://synthetic-shop.local/product/container-45l-20-02,,
,,,syn-0020__field_reorder__02-e03,,,,,Ящик складской 600×400×220 мм,2507,https://synthetic-shop.local/product/warehouse-box-20-03,,
,,,syn-0020__field_reorder__02-e04,,,,,Канистра 20 л пищевая,1110,https://synthetic-shop.local/product/canister-20l-20-04,,
,,,syn-0020__field_reorder__02-e05,,,,,Ведро пластиковое 12 л с крышкой,520,https://synthetic-shop.local/product/bucket-12l-20-05,,
,,,syn-0020__subtree_relocate__01-e01,,,,,Очки защитные прозрачные,620,https://synthetic-shop.local/product/safety-glasses-20-01,,
,,,syn-0020__subtree_relocate__01-e02,,,,,Контейнер пластиковый 45 л с крышкой,1890,https://synthetic-shop.local/product/container-45l-20-02,,
,,,syn-0020__subtree_relocate__01-e03,,,,,Ящик складской 600×400×220 мм,2507,https://synthetic-shop.local/product/warehouse-box-20-03,,
,,,syn-0020__subtree_relocate__01-e04,,,,,Канистра 20 л пищевая,1110,https://synthetic-shop.local/product/canister-20l-20-04,,
,,,syn-0020__subtree_relocate__01-e05,,,,,Ведро пластиковое 12 л с крышкой,520,https://synthetic-shop.local/product/bucket-12l-20-05,,
,,,syn-0020__subtree_relocate__02-e01,,,,,Очки защитные прозрачные,620,https://synthetic-shop.local/product/safety-glasses-20-01,,
,,,syn-0020__subtree_relocate__02-e02,,,,,Контейнер пластиковый 45 л с крышкой,1890,https://synthetic-shop.local/product/container-45l-20-02,,
,,,syn-0020__subtree_relocate__02-e03,,,,,Ящик складской 600×400×220 мм,2507,https://synthetic-shop.local/product/warehouse-box-20-03,,
,,,syn-0020__subtree_relocate__02-e04,,,,,Канистра 20 л пищевая,1110,https://synthetic-shop.local/product/canister-20l-20-04,,
,,,syn-0020__subtree_relocate__02-e05,,,,,Ведро пластиковое 12 л с крышкой,520,https://synthetic-shop.local/product/bucket-12l-20-05,,
