dataset,variant,page_id,entity_id,result_id,field,annotated,gt_value,pred_value,TP,FP,FN
synthetic,hybrid_original,syn-0001,syn-0001-e06,hybrid_original-d42ce46b08fa32,availability,True,True,True,1,0,0
synthetic,hybrid_original,syn-0001,syn-0001-e06,hybrid_original-d42ce46b08fa32,delivery_time,True,2–3 дня,2–3 дня,1,0,0
synthetic,hybrid_original,syn-0001,syn-0001-e06,hybrid_original-d42ce46b08fa32,old_price,False,,,0,0,0
synthetic,hybrid_original,syn-0001,syn-0001-e06,hybrid_original-d42ce46b08fa32,image_url,False,,,0,0,0
synthetic,hybrid_original,syn-0001,syn-0001-e06,hybrid_original-d42ce46b08fa32,reviews_count,False,,,0,0,0
synthetic,hybrid_original,syn-0001,syn-0001-e09,hybrid_original-65b8f56561dd84,availability,True,False,False,1,0,0
synthetic,hybrid_original,syn-0001,syn-0001-e09,hybrid_original-65b8f56561dd84,delivery_time,True,2–6 дня,2–6 дня,1,0,0
synthetic,hybrid_original,syn-0001,syn-0001-e09,hybrid_original-65b8f56561dd84,old_price,False,,,0,0,0
synthetic,hybrid_original,syn-0001,syn-0001-e09,hybrid_original-65b8f56561dd84,image_url,False,,,0,0,0
synthetic,hybrid_original,syn-0001,syn-0001-e09,hybrid_original-65b8f56561dd84,reviews_count,False,,,0,0,0
synthetic,hybrid_original,syn-0001,syn-0001-e01,hybrid_original-2a2aa2f6e22653,availability,True,False,False,1,0,0
synthetic,hybrid_original,syn-0001,syn-0001-e01,hybrid_original-2a2aa2f6e22653,delivery_time,True,1–3 дня,1–3 дня,1,0,0
synthetic,hybrid_original,syn-0001,syn-0001-e01,hybrid_original-2a2aa2f6e22653,old_price,False,,,0,0,0
synthetic,hybrid_original,syn-0001,syn-0001-e01,hybrid_original-2a2aa2f6e22653,image_url,False,,,0,0,0
synthetic,hybrid_original,syn-0001,syn-0001-e01,hybrid_original-2a2aa2f6e22653,reviews_count,False,,,0,0,0
synthetic,hybrid_original,syn-0001,syn-0001-e02,hybrid_original-9259ae002dd362,availability,True,True,True,1,0,0
synthetic,hybrid_original,syn-0001,syn-0001-e02,hybrid_original-9259ae002dd362,delivery_time,True,2–4 дня,2–4 дня,1,0,0
synthetic,hybrid_original,syn-0001,syn-0001-e02,hybrid_original-9259ae002dd362,old_price,False,,,0,0,0
synthetic,hybrid_original,syn-0001,syn-0001-e02,hybrid_original-9259ae002dd362,image_url,False,,,0,0,0
synthetic,hybrid_original,syn-0001,syn-0001-e02,hybrid_original-9259ae002dd362,reviews_count,False,,,0,0,0
synthetic,hybrid_original,syn-0001,syn-0001-e10,hybrid_original-e9373efac1a3c2,availability,True,True,True,1,0,0
synthetic,hybrid_original,syn-0001,syn-0001-e10,hybrid_original-e9373efac1a3c2,delivery_time,True,3–4 дня,3–4 дня,1,0,0
synthetic,hybrid_original,syn-0001,syn-0001-e10,hybrid_original-e9373efac1a3c2,old_price,False,,,0,0,0
synthetic,hybrid_original,syn-0001,syn-0001-e10,hybrid_original-e9373efac1a3c2,image_url,False,,,0,0,0
synthetic,hybrid_original,syn-0001,syn-0001-e10,hybrid_original-e9373efac1a3c2,reviews_count,False,,,0,0,0
synthetic,hybrid_original,syn-0001,syn-0001-e11,hybrid_original-37ca0622995061,availability,True,True,True,1,0,0
synthetic,hybrid_original,syn-0001,syn-0001-e11,hybrid_original-37ca0622995061,delivery_time,True,3–4 дня,3–4 дня,1,0,0
synthetic,hybrid_original,syn-0001,syn-0001-e11,hybrid_original-37ca0622995061,old_price,False,,,0,0,0
synthetic,hybrid_original,syn-0001,syn-0001-e11,hybrid_original-37ca0622995061,image_url,False,,,0,0,0
synthetic,hybrid_original,syn-0001,syn-0001-e11,hybrid_original-37ca0622995061,reviews_count,False,,,0,0,0
synthetic,hybrid_original,syn-0001,syn-0001-e07,hybrid_original-4c646ce80d6168,availability,True,True,True,1,0,0
synthetic,hybrid_original,syn-0001,syn-0001-e07,hybrid_original-4c646ce80d6168,delivery_time,True,1–5 дня,1–5 дня,1,0,0
synthetic,hybrid_original,syn-0001,syn-0001-e07,hybrid_original-4c646ce80d6168,old_price,False,,,0,0,0
synthetic,hybrid_original,syn-0001,syn-0001-e07,hybrid_original-4c646ce80d6168,image_url,False,,,0,0,0
synthetic,hybrid_original,syn-0001,syn-0001-e07,hybrid_original-4c646ce80d6168,reviews_count,False,,,0,0,0
synthetic,hybrid_original,syn-0001,syn-0001-e03,hybrid_original-11ccd7566a2e76,availability,True,True,True,1,0,0
synthetic,hybrid_original,syn-0001,syn-0001-e03,hybrid_original-11ccd7566a2e76,delivery_time,True,3–5 дня,3–5 дня,1,0,0
synthetic,hybrid_original,syn-0001,syn-0001-e03,hybrid_original-11ccd7566a2e76,old_price,False,,,0,0,0
synthetic,hybrid_original,syn-0001,syn-0001-e03,hybrid_original-11ccd7566a2e76,image_url,False,,,0,0,0
synthetic,hybrid_original,syn-0001,syn-0001-e03,hybrid_original-11ccd7566a2e76,reviews_count,False,,,0,0,0
synthetic,hybrid_original,syn-0001,syn-0001-e05,hybrid_original-92c05550e1e7b8,availability,True,True,True,1,0,0
synthetic,hybrid_original,syn-0001,syn-0001-e05,hybrid_original-92c05550e1e7b8,delivery_time,True,2–3 дня,2–3 дня,1,0,0
synthetic,hybrid_original,syn-0001,syn-0001-e05,hybrid_original-92c05550e1e7b8,old_price,False,,,0,0,0
synthetic,hybrid_original,syn-0001,syn-0001-e05,hybrid_original-92c05550e1e7b8,image_url,False,,,0,0,0
synthetic,hybrid_original,syn-0001,syn-0001-e05,hybrid_original-92c05550e1e7b8,reviews_count,False,,,0,0,0
synthetic,hybrid_original,syn-0001,syn-0001-e12,hybrid_original-bde54d947589c4,availability,True,True,True,1,0,0
synthetic,hybrid_original,syn-0001,syn-0001-e12,hybrid_original-bde54d947589c4,delivery_time,True,3–4 дня,3–4 дня,1,0,0
synthetic,hybrid_original,syn-0001,syn-0001-e12,hybrid_original-bde54d947589c4,old_price,False,,,0,0,0
synthetic,hybrid_original,syn-0001,syn-0001-e12,hybrid_original-bde54d947589c4,image_url,False,,,0,0,0
synthetic,hybrid_original,syn-0001,syn-0001-e12,hybrid_original-bde54d947589c4,reviews_count,False,,,0,0,0
synthetic,hybrid_original,syn-0001,syn-0001-e04,hybrid_original-49d5ccb1d949a7,availability,True,True,True,1,0,0
synthetic,hybrid_original,syn-0001,syn-0001-e04,hybrid_original-49d5ccb1d949a7,delivery_time,True,1–6 дня,1–6 дня,1,0,0
synthetic,hybrid_original,syn-0001,syn-0001-e04,hybrid_original-49d5ccb1d949a7,old_price,False,,,0,0,0
synthetic,hybrid_original,syn-0001,syn-0001-e04,hybrid_original-49d5ccb1d949a7,image_url,False,,,0,0,0
synthetic,hybrid_original,syn-0001,syn-0001-e04,hybrid_original-49d5ccb1d949a7,reviews_count,False,,,0,0,0
synthetic,hybrid_original,syn-0001,syn-0001-e08,hybrid_original-f3c617b9c838e0,availability,True,True,True,1,0,0
synthetic,hybrid_original,syn-0001,syn-0001-e08,hybrid_original-f3c617b9c838e0,delivery_time,True,1–6 дня,1–6 дня,1,0,0
synthetic,hybrid_original,syn-0001,syn-0001-e08,hybrid_original-f3c617b9c838e0,old_price,False,,,0,0,0
synthetic,hybrid_original,syn-0001,syn-0001-e08,hybrid_original-f3c617b9c838e0,image_url,False,,,0,0,0
synthetic,hybrid_original,syn-0001,syn-0001-e08,hybrid_original-f3c617b9c838e0,reviews_count,False,,,0,0,0
synthetic,hybrid_original,syn-0002,syn-0002-e04,hybrid_original-b865c37e72f6a2,availability,True,True,True,1,0,0
synthetic,hybrid_original,syn-0002,syn-0002-e04,hybrid_original-b865c37e72f6a2,delivery_time,True,2–3 дня,2–3 дня,1,0,0
synthetic,hybrid_original,syn-0002,syn-0002-e04,hybrid_original-b865c37e72f6a2,old_price,False,,,0,0,0
synthetic,hybrid_original,syn-0002,syn-0002-e04,hybrid_original-b865c37e72f6a2,image_url,False,,,0,0,0
synthetic,hybrid_original,syn-0002,syn-0002-e04,hybrid_original-b865c37e72f6a2,reviews_count,False,,,0,0,0
synthetic,hybrid_original,syn-0002,syn-0002-e16,hybrid_original-a29af0c91136db,availability,True,True,True,1,0,0
synthetic,hybrid_original,syn-0002,syn-0002-e16,hybrid_original-a29af0c91136db,delivery_time,True,2–3 дня,2–3 дня,1,0,0
synthetic,hybrid_original,syn-0002,syn-0002-e16,hybrid_original-a29af0c91136db,old_price,False,,,0,0,0
synthetic,hybrid_original,syn-0002,syn-0002-e16,hybrid_original-a29af0c91136db,image_url,False,,,0,0,0
synthetic,hybrid_original,syn-0002,syn-0002-e16,hybrid_original-a29af0c91136db,reviews_count,False,,,0,0,0
synthetic,hybrid_original,syn-0002,syn-0002-e15,hybrid_original-7774505a45e49b,availability,True,True,True,1,0,0
synthetic,hybrid_original,syn-0002,syn-0002-e15,hybrid_original-7774505a45e49b,delivery_time,True,1–5 дня,1–5 дня,1,0,0
synthetic,hybrid_original,syn-0002,syn-0002-e15,hybrid_original-7774505a45e49b,old_price,False,,,0,0,0
synthetic,hybrid_original,syn-0002,syn-0002-e15,hybrid_original-7774505a45e49b,image_url,False,,,0,0,0
synthetic,hybrid_original,syn-0002,syn-0002-e15,hybrid_original-7774505a45e49b,reviews_count,False,,,0,0,0
synthetic,hybrid_original,syn-0002,syn-0002-e30,hybrid_original-e4c2289c185eee,availability,True,True,True,1,0,0
synthetic,hybrid_original,syn-0002,syn-0002-e30,hybrid_original-e4c2289c185eee,delivery_time,True,1–5 дня,1–5 дня,1,0,0
synthetic,hybrid_original,syn-0002,syn-0002-e30,hybrid_original-e4c2289c185eee,old_price,False,,,0,0,0
synthetic,hybrid_original,syn-0002,syn-0002-e30,hybrid_original-e4c2289c185eee,image_url,False,,,0,0,0
synthetic,hybrid_original,syn-0002,syn-0002-e30,hybrid_original-e4c2289c185eee,reviews_count,False,,,0,0,0
synthetic,hybrid_original,syn-0002,syn-0002-e08,hybrid_original-f8886ff97f4818,availability,True,False,False,1,0,0
synthetic,hybrid_original,syn-0002,syn-0002-e08,hybrid_original-f8886ff97f4818,delivery_time,True,2–6 дня,2–6 дня,1,0,0
synthetic,hybrid_original,syn-0002,syn-0002-e08,hybrid_original-f8886ff97f4818,old_price,False,,,0,0,0
synthetic,hybrid_original,syn-0002,syn-0002-e08,hybrid_original-f8886ff97f4818,image_url,False,,,0,0,0
synthetic,hybrid_original,syn-0002,syn-0002-e08,hybrid_original-f8886ff97f4818,reviews_count,False,,,0,0,0
synthetic,hybrid_original,syn-0002,syn-0002-e20,hybrid_original-4ad5f735d7af09,availability,True,False,False,1,0,0
synthetic,hybrid_original,syn-0002,syn-0002-e20,hybrid_original-4ad5f735d7af09,delivery_time,True,2–6 дня,2–6 дня,1,0,0
synthetic,hybrid_original,syn-0002,syn-0002-e20,hybrid_original-4ad5f735d7af09,old_price,False,,,0,0,0
synthetic,hybrid_original,syn-0002,syn-0002-e20,hybrid_original-4ad5f735d7af09,image_url,False,,,0,0,0
synthetic,hybrid_original,syn-0002,syn-0002-e20,hybrid_original-4ad5f735d7af09,reviews_count,False,,,0,0,0
synthetic,hybrid_original,syn-0002,syn-0002-e14,hybrid_original-3e555e7035aa88,availability,True,True,True,1,0,0
synthetic,hybrid_original,syn-0002,syn-0002-e14,hybrid_original-3e555e7035aa88,delivery_time,True,2–3 дня,2–3 дня,1,0,0
synthetic,hybrid_original,syn-0002,syn-0002-e14,hybrid_original-3e555e7035aa88,old_price,False,,,0,0,0
synthetic,hybrid_original,syn-0002,syn-0002-e14,hybrid_original-3e555e7035aa88,image_url,False,,,0,0,0
synthetic,hybrid_original,syn-0002,syn-0002-e14,hybrid_original-3e555e7035aa88,reviews_count,False,,,0,0,0
synthetic,hybrid_original,syn-0002,syn-0002-e29,hybrid_original-3d872e8a2bc081,availability,True,True,True,1,0,0
synthetic,hybrid_original,syn-0002,syn-0002-e29,hybrid_original-3d872e8a2bc081,delivery_time,True,2–3 дня,2–3 дня,1,0,0
synthetic,hybrid_original,syn-0002,syn-0002-e29,hybrid_original-3d872e8a2bc081,old_price,False,,,0,0,0
synthetic,hybrid_original,syn-0002,syn-0002-e29,hybrid_original-3d872e8a2bc081,image_url,False,,,0,0,0
synthetic,hybrid_original,syn-0002,syn-0002-e29,hybrid_original-3d872e8a2bc081,reviews_count,False,,,0,0,0
synthetic,hybrid_original,syn-0002,syn-0002-e09,hybrid_original-08f00c4cb687f1,availability,True,False,False,1,0,0
synthetic,hybrid_original,syn-0002,syn-0002-e09,hybrid_original-08f00c4cb687f1,delivery_time,True,1–3 дня,1–3 дня,1,0,0
synthetic,hybrid_original,syn-0002,syn-0002-e09,hybrid_original-08f00c4cb687f1,old_price,False,,,0,0,0
synthetic,hybrid_original,syn-0002,syn-0002-e09,hybrid_original-08f00c4cb687f1,image_url,False,,,0,0,0
synthetic,hybrid_original,syn-0002,syn-0002-e09,hybrid_original-08f00c4cb687f1,reviews_count,False,,,0,0,0
synthetic,hybrid_original,syn-0002,syn-0002-e21,hybrid_original-723a272f3d320c,availability,True,False,False,1,0,0
synthetic,hybrid_original,syn-0002,syn-0002-e21,hybrid_original-723a272f3d320c,delivery_time,True,1–3 дня,1–3 дня,1,0,0
synthetic,hybrid_original,syn-0002,syn-0002-e21,hybrid_original-723a272f3d320c,old_price,False,,,0,0,0
synthetic,hybrid_original,syn-0002,syn-0002-e21,hybrid_original-723a272f3d320c,image_url,False,,,0,0,0
synthetic,hybrid_original,syn-0002,syn-0002-e21,hybrid_original-723a272f3d320c,reviews_count,False,,,0,0,0
synthetic,hybrid_original,syn-0002,syn-0002-e07,hybrid_original-0c2f42459776a2,availability,True,True,True,1,0,0
synthetic,hybrid_original,syn-0002,syn-0002-e07,hybrid_original-0c2f42459776a2,delivery_time,True,2–4 дня,2–4 дня,1,0,0
synthetic,hybrid_original,syn-0002,syn-0002-e07,hybrid_original-0c2f42459776a2,old_price,False,,,0,0,0
synthetic,hybrid_original,syn-0002,syn-0002-e07,hybrid_original-0c2f42459776a2,image_url,False,,,0,0,0
synthetic,hybrid_original,syn-0002,syn-0002-e07,hybrid_original-0c2f42459776a2,reviews_count,False,,,0,0,0
synthetic,hybrid_original,syn-0002,syn-0002-e18,hybrid_original-0c222ebf06583f,availability,True,True,True,1,0,0
synthetic,hybrid_original,syn-0002,syn-0002-e18,hybrid_original-0c222ebf06583f,delivery_time,True,2–4 дня,2–4 дня,1,0,0
synthetic,hybrid_original,syn-0002,syn-0002-e18,hybrid_original-0c222ebf06583f,old_price,False,,,0,0,0
synthetic,hybrid_original,syn-0002,syn-0002-e18,hybrid_original-0c222ebf06583f,image_url,False,,,0,0,0
synthetic,hybrid_original,syn-0002,syn-0002-e18,hybrid_original-0c222ebf06583f,reviews_count,False,,,0,0,0
synthetic,hybrid_original,syn-0002,syn-0002-e10,hybrid_original-4e62e16803da55,availability,True,True,True,1,0,0
synthetic,hybrid_original,syn-0002,syn-0002-e10,hybrid_original-4e62e16803da55,delivery_time,True,3–4 дня,3–4 дня,1,0,0
synthetic,hybrid_original,syn-0002,syn-0002-e10,hybrid_original-4e62e16803da55,old_price,False,,,0,0,0
synthetic,hybrid_original,syn-0002,syn-0002-e10,hybrid_original-4e62e16803da55,image_url,False,,,0,0,0
synthetic,hybrid_original,syn-0002,syn-0002-e10,hybrid_original-4e62e16803da55,reviews_count,False,,,0,0,0
synthetic,hybrid_original,syn-0002,syn-0002-e22,hybrid_original-8ad48ef31bd94f,availability,True,True,True,1,0,0
synthetic,hybrid_original,syn-0002,syn-0002-e22,hybrid_original-8ad48ef31bd94f,delivery_time,True,3–4 дня,3–4 дня,1,0,0
synthetic,hybrid_original,syn-0002,syn-0002-e22,hybrid_original-8ad48ef31bd94f,old_price,False,,,0,0,0
synthetic,hybrid_original,syn-0002,syn-0002-e22,hybrid_original-8ad48ef31bd94f,image_url,False,,,0,0,0
synthetic,hybrid_original,syn-0002,syn-0002-e22,hybrid_original-8ad48ef31bd94f,reviews_count,False,,,0,0,0
synthetic,hybrid_original,syn-0002,syn-0002-e11,hybrid_original-d1a81deb9d636c,availability,True,True,True,1,0,0
synthetic,hybrid_original,syn-0002,syn-0002-e11,hybrid_original-d1a81deb9d636c,delivery_time,True,3–4 дня,3–4 дня,1,0,0
synthetic,hybrid_original,syn-0002,syn-0002-e11,hybrid_original-d1a81deb9d636c,old_price,False,,,0,0,0
synthetic,hybrid_original,syn-0002,syn-0002-e11,hybrid_original-d1a81deb9d636c,image_url,False,,,0,0,0
synthetic,hybrid_original,syn-0002,syn-0002-e11,hybrid_original-d1a81deb9d636c,reviews_count,False,,,0,0,0
synthetic,hybrid_original,syn-0002,syn-0002-e23,hybrid_original-cae6cfe6c5b0f5,availability,True,True,True,1,0,0
synthetic,hybrid_original,syn-0002,syn-0002-e23,hybrid_original-cae6cfe6c5b0f5,delivery_time,True,3–4 дня,3–4 дня,1,0,0
synthetic,hybrid_original,syn-0002,syn-0002-e23,hybrid_original-cae6cfe6c5b0f5,old_price,False,,,0,0,0
synthetic,hybrid_original,syn-0002,syn-0002-e23,hybrid_original-cae6cfe6c5b0f5,image_url,False,,,0,0,0
synthetic,hybrid_original,syn-0002,syn-0002-e23,hybrid_original-cae6cfe6c5b0f5,reviews_count,False,,,0,0,0
synthetic,hybrid_original,syn-0002,syn-0002-e06,hybrid_original-89f7816fc57e71,availability,True,True,True,1,0,0
synthetic,hybrid_original,syn-0002,syn-0002-e06,hybrid_original-89f7816fc57e71,delivery_time,True,1–5 дня,1–5 дня,1,0,0
synthetic,hybrid_original,syn-0002,syn-0002-e06,hybrid_original-89f7816fc57e71,old_price,False,,,0,0,0
synthetic,hybrid_original,syn-0002,syn-0002-e06,hybrid_original-89f7816fc57e71,image_url,False,,,0,0,0
synthetic,hybrid_original,syn-0002,syn-0002-e06,hybrid_original-89f7816fc57e71,reviews_count,False,,,0,0,0
synthetic,hybrid_original,syn-0002,syn-0002-e17,hybrid_original-e842a81daafba5,availability,True,True,True,1,0,0
synthetic,hybrid_original,syn-0002,syn-0002-e17,hybrid_original-e842a81daafba5,delivery_time,True,1–5 дня,1–5 дня,1,0,0
synthetic,hybrid_original,syn-0002,syn-0002-e17,hybrid_original-e842a81daafba5,old_price,False,,,0,0,0
synthetic,hybrid_original,syn-0002,syn-0002-e17,hybrid_original-e842a81daafba5,image_url,False,,,0,0,0
synthetic,hybrid_original,syn-0002,syn-0002-e17,hybrid_original-e842a81daafba5,reviews_count,False,,,0,0,0
synthetic,hybrid_original,syn-0002,syn-0002-e12,hybrid_original-d9b654dc0a5e45,availability,True,True,True,1,0,0
synthetic,hybrid_original,syn-0002,syn-0002-e12,hybrid_original-d9b654dc0a5e45,delivery_time,True,3–5 дня,3–5 дня,1,0,0
synthetic,hybrid_original,syn-0002,syn-0002-e12,hybrid_original-d9b654dc0a5e45,old_price,False,,,0,0,0
synthetic,hybrid_original,syn-0002,syn-0002-e12,hybrid_original-d9b654dc0a5e45,image_url,False,,,0,0,0
synthetic,hybrid_original,syn-0002,syn-0002-e12,hybrid_original-d9b654dc0a5e45,reviews_count,False,,,0,0,0
synthetic,hybrid_original,syn-0002,syn-0002-e24,hybrid_original-f8d8ee1d452d20,availability,True,True,True,1,0,0
synthetic,hybrid_original,syn-0002,syn-0002-e24,hybrid_original-f8d8ee1d452d20,delivery_time,True,3–5 дня,3–5 дня,1,0,0
synthetic,hybrid_original,syn-0002,syn-0002-e24,hybrid_original-f8d8ee1d452d20,old_price,False,,,0,0,0
synthetic,hybrid_original,syn-0002,syn-0002-e24,hybrid_original-f8d8ee1d452d20,image_url,False,,,0,0,0
synthetic,hybrid_original,syn-0002,syn-0002-e24,hybrid_original-f8d8ee1d452d20,reviews_count,False,,,0,0,0
synthetic,hybrid_original,syn-0002,syn-0002-e02,hybrid_original-f0374e65eb9e29,availability,True,True,True,1,0,0
synthetic,hybrid_original,syn-0002,syn-0002-e02,hybrid_original-f0374e65eb9e29,delivery_time,True,3–5 дня,3–5 дня,1,0,0
synthetic,hybrid_original,syn-0002,syn-0002-e02,hybrid_original-f0374e65eb9e29,old_price,False,,,0,0,0
synthetic,hybrid_original,syn-0002,syn-0002-e02,hybrid_original-f0374e65eb9e29,image_url,False,,,0,0,0
synthetic,hybrid_original,syn-0002,syn-0002-e02,hybrid_original-f0374e65eb9e29,reviews_count,False,,,0,0,0
synthetic,hybrid_original,syn-0002,syn-0002-e25,hybrid_original-90e92b85e1d77e,availability,True,True,True,1,0,0
synthetic,hybrid_original,syn-0002,syn-0002-e25,hybrid_original-90e92b85e1d77e,delivery_time,True,2–3 дня,2–3 дня,1,0,0
synthetic,hybrid_original,syn-0002,syn-0002-e25,hybrid_original-90e92b85e1d77e,old_price,False,,,0,0,0
synthetic,hybrid_original,syn-0002,syn-0002-e25,hybrid_original-90e92b85e1d77e,image_url,False,,,0,0,0
synthetic,hybrid_original,syn-0002,syn-0002-e25,hybrid_original-90e92b85e1d77e,reviews_count,False,,,0,0,0
synthetic,hybrid_original,syn-0002,syn-0002-e05,hybrid_original-f438041ef92b32,availability,True,True,True,1,0,0
synthetic,hybrid_original,syn-0002,syn-0002-e05,hybrid_original-f438041ef92b32,delivery_time,True,3–4 дня,3–4 дня,1,0,0
synthetic,hybrid_original,syn-0002,syn-0002-e05,hybrid_original-f438041ef92b32,old_price,False,,,0,0,0
synthetic,hybrid_original,syn-0002,syn-0002-e05,hybrid_original-f438041ef92b32,image_url,False,,,0,0,0
synthetic,hybrid_original,syn-0002,syn-0002-e05,hybrid_original-f438041ef92b32,reviews_count,False,,,0,0,0
synthetic,hybrid_original,syn-0002,syn-0002-e26,hybrid_original-ae8d6015102327,availability,True,True,True,1,0,0
synthetic,hybrid_original,syn-0002,syn-0002-e26,hybrid_original-ae8d6015102327,delivery_time,True,3–4 дня,3–4 дня,1,0,0
synthetic,hybrid_original,syn-0002,syn-0002-e26,hybrid_original-ae8d6015102327,old_price,False,,,0,0,0
synthetic,hybrid_original,syn-0002,syn-0002-e26,hybrid_original-ae8d6015102327,image_url,False,,,0,0,0
synthetic,hybrid_original,syn-0002,syn-0002-e26,hybrid_original-ae8d6015102327,reviews_count,False,,,0,0,0
synthetic,hybrid_original,syn-0002,syn-0002-e13,hybrid_original-c05c76650c8f39,availability,True,True,True,1,0,0
synthetic,hybrid_original,syn-0002,syn-0002-e13,hybrid_original-c05c76650c8f39,delivery_time,True,1–5 дня,1–5 дня,1,0,0
synthetic,hybrid_original,syn-0002,syn-0002-e13,hybrid_original-c05c76650c8f39,old_price,False,,,0,0,0
synthetic,hybrid_original,syn-0002,syn-0002-e13,hybrid_original-c05c76650c8f39,image_url,False,,,0,0,0
synthetic,hybrid_original,syn-0002,syn-0002-e13,hybrid_original-c05c76650c8f39,reviews_count,False,,,0,0,0
synthetic,hybrid_original,syn-0002,syn-0002-e28,hybrid_original-77491e827186ec,availability,True,True,True,1,0,0
synthetic,hybrid_original,syn-0002,syn-0002-e28,hybrid_original-77491e827186ec,delivery_time,True,1–5 дня,1–5 дня,1,0,0
synthetic,hybrid_original,syn-0002,syn-0002-e28,hybrid_original-77491e827186ec,old_price,False,,,0,0,0
synthetic,hybrid_original,syn-0002,syn-0002-e28,hybrid_original-77491e827186ec,image_url,False,,,0,0,0
synthetic,hybrid_original,syn-0002,syn-0002-e28,hybrid_original-77491e827186ec,reviews_count,False,,,0,0,0
synthetic,hybrid_original,syn-0002,syn-0002-e01,hybrid_original-69ce90b54be50f,availability,True,True,True,1,0,0
synthetic,hybrid_original,syn-0002,syn-0002-e01,hybrid_original-69ce90b54be50f,delivery_time,True,2–4 дня,2–4 дня,1,0,0
synthetic,hybrid_original,syn-0002,syn-0002-e01,hybrid_original-69ce90b54be50f,old_price,False,,,0,0,0
synthetic,hybrid_original,syn-0002,syn-0002-e01,hybrid_original-69ce90b54be50f,image_url,False,,,0,0,0
synthetic,hybrid_original,syn-0002,syn-0002-e01,hybrid_original-69ce90b54be50f,reviews_count,False,,,0,0,0
synthetic,hybrid_original,syn-0002,syn-0002-e27,hybrid_original-0c43335113c9af,availability,True,True,True,1,0,0
synthetic,hybrid_original,syn-0002,syn-0002-e27,hybrid_original-0c43335113c9af,delivery_time,True,1–6 дня,1–6 дня,1,0,0
synthetic,hybrid_original,syn-0002,syn-0002-e27,hybrid_original-0c43335113c9af,old_price,False,,,0,0,0
synthetic,hybrid_original,syn-0002,syn-0002-e27,hybrid_original-0c43335113c9af,image_url,False,,,0,0,0
synthetic,hybrid_original,syn-0002,syn-0002-e27,hybrid_original-0c43335113c9af,reviews_count,False,,,0,0,0
synthetic,hybrid_original,syn-0002,syn-0002-e03,hybrid_original-fedc2794cb4171,availability,True,True,True,1,0,0
synthetic,hybrid_original,syn-0002,syn-0002-e03,hybrid_original-fedc2794cb4171,delivery_time,True,1–6 дня,1–6 дня,1,0,0
synthetic,hybrid_original,syn-0002,syn-0002-e03,hybrid_original-fedc2794cb4171,old_price,False,,,0,0,0
synthetic,hybrid_original,syn-0002,syn-0002-e03,hybrid_original-fedc2794cb4171,image_url,False,,,0,0,0
synthetic,hybrid_original,syn-0002,syn-0002-e03,hybrid_original-fedc2794cb4171,reviews_count,False,,,0,0,0
synthetic,hybrid_original,syn-0002,syn-0002-e19,hybrid_original-0a282b7d105ce8,availability,True,True,True,1,0,0
synthetic,hybrid_original,syn-0002,syn-0002-e19,hybrid_original-0a282b7d105ce8,delivery_time,True,1–6 дня,1–6 дня,1,0,0
synthetic,hybrid_original,syn-0002,syn-0002-e19,hybrid_original-0a282b7d105ce8,old_price,False,,,0,0,0
synthetic,hybrid_original,syn-0002,syn-0002-e19,hybrid_original-0a282b7d105ce8,image_url,False,,,0,0,0
synthetic,hybrid_original,syn-0002,syn-0002-e19,hybrid_original-0a282b7d105ce8,reviews_count,False,,,0,0,0
synthetic,hybrid_original,syn-0003,syn-0003-e01,hybrid_original-94f7a77c809ce5,availability,True,True,True,1,0,0
synthetic,hybrid_original,syn-0003,syn-0003-e01,hybrid_original-94f7a77c809ce5,delivery_time,True,3–5 дня,3–5 дня,1,0,0
synthetic,hybrid_original,syn-0003,syn-0003-e01,hybrid_original-94f7a77c809ce5,old_price,False,,,0,0,0
synthetic,hybrid_original,syn-0003,syn-0003-e01,hybrid_original-94f7a77c809ce5,image_url,False,,,0,0,0
synthetic,hybrid_original,syn-0003,syn-0003-e01,hybrid_original-94f7a77c809ce5,reviews_count,False,,,0,0,0
synthetic,hybrid_original,syn-0003,syn-0003-e16,hybrid_original-7301a44ce48f55,availability,True,True,True,1,0,0
synthetic,hybrid_original,syn-0003,syn-0003-e16,hybrid_original-7301a44ce48f55,delivery_time,True,2–3 дня,2–3 дня,1,0,0
synthetic,hybrid_original,syn-0003,syn-0003-e16,hybrid_original-7301a44ce48f55,old_price,False,,,0,0,0
synthetic,hybrid_original,syn-0003,syn-0003-e16,hybrid_original-7301a44ce48f55,image_url,False,,,0,0,0
synthetic,hybrid_original,syn-0003,syn-0003-e16,hybrid_original-7301a44ce48f55,reviews_count,False,,,0,0,0
synthetic,hybrid_original,syn-0003,syn-0003-e15,hybrid_original-db874709ea9534,availability,True,True,True,1,0,0
synthetic,hybrid_original,syn-0003,syn-0003-e15,hybrid_original-db874709ea9534,delivery_time,True,1–5 дня,1–5 дня,1,0,0
synthetic,hybrid_original,syn-0003,syn-0003-e15,hybrid_original-db874709ea9534,old_price,False,,,0,0,0
synthetic,hybrid_original,syn-0003,syn-0003-e15,hybrid_original-db874709ea9534,image_url,False,,,0,0,0
synthetic,hybrid_original,syn-0003,syn-0003-e15,hybrid_original-db874709ea9534,reviews_count,False,,,0,0,0
synthetic,hybrid_original,syn-0003,syn-0003-e09,hybrid_original-0e08e9c97e3940,availability,True,False,False,1,0,0
synthetic,hybrid_original,syn-0003,syn-0003-e09,hybrid_original-0e08e9c97e3940,delivery_time,True,2–6 дня,2–6 дня,1,0,0
synthetic,hybrid_original,syn-0003,syn-0003-e09,hybrid_original-0e08e9c97e3940,old_price,False,,,0,0,0
synthetic,hybrid_original,syn-0003,syn-0003-e09,hybrid_original-0e08e9c97e3940,image_url,False,,,0,0,0
synthetic,hybrid_original,syn-0003,syn-0003-e09,hybrid_original-0e08e9c97e3940,reviews_count,False,,,0,0,0
synthetic,hybrid_original,syn-0003,syn-0003-e03,hybrid_original-edc0e147854c86,availability,True,True,True,1,0,0
synthetic,hybrid_original,syn-0003,syn-0003-e03,hybrid_original-edc0e147854c86,delivery_time,True,2–3 дня,2–3 дня,1,0,0
synthetic,hybrid_original,syn-0003,syn-0003-e03,hybrid_original-edc0e147854c86,old_price,False,,,0,0,0
synthetic,hybrid_original,syn-0003,syn-0003-e03,hybrid_original-edc0e147854c86,image_url,False,,,0,0,0
synthetic,hybrid_original,syn-0003,syn-0003-e03,hybrid_original-edc0e147854c86,reviews_count,False,,,0,0,0
synthetic,hybrid_original,syn-0003,syn-0003-e10,hybrid_original-9d14153a19f391,availability,True,False,False,1,0,0
synthetic,hybrid_original,syn-0003,syn-0003-e10,hybrid_original-9d14153a19f391,delivery_time,True,1–3 дня,1–3 дня,1,0,0
synthetic,hybrid_original,syn-0003,syn-0003-e10,hybrid_original-9d14153a19f391,old_price,False,,,0,0,0
synthetic,hybrid_original,syn-0003,syn-0003-e10,hybrid_original-9d14153a19f391,image_url,False,,,0,0,0
synthetic,hybrid_original,syn-0003,syn-0003-e10,hybrid_original-9d14153a19f391,reviews_count,False,,,0,0,0
synthetic,hybrid_original,syn-0003,syn-0003-e07,hybrid_original-5571d6bcf5a026,availability,True,True,True,1,0,0
synthetic,hybrid_original,syn-0003,syn-0003-e07,hybrid_original-5571d6bcf5a026,delivery_time,True,2–4 дня,2–4 дня,1,0,0
synthetic,hybrid_original,syn-0003,syn-0003-e07,hybrid_original-5571d6bcf5a026,old_price,False,,,0,0,0
synthetic,hybrid_original,syn-0003,syn-0003-e07,hybrid_original-5571d6bcf5a026,image_url,False,,,0,0,0
synthetic,hybrid_original,syn-0003,syn-0003-e07,hybrid_original-5571d6bcf5a026,reviews_count,False,,,0,0,0
synthetic,hybrid_original,syn-0003,syn-0003-e11,hybrid_original-5fa8555bf53891,availability,True,True,True,1,0,0
synthetic,hybrid_original,syn-0003,syn-0003-e11,hybrid_original-5fa8555bf53891,delivery_time,True,3–4 дня,3–4 дня,1,0,0
synthetic,hybrid_original,syn-0003,syn-0003-e11,hybrid_original-5fa8555bf53891,old_price,False,,,0,0,0
synthetic,hybrid_original,syn-0003,syn-0003-e11,hybrid_original-5fa8555bf53891,image_url,False,,,0,0,0
synthetic,hybrid_original,syn-0003,syn-0003-e11,hybrid_original-5fa8555bf53891,reviews_count,False,,,0,0,0
synthetic,hybrid_original,syn-0003,syn-0003-e04,hybrid_original-76ea2ecbc3b5fb,availability,True,True,True,1,0,0
synthetic,hybrid_original,syn-0003,syn-0003-e04,hybrid_original-76ea2ecbc3b5fb,delivery_time,True,3–4 дня,3–4 дня,1,0,0
synthetic,hybrid_original,syn-0003,syn-0003-e04,hybrid_original-76ea2ecbc3b5fb,old_price,False,,,0,0,0
synthetic,hybrid_original,syn-0003,syn-0003-e04,hybrid_original-76ea2ecbc3b5fb,image_url,False,,,0,0,0
synthetic,hybrid_original,syn-0003,syn-0003-e04,hybrid_original-76ea2ecbc3b5fb,reviews_count,False,,,0,0,0
synthetic,hybrid_original,syn-0003,syn-0003-e06,hybrid_original-5b08fa251ecb07,availability,True,True,True,1,0,0
synthetic,hybrid_original,syn-0003,syn-0003-e06,hybrid_original-5b08fa251ecb07,delivery_time,True,1–5 дня,1–5 дня,1,0,0
synthetic,hybrid_original,syn-0003,syn-0003-e06,hybrid_original-5b08fa251ecb07,old_price,False,,,0,0,0
synthetic,hybrid_original,syn-0003,syn-0003-e06,hybrid_original-5b08fa251ecb07,image_url,False,,,0,0,0
synthetic,hybrid_original,syn-0003,syn-0003-e06,hybrid_original-5b08fa251ecb07,reviews_count,False,,,0,0,0
synthetic,hybrid_original,syn-0003,syn-0003-e12,hybrid_original-ac30789c1aaa21,availability,True,True,True,1,0,0
synthetic,hybrid_original,syn-0003,syn-0003-e12,hybrid_original-ac30789c1aaa21,delivery_time,True,3–5 дня,3–5 дня,1,0,0
synthetic,hybrid_original,syn-0003,syn-0003-e12,hybrid_original-ac30789c1aaa21,old_price,False,,,0,0,0
synthetic,hybrid_original,syn-0003,syn-0003-e12,hybrid_original-ac30789c1aaa21,image_url,False,,,0,0,0
synthetic,hybrid_original,syn-0003,syn-0003-e12,hybrid_original-ac30789c1aaa21,reviews_count,False,,,0,0,0
synthetic,hybrid_original,syn-0003,syn-0003-e13,hybrid_original-e53dde44f282e5,availability,True,True,True,1,0,0
synthetic,hybrid_original,syn-0003,syn-0003-e13,hybrid_original-e53dde44f282e5,delivery_time,True,2–3 дня,2–3 дня,1,0,0
synthetic,hybrid_original,syn-0003,syn-0003-e13,hybrid_original-e53dde44f282e5,old_price,False,,,0,0,0
synthetic,hybrid_original,syn-0003,syn-0003-e13,hybrid_original-e53dde44f282e5,image_url,False,,,0,0,0
synthetic,hybrid_original,syn-0003,syn-0003-e13,hybrid_original-e53dde44f282e5,reviews_count,False,,,0,0,0
synthetic,hybrid_original,syn-0003,syn-0003-e02,hybrid_original-41d389c742ef86,availability,True,True,True,1,0,0
synthetic,hybrid_original,syn-0003,syn-0003-e02,hybrid_original-41d389c742ef86,delivery_time,True,1–6 дня,1–6 дня,1,0,0
synthetic,hybrid_original,syn-0003,syn-0003-e02,hybrid_original-41d389c742ef86,old_price,False,,,0,0,0
synthetic,hybrid_original,syn-0003,syn-0003-e02,hybrid_original-41d389c742ef86,image_url,False,,,0,0,0
synthetic,hybrid_original,syn-0003,syn-0003-e02,hybrid_original-41d389c742ef86,reviews_count,False,,,0,0,0
synthetic,hybrid_original,syn-0003,syn-0003-e05,hybrid_original-4a7df81d8f3cc0,availability,True,True,True,1,0,0
synthetic,hybrid_original,syn-0003,syn-0003-e05,hybrid_original-4a7df81d8f3cc0,delivery_time,True,1–5 дня,1–5 дня,1,0,0
synthetic,hybrid_original,syn-0003,syn-0003-e05,hybrid_original-4a7df81d8f3cc0,old_price,False,,,0,0,0
synthetic,hybrid_original,syn-0003,syn-0003-e05,hybrid_original-4a7df81d8f3cc0,image_url,False,,,0,0,0
synthetic,hybrid_original,syn-0003,syn-0003-e05,hybrid_original-4a7df81d8f3cc0,reviews_count,False,,,0,0,0
synthetic,hybrid_original,syn-0003,syn-0003-e14,hybrid_original-64c88133831380,availability,True,True,True,1,0,0
synthetic,hybrid_original,syn-0003,syn-0003-e14,hybrid_original-64c88133831380,delivery_time,True,1–6 дня,1–6 дня,1,0,0
synthetic,hybrid_original,syn-0003,syn-0003-e14,hybrid_original-64c88133831380,old_price,False,,,0,0,0
synthetic,hybrid_original,syn-0003,syn-0003-e14,hybrid_original-64c88133831380,image_url,False,,,0,0,0
synthetic,hybrid_original,syn-0003,syn-0003-e14,hybrid_original-64c88133831380,reviews_count,False,,,0,0,0
synthetic,hybrid_original,syn-0003,syn-0003-e08,hybrid_original-49a2d282d8feba,availability,True,True,True,1,0,0
synthetic,hybrid_original,syn-0003,syn-0003-e08,hybrid_original-49a2d282d8feba,delivery_time,True,1–6 дня,1–6 дня,1,0,0
synthetic,hybrid_original,syn-0003,syn-0003-e08,hybrid_original-49a2d282d8feba,old_price,False,,,0,0,0
synthetic,hybrid_original,syn-0003,syn-0003-e08,hybrid_original-49a2d282d8feba,image_url,False,,,0,0,0
synthetic,hybrid_original,syn-0003,syn-0003-e08,hybrid_original-49a2d282d8feba,reviews_count,False,,,0,0,0
synthetic,hybrid_original,syn-0004,syn-0004-e06,hybrid_original-e81e44b6dc4cae,availability,True,True,,0,0,1
synthetic,hybrid_original,syn-0004,syn-0004-e06,hybrid_original-e81e44b6dc4cae,delivery_time,True,2–3 дня,,0,0,1
synthetic,hybrid_original,syn-0004,syn-0004-e06,hybrid_original-e81e44b6dc4cae,old_price,False,,,0,0,0
synthetic,hybrid_original,syn-0004,syn-0004-e06,hybrid_original-e81e44b6dc4cae,image_url,False,,,0,0,0
synthetic,hybrid_original,syn-0004,syn-0004-e06,hybrid_original-e81e44b6dc4cae,reviews_count,False,,,0,0,0
synthetic,hybrid_original,syn-0004,syn-0004-e16,hybrid_original-8b196d135c3d55,availability,True,True,,0,0,1
synthetic,hybrid_original,syn-0004,syn-0004-e16,hybrid_original-8b196d135c3d55,delivery_time,True,2–3 дня,,0,0,1
synthetic,hybrid_original,syn-0004,syn-0004-e16,hybrid_original-8b196d135c3d55,old_price,False,,,0,0,0
synthetic,hybrid_original,syn-0004,syn-0004-e16,hybrid_original-8b196d135c3d55,image_url,False,,,0,0,0
synthetic,hybrid_original,syn-0004,syn-0004-e16,hybrid_original-8b196d135c3d55,reviews_count,False,,,0,0,0
synthetic,hybrid_original,syn-0004,syn-0004-e15,hybrid_original-3b6d5e7c21aeca,availability,True,True,,0,0,1
synthetic,hybrid_original,syn-0004,syn-0004-e15,hybrid_original-3b6d5e7c21aeca,delivery_time,True,1–5 дня,,0,0,1
synthetic,hybrid_original,syn-0004,syn-0004-e15,hybrid_original-3b6d5e7c21aeca,old_price,False,,,0,0,0
synthetic,hybrid_original,syn-0004,syn-0004-e15,hybrid_original-3b6d5e7c21aeca,image_url,False,,,0,0,0
synthetic,hybrid_original,syn-0004,syn-0004-e15,hybrid_original-3b6d5e7c21aeca,reviews_count,False,,,0,0,0
synthetic,hybrid_original,syn-0004,syn-0004-e05,hybrid_original-749d5ee335aca1,availability,True,False,,0,0,1
synthetic,hybrid_original,syn-0004,syn-0004-e05,hybrid_original-749d5ee335aca1,delivery_time,True,2–6 дня,,0,0,1
synthetic,hybrid_original,syn-0004,syn-0004-e05,hybrid_original-749d5ee335aca1,old_price,False,,,0,0,0
synthetic,hybrid_original,syn-0004,syn-0004-e05,hybrid_original-749d5ee335aca1,image_url,False,,,0,0,0
synthetic,hybrid_original,syn-0004,syn-0004-e05,hybrid_original-749d5ee335aca1,reviews_count,False,,,0,0,0
synthetic,hybrid_original,syn-0004,syn-0004-e20,hybrid_original-b04dbc113fa75a,availability,True,False,,0,0,1
synthetic,hybrid_original,syn-0004,syn-0004-e20,hybrid_original-b04dbc113fa75a,delivery_time,True,2–6 дня,,0,0,1
synthetic,hybrid_original,syn-0004,syn-0004-e20,hybrid_original-b04dbc113fa75a,old_price,False,,,0,0,0
synthetic,hybrid_original,syn-0004,syn-0004-e20,hybrid_original-b04dbc113fa75a,image_url,False,,,0,0,0
synthetic,hybrid_original,syn-0004,syn-0004-e20,hybrid_original-b04dbc113fa75a,reviews_count,False,,,0,0,0
synthetic,hybrid_original,syn-0004,syn-0004-e14,hybrid_original-b09317c27d209c,availability,True,True,,0,0,1
synthetic,hybrid_original,syn-0004,syn-0004-e14,hybrid_original-b09317c27d209c,delivery_time,True,2–3 дня,,0,0,1
synthetic,hybrid_original,syn-0004,syn-0004-e14,hybrid_original-b09317c27d209c,old_price,False,,,0,0,0
synthetic,hybrid_original,syn-0004,syn-0004-e14,hybrid_original-b09317c27d209c,image_url,False,,,0,0,0
synthetic,hybrid_original,syn-0004,syn-0004-e14,hybrid_original-b09317c27d209c,reviews_count,False,,,0,0,0
synthetic,hybrid_original,syn-0004,syn-0004-e09,hybrid_original-8a915335e3b934,availability,True,False,,0,0,1
synthetic,hybrid_original,syn-0004,syn-0004-e09,hybrid_original-8a915335e3b934,delivery_time,True,1–3 дня,,0,0,1
synthetic,hybrid_original,syn-0004,syn-0004-e09,hybrid_original-8a915335e3b934,old_price,False,,,0,0,0
synthetic,hybrid_original,syn-0004,syn-0004-e09,hybrid_original-8a915335e3b934,image_url,False,,,0,0,0
synthetic,hybrid_original,syn-0004,syn-0004-e09,hybrid_original-8a915335e3b934,reviews_count,False,,,0,0,0
synthetic,hybrid_original,syn-0004,syn-0004-e21,hybrid_original-9719b22539526b,availability,True,False,,0,0,1
synthetic,hybrid_original,syn-0004,syn-0004-e21,hybrid_original-9719b22539526b,delivery_time,True,1–3 дня,,0,0,1
synthetic,hybrid_original,syn-0004,syn-0004-e21,hybrid_original-9719b22539526b,old_price,False,,,0,0,0
synthetic,hybrid_original,syn-0004,syn-0004-e21,hybrid_original-9719b22539526b,image_url,False,,,0,0,0
synthetic,hybrid_original,syn-0004,syn-0004-e21,hybrid_original-9719b22539526b,reviews_count,False,,,0,0,0
synthetic,hybrid_original,syn-0004,syn-0004-e07,hybrid_original-61796473aebefb,availability,True,True,,0,0,1
synthetic,hybrid_original,syn-0004,syn-0004-e07,hybrid_original-61796473aebefb,delivery_time,True,2–4 дня,,0,0,1
synthetic,hybrid_original,syn-0004,syn-0004-e07,hybrid_original-61796473aebefb,old_price,False,,,0,0,0
synthetic,hybrid_original,syn-0004,syn-0004-e07,hybrid_original-61796473aebefb,image_url,False,,,0,0,0
synthetic,hybrid_original,syn-0004,syn-0004-e07,hybrid_original-61796473aebefb,reviews_count,False,,,0,0,0
synthetic,hybrid_original,syn-0004,syn-0004-e18,hybrid_original-2cd65134711a68,availability,True,True,,0,0,1
synthetic,hybrid_original,syn-0004,syn-0004-e18,hybrid_original-2cd65134711a68,delivery_time,True,2–4 дня,,0,0,1
synthetic,hybrid_original,syn-0004,syn-0004-e18,hybrid_original-2cd65134711a68,old_price,False,,,0,0,0
synthetic,hybrid_original,syn-0004,syn-0004-e18,hybrid_original-2cd65134711a68,image_url,False,,,0,0,0
synthetic,hybrid_original,syn-0004,syn-0004-e18,hybrid_original-2cd65134711a68,reviews_count,False,,,0,0,0
synthetic,hybrid_original,syn-0004,syn-0004-e03,hybrid_original-32bae5a0a63bc9,availability,True,True,,0,0,1
synthetic,hybrid_original,syn-0004,syn-0004-e03,hybrid_original-32bae5a0a63bc9,delivery_time,True,3–4 дня,,0,0,1
synthetic,hybrid_original,syn-0004,syn-0004-e03,hybrid_original-32bae5a0a63bc9,old_price,False,,,0,0,0
synthetic,hybrid_original,syn-0004,syn-0004-e03,hybrid_original-32bae5a0a63bc9,image_url,False,,,0,0,0
synthetic,hybrid_original,syn-0004,syn-0004-e03,hybrid_original-32bae5a0a63bc9,reviews_count,False,,,0,0,0
synthetic,hybrid_original,syn-0004,syn-0004-e22,hybrid_original-7837989e2820f7,availability,True,True,,0,0,1
synthetic,hybrid_original,syn-0004,syn-0004-e22,hybrid_original-7837989e2820f7,delivery_time,True,3–4 дня,,0,0,1
synthetic,hybrid_original,syn-0004,syn-0004-e22,hybrid_original-7837989e2820f7,old_price,False,,,0,0,0
synthetic,hybrid_original,syn-0004,syn-0004-e22,hybrid_original-7837989e2820f7,image_url,False,,,0,0,0
synthetic,hybrid_original,syn-0004,syn-0004-e22,hybrid_original-7837989e2820f7,reviews_count,False,,,0,0,0
synthetic,hybrid_original,syn-0004,syn-0004-e01,hybrid_original-e535efcb086934,availability,True,True,,0,0,1
synthetic,hybrid_original,syn-0004,syn-0004-e01,hybrid_original-e535efcb086934,delivery_time,True,1–6 дня,,0,0,1
synthetic,hybrid_original,syn-0004,syn-0004-e01,hybrid_original-e535efcb086934,old_price,False,,,0,0,0
synthetic,hybrid_original,syn-0004,syn-0004-e01,hybrid_original-e535efcb086934,image_url,False,,,0,0,0
synthetic,hybrid_original,syn-0004,syn-0004-e01,hybrid_original-e535efcb086934,reviews_count,False,,,0,0,0
synthetic,hybrid_original,syn-0004,syn-0004-e23,hybrid_original-3a669698b85025,availability,True,True,,0,0,1
synthetic,hybrid_original,syn-0004,syn-0004-e23,hybrid_original-3a669698b85025,delivery_time,True,3–4 дня,,0,0,1
synthetic,hybrid_original,syn-0004,syn-0004-e23,hybrid_original-3a669698b85025,old_price,False,,,0,0,0
synthetic,hybrid_original,syn-0004,syn-0004-e23,hybrid_original-3a669698b85025,image_url,False,,,0,0,0
synthetic,hybrid_original,syn-0004,syn-0004-e23,hybrid_original-3a669698b85025,reviews_count,False,,,0,0,0
synthetic,hybrid_original,syn-0004,syn-0004-e04,hybrid_original-2bf04bb26485e7,availability,True,True,,0,0,1
synthetic,hybrid_original,syn-0004,syn-0004-e04,hybrid_original-2bf04bb26485e7,delivery_time,True,1–5 дня,,0,0,1
synthetic,hybrid_original,syn-0004,syn-0004-e04,hybrid_original-2bf04bb26485e7,old_price,False,,,0,0,0
synthetic,hybrid_original,syn-0004,syn-0004-e04,hybrid_original-2bf04bb26485e7,image_url,False,,,0,0,0
synthetic,hybrid_original,syn-0004,syn-0004-e04,hybrid_original-2bf04bb26485e7,reviews_count,False,,,0,0,0
synthetic,hybrid_original,syn-0004,syn-0004-e17,hybrid_original-e10229039f33fa,availability,True,True,,0,0,1
synthetic,hybrid_original,syn-0004,syn-0004-e17,hybrid_original-e10229039f33fa,delivery_time,True,1–5 дня,,0,0,1
synthetic,hybrid_original,syn-0004,syn-0004-e17,hybrid_original-e10229039f33fa,old_price,False,,,0,0,0
synthetic,hybrid_original,syn-0004,syn-0004-e17,hybrid_original-e10229039f33fa,image_url,False,,,0,0,0
synthetic,hybrid_original,syn-0004,syn-0004-e17,hybrid_original-e10229039f33fa,reviews_count,False,,,0,0,0
synthetic,hybrid_original,syn-0004,syn-0004-e10,hybrid_original-44b36f8afbca68,availability,True,True,,0,0,1
synthetic,hybrid_original,syn-0004,syn-0004-e10,hybrid_original-44b36f8afbca68,delivery_time,True,3–5 дня,,0,0,1
synthetic,hybrid_original,syn-0004,syn-0004-e10,hybrid_original-44b36f8afbca68,old_price,False,,,0,0,0
synthetic,hybrid_original,syn-0004,syn-0004-e10,hybrid_original-44b36f8afbca68,image_url,False,,,0,0,0
synthetic,hybrid_original,syn-0004,syn-0004-e10,hybrid_original-44b36f8afbca68,reviews_count,False,,,0,0,0
synthetic,hybrid_original,syn-0004,syn-0004-e24,hybrid_original-3c987eb48845df,availability,True,True,,0,0,1
synthetic,hybrid_original,syn-0004,syn-0004-e24,hybrid_original-3c987eb48845df,delivery_time,True,3–5 дня,,0,0,1
synthetic,hybrid_original,syn-0004,syn-0004-e24,hybrid_original-3c987eb48845df,old_price,False,,,0,0,0
synthetic,hybrid_original,syn-0004,syn-0004-e24,hybrid_original-3c987eb48845df,image_url,False,,,0,0,0
synthetic,hybrid_original,syn-0004,syn-0004-e24,hybrid_original-3c987eb48845df,reviews_count,False,,,0,0,0
synthetic,hybrid_original,syn-0004,syn-0004-e11,hybrid_original-d088bef4b7aaae,availability,True,True,,0,0,1
synthetic,hybrid_original,syn-0004,syn-0004-e11,hybrid_original-d088bef4b7aaae,delivery_time,True,2–3 дня,,0,0,1
synthetic,hybrid_original,syn-0004,syn-0004-e11,hybrid_original-d088bef4b7aaae,old_price,False,,,0,0,0
synthetic,hybrid_original,syn-0004,syn-0004-e11,hybrid_original-d088bef4b7aaae,image_url,False,,,0,0,0
synthetic,hybrid_original,syn-0004,syn-0004-e11,hybrid_original-d088bef4b7aaae,reviews_count,False,,,0,0,0
synthetic,hybrid_original,syn-0004,syn-0004-e25,hybrid_original-3bdce787ad86c4,availability,True,True,,0,0,1
synthetic,hybrid_original,syn-0004,syn-0004-e25,hybrid_original-3bdce787ad86c4,delivery_time,True,2–3 дня,,0,0,1
synthetic,hybrid_original,syn-0004,syn-0004-e25,hybrid_original-3bdce787ad86c4,old_price,False,,,0,0,0
synthetic,hybrid_original,syn-0004,syn-0004-e25,hybrid_original-3bdce787ad86c4,image_url,False,,,0,0,0
synthetic,hybrid_original,syn-0004,syn-0004-e25,hybrid_original-3bdce787ad86c4,reviews_count,False,,,0,0,0
synthetic,hybrid_original,syn-0004,syn-0004-e12,hybrid_original-0cdb4783deb766,availability,True,True,,0,0,1
synthetic,hybrid_original,syn-0004,syn-0004-e12,hybrid_original-0cdb4783deb766,delivery_time,True,3–4 дня,,0,0,1
synthetic,hybrid_original,syn-0004,syn-0004-e12,hybrid_original-0cdb4783deb766,old_price,False,,,0,0,0
synthetic,hybrid_original,syn-0004,syn-0004-e12,hybrid_original-0cdb4783deb766,image_url,False,,,0,0,0
synthetic,hybrid_original,syn-0004,syn-0004-e12,hybrid_original-0cdb4783deb766,reviews_count,False,,,0,0,0
synthetic,hybrid_original,syn-0004,syn-0004-e26,hybrid_original-84c63c162d1740,availability,True,True,,0,0,1
synthetic,hybrid_original,syn-0004,syn-0004-e26,hybrid_original-84c63c162d1740,delivery_time,True,3–4 дня,,0,0,1
synthetic,hybrid_original,syn-0004,syn-0004-e26,hybrid_original-84c63c162d1740,old_price,False,,,0,0,0
synthetic,hybrid_original,syn-0004,syn-0004-e26,hybrid_original-84c63c162d1740,image_url,False,,,0,0,0
synthetic,hybrid_original,syn-0004,syn-0004-e26,hybrid_original-84c63c162d1740,reviews_count,False,,,0,0,0
synthetic,hybrid_original,syn-0004,syn-0004-e02,hybrid_original-cb89134f32693f,availability,True,True,,0,0,1
synthetic,hybrid_original,syn-0004,syn-0004-e02,hybrid_original-cb89134f32693f,delivery_time,True,2–3 дня,,0,0,1
synthetic,hybrid_original,syn-0004,syn-0004-e02,hybrid_original-cb89134f32693f,old_price,False,,,0,0,0
synthetic,hybrid_original,syn-0004,syn-0004-e02,hybrid_original-cb89134f32693f,image_url,False,,,0,0,0
synthetic,hybrid_original,syn-0004,syn-0004-e02,hybrid_original-cb89134f32693f,reviews_count,False,,,0,0,0
synthetic,hybrid_original,syn-0004,syn-0004-e13,hybrid_original-4c24e1823ef97b,availability,True,True,,0,0,1
synthetic,hybrid_original,syn-0004,syn-0004-e13,hybrid_original-4c24e1823ef97b,delivery_time,True,1–6 дня,,0,0,1
synthetic,hybrid_original,syn-0004,syn-0004-e13,hybrid_original-4c24e1823ef97b,old_price,False,,,0,0,0
synthetic,hybrid_original,syn-0004,syn-0004-e13,hybrid_original-4c24e1823ef97b,image_url,False,,,0,0,0
synthetic,hybrid_original,syn-0004,syn-0004-e13,hybrid_original-4c24e1823ef97b,reviews_count,False,,,0,0,0
synthetic,hybrid_original,syn-0004,syn-0004-e08,hybrid_original-818b3bdfce1584,availability,True,True,,0,0,1
synthetic,hybrid_original,syn-0004,syn-0004-e08,hybrid_original-818b3bdfce1584,delivery_time,True,1–6 дня,,0,0,1
synthetic,hybrid_original,syn-0004,syn-0004-e08,hybrid_original-818b3bdfce1584,old_price,False,,,0,0,0
synthetic,hybrid_original,syn-0004,syn-0004-e08,hybrid_original-818b3bdfce1584,image_url,False,,,0,0,0
synthetic,hybrid_original,syn-0004,syn-0004-e08,hybrid_original-818b3bdfce1584,reviews_count,False,,,0,0,0
synthetic,hybrid_original,syn-0004,syn-0004-e19,hybrid_original-12d6855c9095ee,availability,True,True,,0,0,1
synthetic,hybrid_original,syn-0004,syn-0004-e19,hybrid_original-12d6855c9095ee,delivery_time,True,1–6 дня,,0,0,1
synthetic,hybrid_original,syn-0004,syn-0004-e19,hybrid_original-12d6855c9095ee,old_price,False,,,0,0,0
synthetic,hybrid_original,syn-0004,syn-0004-e19,hybrid_original-12d6855c9095ee,image_url,False,,,0,0,0
synthetic,hybrid_original,syn-0004,syn-0004-e19,hybrid_original-12d6855c9095ee,reviews_count,False,,,0,0,0
synthetic,hybrid_original,syn-0005,syn-0005-e06,hybrid_original-e277eb51f85cc0,availability,True,True,True,1,0,0
synthetic,hybrid_original,syn-0005,syn-0005-e06,hybrid_original-e277eb51f85cc0,delivery_time,True,2–3 дня,2–3 дня,1,0,0
synthetic,hybrid_original,syn-0005,syn-0005-e06,hybrid_original-e277eb51f85cc0,old_price,False,,,0,0,0
synthetic,hybrid_original,syn-0005,syn-0005-e06,hybrid_original-e277eb51f85cc0,image_url,False,,,0,0,0
synthetic,hybrid_original,syn-0005,syn-0005-e06,hybrid_original-e277eb51f85cc0,reviews_count,False,,,0,0,0
synthetic,hybrid_original,syn-0005,syn-0005-e03,hybrid_original-8725459846978e,availability,True,True,True,1,0,0
synthetic,hybrid_original,syn-0005,syn-0005-e03,hybrid_original-8725459846978e,delivery_time,True,1–5 дня,1–5 дня,1,0,0
synthetic,hybrid_original,syn-0005,syn-0005-e03,hybrid_original-8725459846978e,old_price,False,,,0,0,0
synthetic,hybrid_original,syn-0005,syn-0005-e03,hybrid_original-8725459846978e,image_url,False,,,0,0,0
synthetic,hybrid_original,syn-0005,syn-0005-e03,hybrid_original-8725459846978e,reviews_count,False,,,0,0,0
synthetic,hybrid_original,syn-0005,syn-0005-e02,hybrid_original-534b78431e14e4,availability,True,True,True,1,0,0
synthetic,hybrid_original,syn-0005,syn-0005-e02,hybrid_original-534b78431e14e4,delivery_time,True,3–4 дня,3–4 дня,1,0,0
synthetic,hybrid_original,syn-0005,syn-0005-e02,hybrid_original-534b78431e14e4,old_price,False,,,0,0,0
synthetic,hybrid_original,syn-0005,syn-0005-e02,hybrid_original-534b78431e14e4,image_url,False,,,0,0,0
synthetic,hybrid_original,syn-0005,syn-0005-e02,hybrid_original-534b78431e14e4,reviews_count,False,,,0,0,0
synthetic,hybrid_original,syn-0005,syn-0005-e04,hybrid_original-f97bc1630d5a8a,availability,True,False,False,1,0,0
synthetic,hybrid_original,syn-0005,syn-0005-e04,hybrid_original-f97bc1630d5a8a,delivery_time,True,2–6 дня,2–6 дня,1,0,0
synthetic,hybrid_original,syn-0005,syn-0005-e04,hybrid_original-f97bc1630d5a8a,old_price,False,,,0,0,0
synthetic,hybrid_original,syn-0005,syn-0005-e04,hybrid_original-f97bc1630d5a8a,image_url,False,,,0,0,0
synthetic,hybrid_original,syn-0005,syn-0005-e04,hybrid_original-f97bc1630d5a8a,reviews_count,False,,,0,0,0
synthetic,hybrid_original,syn-0005,syn-0005-e05,hybrid_original-ea8765a706c62c,availability,True,True,True,1,0,0
synthetic,hybrid_original,syn-0005,syn-0005-e05,hybrid_original-ea8765a706c62c,delivery_time,True,3–3 дня,3–3 дня,1,0,0
synthetic,hybrid_original,syn-0005,syn-0005-e05,hybrid_original-ea8765a706c62c,old_price,False,,,0,0,0
synthetic,hybrid_original,syn-0005,syn-0005-e05,hybrid_original-ea8765a706c62c,image_url,False,,,0,0,0
synthetic,hybrid_original,syn-0005,syn-0005-e05,hybrid_original-ea8765a706c62c,reviews_count,False,,,0,0,0
synthetic,hybrid_original,syn-0005,syn-0005-e08,hybrid_original-03edafac76a118,availability,True,True,,0,0,1
synthetic,hybrid_original,syn-0005,syn-0005-e08,hybrid_original-03edafac76a118,delivery_time,True,3–4 дня,,0,0,1
synthetic,hybrid_original,syn-0005,syn-0005-e08,hybrid_original-03edafac76a118,old_price,False,,,0,0,0
synthetic,hybrid_original,syn-0005,syn-0005-e08,hybrid_original-03edafac76a118,image_url,False,,,0,0,0
synthetic,hybrid_original,syn-0005,syn-0005-e08,hybrid_original-03edafac76a118,reviews_count,False,,,0,0,0
synthetic,hybrid_original,syn-0005,syn-0005-e09,hybrid_original-7b29a41e22544c,availability,True,True,True,1,0,0
synthetic,hybrid_original,syn-0005,syn-0005-e09,hybrid_original-7b29a41e22544c,delivery_time,True,3–4 дня,3–4 дня,1,0,0
synthetic,hybrid_original,syn-0005,syn-0005-e09,hybrid_original-7b29a41e22544c,old_price,False,,,0,0,0
synthetic,hybrid_original,syn-0005,syn-0005-e09,hybrid_original-7b29a41e22544c,image_url,False,,,0,0,0
synthetic,hybrid_original,syn-0005,syn-0005-e09,hybrid_original-7b29a41e22544c,reviews_count,False,,,0,0,0
synthetic,hybrid_original,syn-0005,syn-0005-e01,hybrid_original-d370fb8f1f0514,availability,True,True,True,1,0,0
synthetic,hybrid_original,syn-0005,syn-0005-e01,hybrid_original-d370fb8f1f0514,delivery_time,True,2–3 дня,2–3 дня,1,0,0
synthetic,hybrid_original,syn-0005,syn-0005-e01,hybrid_original-d370fb8f1f0514,old_price,False,,,0,0,0
synthetic,hybrid_original,syn-0005,syn-0005-e01,hybrid_original-d370fb8f1f0514,image_url,False,,,0,0,0
synthetic,hybrid_original,syn-0005,syn-0005-e01,hybrid_original-d370fb8f1f0514,reviews_count,False,,,0,0,0
synthetic,hybrid_original,syn-0005,syn-0005-e10,hybrid_original-91e1d445162e6d,availability,True,True,,0,0,1
synthetic,hybrid_original,syn-0005,syn-0005-e10,hybrid_original-91e1d445162e6d,delivery_time,True,3–5 дня,,0,0,1
synthetic,hybrid_original,syn-0005,syn-0005-e10,hybrid_original-91e1d445162e6d,old_price,False,,,0,0,0
synthetic,hybrid_original,syn-0005,syn-0005-e10,hybrid_original-91e1d445162e6d,image_url,False,,,0,0,0
synthetic,hybrid_original,syn-0005,syn-0005-e10,hybrid_original-91e1d445162e6d,reviews_count,False,,,0,0,0
synthetic,hybrid_original,syn-0005,syn-0005-e11,hybrid_original-242d9dc22eccdc,availability,True,True,,0,0,1
synthetic,hybrid_original,syn-0005,syn-0005-e11,hybrid_original-242d9dc22eccdc,delivery_time,True,2–3 дня,,0,0,1
synthetic,hybrid_original,syn-0005,syn-0005-e11,hybrid_original-242d9dc22eccdc,old_price,False,,,0,0,0
synthetic,hybrid_original,syn-0005,syn-0005-e11,hybrid_original-242d9dc22eccdc,image_url,False,,,0,0,0
synthetic,hybrid_original,syn-0005,syn-0005-e11,hybrid_original-242d9dc22eccdc,reviews_count,False,,,0,0,0
synthetic,hybrid_original,syn-0005,syn-0005-e12,hybrid_original-22d5393d1b4272,availability,True,True,,0,0,1
synthetic,hybrid_original,syn-0005,syn-0005-e12,hybrid_original-22d5393d1b4272,delivery_time,True,3–4 дня,,0,0,1
synthetic,hybrid_original,syn-0005,syn-0005-e12,hybrid_original-22d5393d1b4272,old_price,False,,,0,0,0
synthetic,hybrid_original,syn-0005,syn-0005-e12,hybrid_original-22d5393d1b4272,image_url,False,,,0,0,0
synthetic,hybrid_original,syn-0005,syn-0005-e12,hybrid_original-22d5393d1b4272,reviews_count,False,,,0,0,0
synthetic,hybrid_original,syn-0005,syn-0005-e14,hybrid_original-ca28839a3ecea3,availability,True,True,,0,0,1
synthetic,hybrid_original,syn-0005,syn-0005-e14,hybrid_original-ca28839a3ecea3,delivery_time,True,1–5 дня,,0,0,1
synthetic,hybrid_original,syn-0005,syn-0005-e14,hybrid_original-ca28839a3ecea3,old_price,False,,,0,0,0
synthetic,hybrid_original,syn-0005,syn-0005-e14,hybrid_original-ca28839a3ecea3,image_url,False,,,0,0,0
synthetic,hybrid_original,syn-0005,syn-0005-e14,hybrid_original-ca28839a3ecea3,reviews_count,False,,,0,0,0
synthetic,hybrid_original,syn-0005,syn-0005-e13,hybrid_original-c4771fb21efa48,availability,True,True,,0,0,1
synthetic,hybrid_original,syn-0005,syn-0005-e13,hybrid_original-c4771fb21efa48,delivery_time,True,1–6 дня,,0,0,1
synthetic,hybrid_original,syn-0005,syn-0005-e13,hybrid_original-c4771fb21efa48,old_price,False,,,0,0,0
synthetic,hybrid_original,syn-0005,syn-0005-e13,hybrid_original-c4771fb21efa48,image_url,False,,,0,0,0
synthetic,hybrid_original,syn-0005,syn-0005-e13,hybrid_original-c4771fb21efa48,reviews_count,False,,,0,0,0
synthetic,hybrid_original,syn-0005,syn-0005-e07,hybrid_original-deafe49708a56b,availability,True,True,True,1,0,0
synthetic,hybrid_original,syn-0005,syn-0005-e07,hybrid_original-deafe49708a56b,delivery_time,True,1–6 дня,1–6 дня,1,0,0
synthetic,hybrid_original,syn-0005,syn-0005-e07,hybrid_original-deafe49708a56b,old_price,False,,,0,0,0
synthetic,hybrid_original,syn-0005,syn-0005-e07,hybrid_original-deafe49708a56b,image_url,False,,,0,0,0
synthetic,hybrid_original,syn-0005,syn-0005-e07,hybrid_original-deafe49708a56b,reviews_count,False,,,0,0,0
synthetic,hybrid_original,syn-0006,syn-0006-e06,hybrid_original-19e9b27a06038f,availability,True,True,True,1,0,0
synthetic,hybrid_original,syn-0006,syn-0006-e06,hybrid_original-19e9b27a06038f,delivery_time,True,2–3 дня,,0,0,1
synthetic,hybrid_original,syn-0006,syn-0006-e06,hybrid_original-19e9b27a06038f,old_price,False,,,0,0,0
synthetic,hybrid_original,syn-0006,syn-0006-e06,hybrid_original-19e9b27a06038f,image_url,False,,,0,0,0
synthetic,hybrid_original,syn-0006,syn-0006-e06,hybrid_original-19e9b27a06038f,reviews_count,False,,,0,0,0
synthetic,hybrid_original,syn-0006,syn-0006-e16,hybrid_original-83e470499c287d,availability,True,True,,0,0,1
synthetic,hybrid_original,syn-0006,syn-0006-e16,hybrid_original-83e470499c287d,delivery_time,True,2–3 дня,,0,0,1
synthetic,hybrid_original,syn-0006,syn-0006-e16,hybrid_original-83e470499c287d,old_price,False,,,0,0,0
synthetic,hybrid_original,syn-0006,syn-0006-e16,hybrid_original-83e470499c287d,image_url,False,,,0,0,0
synthetic,hybrid_original,syn-0006,syn-0006-e16,hybrid_original-83e470499c287d,reviews_count,False,,,0,0,0
synthetic,hybrid_original,syn-0006,syn-0006-e15,hybrid_original-39ebc86949cbef,availability,True,True,,0,0,1
synthetic,hybrid_original,syn-0006,syn-0006-e15,hybrid_original-39ebc86949cbef,delivery_time,True,1–5 дня,,0,0,1
synthetic,hybrid_original,syn-0006,syn-0006-e15,hybrid_original-39ebc86949cbef,old_price,False,,,0,0,0
synthetic,hybrid_original,syn-0006,syn-0006-e15,hybrid_original-39ebc86949cbef,image_url,False,,,0,0,0
synthetic,hybrid_original,syn-0006,syn-0006-e15,hybrid_original-39ebc86949cbef,reviews_count,False,,,0,0,0
synthetic,hybrid_original,syn-0006,syn-0006-e09,hybrid_original-29887f987aa6a6,availability,True,False,,0,0,1
synthetic,hybrid_original,syn-0006,syn-0006-e09,hybrid_original-29887f987aa6a6,delivery_time,True,2–6 дня,,0,0,1
synthetic,hybrid_original,syn-0006,syn-0006-e09,hybrid_original-29887f987aa6a6,old_price,False,,,0,0,0
synthetic,hybrid_original,syn-0006,syn-0006-e09,hybrid_original-29887f987aa6a6,image_url,False,,,0,0,0
synthetic,hybrid_original,syn-0006,syn-0006-e09,hybrid_original-29887f987aa6a6,reviews_count,False,,,0,0,0
synthetic,hybrid_original,syn-0006,syn-0006-e20,hybrid_original-cb7acda9937458,availability,True,False,,0,0,1
synthetic,hybrid_original,syn-0006,syn-0006-e20,hybrid_original-cb7acda9937458,delivery_time,True,2–6 дня,,0,0,1
synthetic,hybrid_original,syn-0006,syn-0006-e20,hybrid_original-cb7acda9937458,old_price,False,,,0,0,0
synthetic,hybrid_original,syn-0006,syn-0006-e20,hybrid_original-cb7acda9937458,image_url,False,,,0,0,0
synthetic,hybrid_original,syn-0006,syn-0006-e20,hybrid_original-cb7acda9937458,reviews_count,False,,,0,0,0
synthetic,hybrid_original,syn-0006,syn-0006-e14,hybrid_original-3810ba992398c7,availability,True,True,,0,0,1
synthetic,hybrid_original,syn-0006,syn-0006-e14,hybrid_original-3810ba992398c7,delivery_time,True,2–3 дня,,0,0,1
synthetic,hybrid_original,syn-0006,syn-0006-e14,hybrid_original-3810ba992398c7,old_price,False,,,0,0,0
synthetic,hybrid_original,syn-0006,syn-0006-e14,hybrid_original-3810ba992398c7,image_url,False,,,0,0,0
synthetic,hybrid_original,syn-0006,syn-0006-e14,hybrid_original-3810ba992398c7,reviews_count,False,,,0,0,0
synthetic,hybrid_original,syn-0006,syn-0006-e01,hybrid_original-af037036ac4272,availability,True,True,True,1,0,0
synthetic,hybrid_original,syn-0006,syn-0006-e01,hybrid_original-af037036ac4272,delivery_time,True,3–4 дня,,0,0,1
synthetic,hybrid_original,syn-0006,syn-0006-e01,hybrid_original-af037036ac4272,old_price,False,,,0,0,0
synthetic,hybrid_original,syn-0006,syn-0006-e01,hybrid_original-af037036ac4272,image_url,False,,,0,0,0
synthetic,hybrid_original,syn-0006,syn-0006-e01,hybrid_original-af037036ac4272,reviews_count,False,,,0,0,0
synthetic,hybrid_original,syn-0006,syn-0006-e21,hybrid_original-21248796249f26,availability,True,False,,0,0,1
synthetic,hybrid_original,syn-0006,syn-0006-e21,hybrid_original-21248796249f26,delivery_time,True,1–3 дня,,0,0,1
synthetic,hybrid_original,syn-0006,syn-0006-e21,hybrid_original-21248796249f26,old_price,False,,,0,0,0
synthetic,hybrid_original,syn-0006,syn-0006-e21,hybrid_original-21248796249f26,image_url,False,,,0,0,0
synthetic,hybrid_original,syn-0006,syn-0006-e21,hybrid_original-21248796249f26,reviews_count,False,,,0,0,0
synthetic,hybrid_original,syn-0006,syn-0006-e02,hybrid_original-f6354d4c912099,availability,True,True,True,1,0,0
synthetic,hybrid_original,syn-0006,syn-0006-e02,hybrid_original-f6354d4c912099,delivery_time,True,1–5 дня,,0,0,1
synthetic,hybrid_original,syn-0006,syn-0006-e02,hybrid_original-f6354d4c912099,old_price,False,,,0,0,0
synthetic,hybrid_original,syn-0006,syn-0006-e02,hybrid_original-f6354d4c912099,image_url,False,,,0,0,0
synthetic,hybrid_original,syn-0006,syn-0006-e02,hybrid_original-f6354d4c912099,reviews_count,False,,,0,0,0
synthetic,hybrid_original,syn-0006,syn-0006-e18,hybrid_original-e14a63cd17fdad,availability,True,True,,0,0,1
synthetic,hybrid_original,syn-0006,syn-0006-e18,hybrid_original-e14a63cd17fdad,delivery_time,True,2–4 дня,,0,0,1
synthetic,hybrid_original,syn-0006,syn-0006-e18,hybrid_original-e14a63cd17fdad,old_price,False,,,0,0,0
synthetic,hybrid_original,syn-0006,syn-0006-e18,hybrid_original-e14a63cd17fdad,image_url,False,,,0,0,0
synthetic,hybrid_original,syn-0006,syn-0006-e18,hybrid_original-e14a63cd17fdad,reviews_count,False,,,0,0,0
synthetic,hybrid_original,syn-0006,syn-0006-e10,hybrid_original-45355d9c22c738,availability,True,True,,0,0,1
synthetic,hybrid_original,syn-0006,syn-0006-e10,hybrid_original-45355d9c22c738,delivery_time,True,3–4 дня,,0,0,1
synthetic,hybrid_original,syn-0006,syn-0006-e10,hybrid_original-45355d9c22c738,old_price,False,,,0,0,0
synthetic,hybrid_original,syn-0006,syn-0006-e10,hybrid_original-45355d9c22c738,image_url,False,,,0,0,0
synthetic,hybrid_original,syn-0006,syn-0006-e10,hybrid_original-45355d9c22c738,reviews_count,False,,,0,0,0
synthetic,hybrid_original,syn-0006,syn-0006-e22,hybrid_original-afe4e4cecb6d2d,availability,True,True,,0,0,1
synthetic,hybrid_original,syn-0006,syn-0006-e22,hybrid_original-afe4e4cecb6d2d,delivery_time,True,3–4 дня,,0,0,1
synthetic,hybrid_original,syn-0006,syn-0006-e22,hybrid_original-afe4e4cecb6d2d,old_price,False,,,0,0,0
synthetic,hybrid_original,syn-0006,syn-0006-e22,hybrid_original-afe4e4cecb6d2d,image_url,False,,,0,0,0
synthetic,hybrid_original,syn-0006,syn-0006-e22,hybrid_original-afe4e4cecb6d2d,reviews_count,False,,,0,0,0
synthetic,hybrid_original,syn-0006,syn-0006-e11,hybrid_original-38906dcd434e8c,availability,True,True,,0,0,1
synthetic,hybrid_original,syn-0006,syn-0006-e11,hybrid_original-38906dcd434e8c,delivery_time,True,3–4 дня,,0,0,1
synthetic,hybrid_original,syn-0006,syn-0006-e11,hybrid_original-38906dcd434e8c,old_price,False,,,0,0,0
synthetic,hybrid_original,syn-0006,syn-0006-e11,hybrid_original-38906dcd434e8c,image_url,False,,,0,0,0
synthetic,hybrid_original,syn-0006,syn-0006-e11,hybrid_original-38906dcd434e8c,reviews_count,False,,,0,0,0
synthetic,hybrid_original,syn-0006,syn-0006-e23,hybrid_original-42185e1d0b8dbd,availability,True,True,,0,0,1
synthetic,hybrid_original,syn-0006,syn-0006-e23,hybrid_original-42185e1d0b8dbd,delivery_time,True,3–4 дня,,0,0,1
synthetic,hybrid_original,syn-0006,syn-0006-e23,hybrid_original-42185e1d0b8dbd,old_price,False,,,0,0,0
synthetic,hybrid_original,syn-0006,syn-0006-e23,hybrid_original-42185e1d0b8dbd,image_url,False,,,0,0,0
synthetic,hybrid_original,syn-0006,syn-0006-e23,hybrid_original-42185e1d0b8dbd,reviews_count,False,,,0,0,0
synthetic,hybrid_original,syn-0006,syn-0006-e07,hybrid_original-1875e332c19b90,availability,True,True,True,1,0,0
synthetic,hybrid_original,syn-0006,syn-0006-e07,hybrid_original-1875e332c19b90,delivery_time,True,1–5 дня,,0,0,1
synthetic,hybrid_original,syn-0006,syn-0006-e07,hybrid_original-1875e332c19b90,old_price,False,,,0,0,0
synthetic,hybrid_original,syn-0006,syn-0006-e07,hybrid_original-1875e332c19b90,image_url,False,,,0,0,0
synthetic,hybrid_original,syn-0006,syn-0006-e07,hybrid_original-1875e332c19b90,reviews_count,False,,,0,0,0
synthetic,hybrid_original,syn-0006,syn-0006-e17,hybrid_original-c6ce061c7726ef,availability,True,True,,0,0,1
synthetic,hybrid_original,syn-0006,syn-0006-e17,hybrid_original-c6ce061c7726ef,delivery_time,True,1–5 дня,,0,0,1
synthetic,hybrid_original,syn-0006,syn-0006-e17,hybrid_original-c6ce061c7726ef,old_price,False,,,0,0,0
synthetic,hybrid_original,syn-0006,syn-0006-e17,hybrid_original-c6ce061c7726ef,image_url,False,,,0,0,0
synthetic,hybrid_original,syn-0006,syn-0006-e17,hybrid_original-c6ce061c7726ef,reviews_count,False,,,0,0,0
synthetic,hybrid_original,syn-0006,syn-0006-e03,hybrid_original-dcd9c82d55d2aa,availability,True,False,False,1,0,0
synthetic,hybrid_original,syn-0006,syn-0006-e03,hybrid_original-dcd9c82d55d2aa,delivery_time,True,2–6 дня,,0,0,1
synthetic,hybrid_original,syn-0006,syn-0006-e03,hybrid_original-dcd9c82d55d2aa,old_price,False,,,0,0,0
synthetic,hybrid_original,syn-0006,syn-0006-e03,hybrid_original-dcd9c82d55d2aa,image_url,False,,,0,0,0
synthetic,hybrid_original,syn-0006,syn-0006-e03,hybrid_original-dcd9c82d55d2aa,reviews_count,False,,,0,0,0
synthetic,hybrid_original,syn-0006,syn-0006-e24,hybrid_original-93a1650f0e9ec3,availability,True,True,,0,0,1
synthetic,hybrid_original,syn-0006,syn-0006-e24,hybrid_original-93a1650f0e9ec3,delivery_time,True,3–5 дня,,0,0,1
synthetic,hybrid_original,syn-0006,syn-0006-e24,hybrid_original-93a1650f0e9ec3,old_price,False,,,0,0,0
synthetic,hybrid_original,syn-0006,syn-0006-e24,hybrid_original-93a1650f0e9ec3,image_url,False,,,0,0,0
synthetic,hybrid_original,syn-0006,syn-0006-e24,hybrid_original-93a1650f0e9ec3,reviews_count,False,,,0,0,0
synthetic,hybrid_original,syn-0006,syn-0006-e05,hybrid_original-4848cb2969b645,availability,True,True,True,1,0,0
synthetic,hybrid_original,syn-0006,syn-0006-e05,hybrid_original-4848cb2969b645,delivery_time,True,1–4 дня,,0,0,1
synthetic,hybrid_original,syn-0006,syn-0006-e05,hybrid_original-4848cb2969b645,old_price,False,,,0,0,0
synthetic,hybrid_original,syn-0006,syn-0006-e05,hybrid_original-4848cb2969b645,image_url,False,,,0,0,0
synthetic,hybrid_original,syn-0006,syn-0006-e05,hybrid_original-4848cb2969b645,reviews_count,False,,,0,0,0
synthetic,hybrid_original,syn-0006,syn-0006-e25,hybrid_original-af7315ec43fb9e,availability,True,True,,0,0,1
synthetic,hybrid_original,syn-0006,syn-0006-e25,hybrid_original-af7315ec43fb9e,delivery_time,True,2–3 дня,,0,0,1
synthetic,hybrid_original,syn-0006,syn-0006-e25,hybrid_original-af7315ec43fb9e,old_price,False,,,0,0,0
synthetic,hybrid_original,syn-0006,syn-0006-e25,hybrid_original-af7315ec43fb9e,image_url,False,,,0,0,0
synthetic,hybrid_original,syn-0006,syn-0006-e25,hybrid_original-af7315ec43fb9e,reviews_count,False,,,0,0,0
synthetic,hybrid_original,syn-0006,syn-0006-e12,hybrid_original-9b0cafa7e25d6b,availability,True,True,,0,0,1
synthetic,hybrid_original,syn-0006,syn-0006-e12,hybrid_original-9b0cafa7e25d6b,delivery_time,True,3–4 дня,,0,0,1
synthetic,hybrid_original,syn-0006,syn-0006-e12,hybrid_original-9b0cafa7e25d6b,old_price,False,,,0,0,0
synthetic,hybrid_original,syn-0006,syn-0006-e12,hybrid_original-9b0cafa7e25d6b,image_url,False,,,0,0,0
synthetic,hybrid_original,syn-0006,syn-0006-e12,hybrid_original-9b0cafa7e25d6b,reviews_count,False,,,0,0,0
synthetic,hybrid_original,syn-0006,syn-0006-e26,hybrid_original-a7ecbf36e5f22e,availability,True,True,,0,0,1
synthetic,hybrid_original,syn-0006,syn-0006-e26,hybrid_original-a7ecbf36e5f22e,delivery_time,True,3–4 дня,,0,0,1
synthetic,hybrid_original,syn-0006,syn-0006-e26,hybrid_original-a7ecbf36e5f22e,old_price,False,,,0,0,0
synthetic,hybrid_original,syn-0006,syn-0006-e26,hybrid_original-a7ecbf36e5f22e,image_url,False,,,0,0,0
synthetic,hybrid_original,syn-0006,syn-0006-e26,hybrid_original-a7ecbf36e5f22e,reviews_count,False,,,0,0,0
synthetic,hybrid_original,syn-0006,syn-0006-e13,hybrid_original-c3e7961335ed98,availability,True,True,,0,0,1
synthetic,hybrid_original,syn-0006,syn-0006-e13,hybrid_original-c3e7961335ed98,delivery_time,True,1–5 дня,,0,0,1
synthetic,hybrid_original,syn-0006,syn-0006-e13,hybrid_original-c3e7961335ed98,old_price,False,,,0,0,0
synthetic,hybrid_original,syn-0006,syn-0006-e13,hybrid_original-c3e7961335ed98,image_url,False,,,0,0,0
synthetic,hybrid_original,syn-0006,syn-0006-e13,hybrid_original-c3e7961335ed98,reviews_count,False,,,0,0,0
synthetic,hybrid_original,syn-0006,syn-0006-e28,hybrid_original-baa8355924b1e8,availability,True,True,,0,0,1
synthetic,hybrid_original,syn-0006,syn-0006-e28,hybrid_original-baa8355924b1e8,delivery_time,True,1–5 дня,,0,0,1
synthetic,hybrid_original,syn-0006,syn-0006-e28,hybrid_original-baa8355924b1e8,old_price,False,,,0,0,0
synthetic,hybrid_original,syn-0006,syn-0006-e28,hybrid_original-baa8355924b1e8,image_url,False,,,0,0,0
synthetic,hybrid_original,syn-0006,syn-0006-e28,hybrid_original-baa8355924b1e8,reviews_count,False,,,0,0,0
synthetic,hybrid_original,syn-0006,syn-0006-e04,hybrid_original-50445fa02f608c,availability,True,True,True,1,0,0
synthetic,hybrid_original,syn-0006,syn-0006-e04,hybrid_original-50445fa02f608c,delivery_time,True,3–3 дня,,0,0,1
synthetic,hybrid_original,syn-0006,syn-0006-e04,hybrid_original-50445fa02f608c,old_price,False,,,0,0,0
synthetic,hybrid_original,syn-0006,syn-0006-e04,hybrid_original-50445fa02f608c,image_url,False,,,0,0,0
synthetic,hybrid_original,syn-0006,syn-0006-e04,hybrid_original-50445fa02f608c,reviews_count,False,,,0,0,0
synthetic,hybrid_original,syn-0006,syn-0006-e27,hybrid_original-b7f772ca735fd0,availability,True,True,,0,0,1
synthetic,hybrid_original,syn-0006,syn-0006-e27,hybrid_original-b7f772ca735fd0,delivery_time,True,1–6 дня,,0,0,1
synthetic,hybrid_original,syn-0006,syn-0006-e27,hybrid_original-b7f772ca735fd0,old_price,False,,,0,0,0
synthetic,hybrid_original,syn-0006,syn-0006-e27,hybrid_original-b7f772ca735fd0,image_url,False,,,0,0,0
synthetic,hybrid_original,syn-0006,syn-0006-e27,hybrid_original-b7f772ca735fd0,reviews_count,False,,,0,0,0
synthetic,hybrid_original,syn-0006,syn-0006-e08,hybrid_original-fb78fe64b7d1d4,availability,True,True,True,1,0,0
synthetic,hybrid_original,syn-0006,syn-0006-e08,hybrid_original-fb78fe64b7d1d4,delivery_time,True,1–6 дня,,0,0,1
synthetic,hybrid_original,syn-0006,syn-0006-e08,hybrid_original-fb78fe64b7d1d4,old_price,False,,,0,0,0
synthetic,hybrid_original,syn-0006,syn-0006-e08,hybrid_original-fb78fe64b7d1d4,image_url,False,,,0,0,0
synthetic,hybrid_original,syn-0006,syn-0006-e08,hybrid_original-fb78fe64b7d1d4,reviews_count,False,,,0,0,0
synthetic,hybrid_original,syn-0006,syn-0006-e19,hybrid_original-5e92fcf3767f9d,availability,True,True,,0,0,1
synthetic,hybrid_original,syn-0006,syn-0006-e19,hybrid_original-5e92fcf3767f9d,delivery_time,True,1–6 дня,,0,0,1
synthetic,hybrid_original,syn-0006,syn-0006-e19,hybrid_original-5e92fcf3767f9d,old_price,False,,,0,0,0
synthetic,hybrid_original,syn-0006,syn-0006-e19,hybrid_original-5e92fcf3767f9d,image_url,False,,,0,0,0
synthetic,hybrid_original,syn-0006,syn-0006-e19,hybrid_original-5e92fcf3767f9d,reviews_count,False,,,0,0,0
synthetic,hybrid_original,syn-0007,syn-0007-e04,hybrid_original-78780f71ed2dfa,availability,True,True,True,1,0,0
synthetic,hybrid_original,syn-0007,syn-0007-e04,hybrid_original-78780f71ed2dfa,delivery_time,True,1–4 дня,1–4 дня,1,0,0
synthetic,hybrid_original,syn-0007,syn-0007-e04,hybrid_original-78780f71ed2dfa,old_price,False,,,0,0,0
synthetic,hybrid_original,syn-0007,syn-0007-e04,hybrid_original-78780f71ed2dfa,image_url,False,,,0,0,0
synthetic,hybrid_original,syn-0007,syn-0007-e04,hybrid_original-78780f71ed2dfa,reviews_count,False,,,0,0,0
synthetic,hybrid_original,syn-0007,syn-0007-e16,hybrid_original-6610e424466ec2,availability,True,True,True,1,0,0
synthetic,hybrid_original,syn-0007,syn-0007-e16,hybrid_original-6610e424466ec2,delivery_time,True,2–3 дня,2–3 дня,1,0,0
synthetic,hybrid_original,syn-0007,syn-0007-e16,hybrid_original-6610e424466ec2,old_price,False,,,0,0,0
synthetic,hybrid_original,syn-0007,syn-0007-e16,hybrid_original-6610e424466ec2,image_url,False,,,0,0,0
synthetic,hybrid_original,syn-0007,syn-0007-e16,hybrid_original-6610e424466ec2,reviews_count,False,,,0,0,0
synthetic,hybrid_original,syn-0007,syn-0007-e15,hybrid_original-4f27579ed70ff6,availability,True,True,True,1,0,0
synthetic,hybrid_original,syn-0007,syn-0007-e15,hybrid_original-4f27579ed70ff6,delivery_time,True,1–5 дня,1–5 дня,1,0,0
synthetic,hybrid_original,syn-0007,syn-0007-e15,hybrid_original-4f27579ed70ff6,old_price,False,,,0,0,0
synthetic,hybrid_original,syn-0007,syn-0007-e15,hybrid_original-4f27579ed70ff6,image_url,False,,,0,0,0
synthetic,hybrid_original,syn-0007,syn-0007-e15,hybrid_original-4f27579ed70ff6,reviews_count,False,,,0,0,0
synthetic,hybrid_original,syn-0007,syn-0007-e08,hybrid_original-27d3c96d2e795b,availability,True,False,False,1,0,0
synthetic,hybrid_original,syn-0007,syn-0007-e08,hybrid_original-27d3c96d2e795b,delivery_time,True,2–6 дня,2–6 дня,1,0,0
synthetic,hybrid_original,syn-0007,syn-0007-e08,hybrid_original-27d3c96d2e795b,old_price,False,,,0,0,0
synthetic,hybrid_original,syn-0007,syn-0007-e08,hybrid_original-27d3c96d2e795b,image_url,False,,,0,0,0
synthetic,hybrid_original,syn-0007,syn-0007-e08,hybrid_original-27d3c96d2e795b,reviews_count,False,,,0,0,0
synthetic,hybrid_original,syn-0007,syn-0007-e14,hybrid_original-24a1233cd73174,availability,True,True,True,1,0,0
synthetic,hybrid_original,syn-0007,syn-0007-e14,hybrid_original-24a1233cd73174,delivery_time,True,2–3 дня,2–3 дня,1,0,0
synthetic,hybrid_original,syn-0007,syn-0007-e14,hybrid_original-24a1233cd73174,old_price,False,,,0,0,0
synthetic,hybrid_original,syn-0007,syn-0007-e14,hybrid_original-24a1233cd73174,image_url,False,,,0,0,0
synthetic,hybrid_original,syn-0007,syn-0007-e14,hybrid_original-24a1233cd73174,reviews_count,False,,,0,0,0
synthetic,hybrid_original,syn-0007,syn-0007-e09,hybrid_original-ba9f30223e4c99,availability,True,False,False,1,0,0
synthetic,hybrid_original,syn-0007,syn-0007-e09,hybrid_original-ba9f30223e4c99,delivery_time,True,1–3 дня,1–3 дня,1,0,0
synthetic,hybrid_original,syn-0007,syn-0007-e09,hybrid_original-ba9f30223e4c99,old_price,False,,,0,0,0
synthetic,hybrid_original,syn-0007,syn-0007-e09,hybrid_original-ba9f30223e4c99,image_url,False,,,0,0,0
synthetic,hybrid_original,syn-0007,syn-0007-e09,hybrid_original-ba9f30223e4c99,reviews_count,False,,,0,0,0
synthetic,hybrid_original,syn-0007,syn-0007-e07,hybrid_original-2caa5d1303b63a,availability,True,True,True,1,0,0
synthetic,hybrid_original,syn-0007,syn-0007-e07,hybrid_original-2caa5d1303b63a,delivery_time,True,2–4 дня,2–4 дня,1,0,0
synthetic,hybrid_original,syn-0007,syn-0007-e07,hybrid_original-2caa5d1303b63a,old_price,False,,,0,0,0
synthetic,hybrid_original,syn-0007,syn-0007-e07,hybrid_original-2caa5d1303b63a,image_url,False,,,0,0,0
synthetic,hybrid_original,syn-0007,syn-0007-e07,hybrid_original-2caa5d1303b63a,reviews_count,False,,,0,0,0
synthetic,hybrid_original,syn-0007,syn-0007-e18,hybrid_original-f1d96e14e0398c,availability,True,True,True,1,0,0
synthetic,hybrid_original,syn-0007,syn-0007-e18,hybrid_original-f1d96e14e0398c,delivery_time,True,2–4 дня,2–4 дня,1,0,0
synthetic,hybrid_original,syn-0007,syn-0007-e18,hybrid_original-f1d96e14e0398c,old_price,False,,,0,0,0
synthetic,hybrid_original,syn-0007,syn-0007-e18,hybrid_original-f1d96e14e0398c,image_url,False,,,0,0,0
synthetic,hybrid_original,syn-0007,syn-0007-e18,hybrid_original-f1d96e14e0398c,reviews_count,False,,,0,0,0
synthetic,hybrid_original,syn-0007,syn-0007-e10,hybrid_original-e38e5372d95d4d,availability,True,True,True,1,0,0
synthetic,hybrid_original,syn-0007,syn-0007-e10,hybrid_original-e38e5372d95d4d,delivery_time,True,3–4 дня,3–4 дня,1,0,0
synthetic,hybrid_original,syn-0007,syn-0007-e10,hybrid_original-e38e5372d95d4d,old_price,False,,,0,0,0
synthetic,hybrid_original,syn-0007,syn-0007-e10,hybrid_original-e38e5372d95d4d,image_url,False,,,0,0,0
synthetic,hybrid_original,syn-0007,syn-0007-e10,hybrid_original-e38e5372d95d4d,reviews_count,False,,,0,0,0
synthetic,hybrid_original,syn-0007,syn-0007-e11,hybrid_original-2cd519982e7d1c,availability,True,True,True,1,0,0
synthetic,hybrid_original,syn-0007,syn-0007-e11,hybrid_original-2cd519982e7d1c,delivery_time,True,3–4 дня,3–4 дня,1,0,0
synthetic,hybrid_original,syn-0007,syn-0007-e11,hybrid_original-2cd519982e7d1c,old_price,False,,,0,0,0
synthetic,hybrid_original,syn-0007,syn-0007-e11,hybrid_original-2cd519982e7d1c,image_url,False,,,0,0,0
synthetic,hybrid_original,syn-0007,syn-0007-e11,hybrid_original-2cd519982e7d1c,reviews_count,False,,,0,0,0
synthetic,hybrid_original,syn-0007,syn-0007-e06,hybrid_original-4229165ccba769,availability,True,True,True,1,0,0
synthetic,hybrid_original,syn-0007,syn-0007-e06,hybrid_original-4229165ccba769,delivery_time,True,1–5 дня,1–5 дня,1,0,0
synthetic,hybrid_original,syn-0007,syn-0007-e06,hybrid_original-4229165ccba769,old_price,False,,,0,0,0
synthetic,hybrid_original,syn-0007,syn-0007-e06,hybrid_original-4229165ccba769,image_url,False,,,0,0,0
synthetic,hybrid_original,syn-0007,syn-0007-e06,hybrid_original-4229165ccba769,reviews_count,False,,,0,0,0
synthetic,hybrid_original,syn-0007,syn-0007-e17,hybrid_original-e8f334502d98d4,availability,True,True,True,1,0,0
synthetic,hybrid_original,syn-0007,syn-0007-e17,hybrid_original-e8f334502d98d4,delivery_time,True,1–5 дня,1–5 дня,1,0,0
synthetic,hybrid_original,syn-0007,syn-0007-e17,hybrid_original-e8f334502d98d4,old_price,False,,,0,0,0
synthetic,hybrid_original,syn-0007,syn-0007-e17,hybrid_original-e8f334502d98d4,image_url,False,,,0,0,0
synthetic,hybrid_original,syn-0007,syn-0007-e17,hybrid_original-e8f334502d98d4,reviews_count,False,,,0,0,0
synthetic,hybrid_original,syn-0007,syn-0007-e12,hybrid_original-3e63683a1aaf67,availability,True,True,True,1,0,0
synthetic,hybrid_original,syn-0007,syn-0007-e12,hybrid_original-3e63683a1aaf67,delivery_time,True,3–5 дня,3–5 дня,1,0,0
synthetic,hybrid_original,syn-0007,syn-0007-e12,hybrid_original-3e63683a1aaf67,old_price,False,,,0,0,0
synthetic,hybrid_original,syn-0007,syn-0007-e12,hybrid_original-3e63683a1aaf67,image_url,False,,,0,0,0
synthetic,hybrid_original,syn-0007,syn-0007-e12,hybrid_original-3e63683a1aaf67,reviews_count,False,,,0,0,0
synthetic,hybrid_original,syn-0007,syn-0007-e02,hybrid_original-651150774cd2c8,availability,True,False,False,1,0,0
synthetic,hybrid_original,syn-0007,syn-0007-e02,hybrid_original-651150774cd2c8,delivery_time,True,2–6 дня,2–6 дня,1,0,0
synthetic,hybrid_original,syn-0007,syn-0007-e02,hybrid_original-651150774cd2c8,old_price,False,,,0,0,0
synthetic,hybrid_original,syn-0007,syn-0007-e02,hybrid_original-651150774cd2c8,image_url,False,,,0,0,0
synthetic,hybrid_original,syn-0007,syn-0007-e02,hybrid_original-651150774cd2c8,reviews_count,False,,,0,0,0
synthetic,hybrid_original,syn-0007,syn-0007-e05,hybrid_original-4e57d4bf800184,availability,True,True,True,1,0,0
synthetic,hybrid_original,syn-0007,syn-0007-e05,hybrid_original-4e57d4bf800184,delivery_time,True,2–5 дня,2–5 дня,1,0,0
synthetic,hybrid_original,syn-0007,syn-0007-e05,hybrid_original-4e57d4bf800184,old_price,False,,,0,0,0
synthetic,hybrid_original,syn-0007,syn-0007-e05,hybrid_original-4e57d4bf800184,image_url,False,,,0,0,0
synthetic,hybrid_original,syn-0007,syn-0007-e05,hybrid_original-4e57d4bf800184,reviews_count,False,,,0,0,0
synthetic,hybrid_original,syn-0007,syn-0007-e13,hybrid_original-187a29ab656137,availability,True,True,True,1,0,0
synthetic,hybrid_original,syn-0007,syn-0007-e13,hybrid_original-187a29ab656137,delivery_time,True,1–5 дня,1–5 дня,1,0,0
synthetic,hybrid_original,syn-0007,syn-0007-e13,hybrid_original-187a29ab656137,old_price,False,,,0,0,0
synthetic,hybrid_original,syn-0007,syn-0007-e13,hybrid_original-187a29ab656137,image_url,False,,,0,0,0
synthetic,hybrid_original,syn-0007,syn-0007-e13,hybrid_original-187a29ab656137,reviews_count,False,,,0,0,0
synthetic,hybrid_original,syn-0007,syn-0007-e01,hybrid_original-9667b573e15afa,availability,True,True,True,1,0,0
synthetic,hybrid_original,syn-0007,syn-0007-e01,hybrid_original-9667b573e15afa,delivery_time,True,1–5 дня,1–5 дня,1,0,0
synthetic,hybrid_original,syn-0007,syn-0007-e01,hybrid_original-9667b573e15afa,old_price,False,,,0,0,0
synthetic,hybrid_original,syn-0007,syn-0007-e01,hybrid_original-9667b573e15afa,image_url,False,,,0,0,0
synthetic,hybrid_original,syn-0007,syn-0007-e01,hybrid_original-9667b573e15afa,reviews_count,False,,,0,0,0
synthetic,hybrid_original,syn-0007,syn-0007-e03,hybrid_original-f51979c1968ba4,availability,True,True,True,1,0,0
synthetic,hybrid_original,syn-0007,syn-0007-e03,hybrid_original-f51979c1968ba4,delivery_time,True,3–3 дня,3–3 дня,1,0,0
synthetic,hybrid_original,syn-0007,syn-0007-e03,hybrid_original-f51979c1968ba4,old_price,False,,,0,0,0
synthetic,hybrid_original,syn-0007,syn-0007-e03,hybrid_original-f51979c1968ba4,image_url,False,,,0,0,0
synthetic,hybrid_original,syn-0007,syn-0007-e03,hybrid_original-f51979c1968ba4,reviews_count,False,,,0,0,0
synthetic,hybrid_original,syn-0008,syn-0008-e01,hybrid_original-26f88e5d770c2c,availability,True,False,False,1,0,0
synthetic,hybrid_original,syn-0008,syn-0008-e01,hybrid_original-26f88e5d770c2c,delivery_time,True,2–6 дня,2–6 дня,1,0,0
synthetic,hybrid_original,syn-0008,syn-0008-e01,hybrid_original-26f88e5d770c2c,old_price,False,,,0,0,0
synthetic,hybrid_original,syn-0008,syn-0008-e01,hybrid_original-26f88e5d770c2c,image_url,False,,,0,0,0
synthetic,hybrid_original,syn-0008,syn-0008-e01,hybrid_original-26f88e5d770c2c,reviews_count,False,,,0,0,0
synthetic,hybrid_original,syn-0008,syn-0008-e16,hybrid_original-18681fa9d9eb5a,availability,True,True,,0,0,1
synthetic,hybrid_original,syn-0008,syn-0008-e16,hybrid_original-18681fa9d9eb5a,delivery_time,True,2–3 дня,,0,0,1
synthetic,hybrid_original,syn-0008,syn-0008-e16,hybrid_original-18681fa9d9eb5a,old_price,False,,,0,0,0
synthetic,hybrid_original,syn-0008,syn-0008-e16,hybrid_original-18681fa9d9eb5a,image_url,False,,,0,0,0
synthetic,hybrid_original,syn-0008,syn-0008-e16,hybrid_original-18681fa9d9eb5a,reviews_count,False,,,0,0,0
synthetic,hybrid_original,syn-0008,syn-0008-e15,hybrid_original-3d239291f80245,availability,True,True,,0,0,1
synthetic,hybrid_original,syn-0008,syn-0008-e15,hybrid_original-3d239291f80245,delivery_time,True,1–5 дня,,0,0,1
synthetic,hybrid_original,syn-0008,syn-0008-e15,hybrid_original-3d239291f80245,old_price,False,,,0,0,0
synthetic,hybrid_original,syn-0008,syn-0008-e15,hybrid_original-3d239291f80245,image_url,False,,,0,0,0
synthetic,hybrid_original,syn-0008,syn-0008-e15,hybrid_original-3d239291f80245,reviews_count,False,,,0,0,0
synthetic,hybrid_original,syn-0008,syn-0008-e09,hybrid_original-e54a7f6fbf1e85,availability,True,False,,0,0,1
synthetic,hybrid_original,syn-0008,syn-0008-e09,hybrid_original-e54a7f6fbf1e85,delivery_time,True,2–6 дня,,0,0,1
synthetic,hybrid_original,syn-0008,syn-0008-e09,hybrid_original-e54a7f6fbf1e85,old_price,False,,,0,0,0
synthetic,hybrid_original,syn-0008,syn-0008-e09,hybrid_original-e54a7f6fbf1e85,image_url,False,,,0,0,0
synthetic,hybrid_original,syn-0008,syn-0008-e09,hybrid_original-e54a7f6fbf1e85,reviews_count,False,,,0,0,0
synthetic,hybrid_original,syn-0008,syn-0008-e20,hybrid_original-7794e38e3d0f2e,availability,True,False,,0,0,1
synthetic,hybrid_original,syn-0008,syn-0008-e20,hybrid_original-7794e38e3d0f2e,delivery_time,True,2–6 дня,,0,0,1
synthetic,hybrid_original,syn-0008,syn-0008-e20,hybrid_original-7794e38e3d0f2e,old_price,False,,,0,0,0
synthetic,hybrid_original,syn-0008,syn-0008-e20,hybrid_original-7794e38e3d0f2e,image_url,False,,,0,0,0
synthetic,hybrid_original,syn-0008,syn-0008-e20,hybrid_original-7794e38e3d0f2e,reviews_count,False,,,0,0,0
synthetic,hybrid_original,syn-0008,syn-0008-e03,hybrid_original-312b8dbaf7f4bc,availability,True,True,True,1,0,0
synthetic,hybrid_original,syn-0008,syn-0008-e03,hybrid_original-312b8dbaf7f4bc,delivery_time,True,1–4 дня,1–4 дня,1,0,0
synthetic,hybrid_original,syn-0008,syn-0008-e03,hybrid_original-312b8dbaf7f4bc,old_price,False,,,0,0,0
synthetic,hybrid_original,syn-0008,syn-0008-e03,hybrid_original-312b8dbaf7f4bc,image_url,False,,,0,0,0
synthetic,hybrid_original,syn-0008,syn-0008-e03,hybrid_original-312b8dbaf7f4bc,reviews_count,False,,,0,0,0
synthetic,hybrid_original,syn-0008,syn-0008-e10,hybrid_original-7c4f7bed8b63bd,availability,True,False,,0,0,1
synthetic,hybrid_original,syn-0008,syn-0008-e10,hybrid_original-7c4f7bed8b63bd,delivery_time,True,1–3 дня,,0,0,1
synthetic,hybrid_original,syn-0008,syn-0008-e10,hybrid_original-7c4f7bed8b63bd,old_price,False,,,0,0,0
synthetic,hybrid_original,syn-0008,syn-0008-e10,hybrid_original-7c4f7bed8b63bd,image_url,False,,,0,0,0
synthetic,hybrid_original,syn-0008,syn-0008-e10,hybrid_original-7c4f7bed8b63bd,reviews_count,False,,,0,0,0
synthetic,hybrid_original,syn-0008,syn-0008-e21,hybrid_original-64498f1eae51f3,availability,True,False,,0,0,1
synthetic,hybrid_original,syn-0008,syn-0008-e21,hybrid_original-64498f1eae51f3,delivery_time,True,1–3 дня,,0,0,1
synthetic,hybrid_original,syn-0008,syn-0008-e21,hybrid_original-64498f1eae51f3,old_price,False,,,0,0,0
synthetic,hybrid_original,syn-0008,syn-0008-e21,hybrid_original-64498f1eae51f3,image_url,False,,,0,0,0
synthetic,hybrid_original,syn-0008,syn-0008-e21,hybrid_original-64498f1eae51f3,reviews_count,False,,,0,0,0
synthetic,hybrid_original,syn-0008,syn-0008-e07,hybrid_original-265ece205b65c0,availability,True,True,True,1,0,0
synthetic,hybrid_original,syn-0008,syn-0008-e07,hybrid_original-265ece205b65c0,delivery_time,True,2–4 дня,2–4 дня,1,0,0
synthetic,hybrid_original,syn-0008,syn-0008-e07,hybrid_original-265ece205b65c0,old_price,False,,,0,0,0
synthetic,hybrid_original,syn-0008,syn-0008-e07,hybrid_original-265ece205b65c0,image_url,False,,,0,0,0
synthetic,hybrid_original,syn-0008,syn-0008-e07,hybrid_original-265ece205b65c0,reviews_count,False,,,0,0,0
synthetic,hybrid_original,syn-0008,syn-0008-e18,hybrid_original-3e46c997b56331,availability,True,True,,0,0,1
synthetic,hybrid_original,syn-0008,syn-0008-e18,hybrid_original-3e46c997b56331,delivery_time,True,2–4 дня,,0,0,1
synthetic,hybrid_original,syn-0008,syn-0008-e18,hybrid_original-3e46c997b56331,old_price,False,,,0,0,0
synthetic,hybrid_original,syn-0008,syn-0008-e18,hybrid_original-3e46c997b56331,image_url,False,,,0,0,0
synthetic,hybrid_original,syn-0008,syn-0008-e18,hybrid_original-3e46c997b56331,reviews_count,False,,,0,0,0
synthetic,hybrid_original,syn-0008,syn-0008-e11,hybrid_original-ade8f346fcfa80,availability,True,True,,0,0,1
synthetic,hybrid_original,syn-0008,syn-0008-e11,hybrid_original-ade8f346fcfa80,delivery_time,True,3–4 дня,,0,0,1
synthetic,hybrid_original,syn-0008,syn-0008-e11,hybrid_original-ade8f346fcfa80,old_price,False,,,0,0,0
synthetic,hybrid_original,syn-0008,syn-0008-e11,hybrid_original-ade8f346fcfa80,image_url,False,,,0,0,0
synthetic,hybrid_original,syn-0008,syn-0008-e11,hybrid_original-ade8f346fcfa80,reviews_count,False,,,0,0,0
synthetic,hybrid_original,syn-0008,syn-0008-e22,hybrid_original-ebf6570470a6a6,availability,True,True,,0,0,1
synthetic,hybrid_original,syn-0008,syn-0008-e22,hybrid_original-ebf6570470a6a6,delivery_time,True,3–4 дня,,0,0,1
synthetic,hybrid_original,syn-0008,syn-0008-e22,hybrid_original-ebf6570470a6a6,old_price,False,,,0,0,0
synthetic,hybrid_original,syn-0008,syn-0008-e22,hybrid_original-ebf6570470a6a6,image_url,False,,,0,0,0
synthetic,hybrid_original,syn-0008,syn-0008-e22,hybrid_original-ebf6570470a6a6,reviews_count,False,,,0,0,0
synthetic,hybrid_original,syn-0008,syn-0008-e04,hybrid_original-761fbb7d597144,availability,True,True,True,1,0,0
synthetic,hybrid_original,syn-0008,syn-0008-e04,hybrid_original-761fbb7d597144,delivery_time,True,2–5 дня,2–5 дня,1,0,0
synthetic,hybrid_original,syn-0008,syn-0008-e04,hybrid_original-761fbb7d597144,old_price,False,,,0,0,0
synthetic,hybrid_original,syn-0008,syn-0008-e04,hybrid_original-761fbb7d597144,image_url,False,,,0,0,0
synthetic,hybrid_original,syn-0008,syn-0008-e04,hybrid_original-761fbb7d597144,reviews_count,False,,,0,0,0
synthetic,hybrid_original,syn-0008,syn-0008-e23,hybrid_original-97f62d70b47d55,availability,True,True,,0,0,1
synthetic,hybrid_original,syn-0008,syn-0008-e23,hybrid_original-97f62d70b47d55,delivery_time,True,3–4 дня,,0,0,1
synthetic,hybrid_original,syn-0008,syn-0008-e23,hybrid_original-97f62d70b47d55,old_price,False,,,0,0,0
synthetic,hybrid_original,syn-0008,syn-0008-e23,hybrid_original-97f62d70b47d55,image_url,False,,,0,0,0
synthetic,hybrid_original,syn-0008,syn-0008-e23,hybrid_original-97f62d70b47d55,reviews_count,False,,,0,0,0
synthetic,hybrid_original,syn-0008,syn-0008-e06,hybrid_original-c6ba5c3aad429a,availability,True,True,True,1,0,0
synthetic,hybrid_original,syn-0008,syn-0008-e06,hybrid_original-c6ba5c3aad429a,delivery_time,True,1–5 дня,1–5 дня,1,0,0
synthetic,hybrid_original,syn-0008,syn-0008-e06,hybrid_original-c6ba5c3aad429a,old_price,False,,,0,0,0
synthetic,hybrid_original,syn-0008,syn-0008-e06,hybrid_original-c6ba5c3aad429a,image_url,False,,,0,0,0
synthetic,hybrid_original,syn-0008,syn-0008-e06,hybrid_original-c6ba5c3aad429a,reviews_count,False,,,0,0,0
synthetic,hybrid_original,syn-0008,syn-0008-e17,hybrid_original-b632221698cfa0,availability,True,True,,0,0,1
synthetic,hybrid_original,syn-0008,syn-0008-e17,hybrid_original-b632221698cfa0,delivery_time,True,1–5 дня,,0,0,1
synthetic,hybrid_original,syn-0008,syn-0008-e17,hybrid_original-b632221698cfa0,old_price,False,,,0,0,0
synthetic,hybrid_original,syn-0008,syn-0008-e17,hybrid_original-b632221698cfa0,image_url,False,,,0,0,0
synthetic,hybrid_original,syn-0008,syn-0008-e17,hybrid_original-b632221698cfa0,reviews_count,False,,,0,0,0
synthetic,hybrid_original,syn-0008,syn-0008-e12,hybrid_original-49951cfc6c1979,availability,True,True,,0,0,1
synthetic,hybrid_original,syn-0008,syn-0008-e12,hybrid_original-49951cfc6c1979,delivery_time,True,3–5 дня,,0,0,1
synthetic,hybrid_original,syn-0008,syn-0008-e12,hybrid_original-49951cfc6c1979,old_price,False,,,0,0,0
synthetic,hybrid_original,syn-0008,syn-0008-e12,hybrid_original-49951cfc6c1979,image_url,False,,,0,0,0
synthetic,hybrid_original,syn-0008,syn-0008-e12,hybrid_original-49951cfc6c1979,reviews_count,False,,,0,0,0
synthetic,hybrid_original,syn-0008,syn-0008-e24,hybrid_original-198d6ffeffad81,availability,True,True,,0,0,1
synthetic,hybrid_original,syn-0008,syn-0008-e24,hybrid_original-198d6ffeffad81,delivery_time,True,3–5 дня,,0,0,1
synthetic,hybrid_original,syn-0008,syn-0008-e24,hybrid_original-198d6ffeffad81,old_price,False,,,0,0,0
synthetic,hybrid_original,syn-0008,syn-0008-e24,hybrid_original-198d6ffeffad81,image_url,False,,,0,0,0
synthetic,hybrid_original,syn-0008,syn-0008-e24,hybrid_original-198d6ffeffad81,reviews_count,False,,,0,0,0
synthetic,hybrid_original,syn-0008,syn-0008-e13,hybrid_original-fdae7ab5c80ccf,availability,True,True,,0,0,1
synthetic,hybrid_original,syn-0008,syn-0008-e13,hybrid_original-fdae7ab5c80ccf,delivery_time,True,2–3 дня,,0,0,1
synthetic,hybrid_original,syn-0008,syn-0008-e13,hybrid_original-fdae7ab5c80ccf,old_price,False,,,0,0,0
synthetic,hybrid_original,syn-0008,syn-0008-e13,hybrid_original-fdae7ab5c80ccf,image_url,False,,,0,0,0
synthetic,hybrid_original,syn-0008,syn-0008-e13,hybrid_original-fdae7ab5c80ccf,reviews_count,False,,,0,0,0
synthetic,hybrid_original,syn-0008,syn-0008-e02,hybrid_original-e7ba5b16908e8b,availability,True,True,True,1,0,0
synthetic,hybrid_original,syn-0008,syn-0008-e02,hybrid_original-e7ba5b16908e8b,delivery_time,True,3–3 дня,3–3 дня,1,0,0
synthetic,hybrid_original,syn-0008,syn-0008-e02,hybrid_original-e7ba5b16908e8b,old_price,False,,,0,0,0
synthetic,hybrid_original,syn-0008,syn-0008-e02,hybrid_original-e7ba5b16908e8b,image_url,False,,,0,0,0
synthetic,hybrid_original,syn-0008,syn-0008-e02,hybrid_original-e7ba5b16908e8b,reviews_count,False,,,0,0,0
synthetic,hybrid_original,syn-0008,syn-0008-e05,hybrid_original-7aec14381b697c,availability,True,True,True,1,0,0
synthetic,hybrid_original,syn-0008,syn-0008-e05,hybrid_original-7aec14381b697c,delivery_time,True,3–6 дня,3–6 дня,1,0,0
synthetic,hybrid_original,syn-0008,syn-0008-e05,hybrid_original-7aec14381b697c,old_price,False,,,0,0,0
synthetic,hybrid_original,syn-0008,syn-0008-e05,hybrid_original-7aec14381b697c,image_url,False,,,0,0,0
synthetic,hybrid_original,syn-0008,syn-0008-e05,hybrid_original-7aec14381b697c,reviews_count,False,,,0,0,0
synthetic,hybrid_original,syn-0008,syn-0008-e14,hybrid_original-b46424744d9c97,availability,True,True,,0,0,1
synthetic,hybrid_original,syn-0008,syn-0008-e14,hybrid_original-b46424744d9c97,delivery_time,True,1–6 дня,,0,0,1
synthetic,hybrid_original,syn-0008,syn-0008-e14,hybrid_original-b46424744d9c97,old_price,False,,,0,0,0
synthetic,hybrid_original,syn-0008,syn-0008-e14,hybrid_original-b46424744d9c97,image_url,False,,,0,0,0
synthetic,hybrid_original,syn-0008,syn-0008-e14,hybrid_original-b46424744d9c97,reviews_count,False,,,0,0,0
synthetic,hybrid_original,syn-0008,syn-0008-e08,hybrid_original-b1a13537d0d19d,availability,True,True,True,1,0,0
synthetic,hybrid_original,syn-0008,syn-0008-e08,hybrid_original-b1a13537d0d19d,delivery_time,True,1–6 дня,1–6 дня,1,0,0
synthetic,hybrid_original,syn-0008,syn-0008-e08,hybrid_original-b1a13537d0d19d,old_price,False,,,0,0,0
synthetic,hybrid_original,syn-0008,syn-0008-e08,hybrid_original-b1a13537d0d19d,image_url,False,,,0,0,0
synthetic,hybrid_original,syn-0008,syn-0008-e08,hybrid_original-b1a13537d0d19d,reviews_count,False,,,0,0,0
synthetic,hybrid_original,syn-0008,syn-0008-e19,hybrid_original-6c944e82f221b6,availability,True,True,,0,0,1
synthetic,hybrid_original,syn-0008,syn-0008-e19,hybrid_original-6c944e82f221b6,delivery_time,True,1–6 дня,,0,0,1
synthetic,hybrid_original,syn-0008,syn-0008-e19,hybrid_original-6c944e82f221b6,old_price,False,,,0,0,0
synthetic,hybrid_original,syn-0008,syn-0008-e19,hybrid_original-6c944e82f221b6,image_url,False,,,0,0,0
synthetic,hybrid_original,syn-0008,syn-0008-e19,hybrid_original-6c944e82f221b6,reviews_count,False,,,0,0,0
synthetic,hybrid_original,syn-0009,syn-0009-e06,hybrid_original-b60217fa59186d,availability,True,True,True,1,0,0
synthetic,hybrid_original,syn-0009,syn-0009-e06,hybrid_original-b60217fa59186d,delivery_time,True,2–3 дня,2–3 дня,1,0,0
synthetic,hybrid_original,syn-0009,syn-0009-e06,hybrid_original-b60217fa59186d,old_price,False,,,0,0,0
synthetic,hybrid_original,syn-0009,syn-0009-e06,hybrid_original-b60217fa59186d,image_url,False,,,0,0,0
synthetic,hybrid_original,syn-0009,syn-0009-e06,hybrid_original-b60217fa59186d,reviews_count,False,,,0,0,0
synthetic,hybrid_original,syn-0009,syn-0009-e16,hybrid_original-cea7f758d50014,availability,True,True,,0,0,1
synthetic,hybrid_original,syn-0009,syn-0009-e16,hybrid_original-cea7f758d50014,delivery_time,True,2–3 дня,,0,0,1
synthetic,hybrid_original,syn-0009,syn-0009-e16,hybrid_original-cea7f758d50014,old_price,False,,,0,0,0
synthetic,hybrid_original,syn-0009,syn-0009-e16,hybrid_original-cea7f758d50014,image_url,False,,,0,0,0
synthetic,hybrid_original,syn-0009,syn-0009-e16,hybrid_original-cea7f758d50014,reviews_count,False,,,0,0,0
synthetic,hybrid_original,syn-0009,syn-0009-e15,hybrid_original-92d349771c2ec5,availability,True,True,,0,0,1
synthetic,hybrid_original,syn-0009,syn-0009-e15,hybrid_original-92d349771c2ec5,delivery_time,True,1–5 дня,,0,0,1
synthetic,hybrid_original,syn-0009,syn-0009-e15,hybrid_original-92d349771c2ec5,old_price,False,,,0,0,0
synthetic,hybrid_original,syn-0009,syn-0009-e15,hybrid_original-92d349771c2ec5,image_url,False,,,0,0,0
synthetic,hybrid_original,syn-0009,syn-0009-e15,hybrid_original-92d349771c2ec5,reviews_count,False,,,0,0,0
synthetic,hybrid_original,syn-0009,syn-0009-e05,hybrid_original-9a6b08557adf78,availability,True,True,True,1,0,0
synthetic,hybrid_original,syn-0009,syn-0009-e05,hybrid_original-9a6b08557adf78,delivery_time,True,1–3 дня,1–3 дня,1,0,0
synthetic,hybrid_original,syn-0009,syn-0009-e05,hybrid_original-9a6b08557adf78,old_price,False,,,0,0,0
synthetic,hybrid_original,syn-0009,syn-0009-e05,hybrid_original-9a6b08557adf78,image_url,False,,,0,0,0
synthetic,hybrid_original,syn-0009,syn-0009-e05,hybrid_original-9a6b08557adf78,reviews_count,False,,,0,0,0
synthetic,hybrid_original,syn-0009,syn-0009-e20,hybrid_original-c37027b5eab95f,availability,True,False,,0,0,1
synthetic,hybrid_original,syn-0009,syn-0009-e20,hybrid_original-c37027b5eab95f,delivery_time,True,2–6 дня,,0,0,1
synthetic,hybrid_original,syn-0009,syn-0009-e20,hybrid_original-c37027b5eab95f,old_price,False,,,0,0,0
synthetic,hybrid_original,syn-0009,syn-0009-e20,hybrid_original-c37027b5eab95f,image_url,False,,,0,0,0
synthetic,hybrid_original,syn-0009,syn-0009-e20,hybrid_original-c37027b5eab95f,reviews_count,False,,,0,0,0
synthetic,hybrid_original,syn-0009,syn-0009-e14,hybrid_original-a4987f0c689569,availability,True,True,,0,0,1
synthetic,hybrid_original,syn-0009,syn-0009-e14,hybrid_original-a4987f0c689569,delivery_time,True,2–3 дня,,0,0,1
synthetic,hybrid_original,syn-0009,syn-0009-e14,hybrid_original-a4987f0c689569,old_price,False,,,0,0,0
synthetic,hybrid_original,syn-0009,syn-0009-e14,hybrid_original-a4987f0c689569,image_url,False,,,0,0,0
synthetic,hybrid_original,syn-0009,syn-0009-e14,hybrid_original-a4987f0c689569,reviews_count,False,,,0,0,0
synthetic,hybrid_original,syn-0009,syn-0009-e09,hybrid_original-3d8fbe9f88f105,availability,True,False,,0,0,1
synthetic,hybrid_original,syn-0009,syn-0009-e09,hybrid_original-3d8fbe9f88f105,delivery_time,True,1–3 дня,,0,0,1
synthetic,hybrid_original,syn-0009,syn-0009-e09,hybrid_original-3d8fbe9f88f105,old_price,False,,,0,0,0
synthetic,hybrid_original,syn-0009,syn-0009-e09,hybrid_original-3d8fbe9f88f105,image_url,False,,,0,0,0
synthetic,hybrid_original,syn-0009,syn-0009-e09,hybrid_original-3d8fbe9f88f105,reviews_count,False,,,0,0,0
synthetic,hybrid_original,syn-0009,syn-0009-e07,hybrid_original-9d3aa88cdbdf75,availability,True,True,True,1,0,0
synthetic,hybrid_original,syn-0009,syn-0009-e07,hybrid_original-9d3aa88cdbdf75,delivery_time,True,2–4 дня,2–4 дня,1,0,0
synthetic,hybrid_original,syn-0009,syn-0009-e07,hybrid_original-9d3aa88cdbdf75,old_price,False,,,0,0,0
synthetic,hybrid_original,syn-0009,syn-0009-e07,hybrid_original-9d3aa88cdbdf75,image_url,False,,,0,0,0
synthetic,hybrid_original,syn-0009,syn-0009-e07,hybrid_original-9d3aa88cdbdf75,reviews_count,False,,,0,0,0
synthetic,hybrid_original,syn-0009,syn-0009-e18,hybrid_original-6e6f5a5821c28a,availability,True,True,,0,0,1
synthetic,hybrid_original,syn-0009,syn-0009-e18,hybrid_original-6e6f5a5821c28a,delivery_time,True,2–4 дня,,0,0,1
synthetic,hybrid_original,syn-0009,syn-0009-e18,hybrid_original-6e6f5a5821c28a,old_price,False,,,0,0,0
synthetic,hybrid_original,syn-0009,syn-0009-e18,hybrid_original-6e6f5a5821c28a,image_url,False,,,0,0,0
synthetic,hybrid_original,syn-0009,syn-0009-e18,hybrid_original-6e6f5a5821c28a,reviews_count,False,,,0,0,0
synthetic,hybrid_original,syn-0009,syn-0009-e03,hybrid_original-bd5d8d84740b2b,availability,True,True,True,1,0,0
synthetic,hybrid_original,syn-0009,syn-0009-e03,hybrid_original-bd5d8d84740b2b,delivery_time,True,2–5 дня,2–5 дня,1,0,0
synthetic,hybrid_original,syn-0009,syn-0009-e03,hybrid_original-bd5d8d84740b2b,old_price,False,,,0,0,0
synthetic,hybrid_original,syn-0009,syn-0009-e03,hybrid_original-bd5d8d84740b2b,image_url,False,,,0,0,0
synthetic,hybrid_original,syn-0009,syn-0009-e03,hybrid_original-bd5d8d84740b2b,reviews_count,False,,,0,0,0
synthetic,hybrid_original,syn-0009,syn-0009-e01,hybrid_original-b54dfff99f086c,availability,True,True,True,1,0,0
synthetic,hybrid_original,syn-0009,syn-0009-e01,hybrid_original-b54dfff99f086c,delivery_time,True,3–3 дня,3–3 дня,1,0,0
synthetic,hybrid_original,syn-0009,syn-0009-e01,hybrid_original-b54dfff99f086c,old_price,False,,,0,0,0
synthetic,hybrid_original,syn-0009,syn-0009-e01,hybrid_original-b54dfff99f086c,image_url,False,,,0,0,0
synthetic,hybrid_original,syn-0009,syn-0009-e01,hybrid_original-b54dfff99f086c,reviews_count,False,,,0,0,0
synthetic,hybrid_original,syn-0009,syn-0009-e04,hybrid_original-dfd1a1c8a6d77d,availability,True,True,True,1,0,0
synthetic,hybrid_original,syn-0009,syn-0009-e04,hybrid_original-dfd1a1c8a6d77d,delivery_time,True,3–6 дня,3–6 дня,1,0,0
synthetic,hybrid_original,syn-0009,syn-0009-e04,hybrid_original-dfd1a1c8a6d77d,old_price,False,,,0,0,0
synthetic,hybrid_original,syn-0009,syn-0009-e04,hybrid_original-dfd1a1c8a6d77d,image_url,False,,,0,0,0
synthetic,hybrid_original,syn-0009,syn-0009-e04,hybrid_original-dfd1a1c8a6d77d,reviews_count,False,,,0,0,0
synthetic,hybrid_original,syn-0009,syn-0009-e17,hybrid_original-8ae84db80c02b5,availability,True,True,,0,0,1
synthetic,hybrid_original,syn-0009,syn-0009-e17,hybrid_original-8ae84db80c02b5,delivery_time,True,1–5 дня,,0,0,1
synthetic,hybrid_original,syn-0009,syn-0009-e17,hybrid_original-8ae84db80c02b5,old_price,False,,,0,0,0
synthetic,hybrid_original,syn-0009,syn-0009-e17,hybrid_original-8ae84db80c02b5,image_url,False,,,0,0,0
synthetic,hybrid_original,syn-0009,syn-0009-e17,hybrid_original-8ae84db80c02b5,reviews_count,False,,,0,0,0
synthetic,hybrid_original,syn-0009,syn-0009-e10,hybrid_original-00cc8e266d1093,availability,True,True,,0,0,1
synthetic,hybrid_original,syn-0009,syn-0009-e10,hybrid_original-00cc8e266d1093,delivery_time,True,3–5 дня,,0,0,1
synthetic,hybrid_original,syn-0009,syn-0009-e10,hybrid_original-00cc8e266d1093,old_price,False,,,0,0,0
synthetic,hybrid_original,syn-0009,syn-0009-e10,hybrid_original-00cc8e266d1093,image_url,False,,,0,0,0
synthetic,hybrid_original,syn-0009,syn-0009-e10,hybrid_original-00cc8e266d1093,reviews_count,False,,,0,0,0
synthetic,hybrid_original,syn-0009,syn-0009-e11,hybrid_original-85f0955835d0b8,availability,True,True,,0,0,1
synthetic,hybrid_original,syn-0009,syn-0009-e11,hybrid_original-85f0955835d0b8,delivery_time,True,2–3 дня,,0,0,1
synthetic,hybrid_original,syn-0009,syn-0009-e11,hybrid_original-85f0955835d0b8,old_price,False,,,0,0,0
synthetic,hybrid_original,syn-0009,syn-0009-e11,hybrid_original-85f0955835d0b8,image_url,False,,,0,0,0
synthetic,hybrid_original,syn-0009,syn-0009-e11,hybrid_original-85f0955835d0b8,reviews_count,False,,,0,0,0
synthetic,hybrid_original,syn-0009,syn-0009-e12,hybrid_original-f7375e9bea5294,availability,True,True,,0,0,1
synthetic,hybrid_original,syn-0009,syn-0009-e12,hybrid_original-f7375e9bea5294,delivery_time,True,3–4 дня,,0,0,1
synthetic,hybrid_original,syn-0009,syn-0009-e12,hybrid_original-f7375e9bea5294,old_price,False,,,0,0,0
synthetic,hybrid_original,syn-0009,syn-0009-e12,hybrid_original-f7375e9bea5294,image_url,False,,,0,0,0
synthetic,hybrid_original,syn-0009,syn-0009-e12,hybrid_original-f7375e9bea5294,reviews_count,False,,,0,0,0
synthetic,hybrid_original,syn-0009,syn-0009-e02,hybrid_original-e4ba479c0308f2,availability,True,True,True,1,0,0
synthetic,hybrid_original,syn-0009,syn-0009-e02,hybrid_original-e4ba479c0308f2,delivery_time,True,1–4 дня,1–4 дня,1,0,0
synthetic,hybrid_original,syn-0009,syn-0009-e02,hybrid_original-e4ba479c0308f2,old_price,False,,,0,0,0
synthetic,hybrid_original,syn-0009,syn-0009-e02,hybrid_original-e4ba479c0308f2,image_url,False,,,0,0,0
synthetic,hybrid_original,syn-0009,syn-0009-e02,hybrid_original-e4ba479c0308f2,reviews_count,False,,,0,0,0
synthetic,hybrid_original,syn-0009,syn-0009-e13,hybrid_original-daece63f26e725,availability,True,True,,0,0,1
synthetic,hybrid_original,syn-0009,syn-0009-e13,hybrid_original-daece63f26e725,delivery_time,True,1–6 дня,,0,0,1
synthetic,hybrid_original,syn-0009,syn-0009-e13,hybrid_original-daece63f26e725,old_price,False,,,0,0,0
synthetic,hybrid_original,syn-0009,syn-0009-e13,hybrid_original-daece63f26e725,image_url,False,,,0,0,0
synthetic,hybrid_original,syn-0009,syn-0009-e13,hybrid_original-daece63f26e725,reviews_count,False,,,0,0,0
synthetic,hybrid_original,syn-0009,syn-0009-e08,hybrid_original-428d8620a8196d,availability,True,True,True,1,0,0
synthetic,hybrid_original,syn-0009,syn-0009-e08,hybrid_original-428d8620a8196d,delivery_time,True,1–6 дня,1–6 дня,1,0,0
synthetic,hybrid_original,syn-0009,syn-0009-e08,hybrid_original-428d8620a8196d,old_price,False,,,0,0,0
synthetic,hybrid_original,syn-0009,syn-0009-e08,hybrid_original-428d8620a8196d,image_url,False,,,0,0,0
synthetic,hybrid_original,syn-0009,syn-0009-e08,hybrid_original-428d8620a8196d,reviews_count,False,,,0,0,0
synthetic,hybrid_original,syn-0009,syn-0009-e19,hybrid_original-9c82b96ef43f35,availability,True,True,,0,0,1
synthetic,hybrid_original,syn-0009,syn-0009-e19,hybrid_original-9c82b96ef43f35,delivery_time,True,1–6 дня,,0,0,1
synthetic,hybrid_original,syn-0009,syn-0009-e19,hybrid_original-9c82b96ef43f35,old_price,False,,,0,0,0
synthetic,hybrid_original,syn-0009,syn-0009-e19,hybrid_original-9c82b96ef43f35,image_url,False,,,0,0,0
synthetic,hybrid_original,syn-0009,syn-0009-e19,hybrid_original-9c82b96ef43f35,reviews_count,False,,,0,0,0
synthetic,hybrid_original,syn-0010,syn-0010-e06,hybrid_original-367f9a6f98cfaf,availability,True,True,True,1,0,0
synthetic,hybrid_original,syn-0010,syn-0010-e06,hybrid_original-367f9a6f98cfaf,delivery_time,True,2–3 дня,2–3 дня,1,0,0
synthetic,hybrid_original,syn-0010,syn-0010-e06,hybrid_original-367f9a6f98cfaf,old_price,False,,,0,0,0
synthetic,hybrid_original,syn-0010,syn-0010-e06,hybrid_original-367f9a6f98cfaf,image_url,False,,,0,0,0
synthetic,hybrid_original,syn-0010,syn-0010-e06,hybrid_original-367f9a6f98cfaf,reviews_count,False,,,0,0,0
synthetic,hybrid_original,syn-0010,syn-0010-e16,hybrid_original-f550b56c1dbba2,availability,True,True,True,1,0,0
synthetic,hybrid_original,syn-0010,syn-0010-e16,hybrid_original-f550b56c1dbba2,delivery_time,True,2–3 дня,2–3 дня,1,0,0
synthetic,hybrid_original,syn-0010,syn-0010-e16,hybrid_original-f550b56c1dbba2,old_price,False,,,0,0,0
synthetic,hybrid_original,syn-0010,syn-0010-e16,hybrid_original-f550b56c1dbba2,image_url,False,,,0,0,0
synthetic,hybrid_original,syn-0010,syn-0010-e16,hybrid_original-f550b56c1dbba2,reviews_count,False,,,0,0,0
synthetic,hybrid_original,syn-0010,syn-0010-e03,hybrid_original-e4fafde4e5afbd,availability,True,True,True,1,0,0
synthetic,hybrid_original,syn-0010,syn-0010-e03,hybrid_original-e4fafde4e5afbd,delivery_time,True,3–6 дня,3–6 дня,1,0,0
synthetic,hybrid_original,syn-0010,syn-0010-e03,hybrid_original-e4fafde4e5afbd,old_price,False,,,0,0,0
synthetic,hybrid_original,syn-0010,syn-0010-e03,hybrid_original-e4fafde4e5afbd,image_url,False,,,0,0,0
synthetic,hybrid_original,syn-0010,syn-0010-e03,hybrid_original-e4fafde4e5afbd,reviews_count,False,,,0,0,0
synthetic,hybrid_original,syn-0010,syn-0010-e02,hybrid_original-22a8a06769547f,availability,True,True,True,1,0,0
synthetic,hybrid_original,syn-0010,syn-0010-e02,hybrid_original-22a8a06769547f,delivery_time,True,2–5 дня,2–5 дня,1,0,0
synthetic,hybrid_original,syn-0010,syn-0010-e02,hybrid_original-22a8a06769547f,old_price,False,,,0,0,0
synthetic,hybrid_original,syn-0010,syn-0010-e02,hybrid_original-22a8a06769547f,image_url,False,,,0,0,0
synthetic,hybrid_original,syn-0010,syn-0010-e02,hybrid_original-22a8a06769547f,reviews_count,False,,,0,0,0
synthetic,hybrid_original,syn-0010,syn-0010-e20,hybrid_original-2fec176aa16057,availability,True,False,False,1,0,0
synthetic,hybrid_original,syn-0010,syn-0010-e20,hybrid_original-2fec176aa16057,delivery_time,True,2–6 дня,2–6 дня,1,0,0
synthetic,hybrid_original,syn-0010,syn-0010-e20,hybrid_original-2fec176aa16057,old_price,False,,,0,0,0
synthetic,hybrid_original,syn-0010,syn-0010-e20,hybrid_original-2fec176aa16057,image_url,False,,,0,0,0
synthetic,hybrid_original,syn-0010,syn-0010-e20,hybrid_original-2fec176aa16057,reviews_count,False,,,0,0,0
synthetic,hybrid_original,syn-0010,syn-0010-e15,hybrid_original-acd23f3b939b9c,availability,True,True,True,1,0,0
synthetic,hybrid_original,syn-0010,syn-0010-e15,hybrid_original-acd23f3b939b9c,delivery_time,True,2–3 дня,2–3 дня,1,0,0
synthetic,hybrid_original,syn-0010,syn-0010-e15,hybrid_original-acd23f3b939b9c,old_price,False,,,0,0,0
synthetic,hybrid_original,syn-0010,syn-0010-e15,hybrid_original-acd23f3b939b9c,image_url,False,,,0,0,0
synthetic,hybrid_original,syn-0010,syn-0010-e15,hybrid_original-acd23f3b939b9c,reviews_count,False,,,0,0,0
synthetic,hybrid_original,syn-0010,syn-0010-e04,hybrid_original-344e6b8b62b7cf,availability,True,True,True,1,0,0
synthetic,hybrid_original,syn-0010,syn-0010-e04,hybrid_original-344e6b8b62b7cf,delivery_time,True,1–3 дня,1–3 дня,1,0,0
synthetic,hybrid_original,syn-0010,syn-0010-e04,hybrid_original-344e6b8b62b7cf,old_price,False,,,0,0,0
synthetic,hybrid_original,syn-0010,syn-0010-e04,hybrid_original-344e6b8b62b7cf,image_url,False,,,0,0,0
synthetic,hybrid_original,syn-0010,syn-0010-e04,hybrid_original-344e6b8b62b7cf,reviews_count,False,,,0,0,0
synthetic,hybrid_original,syn-0010,syn-0010-e21,hybrid_original-6e14a471b57763,availability,True,False,False,1,0,0
synthetic,hybrid_original,syn-0010,syn-0010-e21,hybrid_original-6e14a471b57763,delivery_time,True,1–3 дня,1–3 дня,1,0,0
synthetic,hybrid_original,syn-0010,syn-0010-e21,hybrid_original-6e14a471b57763,old_price,False,,,0,0,0
synthetic,hybrid_original,syn-0010,syn-0010-e21,hybrid_original-6e14a471b57763,image_url,False,,,0,0,0
synthetic,hybrid_original,syn-0010,syn-0010-e21,hybrid_original-6e14a471b57763,reviews_count,False,,,0,0,0
synthetic,hybrid_original,syn-0010,syn-0010-e05,hybrid_original-5327a699655e12,availability,True,True,True,1,0,0
synthetic,hybrid_original,syn-0010,syn-0010-e05,hybrid_original-5327a699655e12,delivery_time,True,2–4 дня,2–4 дня,1,0,0
synthetic,hybrid_original,syn-0010,syn-0010-e05,hybrid_original-5327a699655e12,old_price,False,,,0,0,0
synthetic,hybrid_original,syn-0010,syn-0010-e05,hybrid_original-5327a699655e12,image_url,False,,,0,0,0
synthetic,hybrid_original,syn-0010,syn-0010-e05,hybrid_original-5327a699655e12,reviews_count,False,,,0,0,0
synthetic,hybrid_original,syn-0010,syn-0010-e18,hybrid_original-9d3abf62a6a9c5,availability,True,True,True,1,0,0
synthetic,hybrid_original,syn-0010,syn-0010-e18,hybrid_original-9d3abf62a6a9c5,delivery_time,True,2–4 дня,2–4 дня,1,0,0
synthetic,hybrid_original,syn-0010,syn-0010-e18,hybrid_original-9d3abf62a6a9c5,old_price,False,,,0,0,0
synthetic,hybrid_original,syn-0010,syn-0010-e18,hybrid_original-9d3abf62a6a9c5,image_url,False,,,0,0,0
synthetic,hybrid_original,syn-0010,syn-0010-e18,hybrid_original-9d3abf62a6a9c5,reviews_count,False,,,0,0,0
synthetic,hybrid_original,syn-0010,syn-0010-e08,hybrid_original-723daf6f081b6b,availability,True,True,True,1,0,0
synthetic,hybrid_original,syn-0010,syn-0010-e08,hybrid_original-723daf6f081b6b,delivery_time,True,3–4 дня,3–4 дня,1,0,0
synthetic,hybrid_original,syn-0010,syn-0010-e08,hybrid_original-723daf6f081b6b,old_price,False,,,0,0,0
synthetic,hybrid_original,syn-0010,syn-0010-e08,hybrid_original-723daf6f081b6b,image_url,False,,,0,0,0
synthetic,hybrid_original,syn-0010,syn-0010-e08,hybrid_original-723daf6f081b6b,reviews_count,False,,,0,0,0
synthetic,hybrid_original,syn-0010,syn-0010-e22,hybrid_original-55e0207d04a158,availability,True,True,True,1,0,0
synthetic,hybrid_original,syn-0010,syn-0010-e22,hybrid_original-55e0207d04a158,delivery_time,True,3–4 дня,3–4 дня,1,0,0
synthetic,hybrid_original,syn-0010,syn-0010-e22,hybrid_original-55e0207d04a158,old_price,False,,,0,0,0
synthetic,hybrid_original,syn-0010,syn-0010-e22,hybrid_original-55e0207d04a158,image_url,False,,,0,0,0
synthetic,hybrid_original,syn-0010,syn-0010-e22,hybrid_original-55e0207d04a158,reviews_count,False,,,0,0,0
synthetic,hybrid_original,syn-0010,syn-0010-e09,hybrid_original-5a73aba5252bf0,availability,True,True,True,1,0,0
synthetic,hybrid_original,syn-0010,syn-0010-e09,hybrid_original-5a73aba5252bf0,delivery_time,True,3–4 дня,3–4 дня,1,0,0
synthetic,hybrid_original,syn-0010,syn-0010-e09,hybrid_original-5a73aba5252bf0,old_price,False,,,0,0,0
synthetic,hybrid_original,syn-0010,syn-0010-e09,hybrid_original-5a73aba5252bf0,image_url,False,,,0,0,0
synthetic,hybrid_original,syn-0010,syn-0010-e09,hybrid_original-5a73aba5252bf0,reviews_count,False,,,0,0,0
synthetic,hybrid_original,syn-0010,syn-0010-e01,hybrid_original-563888d0a31eff,availability,True,True,True,1,0,0
synthetic,hybrid_original,syn-0010,syn-0010-e01,hybrid_original-563888d0a31eff,delivery_time,True,1–4 дня,1–4 дня,1,0,0
synthetic,hybrid_original,syn-0010,syn-0010-e01,hybrid_original-563888d0a31eff,old_price,False,,,0,0,0
synthetic,hybrid_original,syn-0010,syn-0010-e01,hybrid_original-563888d0a31eff,image_url,False,,,0,0,0
synthetic,hybrid_original,syn-0010,syn-0010-e01,hybrid_original-563888d0a31eff,reviews_count,False,,,0,0,0
synthetic,hybrid_original,syn-0010,syn-0010-e17,hybrid_original-d7e10e4e8fb599,availability,True,True,True,1,0,0
synthetic,hybrid_original,syn-0010,syn-0010-e17,hybrid_original-d7e10e4e8fb599,delivery_time,True,1–5 дня,1–5 дня,1,0,0
synthetic,hybrid_original,syn-0010,syn-0010-e17,hybrid_original-d7e10e4e8fb599,old_price,False,,,0,0,0
synthetic,hybrid_original,syn-0010,syn-0010-e17,hybrid_original-d7e10e4e8fb599,image_url,False,,,0,0,0
synthetic,hybrid_original,syn-0010,syn-0010-e17,hybrid_original-d7e10e4e8fb599,reviews_count,False,,,0,0,0
synthetic,hybrid_original,syn-0010,syn-0010-e10,hybrid_original-f18323287119ea,availability,True,True,True,1,0,0
synthetic,hybrid_original,syn-0010,syn-0010-e10,hybrid_original-f18323287119ea,delivery_time,True,3–5 дня,3–5 дня,1,0,0
synthetic,hybrid_original,syn-0010,syn-0010-e10,hybrid_original-f18323287119ea,old_price,False,,,0,0,0
synthetic,hybrid_original,syn-0010,syn-0010-e10,hybrid_original-f18323287119ea,image_url,False,,,0,0,0
synthetic,hybrid_original,syn-0010,syn-0010-e10,hybrid_original-f18323287119ea,reviews_count,False,,,0,0,0
synthetic,hybrid_original,syn-0010,syn-0010-e11,hybrid_original-3ca043e3ef748c,availability,True,True,True,1,0,0
synthetic,hybrid_original,syn-0010,syn-0010-e11,hybrid_original-3ca043e3ef748c,delivery_time,True,2–3 дня,2–3 дня,1,0,0
synthetic,hybrid_original,syn-0010,syn-0010-e11,hybrid_original-3ca043e3ef748c,old_price,False,,,0,0,0
synthetic,hybrid_original,syn-0010,syn-0010-e11,hybrid_original-3ca043e3ef748c,image_url,False,,,0,0,0
synthetic,hybrid_original,syn-0010,syn-0010-e11,hybrid_original-3ca043e3ef748c,reviews_count,False,,,0,0,0
synthetic,hybrid_original,syn-0010,syn-0010-e12,hybrid_original-dc1480bcdc8422,availability,True,True,True,1,0,0
synthetic,hybrid_original,syn-0010,syn-0010-e12,hybrid_original-dc1480bcdc8422,delivery_time,True,3–4 дня,3–4 дня,1,0,0
synthetic,hybrid_original,syn-0010,syn-0010-e12,hybrid_original-dc1480bcdc8422,old_price,False,,,0,0,0
synthetic,hybrid_original,syn-0010,syn-0010-e12,hybrid_original-dc1480bcdc8422,image_url,False,,,0,0,0
synthetic,hybrid_original,syn-0010,syn-0010-e12,hybrid_original-dc1480bcdc8422,reviews_count,False,,,0,0,0
synthetic,hybrid_original,syn-0010,syn-0010-e14,hybrid_original-1d2fb6a8cb5f2c,availability,True,True,True,1,0,0
synthetic,hybrid_original,syn-0010,syn-0010-e14,hybrid_original-1d2fb6a8cb5f2c,delivery_time,True,1–5 дня,1–5 дня,1,0,0
synthetic,hybrid_original,syn-0010,syn-0010-e14,hybrid_original-1d2fb6a8cb5f2c,old_price,False,,,0,0,0
synthetic,hybrid_original,syn-0010,syn-0010-e14,hybrid_original-1d2fb6a8cb5f2c,image_url,False,,,0,0,0
synthetic,hybrid_original,syn-0010,syn-0010-e14,hybrid_original-1d2fb6a8cb5f2c,reviews_count,False,,,0,0,0
synthetic,hybrid_original,syn-0010,syn-0010-e13,hybrid_original-b66f429956c6c4,availability,True,True,True,1,0,0
synthetic,hybrid_original,syn-0010,syn-0010-e13,hybrid_original-b66f429956c6c4,delivery_time,True,1–6 дня,1–6 дня,1,0,0
synthetic,hybrid_original,syn-0010,syn-0010-e13,hybrid_original-b66f429956c6c4,old_price,False,,,0,0,0
synthetic,hybrid_original,syn-0010,syn-0010-e13,hybrid_original-b66f429956c6c4,image_url,False,,,0,0,0
synthetic,hybrid_original,syn-0010,syn-0010-e13,hybrid_original-b66f429956c6c4,reviews_count,False,,,0,0,0
synthetic,hybrid_original,syn-0010,syn-0010-e07,hybrid_original-914c0c7ac13715,availability,True,True,True,1,0,0
synthetic,hybrid_original,syn-0010,syn-0010-e07,hybrid_original-914c0c7ac13715,delivery_time,True,1–6 дня,1–6 дня,1,0,0
synthetic,hybrid_original,syn-0010,syn-0010-e07,hybrid_original-914c0c7ac13715,old_price,False,,,0,0,0
synthetic,hybrid_original,syn-0010,syn-0010-e07,hybrid_original-914c0c7ac13715,image_url,False,,,0,0,0
synthetic,hybrid_original,syn-0010,syn-0010-e07,hybrid_original-914c0c7ac13715,reviews_count,False,,,0,0,0
synthetic,hybrid_original,syn-0010,syn-0010-e19,hybrid_original-9b16aa32dce457,availability,True,True,True,1,0,0
synthetic,hybrid_original,syn-0010,syn-0010-e19,hybrid_original-9b16aa32dce457,delivery_time,True,1–6 дня,1–6 дня,1,0,0
synthetic,hybrid_original,syn-0010,syn-0010-e19,hybrid_original-9b16aa32dce457,old_price,False,,,0,0,0
synthetic,hybrid_original,syn-0010,syn-0010-e19,hybrid_original-9b16aa32dce457,image_url,False,,,0,0,0
synthetic,hybrid_original,syn-0010,syn-0010-e19,hybrid_original-9b16aa32dce457,reviews_count,False,,,0,0,0
synthetic,hybrid_original,syn-0011,syn-0011-e01,hybrid_original-071d3e73132222,availability,True,True,True,1,0,0
synthetic,hybrid_original,syn-0011,syn-0011-e01,hybrid_original-071d3e73132222,delivery_time,True,2–5 дня,2–5 дня,1,0,0
synthetic,hybrid_original,syn-0011,syn-0011-e01,hybrid_original-071d3e73132222,old_price,False,,,0,0,0
synthetic,hybrid_original,syn-0011,syn-0011-e01,hybrid_original-071d3e73132222,image_url,False,,,0,0,0
synthetic,hybrid_original,syn-0011,syn-0011-e01,hybrid_original-071d3e73132222,reviews_count,False,,,0,0,0
synthetic,hybrid_original,syn-0011,syn-0011-e12,hybrid_original-24e528bfbb787e,availability,True,True,True,1,0,0
synthetic,hybrid_original,syn-0011,syn-0011-e12,hybrid_original-24e528bfbb787e,delivery_time,True,2–5 дня,2–5 дня,1,0,0
synthetic,hybrid_original,syn-0011,syn-0011-e12,hybrid_original-24e528bfbb787e,old_price,False,,,0,0,0
synthetic,hybrid_original,syn-0011,syn-0011-e12,hybrid_original-24e528bfbb787e,image_url,False,,,0,0,0
synthetic,hybrid_original,syn-0011,syn-0011-e12,hybrid_original-24e528bfbb787e,reviews_count,False,,,0,0,0
synthetic,hybrid_original,syn-0011,syn-0011-e22,hybrid_original-5398b598bb76b6,availability,True,True,True,1,0,0
synthetic,hybrid_original,syn-0011,syn-0011-e22,hybrid_original-5398b598bb76b6,delivery_time,True,2–5 дня,2–5 дня,1,0,0
synthetic,hybrid_original,syn-0011,syn-0011-e22,hybrid_original-5398b598bb76b6,old_price,False,,,0,0,0
synthetic,hybrid_original,syn-0011,syn-0011-e22,hybrid_original-5398b598bb76b6,image_url,False,,,0,0,0
synthetic,hybrid_original,syn-0011,syn-0011-e22,hybrid_original-5398b598bb76b6,reviews_count,False,,,0,0,0
synthetic,hybrid_original,syn-0011,syn-0011-e08,hybrid_original-f7dc21b45121cb,availability,True,True,True,1,0,0
synthetic,hybrid_original,syn-0011,syn-0011-e08,hybrid_original-f7dc21b45121cb,delivery_time,True,1–6 дня,1–6 дня,1,0,0
synthetic,hybrid_original,syn-0011,syn-0011-e08,hybrid_original-f7dc21b45121cb,old_price,False,,,0,0,0
synthetic,hybrid_original,syn-0011,syn-0011-e08,hybrid_original-f7dc21b45121cb,image_url,False,,,0,0,0
synthetic,hybrid_original,syn-0011,syn-0011-e08,hybrid_original-f7dc21b45121cb,reviews_count,False,,,0,0,0
synthetic,hybrid_original,syn-0011,syn-0011-e14,hybrid_original-92b810f453a755,availability,True,True,True,1,0,0
synthetic,hybrid_original,syn-0011,syn-0011-e14,hybrid_original-92b810f453a755,delivery_time,True,1–6 дня,1–6 дня,1,0,0
synthetic,hybrid_original,syn-0011,syn-0011-e14,hybrid_original-92b810f453a755,old_price,False,,,0,0,0
synthetic,hybrid_original,syn-0011,syn-0011-e14,hybrid_original-92b810f453a755,image_url,False,,,0,0,0
synthetic,hybrid_original,syn-0011,syn-0011-e14,hybrid_original-92b810f453a755,reviews_count,False,,,0,0,0
synthetic,hybrid_original,syn-0011,syn-0011-e24,hybrid_original-f12f8bf9c037b5,availability,True,True,True,1,0,0
synthetic,hybrid_original,syn-0011,syn-0011-e24,hybrid_original-f12f8bf9c037b5,delivery_time,True,1–6 дня,1–6 дня,1,0,0
synthetic,hybrid_original,syn-0011,syn-0011-e24,hybrid_original-f12f8bf9c037b5,old_price,False,,,0,0,0
synthetic,hybrid_original,syn-0011,syn-0011-e24,hybrid_original-f12f8bf9c037b5,image_url,False,,,0,0,0
synthetic,hybrid_original,syn-0011,syn-0011-e24,hybrid_original-f12f8bf9c037b5,reviews_count,False,,,0,0,0
synthetic,hybrid_original,syn-0011,syn-0011-e04,hybrid_original-d19680d22ccbc0,availability,True,True,True,1,0,0
synthetic,hybrid_original,syn-0011,syn-0011-e04,hybrid_original-d19680d22ccbc0,delivery_time,True,2–4 дня,2–4 дня,1,0,0
synthetic,hybrid_original,syn-0011,syn-0011-e04,hybrid_original-d19680d22ccbc0,old_price,False,,,0,0,0
synthetic,hybrid_original,syn-0011,syn-0011-e04,hybrid_original-d19680d22ccbc0,image_url,False,,,0,0,0
synthetic,hybrid_original,syn-0011,syn-0011-e04,hybrid_original-d19680d22ccbc0,reviews_count,False,,,0,0,0
synthetic,hybrid_original,syn-0011,syn-0011-e17,hybrid_original-e288a7b6a05ff0,availability,True,True,True,1,0,0
synthetic,hybrid_original,syn-0011,syn-0011-e17,hybrid_original-e288a7b6a05ff0,delivery_time,True,2–4 дня,2–4 дня,1,0,0
synthetic,hybrid_original,syn-0011,syn-0011-e17,hybrid_original-e288a7b6a05ff0,old_price,False,,,0,0,0
synthetic,hybrid_original,syn-0011,syn-0011-e17,hybrid_original-e288a7b6a05ff0,image_url,False,,,0,0,0
synthetic,hybrid_original,syn-0011,syn-0011-e17,hybrid_original-e288a7b6a05ff0,reviews_count,False,,,0,0,0
synthetic,hybrid_original,syn-0011,syn-0011-e27,hybrid_original-363e77d0e88393,availability,True,True,True,1,0,0
synthetic,hybrid_original,syn-0011,syn-0011-e27,hybrid_original-363e77d0e88393,delivery_time,True,2–4 дня,2–4 дня,1,0,0
synthetic,hybrid_original,syn-0011,syn-0011-e27,hybrid_original-363e77d0e88393,old_price,False,,,0,0,0
synthetic,hybrid_original,syn-0011,syn-0011-e27,hybrid_original-363e77d0e88393,image_url,False,,,0,0,0
synthetic,hybrid_original,syn-0011,syn-0011-e27,hybrid_original-363e77d0e88393,reviews_count,False,,,0,0,0
synthetic,hybrid_original,syn-0011,syn-0011-e07,hybrid_original-bb5a5adb608030,availability,True,True,True,1,0,0
synthetic,hybrid_original,syn-0011,syn-0011-e07,hybrid_original-bb5a5adb608030,delivery_time,True,1–6 дня,1–6 дня,1,0,0
synthetic,hybrid_original,syn-0011,syn-0011-e07,hybrid_original-bb5a5adb608030,old_price,False,,,0,0,0
synthetic,hybrid_original,syn-0011,syn-0011-e07,hybrid_original-bb5a5adb608030,image_url,False,,,0,0,0
synthetic,hybrid_original,syn-0011,syn-0011-e07,hybrid_original-bb5a5adb608030,reviews_count,False,,,0,0,0
synthetic,hybrid_original,syn-0011,syn-0011-e13,hybrid_original-cbf474a19974dd,availability,True,True,True,1,0,0
synthetic,hybrid_original,syn-0011,syn-0011-e13,hybrid_original-cbf474a19974dd,delivery_time,True,1–6 дня,1–6 дня,1,0,0
synthetic,hybrid_original,syn-0011,syn-0011-e13,hybrid_original-cbf474a19974dd,old_price,False,,,0,0,0
synthetic,hybrid_original,syn-0011,syn-0011-e13,hybrid_original-cbf474a19974dd,image_url,False,,,0,0,0
synthetic,hybrid_original,syn-0011,syn-0011-e13,hybrid_original-cbf474a19974dd,reviews_count,False,,,0,0,0
synthetic,hybrid_original,syn-0011,syn-0011-e23,hybrid_original-93694a0e1d00f4,availability,True,True,True,1,0,0
synthetic,hybrid_original,syn-0011,syn-0011-e23,hybrid_original-93694a0e1d00f4,delivery_time,True,1–6 дня,1–6 дня,1,0,0
synthetic,hybrid_original,syn-0011,syn-0011-e23,hybrid_original-93694a0e1d00f4,old_price,False,,,0,0,0
synthetic,hybrid_original,syn-0011,syn-0011-e23,hybrid_original-93694a0e1d00f4,image_url,False,,,0,0,0
synthetic,hybrid_original,syn-0011,syn-0011-e23,hybrid_original-93694a0e1d00f4,reviews_count,False,,,0,0,0
synthetic,hybrid_original,syn-0011,syn-0011-e10,hybrid_original-1f4a4b60128327,availability,True,False,False,1,0,0
synthetic,hybrid_original,syn-0011,syn-0011-e10,hybrid_original-1f4a4b60128327,delivery_time,True,3–5 дня,3–5 дня,1,0,0
synthetic,hybrid_original,syn-0011,syn-0011-e10,hybrid_original-1f4a4b60128327,old_price,False,,,0,0,0
synthetic,hybrid_original,syn-0011,syn-0011-e10,hybrid_original-1f4a4b60128327,image_url,False,,,0,0,0
synthetic,hybrid_original,syn-0011,syn-0011-e10,hybrid_original-1f4a4b60128327,reviews_count,False,,,0,0,0
synthetic,hybrid_original,syn-0011,syn-0011-e20,hybrid_original-1dbb587cc8aa87,availability,True,False,False,1,0,0
synthetic,hybrid_original,syn-0011,syn-0011-e20,hybrid_original-1dbb587cc8aa87,delivery_time,True,3–5 дня,3–5 дня,1,0,0
synthetic,hybrid_original,syn-0011,syn-0011-e20,hybrid_original-1dbb587cc8aa87,old_price,False,,,0,0,0
synthetic,hybrid_original,syn-0011,syn-0011-e20,hybrid_original-1dbb587cc8aa87,image_url,False,,,0,0,0
synthetic,hybrid_original,syn-0011,syn-0011-e20,hybrid_original-1dbb587cc8aa87,reviews_count,False,,,0,0,0
synthetic,hybrid_original,syn-0011,syn-0011-e30,hybrid_original-0609504b51e0ac,availability,True,False,False,1,0,0
synthetic,hybrid_original,syn-0011,syn-0011-e30,hybrid_original-0609504b51e0ac,delivery_time,True,3–5 дня,3–5 дня,1,0,0
synthetic,hybrid_original,syn-0011,syn-0011-e30,hybrid_original-0609504b51e0ac,old_price,False,,,0,0,0
synthetic,hybrid_original,syn-0011,syn-0011-e30,hybrid_original-0609504b51e0ac,image_url,False,,,0,0,0
synthetic,hybrid_original,syn-0011,syn-0011-e30,hybrid_original-0609504b51e0ac,reviews_count,False,,,0,0,0
synthetic,hybrid_original,syn-0011,syn-0011-e02,hybrid_original-08eb310d27414c,availability,True,True,True,1,0,0
synthetic,hybrid_original,syn-0011,syn-0011-e02,hybrid_original-08eb310d27414c,delivery_time,True,3–6 дня,3–6 дня,1,0,0
synthetic,hybrid_original,syn-0011,syn-0011-e02,hybrid_original-08eb310d27414c,old_price,False,,,0,0,0
synthetic,hybrid_original,syn-0011,syn-0011-e02,hybrid_original-08eb310d27414c,image_url,False,,,0,0,0
synthetic,hybrid_original,syn-0011,syn-0011-e02,hybrid_original-08eb310d27414c,reviews_count,False,,,0,0,0
synthetic,hybrid_original,syn-0011,syn-0011-e16,hybrid_original-985c6ce9d62b94,availability,True,True,True,1,0,0
synthetic,hybrid_original,syn-0011,syn-0011-e16,hybrid_original-985c6ce9d62b94,delivery_time,True,3–6 дня,3–6 дня,1,0,0
synthetic,hybrid_original,syn-0011,syn-0011-e16,hybrid_original-985c6ce9d62b94,old_price,False,,,0,0,0
synthetic,hybrid_original,syn-0011,syn-0011-e16,hybrid_original-985c6ce9d62b94,image_url,False,,,0,0,0
synthetic,hybrid_original,syn-0011,syn-0011-e16,hybrid_original-985c6ce9d62b94,reviews_count,False,,,0,0,0
synthetic,hybrid_original,syn-0011,syn-0011-e26,hybrid_original-b2e43d11a1b6f6,availability,True,True,True,1,0,0
synthetic,hybrid_original,syn-0011,syn-0011-e26,hybrid_original-b2e43d11a1b6f6,delivery_time,True,3–6 дня,3–6 дня,1,0,0
synthetic,hybrid_original,syn-0011,syn-0011-e26,hybrid_original-b2e43d11a1b6f6,old_price,False,,,0,0,0
synthetic,hybrid_original,syn-0011,syn-0011-e26,hybrid_original-b2e43d11a1b6f6,image_url,False,,,0,0,0
synthetic,hybrid_original,syn-0011,syn-0011-e26,hybrid_original-b2e43d11a1b6f6,reviews_count,False,,,0,0,0
synthetic,hybrid_original,syn-0011,syn-0011-e06,hybrid_original-1396bc554b97e8,availability,True,True,True,1,0,0
synthetic,hybrid_original,syn-0011,syn-0011-e06,hybrid_original-1396bc554b97e8,delivery_time,True,2–4 дня,2–4 дня,1,0,0
synthetic,hybrid_original,syn-0011,syn-0011-e06,hybrid_original-1396bc554b97e8,old_price,False,,,0,0,0
synthetic,hybrid_original,syn-0011,syn-0011-e06,hybrid_original-1396bc554b97e8,image_url,False,,,0,0,0
synthetic,hybrid_original,syn-0011,syn-0011-e06,hybrid_original-1396bc554b97e8,reviews_count,False,,,0,0,0
synthetic,hybrid_original,syn-0011,syn-0011-e11,hybrid_original-1ff229159950b2,availability,True,True,True,1,0,0
synthetic,hybrid_original,syn-0011,syn-0011-e11,hybrid_original-1ff229159950b2,delivery_time,True,2–4 дня,2–4 дня,1,0,0
synthetic,hybrid_original,syn-0011,syn-0011-e11,hybrid_original-1ff229159950b2,old_price,False,,,0,0,0
synthetic,hybrid_original,syn-0011,syn-0011-e11,hybrid_original-1ff229159950b2,image_url,False,,,0,0,0
synthetic,hybrid_original,syn-0011,syn-0011-e11,hybrid_original-1ff229159950b2,reviews_count,False,,,0,0,0
synthetic,hybrid_original,syn-0011,syn-0011-e21,hybrid_original-fd261c0e7eaf72,availability,True,True,True,1,0,0
synthetic,hybrid_original,syn-0011,syn-0011-e21,hybrid_original-fd261c0e7eaf72,delivery_time,True,2–4 дня,2–4 дня,1,0,0
synthetic,hybrid_original,syn-0011,syn-0011-e21,hybrid_original-fd261c0e7eaf72,old_price,False,,,0,0,0
synthetic,hybrid_original,syn-0011,syn-0011-e21,hybrid_original-fd261c0e7eaf72,image_url,False,,,0,0,0
synthetic,hybrid_original,syn-0011,syn-0011-e21,hybrid_original-fd261c0e7eaf72,reviews_count,False,,,0,0,0
synthetic,hybrid_original,syn-0011,syn-0011-e03,hybrid_original-0eabc6d8c00413,availability,True,True,True,1,0,0
synthetic,hybrid_original,syn-0011,syn-0011-e03,hybrid_original-0eabc6d8c00413,delivery_time,True,1–3 дня,1–3 дня,1,0,0
synthetic,hybrid_original,syn-0011,syn-0011-e03,hybrid_original-0eabc6d8c00413,old_price,False,,,0,0,0
synthetic,hybrid_original,syn-0011,syn-0011-e03,hybrid_original-0eabc6d8c00413,image_url,False,,,0,0,0
synthetic,hybrid_original,syn-0011,syn-0011-e03,hybrid_original-0eabc6d8c00413,reviews_count,False,,,0,0,0
synthetic,hybrid_original,syn-0011,syn-0011-e15,hybrid_original-fc71037a223ce2,availability,True,True,True,1,0,0
synthetic,hybrid_original,syn-0011,syn-0011-e15,hybrid_original-fc71037a223ce2,delivery_time,True,1–3 дня,1–3 дня,1,0,0
synthetic,hybrid_original,syn-0011,syn-0011-e15,hybrid_original-fc71037a223ce2,old_price,False,,,0,0,0
synthetic,hybrid_original,syn-0011,syn-0011-e15,hybrid_original-fc71037a223ce2,image_url,False,,,0,0,0
synthetic,hybrid_original,syn-0011,syn-0011-e15,hybrid_original-fc71037a223ce2,reviews_count,False,,,0,0,0
synthetic,hybrid_original,syn-0011,syn-0011-e25,hybrid_original-cd3f8fd8c030d3,availability,True,True,True,1,0,0
synthetic,hybrid_original,syn-0011,syn-0011-e25,hybrid_original-cd3f8fd8c030d3,delivery_time,True,1–3 дня,1–3 дня,1,0,0
synthetic,hybrid_original,syn-0011,syn-0011-e25,hybrid_original-cd3f8fd8c030d3,old_price,False,,,0,0,0
synthetic,hybrid_original,syn-0011,syn-0011-e25,hybrid_original-cd3f8fd8c030d3,image_url,False,,,0,0,0
synthetic,hybrid_original,syn-0011,syn-0011-e25,hybrid_original-cd3f8fd8c030d3,reviews_count,False,,,0,0,0
synthetic,hybrid_original,syn-0011,syn-0011-e09,hybrid_original-62bbe22fd34464,availability,True,False,False,1,0,0
synthetic,hybrid_original,syn-0011,syn-0011-e09,hybrid_original-62bbe22fd34464,delivery_time,True,3–5 дня,3–5 дня,1,0,0
synthetic,hybrid_original,syn-0011,syn-0011-e09,hybrid_original-62bbe22fd34464,old_price,False,,,0,0,0
synthetic,hybrid_original,syn-0011,syn-0011-e09,hybrid_original-62bbe22fd34464,image_url,False,,,0,0,0
synthetic,hybrid_original,syn-0011,syn-0011-e09,hybrid_original-62bbe22fd34464,reviews_count,False,,,0,0,0
synthetic,hybrid_original,syn-0011,syn-0011-e19,hybrid_original-e5a51855c9117b,availability,True,False,False,1,0,0
synthetic,hybrid_original,syn-0011,syn-0011-e19,hybrid_original-e5a51855c9117b,delivery_time,True,3–5 дня,3–5 дня,1,0,0
synthetic,hybrid_original,syn-0011,syn-0011-e19,hybrid_original-e5a51855c9117b,old_price,False,,,0,0,0
synthetic,hybrid_original,syn-0011,syn-0011-e19,hybrid_original-e5a51855c9117b,image_url,False,,,0,0,0
synthetic,hybrid_original,syn-0011,syn-0011-e19,hybrid_original-e5a51855c9117b,reviews_count,False,,,0,0,0
synthetic,hybrid_original,syn-0011,syn-0011-e29,hybrid_original-eb86b06f169186,availability,True,False,False,1,0,0
synthetic,hybrid_original,syn-0011,syn-0011-e29,hybrid_original-eb86b06f169186,delivery_time,True,3–5 дня,3–5 дня,1,0,0
synthetic,hybrid_original,syn-0011,syn-0011-e29,hybrid_original-eb86b06f169186,old_price,False,,,0,0,0
synthetic,hybrid_original,syn-0011,syn-0011-e29,hybrid_original-eb86b06f169186,image_url,False,,,0,0,0
synthetic,hybrid_original,syn-0011,syn-0011-e29,hybrid_original-eb86b06f169186,reviews_count,False,,,0,0,0
synthetic,hybrid_original,syn-0011,syn-0011-e05,hybrid_original-4697cbbcde26ab,availability,True,False,False,1,0,0
synthetic,hybrid_original,syn-0011,syn-0011-e05,hybrid_original-4697cbbcde26ab,delivery_time,True,3–5 дня,3–5 дня,1,0,0
synthetic,hybrid_original,syn-0011,syn-0011-e05,hybrid_original-4697cbbcde26ab,old_price,False,,,0,0,0
synthetic,hybrid_original,syn-0011,syn-0011-e05,hybrid_original-4697cbbcde26ab,image_url,False,,,0,0,0
synthetic,hybrid_original,syn-0011,syn-0011-e05,hybrid_original-4697cbbcde26ab,reviews_count,False,,,0,0,0
synthetic,hybrid_original,syn-0011,syn-0011-e18,hybrid_original-7041be7b9a9729,availability,True,False,False,1,0,0
synthetic,hybrid_original,syn-0011,syn-0011-e18,hybrid_original-7041be7b9a9729,delivery_time,True,3–5 дня,3–5 дня,1,0,0
synthetic,hybrid_original,syn-0011,syn-0011-e18,hybrid_original-7041be7b9a9729,old_price,False,,,0,0,0
synthetic,hybrid_original,syn-0011,syn-0011-e18,hybrid_original-7041be7b9a9729,image_url,False,,,0,0,0
synthetic,hybrid_original,syn-0011,syn-0011-e18,hybrid_original-7041be7b9a9729,reviews_count,False,,,0,0,0
synthetic,hybrid_original,syn-0011,syn-0011-e28,hybrid_original-9e62841e792c10,availability,True,False,False,1,0,0
synthetic,hybrid_original,syn-0011,syn-0011-e28,hybrid_original-9e62841e792c10,delivery_time,True,3–5 дня,3–5 дня,1,0,0
synthetic,hybrid_original,syn-0011,syn-0011-e28,hybrid_original-9e62841e792c10,old_price,False,,,0,0,0
synthetic,hybrid_original,syn-0011,syn-0011-e28,hybrid_original-9e62841e792c10,image_url,False,,,0,0,0
synthetic,hybrid_original,syn-0011,syn-0011-e28,hybrid_original-9e62841e792c10,reviews_count,False,,,0,0,0
synthetic,hybrid_original,syn-0012,syn-0012-e06,hybrid_original-d2be5da5e48fd0,availability,True,True,True,1,0,0
synthetic,hybrid_original,syn-0012,syn-0012-e06,hybrid_original-d2be5da5e48fd0,delivery_time,True,2–5 дня,2–5 дня,1,0,0
synthetic,hybrid_original,syn-0012,syn-0012-e06,hybrid_original-d2be5da5e48fd0,old_price,False,,,0,0,0
synthetic,hybrid_original,syn-0012,syn-0012-e06,hybrid_original-d2be5da5e48fd0,image_url,False,,,0,0,0
synthetic,hybrid_original,syn-0012,syn-0012-e06,hybrid_original-d2be5da5e48fd0,reviews_count,False,,,0,0,0
synthetic,hybrid_original,syn-0012,syn-0012-e12,hybrid_original-519aff99356bf2,availability,True,True,True,1,0,0
synthetic,hybrid_original,syn-0012,syn-0012-e12,hybrid_original-519aff99356bf2,delivery_time,True,2–5 дня,2–5 дня,1,0,0
synthetic,hybrid_original,syn-0012,syn-0012-e12,hybrid_original-519aff99356bf2,old_price,False,,,0,0,0
synthetic,hybrid_original,syn-0012,syn-0012-e12,hybrid_original-519aff99356bf2,image_url,False,,,0,0,0
synthetic,hybrid_original,syn-0012,syn-0012-e12,hybrid_original-519aff99356bf2,reviews_count,False,,,0,0,0
synthetic,hybrid_original,syn-0012,syn-0012-e07,hybrid_original-20d68610bc0278,availability,True,True,True,1,0,0
synthetic,hybrid_original,syn-0012,syn-0012-e07,hybrid_original-20d68610bc0278,delivery_time,True,1–6 дня,1–6 дня,1,0,0
synthetic,hybrid_original,syn-0012,syn-0012-e07,hybrid_original-20d68610bc0278,old_price,False,,,0,0,0
synthetic,hybrid_original,syn-0012,syn-0012-e07,hybrid_original-20d68610bc0278,image_url,False,,,0,0,0
synthetic,hybrid_original,syn-0012,syn-0012-e07,hybrid_original-20d68610bc0278,reviews_count,False,,,0,0,0
synthetic,hybrid_original,syn-0012,syn-0012-e01,hybrid_original-695d8efa50a5e2,availability,True,True,True,1,0,0
synthetic,hybrid_original,syn-0012,syn-0012-e01,hybrid_original-695d8efa50a5e2,delivery_time,True,3–6 дня,3–6 дня,1,0,0
synthetic,hybrid_original,syn-0012,syn-0012-e01,hybrid_original-695d8efa50a5e2,old_price,False,,,0,0,0
synthetic,hybrid_original,syn-0012,syn-0012-e01,hybrid_original-695d8efa50a5e2,image_url,False,,,0,0,0
synthetic,hybrid_original,syn-0012,syn-0012-e01,hybrid_original-695d8efa50a5e2,reviews_count,False,,,0,0,0
synthetic,hybrid_original,syn-0012,syn-0012-e05,hybrid_original-44b56a593632c2,availability,True,True,True,1,0,0
synthetic,hybrid_original,syn-0012,syn-0012-e05,hybrid_original-44b56a593632c2,delivery_time,True,1–6 дня,1–6 дня,1,0,0
synthetic,hybrid_original,syn-0012,syn-0012-e05,hybrid_original-44b56a593632c2,old_price,False,,,0,0,0
synthetic,hybrid_original,syn-0012,syn-0012-e05,hybrid_original-44b56a593632c2,image_url,False,,,0,0,0
synthetic,hybrid_original,syn-0012,syn-0012-e05,hybrid_original-44b56a593632c2,reviews_count,False,,,0,0,0
synthetic,hybrid_original,syn-0012,syn-0012-e04,hybrid_original-44beceeeebdb8a,availability,True,False,False,1,0,0
synthetic,hybrid_original,syn-0012,syn-0012-e04,hybrid_original-44beceeeebdb8a,delivery_time,True,3–5 дня,3–5 дня,1,0,0
synthetic,hybrid_original,syn-0012,syn-0012-e04,hybrid_original-44beceeeebdb8a,old_price,False,,,0,0,0
synthetic,hybrid_original,syn-0012,syn-0012-e04,hybrid_original-44beceeeebdb8a,image_url,False,,,0,0,0
synthetic,hybrid_original,syn-0012,syn-0012-e04,hybrid_original-44beceeeebdb8a,reviews_count,False,,,0,0,0
synthetic,hybrid_original,syn-0012,syn-0012-e09,hybrid_original-7b10b66ff41a6d,availability,True,True,True,1,0,0
synthetic,hybrid_original,syn-0012,syn-0012-e09,hybrid_original-7b10b66ff41a6d,delivery_time,True,3–6 дня,3–6 дня,1,0,0
synthetic,hybrid_original,syn-0012,syn-0012-e09,hybrid_original-7b10b66ff41a6d,old_price,False,,,0,0,0
synthetic,hybrid_original,syn-0012,syn-0012-e09,hybrid_original-7b10b66ff41a6d,image_url,False,,,0,0,0
synthetic,hybrid_original,syn-0012,syn-0012-e09,hybrid_original-7b10b66ff41a6d,reviews_count,False,,,0,0,0
synthetic,hybrid_original,syn-0012,syn-0012-e03,hybrid_original-7ea867d5eb30c9,availability,True,True,True,1,0,0
synthetic,hybrid_original,syn-0012,syn-0012-e03,hybrid_original-7ea867d5eb30c9,delivery_time,True,2–4 дня,2–4 дня,1,0,0
synthetic,hybrid_original,syn-0012,syn-0012-e03,hybrid_original-7ea867d5eb30c9,old_price,False,,,0,0,0
synthetic,hybrid_original,syn-0012,syn-0012-e03,hybrid_original-7ea867d5eb30c9,image_url,False,,,0,0,0
synthetic,hybrid_original,syn-0012,syn-0012-e03,hybrid_original-7ea867d5eb30c9,reviews_count,False,,,0,0,0
synthetic,hybrid_original,syn-0012,syn-0012-e11,hybrid_original-58ef38e6321376,availability,True,True,True,1,0,0
synthetic,hybrid_original,syn-0012,syn-0012-e11,hybrid_original-58ef38e6321376,delivery_time,True,2–4 дня,2–4 дня,1,0,0
synthetic,hybrid_original,syn-0012,syn-0012-e11,hybrid_original-58ef38e6321376,old_price,False,,,0,0,0
synthetic,hybrid_original,syn-0012,syn-0012-e11,hybrid_original-58ef38e6321376,image_url,False,,,0,0,0
synthetic,hybrid_original,syn-0012,syn-0012-e11,hybrid_original-58ef38e6321376,reviews_count,False,,,0,0,0
synthetic,hybrid_original,syn-0012,syn-0012-e08,hybrid_original-95331bf78c9907,availability,True,True,True,1,0,0
synthetic,hybrid_original,syn-0012,syn-0012-e08,hybrid_original-95331bf78c9907,delivery_time,True,1–3 дня,1–3 дня,1,0,0
synthetic,hybrid_original,syn-0012,syn-0012-e08,hybrid_original-95331bf78c9907,old_price,False,,,0,0,0
synthetic,hybrid_original,syn-0012,syn-0012-e08,hybrid_original-95331bf78c9907,image_url,False,,,0,0,0
synthetic,hybrid_original,syn-0012,syn-0012-e08,hybrid_original-95331bf78c9907,reviews_count,False,,,0,0,0
synthetic,hybrid_original,syn-0012,syn-0012-e10,hybrid_original-12628f1855f144,availability,True,False,False,1,0,0
synthetic,hybrid_original,syn-0012,syn-0012-e10,hybrid_original-12628f1855f144,delivery_time,True,3–5 дня,3–5 дня,1,0,0
synthetic,hybrid_original,syn-0012,syn-0012-e10,hybrid_original-12628f1855f144,old_price,False,,,0,0,0
synthetic,hybrid_original,syn-0012,syn-0012-e10,hybrid_original-12628f1855f144,image_url,False,,,0,0,0
synthetic,hybrid_original,syn-0012,syn-0012-e10,hybrid_original-12628f1855f144,reviews_count,False,,,0,0,0
synthetic,hybrid_original,syn-0012,syn-0012-e02,hybrid_original-d520c169544a8d,availability,True,True,True,1,0,0
synthetic,hybrid_original,syn-0012,syn-0012-e02,hybrid_original-d520c169544a8d,delivery_time,True,1–3 дня,1–3 дня,1,0,0
synthetic,hybrid_original,syn-0012,syn-0012-e02,hybrid_original-d520c169544a8d,old_price,False,,,0,0,0
synthetic,hybrid_original,syn-0012,syn-0012-e02,hybrid_original-d520c169544a8d,image_url,False,,,0,0,0
synthetic,hybrid_original,syn-0012,syn-0012-e02,hybrid_original-d520c169544a8d,reviews_count,False,,,0,0,0
synthetic,hybrid_original,syn-0013,syn-0013-e05,hybrid_original-27838e64435e0f,availability,True,True,True,1,0,0
synthetic,hybrid_original,syn-0013,syn-0013-e05,hybrid_original-27838e64435e0f,delivery_time,True,2–3 дня,2–3 дня,1,0,0
synthetic,hybrid_original,syn-0013,syn-0013-e05,hybrid_original-27838e64435e0f,old_price,False,,,0,0,0
synthetic,hybrid_original,syn-0013,syn-0013-e05,hybrid_original-27838e64435e0f,image_url,False,,,0,0,0
synthetic,hybrid_original,syn-0013,syn-0013-e05,hybrid_original-27838e64435e0f,reviews_count,False,,,0,0,0
synthetic,hybrid_original,syn-0013,syn-0013-e12,hybrid_original-bbb4c40d07ab07,availability,True,True,True,1,0,0
synthetic,hybrid_original,syn-0013,syn-0013-e12,hybrid_original-bbb4c40d07ab07,delivery_time,True,2–5 дня,2–5 дня,1,0,0
synthetic,hybrid_original,syn-0013,syn-0013-e12,hybrid_original-bbb4c40d07ab07,old_price,False,,,0,0,0
synthetic,hybrid_original,syn-0013,syn-0013-e12,hybrid_original-bbb4c40d07ab07,image_url,False,,,0,0,0
synthetic,hybrid_original,syn-0013,syn-0013-e12,hybrid_original-bbb4c40d07ab07,reviews_count,False,,,0,0,0
synthetic,hybrid_original,syn-0013,syn-0013-e22,hybrid_original-b57de4bd29c74b,availability,True,True,True,1,0,0
synthetic,hybrid_original,syn-0013,syn-0013-e22,hybrid_original-b57de4bd29c74b,delivery_time,True,2–5 дня,2–5 дня,1,0,0
synthetic,hybrid_original,syn-0013,syn-0013-e22,hybrid_original-b57de4bd29c74b,old_price,False,,,0,0,0
synthetic,hybrid_original,syn-0013,syn-0013-e22,hybrid_original-b57de4bd29c74b,image_url,False,,,0,0,0
synthetic,hybrid_original,syn-0013,syn-0013-e22,hybrid_original-b57de4bd29c74b,reviews_count,False,,,0,0,0
synthetic,hybrid_original,syn-0013,syn-0013-e04,hybrid_original-b7c183fbc30773,availability,True,True,True,1,0,0
synthetic,hybrid_original,syn-0013,syn-0013-e04,hybrid_original-b7c183fbc30773,delivery_time,True,1–6 дня,1–6 дня,1,0,0
synthetic,hybrid_original,syn-0013,syn-0013-e04,hybrid_original-b7c183fbc30773,old_price,False,,,0,0,0
synthetic,hybrid_original,syn-0013,syn-0013-e04,hybrid_original-b7c183fbc30773,image_url,False,,,0,0,0
synthetic,hybrid_original,syn-0013,syn-0013-e04,hybrid_original-b7c183fbc30773,reviews_count,False,,,0,0,0
synthetic,hybrid_original,syn-0013,syn-0013-e14,hybrid_original-5cb695f39b34de,availability,True,True,True,1,0,0
synthetic,hybrid_original,syn-0013,syn-0013-e14,hybrid_original-5cb695f39b34de,delivery_time,True,1–6 дня,1–6 дня,1,0,0
synthetic,hybrid_original,syn-0013,syn-0013-e14,hybrid_original-5cb695f39b34de,old_price,False,,,0,0,0
synthetic,hybrid_original,syn-0013,syn-0013-e14,hybrid_original-5cb695f39b34de,image_url,False,,,0,0,0
synthetic,hybrid_original,syn-0013,syn-0013-e14,hybrid_original-5cb695f39b34de,reviews_count,False,,,0,0,0
synthetic,hybrid_original,syn-0013,syn-0013-e24,hybrid_original-e38757fa890120,availability,True,True,True,1,0,0
synthetic,hybrid_original,syn-0013,syn-0013-e24,hybrid_original-e38757fa890120,delivery_time,True,1–6 дня,1–6 дня,1,0,0
synthetic,hybrid_original,syn-0013,syn-0013-e24,hybrid_original-e38757fa890120,old_price,False,,,0,0,0
synthetic,hybrid_original,syn-0013,syn-0013-e24,hybrid_original-e38757fa890120,image_url,False,,,0,0,0
synthetic,hybrid_original,syn-0013,syn-0013-e24,hybrid_original-e38757fa890120,reviews_count,False,,,0,0,0
synthetic,hybrid_original,syn-0013,syn-0013-e09,hybrid_original-35c93bfb9da39a,availability,True,True,True,1,0,0
synthetic,hybrid_original,syn-0013,syn-0013-e09,hybrid_original-35c93bfb9da39a,delivery_time,True,2–4 дня,2–4 дня,1,0,0
synthetic,hybrid_original,syn-0013,syn-0013-e09,hybrid_original-35c93bfb9da39a,old_price,False,,,0,0,0
synthetic,hybrid_original,syn-0013,syn-0013-e09,hybrid_original-35c93bfb9da39a,image_url,False,,,0,0,0
synthetic,hybrid_original,syn-0013,syn-0013-e09,hybrid_original-35c93bfb9da39a,reviews_count,False,,,0,0,0
synthetic,hybrid_original,syn-0013,syn-0013-e17,hybrid_original-5c8cb01f451d7d,availability,True,True,True,1,0,0
synthetic,hybrid_original,syn-0013,syn-0013-e17,hybrid_original-5c8cb01f451d7d,delivery_time,True,2–4 дня,2–4 дня,1,0,0
synthetic,hybrid_original,syn-0013,syn-0013-e17,hybrid_original-5c8cb01f451d7d,old_price,False,,,0,0,0
synthetic,hybrid_original,syn-0013,syn-0013-e17,hybrid_original-5c8cb01f451d7d,image_url,False,,,0,0,0
synthetic,hybrid_original,syn-0013,syn-0013-e17,hybrid_original-5c8cb01f451d7d,reviews_count,False,,,0,0,0
synthetic,hybrid_original,syn-0013,syn-0013-e02,hybrid_original-79a60371722677,availability,True,True,True,1,0,0
synthetic,hybrid_original,syn-0013,syn-0013-e02,hybrid_original-79a60371722677,delivery_time,True,2–4 дня,2–4 дня,1,0,0
synthetic,hybrid_original,syn-0013,syn-0013-e02,hybrid_original-79a60371722677,old_price,False,,,0,0,0
synthetic,hybrid_original,syn-0013,syn-0013-e02,hybrid_original-79a60371722677,image_url,False,,,0,0,0
synthetic,hybrid_original,syn-0013,syn-0013-e02,hybrid_original-79a60371722677,reviews_count,False,,,0,0,0
synthetic,hybrid_original,syn-0013,syn-0013-e13,hybrid_original-359d5dc4f690d1,availability,True,True,True,1,0,0
synthetic,hybrid_original,syn-0013,syn-0013-e13,hybrid_original-359d5dc4f690d1,delivery_time,True,1–6 дня,1–6 дня,1,0,0
synthetic,hybrid_original,syn-0013,syn-0013-e13,hybrid_original-359d5dc4f690d1,old_price,False,,,0,0,0
synthetic,hybrid_original,syn-0013,syn-0013-e13,hybrid_original-359d5dc4f690d1,image_url,False,,,0,0,0
synthetic,hybrid_original,syn-0013,syn-0013-e13,hybrid_original-359d5dc4f690d1,reviews_count,False,,,0,0,0
synthetic,hybrid_original,syn-0013,syn-0013-e23,hybrid_original-dc5bb20e69192f,availability,True,True,True,1,0,0
synthetic,hybrid_original,syn-0013,syn-0013-e23,hybrid_original-dc5bb20e69192f,delivery_time,True,1–6 дня,1–6 дня,1,0,0
synthetic,hybrid_original,syn-0013,syn-0013-e23,hybrid_original-dc5bb20e69192f,old_price,False,,,0,0,0
synthetic,hybrid_original,syn-0013,syn-0013-e23,hybrid_original-dc5bb20e69192f,image_url,False,,,0,0,0
synthetic,hybrid_original,syn-0013,syn-0013-e23,hybrid_original-dc5bb20e69192f,reviews_count,False,,,0,0,0
synthetic,hybrid_original,syn-0013,syn-0013-e01,hybrid_original-1b9bcff313b3f6,availability,True,True,True,1,0,0
synthetic,hybrid_original,syn-0013,syn-0013-e01,hybrid_original-1b9bcff313b3f6,delivery_time,True,1–3 дня,1–3 дня,1,0,0
synthetic,hybrid_original,syn-0013,syn-0013-e01,hybrid_original-1b9bcff313b3f6,old_price,False,,,0,0,0
synthetic,hybrid_original,syn-0013,syn-0013-e01,hybrid_original-1b9bcff313b3f6,image_url,False,,,0,0,0
synthetic,hybrid_original,syn-0013,syn-0013-e01,hybrid_original-1b9bcff313b3f6,reviews_count,False,,,0,0,0
synthetic,hybrid_original,syn-0013,syn-0013-e20,hybrid_original-dd2913617c2d49,availability,True,False,False,1,0,0
synthetic,hybrid_original,syn-0013,syn-0013-e20,hybrid_original-dd2913617c2d49,delivery_time,True,3–5 дня,3–5 дня,1,0,0
synthetic,hybrid_original,syn-0013,syn-0013-e20,hybrid_original-dd2913617c2d49,old_price,False,,,0,0,0
synthetic,hybrid_original,syn-0013,syn-0013-e20,hybrid_original-dd2913617c2d49,image_url,False,,,0,0,0
synthetic,hybrid_original,syn-0013,syn-0013-e20,hybrid_original-dd2913617c2d49,reviews_count,False,,,0,0,0
synthetic,hybrid_original,syn-0013,syn-0013-e08,hybrid_original-9ca84c741df282,availability,True,True,True,1,0,0
synthetic,hybrid_original,syn-0013,syn-0013-e08,hybrid_original-9ca84c741df282,delivery_time,True,3–6 дня,3–6 дня,1,0,0
synthetic,hybrid_original,syn-0013,syn-0013-e08,hybrid_original-9ca84c741df282,old_price,False,,,0,0,0
synthetic,hybrid_original,syn-0013,syn-0013-e08,hybrid_original-9ca84c741df282,image_url,False,,,0,0,0
synthetic,hybrid_original,syn-0013,syn-0013-e08,hybrid_original-9ca84c741df282,reviews_count,False,,,0,0,0
synthetic,hybrid_original,syn-0013,syn-0013-e16,hybrid_original-d1d2de8b1399d9,availability,True,True,True,1,0,0
synthetic,hybrid_original,syn-0013,syn-0013-e16,hybrid_original-d1d2de8b1399d9,delivery_time,True,3–6 дня,3–6 дня,1,0,0
synthetic,hybrid_original,syn-0013,syn-0013-e16,hybrid_original-d1d2de8b1399d9,old_price,False,,,0,0,0
synthetic,hybrid_original,syn-0013,syn-0013-e16,hybrid_original-d1d2de8b1399d9,image_url,False,,,0,0,0
synthetic,hybrid_original,syn-0013,syn-0013-e16,hybrid_original-d1d2de8b1399d9,reviews_count,False,,,0,0,0
synthetic,hybrid_original,syn-0013,syn-0013-e26,hybrid_original-47b4948f54a0c2,availability,True,True,True,1,0,0
synthetic,hybrid_original,syn-0013,syn-0013-e26,hybrid_original-47b4948f54a0c2,delivery_time,True,3–6 дня,3–6 дня,1,0,0
synthetic,hybrid_original,syn-0013,syn-0013-e26,hybrid_original-47b4948f54a0c2,old_price,False,,,0,0,0
synthetic,hybrid_original,syn-0013,syn-0013-e26,hybrid_original-47b4948f54a0c2,image_url,False,,,0,0,0
synthetic,hybrid_original,syn-0013,syn-0013-e26,hybrid_original-47b4948f54a0c2,reviews_count,False,,,0,0,0
synthetic,hybrid_original,syn-0013,syn-0013-e06,hybrid_original-02c4894916298e,availability,True,True,True,1,0,0
synthetic,hybrid_original,syn-0013,syn-0013-e06,hybrid_original-02c4894916298e,delivery_time,True,2–4 дня,2–4 дня,1,0,0
synthetic,hybrid_original,syn-0013,syn-0013-e06,hybrid_original-02c4894916298e,old_price,False,,,0,0,0
synthetic,hybrid_original,syn-0013,syn-0013-e06,hybrid_original-02c4894916298e,image_url,False,,,0,0,0
synthetic,hybrid_original,syn-0013,syn-0013-e06,hybrid_original-02c4894916298e,reviews_count,False,,,0,0,0
synthetic,hybrid_original,syn-0013,syn-0013-e11,hybrid_original-a871dff755942a,availability,True,True,True,1,0,0
synthetic,hybrid_original,syn-0013,syn-0013-e11,hybrid_original-a871dff755942a,delivery_time,True,2–4 дня,2–4 дня,1,0,0
synthetic,hybrid_original,syn-0013,syn-0013-e11,hybrid_original-a871dff755942a,old_price,False,,,0,0,0
synthetic,hybrid_original,syn-0013,syn-0013-e11,hybrid_original-a871dff755942a,image_url,False,,,0,0,0
synthetic,hybrid_original,syn-0013,syn-0013-e11,hybrid_original-a871dff755942a,reviews_count,False,,,0,0,0
synthetic,hybrid_original,syn-0013,syn-0013-e21,hybrid_original-d4dec700a724a6,availability,True,True,True,1,0,0
synthetic,hybrid_original,syn-0013,syn-0013-e21,hybrid_original-d4dec700a724a6,delivery_time,True,2–4 дня,2–4 дня,1,0,0
synthetic,hybrid_original,syn-0013,syn-0013-e21,hybrid_original-d4dec700a724a6,old_price,False,,,0,0,0
synthetic,hybrid_original,syn-0013,syn-0013-e21,hybrid_original-d4dec700a724a6,image_url,False,,,0,0,0
synthetic,hybrid_original,syn-0013,syn-0013-e21,hybrid_original-d4dec700a724a6,reviews_count,False,,,0,0,0
synthetic,hybrid_original,syn-0013,syn-0013-e07,hybrid_original-8cf07644001540,availability,True,True,True,1,0,0
synthetic,hybrid_original,syn-0013,syn-0013-e07,hybrid_original-8cf07644001540,delivery_time,True,1–3 дня,1–3 дня,1,0,0
synthetic,hybrid_original,syn-0013,syn-0013-e07,hybrid_original-8cf07644001540,old_price,False,,,0,0,0
synthetic,hybrid_original,syn-0013,syn-0013-e07,hybrid_original-8cf07644001540,image_url,False,,,0,0,0
synthetic,hybrid_original,syn-0013,syn-0013-e07,hybrid_original-8cf07644001540,reviews_count,False,,,0,0,0
synthetic,hybrid_original,syn-0013,syn-0013-e15,hybrid_original-3fd2df525f80ee,availability,True,True,True,1,0,0
synthetic,hybrid_original,syn-0013,syn-0013-e15,hybrid_original-3fd2df525f80ee,delivery_time,True,1–3 дня,1–3 дня,1,0,0
synthetic,hybrid_original,syn-0013,syn-0013-e15,hybrid_original-3fd2df525f80ee,old_price,False,,,0,0,0
synthetic,hybrid_original,syn-0013,syn-0013-e15,hybrid_original-3fd2df525f80ee,image_url,False,,,0,0,0
synthetic,hybrid_original,syn-0013,syn-0013-e15,hybrid_original-3fd2df525f80ee,reviews_count,False,,,0,0,0
synthetic,hybrid_original,syn-0013,syn-0013-e25,hybrid_original-b230880ecca974,availability,True,True,True,1,0,0
synthetic,hybrid_original,syn-0013,syn-0013-e25,hybrid_original-b230880ecca974,delivery_time,True,1–3 дня,1–3 дня,1,0,0
synthetic,hybrid_original,syn-0013,syn-0013-e25,hybrid_original-b230880ecca974,old_price,False,,,0,0,0
synthetic,hybrid_original,syn-0013,syn-0013-e25,hybrid_original-b230880ecca974,image_url,False,,,0,0,0
synthetic,hybrid_original,syn-0013,syn-0013-e25,hybrid_original-b230880ecca974,reviews_count,False,,,0,0,0
synthetic,hybrid_original,syn-0013,syn-0013-e03,hybrid_original-7acd9056f194f2,availability,True,False,False,1,0,0
synthetic,hybrid_original,syn-0013,syn-0013-e03,hybrid_original-7acd9056f194f2,delivery_time,True,3–5 дня,3–5 дня,1,0,0
synthetic,hybrid_original,syn-0013,syn-0013-e03,hybrid_original-7acd9056f194f2,old_price,False,,,0,0,0
synthetic,hybrid_original,syn-0013,syn-0013-e03,hybrid_original-7acd9056f194f2,image_url,False,,,0,0,0
synthetic,hybrid_original,syn-0013,syn-0013-e03,hybrid_original-7acd9056f194f2,reviews_count,False,,,0,0,0
synthetic,hybrid_original,syn-0013,syn-0013-e19,hybrid_original-b650b5f40747f8,availability,True,False,False,1,0,0
synthetic,hybrid_original,syn-0013,syn-0013-e19,hybrid_original-b650b5f40747f8,delivery_time,True,3–5 дня,3–5 дня,1,0,0
synthetic,hybrid_original,syn-0013,syn-0013-e19,hybrid_original-b650b5f40747f8,old_price,False,,,0,0,0
synthetic,hybrid_original,syn-0013,syn-0013-e19,hybrid_original-b650b5f40747f8,image_url,False,,,0,0,0
synthetic,hybrid_original,syn-0013,syn-0013-e19,hybrid_original-b650b5f40747f8,reviews_count,False,,,0,0,0
synthetic,hybrid_original,syn-0013,syn-0013-e10,hybrid_original-25a7ba7114ca6f,availability,True,False,False,1,0,0
synthetic,hybrid_original,syn-0013,syn-0013-e10,hybrid_original-25a7ba7114ca6f,delivery_time,True,3–5 дня,3–5 дня,1,0,0
synthetic,hybrid_original,syn-0013,syn-0013-e10,hybrid_original-25a7ba7114ca6f,old_price,False,,,0,0,0
synthetic,hybrid_original,syn-0013,syn-0013-e10,hybrid_original-25a7ba7114ca6f,image_url,False,,,0,0,0
synthetic,hybrid_original,syn-0013,syn-0013-e10,hybrid_original-25a7ba7114ca6f,reviews_count,False,,,0,0,0
synthetic,hybrid_original,syn-0013,syn-0013-e18,hybrid_original-5224fdf4e8d2df,availability,True,False,False,1,0,0
synthetic,hybrid_original,syn-0013,syn-0013-e18,hybrid_original-5224fdf4e8d2df,delivery_time,True,3–5 дня,3–5 дня,1,0,0
synthetic,hybrid_original,syn-0013,syn-0013-e18,hybrid_original-5224fdf4e8d2df,old_price,False,,,0,0,0
synthetic,hybrid_original,syn-0013,syn-0013-e18,hybrid_original-5224fdf4e8d2df,image_url,False,,,0,0,0
synthetic,hybrid_original,syn-0013,syn-0013-e18,hybrid_original-5224fdf4e8d2df,reviews_count,False,,,0,0,0
synthetic,hybrid_original,syn-0014,syn-0014-e02,hybrid_original-22aa081e8c3266,availability,True,False,,0,0,1
synthetic,hybrid_original,syn-0014,syn-0014-e02,hybrid_original-22aa081e8c3266,delivery_time,True,3–5 дня,,0,0,1
synthetic,hybrid_original,syn-0014,syn-0014-e02,hybrid_original-22aa081e8c3266,old_price,False,,,0,0,0
synthetic,hybrid_original,syn-0014,syn-0014-e02,hybrid_original-22aa081e8c3266,image_url,False,,,0,0,0
synthetic,hybrid_original,syn-0014,syn-0014-e02,hybrid_original-22aa081e8c3266,reviews_count,False,,,0,0,0
synthetic,hybrid_original,syn-0014,syn-0014-e12,hybrid_original-1cf9d7578eaf74,availability,True,True,,0,0,1
synthetic,hybrid_original,syn-0014,syn-0014-e12,hybrid_original-1cf9d7578eaf74,delivery_time,True,2–5 дня,,0,0,1
synthetic,hybrid_original,syn-0014,syn-0014-e12,hybrid_original-1cf9d7578eaf74,old_price,False,,,0,0,0
synthetic,hybrid_original,syn-0014,syn-0014-e12,hybrid_original-1cf9d7578eaf74,image_url,False,,,0,0,0
synthetic,hybrid_original,syn-0014,syn-0014-e12,hybrid_original-1cf9d7578eaf74,reviews_count,False,,,0,0,0
synthetic,hybrid_original,syn-0014,syn-0014-e01,hybrid_original-8bcf6c3b3883cf,availability,True,True,,0,0,1
synthetic,hybrid_original,syn-0014,syn-0014-e01,hybrid_original-8bcf6c3b3883cf,delivery_time,True,2–4 дня,,0,0,1
synthetic,hybrid_original,syn-0014,syn-0014-e01,hybrid_original-8bcf6c3b3883cf,old_price,False,,,0,0,0
synthetic,hybrid_original,syn-0014,syn-0014-e01,hybrid_original-8bcf6c3b3883cf,image_url,False,,,0,0,0
synthetic,hybrid_original,syn-0014,syn-0014-e01,hybrid_original-8bcf6c3b3883cf,reviews_count,False,,,0,0,0
synthetic,hybrid_original,syn-0014,syn-0014-e14,hybrid_original-8f82cc3d2be43e,availability,True,True,,0,0,1
synthetic,hybrid_original,syn-0014,syn-0014-e14,hybrid_original-8f82cc3d2be43e,delivery_time,True,1–6 дня,,0,0,1
synthetic,hybrid_original,syn-0014,syn-0014-e14,hybrid_original-8f82cc3d2be43e,old_price,False,,,0,0,0
synthetic,hybrid_original,syn-0014,syn-0014-e14,hybrid_original-8f82cc3d2be43e,image_url,False,,,0,0,0
synthetic,hybrid_original,syn-0014,syn-0014-e14,hybrid_original-8f82cc3d2be43e,reviews_count,False,,,0,0,0
synthetic,hybrid_original,syn-0014,syn-0014-e05,hybrid_original-6a918f227edbc0,availability,True,True,,0,0,1
synthetic,hybrid_original,syn-0014,syn-0014-e05,hybrid_original-6a918f227edbc0,delivery_time,True,3–4 дня,,0,0,1
synthetic,hybrid_original,syn-0014,syn-0014-e05,hybrid_original-6a918f227edbc0,old_price,False,,,0,0,0
synthetic,hybrid_original,syn-0014,syn-0014-e05,hybrid_original-6a918f227edbc0,image_url,False,,,0,0,0
synthetic,hybrid_original,syn-0014,syn-0014-e05,hybrid_original-6a918f227edbc0,reviews_count,False,,,0,0,0
synthetic,hybrid_original,syn-0014,syn-0014-e07,hybrid_original-7fb88434177902,availability,True,True,,0,0,1
synthetic,hybrid_original,syn-0014,syn-0014-e07,hybrid_original-7fb88434177902,delivery_time,True,1–6 дня,,0,0,1
synthetic,hybrid_original,syn-0014,syn-0014-e07,hybrid_original-7fb88434177902,old_price,False,,,0,0,0
synthetic,hybrid_original,syn-0014,syn-0014-e07,hybrid_original-7fb88434177902,image_url,False,,,0,0,0
synthetic,hybrid_original,syn-0014,syn-0014-e07,hybrid_original-7fb88434177902,reviews_count,False,,,0,0,0
synthetic,hybrid_original,syn-0014,syn-0014-e13,hybrid_original-1a07b4506593bf,availability,True,True,,0,0,1
synthetic,hybrid_original,syn-0014,syn-0014-e13,hybrid_original-1a07b4506593bf,delivery_time,True,1–6 дня,,0,0,1
synthetic,hybrid_original,syn-0014,syn-0014-e13,hybrid_original-1a07b4506593bf,old_price,False,,,0,0,0
synthetic,hybrid_original,syn-0014,syn-0014-e13,hybrid_original-1a07b4506593bf,image_url,False,,,0,0,0
synthetic,hybrid_original,syn-0014,syn-0014-e13,hybrid_original-1a07b4506593bf,reviews_count,False,,,0,0,0
synthetic,hybrid_original,syn-0014,syn-0014-e10,hybrid_original-d61f76d1914d6f,availability,True,False,,0,0,1
synthetic,hybrid_original,syn-0014,syn-0014-e10,hybrid_original-d61f76d1914d6f,delivery_time,True,3–5 дня,,0,0,1
synthetic,hybrid_original,syn-0014,syn-0014-e10,hybrid_original-d61f76d1914d6f,old_price,False,,,0,0,0
synthetic,hybrid_original,syn-0014,syn-0014-e10,hybrid_original-d61f76d1914d6f,image_url,False,,,0,0,0
synthetic,hybrid_original,syn-0014,syn-0014-e10,hybrid_original-d61f76d1914d6f,reviews_count,False,,,0,0,0
synthetic,hybrid_original,syn-0014,syn-0014-e03,hybrid_original-af945555f5a0b4,availability,True,True,,0,0,1
synthetic,hybrid_original,syn-0014,syn-0014-e03,hybrid_original-af945555f5a0b4,delivery_time,True,1–6 дня,,0,0,1
synthetic,hybrid_original,syn-0014,syn-0014-e03,hybrid_original-af945555f5a0b4,old_price,False,,,0,0,0
synthetic,hybrid_original,syn-0014,syn-0014-e03,hybrid_original-af945555f5a0b4,image_url,False,,,0,0,0
synthetic,hybrid_original,syn-0014,syn-0014-e03,hybrid_original-af945555f5a0b4,reviews_count,False,,,0,0,0
synthetic,hybrid_original,syn-0014,syn-0014-e16,hybrid_original-fcf0b90f3f03cb,availability,True,True,,0,0,1
synthetic,hybrid_original,syn-0014,syn-0014-e16,hybrid_original-fcf0b90f3f03cb,delivery_time,True,3–6 дня,,0,0,1
synthetic,hybrid_original,syn-0014,syn-0014-e16,hybrid_original-fcf0b90f3f03cb,old_price,False,,,0,0,0
synthetic,hybrid_original,syn-0014,syn-0014-e16,hybrid_original-fcf0b90f3f03cb,image_url,False,,,0,0,0
synthetic,hybrid_original,syn-0014,syn-0014-e16,hybrid_original-fcf0b90f3f03cb,reviews_count,False,,,0,0,0
synthetic,hybrid_original,syn-0014,syn-0014-e06,hybrid_original-8e7be060f6d70d,availability,True,True,,0,0,1
synthetic,hybrid_original,syn-0014,syn-0014-e06,hybrid_original-8e7be060f6d70d,delivery_time,True,2–4 дня,,0,0,1
synthetic,hybrid_original,syn-0014,syn-0014-e06,hybrid_original-8e7be060f6d70d,old_price,False,,,0,0,0
synthetic,hybrid_original,syn-0014,syn-0014-e06,hybrid_original-8e7be060f6d70d,image_url,False,,,0,0,0
synthetic,hybrid_original,syn-0014,syn-0014-e06,hybrid_original-8e7be060f6d70d,reviews_count,False,,,0,0,0
synthetic,hybrid_original,syn-0014,syn-0014-e11,hybrid_original-3962bbdcbc96b1,availability,True,True,,0,0,1
synthetic,hybrid_original,syn-0014,syn-0014-e11,hybrid_original-3962bbdcbc96b1,delivery_time,True,2–4 дня,,0,0,1
synthetic,hybrid_original,syn-0014,syn-0014-e11,hybrid_original-3962bbdcbc96b1,old_price,False,,,0,0,0
synthetic,hybrid_original,syn-0014,syn-0014-e11,hybrid_original-3962bbdcbc96b1,image_url,False,,,0,0,0
synthetic,hybrid_original,syn-0014,syn-0014-e11,hybrid_original-3962bbdcbc96b1,reviews_count,False,,,0,0,0
synthetic,hybrid_original,syn-0014,syn-0014-e04,hybrid_original-06bf48cc155159,availability,True,True,,0,0,1
synthetic,hybrid_original,syn-0014,syn-0014-e04,hybrid_original-06bf48cc155159,delivery_time,True,2–3 дня,,0,0,1
synthetic,hybrid_original,syn-0014,syn-0014-e04,hybrid_original-06bf48cc155159,old_price,False,,,0,0,0
synthetic,hybrid_original,syn-0014,syn-0014-e04,hybrid_original-06bf48cc155159,image_url,False,,,0,0,0
synthetic,hybrid_original,syn-0014,syn-0014-e04,hybrid_original-06bf48cc155159,reviews_count,False,,,0,0,0
synthetic,hybrid_original,syn-0014,syn-0014-e15,hybrid_original-91fdd2560b3f73,availability,True,True,,0,0,1
synthetic,hybrid_original,syn-0014,syn-0014-e15,hybrid_original-91fdd2560b3f73,delivery_time,True,1–3 дня,,0,0,1
synthetic,hybrid_original,syn-0014,syn-0014-e15,hybrid_original-91fdd2560b3f73,old_price,False,,,0,0,0
synthetic,hybrid_original,syn-0014,syn-0014-e15,hybrid_original-91fdd2560b3f73,image_url,False,,,0,0,0
synthetic,hybrid_original,syn-0014,syn-0014-e15,hybrid_original-91fdd2560b3f73,reviews_count,False,,,0,0,0
synthetic,hybrid_original,syn-0014,syn-0014-e09,hybrid_original-350072e12057c5,availability,True,False,,0,0,1
synthetic,hybrid_original,syn-0014,syn-0014-e09,hybrid_original-350072e12057c5,delivery_time,True,3–5 дня,,0,0,1
synthetic,hybrid_original,syn-0014,syn-0014-e09,hybrid_original-350072e12057c5,old_price,False,,,0,0,0
synthetic,hybrid_original,syn-0014,syn-0014-e09,hybrid_original-350072e12057c5,image_url,False,,,0,0,0
synthetic,hybrid_original,syn-0014,syn-0014-e09,hybrid_original-350072e12057c5,reviews_count,False,,,0,0,0
synthetic,hybrid_original,syn-0014,syn-0014-e08,hybrid_original-f6e950c005ce29,availability,True,False,,0,0,1
synthetic,hybrid_original,syn-0014,syn-0014-e08,hybrid_original-f6e950c005ce29,delivery_time,True,3–5 дня,,0,0,1
synthetic,hybrid_original,syn-0014,syn-0014-e08,hybrid_original-f6e950c005ce29,old_price,False,,,0,0,0
synthetic,hybrid_original,syn-0014,syn-0014-e08,hybrid_original-f6e950c005ce29,image_url,False,,,0,0,0
synthetic,hybrid_original,syn-0014,syn-0014-e08,hybrid_original-f6e950c005ce29,reviews_count,False,,,0,0,0
synthetic,hybrid_original,syn-0015,syn-0015-e03,hybrid_original-526554bea07910,availability,True,True,True,1,0,0
synthetic,hybrid_original,syn-0015,syn-0015-e03,hybrid_original-526554bea07910,delivery_time,True,2–3 дня,2–3 дня,1,0,0
synthetic,hybrid_original,syn-0015,syn-0015-e03,hybrid_original-526554bea07910,old_price,False,,,0,0,0
synthetic,hybrid_original,syn-0015,syn-0015-e03,hybrid_original-526554bea07910,image_url,False,,,0,0,0
synthetic,hybrid_original,syn-0015,syn-0015-e03,hybrid_original-526554bea07910,reviews_count,False,,,0,0,0
synthetic,hybrid_original,syn-0015,syn-0015-e15,hybrid_original-88d2bdbbb23424,availability,True,True,,0,0,1
synthetic,hybrid_original,syn-0015,syn-0015-e15,hybrid_original-88d2bdbbb23424,delivery_time,True,2–3 дня,,0,0,1
synthetic,hybrid_original,syn-0015,syn-0015-e15,hybrid_original-88d2bdbbb23424,old_price,False,,,0,0,0
synthetic,hybrid_original,syn-0015,syn-0015-e15,hybrid_original-88d2bdbbb23424,image_url,False,,,0,0,0
synthetic,hybrid_original,syn-0015,syn-0015-e15,hybrid_original-88d2bdbbb23424,reviews_count,False,,,0,0,0
synthetic,hybrid_original,syn-0015,syn-0015-e25,hybrid_original-92f8135ee90671,availability,True,True,,0,0,1
synthetic,hybrid_original,syn-0015,syn-0015-e25,hybrid_original-92f8135ee90671,delivery_time,True,2–3 дня,,0,0,1
synthetic,hybrid_original,syn-0015,syn-0015-e25,hybrid_original-92f8135ee90671,old_price,False,,,0,0,0
synthetic,hybrid_original,syn-0015,syn-0015-e25,hybrid_original-92f8135ee90671,image_url,False,,,0,0,0
synthetic,hybrid_original,syn-0015,syn-0015-e25,hybrid_original-92f8135ee90671,reviews_count,False,,,0,0,0
synthetic,hybrid_original,syn-0015,syn-0015-e09,hybrid_original-b68bd701c6e4bc,availability,True,True,,0,0,1
synthetic,hybrid_original,syn-0015,syn-0015-e09,hybrid_original-b68bd701c6e4bc,delivery_time,True,1–5 дня,,0,0,1
synthetic,hybrid_original,syn-0015,syn-0015-e09,hybrid_original-b68bd701c6e4bc,old_price,False,,,0,0,0
synthetic,hybrid_original,syn-0015,syn-0015-e09,hybrid_original-b68bd701c6e4bc,image_url,False,,,0,0,0
synthetic,hybrid_original,syn-0015,syn-0015-e09,hybrid_original-b68bd701c6e4bc,reviews_count,False,,,0,0,0
synthetic,hybrid_original,syn-0015,syn-0015-e18,hybrid_original-133e1ebacf906b,availability,True,True,,0,0,1
synthetic,hybrid_original,syn-0015,syn-0015-e18,hybrid_original-133e1ebacf906b,delivery_time,True,1–5 дня,,0,0,1
synthetic,hybrid_original,syn-0015,syn-0015-e18,hybrid_original-133e1ebacf906b,old_price,False,,,0,0,0
synthetic,hybrid_original,syn-0015,syn-0015-e18,hybrid_original-133e1ebacf906b,image_url,False,,,0,0,0
synthetic,hybrid_original,syn-0015,syn-0015-e18,hybrid_original-133e1ebacf906b,reviews_count,False,,,0,0,0
synthetic,hybrid_original,syn-0015,syn-0015-e28,hybrid_original-46f3ec192f607e,availability,True,True,,0,0,1
synthetic,hybrid_original,syn-0015,syn-0015-e28,hybrid_original-46f3ec192f607e,delivery_time,True,1–5 дня,,0,0,1
synthetic,hybrid_original,syn-0015,syn-0015-e28,hybrid_original-46f3ec192f607e,old_price,False,,,0,0,0
synthetic,hybrid_original,syn-0015,syn-0015-e28,hybrid_original-46f3ec192f607e,image_url,False,,,0,0,0
synthetic,hybrid_original,syn-0015,syn-0015-e28,hybrid_original-46f3ec192f607e,reviews_count,False,,,0,0,0
synthetic,hybrid_original,syn-0015,syn-0015-e01,hybrid_original-cadfdaa9e7a8e0,availability,True,False,False,1,0,0
synthetic,hybrid_original,syn-0015,syn-0015-e01,hybrid_original-cadfdaa9e7a8e0,delivery_time,True,3–5 дня,3–5 дня,1,0,0
synthetic,hybrid_original,syn-0015,syn-0015-e01,hybrid_original-cadfdaa9e7a8e0,old_price,False,,,0,0,0
synthetic,hybrid_original,syn-0015,syn-0015-e01,hybrid_original-cadfdaa9e7a8e0,image_url,False,,,0,0,0
synthetic,hybrid_original,syn-0015,syn-0015-e01,hybrid_original-cadfdaa9e7a8e0,reviews_count,False,,,0,0,0
synthetic,hybrid_original,syn-0015,syn-0015-e19,hybrid_original-708eb005c74d92,availability,True,False,,0,0,1
synthetic,hybrid_original,syn-0015,syn-0015-e19,hybrid_original-708eb005c74d92,delivery_time,True,3–5 дня,,0,0,1
synthetic,hybrid_original,syn-0015,syn-0015-e19,hybrid_original-708eb005c74d92,old_price,False,,,0,0,0
synthetic,hybrid_original,syn-0015,syn-0015-e19,hybrid_original-708eb005c74d92,image_url,False,,,0,0,0
synthetic,hybrid_original,syn-0015,syn-0015-e19,hybrid_original-708eb005c74d92,reviews_count,False,,,0,0,0
synthetic,hybrid_original,syn-0015,syn-0015-e04,hybrid_original-65f18d13f6cf4b,availability,True,True,True,1,0,0
synthetic,hybrid_original,syn-0015,syn-0015-e04,hybrid_original-65f18d13f6cf4b,delivery_time,True,3–4 дня,3–4 дня,1,0,0
synthetic,hybrid_original,syn-0015,syn-0015-e04,hybrid_original-65f18d13f6cf4b,old_price,False,,,0,0,0
synthetic,hybrid_original,syn-0015,syn-0015-e04,hybrid_original-65f18d13f6cf4b,image_url,False,,,0,0,0
synthetic,hybrid_original,syn-0015,syn-0015-e04,hybrid_original-65f18d13f6cf4b,reviews_count,False,,,0,0,0
synthetic,hybrid_original,syn-0015,syn-0015-e13,hybrid_original-3a83aa561cd3cd,availability,True,True,,0,0,1
synthetic,hybrid_original,syn-0015,syn-0015-e13,hybrid_original-3a83aa561cd3cd,delivery_time,True,3–4 дня,,0,0,1
synthetic,hybrid_original,syn-0015,syn-0015-e13,hybrid_original-3a83aa561cd3cd,old_price,False,,,0,0,0
synthetic,hybrid_original,syn-0015,syn-0015-e13,hybrid_original-3a83aa561cd3cd,image_url,False,,,0,0,0
synthetic,hybrid_original,syn-0015,syn-0015-e13,hybrid_original-3a83aa561cd3cd,reviews_count,False,,,0,0,0
synthetic,hybrid_original,syn-0015,syn-0015-e23,hybrid_original-160072f9f75850,availability,True,True,,0,0,1
synthetic,hybrid_original,syn-0015,syn-0015-e23,hybrid_original-160072f9f75850,delivery_time,True,3–4 дня,,0,0,1
synthetic,hybrid_original,syn-0015,syn-0015-e23,hybrid_original-160072f9f75850,old_price,False,,,0,0,0
synthetic,hybrid_original,syn-0015,syn-0015-e23,hybrid_original-160072f9f75850,image_url,False,,,0,0,0
synthetic,hybrid_original,syn-0015,syn-0015-e23,hybrid_original-160072f9f75850,reviews_count,False,,,0,0,0
synthetic,hybrid_original,syn-0015,syn-0015-e06,hybrid_original-c29d35a463775c,availability,True,True,True,1,0,0
synthetic,hybrid_original,syn-0015,syn-0015-e06,hybrid_original-c29d35a463775c,delivery_time,True,1–5 дня,1–5 дня,1,0,0
synthetic,hybrid_original,syn-0015,syn-0015-e06,hybrid_original-c29d35a463775c,old_price,False,,,0,0,0
synthetic,hybrid_original,syn-0015,syn-0015-e06,hybrid_original-c29d35a463775c,image_url,False,,,0,0,0
synthetic,hybrid_original,syn-0015,syn-0015-e06,hybrid_original-c29d35a463775c,reviews_count,False,,,0,0,0
synthetic,hybrid_original,syn-0015,syn-0015-e11,hybrid_original-2c8d7a4147a234,availability,True,True,,0,0,1
synthetic,hybrid_original,syn-0015,syn-0015-e11,hybrid_original-2c8d7a4147a234,delivery_time,True,1–5 дня,,0,0,1
synthetic,hybrid_original,syn-0015,syn-0015-e11,hybrid_original-2c8d7a4147a234,old_price,False,,,0,0,0
synthetic,hybrid_original,syn-0015,syn-0015-e11,hybrid_original-2c8d7a4147a234,image_url,False,,,0,0,0
synthetic,hybrid_original,syn-0015,syn-0015-e11,hybrid_original-2c8d7a4147a234,reviews_count,False,,,0,0,0
synthetic,hybrid_original,syn-0015,syn-0015-e21,hybrid_original-cf74791d76cd1f,availability,True,True,,0,0,1
synthetic,hybrid_original,syn-0015,syn-0015-e21,hybrid_original-cf74791d76cd1f,delivery_time,True,1–5 дня,,0,0,1
synthetic,hybrid_original,syn-0015,syn-0015-e21,hybrid_original-cf74791d76cd1f,old_price,False,,,0,0,0
synthetic,hybrid_original,syn-0015,syn-0015-e21,hybrid_original-cf74791d76cd1f,image_url,False,,,0,0,0
synthetic,hybrid_original,syn-0015,syn-0015-e21,hybrid_original-cf74791d76cd1f,reviews_count,False,,,0,0,0
synthetic,hybrid_original,syn-0015,syn-0015-e07,hybrid_original-20ca41034389a6,availability,True,True,True,1,0,0
synthetic,hybrid_original,syn-0015,syn-0015-e07,hybrid_original-20ca41034389a6,delivery_time,True,3–4 дня,3–4 дня,1,0,0
synthetic,hybrid_original,syn-0015,syn-0015-e07,hybrid_original-20ca41034389a6,old_price,False,,,0,0,0
synthetic,hybrid_original,syn-0015,syn-0015-e07,hybrid_original-20ca41034389a6,image_url,False,,,0,0,0
synthetic,hybrid_original,syn-0015,syn-0015-e07,hybrid_original-20ca41034389a6,reviews_count,False,,,0,0,0
synthetic,hybrid_original,syn-0015,syn-0015-e16,hybrid_original-ee1f8638c0265a,availability,True,True,,0,0,1
synthetic,hybrid_original,syn-0015,syn-0015-e16,hybrid_original-ee1f8638c0265a,delivery_time,True,3–4 дня,,0,0,1
synthetic,hybrid_original,syn-0015,syn-0015-e16,hybrid_original-ee1f8638c0265a,old_price,False,,,0,0,0
synthetic,hybrid_original,syn-0015,syn-0015-e16,hybrid_original-ee1f8638c0265a,image_url,False,,,0,0,0
synthetic,hybrid_original,syn-0015,syn-0015-e16,hybrid_original-ee1f8638c0265a,reviews_count,False,,,0,0,0
synthetic,hybrid_original,syn-0015,syn-0015-e26,hybrid_original-85c8a87ab8d529,availability,True,True,,0,0,1
synthetic,hybrid_original,syn-0015,syn-0015-e26,hybrid_original-85c8a87ab8d529,delivery_time,True,3–4 дня,,0,0,1
synthetic,hybrid_original,syn-0015,syn-0015-e26,hybrid_original-85c8a87ab8d529,old_price,False,,,0,0,0
synthetic,hybrid_original,syn-0015,syn-0015-e26,hybrid_original-85c8a87ab8d529,image_url,False,,,0,0,0
synthetic,hybrid_original,syn-0015,syn-0015-e26,hybrid_original-85c8a87ab8d529,reviews_count,False,,,0,0,0
synthetic,hybrid_original,syn-0015,syn-0015-e02,hybrid_original-21fbf51a163d4b,availability,True,True,True,1,0,0
synthetic,hybrid_original,syn-0015,syn-0015-e02,hybrid_original-21fbf51a163d4b,delivery_time,True,1–6 дня,1–6 дня,1,0,0
synthetic,hybrid_original,syn-0015,syn-0015-e02,hybrid_original-21fbf51a163d4b,old_price,False,,,0,0,0
synthetic,hybrid_original,syn-0015,syn-0015-e02,hybrid_original-21fbf51a163d4b,image_url,False,,,0,0,0
synthetic,hybrid_original,syn-0015,syn-0015-e02,hybrid_original-21fbf51a163d4b,reviews_count,False,,,0,0,0
synthetic,hybrid_original,syn-0015,syn-0015-e14,hybrid_original-95a09e30af6a3b,availability,True,True,,0,0,1
synthetic,hybrid_original,syn-0015,syn-0015-e14,hybrid_original-95a09e30af6a3b,delivery_time,True,1–6 дня,,0,0,1
synthetic,hybrid_original,syn-0015,syn-0015-e14,hybrid_original-95a09e30af6a3b,old_price,False,,,0,0,0
synthetic,hybrid_original,syn-0015,syn-0015-e14,hybrid_original-95a09e30af6a3b,image_url,False,,,0,0,0
synthetic,hybrid_original,syn-0015,syn-0015-e14,hybrid_original-95a09e30af6a3b,reviews_count,False,,,0,0,0
synthetic,hybrid_original,syn-0015,syn-0015-e24,hybrid_original-47d7651835267d,availability,True,True,,0,0,1
synthetic,hybrid_original,syn-0015,syn-0015-e24,hybrid_original-47d7651835267d,delivery_time,True,1–6 дня,,0,0,1
synthetic,hybrid_original,syn-0015,syn-0015-e24,hybrid_original-47d7651835267d,old_price,False,,,0,0,0
synthetic,hybrid_original,syn-0015,syn-0015-e24,hybrid_original-47d7651835267d,image_url,False,,,0,0,0
synthetic,hybrid_original,syn-0015,syn-0015-e24,hybrid_original-47d7651835267d,reviews_count,False,,,0,0,0
synthetic,hybrid_original,syn-0015,syn-0015-e10,hybrid_original-560fbafbc2d436,availability,True,True,,0,0,1
synthetic,hybrid_original,syn-0015,syn-0015-e10,hybrid_original-560fbafbc2d436,delivery_time,True,2–6 дня,,0,0,1
synthetic,hybrid_original,syn-0015,syn-0015-e10,hybrid_original-560fbafbc2d436,old_price,False,,,0,0,0
synthetic,hybrid_original,syn-0015,syn-0015-e10,hybrid_original-560fbafbc2d436,image_url,False,,,0,0,0
synthetic,hybrid_original,syn-0015,syn-0015-e10,hybrid_original-560fbafbc2d436,reviews_count,False,,,0,0,0
synthetic,hybrid_original,syn-0015,syn-0015-e20,hybrid_original-ddec4cc9a41e72,availability,True,True,,0,0,1
synthetic,hybrid_original,syn-0015,syn-0015-e20,hybrid_original-ddec4cc9a41e72,delivery_time,True,2–6 дня,,0,0,1
synthetic,hybrid_original,syn-0015,syn-0015-e20,hybrid_original-ddec4cc9a41e72,old_price,False,,,0,0,0
synthetic,hybrid_original,syn-0015,syn-0015-e20,hybrid_original-ddec4cc9a41e72,image_url,False,,,0,0,0
synthetic,hybrid_original,syn-0015,syn-0015-e20,hybrid_original-ddec4cc9a41e72,reviews_count,False,,,0,0,0
synthetic,hybrid_original,syn-0015,syn-0015-e05,hybrid_original-db7c4095d7b4d9,availability,True,True,True,1,0,0
synthetic,hybrid_original,syn-0015,syn-0015-e05,hybrid_original-db7c4095d7b4d9,delivery_time,True,1–5 дня,1–5 дня,1,0,0
synthetic,hybrid_original,syn-0015,syn-0015-e05,hybrid_original-db7c4095d7b4d9,old_price,False,,,0,0,0
synthetic,hybrid_original,syn-0015,syn-0015-e05,hybrid_original-db7c4095d7b4d9,image_url,False,,,0,0,0
synthetic,hybrid_original,syn-0015,syn-0015-e05,hybrid_original-db7c4095d7b4d9,reviews_count,False,,,0,0,0
synthetic,hybrid_original,syn-0015,syn-0015-e12,hybrid_original-0d45124dc80f2f,availability,True,True,,0,0,1
synthetic,hybrid_original,syn-0015,syn-0015-e12,hybrid_original-0d45124dc80f2f,delivery_time,True,1–5 дня,,0,0,1
synthetic,hybrid_original,syn-0015,syn-0015-e12,hybrid_original-0d45124dc80f2f,old_price,False,,,0,0,0
synthetic,hybrid_original,syn-0015,syn-0015-e12,hybrid_original-0d45124dc80f2f,image_url,False,,,0,0,0
synthetic,hybrid_original,syn-0015,syn-0015-e12,hybrid_original-0d45124dc80f2f,reviews_count,False,,,0,0,0
synthetic,hybrid_original,syn-0015,syn-0015-e22,hybrid_original-cdc95e841fe522,availability,True,True,,0,0,1
synthetic,hybrid_original,syn-0015,syn-0015-e22,hybrid_original-cdc95e841fe522,delivery_time,True,1–5 дня,,0,0,1
synthetic,hybrid_original,syn-0015,syn-0015-e22,hybrid_original-cdc95e841fe522,old_price,False,,,0,0,0
synthetic,hybrid_original,syn-0015,syn-0015-e22,hybrid_original-cdc95e841fe522,image_url,False,,,0,0,0
synthetic,hybrid_original,syn-0015,syn-0015-e22,hybrid_original-cdc95e841fe522,reviews_count,False,,,0,0,0
synthetic,hybrid_original,syn-0015,syn-0015-e08,hybrid_original-9aece3caf0a878,availability,True,True,True,1,0,0
synthetic,hybrid_original,syn-0015,syn-0015-e08,hybrid_original-9aece3caf0a878,delivery_time,True,2–6 дня,2–6 дня,1,0,0
synthetic,hybrid_original,syn-0015,syn-0015-e08,hybrid_original-9aece3caf0a878,old_price,False,,,0,0,0
synthetic,hybrid_original,syn-0015,syn-0015-e08,hybrid_original-9aece3caf0a878,image_url,False,,,0,0,0
synthetic,hybrid_original,syn-0015,syn-0015-e08,hybrid_original-9aece3caf0a878,reviews_count,False,,,0,0,0
synthetic,hybrid_original,syn-0015,syn-0015-e17,hybrid_original-73209092d1ff93,availability,True,True,,0,0,1
synthetic,hybrid_original,syn-0015,syn-0015-e17,hybrid_original-73209092d1ff93,delivery_time,True,2–6 дня,,0,0,1
synthetic,hybrid_original,syn-0015,syn-0015-e17,hybrid_original-73209092d1ff93,old_price,False,,,0,0,0
synthetic,hybrid_original,syn-0015,syn-0015-e17,hybrid_original-73209092d1ff93,image_url,False,,,0,0,0
synthetic,hybrid_original,syn-0015,syn-0015-e17,hybrid_original-73209092d1ff93,reviews_count,False,,,0,0,0
synthetic,hybrid_original,syn-0015,syn-0015-e27,hybrid_original-7ed9d205e0eb5e,availability,True,True,,0,0,1
synthetic,hybrid_original,syn-0015,syn-0015-e27,hybrid_original-7ed9d205e0eb5e,delivery_time,True,2–6 дня,,0,0,1
synthetic,hybrid_original,syn-0015,syn-0015-e27,hybrid_original-7ed9d205e0eb5e,old_price,False,,,0,0,0
synthetic,hybrid_original,syn-0015,syn-0015-e27,hybrid_original-7ed9d205e0eb5e,image_url,False,,,0,0,0
synthetic,hybrid_original,syn-0015,syn-0015-e27,hybrid_original-7ed9d205e0eb5e,reviews_count,False,,,0,0,0
synthetic,hybrid_original,syn-0016,syn-0016-e08,hybrid_original-5a7412a3cc60dd,availability,True,True,True,1,0,0
synthetic,hybrid_original,syn-0016,syn-0016-e08,hybrid_original-5a7412a3cc60dd,delivery_time,True,2–3 дня,,0,0,1
synthetic,hybrid_original,syn-0016,syn-0016-e08,hybrid_original-5a7412a3cc60dd,old_price,False,,,0,0,0
synthetic,hybrid_original,syn-0016,syn-0016-e08,hybrid_original-5a7412a3cc60dd,image_url,False,,,0,0,0
synthetic,hybrid_original,syn-0016,syn-0016-e08,hybrid_original-5a7412a3cc60dd,reviews_count,False,,,0,0,0
synthetic,hybrid_original,syn-0016,syn-0016-e04,hybrid_original-e1179ae7f48a33,availability,True,True,True,1,0,0
synthetic,hybrid_original,syn-0016,syn-0016-e04,hybrid_original-e1179ae7f48a33,delivery_time,True,1–5 дня,,0,0,1
synthetic,hybrid_original,syn-0016,syn-0016-e04,hybrid_original-e1179ae7f48a33,old_price,False,,,0,0,0
synthetic,hybrid_original,syn-0016,syn-0016-e04,hybrid_original-e1179ae7f48a33,image_url,False,,,0,0,0
synthetic,hybrid_original,syn-0016,syn-0016-e04,hybrid_original-e1179ae7f48a33,reviews_count,False,,,0,0,0
synthetic,hybrid_original,syn-0016,syn-0016-e10,hybrid_original-65bc29431bc495,availability,True,False,,0,0,1
synthetic,hybrid_original,syn-0016,syn-0016-e10,hybrid_original-65bc29431bc495,delivery_time,True,3–5 дня,,0,0,1
synthetic,hybrid_original,syn-0016,syn-0016-e10,hybrid_original-65bc29431bc495,old_price,False,,,0,0,0
synthetic,hybrid_original,syn-0016,syn-0016-e10,hybrid_original-65bc29431bc495,image_url,False,,,0,0,0
synthetic,hybrid_original,syn-0016,syn-0016-e10,hybrid_original-65bc29431bc495,reviews_count,False,,,0,0,0
synthetic,hybrid_original,syn-0016,syn-0016-e01,hybrid_original-77d2d276679832,availability,True,True,True,1,0,0
synthetic,hybrid_original,syn-0016,syn-0016-e01,hybrid_original-77d2d276679832,delivery_time,True,1–6 дня,,0,0,1
synthetic,hybrid_original,syn-0016,syn-0016-e01,hybrid_original-77d2d276679832,old_price,False,,,0,0,0
synthetic,hybrid_original,syn-0016,syn-0016-e01,hybrid_original-77d2d276679832,image_url,False,,,0,0,0
synthetic,hybrid_original,syn-0016,syn-0016-e01,hybrid_original-77d2d276679832,reviews_count,False,,,0,0,0
synthetic,hybrid_original,syn-0016,syn-0016-e13,hybrid_original-c4bdcac07c2431,availability,True,True,,0,0,1
synthetic,hybrid_original,syn-0016,syn-0016-e13,hybrid_original-c4bdcac07c2431,delivery_time,True,3–4 дня,,0,0,1
synthetic,hybrid_original,syn-0016,syn-0016-e13,hybrid_original-c4bdcac07c2431,old_price,False,,,0,0,0
synthetic,hybrid_original,syn-0016,syn-0016-e13,hybrid_original-c4bdcac07c2431,image_url,False,,,0,0,0
synthetic,hybrid_original,syn-0016,syn-0016-e13,hybrid_original-c4bdcac07c2431,reviews_count,False,,,0,0,0
synthetic,hybrid_original,syn-0016,syn-0016-e06,hybrid_original-3233bc116ff901,availability,True,True,True,1,0,0
synthetic,hybrid_original,syn-0016,syn-0016-e06,hybrid_original-3233bc116ff901,delivery_time,True,1–5 дня,,0,0,1
synthetic,hybrid_original,syn-0016,syn-0016-e06,hybrid_original-3233bc116ff901,old_price,False,,,0,0,0
synthetic,hybrid_original,syn-0016,syn-0016-e06,hybrid_original-3233bc116ff901,image_url,False,,,0,0,0
synthetic,hybrid_original,syn-0016,syn-0016-e06,hybrid_original-3233bc116ff901,reviews_count,False,,,0,0,0
synthetic,hybrid_original,syn-0016,syn-0016-e11,hybrid_original-0e1a237ade33e0,availability,True,True,,0,0,1
synthetic,hybrid_original,syn-0016,syn-0016-e11,hybrid_original-0e1a237ade33e0,delivery_time,True,1–5 дня,,0,0,1
synthetic,hybrid_original,syn-0016,syn-0016-e11,hybrid_original-0e1a237ade33e0,old_price,False,,,0,0,0
synthetic,hybrid_original,syn-0016,syn-0016-e11,hybrid_original-0e1a237ade33e0,image_url,False,,,0,0,0
synthetic,hybrid_original,syn-0016,syn-0016-e11,hybrid_original-0e1a237ade33e0,reviews_count,False,,,0,0,0
synthetic,hybrid_original,syn-0016,syn-0016-e03,hybrid_original-065c5975bef856,availability,True,True,True,1,0,0
synthetic,hybrid_original,syn-0016,syn-0016-e03,hybrid_original-065c5975bef856,delivery_time,True,3–4 дня,,0,0,1
synthetic,hybrid_original,syn-0016,syn-0016-e03,hybrid_original-065c5975bef856,old_price,False,,,0,0,0
synthetic,hybrid_original,syn-0016,syn-0016-e03,hybrid_original-065c5975bef856,image_url,False,,,0,0,0
synthetic,hybrid_original,syn-0016,syn-0016-e03,hybrid_original-065c5975bef856,reviews_count,False,,,0,0,0
synthetic,hybrid_original,syn-0016,syn-0016-e07,hybrid_original-8883feb8ccda6f,availability,True,True,True,1,0,0
synthetic,hybrid_original,syn-0016,syn-0016-e07,hybrid_original-8883feb8ccda6f,delivery_time,True,1–6 дня,,0,0,1
synthetic,hybrid_original,syn-0016,syn-0016-e07,hybrid_original-8883feb8ccda6f,old_price,False,,,0,0,0
synthetic,hybrid_original,syn-0016,syn-0016-e07,hybrid_original-8883feb8ccda6f,image_url,False,,,0,0,0
synthetic,hybrid_original,syn-0016,syn-0016-e07,hybrid_original-8883feb8ccda6f,reviews_count,False,,,0,0,0
synthetic,hybrid_original,syn-0016,syn-0016-e14,hybrid_original-fef07ef8dd5ffd,availability,True,True,,0,0,1
synthetic,hybrid_original,syn-0016,syn-0016-e14,hybrid_original-fef07ef8dd5ffd,delivery_time,True,1–6 дня,,0,0,1
synthetic,hybrid_original,syn-0016,syn-0016-e14,hybrid_original-fef07ef8dd5ffd,old_price,False,,,0,0,0
synthetic,hybrid_original,syn-0016,syn-0016-e14,hybrid_original-fef07ef8dd5ffd,image_url,False,,,0,0,0
synthetic,hybrid_original,syn-0016,syn-0016-e14,hybrid_original-fef07ef8dd5ffd,reviews_count,False,,,0,0,0
synthetic,hybrid_original,syn-0016,syn-0016-e05,hybrid_original-36d44d6ade8a83,availability,True,True,True,1,0,0
synthetic,hybrid_original,syn-0016,syn-0016-e05,hybrid_original-36d44d6ade8a83,delivery_time,True,2–6 дня,,0,0,1
synthetic,hybrid_original,syn-0016,syn-0016-e05,hybrid_original-36d44d6ade8a83,old_price,False,,,0,0,0
synthetic,hybrid_original,syn-0016,syn-0016-e05,hybrid_original-36d44d6ade8a83,image_url,False,,,0,0,0
synthetic,hybrid_original,syn-0016,syn-0016-e05,hybrid_original-36d44d6ade8a83,reviews_count,False,,,0,0,0
synthetic,hybrid_original,syn-0016,syn-0016-e02,hybrid_original-c6a7b28c7d3667,availability,True,True,True,1,0,0
synthetic,hybrid_original,syn-0016,syn-0016-e02,hybrid_original-c6a7b28c7d3667,delivery_time,True,2–3 дня,,0,0,1
synthetic,hybrid_original,syn-0016,syn-0016-e02,hybrid_original-c6a7b28c7d3667,old_price,False,,,0,0,0
synthetic,hybrid_original,syn-0016,syn-0016-e02,hybrid_original-c6a7b28c7d3667,image_url,False,,,0,0,0
synthetic,hybrid_original,syn-0016,syn-0016-e02,hybrid_original-c6a7b28c7d3667,reviews_count,False,,,0,0,0
synthetic,hybrid_original,syn-0016,syn-0016-e12,hybrid_original-79a14689ffef6b,availability,True,True,,0,0,1
synthetic,hybrid_original,syn-0016,syn-0016-e12,hybrid_original-79a14689ffef6b,delivery_time,True,1–5 дня,,0,0,1
synthetic,hybrid_original,syn-0016,syn-0016-e12,hybrid_original-79a14689ffef6b,old_price,False,,,0,0,0
synthetic,hybrid_original,syn-0016,syn-0016-e12,hybrid_original-79a14689ffef6b,image_url,False,,,0,0,0
synthetic,hybrid_original,syn-0016,syn-0016-e12,hybrid_original-79a14689ffef6b,reviews_count,False,,,0,0,0
synthetic,hybrid_original,syn-0016,syn-0016-e09,hybrid_original-0599c57fc54a04,availability,True,True,,0,0,1
synthetic,hybrid_original,syn-0016,syn-0016-e09,hybrid_original-0599c57fc54a04,delivery_time,True,2–6 дня,,0,0,1
synthetic,hybrid_original,syn-0016,syn-0016-e09,hybrid_original-0599c57fc54a04,old_price,False,,,0,0,0
synthetic,hybrid_original,syn-0016,syn-0016-e09,hybrid_original-0599c57fc54a04,image_url,False,,,0,0,0
synthetic,hybrid_original,syn-0016,syn-0016-e09,hybrid_original-0599c57fc54a04,reviews_count,False,,,0,0,0
synthetic,hybrid_original,syn-0017,syn-0017-e09,hybrid_original-24efdfd9fc62c8,availability,True,True,True,1,0,0
synthetic,hybrid_original,syn-0017,syn-0017-e09,hybrid_original-24efdfd9fc62c8,delivery_time,True,2–3 дня,2–3 дня,1,0,0
synthetic,hybrid_original,syn-0017,syn-0017-e09,hybrid_original-24efdfd9fc62c8,old_price,False,,,0,0,0
synthetic,hybrid_original,syn-0017,syn-0017-e09,hybrid_original-24efdfd9fc62c8,image_url,False,,,0,0,0
synthetic,hybrid_original,syn-0017,syn-0017-e09,hybrid_original-24efdfd9fc62c8,reviews_count,False,,,0,0,0
synthetic,hybrid_original,syn-0017,syn-0017-e15,hybrid_original-6c170eb2bc3208,availability,True,True,True,1,0,0
synthetic,hybrid_original,syn-0017,syn-0017-e15,hybrid_original-6c170eb2bc3208,delivery_time,True,2–3 дня,2–3 дня,1,0,0
synthetic,hybrid_original,syn-0017,syn-0017-e15,hybrid_original-6c170eb2bc3208,old_price,False,,,0,0,0
synthetic,hybrid_original,syn-0017,syn-0017-e15,hybrid_original-6c170eb2bc3208,image_url,False,,,0,0,0
synthetic,hybrid_original,syn-0017,syn-0017-e15,hybrid_original-6c170eb2bc3208,reviews_count,False,,,0,0,0
synthetic,hybrid_original,syn-0017,syn-0017-e01,hybrid_original-05e15b11a1317b,availability,True,True,True,1,0,0
synthetic,hybrid_original,syn-0017,syn-0017-e01,hybrid_original-05e15b11a1317b,delivery_time,True,2–3 дня,2–3 дня,1,0,0
synthetic,hybrid_original,syn-0017,syn-0017-e01,hybrid_original-05e15b11a1317b,old_price,False,,,0,0,0
synthetic,hybrid_original,syn-0017,syn-0017-e01,hybrid_original-05e15b11a1317b,image_url,False,,,0,0,0
synthetic,hybrid_original,syn-0017,syn-0017-e01,hybrid_original-05e15b11a1317b,reviews_count,False,,,0,0,0
synthetic,hybrid_original,syn-0017,syn-0017-e18,hybrid_original-059b12a36572c3,availability,True,True,True,1,0,0
synthetic,hybrid_original,syn-0017,syn-0017-e18,hybrid_original-059b12a36572c3,delivery_time,True,1–5 дня,1–5 дня,1,0,0
synthetic,hybrid_original,syn-0017,syn-0017-e18,hybrid_original-059b12a36572c3,old_price,False,,,0,0,0
synthetic,hybrid_original,syn-0017,syn-0017-e18,hybrid_original-059b12a36572c3,image_url,False,,,0,0,0
synthetic,hybrid_original,syn-0017,syn-0017-e18,hybrid_original-059b12a36572c3,reviews_count,False,,,0,0,0
synthetic,hybrid_original,syn-0017,syn-0017-e05,hybrid_original-308af21b3f47a4,availability,True,True,True,1,0,0
synthetic,hybrid_original,syn-0017,syn-0017-e05,hybrid_original-308af21b3f47a4,delivery_time,True,3–3 дня,3–3 дня,1,0,0
synthetic,hybrid_original,syn-0017,syn-0017-e05,hybrid_original-308af21b3f47a4,old_price,False,,,0,0,0
synthetic,hybrid_original,syn-0017,syn-0017-e05,hybrid_original-308af21b3f47a4,image_url,False,,,0,0,0
synthetic,hybrid_original,syn-0017,syn-0017-e05,hybrid_original-308af21b3f47a4,reviews_count,False,,,0,0,0
synthetic,hybrid_original,syn-0017,syn-0017-e19,hybrid_original-f1bb27a581b206,availability,True,False,False,1,0,0
synthetic,hybrid_original,syn-0017,syn-0017-e19,hybrid_original-f1bb27a581b206,delivery_time,True,3–5 дня,3–5 дня,1,0,0
synthetic,hybrid_original,syn-0017,syn-0017-e19,hybrid_original-f1bb27a581b206,old_price,False,,,0,0,0
synthetic,hybrid_original,syn-0017,syn-0017-e19,hybrid_original-f1bb27a581b206,image_url,False,,,0,0,0
synthetic,hybrid_original,syn-0017,syn-0017-e19,hybrid_original-f1bb27a581b206,reviews_count,False,,,0,0,0
synthetic,hybrid_original,syn-0017,syn-0017-e07,hybrid_original-1d8967aa7671ff,availability,True,True,True,1,0,0
synthetic,hybrid_original,syn-0017,syn-0017-e07,hybrid_original-1d8967aa7671ff,delivery_time,True,3–4 дня,3–4 дня,1,0,0
synthetic,hybrid_original,syn-0017,syn-0017-e07,hybrid_original-1d8967aa7671ff,old_price,False,,,0,0,0
synthetic,hybrid_original,syn-0017,syn-0017-e07,hybrid_original-1d8967aa7671ff,image_url,False,,,0,0,0
synthetic,hybrid_original,syn-0017,syn-0017-e07,hybrid_original-1d8967aa7671ff,reviews_count,False,,,0,0,0
synthetic,hybrid_original,syn-0017,syn-0017-e13,hybrid_original-2c60610ebe5d74,availability,True,True,True,1,0,0
synthetic,hybrid_original,syn-0017,syn-0017-e13,hybrid_original-2c60610ebe5d74,delivery_time,True,3–4 дня,3–4 дня,1,0,0
synthetic,hybrid_original,syn-0017,syn-0017-e13,hybrid_original-2c60610ebe5d74,old_price,False,,,0,0,0
synthetic,hybrid_original,syn-0017,syn-0017-e13,hybrid_original-2c60610ebe5d74,image_url,False,,,0,0,0
synthetic,hybrid_original,syn-0017,syn-0017-e13,hybrid_original-2c60610ebe5d74,reviews_count,False,,,0,0,0
synthetic,hybrid_original,syn-0017,syn-0017-e23,hybrid_original-669ecacae5f3f8,availability,True,True,True,1,0,0
synthetic,hybrid_original,syn-0017,syn-0017-e23,hybrid_original-669ecacae5f3f8,delivery_time,True,3–4 дня,3–4 дня,1,0,0
synthetic,hybrid_original,syn-0017,syn-0017-e23,hybrid_original-669ecacae5f3f8,old_price,False,,,0,0,0
synthetic,hybrid_original,syn-0017,syn-0017-e23,hybrid_original-669ecacae5f3f8,image_url,False,,,0,0,0
synthetic,hybrid_original,syn-0017,syn-0017-e23,hybrid_original-669ecacae5f3f8,reviews_count,False,,,0,0,0
synthetic,hybrid_original,syn-0017,syn-0017-e03,hybrid_original-ab7f8eb5d77dc9,availability,True,True,True,1,0,0
synthetic,hybrid_original,syn-0017,syn-0017-e03,hybrid_original-ab7f8eb5d77dc9,delivery_time,True,1–5 дня,1–5 дня,1,0,0
synthetic,hybrid_original,syn-0017,syn-0017-e03,hybrid_original-ab7f8eb5d77dc9,old_price,False,,,0,0,0
synthetic,hybrid_original,syn-0017,syn-0017-e03,hybrid_original-ab7f8eb5d77dc9,image_url,False,,,0,0,0
synthetic,hybrid_original,syn-0017,syn-0017-e03,hybrid_original-ab7f8eb5d77dc9,reviews_count,False,,,0,0,0
synthetic,hybrid_original,syn-0017,syn-0017-e11,hybrid_original-7a029e3450f535,availability,True,True,True,1,0,0
synthetic,hybrid_original,syn-0017,syn-0017-e11,hybrid_original-7a029e3450f535,delivery_time,True,1–5 дня,1–5 дня,1,0,0
synthetic,hybrid_original,syn-0017,syn-0017-e11,hybrid_original-7a029e3450f535,old_price,False,,,0,0,0
synthetic,hybrid_original,syn-0017,syn-0017-e11,hybrid_original-7a029e3450f535,image_url,False,,,0,0,0
synthetic,hybrid_original,syn-0017,syn-0017-e11,hybrid_original-7a029e3450f535,reviews_count,False,,,0,0,0
synthetic,hybrid_original,syn-0017,syn-0017-e21,hybrid_original-824c1487209ed2,availability,True,True,True,1,0,0
synthetic,hybrid_original,syn-0017,syn-0017-e21,hybrid_original-824c1487209ed2,delivery_time,True,1–5 дня,1–5 дня,1,0,0
synthetic,hybrid_original,syn-0017,syn-0017-e21,hybrid_original-824c1487209ed2,old_price,False,,,0,0,0
synthetic,hybrid_original,syn-0017,syn-0017-e21,hybrid_original-824c1487209ed2,image_url,False,,,0,0,0
synthetic,hybrid_original,syn-0017,syn-0017-e21,hybrid_original-824c1487209ed2,reviews_count,False,,,0,0,0
synthetic,hybrid_original,syn-0017,syn-0017-e10,hybrid_original-12f2176ff7637e,availability,True,True,True,1,0,0
synthetic,hybrid_original,syn-0017,syn-0017-e10,hybrid_original-12f2176ff7637e,delivery_time,True,3–4 дня,3–4 дня,1,0,0
synthetic,hybrid_original,syn-0017,syn-0017-e10,hybrid_original-12f2176ff7637e,old_price,False,,,0,0,0
synthetic,hybrid_original,syn-0017,syn-0017-e10,hybrid_original-12f2176ff7637e,image_url,False,,,0,0,0
synthetic,hybrid_original,syn-0017,syn-0017-e10,hybrid_original-12f2176ff7637e,reviews_count,False,,,0,0,0
synthetic,hybrid_original,syn-0017,syn-0017-e16,hybrid_original-bc1b5364859f63,availability,True,True,True,1,0,0
synthetic,hybrid_original,syn-0017,syn-0017-e16,hybrid_original-bc1b5364859f63,delivery_time,True,3–4 дня,3–4 дня,1,0,0
synthetic,hybrid_original,syn-0017,syn-0017-e16,hybrid_original-bc1b5364859f63,old_price,False,,,0,0,0
synthetic,hybrid_original,syn-0017,syn-0017-e16,hybrid_original-bc1b5364859f63,image_url,False,,,0,0,0
synthetic,hybrid_original,syn-0017,syn-0017-e16,hybrid_original-bc1b5364859f63,reviews_count,False,,,0,0,0
synthetic,hybrid_original,syn-0017,syn-0017-e08,hybrid_original-7dec49a7d6aa0a,availability,True,True,True,1,0,0
synthetic,hybrid_original,syn-0017,syn-0017-e08,hybrid_original-7dec49a7d6aa0a,delivery_time,True,1–6 дня,1–6 дня,1,0,0
synthetic,hybrid_original,syn-0017,syn-0017-e08,hybrid_original-7dec49a7d6aa0a,old_price,False,,,0,0,0
synthetic,hybrid_original,syn-0017,syn-0017-e08,hybrid_original-7dec49a7d6aa0a,image_url,False,,,0,0,0
synthetic,hybrid_original,syn-0017,syn-0017-e08,hybrid_original-7dec49a7d6aa0a,reviews_count,False,,,0,0,0
synthetic,hybrid_original,syn-0017,syn-0017-e14,hybrid_original-eb83ef7f6d3f3f,availability,True,True,True,1,0,0
synthetic,hybrid_original,syn-0017,syn-0017-e14,hybrid_original-eb83ef7f6d3f3f,delivery_time,True,1–6 дня,1–6 дня,1,0,0
synthetic,hybrid_original,syn-0017,syn-0017-e14,hybrid_original-eb83ef7f6d3f3f,old_price,False,,,0,0,0
synthetic,hybrid_original,syn-0017,syn-0017-e14,hybrid_original-eb83ef7f6d3f3f,image_url,False,,,0,0,0
synthetic,hybrid_original,syn-0017,syn-0017-e14,hybrid_original-eb83ef7f6d3f3f,reviews_count,False,,,0,0,0
synthetic,hybrid_original,syn-0017,syn-0017-e24,hybrid_original-7b47397883f6e7,availability,True,True,True,1,0,0
synthetic,hybrid_original,syn-0017,syn-0017-e24,hybrid_original-7b47397883f6e7,delivery_time,True,1–6 дня,1–6 дня,1,0,0
synthetic,hybrid_original,syn-0017,syn-0017-e24,hybrid_original-7b47397883f6e7,old_price,False,,,0,0,0
synthetic,hybrid_original,syn-0017,syn-0017-e24,hybrid_original-7b47397883f6e7,image_url,False,,,0,0,0
synthetic,hybrid_original,syn-0017,syn-0017-e24,hybrid_original-7b47397883f6e7,reviews_count,False,,,0,0,0
synthetic,hybrid_original,syn-0017,syn-0017-e02,hybrid_original-dca74124843d77,availability,True,True,True,1,0,0
synthetic,hybrid_original,syn-0017,syn-0017-e02,hybrid_original-dca74124843d77,delivery_time,True,3–4 дня,3–4 дня,1,0,0
synthetic,hybrid_original,syn-0017,syn-0017-e02,hybrid_original-dca74124843d77,old_price,False,,,0,0,0
synthetic,hybrid_original,syn-0017,syn-0017-e02,hybrid_original-dca74124843d77,image_url,False,,,0,0,0
synthetic,hybrid_original,syn-0017,syn-0017-e02,hybrid_original-dca74124843d77,reviews_count,False,,,0,0,0
synthetic,hybrid_original,syn-0017,syn-0017-e20,hybrid_original-b35957f655dcf3,availability,True,True,True,1,0,0
synthetic,hybrid_original,syn-0017,syn-0017-e20,hybrid_original-b35957f655dcf3,delivery_time,True,2–6 дня,2–6 дня,1,0,0
synthetic,hybrid_original,syn-0017,syn-0017-e20,hybrid_original-b35957f655dcf3,old_price,False,,,0,0,0
synthetic,hybrid_original,syn-0017,syn-0017-e20,hybrid_original-b35957f655dcf3,image_url,False,,,0,0,0
synthetic,hybrid_original,syn-0017,syn-0017-e20,hybrid_original-b35957f655dcf3,reviews_count,False,,,0,0,0
synthetic,hybrid_original,syn-0017,syn-0017-e06,hybrid_original-3138eef4d44eca,availability,True,True,True,1,0,0
synthetic,hybrid_original,syn-0017,syn-0017-e06,hybrid_original-3138eef4d44eca,delivery_time,True,1–5 дня,1–5 дня,1,0,0
synthetic,hybrid_original,syn-0017,syn-0017-e06,hybrid_original-3138eef4d44eca,old_price,False,,,0,0,0
synthetic,hybrid_original,syn-0017,syn-0017-e06,hybrid_original-3138eef4d44eca,image_url,False,,,0,0,0
synthetic,hybrid_original,syn-0017,syn-0017-e06,hybrid_original-3138eef4d44eca,reviews_count,False,,,0,0,0
synthetic,hybrid_original,syn-0017,syn-0017-e12,hybrid_original-189108b23f1a3f,availability,True,True,True,1,0,0
synthetic,hybrid_original,syn-0017,syn-0017-e12,hybrid_original-189108b23f1a3f,delivery_time,True,1–5 дня,1–5 дня,1,0,0
synthetic,hybrid_original,syn-0017,syn-0017-e12,hybrid_original-189108b23f1a3f,old_price,False,,,0,0,0
synthetic,hybrid_original,syn-0017,syn-0017-e12,hybrid_original-189108b23f1a3f,image_url,False,,,0,0,0
synthetic,hybrid_original,syn-0017,syn-0017-e12,hybrid_original-189108b23f1a3f,reviews_count,False,,,0,0,0
synthetic,hybrid_original,syn-0017,syn-0017-e22,hybrid_original-9ecfe8742ee025,availability,True,True,True,1,0,0
synthetic,hybrid_original,syn-0017,syn-0017-e22,hybrid_original-9ecfe8742ee025,delivery_time,True,1–5 дня,1–5 дня,1,0,0
synthetic,hybrid_original,syn-0017,syn-0017-e22,hybrid_original-9ecfe8742ee025,old_price,False,,,0,0,0
synthetic,hybrid_original,syn-0017,syn-0017-e22,hybrid_original-9ecfe8742ee025,image_url,False,,,0,0,0
synthetic,hybrid_original,syn-0017,syn-0017-e22,hybrid_original-9ecfe8742ee025,reviews_count,False,,,0,0,0
synthetic,hybrid_original,syn-0017,syn-0017-e04,hybrid_original-386d91a8f4ceaa,availability,True,True,True,1,0,0
synthetic,hybrid_original,syn-0017,syn-0017-e04,hybrid_original-386d91a8f4ceaa,delivery_time,True,2–6 дня,2–6 дня,1,0,0
synthetic,hybrid_original,syn-0017,syn-0017-e04,hybrid_original-386d91a8f4ceaa,old_price,False,,,0,0,0
synthetic,hybrid_original,syn-0017,syn-0017-e04,hybrid_original-386d91a8f4ceaa,image_url,False,,,0,0,0
synthetic,hybrid_original,syn-0017,syn-0017-e04,hybrid_original-386d91a8f4ceaa,reviews_count,False,,,0,0,0
synthetic,hybrid_original,syn-0017,syn-0017-e17,hybrid_original-812f625efde36a,availability,True,True,True,1,0,0
synthetic,hybrid_original,syn-0017,syn-0017-e17,hybrid_original-812f625efde36a,delivery_time,True,2–6 дня,2–6 дня,1,0,0
synthetic,hybrid_original,syn-0017,syn-0017-e17,hybrid_original-812f625efde36a,old_price,False,,,0,0,0
synthetic,hybrid_original,syn-0017,syn-0017-e17,hybrid_original-812f625efde36a,image_url,False,,,0,0,0
synthetic,hybrid_original,syn-0017,syn-0017-e17,hybrid_original-812f625efde36a,reviews_count,False,,,0,0,0
synthetic,hybrid_original,syn-0018,syn-0018-e04,hybrid_original-d9a3f808fe2ccb,availability,True,True,True,1,0,0
synthetic,hybrid_original,syn-0018,syn-0018-e04,hybrid_original-d9a3f808fe2ccb,delivery_time,True,3–3 дня,3–3 дня,1,0,0
synthetic,hybrid_original,syn-0018,syn-0018-e04,hybrid_original-d9a3f808fe2ccb,old_price,False,,,0,0,0
synthetic,hybrid_original,syn-0018,syn-0018-e04,hybrid_original-d9a3f808fe2ccb,image_url,False,,,0,0,0
synthetic,hybrid_original,syn-0018,syn-0018-e04,hybrid_original-d9a3f808fe2ccb,reviews_count,False,,,0,0,0
synthetic,hybrid_original,syn-0018,syn-0018-e15,hybrid_original-69aef242c492c0,availability,True,True,,0,0,1
synthetic,hybrid_original,syn-0018,syn-0018-e15,hybrid_original-69aef242c492c0,delivery_time,True,2–3 дня,,0,0,1
synthetic,hybrid_original,syn-0018,syn-0018-e15,hybrid_original-69aef242c492c0,old_price,False,,,0,0,0
synthetic,hybrid_original,syn-0018,syn-0018-e15,hybrid_original-69aef242c492c0,image_url,False,,,0,0,0
synthetic,hybrid_original,syn-0018,syn-0018-e15,hybrid_original-69aef242c492c0,reviews_count,False,,,0,0,0
synthetic,hybrid_original,syn-0018,syn-0018-e09,hybrid_original-1ea1283b9ed8bc,availability,True,True,,0,0,1
synthetic,hybrid_original,syn-0018,syn-0018-e09,hybrid_original-1ea1283b9ed8bc,delivery_time,True,1–5 дня,,0,0,1
synthetic,hybrid_original,syn-0018,syn-0018-e09,hybrid_original-1ea1283b9ed8bc,old_price,False,,,0,0,0
synthetic,hybrid_original,syn-0018,syn-0018-e09,hybrid_original-1ea1283b9ed8bc,image_url,False,,,0,0,0
synthetic,hybrid_original,syn-0018,syn-0018-e09,hybrid_original-1ea1283b9ed8bc,reviews_count,False,,,0,0,0
synthetic,hybrid_original,syn-0018,syn-0018-e18,hybrid_original-b8ddab1618ef93,availability,True,True,,0,0,1
synthetic,hybrid_original,syn-0018,syn-0018-e18,hybrid_original-b8ddab1618ef93,delivery_time,True,1–5 дня,,0,0,1
synthetic,hybrid_original,syn-0018,syn-0018-e18,hybrid_original-b8ddab1618ef93,old_price,False,,,0,0,0
synthetic,hybrid_original,syn-0018,syn-0018-e18,hybrid_original-b8ddab1618ef93,image_url,False,,,0,0,0
synthetic,hybrid_original,syn-0018,syn-0018-e18,hybrid_original-b8ddab1618ef93,reviews_count,False,,,0,0,0
synthetic,hybrid_original,syn-0018,syn-0018-e02,hybrid_original-b9187695125305,availability,True,True,True,1,0,0
synthetic,hybrid_original,syn-0018,syn-0018-e02,hybrid_original-b9187695125305,delivery_time,True,1–5 дня,1–5 дня,1,0,0
synthetic,hybrid_original,syn-0018,syn-0018-e02,hybrid_original-b9187695125305,old_price,False,,,0,0,0
synthetic,hybrid_original,syn-0018,syn-0018-e02,hybrid_original-b9187695125305,image_url,False,,,0,0,0
synthetic,hybrid_original,syn-0018,syn-0018-e02,hybrid_original-b9187695125305,reviews_count,False,,,0,0,0
synthetic,hybrid_original,syn-0018,syn-0018-e05,hybrid_original-4aa0d6ec3fc2be,availability,True,False,False,1,0,0
synthetic,hybrid_original,syn-0018,syn-0018-e05,hybrid_original-4aa0d6ec3fc2be,delivery_time,True,1–4 дня,1–4 дня,1,0,0
synthetic,hybrid_original,syn-0018,syn-0018-e05,hybrid_original-4aa0d6ec3fc2be,old_price,False,,,0,0,0
synthetic,hybrid_original,syn-0018,syn-0018-e05,hybrid_original-4aa0d6ec3fc2be,image_url,False,,,0,0,0
synthetic,hybrid_original,syn-0018,syn-0018-e05,hybrid_original-4aa0d6ec3fc2be,reviews_count,False,,,0,0,0
synthetic,hybrid_original,syn-0018,syn-0018-e13,hybrid_original-3e67568357c06b,availability,True,True,,0,0,1
synthetic,hybrid_original,syn-0018,syn-0018-e13,hybrid_original-3e67568357c06b,delivery_time,True,3–4 дня,,0,0,1
synthetic,hybrid_original,syn-0018,syn-0018-e13,hybrid_original-3e67568357c06b,old_price,False,,,0,0,0
synthetic,hybrid_original,syn-0018,syn-0018-e13,hybrid_original-3e67568357c06b,image_url,False,,,0,0,0
synthetic,hybrid_original,syn-0018,syn-0018-e13,hybrid_original-3e67568357c06b,reviews_count,False,,,0,0,0
synthetic,hybrid_original,syn-0018,syn-0018-e06,hybrid_original-f4ca9237112e65,availability,True,True,True,1,0,0
synthetic,hybrid_original,syn-0018,syn-0018-e06,hybrid_original-f4ca9237112e65,delivery_time,True,1–5 дня,1–5 дня,1,0,0
synthetic,hybrid_original,syn-0018,syn-0018-e06,hybrid_original-f4ca9237112e65,old_price,False,,,0,0,0
synthetic,hybrid_original,syn-0018,syn-0018-e06,hybrid_original-f4ca9237112e65,image_url,False,,,0,0,0
synthetic,hybrid_original,syn-0018,syn-0018-e06,hybrid_original-f4ca9237112e65,reviews_count,False,,,0,0,0
synthetic,hybrid_original,syn-0018,syn-0018-e11,hybrid_original-6a0782de4a8b30,availability,True,True,True,1,0,0
synthetic,hybrid_original,syn-0018,syn-0018-e11,hybrid_original-6a0782de4a8b30,delivery_time,True,1–5 дня,1–5 дня,1,0,0
synthetic,hybrid_original,syn-0018,syn-0018-e11,hybrid_original-6a0782de4a8b30,old_price,False,,,0,0,0
synthetic,hybrid_original,syn-0018,syn-0018-e11,hybrid_original-6a0782de4a8b30,image_url,False,,,0,0,0
synthetic,hybrid_original,syn-0018,syn-0018-e11,hybrid_original-6a0782de4a8b30,reviews_count,False,,,0,0,0
synthetic,hybrid_original,syn-0018,syn-0018-e08,hybrid_original-20d99a54fe5ac1,availability,True,True,True,1,0,0
synthetic,hybrid_original,syn-0018,syn-0018-e08,hybrid_original-20d99a54fe5ac1,delivery_time,True,3–4 дня,3–4 дня,1,0,0
synthetic,hybrid_original,syn-0018,syn-0018-e08,hybrid_original-20d99a54fe5ac1,old_price,False,,,0,0,0
synthetic,hybrid_original,syn-0018,syn-0018-e08,hybrid_original-20d99a54fe5ac1,image_url,False,,,0,0,0
synthetic,hybrid_original,syn-0018,syn-0018-e08,hybrid_original-20d99a54fe5ac1,reviews_count,False,,,0,0,0
synthetic,hybrid_original,syn-0018,syn-0018-e16,hybrid_original-6a1a193d09b6d3,availability,True,True,,0,0,1
synthetic,hybrid_original,syn-0018,syn-0018-e16,hybrid_original-6a1a193d09b6d3,delivery_time,True,3–4 дня,,0,0,1
synthetic,hybrid_original,syn-0018,syn-0018-e16,hybrid_original-6a1a193d09b6d3,old_price,False,,,0,0,0
synthetic,hybrid_original,syn-0018,syn-0018-e16,hybrid_original-6a1a193d09b6d3,image_url,False,,,0,0,0
synthetic,hybrid_original,syn-0018,syn-0018-e16,hybrid_original-6a1a193d09b6d3,reviews_count,False,,,0,0,0
synthetic,hybrid_original,syn-0018,syn-0018-e03,hybrid_original-cb6ec9320023f9,availability,True,True,True,1,0,0
synthetic,hybrid_original,syn-0018,syn-0018-e03,hybrid_original-cb6ec9320023f9,delivery_time,True,2–6 дня,2–6 дня,1,0,0
synthetic,hybrid_original,syn-0018,syn-0018-e03,hybrid_original-cb6ec9320023f9,old_price,False,,,0,0,0
synthetic,hybrid_original,syn-0018,syn-0018-e03,hybrid_original-cb6ec9320023f9,image_url,False,,,0,0,0
synthetic,hybrid_original,syn-0018,syn-0018-e03,hybrid_original-cb6ec9320023f9,reviews_count,False,,,0,0,0
synthetic,hybrid_original,syn-0018,syn-0018-e14,hybrid_original-dca1112ad6fed2,availability,True,True,,0,0,1
synthetic,hybrid_original,syn-0018,syn-0018-e14,hybrid_original-dca1112ad6fed2,delivery_time,True,1–6 дня,,0,0,1
synthetic,hybrid_original,syn-0018,syn-0018-e14,hybrid_original-dca1112ad6fed2,old_price,False,,,0,0,0
synthetic,hybrid_original,syn-0018,syn-0018-e14,hybrid_original-dca1112ad6fed2,image_url,False,,,0,0,0
synthetic,hybrid_original,syn-0018,syn-0018-e14,hybrid_original-dca1112ad6fed2,reviews_count,False,,,0,0,0
synthetic,hybrid_original,syn-0018,syn-0018-e10,hybrid_original-54ab76e88baca4,availability,True,True,,0,0,1
synthetic,hybrid_original,syn-0018,syn-0018-e10,hybrid_original-54ab76e88baca4,delivery_time,True,2–6 дня,,0,0,1
synthetic,hybrid_original,syn-0018,syn-0018-e10,hybrid_original-54ab76e88baca4,old_price,False,,,0,0,0
synthetic,hybrid_original,syn-0018,syn-0018-e10,hybrid_original-54ab76e88baca4,image_url,False,,,0,0,0
synthetic,hybrid_original,syn-0018,syn-0018-e10,hybrid_original-54ab76e88baca4,reviews_count,False,,,0,0,0
synthetic,hybrid_original,syn-0018,syn-0018-e07,hybrid_original-e875696f713b72,availability,True,True,,0,0,1
synthetic,hybrid_original,syn-0018,syn-0018-e07,hybrid_original-e875696f713b72,delivery_time,True,1–5 дня,,0,0,1
synthetic,hybrid_original,syn-0018,syn-0018-e07,hybrid_original-e875696f713b72,old_price,False,,,0,0,0
synthetic,hybrid_original,syn-0018,syn-0018-e07,hybrid_original-e875696f713b72,image_url,False,,,0,0,0
synthetic,hybrid_original,syn-0018,syn-0018-e07,hybrid_original-e875696f713b72,reviews_count,False,,,0,0,0
synthetic,hybrid_original,syn-0018,syn-0018-e12,hybrid_original-9cef868cf2a932,availability,True,True,,0,0,1
synthetic,hybrid_original,syn-0018,syn-0018-e12,hybrid_original-9cef868cf2a932,delivery_time,True,1–5 дня,,0,0,1
synthetic,hybrid_original,syn-0018,syn-0018-e12,hybrid_original-9cef868cf2a932,old_price,False,,,0,0,0
synthetic,hybrid_original,syn-0018,syn-0018-e12,hybrid_original-9cef868cf2a932,image_url,False,,,0,0,0
synthetic,hybrid_original,syn-0018,syn-0018-e12,hybrid_original-9cef868cf2a932,reviews_count,False,,,0,0,0
synthetic,hybrid_original,syn-0018,syn-0018-e01,hybrid_original-ee1bfeffda92a3,availability,True,True,True,1,0,0
synthetic,hybrid_original,syn-0018,syn-0018-e01,hybrid_original-ee1bfeffda92a3,delivery_time,True,3–4 дня,3–4 дня,1,0,0
synthetic,hybrid_original,syn-0018,syn-0018-e01,hybrid_original-ee1bfeffda92a3,old_price,False,,,0,0,0
synthetic,hybrid_original,syn-0018,syn-0018-e01,hybrid_original-ee1bfeffda92a3,image_url,False,,,0,0,0
synthetic,hybrid_original,syn-0018,syn-0018-e01,hybrid_original-ee1bfeffda92a3,reviews_count,False,,,0,0,0
synthetic,hybrid_original,syn-0018,syn-0018-e17,hybrid_original-e9721592704ae5,availability,True,True,,0,0,1
synthetic,hybrid_original,syn-0018,syn-0018-e17,hybrid_original-e9721592704ae5,delivery_time,True,2–6 дня,,0,0,1
synthetic,hybrid_original,syn-0018,syn-0018-e17,hybrid_original-e9721592704ae5,old_price,False,,,0,0,0
synthetic,hybrid_original,syn-0018,syn-0018-e17,hybrid_original-e9721592704ae5,image_url,False,,,0,0,0
synthetic,hybrid_original,syn-0018,syn-0018-e17,hybrid_original-e9721592704ae5,reviews_count,False,,,0,0,0
synthetic,hybrid_original,syn-0019,syn-0019-e06,hybrid_original-b541decc56fa17,availability,True,True,True,1,0,0
synthetic,hybrid_original,syn-0019,syn-0019-e06,hybrid_original-b541decc56fa17,delivery_time,True,3–6 дня,3–6 дня,1,0,0
synthetic,hybrid_original,syn-0019,syn-0019-e06,hybrid_original-b541decc56fa17,old_price,False,,,0,0,0
synthetic,hybrid_original,syn-0019,syn-0019-e06,hybrid_original-b541decc56fa17,image_url,False,,,0,0,0
synthetic,hybrid_original,syn-0019,syn-0019-e06,hybrid_original-b541decc56fa17,reviews_count,False,,,0,0,0
synthetic,hybrid_original,syn-0019,syn-0019-e11,hybrid_original-7f9bf9f2c0850a,availability,True,True,,0,0,1
synthetic,hybrid_original,syn-0019,syn-0019-e11,hybrid_original-7f9bf9f2c0850a,delivery_time,True,3–6 дня,,0,0,1
synthetic,hybrid_original,syn-0019,syn-0019-e11,hybrid_original-7f9bf9f2c0850a,old_price,False,,,0,0,0
synthetic,hybrid_original,syn-0019,syn-0019-e11,hybrid_original-7f9bf9f2c0850a,image_url,False,,,0,0,0
synthetic,hybrid_original,syn-0019,syn-0019-e11,hybrid_original-7f9bf9f2c0850a,reviews_count,False,,,0,0,0
synthetic,hybrid_original,syn-0019,syn-0019-e21,hybrid_original-6ce7187796c045,availability,True,True,,0,0,1
synthetic,hybrid_original,syn-0019,syn-0019-e21,hybrid_original-6ce7187796c045,delivery_time,True,3–6 дня,,0,0,1
synthetic,hybrid_original,syn-0019,syn-0019-e21,hybrid_original-6ce7187796c045,old_price,False,,,0,0,0
synthetic,hybrid_original,syn-0019,syn-0019-e21,hybrid_original-6ce7187796c045,image_url,False,,,0,0,0
synthetic,hybrid_original,syn-0019,syn-0019-e21,hybrid_original-6ce7187796c045,reviews_count,False,,,0,0,0
synthetic,hybrid_original,syn-0019,syn-0019-e07,hybrid_original-3489a00fd087e2,availability,True,True,True,1,0,0
synthetic,hybrid_original,syn-0019,syn-0019-e07,hybrid_original-3489a00fd087e2,delivery_time,True,2–5 дня,2–5 дня,1,0,0
synthetic,hybrid_original,syn-0019,syn-0019-e07,hybrid_original-3489a00fd087e2,old_price,False,,,0,0,0
synthetic,hybrid_original,syn-0019,syn-0019-e07,hybrid_original-3489a00fd087e2,image_url,False,,,0,0,0
synthetic,hybrid_original,syn-0019,syn-0019-e07,hybrid_original-3489a00fd087e2,reviews_count,False,,,0,0,0
synthetic,hybrid_original,syn-0019,syn-0019-e12,hybrid_original-9964934cc59bb8,availability,True,True,,0,0,1
synthetic,hybrid_original,syn-0019,syn-0019-e12,hybrid_original-9964934cc59bb8,delivery_time,True,2–5 дня,,0,0,1
synthetic,hybrid_original,syn-0019,syn-0019-e12,hybrid_original-9964934cc59bb8,old_price,False,,,0,0,0
synthetic,hybrid_original,syn-0019,syn-0019-e12,hybrid_original-9964934cc59bb8,image_url,False,,,0,0,0
synthetic,hybrid_original,syn-0019,syn-0019-e12,hybrid_original-9964934cc59bb8,reviews_count,False,,,0,0,0
synthetic,hybrid_original,syn-0019,syn-0019-e22,hybrid_original-ad8717697ae8cc,availability,True,True,,0,0,1
synthetic,hybrid_original,syn-0019,syn-0019-e22,hybrid_original-ad8717697ae8cc,delivery_time,True,2–5 дня,,0,0,1
synthetic,hybrid_original,syn-0019,syn-0019-e22,hybrid_original-ad8717697ae8cc,old_price,False,,,0,0,0
synthetic,hybrid_original,syn-0019,syn-0019-e22,hybrid_original-ad8717697ae8cc,image_url,False,,,0,0,0
synthetic,hybrid_original,syn-0019,syn-0019-e22,hybrid_original-ad8717697ae8cc,reviews_count,False,,,0,0,0
synthetic,hybrid_original,syn-0019,syn-0019-e08,hybrid_original-a8b5cf028868c9,availability,True,True,True,1,0,0
synthetic,hybrid_original,syn-0019,syn-0019-e08,hybrid_original-a8b5cf028868c9,delivery_time,True,3–3 дня,3–3 дня,1,0,0
synthetic,hybrid_original,syn-0019,syn-0019-e08,hybrid_original-a8b5cf028868c9,old_price,False,,,0,0,0
synthetic,hybrid_original,syn-0019,syn-0019-e08,hybrid_original-a8b5cf028868c9,image_url,False,,,0,0,0
synthetic,hybrid_original,syn-0019,syn-0019-e08,hybrid_original-a8b5cf028868c9,reviews_count,False,,,0,0,0
synthetic,hybrid_original,syn-0019,syn-0019-e13,hybrid_original-11c82b4f142556,availability,True,True,,0,0,1
synthetic,hybrid_original,syn-0019,syn-0019-e13,hybrid_original-11c82b4f142556,delivery_time,True,3–3 дня,,0,0,1
synthetic,hybrid_original,syn-0019,syn-0019-e13,hybrid_original-11c82b4f142556,old_price,False,,,0,0,0
synthetic,hybrid_original,syn-0019,syn-0019-e13,hybrid_original-11c82b4f142556,image_url,False,,,0,0,0
synthetic,hybrid_original,syn-0019,syn-0019-e13,hybrid_original-11c82b4f142556,reviews_count,False,,,0,0,0
synthetic,hybrid_original,syn-0019,syn-0019-e03,hybrid_original-734cd0f43e3ae5,availability,True,True,True,1,0,0
synthetic,hybrid_original,syn-0019,syn-0019-e03,hybrid_original-734cd0f43e3ae5,delivery_time,True,3–3 дня,3–3 дня,1,0,0
synthetic,hybrid_original,syn-0019,syn-0019-e03,hybrid_original-734cd0f43e3ae5,old_price,False,,,0,0,0
synthetic,hybrid_original,syn-0019,syn-0019-e03,hybrid_original-734cd0f43e3ae5,image_url,False,,,0,0,0
synthetic,hybrid_original,syn-0019,syn-0019-e03,hybrid_original-734cd0f43e3ae5,reviews_count,False,,,0,0,0
synthetic,hybrid_original,syn-0019,syn-0019-e15,hybrid_original-9f90d7890fc2d2,availability,True,True,,0,0,1
synthetic,hybrid_original,syn-0019,syn-0019-e15,hybrid_original-9f90d7890fc2d2,delivery_time,True,3–3 дня,,0,0,1
synthetic,hybrid_original,syn-0019,syn-0019-e15,hybrid_original-9f90d7890fc2d2,old_price,False,,,0,0,0
synthetic,hybrid_original,syn-0019,syn-0019-e15,hybrid_original-9f90d7890fc2d2,image_url,False,,,0,0,0
synthetic,hybrid_original,syn-0019,syn-0019-e15,hybrid_original-9f90d7890fc2d2,reviews_count,False,,,0,0,0
synthetic,hybrid_original,syn-0019,syn-0019-e02,hybrid_original-145048fe6e3829,availability,True,True,True,1,0,0
synthetic,hybrid_original,syn-0019,syn-0019-e02,hybrid_original-145048fe6e3829,delivery_time,True,2–6 дня,2–6 дня,1,0,0
synthetic,hybrid_original,syn-0019,syn-0019-e02,hybrid_original-145048fe6e3829,old_price,False,,,0,0,0
synthetic,hybrid_original,syn-0019,syn-0019-e02,hybrid_original-145048fe6e3829,image_url,False,,,0,0,0
synthetic,hybrid_original,syn-0019,syn-0019-e02,hybrid_original-145048fe6e3829,reviews_count,False,,,0,0,0
synthetic,hybrid_original,syn-0019,syn-0019-e14,hybrid_original-2d6f1b09ba05b7,availability,True,True,,0,0,1
synthetic,hybrid_original,syn-0019,syn-0019-e14,hybrid_original-2d6f1b09ba05b7,delivery_time,True,2–6 дня,,0,0,1
synthetic,hybrid_original,syn-0019,syn-0019-e14,hybrid_original-2d6f1b09ba05b7,old_price,False,,,0,0,0
synthetic,hybrid_original,syn-0019,syn-0019-e14,hybrid_original-2d6f1b09ba05b7,image_url,False,,,0,0,0
synthetic,hybrid_original,syn-0019,syn-0019-e14,hybrid_original-2d6f1b09ba05b7,reviews_count,False,,,0,0,0
synthetic,hybrid_original,syn-0019,syn-0019-e04,hybrid_original-f22f294ee4ffb6,availability,True,False,False,1,0,0
synthetic,hybrid_original,syn-0019,syn-0019-e04,hybrid_original-f22f294ee4ffb6,delivery_time,True,1–4 дня,1–4 дня,1,0,0
synthetic,hybrid_original,syn-0019,syn-0019-e04,hybrid_original-f22f294ee4ffb6,old_price,False,,,0,0,0
synthetic,hybrid_original,syn-0019,syn-0019-e04,hybrid_original-f22f294ee4ffb6,image_url,False,,,0,0,0
synthetic,hybrid_original,syn-0019,syn-0019-e04,hybrid_original-f22f294ee4ffb6,reviews_count,False,,,0,0,0
synthetic,hybrid_original,syn-0019,syn-0019-e17,hybrid_original-f6bfcbc9fd60ea,availability,True,False,,0,0,1
synthetic,hybrid_original,syn-0019,syn-0019-e17,hybrid_original-f6bfcbc9fd60ea,delivery_time,True,1–4 дня,,0,0,1
synthetic,hybrid_original,syn-0019,syn-0019-e17,hybrid_original-f6bfcbc9fd60ea,old_price,False,,,0,0,0
synthetic,hybrid_original,syn-0019,syn-0019-e17,hybrid_original-f6bfcbc9fd60ea,image_url,False,,,0,0,0
synthetic,hybrid_original,syn-0019,syn-0019-e17,hybrid_original-f6bfcbc9fd60ea,reviews_count,False,,,0,0,0
synthetic,hybrid_original,syn-0019,syn-0019-e05,hybrid_original-0490e43ecaecd7,availability,True,True,True,1,0,0
synthetic,hybrid_original,syn-0019,syn-0019-e05,hybrid_original-0490e43ecaecd7,delivery_time,True,2–5 дня,2–5 дня,1,0,0
synthetic,hybrid_original,syn-0019,syn-0019-e05,hybrid_original-0490e43ecaecd7,old_price,False,,,0,0,0
synthetic,hybrid_original,syn-0019,syn-0019-e05,hybrid_original-0490e43ecaecd7,image_url,False,,,0,0,0
synthetic,hybrid_original,syn-0019,syn-0019-e05,hybrid_original-0490e43ecaecd7,reviews_count,False,,,0,0,0
synthetic,hybrid_original,syn-0019,syn-0019-e18,hybrid_original-76aee772372481,availability,True,True,,0,0,1
synthetic,hybrid_original,syn-0019,syn-0019-e18,hybrid_original-76aee772372481,delivery_time,True,2–5 дня,,0,0,1
synthetic,hybrid_original,syn-0019,syn-0019-e18,hybrid_original-76aee772372481,old_price,False,,,0,0,0
synthetic,hybrid_original,syn-0019,syn-0019-e18,hybrid_original-76aee772372481,image_url,False,,,0,0,0
synthetic,hybrid_original,syn-0019,syn-0019-e18,hybrid_original-76aee772372481,reviews_count,False,,,0,0,0
synthetic,hybrid_original,syn-0019,syn-0019-e09,hybrid_original-99edda5711a130,availability,True,True,,0,0,1
synthetic,hybrid_original,syn-0019,syn-0019-e09,hybrid_original-99edda5711a130,delivery_time,True,2–6 дня,,0,0,1
synthetic,hybrid_original,syn-0019,syn-0019-e09,hybrid_original-99edda5711a130,old_price,False,,,0,0,0
synthetic,hybrid_original,syn-0019,syn-0019-e09,hybrid_original-99edda5711a130,image_url,False,,,0,0,0
synthetic,hybrid_original,syn-0019,syn-0019-e09,hybrid_original-99edda5711a130,reviews_count,False,,,0,0,0
synthetic,hybrid_original,syn-0019,syn-0019-e16,hybrid_original-e879df45dc30aa,availability,True,True,,0,0,1
synthetic,hybrid_original,syn-0019,syn-0019-e16,hybrid_original-e879df45dc30aa,delivery_time,True,2–6 дня,,0,0,1
synthetic,hybrid_original,syn-0019,syn-0019-e16,hybrid_original-e879df45dc30aa,old_price,False,,,0,0,0
synthetic,hybrid_original,syn-0019,syn-0019-e16,hybrid_original-e879df45dc30aa,image_url,False,,,0,0,0
synthetic,hybrid_original,syn-0019,syn-0019-e16,hybrid_original-e879df45dc30aa,reviews_count,False,,,0,0,0
synthetic,hybrid_original,syn-0019,syn-0019-e01,hybrid_original-269c862d0b5b2a,availability,True,True,True,1,0,0
synthetic,hybrid_original,syn-0019,syn-0019-e01,hybrid_original-269c862d0b5b2a,delivery_time,True,1–5 дня,1–5 дня,1,0,0
synthetic,hybrid_original,syn-0019,syn-0019-e01,hybrid_original-269c862d0b5b2a,old_price,False,,,0,0,0
synthetic,hybrid_original,syn-0019,syn-0019-e01,hybrid_original-269c862d0b5b2a,image_url,False,,,0,0,0
synthetic,hybrid_original,syn-0019,syn-0019-e01,hybrid_original-269c862d0b5b2a,reviews_count,False,,,0,0,0
synthetic,hybrid_original,syn-0019,syn-0019-e19,hybrid_original-88e5abadfe92b9,availability,True,True,,0,0,1
synthetic,hybrid_original,syn-0019,syn-0019-e19,hybrid_original-88e5abadfe92b9,delivery_time,True,1–5 дня,,0,0,1
synthetic,hybrid_original,syn-0019,syn-0019-e19,hybrid_original-88e5abadfe92b9,old_price,False,,,0,0,0
synthetic,hybrid_original,syn-0019,syn-0019-e19,hybrid_original-88e5abadfe92b9,image_url,False,,,0,0,0
synthetic,hybrid_original,syn-0019,syn-0019-e19,hybrid_original-88e5abadfe92b9,reviews_count,False,,,0,0,0
synthetic,hybrid_original,syn-0019,syn-0019-e10,hybrid_original-37ac3f7f3318aa,availability,True,False,,0,0,1
synthetic,hybrid_original,syn-0019,syn-0019-e10,hybrid_original-37ac3f7f3318aa,delivery_time,True,1–4 дня,,0,0,1
synthetic,hybrid_original,syn-0019,syn-0019-e10,hybrid_original-37ac3f7f3318aa,old_price,False,,,0,0,0
synthetic,hybrid_original,syn-0019,syn-0019-e10,hybrid_original-37ac3f7f3318aa,image_url,False,,,0,0,0
synthetic,hybrid_original,syn-0019,syn-0019-e10,hybrid_original-37ac3f7f3318aa,reviews_count,False,,,0,0,0
synthetic,hybrid_original,syn-0019,syn-0019-e20,hybrid_original-4c245e84867ff6,availability,True,False,,0,0,1
synthetic,hybrid_original,syn-0019,syn-0019-e20,hybrid_original-4c245e84867ff6,delivery_time,True,1–4 дня,,0,0,1
synthetic,hybrid_original,syn-0019,syn-0019-e20,hybrid_original-4c245e84867ff6,old_price,False,,,0,0,0
synthetic,hybrid_original,syn-0019,syn-0019-e20,hybrid_original-4c245e84867ff6,image_url,False,,,0,0,0
synthetic,hybrid_original,syn-0019,syn-0019-e20,hybrid_original-4c245e84867ff6,reviews_count,False,,,0,0,0
synthetic,hybrid_original,syn-0020,syn-0020-e05,hybrid_original-6c6205b0354b0a,availability,True,True,True,1,0,0
synthetic,hybrid_original,syn-0020,syn-0020-e05,hybrid_original-6c6205b0354b0a,delivery_time,True,3–6 дня,3–6 дня,1,0,0
synthetic,hybrid_original,syn-0020,syn-0020-e05,hybrid_original-6c6205b0354b0a,old_price,False,,,0,0,0
synthetic,hybrid_original,syn-0020,syn-0020-e05,hybrid_original-6c6205b0354b0a,image_url,False,,,0,0,0
synthetic,hybrid_original,syn-0020,syn-0020-e05,hybrid_original-6c6205b0354b0a,reviews_count,False,,,0,0,0
synthetic,hybrid_original,syn-0020,syn-0020-e11,hybrid_original-8038f6a00680be,availability,True,True,True,1,0,0
synthetic,hybrid_original,syn-0020,syn-0020-e11,hybrid_original-8038f6a00680be,delivery_time,True,3–6 дня,3–6 дня,1,0,0
synthetic,hybrid_original,syn-0020,syn-0020-e11,hybrid_original-8038f6a00680be,old_price,False,,,0,0,0
synthetic,hybrid_original,syn-0020,syn-0020-e11,hybrid_original-8038f6a00680be,image_url,False,,,0,0,0
synthetic,hybrid_original,syn-0020,syn-0020-e11,hybrid_original-8038f6a00680be,reviews_count,False,,,0,0,0
synthetic,hybrid_original,syn-0020,syn-0020-e04,hybrid_original-234f7701945938,availability,True,True,True,1,0,0
synthetic,hybrid_original,syn-0020,syn-0020-e04,hybrid_original-234f7701945938,delivery_time,True,2–5 дня,2–5 дня,1,0,0
synthetic,hybrid_original,syn-0020,syn-0020-e04,hybrid_original-234f7701945938,old_price,False,,,0,0,0
synthetic,hybrid_original,syn-0020,syn-0020-e04,hybrid_original-234f7701945938,image_url,False,,,0,0,0
synthetic,hybrid_original,syn-0020,syn-0020-e04,hybrid_original-234f7701945938,reviews_count,False,,,0,0,0
synthetic,hybrid_original,syn-0020,syn-0020-e12,hybrid_original-964d851e80a649,availability,True,True,True,1,0,0
synthetic,hybrid_original,syn-0020,syn-0020-e12,hybrid_original-964d851e80a649,delivery_time,True,2–5 дня,2–5 дня,1,0,0
synthetic,hybrid_original,syn-0020,syn-0020-e12,hybrid_original-964d851e80a649,old_price,False,,,0,0,0
synthetic,hybrid_original,syn-0020,syn-0020-e12,hybrid_original-964d851e80a649,image_url,False,,,0,0,0
synthetic,hybrid_original,syn-0020,syn-0020-e12,hybrid_original-964d851e80a649,reviews_count,False,,,0,0,0
synthetic,hybrid_original,syn-0020,syn-0020-e02,hybrid_original-8f5dec648473ea,availability,True,True,True,1,0,0
synthetic,hybrid_original,syn-0020,syn-0020-e02,hybrid_original-8f5dec648473ea,delivery_time,True,3–3 дня,3–3 дня,1,0,0
synthetic,hybrid_original,syn-0020,syn-0020-e02,hybrid_original-8f5dec648473ea,old_price,False,,,0,0,0
synthetic,hybrid_original,syn-0020,syn-0020-e02,hybrid_original-8f5dec648473ea,image_url,False,,,0,0,0
synthetic,hybrid_original,syn-0020,syn-0020-e02,hybrid_original-8f5dec648473ea,reviews_count,False,,,0,0,0
synthetic,hybrid_original,syn-0020,syn-0020-e13,hybrid_original-f0e78af907d49c,availability,True,True,True,1,0,0
synthetic,hybrid_original,syn-0020,syn-0020-e13,hybrid_original-f0e78af907d49c,delivery_time,True,3–3 дня,3–3 дня,1,0,0
synthetic,hybrid_original,syn-0020,syn-0020-e13,hybrid_original-f0e78af907d49c,old_price,False,,,0,0,0
synthetic,hybrid_original,syn-0020,syn-0020-e13,hybrid_original-f0e78af907d49c,image_url,False,,,0,0,0
synthetic,hybrid_original,syn-0020,syn-0020-e13,hybrid_original-f0e78af907d49c,reviews_count,False,,,0,0,0
synthetic,hybrid_original,syn-0020,syn-0020-e07,hybrid_original-031642b7fed055,availability,True,True,True,1,0,0
synthetic,hybrid_original,syn-0020,syn-0020-e07,hybrid_original-031642b7fed055,delivery_time,True,3–3 дня,3–3 дня,1,0,0
synthetic,hybrid_original,syn-0020,syn-0020-e07,hybrid_original-031642b7fed055,old_price,False,,,0,0,0
synthetic,hybrid_original,syn-0020,syn-0020-e07,hybrid_original-031642b7fed055,image_url,False,,,0,0,0
synthetic,hybrid_original,syn-0020,syn-0020-e07,hybrid_original-031642b7fed055,reviews_count,False,,,0,0,0
synthetic,hybrid_original,syn-0020,syn-0020-e15,hybrid_original-85363f4eaa31b5,availability,True,True,True,1,0,0
synthetic,hybrid_original,syn-0020,syn-0020-e15,hybrid_original-85363f4eaa31b5,delivery_time,True,3–3 дня,3–3 дня,1,0,0
synthetic,hybrid_original,syn-0020,syn-0020-e15,hybrid_original-85363f4eaa31b5,old_price,False,,,0,0,0
synthetic,hybrid_original,syn-0020,syn-0020-e15,hybrid_original-85363f4eaa31b5,image_url,False,,,0,0,0
synthetic,hybrid_original,syn-0020,syn-0020-e15,hybrid_original-85363f4eaa31b5,reviews_count,False,,,0,0,0
synthetic,hybrid_original,syn-0020,syn-0020-e06,hybrid_original-1dc9fc169588f6,availability,True,True,True,1,0,0
synthetic,hybrid_original,syn-0020,syn-0020-e06,hybrid_original-1dc9fc169588f6,delivery_time,True,2–6 дня,2–6 дня,1,0,0
synthetic,hybrid_original,syn-0020,syn-0020-e06,hybrid_original-1dc9fc169588f6,old_price,False,,,0,0,0
synthetic,hybrid_original,syn-0020,syn-0020-e06,hybrid_original-1dc9fc169588f6,image_url,False,,,0,0,0
synthetic,hybrid_original,syn-0020,syn-0020-e06,hybrid_original-1dc9fc169588f6,reviews_count,False,,,0,0,0
synthetic,hybrid_original,syn-0020,syn-0020-e14,hybrid_original-e5f48fddbfad99,availability,True,True,True,1,0,0
synthetic,hybrid_original,syn-0020,syn-0020-e14,hybrid_original-e5f48fddbfad99,delivery_time,True,2–6 дня,2–6 дня,1,0,0
synthetic,hybrid_original,syn-0020,syn-0020-e14,hybrid_original-e5f48fddbfad99,old_price,False,,,0,0,0
synthetic,hybrid_original,syn-0020,syn-0020-e14,hybrid_original-e5f48fddbfad99,image_url,False,,,0,0,0
synthetic,hybrid_original,syn-0020,syn-0020-e14,hybrid_original-e5f48fddbfad99,reviews_count,False,,,0,0,0
synthetic,hybrid_original,syn-0020,syn-0020-e08,hybrid_original-53eae7d6605d5d,availability,True,False,False,1,0,0
synthetic,hybrid_original,syn-0020,syn-0020-e08,hybrid_original-53eae7d6605d5d,delivery_time,True,1–4 дня,1–4 дня,1,0,0
synthetic,hybrid_original,syn-0020,syn-0020-e08,hybrid_original-53eae7d6605d5d,old_price,False,,,0,0,0
synthetic,hybrid_original,syn-0020,syn-0020-e08,hybrid_original-53eae7d6605d5d,image_url,False,,,0,0,0
synthetic,hybrid_original,syn-0020,syn-0020-e08,hybrid_original-53eae7d6605d5d,reviews_count,False,,,0,0,0
synthetic,hybrid_original,syn-0020,syn-0020-e17,hybrid_original-0311bb18c235a1,availability,True,False,False,1,0,0
synthetic,hybrid_original,syn-0020,syn-0020-e17,hybrid_original-0311bb18c235a1,delivery_time,True,1–4 дня,1–4 дня,1,0,0
synthetic,hybrid_original,syn-0020,syn-0020-e17,hybrid_original-0311bb18c235a1,old_price,False,,,0,0,0
synthetic,hybrid_original,syn-0020,syn-0020-e17,hybrid_original-0311bb18c235a1,image_url,False,,,0,0,0
synthetic,hybrid_original,syn-0020,syn-0020-e17,hybrid_original-0311bb18c235a1,reviews_count,False,,,0,0,0
synthetic,hybrid_original,syn-0020,syn-0020-e09,hybrid_original-fe7ee95f42c2b2,availability,True,True,True,1,0,0
synthetic,hybrid_original,syn-0020,syn-0020-e09,hybrid_original-fe7ee95f42c2b2,delivery_time,True,2–5 дня,2–5 дня,1,0,0
synthetic,hybrid_original,syn-0020,syn-0020-e09,hybrid_original-fe7ee95f42c2b2,old_price,False,,,0,0,0
synthetic,hybrid_original,syn-0020,syn-0020-e09,hybrid_original-fe7ee95f42c2b2,image_url,False,,,0,0,0
synthetic,hybrid_original,syn-0020,syn-0020-e09,hybrid_original-fe7ee95f42c2b2,reviews_count,False,,,0,0,0
synthetic,hybrid_original,syn-0020,syn-0020-e18,hybrid_original-b771aadee75ee4,availability,True,True,True,1,0,0
synthetic,hybrid_original,syn-0020,syn-0020-e18,hybrid_original-b771aadee75ee4,delivery_time,True,2–5 дня,2–5 дня,1,0,0
synthetic,hybrid_original,syn-0020,syn-0020-e18,hybrid_original-b771aadee75ee4,old_price,False,,,0,0,0
synthetic,hybrid_original,syn-0020,syn-0020-e18,hybrid_original-b771aadee75ee4,image_url,False,,,0,0,0
synthetic,hybrid_original,syn-0020,syn-0020-e18,hybrid_original-b771aadee75ee4,reviews_count,False,,,0,0,0
synthetic,hybrid_original,syn-0020,syn-0020-e01,hybrid_original-7ceb52923c4b15,availability,True,True,True,1,0,0
synthetic,hybrid_original,syn-0020,syn-0020-e01,hybrid_original-7ceb52923c4b15,delivery_time,True,2–6 дня,2–6 дня,1,0,0
synthetic,hybrid_original,syn-0020,syn-0020-e01,hybrid_original-7ceb52923c4b15,old_price,False,,,0,0,0
synthetic,hybrid_original,syn-0020,syn-0020-e01,hybrid_original-7ceb52923c4b15,image_url,False,,,0,0,0
synthetic,hybrid_original,syn-0020,syn-0020-e01,hybrid_original-7ceb52923c4b15,reviews_count,False,,,0,0,0
synthetic,hybrid_original,syn-0020,syn-0020-e16,hybrid_original-a1fef592832d23,availability,True,True,True,1,0,0
synthetic,hybrid_original,syn-0020,syn-0020-e16,hybrid_original-a1fef592832d23,delivery_time,True,2–6 дня,2–6 дня,1,0,0
synthetic,hybrid_original,syn-0020,syn-0020-e16,hybrid_original-a1fef592832d23,old_price,False,,,0,0,0
synthetic,hybrid_original,syn-0020,syn-0020-e16,hybrid_original-a1fef592832d23,image_url,False,,,0,0,0
synthetic,hybrid_original,syn-0020,syn-0020-e16,hybrid_original-a1fef592832d23,reviews_count,False,,,0,0,0
synthetic,hybrid_original,syn-0020,syn-0020-e10,hybrid_original-59fcc6e40079e6,availability,True,True,True,1,0,0
synthetic,hybrid_original,syn-0020,syn-0020-e10,hybrid_original-59fcc6e40079e6,delivery_time,True,1–5 дня,1–5 дня,1,0,0
synthetic,hybrid_original,syn-0020,syn-0020-e10,hybrid_original-59fcc6e40079e6,old_price,False,,,0,0,0
synthetic,hybrid_original,syn-0020,syn-0020-e10,hybrid_original-59fcc6e40079e6,image_url,False,,,0,0,0
synthetic,hybrid_original,syn-0020,syn-0020-e10,hybrid_original-59fcc6e40079e6,reviews_count,False,,,0,0,0
synthetic,hybrid_original,syn-0020,syn-0020-e19,hybrid_original-7e26be27e56179,availability,True,True,True,1,0,0
synthetic,hybrid_original,syn-0020,syn-0020-e19,hybrid_original-7e26be27e56179,delivery_time,True,1–5 дня,1–5 дня,1,0,0
synthetic,hybrid_original,syn-0020,syn-0020-e19,hybrid_original-7e26be27e56179,old_price,False,,,0,0,0
synthetic,hybrid_original,syn-0020,syn-0020-e19,hybrid_original-7e26be27e56179,image_url,False,,,0,0,0
synthetic,hybrid_original,syn-0020,syn-0020-e19,hybrid_original-7e26be27e56179,reviews_count,False,,,0,0,0
synthetic,hybrid_original,syn-0020,syn-0020-e03,hybrid_original-64b05f5956d6cc,availability,True,False,False,1,0,0
synthetic,hybrid_original,syn-0020,syn-0020-e03,hybrid_original-64b05f5956d6cc,delivery_time,True,1–4 дня,1–4 дня,1,0,0
synthetic,hybrid_original,syn-0020,syn-0020-e03,hybrid_original-64b05f5956d6cc,old_price,False,,,0,0,0
synthetic,hybrid_original,syn-0020,syn-0020-e03,hybrid_original-64b05f5956d6cc,image_url,False,,,0,0,0
synthetic,hybrid_original,syn-0020,syn-0020-e03,hybrid_original-64b05f5956d6cc,reviews_count,False,,,0,0,0
synthetic,hybrid_original,syn-0020,syn-0020-e20,hybrid_original-2fe8cba5088075,availability,True,False,False,1,0,0
synthetic,hybrid_original,syn-0020,syn-0020-e20,hybrid_original-2fe8cba5088075,delivery_time,True,1–4 дня,1–4 дня,1,0,0
synthetic,hybrid_original,syn-0020,syn-0020-e20,hybrid_original-2fe8cba5088075,old_price,False,,,0,0,0
synthetic,hybrid_original,syn-0020,syn-0020-e20,hybrid_original-2fe8cba5088075,image_url,False,,,0,0,0
synthetic,hybrid_original,syn-0020,syn-0020-e20,hybrid_original-2fe8cba5088075,reviews_count,False,,,0,0,0
