benchmark_run_id,result_id,pred_id,dataset,variant,page_id,gt_id,entity_id,html_file,html_key,run_id,source,query,product_url,match_status,gt_name,gt_price,gt_price_state,pred_name,pred_price,name_ok,price_ok,price_presence_ok,unexpected_price_FP,name_similarity,price_error_signed,price_error_absolute,price_error_relative,price_error_relative_absolute,error_labels,notes,entity_TP,entity_FP,entity_FN,name_TP,name_FP,name_FN,price_TP,price_FP,price_FN,_gt_exists,_gt_name_present,_gt_price_present,_pred_name_present,_pred_price_present,strict_name_TP,strict_name_FP,strict_name_FN,strict_price_TP,strict_price_FP,strict_price_FN,strict_product_url_TP,strict_product_url_FP,strict_product_url_FN,strict_acceptable_entity
20261004T181609Z-2ba1b2f7,hybrid_original-d42ce46b08fa32,hybrid_original-d42ce46b08fa32,synthetic,hybrid_original,syn-0001,gt-887a6c30294f636d2508,syn-0001-e06,html/syn-0001.html,syn-0001.html,run-none1,synthetic-shop.local,,https://synthetic-shop.local/product/anemometer-01-06,matched_gt,Анемометр цифровой AM-30,5925,present,Анемометр цифровой AM-30,5925.0,1,1,1.0,0,1.0,0.0,0.0,0.0,0.0,,matched_gt; deterministic,1,0,0,1,0,0,1,0,0,True,True,True,True,True,1,0,0,1,0,0,1,0,0,1
20261004T181609Z-2ba1b2f7,hybrid_original-65b8f56561dd84,hybrid_original-65b8f56561dd84,synthetic,hybrid_original,syn-0001,gt-a366ff95a9353ad37198,syn-0001-e09,html/syn-0001.html,syn-0001.html,run-none1,synthetic-shop.local,,https://synthetic-shop.local/product/clamp-meter-01-09,matched_gt,Клещи токовые CM-600,7155,present,Клещи токовые CM-600,7155.0,1,1,1.0,0,1.0,0.0,0.0,0.0,0.0,,matched_gt; deterministic,1,0,0,1,0,0,1,0,0,True,True,True,True,True,1,0,0,1,0,0,1,0,0,1
20261004T181609Z-2ba1b2f7,hybrid_original-2a2aa2f6e22653,hybrid_original-2a2aa2f6e22653,synthetic,hybrid_original,syn-0001,gt-d3a4118972524f9e2b1f,syn-0001-e01,html/syn-0001.html,syn-0001.html,run-none1,synthetic-shop.local,,https://synthetic-shop.local/product/laser-level-01-01,matched_gt,Лазерный уровень ЛУ-360 Pro,12990,present,Лазерный уровень ЛУ-360 Pro,12990.0,1,1,1.0,0,1.0,0.0,0.0,0.0,0.0,,matched_gt; deterministic,1,0,0,1,0,0,1,0,0,True,True,True,True,True,1,0,0,1,0,0,1,0,0,1
20261004T181609Z-2ba1b2f7,hybrid_original-9259ae002dd362,hybrid_original-9259ae002dd362,synthetic,hybrid_original,syn-0001,gt-7c0689ca310457392ddc,syn-0001-e02,html/syn-0001.html,syn-0001.html,run-none1,synthetic-shop.local,,https://synthetic-shop.local/product/laser-rangefinder-01-02,matched_gt,Дальномер лазерный DM-80,7039,present,Дальномер лазерный DM-80,7039.0,1,1,1.0,0,1.0,0.0,0.0,0.0,0.0,,matched_gt; deterministic,1,0,0,1,0,0,1,0,0,True,True,True,True,True,1,0,0,1,0,0,1,0,0,1
20261004T181609Z-2ba1b2f7,hybrid_original-e9373efac1a3c2,hybrid_original-e9373efac1a3c2,synthetic,hybrid_original,syn-0001,gt-3c158ef6c61de035c4a9,syn-0001-e10,html/syn-0001.html,syn-0001.html,run-none1,synthetic-shop.local,,https://synthetic-shop.local/product/luxmeter-01-10,matched_gt,Люксметр LX-1010,3342,present,Люксметр LX-1010,3342.0,1,1,1.0,0,1.0,0.0,0.0,0.0,0.0,,matched_gt; deterministic,1,0,0,1,0,0,1,0,0,True,True,True,True,True,1,0,0,1,0,0,1,0,0,1
20261004T181609Z-2ba1b2f7,hybrid_original-37ca0622995061,hybrid_original-37ca0622995061,synthetic,hybrid_original,syn-0001,gt-001f053c87e5141ef372,syn-0001-e11,html/syn-0001.html,syn-0001.html,run-none1,synthetic-shop.local,,https://synthetic-shop.local/product/megohmmeter-01-11,matched_gt,Мегаомметр цифровой MI-1000,16263,present,Мегаомметр цифровой MI-1000,16263.0,1,1,1.0,0,1.0,0.0,0.0,0.0,0.0,,matched_gt; deterministic,1,0,0,1,0,0,1,0,0,True,True,True,True,True,1,0,0,1,0,0,1,0,0,1
20261004T181609Z-2ba1b2f7,hybrid_original-4c646ce80d6168,hybrid_original-4c646ce80d6168,synthetic,hybrid_original,syn-0001,gt-b67b62e4439dd1703516,syn-0001-e07,html/syn-0001.html,syn-0001.html,run-none1,synthetic-shop.local,,https://synthetic-shop.local/product/moisture-meter-01-07,matched_gt,Влагомер древесины WM-2,3299,present,Влагомер древесины WM-2,3299.0,1,1,1.0,0,1.0,0.0,0.0,0.0,0.0,,matched_gt; deterministic,1,0,0,1,0,0,1,0,0,True,True,True,True,True,1,0,0,1,0,0,1,0,0,1
20261004T181609Z-2ba1b2f7,hybrid_original-11ccd7566a2e76,hybrid_original-11ccd7566a2e76,synthetic,hybrid_original,syn-0001,gt-ecdeeb5d61972870008d,syn-0001-e03,html/syn-0001.html,syn-0001.html,run-none1,synthetic-shop.local,,https://synthetic-shop.local/product/multimeter-01-03,matched_gt,Мультиметр цифровой M830 Pro,1916,present,Мультиметр цифровой M830 Pro,1916.0,1,1,1.0,0,1.0,0.0,0.0,0.0,0.0,,matched_gt; deterministic,1,0,0,1,0,0,1,0,0,True,True,True,True,True,1,0,0,1,0,0,1,0,0,1
20261004T181609Z-2ba1b2f7,hybrid_original-92c05550e1e7b8,hybrid_original-92c05550e1e7b8,synthetic,hybrid_original,syn-0001,gt-7e0bd1f55fb633b9df63,syn-0001-e05,html/syn-0001.html,syn-0001.html,run-none1,synthetic-shop.local,,https://synthetic-shop.local/product/optical-level-01-05,matched_gt,Нивелир оптический N-32,21490,present,Нивелир оптический N-32,21490.0,1,1,1.0,0,1.0,0.0,0.0,0.0,0.0,,matched_gt; deterministic,1,0,0,1,0,0,1,0,0,True,True,True,True,True,1,0,0,1,0,0,1,0,0,1
20261004T181609Z-2ba1b2f7,hybrid_original-bde54d947589c4,hybrid_original-bde54d947589c4,synthetic,hybrid_original,syn-0001,gt-1448017e756d20a064b8,syn-0001-e12,html/syn-0001.html,syn-0001.html,run-none1,synthetic-shop.local,,https://synthetic-shop.local/product/pyrometer-01-12,matched_gt,Пирометр инфракрасный IR-900,3655,present,Пирометр инфракрасный IR-900,3655.0,1,1,1.0,0,1.0,0.0,0.0,0.0,0.0,,matched_gt; deterministic,1,0,0,1,0,0,1,0,0,True,True,True,True,True,1,0,0,1,0,0,1,0,0,1
20261004T181609Z-2ba1b2f7,hybrid_original-49d5ccb1d949a7,hybrid_original-49d5ccb1d949a7,synthetic,hybrid_original,syn-0001,gt-20dae6b4a418ab6b6ea0,syn-0001-e04,html/syn-0001.html,syn-0001.html,run-none1,synthetic-shop.local,,https://synthetic-shop.local/product/thermal-camera-01-04,matched_gt,Тепловизор строительный IR-256,43800,present,Тепловизор строительный IR-256,43800.0,1,1,1.0,0,1.0,0.0,0.0,0.0,0.0,,matched_gt; deterministic,1,0,0,1,0,0,1,0,0,True,True,True,True,True,1,0,0,1,0,0,1,0,0,1
20261004T181609Z-2ba1b2f7,hybrid_original-f3c617b9c838e0,hybrid_original-f3c617b9c838e0,synthetic,hybrid_original,syn-0001,gt-329ee82360e537d689ea,syn-0001-e08,html/syn-0001.html,syn-0001.html,run-none1,synthetic-shop.local,,https://synthetic-shop.local/product/wall-scanner-01-08,matched_gt,Детектор скрытой проводки WallScan 5,4920,present,Детектор скрытой проводки WallScan 5,4920.0,1,1,1.0,0,1.0,0.0,0.0,0.0,0.0,,matched_gt; deterministic,1,0,0,1,0,0,1,0,0,True,True,True,True,True,1,0,0,1,0,0,1,0,0,1
20261004T181609Z-2ba1b2f7,hybrid_original-b865c37e72f6a2,hybrid_original-b865c37e72f6a2,synthetic,hybrid_original,syn-0002,gt-f13ec39348cbf3834d9a,syn-0002-e04,html/syn-0002.html,syn-0002.html,run-none2,synthetic-shop.local,,https://synthetic-shop.local/product/anemometer-02-04,matched_gt,Анемометр цифровой AM-30,5290,present,Анемометр цифровой AM-30,5290.0,1,1,1.0,0,1.0,0.0,0.0,0.0,0.0,,matched_gt; deterministic,1,0,0,1,0,0,1,0,0,True,True,True,True,True,1,0,0,1,0,0,1,0,0,1
20261004T181609Z-2ba1b2f7,hybrid_original-a29af0c91136db,hybrid_original-a29af0c91136db,synthetic,hybrid_original,syn-0002,gt-73d134663d3eb382a9f4,syn-0002-e16,html/syn-0002.html,syn-0002.html,run-none2,synthetic-shop.local,,https://synthetic-shop.local/product/anemometer-02-16,matched_gt,Анемометр цифровой AM-30 — серия 2,5819,present,Анемометр цифровой AM-30 — серия 2,5819.0,1,1,1.0,0,1.0,0.0,0.0,0.0,0.0,,matched_gt; deterministic,1,0,0,1,0,0,1,0,0,True,True,True,True,True,1,0,0,1,0,0,1,0,0,1
20261004T181609Z-2ba1b2f7,hybrid_original-7774505a45e49b,hybrid_original-7774505a45e49b,synthetic,hybrid_original,syn-0002,gt-b597b857334b97d6a2f3,syn-0002-e15,html/syn-0002.html,syn-0002.html,run-none2,synthetic-shop.local,,https://synthetic-shop.local/product/angle-meter-02-15,matched_gt,Угломер электронный AG-360,4113,present,Угломер электронный AG-360,4113.0,1,1,1.0,0,1.0,0.0,0.0,0.0,0.0,,matched_gt; deterministic,1,0,0,1,0,0,1,0,0,True,True,True,True,True,1,0,0,1,0,0,1,0,0,1
20261004T181609Z-2ba1b2f7,hybrid_original-e4c2289c185eee,hybrid_original-e4c2289c185eee,synthetic,hybrid_original,syn-0002,gt-2044bcf107bcbe0e0377,syn-0002-e30,html/syn-0002.html,syn-0002.html,run-none2,synthetic-shop.local,,https://synthetic-shop.local/product/angle-meter-02-30,matched_gt,Угломер электронный AG-360 — серия 2,3844,present,Угломер электронный AG-360 — серия 2,3844.0,1,1,1.0,0,1.0,0.0,0.0,0.0,0.0,,matched_gt; deterministic,1,0,0,1,0,0,1,0,0,True,True,True,True,True,1,0,0,1,0,0,1,0,0,1
20261004T181609Z-2ba1b2f7,hybrid_original-f8886ff97f4818,hybrid_original-f8886ff97f4818,synthetic,hybrid_original,syn-0002,gt-b6c726431439df499318,syn-0002-e08,html/syn-0002.html,syn-0002.html,run-none2,synthetic-shop.local,,https://synthetic-shop.local/product/clamp-meter-02-08,matched_gt,Клещи токовые CM-600,7420,present,Клещи токовые CM-600,7420.0,1,1,1.0,0,1.0,0.0,0.0,0.0,0.0,,matched_gt; deterministic,1,0,0,1,0,0,1,0,0,True,True,True,True,True,1,0,0,1,0,0,1,0,0,1
20261004T181609Z-2ba1b2f7,hybrid_original-4ad5f735d7af09,hybrid_original-4ad5f735d7af09,synthetic,hybrid_original,syn-0002,gt-fe1ef6a4be020f87174e,syn-0002-e20,html/syn-0002.html,syn-0002.html,run-none2,synthetic-shop.local,,https://synthetic-shop.local/product/clamp-meter-02-20,matched_gt,Клещи токовые CM-600 — серия 2,7221,present,Клещи токовые CM-600 — серия 2,7221.0,1,1,1.0,0,1.0,0.0,0.0,0.0,0.0,,matched_gt; deterministic,1,0,0,1,0,0,1,0,0,True,True,True,True,True,1,0,0,1,0,0,1,0,0,1
20261004T181609Z-2ba1b2f7,hybrid_original-3e555e7035aa88,hybrid_original-3e555e7035aa88,synthetic,hybrid_original,syn-0002,gt-c9cb65771a7bd060979a,syn-0002-e14,html/syn-0002.html,syn-0002.html,run-none2,synthetic-shop.local,,https://synthetic-shop.local/product/coating-gauge-02-14,matched_gt,Толщиномер покрытий CT-1200,9350,present,Толщиномер покрытий CT-1200,9350.0,1,1,1.0,0,1.0,0.0,0.0,0.0,0.0,,matched_gt; deterministic,1,0,0,1,0,0,1,0,0,True,True,True,True,True,1,0,0,1,0,0,1,0,0,1
20261004T181609Z-2ba1b2f7,hybrid_original-3d872e8a2bc081,hybrid_original-3d872e8a2bc081,synthetic,hybrid_original,syn-0002,gt-0fdde7957565cf061671,syn-0002-e29,html/syn-0002.html,syn-0002.html,run-none2,synthetic-shop.local,,https://synthetic-shop.local/product/coating-gauge-02-29,matched_gt,Толщиномер покрытий CT-1200 — серия 2,9889,present,Толщиномер покрытий CT-1200 — серия 2,9889.0,1,1,1.0,0,1.0,0.0,0.0,0.0,0.0,,matched_gt; deterministic,1,0,0,1,0,0,1,0,0,True,True,True,True,True,1,0,0,1,0,0,1,0,0,1
20261004T181609Z-2ba1b2f7,hybrid_original-08f00c4cb687f1,hybrid_original-08f00c4cb687f1,synthetic,hybrid_original,syn-0002,gt-6c24370fce3fc1acbd30,syn-0002-e09,html/syn-0002.html,syn-0002.html,run-none2,synthetic-shop.local,,https://synthetic-shop.local/product/laser-level-02-09,matched_gt,Лазерный уровень ЛУ-360 Pro,13250,present,Лазерный уровень ЛУ-360 Pro,13250.0,1,1,1.0,0,1.0,0.0,0.0,0.0,0.0,,matched_gt; deterministic,1,0,0,1,0,0,1,0,0,True,True,True,True,True,1,0,0,1,0,0,1,0,0,1
20261004T181609Z-2ba1b2f7,hybrid_original-723a272f3d320c,hybrid_original-723a272f3d320c,synthetic,hybrid_original,syn-0002,gt-fc0be44e6fb7958d702b,syn-0002-e21,html/syn-0002.html,syn-0002.html,run-none2,synthetic-shop.local,,https://synthetic-shop.local/product/laser-level-02-21,matched_gt,Лазерный уровень ЛУ-360 Pro — серия 2,14549,present,Лазерный уровень ЛУ-360 Pro — серия 2,14549.0,1,1,1.0,0,1.0,0.0,0.0,0.0,0.0,,matched_gt; deterministic,1,0,0,1,0,0,1,0,0,True,True,True,True,True,1,0,0,1,0,0,1,0,0,1
20261004T181609Z-2ba1b2f7,hybrid_original-0c2f42459776a2,hybrid_original-0c2f42459776a2,synthetic,hybrid_original,syn-0002,gt-6d4fc318070e30519ded,syn-0002-e07,html/syn-0002.html,syn-0002.html,run-none2,synthetic-shop.local,,https://synthetic-shop.local/product/laser-rangefinder-02-07,matched_gt,Дальномер лазерный DM-80,7673,present,Дальномер лазерный DM-80,7673.0,1,1,1.0,0,1.0,0.0,0.0,0.0,0.0,,matched_gt; deterministic,1,0,0,1,0,0,1,0,0,True,True,True,True,True,1,0,0,1,0,0,1,0,0,1
20261004T181609Z-2ba1b2f7,hybrid_original-0c222ebf06583f,hybrid_original-0c222ebf06583f,synthetic,hybrid_original,syn-0002,gt-1850f4aa1ed6cd5ba531,syn-0002-e18,html/syn-0002.html,syn-0002.html,run-none2,synthetic-shop.local,,https://synthetic-shop.local/product/laser-rangefinder-02-18,matched_gt,Дальномер лазерный DM-80 — серия 2,7250,present,Дальномер лазерный DM-80 — серия 2,7250.0,1,1,1.0,0,1.0,0.0,0.0,0.0,0.0,,matched_gt; deterministic,1,0,0,1,0,0,1,0,0,True,True,True,True,True,1,0,0,1,0,0,1,0,0,1
20261004T181609Z-2ba1b2f7,hybrid_original-4e62e16803da55,hybrid_original-4e62e16803da55,synthetic,hybrid_original,syn-0002,gt-db037d08f64e5b2ae1c7,syn-0002-e10,html/syn-0002.html,syn-0002.html,run-none2,synthetic-shop.local,,https://synthetic-shop.local/product/luxmeter-02-10,matched_gt,Люксметр LX-1010,3162,present,Люксметр LX-1010,3162.0,1,1,1.0,0,1.0,0.0,0.0,0.0,0.0,,matched_gt; deterministic,1,0,0,1,0,0,1,0,0,True,True,True,True,True,1,0,0,1,0,0,1,0,0,1
20261004T181609Z-2ba1b2f7,hybrid_original-8ad48ef31bd94f,hybrid_original-8ad48ef31bd94f,synthetic,hybrid_original,syn-0002,gt-613d5f4a8e40105c621a,syn-0002-e22,html/syn-0002.html,syn-0002.html,run-none2,synthetic-shop.local,,https://synthetic-shop.local/product/luxmeter-02-22,matched_gt,Люксметр LX-1010 — серия 2,3071,present,Люксметр LX-1010 — серия 2,3071.0,1,1,1.0,0,1.0,0.0,0.0,0.0,0.0,,matched_gt; deterministic,1,0,0,1,0,0,1,0,0,True,True,True,True,True,1,0,0,1,0,0,1,0,0,1
20261004T181609Z-2ba1b2f7,hybrid_original-d1a81deb9d636c,hybrid_original-d1a81deb9d636c,synthetic,hybrid_original,syn-0002,gt-84481342d49e5bfee21b,syn-0002-e11,html/syn-0002.html,syn-0002.html,run-none2,synthetic-shop.local,,https://synthetic-shop.local/product/megohmmeter-02-11,matched_gt,Мегаомметр цифровой MI-1000,17390,present,Мегаомметр цифровой MI-1000,17390.0,1,1,1.0,0,1.0,0.0,0.0,0.0,0.0,,matched_gt; deterministic,1,0,0,1,0,0,1,0,0,True,True,True,True,True,1,0,0,1,0,0,1,0,0,1
20261004T181609Z-2ba1b2f7,hybrid_original-cae6cfe6c5b0f5,hybrid_original-cae6cfe6c5b0f5,synthetic,hybrid_original,syn-0002,gt-be1025796bcacbc992a7,syn-0002-e23,html/syn-0002.html,syn-0002.html,run-none2,synthetic-shop.local,,https://synthetic-shop.local/product/megohmmeter-02-23,matched_gt,Мегаомметр цифровой MI-1000 — серия 2,16907,present,Мегаомметр цифровой MI-1000 — серия 2,16907.0,1,1,1.0,0,1.0,0.0,0.0,0.0,0.0,,matched_gt; deterministic,1,0,0,1,0,0,1,0,0,True,True,True,True,True,1,0,0,1,0,0,1,0,0,1
20261004T181609Z-2ba1b2f7,hybrid_original-89f7816fc57e71,hybrid_original-89f7816fc57e71,synthetic,hybrid_original,syn-0002,gt-04e9d49bd665ebfb48f4,syn-0002-e06,html/syn-0002.html,syn-0002.html,run-none2,synthetic-shop.local,,https://synthetic-shop.local/product/moisture-meter-02-06,matched_gt,Влагомер древесины WM-2,3428,present,Влагомер древесины WM-2,3428.0,1,1,1.0,0,1.0,0.0,0.0,0.0,0.0,,matched_gt; deterministic,1,0,0,1,0,0,1,0,0,True,True,True,True,True,1,0,0,1,0,0,1,0,0,1
20261004T181609Z-2ba1b2f7,hybrid_original-e842a81daafba5,hybrid_original-e842a81daafba5,synthetic,hybrid_original,syn-0002,gt-b3af68486107099bc4de,syn-0002-e17,html/syn-0002.html,syn-0002.html,run-none2,synthetic-shop.local,,https://synthetic-shop.local/product/moisture-meter-02-17,matched_gt,Влагомер древесины WM-2 — серия 2,3234,present,Влагомер древесины WM-2 — серия 2,3234.0,1,1,1.0,0,1.0,0.0,0.0,0.0,0.0,,matched_gt; deterministic,1,0,0,1,0,0,1,0,0,True,True,True,True,True,1,0,0,1,0,0,1,0,0,1
20261004T181609Z-2ba1b2f7,hybrid_original-d9b654dc0a5e45,hybrid_original-d9b654dc0a5e45,synthetic,hybrid_original,syn-0002,gt-9278d7babe5b698deae5,syn-0002-e12,html/syn-0002.html,syn-0002.html,run-none2,synthetic-shop.local,,https://synthetic-shop.local/product/multimeter-02-12,matched_gt,Мультиметр цифровой M830 Pro,2127,present,Мультиметр цифровой M830 Pro,2127.0,1,1,1.0,0,1.0,0.0,0.0,0.0,0.0,,matched_gt; deterministic,1,0,0,1,0,0,1,0,0,True,True,True,True,True,1,0,0,1,0,0,1,0,0,1
20261004T181609Z-2ba1b2f7,hybrid_original-f8d8ee1d452d20,hybrid_original-f8d8ee1d452d20,synthetic,hybrid_original,syn-0002,gt-9157577b18947e24873a,syn-0002-e24,html/syn-0002.html,syn-0002.html,run-none2,synthetic-shop.local,,https://synthetic-shop.local/product/multimeter-02-24,matched_gt,Мультиметр цифровой M830 Pro — серия 2,2069,present,Мультиметр цифровой M830 Pro — серия 2,2069.0,1,1,1.0,0,1.0,0.0,0.0,0.0,0.0,,matched_gt; deterministic,1,0,0,1,0,0,1,0,0,True,True,True,True,True,1,0,0,1,0,0,1,0,0,1
20261004T181609Z-2ba1b2f7,hybrid_original-f0374e65eb9e29,hybrid_original-f0374e65eb9e29,synthetic,hybrid_original,syn-0002,gt-75b01fd8b5bccfa23edf,syn-0002-e02,html/syn-0002.html,syn-0002.html,run-none2,synthetic-shop.local,,https://synthetic-shop.local/product/optical-level-02-02,matched_gt,Нивелир оптический N-32,21790,present,Нивелир оптический N-32,21790.0,1,1,1.0,0,1.0,0.0,0.0,0.0,0.0,,matched_gt; deterministic,1,0,0,1,0,0,1,0,0,True,True,True,True,True,1,0,0,1,0,0,1,0,0,1
20261004T181609Z-2ba1b2f7,hybrid_original-90e92b85e1d77e,hybrid_original-90e92b85e1d77e,synthetic,hybrid_original,syn-0002,gt-9294e07e7f433c05915b,syn-0002-e25,html/syn-0002.html,syn-0002.html,run-none2,synthetic-shop.local,,https://synthetic-shop.local/product/optical-level-02-25,matched_gt,Нивелир оптический N-32 — серия 2,23854,present,Нивелир оптический N-32 — серия 2,23854.0,1,1,1.0,0,1.0,0.0,0.0,0.0,0.0,,matched_gt; deterministic,1,0,0,1,0,0,1,0,0,True,True,True,True,True,1,0,0,1,0,0,1,0,0,1
20261004T181609Z-2ba1b2f7,hybrid_original-f438041ef92b32,hybrid_original-f438041ef92b32,synthetic,hybrid_original,syn-0002,gt-711f8053b98609aa46d3,syn-0002-e05,html/syn-0002.html,syn-0002.html,run-none2,synthetic-shop.local,,https://synthetic-shop.local/product/pyrometer-02-05,matched_gt,Пирометр инфракрасный IR-900,3514,present,Пирометр инфракрасный IR-900,3514.0,1,1,1.0,0,1.0,0.0,0.0,0.0,0.0,,matched_gt; deterministic,1,0,0,1,0,0,1,0,0,True,True,True,True,True,1,0,0,1,0,0,1,0,0,1
20261004T181609Z-2ba1b2f7,hybrid_original-ae8d6015102327,hybrid_original-ae8d6015102327,synthetic,hybrid_original,syn-0002,gt-18ea43d96680ed443ebc,syn-0002-e26,html/syn-0002.html,syn-0002.html,run-none2,synthetic-shop.local,,https://synthetic-shop.local/product/pyrometer-02-26,matched_gt,Пирометр инфракрасный IR-900 — серия 2,3549,present,Пирометр инфракрасный IR-900 — серия 2,3549.0,1,1,1.0,0,1.0,0.0,0.0,0.0,0.0,,matched_gt; deterministic,1,0,0,1,0,0,1,0,0,True,True,True,True,True,1,0,0,1,0,0,1,0,0,1
20261004T181609Z-2ba1b2f7,hybrid_original-c05c76650c8f39,hybrid_original-c05c76650c8f39,synthetic,hybrid_original,syn-0002,gt-724c93c39a20b642c72e,syn-0002-e13,html/syn-0002.html,syn-0002.html,run-none2,synthetic-shop.local,,https://synthetic-shop.local/product/socket-tester-02-13,matched_gt,Тестер розеток и УЗО ST-8,1834,present,Тестер розеток и УЗО ST-8,1834.0,1,1,1.0,0,1.0,0.0,0.0,0.0,0.0,,matched_gt; deterministic,1,0,0,1,0,0,1,0,0,True,True,True,True,True,1,0,0,1,0,0,1,0,0,1
20261004T181609Z-2ba1b2f7,hybrid_original-77491e827186ec,hybrid_original-77491e827186ec,synthetic,hybrid_original,syn-0002,gt-065b8587d3e803d72f80,syn-0002-e28,html/syn-0002.html,syn-0002.html,run-none2,synthetic-shop.local,,https://synthetic-shop.local/product/socket-tester-02-28,matched_gt,Тестер розеток и УЗО ST-8 — серия 2,1943,present,Тестер розеток и УЗО ST-8 — серия 2,1943.0,1,1,1.0,0,1.0,0.0,0.0,0.0,0.0,,matched_gt; deterministic,1,0,0,1,0,0,1,0,0,True,True,True,True,True,1,0,0,1,0,0,1,0,0,1
20261004T181609Z-2ba1b2f7,hybrid_original-69ce90b54be50f,hybrid_original-69ce90b54be50f,synthetic,hybrid_original,syn-0002,gt-734be3b9a4b8ca4c77e9,syn-0002-e01,html/syn-0002.html,syn-0002.html,run-none2,synthetic-shop.local,,https://synthetic-shop.local/product/thermal-camera-02-01,matched_gt,Тепловизор строительный IR-256,43200,present,Тепловизор строительный IR-256,43200.0,1,1,1.0,0,1.0,0.0,0.0,0.0,0.0,,matched_gt; deterministic,1,0,0,1,0,0,1,0,0,True,True,True,True,True,1,0,0,1,0,0,1,0,0,1
20261004T181609Z-2ba1b2f7,hybrid_original-0c43335113c9af,hybrid_original-0c43335113c9af,synthetic,hybrid_original,syn-0002,gt-ea51fd59fc877f048f9b,syn-0002-e27,html/syn-0002.html,syn-0002.html,run-none2,synthetic-shop.local,,https://synthetic-shop.local/product/thermal-camera-02-27,matched_gt,Тепловизор строительный IR-256 — серия 2,45552,present,Тепловизор строительный IR-256 — серия 2,45552.0,1,1,1.0,0,1.0,0.0,0.0,0.0,0.0,,matched_gt; deterministic,1,0,0,1,0,0,1,0,0,True,True,True,True,True,1,0,0,1,0,0,1,0,0,1
20261004T181609Z-2ba1b2f7,hybrid_original-fedc2794cb4171,hybrid_original-fedc2794cb4171,synthetic,hybrid_original,syn-0002,gt-1cc27f8ce29473cba62f,syn-0002-e03,html/syn-0002.html,syn-0002.html,run-none2,synthetic-shop.local,,https://synthetic-shop.local/product/wall-scanner-02-03,matched_gt,Детектор скрытой проводки WallScan 5,4686,present,Детектор скрытой проводки WallScan 5,4686.0,1,1,1.0,0,1.0,0.0,0.0,0.0,0.0,,matched_gt; deterministic,1,0,0,1,0,0,1,0,0,True,True,True,True,True,1,0,0,1,0,0,1,0,0,1
20261004T181609Z-2ba1b2f7,hybrid_original-0a282b7d105ce8,hybrid_original-0a282b7d105ce8,synthetic,hybrid_original,syn-0002,gt-ac6f87af024648015c3b,syn-0002-e19,html/syn-0002.html,syn-0002.html,run-none2,synthetic-shop.local,,https://synthetic-shop.local/product/wall-scanner-02-19,matched_gt,Детектор скрытой проводки WallScan 5 — серия 2,4967,present,Детектор скрытой проводки WallScan 5 — серия 2,4967.0,1,1,1.0,0,1.0,0.0,0.0,0.0,0.0,,matched_gt; deterministic,1,0,0,1,0,0,1,0,0,True,True,True,True,True,1,0,0,1,0,0,1,0,0,1
20261004T181609Z-2ba1b2f7,hybrid_original-94f7a77c809ce5,hybrid_original-94f7a77c809ce5,synthetic,hybrid_original,syn-0003,gt-ecb49e75cbeb5d96d003,syn-0003-e01,html/syn-0003.html,syn-0003.html,run-none3,synthetic-shop.local,,https://synthetic-shop.local/product/anemometer-03-01,matched_gt,Анемометр цифровой AM-30,5364,present,Анемометр цифровой AM-30,5364.0,1,1,1.0,0,1.0,0.0,0.0,0.0,0.0,,matched_gt; deterministic,1,0,0,1,0,0,1,0,0,True,True,True,True,True,1,0,0,1,0,0,1,0,0,1
20261004T181609Z-2ba1b2f7,hybrid_original-7301a44ce48f55,hybrid_original-7301a44ce48f55,synthetic,hybrid_original,syn-0003,gt-24f300168b1ba4e83023,syn-0003-e16,html/syn-0003.html,syn-0003.html,run-none3,synthetic-shop.local,,https://synthetic-shop.local/product/anemometer-03-16,matched_gt,Анемометр цифровой AM-30 — серия 2,5502,present,Анемометр цифровой AM-30 — серия 2,5502.0,1,1,1.0,0,1.0,0.0,0.0,0.0,0.0,,matched_gt; deterministic,1,0,0,1,0,0,1,0,0,True,True,True,True,True,1,0,0,1,0,0,1,0,0,1
20261004T181609Z-2ba1b2f7,hybrid_original-db874709ea9534,hybrid_original-db874709ea9534,synthetic,hybrid_original,syn-0003,gt-5fe46f27a8587d724b8c,syn-0003-e15,html/syn-0003.html,syn-0003.html,run-none3,synthetic-shop.local,,https://synthetic-shop.local/product/angle-meter-03-15,matched_gt,Угломер электронный AG-360,3882,present,Угломер электронный AG-360,3882.0,1,1,1.0,0,1.0,0.0,0.0,0.0,0.0,,matched_gt; deterministic,1,0,0,1,0,0,1,0,0,True,True,True,True,True,1,0,0,1,0,0,1,0,0,1
20261004T181609Z-2ba1b2f7,hybrid_original-0e08e9c97e3940,hybrid_original-0e08e9c97e3940,synthetic,hybrid_original,syn-0003,gt-181401204dd7f417dfc9,syn-0003-e09,html/syn-0003.html,syn-0003.html,run-none3,synthetic-shop.local,,https://synthetic-shop.local/product/clamp-meter-03-09,matched_gt,Клещи токовые CM-600,7221,present,Клещи токовые CM-600,7221.0,1,1,1.0,0,1.0,0.0,0.0,0.0,0.0,,matched_gt; deterministic,1,0,0,1,0,0,1,0,0,True,True,True,True,True,1,0,0,1,0,0,1,0,0,1
20261004T181609Z-2ba1b2f7,hybrid_original-edc0e147854c86,hybrid_original-edc0e147854c86,synthetic,hybrid_original,syn-0003,gt-462f8f165f82260133cf,syn-0003-e03,html/syn-0003.html,syn-0003.html,run-none3,synthetic-shop.local,,https://synthetic-shop.local/product/coating-gauge-03-03,matched_gt,Толщиномер покрытий CT-1200,8990,present,Толщиномер покрытий CT-1200,8990.0,1,1,1.0,0,1.0,0.0,0.0,0.0,0.0,,matched_gt; deterministic,1,0,0,1,0,0,1,0,0,True,True,True,True,True,1,0,0,1,0,0,1,0,0,1
20261004T181609Z-2ba1b2f7,hybrid_original-9d14153a19f391,hybrid_original-9d14153a19f391,synthetic,hybrid_original,syn-0003,gt-c4430eca9ef071fd3b8d,syn-0003-e10,html/syn-0003.html,syn-0003.html,run-none3,synthetic-shop.local,,https://synthetic-shop.local/product/laser-level-03-10,matched_gt,Лазерный уровень ЛУ-360 Pro,14549,present,Лазерный уровень ЛУ-360 Pro,14549.0,1,1,1.0,0,1.0,0.0,0.0,0.0,0.0,,matched_gt; deterministic,1,0,0,1,0,0,1,0,0,True,True,True,True,True,1,0,0,1,0,0,1,0,0,1
20261004T181609Z-2ba1b2f7,hybrid_original-5571d6bcf5a026,hybrid_original-5571d6bcf5a026,synthetic,hybrid_original,syn-0003,gt-a2b74fb44648317406e2,syn-0003-e07,html/syn-0003.html,syn-0003.html,run-none3,synthetic-shop.local,,https://synthetic-shop.local/product/laser-rangefinder-03-07,matched_gt,Дальномер лазерный DM-80,7250,present,Дальномер лазерный DM-80,7250.0,1,1,1.0,0,1.0,0.0,0.0,0.0,0.0,,matched_gt; deterministic,1,0,0,1,0,0,1,0,0,True,True,True,True,True,1,0,0,1,0,0,1,0,0,1
20261004T181609Z-2ba1b2f7,hybrid_original-5fa8555bf53891,hybrid_original-5fa8555bf53891,synthetic,hybrid_original,syn-0003,gt-456853c991edcf72c2bb,syn-0003-e11,html/syn-0003.html,syn-0003.html,run-none3,synthetic-shop.local,,https://synthetic-shop.local/product/luxmeter-03-11,matched_gt,Люксметр LX-1010,3071,present,Люксметр LX-1010,3071.0,1,1,1.0,0,1.0,0.0,0.0,0.0,0.0,,matched_gt; deterministic,1,0,0,1,0,0,1,0,0,True,True,True,True,True,1,0,0,1,0,0,1,0,0,1
20261004T181609Z-2ba1b2f7,hybrid_original-76ea2ecbc3b5fb,hybrid_original-76ea2ecbc3b5fb,synthetic,hybrid_original,syn-0003,gt-80bd9eab869b3a2b33c2,syn-0003-e04,html/syn-0003.html,syn-0003.html,run-none3,synthetic-shop.local,,https://synthetic-shop.local/product/megohmmeter-03-04,matched_gt,Мегаомметр цифровой MI-1000,16102,present,Мегаомметр цифровой MI-1000,16102.0,1,1,1.0,0,1.0,0.0,0.0,0.0,0.0,,matched_gt; deterministic,1,0,0,1,0,0,1,0,0,True,True,True,True,True,1,0,0,1,0,0,1,0,0,1
20261004T181609Z-2ba1b2f7,hybrid_original-5b08fa251ecb07,hybrid_original-5b08fa251ecb07,synthetic,hybrid_original,syn-0003,gt-141d578848e018f1c7a5,syn-0003-e06,html/syn-0003.html,syn-0003.html,run-none3,synthetic-shop.local,,https://synthetic-shop.local/product/moisture-meter-03-06,matched_gt,Влагомер древесины WM-2,3234,present,Влагомер древесины WM-2,3234.0,1,1,1.0,0,1.0,0.0,0.0,0.0,0.0,,matched_gt; deterministic,1,0,0,1,0,0,1,0,0,True,True,True,True,True,1,0,0,1,0,0,1,0,0,1
20261004T181609Z-2ba1b2f7,hybrid_original-ac30789c1aaa21,hybrid_original-ac30789c1aaa21,synthetic,hybrid_original,syn-0003,gt-267753a54e5bb552cbda,syn-0003-e12,html/syn-0003.html,syn-0003.html,run-none3,synthetic-shop.local,,https://synthetic-shop.local/product/multimeter-03-12,matched_gt,Мультиметр цифровой M830 Pro,2012,present,Мультиметр цифровой M830 Pro,2012.0,1,1,1.0,0,1.0,0.0,0.0,0.0,0.0,,matched_gt; deterministic,1,0,0,1,0,0,1,0,0,True,True,True,True,True,1,0,0,1,0,0,1,0,0,1
20261004T181609Z-2ba1b2f7,hybrid_original-e53dde44f282e5,hybrid_original-e53dde44f282e5,synthetic,hybrid_original,syn-0003,gt-c044eaa394dd36cc87e0,syn-0003-e13,html/syn-0003.html,syn-0003.html,run-none3,synthetic-shop.local,,https://synthetic-shop.local/product/optical-level-03-13,matched_gt,Нивелир оптический N-32,23209,present,Нивелир оптический N-32,23209.0,1,1,1.0,0,1.0,0.0,0.0,0.0,0.0,,matched_gt; deterministic,1,0,0,1,0,0,1,0,0,True,True,True,True,True,1,0,0,1,0,0,1,0,0,1
20261004T181609Z-2ba1b2f7,hybrid_original-41d389c742ef86,hybrid_original-41d389c742ef86,synthetic,hybrid_original,syn-0003,gt-807791f7813b4ebba757,syn-0003-e02,html/syn-0003.html,syn-0003.html,run-none3,synthetic-shop.local,,https://synthetic-shop.local/product/pyrometer-03-02,matched_gt,Пирометр инфракрасный IR-900,3562,present,Пирометр инфракрасный IR-900,3562.0,1,1,1.0,0,1.0,0.0,0.0,0.0,0.0,,matched_gt; deterministic,1,0,0,1,0,0,1,0,0,True,True,True,True,True,1,0,0,1,0,0,1,0,0,1
20261004T181609Z-2ba1b2f7,hybrid_original-4a7df81d8f3cc0,hybrid_original-4a7df81d8f3cc0,synthetic,hybrid_original,syn-0003,gt-8c0511cfaa723f81918b,syn-0003-e05,html/syn-0003.html,syn-0003.html,run-none3,synthetic-shop.local,,https://synthetic-shop.local/product/socket-tester-03-05,matched_gt,Тестер розеток и УЗО ST-8,1816,present,Тестер розеток и УЗО ST-8,1816.0,1,1,1.0,0,1.0,0.0,0.0,0.0,0.0,,matched_gt; deterministic,1,0,0,1,0,0,1,0,0,True,True,True,True,True,1,0,0,1,0,0,1,0,0,1
20261004T181609Z-2ba1b2f7,hybrid_original-64c88133831380,hybrid_original-64c88133831380,synthetic,hybrid_original,syn-0003,gt-d73fdaed5806b71439b8,syn-0003-e14,html/syn-0003.html,syn-0003.html,run-none3,synthetic-shop.local,,https://synthetic-shop.local/product/thermal-camera-03-14,matched_gt,Тепловизор строительный IR-256,48618,present,Тепловизор строительный IR-256,48618.0,1,1,1.0,0,1.0,0.0,0.0,0.0,0.0,,matched_gt; deterministic,1,0,0,1,0,0,1,0,0,True,True,True,True,True,1,0,0,1,0,0,1,0,0,1
20261004T181609Z-2ba1b2f7,hybrid_original-49a2d282d8feba,hybrid_original-49a2d282d8feba,synthetic,hybrid_original,syn-0003,gt-7e69ea2a3f73fa9ea836,syn-0003-e08,html/syn-0003.html,syn-0003.html,run-none3,synthetic-shop.local,,https://synthetic-shop.local/product/wall-scanner-03-08,matched_gt,Детектор скрытой проводки WallScan 5,4967,present,Детектор скрытой проводки WallScan 5,4967.0,1,1,1.0,0,1.0,0.0,0.0,0.0,0.0,,matched_gt; deterministic,1,0,0,1,0,0,1,0,0,True,True,True,True,True,1,0,0,1,0,0,1,0,0,1
20261004T181609Z-2ba1b2f7,hybrid_original-e81e44b6dc4cae,hybrid_original-e81e44b6dc4cae,synthetic,hybrid_original,syn-0004,gt-28ab4c4c47ba4d4ad2b4,syn-0004-e06,html/syn-0004.html,syn-0004.html,run-none4,synthetic-shop.local,,https://synthetic-shop.local/product/anemometer-04-06,matched_gt,Анемометр цифровой AM-30,5660,present,Анемометр цифровой AM-30,5660.0,1,1,1.0,0,1.0,0.0,0.0,0.0,0.0,,matched_gt; deterministic,1,0,0,1,0,0,1,0,0,True,True,True,True,True,1,0,0,1,0,0,1,0,0,1
20261004T181609Z-2ba1b2f7,hybrid_original-8b196d135c3d55,hybrid_original-8b196d135c3d55,synthetic,hybrid_original,syn-0004,gt-75da8531272537d8082f,syn-0004-e16,html/syn-0004.html,syn-0004.html,run-none4,synthetic-shop.local,,https://synthetic-shop.local/product/anemometer-04-16,matched_gt,Анемометр цифровой AM-30 — серия 2,5872,present,Анемометр цифровой AM-30 — серия 2,5872.0,1,1,1.0,0,1.0,0.0,0.0,0.0,0.0,,matched_gt; deterministic,1,0,0,1,0,0,1,0,0,True,True,True,True,True,1,0,0,1,0,0,1,0,0,1
20261004T181609Z-2ba1b2f7,hybrid_original-3b6d5e7c21aeca,hybrid_original-3b6d5e7c21aeca,synthetic,hybrid_original,syn-0004,gt-af2c9d5e92718b667f48,syn-0004-e15,html/syn-0004.html,syn-0004.html,run-none4,synthetic-shop.local,,https://synthetic-shop.local/product/angle-meter-04-15,matched_gt,Угломер электронный AG-360,4152,present,Угломер электронный AG-360,4152.0,1,1,1.0,0,1.0,0.0,0.0,0.0,0.0,,matched_gt; deterministic,1,0,0,1,0,0,1,0,0,True,True,True,True,True,1,0,0,1,0,0,1,0,0,1
20261004T181609Z-2ba1b2f7,hybrid_original-749d5ee335aca1,hybrid_original-749d5ee335aca1,synthetic,hybrid_original,syn-0004,gt-ea08119e0e5b8fd16a0b,syn-0004-e05,html/syn-0004.html,syn-0004.html,run-none4,synthetic-shop.local,,https://synthetic-shop.local/product/clamp-meter-04-05,matched_gt,Клещи токовые CM-600,6625,present,Клещи токовые CM-600,6625.0,1,1,1.0,0,1.0,0.0,0.0,0.0,0.0,,matched_gt; deterministic,1,0,0,1,0,0,1,0,0,True,True,True,True,True,1,0,0,1,0,0,1,0,0,1
20261004T181609Z-2ba1b2f7,hybrid_original-b04dbc113fa75a,hybrid_original-b04dbc113fa75a,synthetic,hybrid_original,syn-0004,gt-b8dcf7094175f3dd32ff,syn-0004-e20,html/syn-0004.html,syn-0004.html,run-none4,synthetic-shop.local,,https://synthetic-shop.local/product/clamp-meter-04-20,matched_gt,Клещи токовые CM-600 — серия 2,7288,present,Клещи токовые CM-600 — серия 2,7288.0,1,1,1.0,0,1.0,0.0,0.0,0.0,0.0,,matched_gt; deterministic,1,0,0,1,0,0,1,0,0,True,True,True,True,True,1,0,0,1,0,0,1,0,0,1
20261004T181609Z-2ba1b2f7,hybrid_original-b09317c27d209c,hybrid_original-b09317c27d209c,synthetic,hybrid_original,syn-0004,gt-7b31cb3cccf471fc2167,syn-0004-e14,html/syn-0004.html,syn-0004.html,run-none4,synthetic-shop.local,,https://synthetic-shop.local/product/coating-gauge-04-14,matched_gt,Толщиномер покрытий CT-1200,9440,present,Толщиномер покрытий CT-1200,9440.0,1,1,1.0,0,1.0,0.0,0.0,0.0,0.0,,matched_gt; deterministic,1,0,0,1,0,0,1,0,0,True,True,True,True,True,1,0,0,1,0,0,1,0,0,1
20261004T181609Z-2ba1b2f7,hybrid_original-8a915335e3b934,hybrid_original-8a915335e3b934,synthetic,hybrid_original,syn-0004,gt-13c9106e8899d9182fc3,syn-0004-e09,html/syn-0004.html,syn-0004.html,run-none4,synthetic-shop.local,,https://synthetic-shop.local/product/laser-level-04-09,matched_gt,Лазерный уровень ЛУ-360 Pro,13380,present,Лазерный уровень ЛУ-360 Pro,13380.0,1,1,1.0,0,1.0,0.0,0.0,0.0,0.0,,matched_gt; deterministic,1,0,0,1,0,0,1,0,0,True,True,True,True,True,1,0,0,1,0,0,1,0,0,1
20261004T181609Z-2ba1b2f7,hybrid_original-9719b22539526b,hybrid_original-9719b22539526b,synthetic,hybrid_original,syn-0004,gt-4659cf7f5ec978c38d97,syn-0004-e21,html/syn-0004.html,syn-0004.html,run-none4,synthetic-shop.local,,https://synthetic-shop.local/product/laser-level-04-21,matched_gt,Лазерный уровень ЛУ-360 Pro — серия 2,12990,present,Лазерный уровень ЛУ-360 Pro — серия 2,12990.0,1,1,1.0,0,1.0,0.0,0.0,0.0,0.0,,matched_gt; deterministic,1,0,0,1,0,0,1,0,0,True,True,True,True,True,1,0,0,1,0,0,1,0,0,1
20261004T181609Z-2ba1b2f7,hybrid_original-61796473aebefb,hybrid_original-61796473aebefb,synthetic,hybrid_original,syn-0004,gt-4842637329b994e1f98b,syn-0004-e07,html/syn-0004.html,syn-0004.html,run-none4,synthetic-shop.local,,https://synthetic-shop.local/product/laser-rangefinder-04-07,matched_gt,Дальномер лазерный DM-80,7743,present,Дальномер лазерный DM-80,7743.0,1,1,1.0,0,1.0,0.0,0.0,0.0,0.0,,matched_gt; deterministic,1,0,0,1,0,0,1,0,0,True,True,True,True,True,1,0,0,1,0,0,1,0,0,1
20261004T181609Z-2ba1b2f7,hybrid_original-2cd65134711a68,hybrid_original-2cd65134711a68,synthetic,hybrid_original,syn-0004,gt-01f65021eb3b834a34e5,syn-0004-e18,html/syn-0004.html,syn-0004.html,run-none4,synthetic-shop.local,,https://synthetic-shop.local/product/laser-rangefinder-04-18,matched_gt,Дальномер лазерный DM-80 — серия 2,7321,present,Дальномер лазерный DM-80 — серия 2,7321.0,1,1,1.0,0,1.0,0.0,0.0,0.0,0.0,,matched_gt; deterministic,1,0,0,1,0,0,1,0,0,True,True,True,True,True,1,0,0,1,0,0,1,0,0,1
20261004T181609Z-2ba1b2f7,hybrid_original-32bae5a0a63bc9,hybrid_original-32bae5a0a63bc9,synthetic,hybrid_original,syn-0004,gt-5bef3e67e4478c6adb09,syn-0004-e03,html/syn-0004.html,syn-0004.html,run-none4,synthetic-shop.local,,https://synthetic-shop.local/product/luxmeter-04-03,matched_gt,Люксметр LX-1010,3011,present,Люксметр LX-1010,3011.0,1,1,1.0,0,1.0,0.0,0.0,0.0,0.0,,matched_gt; deterministic,1,0,0,1,0,0,1,0,0,True,True,True,True,True,1,0,0,1,0,0,1,0,0,1
20261004T181609Z-2ba1b2f7,hybrid_original-7837989e2820f7,hybrid_original-7837989e2820f7,synthetic,hybrid_original,syn-0004,gt-901748ca07cfbc13712c,syn-0004-e22,html/syn-0004.html,syn-0004.html,run-none4,synthetic-shop.local,,https://synthetic-shop.local/product/luxmeter-04-22,matched_gt,Люксметр LX-1010 — серия 2,3101,present,Люксметр LX-1010 — серия 2,3101.0,1,1,1.0,0,1.0,0.0,0.0,0.0,0.0,,matched_gt; deterministic,1,0,0,1,0,0,1,0,0,True,True,True,True,True,1,0,0,1,0,0,1,0,0,1
20261004T181609Z-2ba1b2f7,hybrid_original-e535efcb086934,hybrid_original-e535efcb086934,synthetic,hybrid_original,syn-0004,gt-8504b3edbc2727bff70f,syn-0004-e01,html/syn-0004.html,syn-0004.html,run-none4,synthetic-shop.local,,https://synthetic-shop.local/product/megohmmeter-04-01,matched_gt,Мегаомметр цифровой MI-1000,16326,present,Мегаомметр цифровой MI-1000,16326.0,1,1,1.0,0,1.0,0.0,0.0,0.0,0.0,,matched_gt; deterministic,1,0,0,1,0,0,1,0,0,True,True,True,True,True,1,0,0,1,0,0,1,0,0,1
20261004T181609Z-2ba1b2f7,hybrid_original-3a669698b85025,hybrid_original-3a669698b85025,synthetic,hybrid_original,syn-0004,gt-310bb6d320916b9e3415,syn-0004-e23,html/syn-0004.html,syn-0004.html,run-none4,synthetic-shop.local,,https://synthetic-shop.local/product/megohmmeter-04-23,matched_gt,Мегаомметр цифровой MI-1000 — серия 2,17068,present,Мегаомметр цифровой MI-1000 — серия 2,17068.0,1,1,1.0,0,1.0,0.0,0.0,0.0,0.0,,matched_gt; deterministic,1,0,0,1,0,0,1,0,0,True,True,True,True,True,1,0,0,1,0,0,1,0,0,1
20261004T181609Z-2ba1b2f7,hybrid_original-2bf04bb26485e7,hybrid_original-2bf04bb26485e7,synthetic,hybrid_original,syn-0004,gt-d90946c8e16668ff30b3,syn-0004-e04,html/syn-0004.html,syn-0004.html,run-none4,synthetic-shop.local,,https://synthetic-shop.local/product/moisture-meter-04-04,matched_gt,Влагомер древесины WM-2,3234,present,Влагомер древесины WM-2,3234.0,1,1,1.0,0,1.0,0.0,0.0,0.0,0.0,,matched_gt; deterministic,1,0,0,1,0,0,1,0,0,True,True,True,True,True,1,0,0,1,0,0,1,0,0,1
20261004T181609Z-2ba1b2f7,hybrid_original-e10229039f33fa,hybrid_original-e10229039f33fa,synthetic,hybrid_original,syn-0004,gt-febe6967707013add357,syn-0004-e17,html/syn-0004.html,syn-0004.html,run-none4,synthetic-shop.local,,https://synthetic-shop.local/product/moisture-meter-04-17,matched_gt,Влагомер древесины WM-2 — серия 2,3266,present,Влагомер древесины WM-2 — серия 2,3266.0,1,1,1.0,0,1.0,0.0,0.0,0.0,0.0,,matched_gt; deterministic,1,0,0,1,0,0,1,0,0,True,True,True,True,True,1,0,0,1,0,0,1,0,0,1
20261004T181609Z-2ba1b2f7,hybrid_original-44b36f8afbca68,hybrid_original-44b36f8afbca68,synthetic,hybrid_original,syn-0004,gt-1feaf8f9f261c02b0208,syn-0004-e10,html/syn-0004.html,syn-0004.html,run-none4,synthetic-shop.local,,https://synthetic-shop.local/product/multimeter-04-10,matched_gt,Мультиметр цифровой M830 Pro,2031,present,Мультиметр цифровой M830 Pro,2031.0,1,1,1.0,0,1.0,0.0,0.0,0.0,0.0,,matched_gt; deterministic,1,0,0,1,0,0,1,0,0,True,True,True,True,True,1,0,0,1,0,0,1,0,0,1
20261004T181609Z-2ba1b2f7,hybrid_original-3c987eb48845df,hybrid_original-3c987eb48845df,synthetic,hybrid_original,syn-0004,gt-eacdba0f70827884b791,syn-0004-e24,html/syn-0004.html,syn-0004.html,run-none4,synthetic-shop.local,,https://synthetic-shop.local/product/multimeter-04-24,matched_gt,Мультиметр цифровой M830 Pro — серия 2,2088,present,Мультиметр цифровой M830 Pro — серия 2,2088.0,1,1,1.0,0,1.0,0.0,0.0,0.0,0.0,,matched_gt; deterministic,1,0,0,1,0,0,1,0,0,True,True,True,True,True,1,0,0,1,0,0,1,0,0,1
20261004T181609Z-2ba1b2f7,hybrid_original-d088bef4b7aaae,hybrid_original-d088bef4b7aaae,synthetic,hybrid_original,syn-0004,gt-6bb0ec5fe48e774969db,syn-0004-e11,html/syn-0004.html,syn-0004.html,run-none4,synthetic-shop.local,,https://synthetic-shop.local/product/optical-level-04-11,matched_gt,Нивелир оптический N-32,23424,present,Нивелир оптический N-32,23424.0,1,1,1.0,0,1.0,0.0,0.0,0.0,0.0,,matched_gt; deterministic,1,0,0,1,0,0,1,0,0,True,True,True,True,True,1,0,0,1,0,0,1,0,0,1
20261004T181609Z-2ba1b2f7,hybrid_original-3bdce787ad86c4,hybrid_original-3bdce787ad86c4,synthetic,hybrid_original,syn-0004,gt-ac331421713a6343f7f8,syn-0004-e25,html/syn-0004.html,syn-0004.html,run-none4,synthetic-shop.local,,https://synthetic-shop.local/product/optical-level-04-25,matched_gt,Нивелир оптический N-32 — серия 2,24069,present,Нивелир оптический N-32 — серия 2,24069.0,1,1,1.0,0,1.0,0.0,0.0,0.0,0.0,,matched_gt; deterministic,1,0,0,1,0,0,1,0,0,True,True,True,True,True,1,0,0,1,0,0,1,0,0,1
20261004T181609Z-2ba1b2f7,hybrid_original-0cdb4783deb766,hybrid_original-0cdb4783deb766,synthetic,hybrid_original,syn-0004,gt-16870f964653c6c328b4,syn-0004-e12,html/syn-0004.html,syn-0004.html,run-none4,synthetic-shop.local,,https://synthetic-shop.local/product/pyrometer-04-12,matched_gt,Пирометр инфракрасный IR-900,3936,present,Пирометр инфракрасный IR-900,3936.0,1,1,1.0,0,1.0,0.0,0.0,0.0,0.0,,matched_gt; deterministic,1,0,0,1,0,0,1,0,0,True,True,True,True,True,1,0,0,1,0,0,1,0,0,1
20261004T181609Z-2ba1b2f7,hybrid_original-84c63c162d1740,hybrid_original-84c63c162d1740,synthetic,hybrid_original,syn-0004,gt-262edd0a775de9ecf09e,syn-0004-e26,html/syn-0004.html,syn-0004.html,run-none4,synthetic-shop.local,,https://synthetic-shop.local/product/pyrometer-04-26,matched_gt,Пирометр инфракрасный IR-900 — серия 2,3584,present,Пирометр инфракрасный IR-900 — серия 2,3584.0,1,1,1.0,0,1.0,0.0,0.0,0.0,0.0,,matched_gt; deterministic,1,0,0,1,0,0,1,0,0,True,True,True,True,True,1,0,0,1,0,0,1,0,0,1
20261004T181609Z-2ba1b2f7,hybrid_original-cb89134f32693f,hybrid_original-cb89134f32693f,synthetic,hybrid_original,syn-0004,gt-50be9b0813bf6930835c,syn-0004-e02,html/syn-0004.html,syn-0004.html,run-none4,synthetic-shop.local,,https://synthetic-shop.local/product/socket-tester-04-02,matched_gt,Тестер розеток и УЗО ST-8,1790,present,Тестер розеток и УЗО ST-8,1790.0,1,1,1.0,0,1.0,0.0,0.0,0.0,0.0,,matched_gt; deterministic,1,0,0,1,0,0,1,0,0,True,True,True,True,True,1,0,0,1,0,0,1,0,0,1
20261004T181609Z-2ba1b2f7,hybrid_original-4c24e1823ef97b,hybrid_original-4c24e1823ef97b,synthetic,hybrid_original,syn-0004,gt-f5692bc4be7c706d074a,syn-0004-e13,html/syn-0004.html,syn-0004.html,run-none4,synthetic-shop.local,,https://synthetic-shop.local/product/thermal-camera-04-13,matched_gt,Тепловизор строительный IR-256,44676,present,Тепловизор строительный IR-256,44676.0,1,1,1.0,0,1.0,0.0,0.0,0.0,0.0,,matched_gt; deterministic,1,0,0,1,0,0,1,0,0,True,True,True,True,True,1,0,0,1,0,0,1,0,0,1
20261004T181609Z-2ba1b2f7,hybrid_original-818b3bdfce1584,hybrid_original-818b3bdfce1584,synthetic,hybrid_original,syn-0004,gt-16a4db2f7fc4d4fd89e6,syn-0004-e08,html/syn-0004.html,syn-0004.html,run-none4,synthetic-shop.local,,https://synthetic-shop.local/product/wall-scanner-04-08,matched_gt,Детектор скрытой проводки WallScan 5,4686,present,Детектор скрытой проводки WallScan 5,4686.0,1,1,1.0,0,1.0,0.0,0.0,0.0,0.0,,matched_gt; deterministic,1,0,0,1,0,0,1,0,0,True,True,True,True,True,1,0,0,1,0,0,1,0,0,1
20261004T181609Z-2ba1b2f7,hybrid_original-12d6855c9095ee,hybrid_original-12d6855c9095ee,synthetic,hybrid_original,syn-0004,gt-72eaf38bc6945608a461,syn-0004-e19,html/syn-0004.html,syn-0004.html,run-none4,synthetic-shop.local,,https://synthetic-shop.local/product/wall-scanner-04-19,matched_gt,Детектор скрытой проводки WallScan 5 — серия 2,5014,present,Детектор скрытой проводки WallScan 5 — серия 2,5014.0,1,1,1.0,0,1.0,0.0,0.0,0.0,0.0,,matched_gt; deterministic,1,0,0,1,0,0,1,0,0,True,True,True,True,True,1,0,0,1,0,0,1,0,0,1
20261004T181609Z-2ba1b2f7,hybrid_original-e277eb51f85cc0,hybrid_original-e277eb51f85cc0,synthetic,hybrid_original,syn-0005,gt-3c3a18447464a037c561,syn-0005-e06,html/syn-0005.html,syn-0005.html,run-none5,synthetic-shop.local,,https://synthetic-shop.local/product/anemometer-05-06,matched_gt,Анемометр цифровой AM-30,5343,present,Анемометр цифровой AM-30,5343.0,1,1,1.0,0,1.0,0.0,0.0,0.0,0.0,,matched_gt; candidate_only,1,0,0,1,0,0,1,0,0,True,True,True,True,True,1,0,0,1,0,0,1,0,0,1
20261004T181609Z-2ba1b2f7,hybrid_original-8725459846978e,hybrid_original-8725459846978e,synthetic,hybrid_original,syn-0005,gt-9feffded54f82d9bbab9,syn-0005-e03,html/syn-0005.html,syn-0005.html,run-none5,synthetic-shop.local,,https://synthetic-shop.local/product/angle-meter-05-03,matched_gt,Угломер электронный AG-360,3844,present,Угломер электронный AG-360,3844.0,1,1,1.0,0,1.0,0.0,0.0,0.0,0.0,,matched_gt; candidate_only,1,0,0,1,0,0,1,0,0,True,True,True,True,True,1,0,0,1,0,0,1,0,0,1
20261004T181609Z-2ba1b2f7,hybrid_original-534b78431e14e4,hybrid_original-534b78431e14e4,synthetic,hybrid_original,syn-0005,gt-9ef1621fc0f565dc9bbe,syn-0005-e02,html/syn-0005.html,syn-0005.html,run-none5,synthetic-shop.local,,https://synthetic-shop.local/product/clamp-meter-05-02,matched_gt,Клещи токовые CM-600,6535,present,Клещи токовые CM-600,6535.0,1,1,1.0,0,1.0,0.0,0.0,0.0,0.0,,matched_gt; candidate_only,1,0,0,1,0,0,1,0,0,True,True,True,True,True,1,0,0,1,0,0,1,0,0,1
20261004T181609Z-2ba1b2f7,hybrid_original-f97bc1630d5a8a,hybrid_original-f97bc1630d5a8a,synthetic,hybrid_original,syn-0005,gt-366d5849313c6817c602,syn-0005-e04,html/syn-0005.html,syn-0005.html,run-none5,synthetic-shop.local,,https://synthetic-shop.local/product/laser-level-05-04,matched_gt,Лазерный уровень ЛУ-360 Pro,13263,present,Лазерный уровень ЛУ-360 Pro,13263.0,1,1,1.0,0,1.0,0.0,0.0,0.0,0.0,,matched_gt; candidate_only,1,0,0,1,0,0,1,0,0,True,True,True,True,True,1,0,0,1,0,0,1,0,0,1
20261004T181609Z-2ba1b2f7,hybrid_original-ea8765a706c62c,hybrid_original-ea8765a706c62c,synthetic,hybrid_original,syn-0005,gt-e75e5e7210259c78535b,syn-0005-e05,html/syn-0005.html,syn-0005.html,run-none5,synthetic-shop.local,,https://synthetic-shop.local/product/laser-rangefinder-05-05,matched_gt,Дальномер лазерный DM-80,6990,present,Дальномер лазерный DM-80,6990.0,1,1,1.0,0,1.0,0.0,0.0,0.0,0.0,,matched_gt; candidate_only,1,0,0,1,0,0,1,0,0,True,True,True,True,True,1,0,0,1,0,0,1,0,0,1
20261004T181609Z-2ba1b2f7,hybrid_original-03edafac76a118,,synthetic,hybrid_original,syn-0005,gt-692f049fb984af615774,syn-0005-e08,html/syn-0005.html,syn-0005.html,run-none5,synthetic-shop.local,,https://synthetic-shop.local/product/luxmeter-05-08,missing_prediction,Люксметр LX-1010,3222,present,,,0,0,,0,,,,,,missing_entity,missing_prediction,0,0,1,0,0,1,0,0,1,True,True,True,False,False,0,0,1,0,0,1,0,0,1,0
20261004T181609Z-2ba1b2f7,hybrid_original-7b29a41e22544c,hybrid_original-7b29a41e22544c,synthetic,hybrid_original,syn-0005,gt-8527231c17850f697666,syn-0005-e09,html/syn-0005.html,syn-0005.html,run-none5,synthetic-shop.local,,https://synthetic-shop.local/product/megohmmeter-05-09,matched_gt,Мегаомметр цифровой MI-1000,17712,present,Мегаомметр цифровой MI-1000,17712.0,1,1,1.0,0,1.0,0.0,0.0,0.0,0.0,,matched_gt; candidate_only,1,0,0,1,0,0,1,0,0,True,True,True,True,True,1,0,0,1,0,0,1,0,0,1
20261004T181609Z-2ba1b2f7,hybrid_original-d370fb8f1f0514,hybrid_original-d370fb8f1f0514,synthetic,hybrid_original,syn-0005,gt-3d39e0711ae8d2b30c4f,syn-0005-e01,html/syn-0005.html,syn-0005.html,run-none5,synthetic-shop.local,,https://synthetic-shop.local/product/moisture-meter-05-01,matched_gt,Влагомер древесины WM-2,3190,present,Влагомер древесины WM-2,3190.0,1,1,1.0,0,1.0,0.0,0.0,0.0,0.0,,matched_gt; candidate_only,1,0,0,1,0,0,1,0,0,True,True,True,True,True,1,0,0,1,0,0,1,0,0,1
20261004T181609Z-2ba1b2f7,hybrid_original-91e1d445162e6d,,synthetic,hybrid_original,syn-0005,gt-637891bc381fec7adf11,syn-0005-e10,html/syn-0005.html,syn-0005.html,run-none5,synthetic-shop.local,,https://synthetic-shop.local/product/multimeter-05-10,missing_prediction,Мультиметр цифровой M830 Pro,1916,present,,,0,0,,0,,,,,,missing_entity,missing_prediction,0,0,1,0,0,1,0,0,1,True,True,True,False,False,0,0,1,0,0,1,0,0,1,0
20261004T181609Z-2ba1b2f7,hybrid_original-242d9dc22eccdc,,synthetic,hybrid_original,syn-0005,gt-563cc31e0cc3ae07f0e0,syn-0005-e11,html/syn-0005.html,syn-0005.html,run-none5,synthetic-shop.local,,https://synthetic-shop.local/product/optical-level-05-11,missing_prediction,Нивелир оптический N-32,22135,present,,,0,0,,0,,,,,,missing_entity,missing_prediction,0,0,1,0,0,1,0,0,1,True,True,True,False,False,0,0,1,0,0,1,0,0,1,0
20261004T181609Z-2ba1b2f7,hybrid_original-22d5393d1b4272,,synthetic,hybrid_original,syn-0005,gt-7d26c9db306f937b694d,syn-0005-e12,html/syn-0005.html,syn-0005.html,run-none5,synthetic-shop.local,,https://synthetic-shop.local/product/pyrometer-05-12,missing_prediction,Пирометр инфракрасный IR-900,3725,present,,,0,0,,0,,,,,,missing_entity,missing_prediction,0,0,1,0,0,1,0,0,1,True,True,True,False,False,0,0,1,0,0,1,0,0,1,0
20261004T181609Z-2ba1b2f7,hybrid_original-ca28839a3ecea3,,synthetic,hybrid_original,syn-0005,gt-6f11d893fb6a551402e7,syn-0005-e14,html/syn-0005.html,syn-0005.html,run-none5,synthetic-shop.local,,https://synthetic-shop.local/product/socket-tester-05-14,missing_prediction,Тестер розеток и УЗО ST-8,2034,present,,,0,0,,0,,,,,,missing_entity,missing_prediction,0,0,1,0,0,1,0,0,1,True,True,True,False,False,0,0,1,0,0,1,0,0,1,0
20261004T181609Z-2ba1b2f7,hybrid_original-c4771fb21efa48,,synthetic,hybrid_original,syn-0005,gt-6f5c28e608646ff0591b,syn-0005-e13,html/syn-0005.html,syn-0005.html,run-none5,synthetic-shop.local,,https://synthetic-shop.local/product/thermal-camera-05-13,missing_prediction,Тепловизор строительный IR-256,47742,present,,,0,0,,0,,,,,,missing_entity,missing_prediction,0,0,1,0,0,1,0,0,1,True,True,True,False,False,0,0,1,0,0,1,0,0,1,0
20261004T181609Z-2ba1b2f7,hybrid_original-deafe49708a56b,hybrid_original-deafe49708a56b,synthetic,hybrid_original,syn-0005,gt-973ffb89c42497ddc66f,syn-0005-e07,html/syn-0005.html,syn-0005.html,run-none5,synthetic-shop.local,,https://synthetic-shop.local/product/wall-scanner-05-07,matched_gt,Детектор скрытой проводки WallScan 5,4873,present,Детектор скрытой проводки WallScan 5,4873.0,1,1,1.0,0,1.0,0.0,0.0,0.0,0.0,,matched_gt; candidate_only,1,0,0,1,0,0,1,0,0,True,True,True,True,True,1,0,0,1,0,0,1,0,0,1
20261004T181609Z-2ba1b2f7,hybrid_original-19e9b27a06038f,hybrid_original-19e9b27a06038f,synthetic,hybrid_original,syn-0006,gt-ad462f52578fd5be31f6,syn-0006-e06,html/syn-0006.html,syn-0006.html,run-none6,synthetic-shop.local,,https://synthetic-shop.local/product/anemometer-06-06,matched_gt,Анемометр цифровой AM-30,5713,present,Анемометр цифровой AM-30,5713.0,1,1,1.0,0,1.0,0.0,0.0,0.0,0.0,,matched_gt; candidate_only,1,0,0,1,0,0,1,0,0,True,True,True,True,True,1,0,0,1,0,0,1,0,0,1
20261004T181609Z-2ba1b2f7,hybrid_original-83e470499c287d,,synthetic,hybrid_original,syn-0006,gt-5a2e4532be5f7caa8c10,syn-0006-e16,html/syn-0006.html,syn-0006.html,run-none6,synthetic-shop.local,,https://synthetic-shop.local/product/anemometer-06-16,missing_prediction,Анемометр цифровой AM-30 — серия 2,5925,present,,,0,0,,0,,,,,,missing_entity,missing_prediction,0,0,1,0,0,1,0,0,1,True,True,True,False,False,0,0,1,0,0,1,0,0,1,0
20261004T181609Z-2ba1b2f7,hybrid_original-39ebc86949cbef,,synthetic,hybrid_original,syn-0006,gt-feb4456eb2a83ac80ff2,syn-0006-e15,html/syn-0006.html,syn-0006.html,run-none6,synthetic-shop.local,,https://synthetic-shop.local/product/angle-meter-06-15,missing_prediction,Угломер электронный AG-360,4190,present,,,0,0,,0,,,,,,missing_entity,missing_prediction,0,0,1,0,0,1,0,0,1,True,True,True,False,False,0,0,1,0,0,1,0,0,1,0
20261004T181609Z-2ba1b2f7,hybrid_original-29887f987aa6a6,,synthetic,hybrid_original,syn-0006,gt-82899d7c9e71ef70af95,syn-0006-e09,html/syn-0006.html,syn-0006.html,run-none6,synthetic-shop.local,,https://synthetic-shop.local/product/clamp-meter-06-09,missing_prediction,Клещи токовые CM-600,6890,present,,,0,0,,0,,,,,,missing_entity,missing_prediction,0,0,1,0,0,1,0,0,1,True,True,True,False,False,0,0,1,0,0,1,0,0,1,0
20261004T181609Z-2ba1b2f7,hybrid_original-cb7acda9937458,,synthetic,hybrid_original,syn-0006,gt-94c43e745be459a8957b,syn-0006-e20,html/syn-0006.html,syn-0006.html,run-none6,synthetic-shop.local,,https://synthetic-shop.local/product/clamp-meter-06-20,missing_prediction,Клещи токовые CM-600 — серия 2,7354,present,,,0,0,,0,,,,,,missing_entity,missing_prediction,0,0,1,0,0,1,0,0,1,True,True,True,False,False,0,0,1,0,0,1,0,0,1,0
20261004T181609Z-2ba1b2f7,hybrid_original-3810ba992398c7,,synthetic,hybrid_original,syn-0006,gt-c0de96314f4027813ff2,syn-0006-e14,html/syn-0006.html,syn-0006.html,run-none6,synthetic-shop.local,,https://synthetic-shop.local/product/coating-gauge-06-14,missing_prediction,Толщиномер покрытий CT-1200,9529,present,,,0,0,,0,,,,,,missing_entity,missing_prediction,0,0,1,0,0,1,0,0,1,True,True,True,False,False,0,0,1,0,0,1,0,0,1,0
20261004T181609Z-2ba1b2f7,hybrid_original-af037036ac4272,hybrid_original-af037036ac4272,synthetic,hybrid_original,syn-0006,gt-cf309e193a3528642ce6,syn-0006-e01,html/syn-0006.html,syn-0006.html,run-none6,synthetic-shop.local,,https://synthetic-shop.local/product/laser-level-06-01,matched_gt,Лазерный уровень ЛУ-360 Pro,13081,present,Лазерный уровень ЛУ-360 Pro,13081.0,1,1,1.0,0,1.0,0.0,0.0,0.0,0.0,,matched_gt; candidate_only,1,0,0,1,0,0,1,0,0,True,True,True,True,True,1,0,0,1,0,0,1,0,0,1
20261004T181609Z-2ba1b2f7,hybrid_original-21248796249f26,,synthetic,hybrid_original,syn-0006,gt-9fde91975eedd4434df4,syn-0006-e21,html/syn-0006.html,syn-0006.html,run-none6,synthetic-shop.local,,https://synthetic-shop.local/product/laser-level-06-21,missing_prediction,Лазерный уровень ЛУ-360 Pro — серия 2,13120,present,,,0,0,,0,,,,,,missing_entity,missing_prediction,0,0,1,0,0,1,0,0,1,True,True,True,False,False,0,0,1,0,0,1,0,0,1,0
20261004T181609Z-2ba1b2f7,hybrid_original-f6354d4c912099,hybrid_original-f6354d4c912099,synthetic,hybrid_original,syn-0006,gt-2a68fcdeefbf9469cf18,syn-0006-e02,html/syn-0006.html,syn-0006.html,run-none6,synthetic-shop.local,,https://synthetic-shop.local/product/laser-rangefinder-06-02,matched_gt,Дальномер лазерный DM-80,7088,present,Дальномер лазерный DM-80,7088.0,1,1,1.0,0,1.0,0.0,0.0,0.0,0.0,,matched_gt; candidate_only,1,0,0,1,0,0,1,0,0,True,True,True,True,True,1,0,0,1,0,0,1,0,0,1
20261004T181609Z-2ba1b2f7,hybrid_original-e14a63cd17fdad,,synthetic,hybrid_original,syn-0006,gt-767bfcfce26ef121c76d,syn-0006-e18,html/syn-0006.html,syn-0006.html,run-none6,synthetic-shop.local,,https://synthetic-shop.local/product/laser-rangefinder-06-18,missing_prediction,Дальномер лазерный DM-80 — серия 2,7391,present,,,0,0,,0,,,,,,missing_entity,missing_prediction,0,0,1,0,0,1,0,0,1,True,True,True,False,False,0,0,1,0,0,1,0,0,1,0
20261004T181609Z-2ba1b2f7,hybrid_original-45355d9c22c738,,synthetic,hybrid_original,syn-0006,gt-ca4d90d565b7129f9463,syn-0006-e10,html/syn-0006.html,syn-0006.html,run-none6,synthetic-shop.local,,https://synthetic-shop.local/product/luxmeter-06-10,missing_prediction,Люксметр LX-1010,3222,present,,,0,0,,0,,,,,,missing_entity,missing_prediction,0,0,1,0,0,1,0,0,1,True,True,True,False,False,0,0,1,0,0,1,0,0,1,0
20261004T181609Z-2ba1b2f7,hybrid_original-afe4e4cecb6d2d,,synthetic,hybrid_original,syn-0006,gt-5e5b8c86e02d333b46d2,syn-0006-e22,html/syn-0006.html,syn-0006.html,run-none6,synthetic-shop.local,,https://synthetic-shop.local/product/luxmeter-06-22,missing_prediction,Люксметр LX-1010 — серия 2,3131,present,,,0,0,,0,,,,,,missing_entity,missing_prediction,0,0,1,0,0,1,0,0,1,True,True,True,False,False,0,0,1,0,0,1,0,0,1,0
20261004T181609Z-2ba1b2f7,hybrid_original-38906dcd434e8c,,synthetic,hybrid_original,syn-0006,gt-3ab51695c3adcde33b5a,syn-0006-e11,html/syn-0006.html,syn-0006.html,run-none6,synthetic-shop.local,,https://synthetic-shop.local/product/megohmmeter-06-11,missing_prediction,Мегаомметр цифровой MI-1000,17712,present,,,0,0,,0,,,,,,missing_entity,missing_prediction,0,0,1,0,0,1,0,0,1,True,True,True,False,False,0,0,1,0,0,1,0,0,1,0
20261004T181609Z-2ba1b2f7,hybrid_original-42185e1d0b8dbd,,synthetic,hybrid_original,syn-0006,gt-257313f2c2b563727410,syn-0006-e23,html/syn-0006.html,syn-0006.html,run-none6,synthetic-shop.local,,https://synthetic-shop.local/product/megohmmeter-06-23,missing_prediction,Мегаомметр цифровой MI-1000 — серия 2,17229,present,,,0,0,,0,,,,,,missing_entity,missing_prediction,0,0,1,0,0,1,0,0,1,True,True,True,False,False,0,0,1,0,0,1,0,0,1,0
20261004T181609Z-2ba1b2f7,hybrid_original-1875e332c19b90,hybrid_original-1875e332c19b90,synthetic,hybrid_original,syn-0006,gt-92092586c704c9c338fd,syn-0006-e07,html/syn-0006.html,syn-0006.html,run-none6,synthetic-shop.local,,https://synthetic-shop.local/product/moisture-meter-06-07,matched_gt,Влагомер древесины WM-2,3590,present,Влагомер древесины WM-2,3590.0,1,1,1.0,0,1.0,0.0,0.0,0.0,0.0,,matched_gt; candidate_only,1,0,0,1,0,0,1,0,0,True,True,True,True,True,1,0,0,1,0,0,1,0,0,1
20261004T181609Z-2ba1b2f7,hybrid_original-c6ce061c7726ef,,synthetic,hybrid_original,syn-0006,gt-6b445de34f645078f43b,syn-0006-e17,html/syn-0006.html,syn-0006.html,run-none6,synthetic-shop.local,,https://synthetic-shop.local/product/moisture-meter-06-17,missing_prediction,Влагомер древесины WM-2 — серия 2,3299,present,,,0,0,,0,,,,,,missing_entity,missing_prediction,0,0,1,0,0,1,0,0,1,True,True,True,False,False,0,0,1,0,0,1,0,0,1,0
20261004T181609Z-2ba1b2f7,hybrid_original-dcd9c82d55d2aa,hybrid_original-dcd9c82d55d2aa,synthetic,hybrid_original,syn-0006,gt-cd9c1707608e0ed54ecd,syn-0006-e03,html/syn-0006.html,syn-0006.html,run-none6,synthetic-shop.local,,https://synthetic-shop.local/product/multimeter-06-03,matched_gt,Мультиметр цифровой M830 Pro,1929,present,Мультиметр цифровой M830 Pro,1929.0,1,1,1.0,0,1.0,0.0,0.0,0.0,0.0,,matched_gt; candidate_only,1,0,0,1,0,0,1,0,0,True,True,True,True,True,1,0,0,1,0,0,1,0,0,1
20261004T181609Z-2ba1b2f7,hybrid_original-93a1650f0e9ec3,,synthetic,hybrid_original,syn-0006,gt-98e2611c0802f38972b8,syn-0006-e24,html/syn-0006.html,syn-0006.html,run-none6,synthetic-shop.local,,https://synthetic-shop.local/product/multimeter-06-24,missing_prediction,Мультиметр цифровой M830 Pro — серия 2,2108,present,,,0,0,,0,,,,,,missing_entity,missing_prediction,0,0,1,0,0,1,0,0,1,True,True,True,False,False,0,0,1,0,0,1,0,0,1,0
20261004T181609Z-2ba1b2f7,hybrid_original-4848cb2969b645,hybrid_original-4848cb2969b645,synthetic,hybrid_original,syn-0006,gt-dd965fd8c7ef6475a705,syn-0006-e05,html/syn-0006.html,syn-0006.html,run-none6,synthetic-shop.local,,https://synthetic-shop.local/product/optical-level-06-05,matched_gt,Нивелир оптический N-32,21640,present,Нивелир оптический N-32,21640.0,1,1,1.0,0,1.0,0.0,0.0,0.0,0.0,,matched_gt; candidate_only,1,0,0,1,0,0,1,0,0,True,True,True,True,True,1,0,0,1,0,0,1,0,0,1
20261004T181609Z-2ba1b2f7,hybrid_original-af7315ec43fb9e,,synthetic,hybrid_original,syn-0006,gt-ad5830f99b12388656ba,syn-0006-e25,html/syn-0006.html,syn-0006.html,run-none6,synthetic-shop.local,,https://synthetic-shop.local/product/optical-level-06-25,missing_prediction,Нивелир оптический N-32 — серия 2,21490,present,,,0,0,,0,,,,,,missing_entity,missing_prediction,0,0,1,0,0,1,0,0,1,True,True,True,False,False,0,0,1,0,0,1,0,0,1,0
20261004T181609Z-2ba1b2f7,hybrid_original-9b0cafa7e25d6b,,synthetic,hybrid_original,syn-0006,gt-274afe4e1fafe4c898b2,syn-0006-e12,html/syn-0006.html,syn-0006.html,run-none6,synthetic-shop.local,,https://synthetic-shop.local/product/pyrometer-06-12,missing_prediction,Пирометр инфракрасный IR-900,3514,present,,,0,0,,0,,,,,,missing_entity,missing_prediction,0,0,1,0,0,1,0,0,1,True,True,True,False,False,0,0,1,0,0,1,0,0,1,0
20261004T181609Z-2ba1b2f7,hybrid_original-a7ecbf36e5f22e,,synthetic,hybrid_original,syn-0006,gt-fd402c6c501b126a76f5,syn-0006-e26,html/syn-0006.html,syn-0006.html,run-none6,synthetic-shop.local,,https://synthetic-shop.local/product/pyrometer-06-26,missing_prediction,Пирометр инфракрасный IR-900 — серия 2,3619,present,,,0,0,,0,,,,,,missing_entity,missing_prediction,0,0,1,0,0,1,0,0,1,True,True,True,False,False,0,0,1,0,0,1,0,0,1,0
20261004T181609Z-2ba1b2f7,hybrid_original-c3e7961335ed98,,synthetic,hybrid_original,syn-0006,gt-e6ca59f2e7841eaada61,syn-0006-e13,html/syn-0006.html,syn-0006.html,run-none6,synthetic-shop.local,,https://synthetic-shop.local/product/socket-tester-06-13,missing_prediction,Тестер розеток и УЗО ST-8,1870,present,,,0,0,,0,,,,,,missing_entity,missing_prediction,0,0,1,0,0,1,0,0,1,True,True,True,False,False,0,0,1,0,0,1,0,0,1,0
20261004T181609Z-2ba1b2f7,hybrid_original-baa8355924b1e8,,synthetic,hybrid_original,syn-0006,gt-b43fe2ec01934f8a74cd,syn-0006-e28,html/syn-0006.html,syn-0006.html,run-none6,synthetic-shop.local,,https://synthetic-shop.local/product/socket-tester-06-28,missing_prediction,Тестер розеток и УЗО ST-8 — серия 2,1979,present,,,0,0,,0,,,,,,missing_entity,missing_prediction,0,0,1,0,0,1,0,0,1,True,True,True,False,False,0,0,1,0,0,1,0,0,1,0
20261004T181609Z-2ba1b2f7,hybrid_original-50445fa02f608c,hybrid_original-50445fa02f608c,synthetic,hybrid_original,syn-0006,gt-e4fcbd7b03a868db3919,syn-0006-e04,html/syn-0006.html,syn-0006.html,run-none6,synthetic-shop.local,,https://synthetic-shop.local/product/thermal-camera-06-04,matched_gt,Тепловизор строительный IR-256,42900,present,Тепловизор строительный IR-256,42900.0,1,1,1.0,0,1.0,0.0,0.0,0.0,0.0,,matched_gt; candidate_only,1,0,0,1,0,0,1,0,0,True,True,True,True,True,1,0,0,1,0,0,1,0,0,1
20261004T181609Z-2ba1b2f7,hybrid_original-b7f772ca735fd0,,synthetic,hybrid_original,syn-0006,gt-6412558454268978833e,syn-0006-e27,html/syn-0006.html,syn-0006.html,run-none6,synthetic-shop.local,,https://synthetic-shop.local/product/thermal-camera-06-27,missing_prediction,Тепловизор строительный IR-256 — серия 2,46428,present,,,0,0,,0,,,,,,missing_entity,missing_prediction,0,0,1,0,0,1,0,0,1,True,True,True,False,False,0,0,1,0,0,1,0,0,1,0
20261004T181609Z-2ba1b2f7,hybrid_original-fb78fe64b7d1d4,hybrid_original-fb78fe64b7d1d4,synthetic,hybrid_original,syn-0006,gt-e7eb1fb9c767ce9310c7,syn-0006-e08,html/syn-0006.html,syn-0006.html,run-none6,synthetic-shop.local,,https://synthetic-shop.local/product/wall-scanner-06-08,matched_gt,Детектор скрытой проводки WallScan 5,4733,present,Детектор скрытой проводки WallScan 5,4733.0,1,1,1.0,0,1.0,0.0,0.0,0.0,0.0,,matched_gt; candidate_only,1,0,0,1,0,0,1,0,0,True,True,True,True,True,1,0,0,1,0,0,1,0,0,1
20261004T181609Z-2ba1b2f7,hybrid_original-5e92fcf3767f9d,,synthetic,hybrid_original,syn-0006,gt-e9a4ec8a39f72ac2ba93,syn-0006-e19,html/syn-0006.html,syn-0006.html,run-none6,synthetic-shop.local,,https://synthetic-shop.local/product/wall-scanner-06-19,missing_prediction,Детектор скрытой проводки WallScan 5 — серия 2,5061,present,,,0,0,,0,,,,,,missing_entity,missing_prediction,0,0,1,0,0,1,0,0,1,True,True,True,False,False,0,0,1,0,0,1,0,0,1,0
20261004T181609Z-2ba1b2f7,hybrid_original-78780f71ed2dfa,hybrid_original-78780f71ed2dfa,synthetic,hybrid_original,syn-0007,gt-6ddb68a0752bfd91e21d,syn-0007-e04,html/syn-0007.html,syn-0007.html,run-none7,synthetic-shop.local,,https://synthetic-shop.local/product/anemometer-07-04,matched_gt,Анемометр цифровой AM-30,5327,present,Анемометр цифровой AM-30,5327.0,1,1,1.0,0,1.0,0.0,0.0,0.0,0.0,,matched_gt; deterministic,1,0,0,1,0,0,1,0,0,True,True,True,True,True,1,0,0,1,0,0,1,0,0,1
20261004T181609Z-2ba1b2f7,hybrid_original-6610e424466ec2,hybrid_original-6610e424466ec2,synthetic,hybrid_original,syn-0007,gt-c248f5209c830804618e,syn-0007-e16,html/syn-0007.html,syn-0007.html,run-none7,synthetic-shop.local,,https://synthetic-shop.local/product/anemometer-07-16,matched_gt,Анемометр цифровой AM-30 — серия 2,5607,present,Анемометр цифровой AM-30 — серия 2,5607.0,1,1,1.0,0,1.0,0.0,0.0,0.0,0.0,,matched_gt; deterministic,1,0,0,1,0,0,1,0,0,True,True,True,True,True,1,0,0,1,0,0,1,0,0,1
20261004T181609Z-2ba1b2f7,hybrid_original-4f27579ed70ff6,hybrid_original-4f27579ed70ff6,synthetic,hybrid_original,syn-0007,gt-9e5d05fc2be5fe9f0706,syn-0007-e15,html/syn-0007.html,syn-0007.html,run-none7,synthetic-shop.local,,https://synthetic-shop.local/product/angle-meter-07-15,matched_gt,Угломер электронный AG-360,3959,present,Угломер электронный AG-360,3959.0,1,1,1.0,0,1.0,0.0,0.0,0.0,0.0,,matched_gt; deterministic,1,0,0,1,0,0,1,0,0,True,True,True,True,True,1,0,0,1,0,0,1,0,0,1
20261004T181609Z-2ba1b2f7,hybrid_original-27d3c96d2e795b,hybrid_original-27d3c96d2e795b,synthetic,hybrid_original,syn-0007,gt-1a13d4bc3fc2de595f6a,syn-0007-e08,html/syn-0007.html,syn-0007.html,run-none7,synthetic-shop.local,,https://synthetic-shop.local/product/clamp-meter-07-08,matched_gt,Клещи токовые CM-600,7155,present,Клещи токовые CM-600,7155.0,1,1,1.0,0,1.0,0.0,0.0,0.0,0.0,,matched_gt; deterministic,1,0,0,1,0,0,1,0,0,True,True,True,True,True,1,0,0,1,0,0,1,0,0,1
20261004T181609Z-2ba1b2f7,hybrid_original-24a1233cd73174,hybrid_original-24a1233cd73174,synthetic,hybrid_original,syn-0007,gt-c3c8ce5e7af4c261729c,syn-0007-e14,html/syn-0007.html,syn-0007.html,run-none7,synthetic-shop.local,,https://synthetic-shop.local/product/coating-gauge-07-14,matched_gt,Толщиномер покрытий CT-1200,8990,present,Толщиномер покрытий CT-1200,8990.0,1,1,1.0,0,1.0,0.0,0.0,0.0,0.0,,matched_gt; deterministic,1,0,0,1,0,0,1,0,0,True,True,True,True,True,1,0,0,1,0,0,1,0,0,1
20261004T181609Z-2ba1b2f7,hybrid_original-ba9f30223e4c99,hybrid_original-ba9f30223e4c99,synthetic,hybrid_original,syn-0007,gt-504b5d53f17385f51e22,syn-0007-e09,html/syn-0007.html,syn-0007.html,run-none7,synthetic-shop.local,,https://synthetic-shop.local/product/laser-level-07-09,matched_gt,Лазерный уровень ЛУ-360 Pro,14419,present,Лазерный уровень ЛУ-360 Pro,14419.0,1,1,1.0,0,1.0,0.0,0.0,0.0,0.0,,matched_gt; deterministic,1,0,0,1,0,0,1,0,0,True,True,True,True,True,1,0,0,1,0,0,1,0,0,1
20261004T181609Z-2ba1b2f7,hybrid_original-2caa5d1303b63a,hybrid_original-2caa5d1303b63a,synthetic,hybrid_original,syn-0007,gt-7c748769944939cd7e5c,syn-0007-e07,html/syn-0007.html,syn-0007.html,run-none7,synthetic-shop.local,,https://synthetic-shop.local/product/laser-rangefinder-07-07,matched_gt,Дальномер лазерный DM-80,7391,present,Дальномер лазерный DM-80,7391.0,1,1,1.0,0,1.0,0.0,0.0,0.0,0.0,,matched_gt; deterministic,1,0,0,1,0,0,1,0,0,True,True,True,True,True,1,0,0,1,0,0,1,0,0,1
20261004T181609Z-2ba1b2f7,hybrid_original-f1d96e14e0398c,hybrid_original-f1d96e14e0398c,synthetic,hybrid_original,syn-0007,gt-19428174e8dbb2eb557f,syn-0007-e18,html/syn-0007.html,syn-0007.html,run-none7,synthetic-shop.local,,https://synthetic-shop.local/product/laser-rangefinder-07-18,matched_gt,Дальномер лазерный DM-80 — серия 2,7884,present,Дальномер лазерный DM-80 — серия 2,7884.0,1,1,1.0,0,1.0,0.0,0.0,0.0,0.0,,matched_gt; deterministic,1,0,0,1,0,0,1,0,0,True,True,True,True,True,1,0,0,1,0,0,1,0,0,1
20261004T181609Z-2ba1b2f7,hybrid_original-e38e5372d95d4d,hybrid_original-e38e5372d95d4d,synthetic,hybrid_original,syn-0007,gt-4e92b2875ef480ee15b9,syn-0007-e10,html/syn-0007.html,syn-0007.html,run-none7,synthetic-shop.local,,https://synthetic-shop.local/product/luxmeter-07-10,matched_gt,Люксметр LX-1010,3041,present,Люксметр LX-1010,3041.0,1,1,1.0,0,1.0,0.0,0.0,0.0,0.0,,matched_gt; deterministic,1,0,0,1,0,0,1,0,0,True,True,True,True,True,1,0,0,1,0,0,1,0,0,1
20261004T181609Z-2ba1b2f7,hybrid_original-2cd519982e7d1c,hybrid_original-2cd519982e7d1c,synthetic,hybrid_original,syn-0007,gt-cacbf228d1bd86419150,syn-0007-e11,html/syn-0007.html,syn-0007.html,run-none7,synthetic-shop.local,,https://synthetic-shop.local/product/megohmmeter-07-11,matched_gt,Мегаомметр цифровой MI-1000,16746,present,Мегаомметр цифровой MI-1000,16746.0,1,1,1.0,0,1.0,0.0,0.0,0.0,0.0,,matched_gt; deterministic,1,0,0,1,0,0,1,0,0,True,True,True,True,True,1,0,0,1,0,0,1,0,0,1
20261004T181609Z-2ba1b2f7,hybrid_original-4229165ccba769,hybrid_original-4229165ccba769,synthetic,hybrid_original,syn-0007,gt-a3447cbac72177ece8a6,syn-0007-e06,html/syn-0007.html,syn-0007.html,run-none7,synthetic-shop.local,,https://synthetic-shop.local/product/moisture-meter-07-06,matched_gt,Влагомер древесины WM-2,3299,present,Влагомер древесины WM-2,3299.0,1,1,1.0,0,1.0,0.0,0.0,0.0,0.0,,matched_gt; deterministic,1,0,0,1,0,0,1,0,0,True,True,True,True,True,1,0,0,1,0,0,1,0,0,1
20261004T181609Z-2ba1b2f7,hybrid_original-e8f334502d98d4,hybrid_original-e8f334502d98d4,synthetic,hybrid_original,syn-0007,gt-e7cbf8750c4f4f2bf096,syn-0007-e17,html/syn-0007.html,syn-0007.html,run-none7,synthetic-shop.local,,https://synthetic-shop.local/product/moisture-meter-07-17,matched_gt,Влагомер древесины WM-2 — серия 2,3525,present,Влагомер древесины WM-2 — серия 2,3525.0,1,1,1.0,0,1.0,0.0,0.0,0.0,0.0,,matched_gt; deterministic,1,0,0,1,0,0,1,0,0,True,True,True,True,True,1,0,0,1,0,0,1,0,0,1
20261004T181609Z-2ba1b2f7,hybrid_original-3e63683a1aaf67,hybrid_original-3e63683a1aaf67,synthetic,hybrid_original,syn-0007,gt-a0c21979d1f167c2e04a,syn-0007-e12,html/syn-0007.html,syn-0007.html,run-none7,synthetic-shop.local,,https://synthetic-shop.local/product/multimeter-07-12,matched_gt,Мультиметр цифровой M830 Pro,2050,present,Мультиметр цифровой M830 Pro,2050.0,1,1,1.0,0,1.0,0.0,0.0,0.0,0.0,,matched_gt; deterministic,1,0,0,1,0,0,1,0,0,True,True,True,True,True,1,0,0,1,0,0,1,0,0,1
20261004T181609Z-2ba1b2f7,hybrid_original-651150774cd2c8,hybrid_original-651150774cd2c8,synthetic,hybrid_original,syn-0007,gt-6eaca0fcd066eea3926a,syn-0007-e02,html/syn-0007.html,syn-0007.html,run-none7,synthetic-shop.local,,https://synthetic-shop.local/product/optical-level-07-02,matched_gt,Нивелир оптический N-32,21940,present,Нивелир оптический N-32,21940.0,1,1,1.0,0,1.0,0.0,0.0,0.0,0.0,,matched_gt; deterministic,1,0,0,1,0,0,1,0,0,True,True,True,True,True,1,0,0,1,0,0,1,0,0,1
20261004T181609Z-2ba1b2f7,hybrid_original-4e57d4bf800184,hybrid_original-4e57d4bf800184,synthetic,hybrid_original,syn-0007,gt-41b21952426b0be5fa6d,syn-0007-e05,html/syn-0007.html,syn-0007.html,run-none7,synthetic-shop.local,,https://synthetic-shop.local/product/pyrometer-07-05,matched_gt,Пирометр инфракрасный IR-900,3538,present,Пирометр инфракрасный IR-900,3538.0,1,1,1.0,0,1.0,0.0,0.0,0.0,0.0,,matched_gt; deterministic,1,0,0,1,0,0,1,0,0,True,True,True,True,True,1,0,0,1,0,0,1,0,0,1
20261004T181609Z-2ba1b2f7,hybrid_original-187a29ab656137,hybrid_original-187a29ab656137,synthetic,hybrid_original,syn-0007,gt-97a69308209b0685b194,syn-0007-e13,html/syn-0007.html,syn-0007.html,run-none7,synthetic-shop.local,,https://synthetic-shop.local/product/socket-tester-07-13,matched_gt,Тестер розеток и УЗО ST-8,1998,present,Тестер розеток и УЗО ST-8,1998.0,1,1,1.0,0,1.0,0.0,0.0,0.0,0.0,,matched_gt; deterministic,1,0,0,1,0,0,1,0,0,True,True,True,True,True,1,0,0,1,0,0,1,0,0,1
20261004T181609Z-2ba1b2f7,hybrid_original-9667b573e15afa,hybrid_original-9667b573e15afa,synthetic,hybrid_original,syn-0007,gt-4a48f9732c83c1100e64,syn-0007-e01,html/syn-0007.html,syn-0007.html,run-none7,synthetic-shop.local,,https://synthetic-shop.local/product/thermal-camera-07-01,matched_gt,Тепловизор строительный IR-256,43500,present,Тепловизор строительный IR-256,43500.0,1,1,1.0,0,1.0,0.0,0.0,0.0,0.0,,matched_gt; deterministic,1,0,0,1,0,0,1,0,0,True,True,True,True,True,1,0,0,1,0,0,1,0,0,1
20261004T181609Z-2ba1b2f7,hybrid_original-f51979c1968ba4,hybrid_original-f51979c1968ba4,synthetic,hybrid_original,syn-0007,gt-ce86ef7d2b7602757c1f,syn-0007-e03,html/syn-0007.html,syn-0007.html,run-none7,synthetic-shop.local,,https://synthetic-shop.local/product/wall-scanner-07-03,matched_gt,Детектор скрытой проводки WallScan 5,4590,present,Детектор скрытой проводки WallScan 5,4590.0,1,1,1.0,0,1.0,0.0,0.0,0.0,0.0,,matched_gt; deterministic,1,0,0,1,0,0,1,0,0,True,True,True,True,True,1,0,0,1,0,0,1,0,0,1
20261004T181609Z-2ba1b2f7,hybrid_original-26f88e5d770c2c,hybrid_original-26f88e5d770c2c,synthetic,hybrid_original,syn-0008,gt-75fb4fd43a051e891511,syn-0008-e01,html/syn-0008.html,syn-0008.html,run-none8,synthetic-shop.local,,https://synthetic-shop.local/product/anemometer-08-01,matched_gt,Анемометр цифровой AM-30,5401,present,Анемометр цифровой AM-30,5401.0,1,1,1.0,0,1.0,0.0,0.0,0.0,0.0,,matched_gt; candidate_only,1,0,0,1,0,0,1,0,0,True,True,True,True,True,1,0,0,1,0,0,1,0,0,1
20261004T181609Z-2ba1b2f7,hybrid_original-18681fa9d9eb5a,,synthetic,hybrid_original,syn-0008,gt-98f7cc7f80514ed7653c,syn-0008-e16,html/syn-0008.html,syn-0008.html,run-none8,synthetic-shop.local,,https://synthetic-shop.local/product/anemometer-08-16,missing_prediction,Анемометр цифровой AM-30 — серия 2,5290,present,,,0,0,,0,,,,,,missing_entity,missing_prediction,0,0,1,0,0,1,0,0,1,True,True,True,False,False,0,0,1,0,0,1,0,0,1,0
20261004T181609Z-2ba1b2f7,hybrid_original-3d239291f80245,,synthetic,hybrid_original,syn-0008,gt-31203d8fc7d382b92c40,syn-0008-e15,html/syn-0008.html,syn-0008.html,run-none8,synthetic-shop.local,,https://synthetic-shop.local/product/angle-meter-08-15,missing_prediction,Угломер электронный AG-360,4228,present,,,0,0,,0,,,,,,missing_entity,missing_prediction,0,0,1,0,0,1,0,0,1,True,True,True,False,False,0,0,1,0,0,1,0,0,1,0
20261004T181609Z-2ba1b2f7,hybrid_original-e54a7f6fbf1e85,,synthetic,hybrid_original,syn-0008,gt-2906912c7b5cfb5367c0,syn-0008-e09,html/syn-0008.html,syn-0008.html,run-none8,synthetic-shop.local,,https://synthetic-shop.local/product/clamp-meter-08-09,missing_prediction,Клещи токовые CM-600,6956,present,,,0,0,,0,,,,,,missing_entity,missing_prediction,0,0,1,0,0,1,0,0,1,True,True,True,False,False,0,0,1,0,0,1,0,0,1,0
20261004T181609Z-2ba1b2f7,hybrid_original-7794e38e3d0f2e,,synthetic,hybrid_original,syn-0008,gt-d4b9136203687e76cb1b,syn-0008-e20,html/syn-0008.html,syn-0008.html,run-none8,synthetic-shop.local,,https://synthetic-shop.local/product/clamp-meter-08-20,missing_prediction,Клещи токовые CM-600 — серия 2,7420,present,,,0,0,,0,,,,,,missing_entity,missing_prediction,0,0,1,0,0,1,0,0,1,True,True,True,False,False,0,0,1,0,0,1,0,0,1,0
20261004T181609Z-2ba1b2f7,hybrid_original-312b8dbaf7f4bc,hybrid_original-312b8dbaf7f4bc,synthetic,hybrid_original,syn-0008,gt-19e84c8d47089602ac45,syn-0008-e03,html/syn-0008.html,syn-0008.html,run-none8,synthetic-shop.local,,https://synthetic-shop.local/product/coating-gauge-08-03,matched_gt,Толщиномер покрытий CT-1200,9053,present,Толщиномер покрытий CT-1200,9053.0,1,1,1.0,0,1.0,0.0,0.0,0.0,0.0,,matched_gt; candidate_only,1,0,0,1,0,0,1,0,0,True,True,True,True,True,1,0,0,1,0,0,1,0,0,1
20261004T181609Z-2ba1b2f7,hybrid_original-7c4f7bed8b63bd,,synthetic,hybrid_original,syn-0008,gt-4bfcd29c35aec25a31ab,syn-0008-e10,html/syn-0008.html,syn-0008.html,run-none8,synthetic-shop.local,,https://synthetic-shop.local/product/laser-level-08-10,missing_prediction,Лазерный уровень ЛУ-360 Pro,14029,present,,,0,0,,0,,,,,,missing_entity,missing_prediction,0,0,1,0,0,1,0,0,1,True,True,True,False,False,0,0,1,0,0,1,0,0,1,0
20261004T181609Z-2ba1b2f7,hybrid_original-64498f1eae51f3,,synthetic,hybrid_original,syn-0008,gt-deb550fbfbe0aa55aefa,syn-0008-e21,html/syn-0008.html,syn-0008.html,run-none8,synthetic-shop.local,,https://synthetic-shop.local/product/laser-level-08-21,missing_prediction,Лазерный уровень ЛУ-360 Pro — серия 2,13250,present,,,0,0,,0,,,,,,missing_entity,missing_prediction,0,0,1,0,0,1,0,0,1,True,True,True,False,False,0,0,1,0,0,1,0,0,1,0
20261004T181609Z-2ba1b2f7,hybrid_original-265ece205b65c0,hybrid_original-265ece205b65c0,synthetic,hybrid_original,syn-0008,gt-db1c43085ab8d7b26933,syn-0008-e07,html/syn-0008.html,syn-0008.html,run-none8,synthetic-shop.local,,https://synthetic-shop.local/product/laser-rangefinder-08-07,matched_gt,Дальномер лазерный DM-80,7884,present,Дальномер лазерный DM-80,7884.0,1,1,1.0,0,1.0,0.0,0.0,0.0,0.0,,matched_gt; candidate_only,1,0,0,1,0,0,1,0,0,True,True,True,True,True,1,0,0,1,0,0,1,0,0,1
20261004T181609Z-2ba1b2f7,hybrid_original-3e46c997b56331,,synthetic,hybrid_original,syn-0008,gt-b715f931a08214e5948b,syn-0008-e18,html/syn-0008.html,syn-0008.html,run-none8,synthetic-shop.local,,https://synthetic-shop.local/product/laser-rangefinder-08-18,missing_prediction,Дальномер лазерный DM-80 — серия 2,7461,present,,,0,0,,0,,,,,,missing_entity,missing_prediction,0,0,1,0,0,1,0,0,1,True,True,True,False,False,0,0,1,0,0,1,0,0,1,0
20261004T181609Z-2ba1b2f7,hybrid_original-ade8f346fcfa80,,synthetic,hybrid_original,syn-0008,gt-7ac2e1ffe92b786ea932,syn-0008-e11,html/syn-0008.html,syn-0008.html,run-none8,synthetic-shop.local,,https://synthetic-shop.local/product/luxmeter-08-11,missing_prediction,Люксметр LX-1010,3342,present,,,0,0,,0,,,,,,missing_entity,missing_prediction,0,0,1,0,0,1,0,0,1,True,True,True,False,False,0,0,1,0,0,1,0,0,1,0
20261004T181609Z-2ba1b2f7,hybrid_original-ebf6570470a6a6,,synthetic,hybrid_original,syn-0008,gt-a62d9b2b33c56142cd28,syn-0008-e22,html/syn-0008.html,syn-0008.html,run-none8,synthetic-shop.local,,https://synthetic-shop.local/product/luxmeter-08-22,missing_prediction,Люксметр LX-1010 — серия 2,3162,present,,,0,0,,0,,,,,,missing_entity,missing_prediction,0,0,1,0,0,1,0,0,1,True,True,True,False,False,0,0,1,0,0,1,0,0,1,0
20261004T181609Z-2ba1b2f7,hybrid_original-761fbb7d597144,hybrid_original-761fbb7d597144,synthetic,hybrid_original,syn-0008,gt-8ee380a2f1c9410d1299,syn-0008-e04,html/syn-0008.html,syn-0008.html,run-none8,synthetic-shop.local,,https://synthetic-shop.local/product/megohmmeter-08-04,matched_gt,Мегаомметр цифровой MI-1000,16214,present,Мегаомметр цифровой MI-1000,16214.0,1,1,1.0,0,1.0,0.0,0.0,0.0,0.0,,matched_gt; candidate_only,1,0,0,1,0,0,1,0,0,True,True,True,True,True,1,0,0,1,0,0,1,0,0,1
20261004T181609Z-2ba1b2f7,hybrid_original-97f62d70b47d55,,synthetic,hybrid_original,syn-0008,gt-7b94144c37f31e5825b0,syn-0008-e23,html/syn-0008.html,syn-0008.html,run-none8,synthetic-shop.local,,https://synthetic-shop.local/product/megohmmeter-08-23,missing_prediction,Мегаомметр цифровой MI-1000 — серия 2,17390,present,,,0,0,,0,,,,,,missing_entity,missing_prediction,0,0,1,0,0,1,0,0,1,True,True,True,False,False,0,0,1,0,0,1,0,0,1,0
20261004T181609Z-2ba1b2f7,hybrid_original-c6ba5c3aad429a,hybrid_original-c6ba5c3aad429a,synthetic,hybrid_original,syn-0008,gt-b2f49fc19d35557d022f,syn-0008-e06,html/syn-0008.html,syn-0008.html,run-none8,synthetic-shop.local,,https://synthetic-shop.local/product/moisture-meter-08-06,matched_gt,Влагомер древесины WM-2,3525,present,Влагомер древесины WM-2,3525.0,1,1,1.0,0,1.0,0.0,0.0,0.0,0.0,,matched_gt; candidate_only,1,0,0,1,0,0,1,0,0,True,True,True,True,True,1,0,0,1,0,0,1,0,0,1
20261004T181609Z-2ba1b2f7,hybrid_original-b632221698cfa0,,synthetic,hybrid_original,syn-0008,gt-ba68d27d8bf7d0458a29,syn-0008-e17,html/syn-0008.html,syn-0008.html,run-none8,synthetic-shop.local,,https://synthetic-shop.local/product/moisture-meter-08-17,missing_prediction,Влагомер древесины WM-2 — серия 2,3331,present,,,0,0,,0,,,,,,missing_entity,missing_prediction,0,0,1,0,0,1,0,0,1,True,True,True,False,False,0,0,1,0,0,1,0,0,1,0
20261004T181609Z-2ba1b2f7,hybrid_original-49951cfc6c1979,,synthetic,hybrid_original,syn-0008,gt-e4ee61d53a57a0ae91ca,syn-0008-e12,html/syn-0008.html,syn-0008.html,run-none8,synthetic-shop.local,,https://synthetic-shop.local/product/multimeter-08-12,missing_prediction,Мультиметр цифровой M830 Pro,1935,present,,,0,0,,0,,,,,,missing_entity,missing_prediction,0,0,1,0,0,1,0,0,1,True,True,True,False,False,0,0,1,0,0,1,0,0,1,0
20261004T181609Z-2ba1b2f7,hybrid_original-198d6ffeffad81,,synthetic,hybrid_original,syn-0008,gt-546d6e9b16c5f961deff,syn-0008-e24,html/syn-0008.html,syn-0008.html,run-none8,synthetic-shop.local,,https://synthetic-shop.local/product/multimeter-08-24,missing_prediction,Мультиметр цифровой M830 Pro — серия 2,2127,present,,,0,0,,0,,,,,,missing_entity,missing_prediction,0,0,1,0,0,1,0,0,1,True,True,True,False,False,0,0,1,0,0,1,0,0,1,0
20261004T181609Z-2ba1b2f7,hybrid_original-fdae7ab5c80ccf,,synthetic,hybrid_original,syn-0008,gt-002294d0aed9cd061149,syn-0008-e13,html/syn-0008.html,syn-0008.html,run-none8,synthetic-shop.local,,https://synthetic-shop.local/product/optical-level-08-13,missing_prediction,Нивелир оптический N-32,22350,present,,,0,0,,0,,,,,,missing_entity,missing_prediction,0,0,1,0,0,1,0,0,1,True,True,True,False,False,0,0,1,0,0,1,0,0,1,0
20261004T181609Z-2ba1b2f7,hybrid_original-e7ba5b16908e8b,hybrid_original-e7ba5b16908e8b,synthetic,hybrid_original,syn-0008,gt-28467db6ff8747309e9e,syn-0008-e02,html/syn-0008.html,syn-0008.html,run-none8,synthetic-shop.local,,https://synthetic-shop.local/product/pyrometer-08-02,matched_gt,Пирометр инфракрасный IR-900,3490,present,Пирометр инфракрасный IR-900,3490.0,1,1,1.0,0,1.0,0.0,0.0,0.0,0.0,,matched_gt; candidate_only,1,0,0,1,0,0,1,0,0,True,True,True,True,True,1,0,0,1,0,0,1,0,0,1
20261004T181609Z-2ba1b2f7,hybrid_original-7aec14381b697c,hybrid_original-7aec14381b697c,synthetic,hybrid_original,syn-0008,gt-05ecc785392f4d300cfa,syn-0008-e05,html/syn-0008.html,syn-0008.html,run-none8,synthetic-shop.local,,https://synthetic-shop.local/product/socket-tester-08-05,matched_gt,Тестер розеток и УЗО ST-8,1829,present,Тестер розеток и УЗО ST-8,1829.0,1,1,1.0,0,1.0,0.0,0.0,0.0,0.0,,matched_gt; candidate_only,1,0,0,1,0,0,1,0,0,True,True,True,True,True,1,0,0,1,0,0,1,0,0,1
20261004T181609Z-2ba1b2f7,hybrid_original-b46424744d9c97,,synthetic,hybrid_original,syn-0008,gt-57423765583791e2b752,syn-0008-e14,html/syn-0008.html,syn-0008.html,run-none8,synthetic-shop.local,,https://synthetic-shop.local/product/thermal-camera-08-14,missing_prediction,Тепловизор строительный IR-256,46866,present,,,0,0,,0,,,,,,missing_entity,missing_prediction,0,0,1,0,0,1,0,0,1,True,True,True,False,False,0,0,1,0,0,1,0,0,1,0
20261004T181609Z-2ba1b2f7,hybrid_original-b1a13537d0d19d,hybrid_original-b1a13537d0d19d,synthetic,hybrid_original,syn-0008,gt-97a37e883dadfebca512,syn-0008-e08,html/syn-0008.html,syn-0008.html,run-none8,synthetic-shop.local,,https://synthetic-shop.local/product/wall-scanner-08-08,matched_gt,Детектор скрытой проводки WallScan 5,4780,present,Детектор скрытой проводки WallScan 5,4780.0,1,1,1.0,0,1.0,0.0,0.0,0.0,0.0,,matched_gt; candidate_only,1,0,0,1,0,0,1,0,0,True,True,True,True,True,1,0,0,1,0,0,1,0,0,1
20261004T181609Z-2ba1b2f7,hybrid_original-6c944e82f221b6,,synthetic,hybrid_original,syn-0008,gt-f9c753d60a77555a9f03,syn-0008-e19,html/syn-0008.html,syn-0008.html,run-none8,synthetic-shop.local,,https://synthetic-shop.local/product/wall-scanner-08-19,missing_prediction,Детектор скрытой проводки WallScan 5 — серия 2,5108,present,,,0,0,,0,,,,,,missing_entity,missing_prediction,0,0,1,0,0,1,0,0,1,True,True,True,False,False,0,0,1,0,0,1,0,0,1,0
20261004T181609Z-2ba1b2f7,hybrid_original-b60217fa59186d,hybrid_original-b60217fa59186d,synthetic,hybrid_original,syn-0009,gt-1c20723b8da7f1a93ac8,syn-0009-e06,html/syn-0009.html,syn-0009.html,run-none9,synthetic-shop.local,,https://synthetic-shop.local/product/anemometer-09-06,matched_gt,Анемометр цифровой AM-30,5449,present,Анемометр цифровой AM-30,5449.0,1,1,1.0,0,1.0,0.0,0.0,0.0,0.0,,matched_gt; candidate_only,1,0,0,1,0,0,1,0,0,True,True,True,True,True,1,0,0,1,0,0,1,0,0,1
20261004T181609Z-2ba1b2f7,hybrid_original-cea7f758d50014,,synthetic,hybrid_original,syn-0009,gt-1b99cf948493e50fa3b1,syn-0009-e16,html/syn-0009.html,syn-0009.html,run-none9,synthetic-shop.local,,https://synthetic-shop.local/product/anemometer-09-16,missing_prediction,Анемометр цифровой AM-30 — серия 2,5660,present,,,0,0,,0,,,,,,missing_entity,missing_prediction,0,0,1,0,0,1,0,0,1,True,True,True,False,False,0,0,1,0,0,1,0,0,1,0
20261004T181609Z-2ba1b2f7,hybrid_original-92d349771c2ec5,,synthetic,hybrid_original,syn-0009,gt-e6134c0a005a8489b044,syn-0009-e15,html/syn-0009.html,syn-0009.html,run-none9,synthetic-shop.local,,https://synthetic-shop.local/product/angle-meter-09-15,missing_prediction,Угломер электронный AG-360,3998,present,,,0,0,,0,,,,,,missing_entity,missing_prediction,0,0,1,0,0,1,0,0,1,True,True,True,False,False,0,0,1,0,0,1,0,0,1,0
20261004T181609Z-2ba1b2f7,hybrid_original-9a6b08557adf78,hybrid_original-9a6b08557adf78,synthetic,hybrid_original,syn-0009,gt-2ef335245296822fb66e,syn-0009-e05,html/syn-0009.html,syn-0009.html,run-none9,synthetic-shop.local,,https://synthetic-shop.local/product/clamp-meter-09-05,matched_gt,Клещи токовые CM-600,6490,present,Клещи токовые CM-600,6490.0,1,1,1.0,0,1.0,0.0,0.0,0.0,0.0,,matched_gt; candidate_only,1,0,0,1,0,0,1,0,0,True,True,True,True,True,1,0,0,1,0,0,1,0,0,1
20261004T181609Z-2ba1b2f7,hybrid_original-c37027b5eab95f,,synthetic,hybrid_original,syn-0009,gt-656df5ce853f615837cc,syn-0009-e20,html/syn-0009.html,syn-0009.html,run-none9,synthetic-shop.local,,https://synthetic-shop.local/product/clamp-meter-09-20,missing_prediction,Клещи токовые CM-600 — серия 2,7022,present,,,0,0,,0,,,,,,missing_entity,missing_prediction,0,0,1,0,0,1,0,0,1,True,True,True,False,False,0,0,1,0,0,1,0,0,1,0
20261004T181609Z-2ba1b2f7,hybrid_original-a4987f0c689569,,synthetic,hybrid_original,syn-0009,gt-39681bdde81ce4254550,syn-0009-e14,html/syn-0009.html,syn-0009.html,run-none9,synthetic-shop.local,,https://synthetic-shop.local/product/coating-gauge-09-14,missing_prediction,Толщиномер покрытий CT-1200,9080,present,,,0,0,,0,,,,,,missing_entity,missing_prediction,0,0,1,0,0,1,0,0,1,True,True,True,False,False,0,0,1,0,0,1,0,0,1,0
20261004T181609Z-2ba1b2f7,hybrid_original-3d8fbe9f88f105,,synthetic,hybrid_original,syn-0009,gt-4063be1d367710d2b21d,syn-0009-e09,html/syn-0009.html,syn-0009.html,run-none9,synthetic-shop.local,,https://synthetic-shop.local/product/laser-level-09-09,missing_prediction,Лазерный уровень ЛУ-360 Pro,14549,present,,,0,0,,0,,,,,,missing_entity,missing_prediction,0,0,1,0,0,1,0,0,1,True,True,True,False,False,0,0,1,0,0,1,0,0,1,0
20261004T181609Z-2ba1b2f7,hybrid_original-9d3aa88cdbdf75,hybrid_original-9d3aa88cdbdf75,synthetic,hybrid_original,syn-0009,gt-59aa59bb6d9ab5f4fac4,syn-0009-e07,html/syn-0009.html,syn-0009.html,run-none9,synthetic-shop.local,,https://synthetic-shop.local/product/laser-rangefinder-09-07,matched_gt,Дальномер лазерный DM-80,7461,present,Дальномер лазерный DM-80,7461.0,1,1,1.0,0,1.0,0.0,0.0,0.0,0.0,,matched_gt; candidate_only,1,0,0,1,0,0,1,0,0,True,True,True,True,True,1,0,0,1,0,0,1,0,0,1
20261004T181609Z-2ba1b2f7,hybrid_original-6e6f5a5821c28a,,synthetic,hybrid_original,syn-0009,gt-7be3a9532bdb4c70ebda,syn-0009-e18,html/syn-0009.html,syn-0009.html,run-none9,synthetic-shop.local,,https://synthetic-shop.local/product/laser-rangefinder-09-18,missing_prediction,Дальномер лазерный DM-80 — серия 2,7039,present,,,0,0,,0,,,,,,missing_entity,missing_prediction,0,0,1,0,0,1,0,0,1,True,True,True,False,False,0,0,1,0,0,1,0,0,1,0
20261004T181609Z-2ba1b2f7,hybrid_original-bd5d8d84740b2b,hybrid_original-bd5d8d84740b2b,synthetic,hybrid_original,syn-0009,gt-1b50a95d7f7b576b4e17,syn-0009-e03,html/syn-0009.html,syn-0009.html,run-none9,synthetic-shop.local,,https://synthetic-shop.local/product/luxmeter-09-03,matched_gt,Люксметр LX-1010,3032,present,Люксметр LX-1010,3032.0,1,1,1.0,0,1.0,0.0,0.0,0.0,0.0,,matched_gt; candidate_only,1,0,0,1,0,0,1,0,0,True,True,True,True,True,1,0,0,1,0,0,1,0,0,1
20261004T181609Z-2ba1b2f7,hybrid_original-b54dfff99f086c,hybrid_original-b54dfff99f086c,synthetic,hybrid_original,syn-0009,gt-ed74bbae1dfaf7eea157,syn-0009-e01,html/syn-0009.html,syn-0009.html,run-none9,synthetic-shop.local,,https://synthetic-shop.local/product/megohmmeter-09-01,matched_gt,Мегаомметр цифровой MI-1000,15990,present,Мегаомметр цифровой MI-1000,15990.0,1,1,1.0,0,1.0,0.0,0.0,0.0,0.0,,matched_gt; candidate_only,1,0,0,1,0,0,1,0,0,True,True,True,True,True,1,0,0,1,0,0,1,0,0,1
20261004T181609Z-2ba1b2f7,hybrid_original-dfd1a1c8a6d77d,hybrid_original-dfd1a1c8a6d77d,synthetic,hybrid_original,syn-0009,gt-cb1d4661eff41c20b9c2,syn-0009-e04,html/syn-0009.html,syn-0009.html,run-none9,synthetic-shop.local,,https://synthetic-shop.local/product/moisture-meter-09-04,matched_gt,Влагомер древесины WM-2,3256,present,Влагомер древесины WM-2,3256.0,1,1,1.0,0,1.0,0.0,0.0,0.0,0.0,,matched_gt; candidate_only,1,0,0,1,0,0,1,0,0,True,True,True,True,True,1,0,0,1,0,0,1,0,0,1
20261004T181609Z-2ba1b2f7,hybrid_original-8ae84db80c02b5,,synthetic,hybrid_original,syn-0009,gt-104876b651f4eec41a3c,syn-0009-e17,html/syn-0009.html,syn-0009.html,run-none9,synthetic-shop.local,,https://synthetic-shop.local/product/moisture-meter-09-17,missing_prediction,Влагомер древесины WM-2 — серия 2,3557,present,,,0,0,,0,,,,,,missing_entity,missing_prediction,0,0,1,0,0,1,0,0,1,True,True,True,False,False,0,0,1,0,0,1,0,0,1,0
20261004T181609Z-2ba1b2f7,hybrid_original-00cc8e266d1093,,synthetic,hybrid_original,syn-0009,gt-8b2b0e5bafe4d5eaebea,syn-0009-e10,html/syn-0009.html,syn-0009.html,run-none9,synthetic-shop.local,,https://synthetic-shop.local/product/multimeter-09-10,missing_prediction,Мультиметр цифровой M830 Pro,1954,present,,,0,0,,0,,,,,,missing_entity,missing_prediction,0,0,1,0,0,1,0,0,1,True,True,True,False,False,0,0,1,0,0,1,0,0,1,0
20261004T181609Z-2ba1b2f7,hybrid_original-85f0955835d0b8,,synthetic,hybrid_original,syn-0009,gt-1217c8c21ed535aa2adc,syn-0009-e11,html/syn-0009.html,syn-0009.html,run-none9,synthetic-shop.local,,https://synthetic-shop.local/product/optical-level-09-11,missing_prediction,Нивелир оптический N-32,22564,present,,,0,0,,0,,,,,,missing_entity,missing_prediction,0,0,1,0,0,1,0,0,1,True,True,True,False,False,0,0,1,0,0,1,0,0,1,0
20261004T181609Z-2ba1b2f7,hybrid_original-f7375e9bea5294,,synthetic,hybrid_original,syn-0009,gt-687e23e9f1f0cf302b5f,syn-0009-e12,html/syn-0009.html,syn-0009.html,run-none9,synthetic-shop.local,,https://synthetic-shop.local/product/pyrometer-09-12,missing_prediction,Пирометр инфракрасный IR-900,3795,present,,,0,0,,0,,,,,,missing_entity,missing_prediction,0,0,1,0,0,1,0,0,1,True,True,True,False,False,0,0,1,0,0,1,0,0,1,0
20261004T181609Z-2ba1b2f7,hybrid_original-e4ba479c0308f2,hybrid_original-e4ba479c0308f2,synthetic,hybrid_original,syn-0009,gt-f5bb448ae53b5862fb8a,syn-0009-e02,html/syn-0009.html,syn-0009.html,run-none9,synthetic-shop.local,,https://synthetic-shop.local/product/socket-tester-09-02,matched_gt,Тестер розеток и УЗО ST-8,1803,present,Тестер розеток и УЗО ST-8,1803.0,1,1,1.0,0,1.0,0.0,0.0,0.0,0.0,,matched_gt; candidate_only,1,0,0,1,0,0,1,0,0,True,True,True,True,True,1,0,0,1,0,0,1,0,0,1
20261004T181609Z-2ba1b2f7,hybrid_original-daece63f26e725,,synthetic,hybrid_original,syn-0009,gt-fa706a807bfdb020f6c0,syn-0009-e13,html/syn-0009.html,syn-0009.html,run-none9,synthetic-shop.local,,https://synthetic-shop.local/product/thermal-camera-09-13,missing_prediction,Тепловизор строительный IR-256,48618,present,,,0,0,,0,,,,,,missing_entity,missing_prediction,0,0,1,0,0,1,0,0,1,True,True,True,False,False,0,0,1,0,0,1,0,0,1,0
20261004T181609Z-2ba1b2f7,hybrid_original-428d8620a8196d,hybrid_original-428d8620a8196d,synthetic,hybrid_original,syn-0009,gt-a579344b7f845e1d284a,syn-0009-e08,html/syn-0009.html,syn-0009.html,run-none9,synthetic-shop.local,,https://synthetic-shop.local/product/wall-scanner-09-08,matched_gt,Детектор скрытой проводки WallScan 5,5108,present,Детектор скрытой проводки WallScan 5,5108.0,1,1,1.0,0,1.0,0.0,0.0,0.0,0.0,,matched_gt; candidate_only,1,0,0,1,0,0,1,0,0,True,True,True,True,True,1,0,0,1,0,0,1,0,0,1
20261004T181609Z-2ba1b2f7,hybrid_original-9c82b96ef43f35,,synthetic,hybrid_original,syn-0009,gt-df9690439c2f00adfa07,syn-0009-e19,html/syn-0009.html,syn-0009.html,run-none9,synthetic-shop.local,,https://synthetic-shop.local/product/wall-scanner-09-19,missing_prediction,Детектор скрытой проводки WallScan 5 — серия 2,4827,present,,,0,0,,0,,,,,,missing_entity,missing_prediction,0,0,1,0,0,1,0,0,1,True,True,True,False,False,0,0,1,0,0,1,0,0,1,0
20261004T181609Z-2ba1b2f7,hybrid_original-367f9a6f98cfaf,hybrid_original-367f9a6f98cfaf,synthetic,hybrid_original,syn-0010,gt-6d52eb38df3ba1746758,syn-0010-e06,html/syn-0010.html,syn-0010.html,run-none10,synthetic-shop.local,,https://synthetic-shop.local/product/anemometer-10-06,matched_gt,Анемометр цифровой AM-30,5819,present,Анемометр цифровой AM-30,5819.0,1,1,1.0,0,1.0,0.0,0.0,0.0,0.0,,matched_gt; deterministic,1,0,0,1,0,0,1,0,0,True,True,True,True,True,1,0,0,1,0,0,1,0,0,1
20261004T181609Z-2ba1b2f7,hybrid_original-f550b56c1dbba2,hybrid_original-f550b56c1dbba2,synthetic,hybrid_original,syn-0010,gt-847dd0369289c53a1d6b,syn-0010-e16,html/syn-0010.html,syn-0010.html,run-none10,synthetic-shop.local,,https://synthetic-shop.local/product/anemometer-10-16,matched_gt,Анемометр цифровой AM-30 — серия 2,5343,present,Анемометр цифровой AM-30 — серия 2,5343.0,1,1,1.0,0,1.0,0.0,0.0,0.0,0.0,,matched_gt; deterministic,1,0,0,1,0,0,1,0,0,True,True,True,True,True,1,0,0,1,0,0,1,0,0,1
20261004T181609Z-2ba1b2f7,hybrid_original-e4fafde4e5afbd,hybrid_original-e4fafde4e5afbd,synthetic,hybrid_original,syn-0010,gt-8e1523ab306d42bcc240,syn-0010-e03,html/syn-0010.html,syn-0010.html,run-none10,synthetic-shop.local,,https://synthetic-shop.local/product/angle-meter-10-03,matched_gt,Угломер электронный AG-360,3871,present,Угломер электронный AG-360,3871.0,1,1,1.0,0,1.0,0.0,0.0,0.0,0.0,,matched_gt; deterministic,1,0,0,1,0,0,1,0,0,True,True,True,True,True,1,0,0,1,0,0,1,0,0,1
20261004T181609Z-2ba1b2f7,hybrid_original-22a8a06769547f,hybrid_original-22a8a06769547f,synthetic,hybrid_original,syn-0010,gt-d094d2e6d58743d842ea,syn-0010-e02,html/syn-0010.html,syn-0010.html,run-none10,synthetic-shop.local,,https://synthetic-shop.local/product/clamp-meter-10-02,matched_gt,Клещи токовые CM-600,6580,present,Клещи токовые CM-600,6580.0,1,1,1.0,0,1.0,0.0,0.0,0.0,0.0,,matched_gt; deterministic,1,0,0,1,0,0,1,0,0,True,True,True,True,True,1,0,0,1,0,0,1,0,0,1
20261004T181609Z-2ba1b2f7,hybrid_original-2fec176aa16057,hybrid_original-2fec176aa16057,synthetic,hybrid_original,syn-0010,gt-1ac9e42cb3f7572d003f,syn-0010-e20,html/syn-0010.html,syn-0010.html,run-none10,synthetic-shop.local,,https://synthetic-shop.local/product/clamp-meter-10-20,matched_gt,Клещи токовые CM-600 — серия 2,6625,present,Клещи токовые CM-600 — серия 2,6625.0,1,1,1.0,0,1.0,0.0,0.0,0.0,0.0,,matched_gt; deterministic,1,0,0,1,0,0,1,0,0,True,True,True,True,True,1,0,0,1,0,0,1,0,0,1
20261004T181609Z-2ba1b2f7,hybrid_original-acd23f3b939b9c,hybrid_original-acd23f3b939b9c,synthetic,hybrid_original,syn-0010,gt-add635f5a8b82fdb343b,syn-0010-e15,html/syn-0010.html,syn-0010.html,run-none10,synthetic-shop.local,,https://synthetic-shop.local/product/coating-gauge-10-15,matched_gt,Толщиномер покрытий CT-1200,9979,present,Толщиномер покрытий CT-1200,9979.0,1,1,1.0,0,1.0,0.0,0.0,0.0,0.0,,matched_gt; deterministic,1,0,0,1,0,0,1,0,0,True,True,True,True,True,1,0,0,1,0,0,1,0,0,1
20261004T181609Z-2ba1b2f7,hybrid_original-344e6b8b62b7cf,hybrid_original-344e6b8b62b7cf,synthetic,hybrid_original,syn-0010,gt-5b99b2e8723bc339a288,syn-0010-e04,html/syn-0010.html,syn-0010.html,run-none10,synthetic-shop.local,,https://synthetic-shop.local/product/laser-level-10-04,matched_gt,Лазерный уровень ЛУ-360 Pro,12990,present,Лазерный уровень ЛУ-360 Pro,12990.0,1,1,1.0,0,1.0,0.0,0.0,0.0,0.0,,matched_gt; deterministic,1,0,0,1,0,0,1,0,0,True,True,True,True,True,1,0,0,1,0,0,1,0,0,1
20261004T181609Z-2ba1b2f7,hybrid_original-6e14a471b57763,hybrid_original-6e14a471b57763,synthetic,hybrid_original,syn-0010,gt-fddfef844d6bbb9c1192,syn-0010-e21,html/syn-0010.html,syn-0010.html,run-none10,synthetic-shop.local,,https://synthetic-shop.local/product/laser-level-10-21,matched_gt,Лазерный уровень ЛУ-360 Pro — серия 2,13380,present,Лазерный уровень ЛУ-360 Pro — серия 2,13380.0,1,1,1.0,0,1.0,0.0,0.0,0.0,0.0,,matched_gt; deterministic,1,0,0,1,0,0,1,0,0,True,True,True,True,True,1,0,0,1,0,0,1,0,0,1
20261004T181609Z-2ba1b2f7,hybrid_original-5327a699655e12,hybrid_original-5327a699655e12,synthetic,hybrid_original,syn-0010,gt-7ef331e977b61403ef7f,syn-0010-e05,html/syn-0010.html,syn-0010.html,run-none10,synthetic-shop.local,,https://synthetic-shop.local/product/laser-rangefinder-10-05,matched_gt,Дальномер лазерный DM-80,7039,present,Дальномер лазерный DM-80,7039.0,1,1,1.0,0,1.0,0.0,0.0,0.0,0.0,,matched_gt; deterministic,1,0,0,1,0,0,1,0,0,True,True,True,True,True,1,0,0,1,0,0,1,0,0,1
20261004T181609Z-2ba1b2f7,hybrid_original-9d3abf62a6a9c5,hybrid_original-9d3abf62a6a9c5,synthetic,hybrid_original,syn-0010,gt-8518436822ba5fa3081f,syn-0010-e18,html/syn-0010.html,syn-0010.html,run-none10,synthetic-shop.local,,https://synthetic-shop.local/product/laser-rangefinder-10-18,matched_gt,Дальномер лазерный DM-80 — серия 2,7532,present,Дальномер лазерный DM-80 — серия 2,7532.0,1,1,1.0,0,1.0,0.0,0.0,0.0,0.0,,matched_gt; deterministic,1,0,0,1,0,0,1,0,0,True,True,True,True,True,1,0,0,1,0,0,1,0,0,1
20261004T181609Z-2ba1b2f7,hybrid_original-723daf6f081b6b,hybrid_original-723daf6f081b6b,synthetic,hybrid_original,syn-0010,gt-73989479d2cbe5e0095a,syn-0010-e08,html/syn-0010.html,syn-0010.html,run-none10,synthetic-shop.local,,https://synthetic-shop.local/product/luxmeter-10-08,matched_gt,Люксметр LX-1010,3101,present,Люксметр LX-1010,3101.0,1,1,1.0,0,1.0,0.0,0.0,0.0,0.0,,matched_gt; deterministic,1,0,0,1,0,0,1,0,0,True,True,True,True,True,1,0,0,1,0,0,1,0,0,1
20261004T181609Z-2ba1b2f7,hybrid_original-55e0207d04a158,hybrid_original-55e0207d04a158,synthetic,hybrid_original,syn-0010,gt-5b2636d879fea07908f8,syn-0010-e22,html/syn-0010.html,syn-0010.html,run-none10,synthetic-shop.local,,https://synthetic-shop.local/product/luxmeter-10-22,matched_gt,Люксметр LX-1010 — серия 2,3192,present,Люксметр LX-1010 — серия 2,3192.0,1,1,1.0,0,1.0,0.0,0.0,0.0,0.0,,matched_gt; deterministic,1,0,0,1,0,0,1,0,0,True,True,True,True,True,1,0,0,1,0,0,1,0,0,1
20261004T181609Z-2ba1b2f7,hybrid_original-5a73aba5252bf0,hybrid_original-5a73aba5252bf0,synthetic,hybrid_original,syn-0010,gt-c0256fc763a91906b615,syn-0010-e09,html/syn-0010.html,syn-0010.html,run-none10,synthetic-shop.local,,https://synthetic-shop.local/product/megohmmeter-10-09,matched_gt,Мегаомметр цифровой MI-1000,17068,present,Мегаомметр цифровой MI-1000,17068.0,1,1,1.0,0,1.0,0.0,0.0,0.0,0.0,,matched_gt; deterministic,1,0,0,1,0,0,1,0,0,True,True,True,True,True,1,0,0,1,0,0,1,0,0,1
20261004T181609Z-2ba1b2f7,hybrid_original-563888d0a31eff,hybrid_original-563888d0a31eff,synthetic,hybrid_original,syn-0010,gt-d10add0c2bcb05ec1cfb,syn-0010-e01,html/syn-0010.html,syn-0010.html,run-none10,synthetic-shop.local,,https://synthetic-shop.local/product/moisture-meter-10-01,matched_gt,Влагомер древесины WM-2,3212,present,Влагомер древесины WM-2,3212.0,1,1,1.0,0,1.0,0.0,0.0,0.0,0.0,,matched_gt; deterministic,1,0,0,1,0,0,1,0,0,True,True,True,True,True,1,0,0,1,0,0,1,0,0,1
20261004T181609Z-2ba1b2f7,hybrid_original-d7e10e4e8fb599,hybrid_original-d7e10e4e8fb599,synthetic,hybrid_original,syn-0010,gt-a6920911218fa94225c0,syn-0010-e17,html/syn-0010.html,syn-0010.html,run-none10,synthetic-shop.local,,https://synthetic-shop.local/product/moisture-meter-10-17,matched_gt,Влагомер древесины WM-2 — серия 2,3363,present,Влагомер древесины WM-2 — серия 2,3363.0,1,1,1.0,0,1.0,0.0,0.0,0.0,0.0,,matched_gt; deterministic,1,0,0,1,0,0,1,0,0,True,True,True,True,True,1,0,0,1,0,0,1,0,0,1
20261004T181609Z-2ba1b2f7,hybrid_original-f18323287119ea,hybrid_original-f18323287119ea,synthetic,hybrid_original,syn-0010,gt-dfe4758641be6d3e3c80,syn-0010-e10,html/syn-0010.html,syn-0010.html,run-none10,synthetic-shop.local,,https://synthetic-shop.local/product/multimeter-10-10,matched_gt,Мультиметр цифровой M830 Pro,2088,present,Мультиметр цифровой M830 Pro,2088.0,1,1,1.0,0,1.0,0.0,0.0,0.0,0.0,,matched_gt; deterministic,1,0,0,1,0,0,1,0,0,True,True,True,True,True,1,0,0,1,0,0,1,0,0,1
20261004T181609Z-2ba1b2f7,hybrid_original-3ca043e3ef748c,hybrid_original-3ca043e3ef748c,synthetic,hybrid_original,syn-0010,gt-5bbd21805fa1e7aa90bc,syn-0010-e11,html/syn-0010.html,syn-0010.html,run-none10,synthetic-shop.local,,https://synthetic-shop.local/product/optical-level-10-11,matched_gt,Нивелир оптический N-32,24069,present,Нивелир оптический N-32,24069.0,1,1,1.0,0,1.0,0.0,0.0,0.0,0.0,,matched_gt; deterministic,1,0,0,1,0,0,1,0,0,True,True,True,True,True,1,0,0,1,0,0,1,0,0,1
20261004T181609Z-2ba1b2f7,hybrid_original-dc1480bcdc8422,hybrid_original-dc1480bcdc8422,synthetic,hybrid_original,syn-0010,gt-4bf9d085cf4cb83e0fa0,syn-0010-e12,html/syn-0010.html,syn-0010.html,run-none10,synthetic-shop.local,,https://synthetic-shop.local/product/pyrometer-10-12,matched_gt,Пирометр инфракрасный IR-900,3584,present,Пирометр инфракрасный IR-900,3584.0,1,1,1.0,0,1.0,0.0,0.0,0.0,0.0,,matched_gt; deterministic,1,0,0,1,0,0,1,0,0,True,True,True,True,True,1,0,0,1,0,0,1,0,0,1
20261004T181609Z-2ba1b2f7,hybrid_original-1d2fb6a8cb5f2c,hybrid_original-1d2fb6a8cb5f2c,synthetic,hybrid_original,syn-0010,gt-790dd0de204f4ed619d8,syn-0010-e14,html/syn-0010.html,syn-0010.html,run-none10,synthetic-shop.local,,https://synthetic-shop.local/product/socket-tester-10-14,matched_gt,Тестер розеток и УЗО ST-8,1961,present,Тестер розеток и УЗО ST-8,1961.0,1,1,1.0,0,1.0,0.0,0.0,0.0,0.0,,matched_gt; deterministic,1,0,0,1,0,0,1,0,0,True,True,True,True,True,1,0,0,1,0,0,1,0,0,1
20261004T181609Z-2ba1b2f7,hybrid_original-b66f429956c6c4,hybrid_original-b66f429956c6c4,synthetic,hybrid_original,syn-0010,gt-1419c781902cccfdfeda,syn-0010-e13,html/syn-0010.html,syn-0010.html,run-none10,synthetic-shop.local,,https://synthetic-shop.local/product/thermal-camera-10-13,matched_gt,Тепловизор строительный IR-256,45990,present,Тепловизор строительный IR-256,45990.0,1,1,1.0,0,1.0,0.0,0.0,0.0,0.0,,matched_gt; deterministic,1,0,0,1,0,0,1,0,0,True,True,True,True,True,1,0,0,1,0,0,1,0,0,1
20261004T181609Z-2ba1b2f7,hybrid_original-914c0c7ac13715,hybrid_original-914c0c7ac13715,synthetic,hybrid_original,syn-0010,gt-3eef369be5198c3a48ba,syn-0010-e07,html/syn-0010.html,syn-0010.html,run-none10,synthetic-shop.local,,https://synthetic-shop.local/product/wall-scanner-10-07,matched_gt,Детектор скрытой проводки WallScan 5,4686,present,Детектор скрытой проводки WallScan 5,4686.0,1,1,1.0,0,1.0,0.0,0.0,0.0,0.0,,matched_gt; deterministic,1,0,0,1,0,0,1,0,0,True,True,True,True,True,1,0,0,1,0,0,1,0,0,1
20261004T181609Z-2ba1b2f7,hybrid_original-9b16aa32dce457,hybrid_original-9b16aa32dce457,synthetic,hybrid_original,syn-0010,gt-f521b27ee2b8ae14927c,syn-0010-e19,html/syn-0010.html,syn-0010.html,run-none10,synthetic-shop.local,,https://synthetic-shop.local/product/wall-scanner-10-19,matched_gt,Детектор скрытой проводки WallScan 5 — серия 2,5155,present,Детектор скрытой проводки WallScan 5 — серия 2,5155.0,1,1,1.0,0,1.0,0.0,0.0,0.0,0.0,,matched_gt; deterministic,1,0,0,1,0,0,1,0,0,True,True,True,True,True,1,0,0,1,0,0,1,0,0,1
20261004T181609Z-2ba1b2f7,hybrid_original-071d3e73132222,hybrid_original-071d3e73132222,synthetic,hybrid_original,syn-0011,gt-09676a3a35db09422fca,syn-0011-e01,html/syn-0011.html,syn-0011.html,run-none11,synthetic-shop.local,,https://synthetic-shop.local/product/a4-paper-11-01,matched_gt,Бумага офисная A4 80 г/м² 500 листов,599,present,Бумага офисная A4 80 г/м² 500 листов,599.0,1,1,1.0,0,1.0,0.0,0.0,0.0,0.0,,matched_gt; deterministic,1,0,0,1,0,0,1,0,0,True,True,True,True,True,1,0,0,1,0,0,1,0,0,1
20261004T181609Z-2ba1b2f7,hybrid_original-24e528bfbb787e,hybrid_original-24e528bfbb787e,synthetic,hybrid_original,syn-0011,gt-d6cdf345d986a0dad09d,syn-0011-e12,html/syn-0011.html,syn-0011.html,run-none11,synthetic-shop.local,,https://synthetic-shop.local/product/a4-paper-11-12,matched_gt,Бумага офисная A4 80 г/м² 500 листов — серия 2,653,present,Бумага офисная A4 80 г/м² 500 листов — серия 2,653.0,1,1,1.0,0,1.0,0.0,0.0,0.0,0.0,,matched_gt; deterministic,1,0,0,1,0,0,1,0,0,True,True,True,True,True,1,0,0,1,0,0,1,0,0,1
20261004T181609Z-2ba1b2f7,hybrid_original-5398b598bb76b6,hybrid_original-5398b598bb76b6,synthetic,hybrid_original,syn-0011,gt-1942d0619229212dacd4,syn-0011-e22,html/syn-0011.html,syn-0011.html,run-none11,synthetic-shop.local,,https://synthetic-shop.local/product/a4-paper-11-22,matched_gt,Бумага офисная A4 80 г/м² 500 листов — серия 3,599,present,Бумага офисная A4 80 г/м² 500 листов — серия 3,599.0,1,1,1.0,0,1.0,0.0,0.0,0.0,0.0,,matched_gt; deterministic,1,0,0,1,0,0,1,0,0,True,True,True,True,True,1,0,0,1,0,0,1,0,0,1
20261004T181609Z-2ba1b2f7,hybrid_original-f7dc21b45121cb,hybrid_original-f7dc21b45121cb,synthetic,hybrid_original,syn-0011,gt-58eb268ceb2d3de2e5b7,syn-0011-e08,html/syn-0011.html,syn-0011.html,run-none11,synthetic-shop.local,,https://synthetic-shop.local/product/correction-tape-11-08,matched_gt,Корректирующая лента 5 мм × 8 м,230,present,Корректирующая лента 5 мм × 8 м,230.0,1,1,1.0,0,1.0,0.0,0.0,0.0,0.0,,matched_gt; deterministic,1,0,0,1,0,0,1,0,0,True,True,True,True,True,1,0,0,1,0,0,1,0,0,1
20261004T181609Z-2ba1b2f7,hybrid_original-92b810f453a755,hybrid_original-92b810f453a755,synthetic,hybrid_original,syn-0011,gt-35a9207bb924ec759e83,syn-0011-e14,html/syn-0011.html,syn-0011.html,run-none11,synthetic-shop.local,,https://synthetic-shop.local/product/correction-tape-11-14,matched_gt,Корректирующая лента 5 мм × 8 м — серия 2,213,present,Корректирующая лента 5 мм × 8 м — серия 2,213.0,1,1,1.0,0,1.0,0.0,0.0,0.0,0.0,,matched_gt; deterministic,1,0,0,1,0,0,1,0,0,True,True,True,True,True,1,0,0,1,0,0,1,0,0,1
20261004T181609Z-2ba1b2f7,hybrid_original-f12f8bf9c037b5,hybrid_original-f12f8bf9c037b5,synthetic,hybrid_original,syn-0011,gt-36ea6eca42a9371098e2,syn-0011-e24,html/syn-0011.html,syn-0011.html,run-none11,synthetic-shop.local,,https://synthetic-shop.local/product/correction-tape-11-24,matched_gt,Корректирующая лента 5 мм × 8 м — серия 3,222,present,Корректирующая лента 5 мм × 8 м — серия 3,222.0,1,1,1.0,0,1.0,0.0,0.0,0.0,0.0,,matched_gt; deterministic,1,0,0,1,0,0,1,0,0,True,True,True,True,True,1,0,0,1,0,0,1,0,0,1
20261004T181609Z-2ba1b2f7,hybrid_original-d19680d22ccbc0,hybrid_original-d19680d22ccbc0,synthetic,hybrid_original,syn-0011,gt-d1a56fd59e76893d9aa8,syn-0011-e04,html/syn-0011.html,syn-0011.html,run-none11,synthetic-shop.local,,https://synthetic-shop.local/product/gel-pen-11-04,matched_gt,Ручка гелевая синяя 0.5 мм,89,present,Ручка гелевая синяя 0.5 мм,89.0,1,1,1.0,0,1.0,0.0,0.0,0.0,0.0,,matched_gt; deterministic,1,0,0,1,0,0,1,0,0,True,True,True,True,True,1,0,0,1,0,0,1,0,0,1
20261004T181609Z-2ba1b2f7,hybrid_original-e288a7b6a05ff0,hybrid_original-e288a7b6a05ff0,synthetic,hybrid_original,syn-0011,gt-781b51ea7147746a49ec,syn-0011-e17,html/syn-0011.html,syn-0011.html,run-none11,synthetic-shop.local,,https://synthetic-shop.local/product/gel-pen-11-17,matched_gt,Ручка гелевая синяя 0.5 мм — серия 2,99,present,Ручка гелевая синяя 0.5 мм — серия 2,99.0,1,1,1.0,0,1.0,0.0,0.0,0.0,0.0,,matched_gt; deterministic,1,0,0,1,0,0,1,0,0,True,True,True,True,True,1,0,0,1,0,0,1,0,0,1
20261004T181609Z-2ba1b2f7,hybrid_original-363e77d0e88393,hybrid_original-363e77d0e88393,synthetic,hybrid_original,syn-0011,gt-62bbbb9522907b579c04,syn-0011-e27,html/syn-0011.html,syn-0011.html,run-none11,synthetic-shop.local,,https://synthetic-shop.local/product/gel-pen-11-27,matched_gt,Ручка гелевая синяя 0.5 мм — серия 3,91,present,Ручка гелевая синяя 0.5 мм — серия 3,91.0,1,1,1.0,0,1.0,0.0,0.0,0.0,0.0,,matched_gt; deterministic,1,0,0,1,0,0,1,0,0,True,True,True,True,True,1,0,0,1,0,0,1,0,0,1
20261004T181609Z-2ba1b2f7,hybrid_original-bb5a5adb608030,hybrid_original-bb5a5adb608030,synthetic,hybrid_original,syn-0011,gt-1bc0ba1d0e19790c58ef,syn-0011-e07,html/syn-0011.html,syn-0011.html,run-none11,synthetic-shop.local,,https://synthetic-shop.local/product/glue-stick-11-07,matched_gt,Клей-карандаш 21 г,181,present,Клей-карандаш 21 г,181.0,1,1,1.0,0,1.0,0.0,0.0,0.0,0.0,,matched_gt; deterministic,1,0,0,1,0,0,1,0,0,True,True,True,True,True,1,0,0,1,0,0,1,0,0,1
20261004T181609Z-2ba1b2f7,hybrid_original-cbf474a19974dd,hybrid_original-cbf474a19974dd,synthetic,hybrid_original,syn-0011,gt-4d9cf7e157aaabab14d7,syn-0011-e13,html/syn-0011.html,syn-0011.html,run-none11,synthetic-shop.local,,https://synthetic-shop.local/product/glue-stick-11-13,matched_gt,Клей-карандаш 21 г — серия 2,189,present,Клей-карандаш 21 г — серия 2,189.0,1,1,1.0,0,1.0,0.0,0.0,0.0,0.0,,matched_gt; deterministic,1,0,0,1,0,0,1,0,0,True,True,True,True,True,1,0,0,1,0,0,1,0,0,1
20261004T181609Z-2ba1b2f7,hybrid_original-93694a0e1d00f4,hybrid_original-93694a0e1d00f4,synthetic,hybrid_original,syn-0011,gt-a47f4e2eb9d4716de8bf,syn-0011-e23,html/syn-0011.html,syn-0011.html,run-none11,synthetic-shop.local,,https://synthetic-shop.local/product/glue-stick-11-23,matched_gt,Клей-карандаш 21 г — серия 3,174,present,Клей-карандаш 21 г — серия 3,174.0,1,1,1.0,0,1.0,0.0,0.0,0.0,0.0,,matched_gt; deterministic,1,0,0,1,0,0,1,0,0,True,True,True,True,True,1,0,0,1,0,0,1,0,0,1
20261004T181609Z-2ba1b2f7,hybrid_original-1f4a4b60128327,hybrid_original-1f4a4b60128327,synthetic,hybrid_original,syn-0011,gt-5100861a3d83143421fb,syn-0011-e10,html/syn-0011.html,syn-0011.html,run-none11,synthetic-shop.local,,https://synthetic-shop.local/product/labels-11-10,matched_gt,Этикетки самоклеящиеся 70×37 мм,689,present,Этикетки самоклеящиеся 70×37 мм,689.0,1,1,1.0,0,1.0,0.0,0.0,0.0,0.0,,matched_gt; deterministic,1,0,0,1,0,0,1,0,0,True,True,True,True,True,1,0,0,1,0,0,1,0,0,1
20261004T181609Z-2ba1b2f7,hybrid_original-1dbb587cc8aa87,hybrid_original-1dbb587cc8aa87,synthetic,hybrid_original,syn-0011,gt-32513242f91b29aaa39f,syn-0011-e20,html/syn-0011.html,syn-0011.html,run-none11,synthetic-shop.local,,https://synthetic-shop.local/product/labels-11-20,matched_gt,Этикетки самоклеящиеся 70×37 мм — серия 2,716,present,Этикетки самоклеящиеся 70×37 мм — серия 2,716.0,1,1,1.0,0,1.0,0.0,0.0,0.0,0.0,,matched_gt; deterministic,1,0,0,1,0,0,1,0,0,True,True,True,True,True,1,0,0,1,0,0,1,0,0,1
20261004T181609Z-2ba1b2f7,hybrid_original-0609504b51e0ac,hybrid_original-0609504b51e0ac,synthetic,hybrid_original,syn-0011,gt-338b792991a94c17c8fe,syn-0011-e30,html/syn-0011.html,syn-0011.html,run-none11,synthetic-shop.local,,https://synthetic-shop.local/product/labels-11-30,matched_gt,Этикетки самоклеящиеся 70×37 мм — серия 3,743,present,Этикетки самоклеящиеся 70×37 мм — серия 3,743.0,1,1,1.0,0,1.0,0.0,0.0,0.0,0.0,,matched_gt; deterministic,1,0,0,1,0,0,1,0,0,True,True,True,True,True,1,0,0,1,0,0,1,0,0,1
20261004T181609Z-2ba1b2f7,hybrid_original-08eb310d27414c,hybrid_original-08eb310d27414c,synthetic,hybrid_original,syn-0011,gt-e3f4f587c292a773a7ff,syn-0011-e02,html/syn-0011.html,syn-0011.html,run-none11,synthetic-shop.local,,https://synthetic-shop.local/product/lever-arch-11-02,matched_gt,Папка-регистратор 75 мм синяя,379,present,Папка-регистратор 75 мм синяя,379.0,1,1,1.0,0,1.0,0.0,0.0,0.0,0.0,,matched_gt; deterministic,1,0,0,1,0,0,1,0,0,True,True,True,True,True,1,0,0,1,0,0,1,0,0,1
20261004T181609Z-2ba1b2f7,hybrid_original-985c6ce9d62b94,hybrid_original-985c6ce9d62b94,synthetic,hybrid_original,syn-0011,gt-f346746e989a1e7da890,syn-0011-e16,html/syn-0011.html,syn-0011.html,run-none11,synthetic-shop.local,,https://synthetic-shop.local/product/lever-arch-11-16,matched_gt,Папка-регистратор 75 мм синяя — серия 2,409,present,Папка-регистратор 75 мм синяя — серия 2,409.0,1,1,1.0,0,1.0,0.0,0.0,0.0,0.0,,matched_gt; deterministic,1,0,0,1,0,0,1,0,0,True,True,True,True,True,1,0,0,1,0,0,1,0,0,1
20261004T181609Z-2ba1b2f7,hybrid_original-b2e43d11a1b6f6,hybrid_original-b2e43d11a1b6f6,synthetic,hybrid_original,syn-0011,gt-6b00bcaa3fcd72449559,syn-0011-e26,html/syn-0011.html,syn-0011.html,run-none11,synthetic-shop.local,,https://synthetic-shop.local/product/lever-arch-11-26,matched_gt,Папка-регистратор 75 мм синяя — серия 3,424,present,Папка-регистратор 75 мм синяя — серия 3,424.0,1,1,1.0,0,1.0,0.0,0.0,0.0,0.0,,matched_gt; deterministic,1,0,0,1,0,0,1,0,0,True,True,True,True,True,1,0,0,1,0,0,1,0,0,1
20261004T181609Z-2ba1b2f7,hybrid_original-1396bc554b97e8,hybrid_original-1396bc554b97e8,synthetic,hybrid_original,syn-0011,gt-f609066baee65787cf73,syn-0011-e06,html/syn-0011.html,syn-0011.html,run-none11,synthetic-shop.local,,https://synthetic-shop.local/product/notebook-a5-11-06,matched_gt,Блокнот A5 96 листов клетка,311,present,Блокнот A5 96 листов клетка,311.0,1,1,1.0,0,1.0,0.0,0.0,0.0,0.0,,matched_gt; deterministic,1,0,0,1,0,0,1,0,0,True,True,True,True,True,1,0,0,1,0,0,1,0,0,1
20261004T181609Z-2ba1b2f7,hybrid_original-1ff229159950b2,hybrid_original-1ff229159950b2,synthetic,hybrid_original,syn-0011,gt-7cf6614ba189cdb42873,syn-0011-e11,html/syn-0011.html,syn-0011.html,run-none11,synthetic-shop.local,,https://synthetic-shop.local/product/notebook-a5-11-11,matched_gt,Блокнот A5 96 листов клетка — серия 2,317,present,Блокнот A5 96 листов клетка — серия 2,317.0,1,1,1.0,0,1.0,0.0,0.0,0.0,0.0,,matched_gt; deterministic,1,0,0,1,0,0,1,0,0,True,True,True,True,True,1,0,0,1,0,0,1,0,0,1
20261004T181609Z-2ba1b2f7,hybrid_original-fd261c0e7eaf72,hybrid_original-fd261c0e7eaf72,synthetic,hybrid_original,syn-0011,gt-09f10169e2d6ea12f42a,syn-0011-e21,html/syn-0011.html,syn-0011.html,run-none11,synthetic-shop.local,,https://synthetic-shop.local/product/notebook-a5-11-21,matched_gt,Блокнот A5 96 листов клетка — серия 3,329,present,Блокнот A5 96 листов клетка — серия 3,329.0,1,1,1.0,0,1.0,0.0,0.0,0.0,0.0,,matched_gt; deterministic,1,0,0,1,0,0,1,0,0,True,True,True,True,True,1,0,0,1,0,0,1,0,0,1
20261004T181609Z-2ba1b2f7,hybrid_original-0eabc6d8c00413,hybrid_original-0eabc6d8c00413,synthetic,hybrid_original,syn-0011,gt-e8f28f40d6e4ba0014f2,syn-0011-e03,html/syn-0011.html,syn-0011.html,run-none11,synthetic-shop.local,,https://synthetic-shop.local/product/permanent-marker-11-03,matched_gt,Маркер перманентный чёрный 2 мм,89,present,Маркер перманентный чёрный 2 мм,89.0,1,1,1.0,0,1.0,0.0,0.0,0.0,0.0,,matched_gt; deterministic,1,0,0,1,0,0,1,0,0,True,True,True,True,True,1,0,0,1,0,0,1,0,0,1
20261004T181609Z-2ba1b2f7,hybrid_original-fc71037a223ce2,hybrid_original-fc71037a223ce2,synthetic,hybrid_original,syn-0011,gt-6463a042a306d1f9d198,syn-0011-e15,html/syn-0011.html,syn-0011.html,run-none11,synthetic-shop.local,,https://synthetic-shop.local/product/permanent-marker-11-15,matched_gt,Маркер перманентный чёрный 2 мм — серия 2,93,present,Маркер перманентный чёрный 2 мм — серия 2,93.0,1,1,1.0,0,1.0,0.0,0.0,0.0,0.0,,matched_gt; deterministic,1,0,0,1,0,0,1,0,0,True,True,True,True,True,1,0,0,1,0,0,1,0,0,1
20261004T181609Z-2ba1b2f7,hybrid_original-cd3f8fd8c030d3,hybrid_original-cd3f8fd8c030d3,synthetic,hybrid_original,syn-0011,gt-9f95abcebb4896e47bed,syn-0011-e25,html/syn-0011.html,syn-0011.html,run-none11,synthetic-shop.local,,https://synthetic-shop.local/product/permanent-marker-11-25,matched_gt,Маркер перманентный чёрный 2 мм — серия 3,97,present,Маркер перманентный чёрный 2 мм — серия 3,97.0,1,1,1.0,0,1.0,0.0,0.0,0.0,0.0,,matched_gt; deterministic,1,0,0,1,0,0,1,0,0,True,True,True,True,True,1,0,0,1,0,0,1,0,0,1
20261004T181609Z-2ba1b2f7,hybrid_original-62bbe22fd34464,hybrid_original-62bbe22fd34464,synthetic,hybrid_original,syn-0011,gt-33acaefd9ce394e39353,syn-0011-e09,html/syn-0011.html,syn-0011.html,run-none11,synthetic-shop.local,,https://synthetic-shop.local/product/sheet-protectors-11-09,matched_gt,Файл-вкладыш A4 100 шт,519,present,Файл-вкладыш A4 100 шт,519.0,1,1,1.0,0,1.0,0.0,0.0,0.0,0.0,,matched_gt; deterministic,1,0,0,1,0,0,1,0,0,True,True,True,True,True,1,0,0,1,0,0,1,0,0,1
20261004T181609Z-2ba1b2f7,hybrid_original-e5a51855c9117b,hybrid_original-e5a51855c9117b,synthetic,hybrid_original,syn-0011,gt-895c5b8f0645aa263e5e,syn-0011-e19,html/syn-0011.html,syn-0011.html,run-none11,synthetic-shop.local,,https://synthetic-shop.local/product/sheet-protectors-11-19,matched_gt,Файл-вкладыш A4 100 шт — серия 2,540,present,Файл-вкладыш A4 100 шт — серия 2,540.0,1,1,1.0,0,1.0,0.0,0.0,0.0,0.0,,matched_gt; deterministic,1,0,0,1,0,0,1,0,0,True,True,True,True,True,1,0,0,1,0,0,1,0,0,1
20261004T181609Z-2ba1b2f7,hybrid_original-eb86b06f169186,hybrid_original-eb86b06f169186,synthetic,hybrid_original,syn-0011,gt-e6058a84c44f89e2766c,syn-0011-e29,html/syn-0011.html,syn-0011.html,run-none11,synthetic-shop.local,,https://synthetic-shop.local/product/sheet-protectors-11-29,matched_gt,Файл-вкладыш A4 100 шт — серия 3,561,present,Файл-вкладыш A4 100 шт — серия 3,561.0,1,1,1.0,0,1.0,0.0,0.0,0.0,0.0,,matched_gt; deterministic,1,0,0,1,0,0,1,0,0,True,True,True,True,True,1,0,0,1,0,0,1,0,0,1
20261004T181609Z-2ba1b2f7,hybrid_original-4697cbbcde26ab,hybrid_original-4697cbbcde26ab,synthetic,hybrid_original,syn-0011,gt-c3d7affe301892c94c6d,syn-0011-e05,html/syn-0011.html,syn-0011.html,run-none11,synthetic-shop.local,,https://synthetic-shop.local/product/staples-11-05,matched_gt,Скобы для степлера №24/6 1000 шт,139,present,Скобы для степлера №24/6 1000 шт,139.0,1,1,1.0,0,1.0,0.0,0.0,0.0,0.0,,matched_gt; deterministic,1,0,0,1,0,0,1,0,0,True,True,True,True,True,1,0,0,1,0,0,1,0,0,1
20261004T181609Z-2ba1b2f7,hybrid_original-7041be7b9a9729,hybrid_original-7041be7b9a9729,synthetic,hybrid_original,syn-0011,gt-f92eb6714fc0ad095db2,syn-0011-e18,html/syn-0011.html,syn-0011.html,run-none11,synthetic-shop.local,,https://synthetic-shop.local/product/staples-11-18,matched_gt,Скобы для степлера №24/6 1000 шт — серия 2,140,present,Скобы для степлера №24/6 1000 шт — серия 2,140.0,1,1,1.0,0,1.0,0.0,0.0,0.0,0.0,,matched_gt; deterministic,1,0,0,1,0,0,1,0,0,True,True,True,True,True,1,0,0,1,0,0,1,0,0,1
20261004T181609Z-2ba1b2f7,hybrid_original-9e62841e792c10,hybrid_original-9e62841e792c10,synthetic,hybrid_original,syn-0011,gt-adc662869fca49f78318,syn-0011-e28,html/syn-0011.html,syn-0011.html,run-none11,synthetic-shop.local,,https://synthetic-shop.local/product/staples-11-28,matched_gt,Скобы для степлера №24/6 1000 шт — серия 3,146,present,Скобы для степлера №24/6 1000 шт — серия 3,146.0,1,1,1.0,0,1.0,0.0,0.0,0.0,0.0,,matched_gt; deterministic,1,0,0,1,0,0,1,0,0,True,True,True,True,True,1,0,0,1,0,0,1,0,0,1
20261004T181609Z-2ba1b2f7,hybrid_original-d2be5da5e48fd0,hybrid_original-d2be5da5e48fd0,synthetic,hybrid_original,syn-0012,gt-20edec28a042a233a285,syn-0012-e06,html/syn-0012.html,syn-0012.html,run-none12,synthetic-shop.local,,https://synthetic-shop.local/product/a4-paper-12-06,matched_gt,Бумага офисная A4 80 г/м² 500 листов,665,present,Бумага офисная A4 80 г/м² 500 листов,665.0,1,1,1.0,0,1.0,0.0,0.0,0.0,0.0,,matched_gt; deterministic,1,0,0,1,0,0,1,0,0,True,True,True,True,True,1,0,0,1,0,0,1,0,0,1
20261004T181609Z-2ba1b2f7,hybrid_original-519aff99356bf2,hybrid_original-519aff99356bf2,synthetic,hybrid_original,syn-0012,gt-d964032fc040853511ba,syn-0012-e12,html/syn-0012.html,syn-0012.html,run-none12,synthetic-shop.local,,https://synthetic-shop.local/product/a4-paper-12-12,matched_gt,Бумага офисная A4 80 г/м² 500 листов — серия 2,617,present,Бумага офисная A4 80 г/м² 500 листов — серия 2,617.0,1,1,1.0,0,1.0,0.0,0.0,0.0,0.0,,matched_gt; deterministic,1,0,0,1,0,0,1,0,0,True,True,True,True,True,1,0,0,1,0,0,1,0,0,1
20261004T181609Z-2ba1b2f7,hybrid_original-20d68610bc0278,hybrid_original-20d68610bc0278,synthetic,hybrid_original,syn-0012,gt-d54a491913e0c21332de,syn-0012-e07,html/syn-0012.html,syn-0012.html,run-none12,synthetic-shop.local,,https://synthetic-shop.local/product/correction-tape-12-07,matched_gt,Корректирующая лента 5 мм × 8 м,211,present,Корректирующая лента 5 мм × 8 м,211.0,1,1,1.0,0,1.0,0.0,0.0,0.0,0.0,,matched_gt; deterministic,1,0,0,1,0,0,1,0,0,True,True,True,True,True,1,0,0,1,0,0,1,0,0,1
20261004T181609Z-2ba1b2f7,hybrid_original-695d8efa50a5e2,hybrid_original-695d8efa50a5e2,synthetic,hybrid_original,syn-0012,gt-d188550af0f4fed7551c,syn-0012-e01,html/syn-0012.html,syn-0012.html,run-none12,synthetic-shop.local,,https://synthetic-shop.local/product/gel-pen-12-01,matched_gt,Ручка гелевая синяя 0.5 мм,109,present,Ручка гелевая синяя 0.5 мм,109.0,1,1,1.0,0,1.0,0.0,0.0,0.0,0.0,,matched_gt; deterministic,1,0,0,1,0,0,1,0,0,True,True,True,True,True,1,0,0,1,0,0,1,0,0,1
20261004T181609Z-2ba1b2f7,hybrid_original-44b56a593632c2,hybrid_original-44b56a593632c2,synthetic,hybrid_original,syn-0012,gt-575315a0d1012db7b2b8,syn-0012-e05,html/syn-0012.html,syn-0012.html,run-none12,synthetic-shop.local,,https://synthetic-shop.local/product/glue-stick-12-05,matched_gt,Клей-карандаш 21 г,169,present,Клей-карандаш 21 г,169.0,1,1,1.0,0,1.0,0.0,0.0,0.0,0.0,,matched_gt; deterministic,1,0,0,1,0,0,1,0,0,True,True,True,True,True,1,0,0,1,0,0,1,0,0,1
20261004T181609Z-2ba1b2f7,hybrid_original-44beceeeebdb8a,hybrid_original-44beceeeebdb8a,synthetic,hybrid_original,syn-0012,gt-70cba3d7bd31dcbdc4a1,syn-0012-e04,html/syn-0012.html,syn-0012.html,run-none12,synthetic-shop.local,,https://synthetic-shop.local/product/labels-12-04,matched_gt,Этикетки самоклеящиеся 70×37 мм,669,present,Этикетки самоклеящиеся 70×37 мм,669.0,1,1,1.0,0,1.0,0.0,0.0,0.0,0.0,,matched_gt; deterministic,1,0,0,1,0,0,1,0,0,True,True,True,True,True,1,0,0,1,0,0,1,0,0,1
20261004T181609Z-2ba1b2f7,hybrid_original-7b10b66ff41a6d,hybrid_original-7b10b66ff41a6d,synthetic,hybrid_original,syn-0012,gt-e85a6a6a191ccb57a030,syn-0012-e09,html/syn-0012.html,syn-0012.html,run-none12,synthetic-shop.local,,https://synthetic-shop.local/product/lever-arch-12-09,matched_gt,Папка-регистратор 75 мм синяя,406,present,Папка-регистратор 75 мм синяя,406.0,1,1,1.0,0,1.0,0.0,0.0,0.0,0.0,,matched_gt; deterministic,1,0,0,1,0,0,1,0,0,True,True,True,True,True,1,0,0,1,0,0,1,0,0,1
20261004T181609Z-2ba1b2f7,hybrid_original-7ea867d5eb30c9,hybrid_original-7ea867d5eb30c9,synthetic,hybrid_original,syn-0012,gt-8d2dc9d6ef5f9b056985,syn-0012-e03,html/syn-0012.html,syn-0012.html,run-none12,synthetic-shop.local,,https://synthetic-shop.local/product/notebook-a5-12-03,matched_gt,Блокнот A5 96 листов клетка,299,present,Блокнот A5 96 листов клетка,299.0,1,1,1.0,0,1.0,0.0,0.0,0.0,0.0,,matched_gt; deterministic,1,0,0,1,0,0,1,0,0,True,True,True,True,True,1,0,0,1,0,0,1,0,0,1
20261004T181609Z-2ba1b2f7,hybrid_original-58ef38e6321376,hybrid_original-58ef38e6321376,synthetic,hybrid_original,syn-0012,gt-e85e3785af1f7f4485ec,syn-0012-e11,html/syn-0012.html,syn-0012.html,run-none12,synthetic-shop.local,,https://synthetic-shop.local/product/notebook-a5-12-11,matched_gt,Блокнот A5 96 листов клетка — серия 2,299,present,Блокнот A5 96 листов клетка — серия 2,299.0,1,1,1.0,0,1.0,0.0,0.0,0.0,0.0,,matched_gt; deterministic,1,0,0,1,0,0,1,0,0,True,True,True,True,True,1,0,0,1,0,0,1,0,0,1
20261004T181609Z-2ba1b2f7,hybrid_original-95331bf78c9907,hybrid_original-95331bf78c9907,synthetic,hybrid_original,syn-0012,gt-164a660ea65f1f45cc2e,syn-0012-e08,html/syn-0012.html,syn-0012.html,run-none12,synthetic-shop.local,,https://synthetic-shop.local/product/permanent-marker-12-08,matched_gt,Маркер перманентный чёрный 2 мм,93,present,Маркер перманентный чёрный 2 мм,93.0,1,1,1.0,0,1.0,0.0,0.0,0.0,0.0,,matched_gt; deterministic,1,0,0,1,0,0,1,0,0,True,True,True,True,True,1,0,0,1,0,0,1,0,0,1
20261004T181609Z-2ba1b2f7,hybrid_original-12628f1855f144,hybrid_original-12628f1855f144,synthetic,hybrid_original,syn-0012,gt-9a5505d48726bbe429dd,syn-0012-e10,html/syn-0012.html,syn-0012.html,run-none12,synthetic-shop.local,,https://synthetic-shop.local/product/sheet-protectors-12-10,matched_gt,Файл-вкладыш A4 100 шт,571,present,Файл-вкладыш A4 100 шт,571.0,1,1,1.0,0,1.0,0.0,0.0,0.0,0.0,,matched_gt; deterministic,1,0,0,1,0,0,1,0,0,True,True,True,True,True,1,0,0,1,0,0,1,0,0,1
20261004T181609Z-2ba1b2f7,hybrid_original-d520c169544a8d,hybrid_original-d520c169544a8d,synthetic,hybrid_original,syn-0012,gt-0c158da0de43e468089a,syn-0012-e02,html/syn-0012.html,syn-0012.html,run-none12,synthetic-shop.local,,https://synthetic-shop.local/product/staples-12-02,matched_gt,Скобы для степлера №24/6 1000 шт,119,present,Скобы для степлера №24/6 1000 шт,119.0,1,1,1.0,0,1.0,0.0,0.0,0.0,0.0,,matched_gt; deterministic,1,0,0,1,0,0,1,0,0,True,True,True,True,True,1,0,0,1,0,0,1,0,0,1
20261004T181609Z-2ba1b2f7,hybrid_original-27838e64435e0f,hybrid_original-27838e64435e0f,synthetic,hybrid_original,syn-0013,gt-4179185338f9610ff92e,syn-0013-e05,html/syn-0013.html,syn-0013.html,run-none13,synthetic-shop.local,,https://synthetic-shop.local/product/a4-paper-13-05,matched_gt,Бумага офисная A4 80 г/м² 500 листов,579,present,Бумага офисная A4 80 г/м² 500 листов,579.0,1,1,1.0,0,1.0,0.0,0.0,0.0,0.0,,matched_gt; deterministic,1,0,0,1,0,0,1,0,0,True,True,True,True,True,1,0,0,1,0,0,1,0,0,1
20261004T181609Z-2ba1b2f7,hybrid_original-bbb4c40d07ab07,hybrid_original-bbb4c40d07ab07,synthetic,hybrid_original,syn-0013,gt-7ed215389f1eaee3ffb9,syn-0013-e12,html/syn-0013.html,syn-0013.html,run-none13,synthetic-shop.local,,https://synthetic-shop.local/product/a4-paper-13-12,matched_gt,Бумага офисная A4 80 г/м² 500 листов — серия 2,659,present,Бумага офисная A4 80 г/м² 500 листов — серия 2,659.0,1,1,1.0,0,1.0,0.0,0.0,0.0,0.0,,matched_gt; deterministic,1,0,0,1,0,0,1,0,0,True,True,True,True,True,1,0,0,1,0,0,1,0,0,1
20261004T181609Z-2ba1b2f7,hybrid_original-b57de4bd29c74b,hybrid_original-b57de4bd29c74b,synthetic,hybrid_original,syn-0013,gt-40ea114d4f7306eee230,syn-0013-e22,html/syn-0013.html,syn-0013.html,run-none13,synthetic-shop.local,,https://synthetic-shop.local/product/a4-paper-13-22,matched_gt,Бумага офисная A4 80 г/м² 500 листов — серия 3,605,present,Бумага офисная A4 80 г/м² 500 листов — серия 3,605.0,1,1,1.0,0,1.0,0.0,0.0,0.0,0.0,,matched_gt; deterministic,1,0,0,1,0,0,1,0,0,True,True,True,True,True,1,0,0,1,0,0,1,0,0,1
20261004T181609Z-2ba1b2f7,hybrid_original-b7c183fbc30773,hybrid_original-b7c183fbc30773,synthetic,hybrid_original,syn-0013,gt-7d1cb160764783b93f09,syn-0013-e04,html/syn-0013.html,syn-0013.html,run-none13,synthetic-shop.local,,https://synthetic-shop.local/product/correction-tape-13-04,matched_gt,Корректирующая лента 5 мм × 8 м,209,present,Корректирующая лента 5 мм × 8 м,209.0,1,1,1.0,0,1.0,0.0,0.0,0.0,0.0,,matched_gt; deterministic,1,0,0,1,0,0,1,0,0,True,True,True,True,True,1,0,0,1,0,0,1,0,0,1
20261004T181609Z-2ba1b2f7,hybrid_original-5cb695f39b34de,hybrid_original-5cb695f39b34de,synthetic,hybrid_original,syn-0013,gt-63969f6ab6f5760c1084,syn-0013-e14,html/syn-0013.html,syn-0013.html,run-none13,synthetic-shop.local,,https://synthetic-shop.local/product/correction-tape-13-14,matched_gt,Корректирующая лента 5 мм × 8 м — серия 2,215,present,Корректирующая лента 5 мм × 8 м — серия 2,215.0,1,1,1.0,0,1.0,0.0,0.0,0.0,0.0,,matched_gt; deterministic,1,0,0,1,0,0,1,0,0,True,True,True,True,True,1,0,0,1,0,0,1,0,0,1
20261004T181609Z-2ba1b2f7,hybrid_original-e38757fa890120,hybrid_original-e38757fa890120,synthetic,hybrid_original,syn-0013,gt-99d92f6af7e964ad84c6,syn-0013-e24,html/syn-0013.html,syn-0013.html,run-none13,synthetic-shop.local,,https://synthetic-shop.local/product/correction-tape-13-24,matched_gt,Корректирующая лента 5 мм × 8 м — серия 3,224,present,Корректирующая лента 5 мм × 8 м — серия 3,224.0,1,1,1.0,0,1.0,0.0,0.0,0.0,0.0,,matched_gt; deterministic,1,0,0,1,0,0,1,0,0,True,True,True,True,True,1,0,0,1,0,0,1,0,0,1
20261004T181609Z-2ba1b2f7,hybrid_original-35c93bfb9da39a,hybrid_original-35c93bfb9da39a,synthetic,hybrid_original,syn-0013,gt-d2b74e377540959cae5d,syn-0013-e09,html/syn-0013.html,syn-0013.html,run-none13,synthetic-shop.local,,https://synthetic-shop.local/product/gel-pen-13-09,matched_gt,Ручка гелевая синяя 0.5 мм,90,present,Ручка гелевая синяя 0.5 мм,90.0,1,1,1.0,0,1.0,0.0,0.0,0.0,0.0,,matched_gt; deterministic,1,0,0,1,0,0,1,0,0,True,True,True,True,True,1,0,0,1,0,0,1,0,0,1
20261004T181609Z-2ba1b2f7,hybrid_original-5c8cb01f451d7d,hybrid_original-5c8cb01f451d7d,synthetic,hybrid_original,syn-0013,gt-8c278b5b1d6a19670850,syn-0013-e17,html/syn-0013.html,syn-0013.html,run-none13,synthetic-shop.local,,https://synthetic-shop.local/product/gel-pen-13-17,matched_gt,Ручка гелевая синяя 0.5 мм — серия 2,100,present,Ручка гелевая синяя 0.5 мм — серия 2,100.0,1,1,1.0,0,1.0,0.0,0.0,0.0,0.0,,matched_gt; deterministic,1,0,0,1,0,0,1,0,0,True,True,True,True,True,1,0,0,1,0,0,1,0,0,1
20261004T181609Z-2ba1b2f7,hybrid_original-79a60371722677,hybrid_original-79a60371722677,synthetic,hybrid_original,syn-0013,gt-ab8ecfeb6d5228c1d6ad,syn-0013-e02,html/syn-0013.html,syn-0013.html,run-none13,synthetic-shop.local,,https://synthetic-shop.local/product/glue-stick-13-02,matched_gt,Клей-карандаш 21 г,149,present,Клей-карандаш 21 г,149.0,1,1,1.0,0,1.0,0.0,0.0,0.0,0.0,,matched_gt; deterministic,1,0,0,1,0,0,1,0,0,True,True,True,True,True,1,0,0,1,0,0,1,0,0,1
20261004T181609Z-2ba1b2f7,hybrid_original-359d5dc4f690d1,hybrid_original-359d5dc4f690d1,synthetic,hybrid_original,syn-0013,gt-1d3f608e29a4979a5bbc,syn-0013-e13,html/syn-0013.html,syn-0013.html,run-none13,synthetic-shop.local,,https://synthetic-shop.local/product/glue-stick-13-13,matched_gt,Клей-карандаш 21 г — серия 2,169,present,Клей-карандаш 21 г — серия 2,169.0,1,1,1.0,0,1.0,0.0,0.0,0.0,0.0,,matched_gt; deterministic,1,0,0,1,0,0,1,0,0,True,True,True,True,True,1,0,0,1,0,0,1,0,0,1
20261004T181609Z-2ba1b2f7,hybrid_original-dc5bb20e69192f,hybrid_original-dc5bb20e69192f,synthetic,hybrid_original,syn-0013,gt-d7d6b4d589eda3ae71d1,syn-0013-e23,html/syn-0013.html,syn-0013.html,run-none13,synthetic-shop.local,,https://synthetic-shop.local/product/glue-stick-13-23,matched_gt,Клей-карандаш 21 г — серия 3,176,present,Клей-карандаш 21 г — серия 3,176.0,1,1,1.0,0,1.0,0.0,0.0,0.0,0.0,,matched_gt; deterministic,1,0,0,1,0,0,1,0,0,True,True,True,True,True,1,0,0,1,0,0,1,0,0,1
20261004T181609Z-2ba1b2f7,hybrid_original-1b9bcff313b3f6,hybrid_original-1b9bcff313b3f6,synthetic,hybrid_original,syn-0013,gt-27f3798eb2f499379a42,syn-0013-e01,html/syn-0013.html,syn-0013.html,run-none13,synthetic-shop.local,,https://synthetic-shop.local/product/labels-13-01,matched_gt,Этикетки самоклеящиеся 70×37 мм,649,present,Этикетки самоклеящиеся 70×37 мм,649.0,1,1,1.0,0,1.0,0.0,0.0,0.0,0.0,,matched_gt; deterministic,1,0,0,1,0,0,1,0,0,True,True,True,True,True,1,0,0,1,0,0,1,0,0,1
20261004T181609Z-2ba1b2f7,hybrid_original-dd2913617c2d49,hybrid_original-dd2913617c2d49,synthetic,hybrid_original,syn-0013,gt-fa44e4c4cc565d7f7c69,syn-0013-e20,html/syn-0013.html,syn-0013.html,run-none13,synthetic-shop.local,,https://synthetic-shop.local/product/labels-13-20,matched_gt,Этикетки самоклеящиеся 70×37 мм — серия 2,723,present,Этикетки самоклеящиеся 70×37 мм — серия 2,723.0,1,1,1.0,0,1.0,0.0,0.0,0.0,0.0,,matched_gt; deterministic,1,0,0,1,0,0,1,0,0,True,True,True,True,True,1,0,0,1,0,0,1,0,0,1
20261004T181609Z-2ba1b2f7,hybrid_original-9ca84c741df282,hybrid_original-9ca84c741df282,synthetic,hybrid_original,syn-0013,gt-d3c3d425dfb9dcdd832e,syn-0013-e08,html/syn-0013.html,syn-0013.html,run-none13,synthetic-shop.local,,https://synthetic-shop.local/product/lever-arch-13-08,matched_gt,Папка-регистратор 75 мм синяя,421,present,Папка-регистратор 75 мм синяя,421.0,1,1,1.0,0,1.0,0.0,0.0,0.0,0.0,,matched_gt; deterministic,1,0,0,1,0,0,1,0,0,True,True,True,True,True,1,0,0,1,0,0,1,0,0,1
20261004T181609Z-2ba1b2f7,hybrid_original-d1d2de8b1399d9,hybrid_original-d1d2de8b1399d9,synthetic,hybrid_original,syn-0013,gt-2888ed260d1b08e3517d,syn-0013-e16,html/syn-0013.html,syn-0013.html,run-none13,synthetic-shop.local,,https://synthetic-shop.local/product/lever-arch-13-16,matched_gt,Папка-регистратор 75 мм синяя — серия 2,413,present,Папка-регистратор 75 мм синяя — серия 2,413.0,1,1,1.0,0,1.0,0.0,0.0,0.0,0.0,,matched_gt; deterministic,1,0,0,1,0,0,1,0,0,True,True,True,True,True,1,0,0,1,0,0,1,0,0,1
20261004T181609Z-2ba1b2f7,hybrid_original-47b4948f54a0c2,hybrid_original-47b4948f54a0c2,synthetic,hybrid_original,syn-0013,gt-ca65b53de05ecada8fcd,syn-0013-e26,html/syn-0013.html,syn-0013.html,run-none13,synthetic-shop.local,,https://synthetic-shop.local/product/lever-arch-13-26,matched_gt,Папка-регистратор 75 мм синяя — серия 3,379,present,Папка-регистратор 75 мм синяя — серия 3,379.0,1,1,1.0,0,1.0,0.0,0.0,0.0,0.0,,matched_gt; deterministic,1,0,0,1,0,0,1,0,0,True,True,True,True,True,1,0,0,1,0,0,1,0,0,1
20261004T181609Z-2ba1b2f7,hybrid_original-02c4894916298e,hybrid_original-02c4894916298e,synthetic,hybrid_original,syn-0013,gt-8b7fd8e124d36bb2d4a8,syn-0013-e06,html/syn-0013.html,syn-0013.html,run-none13,synthetic-shop.local,,https://synthetic-shop.local/product/notebook-a5-13-06,matched_gt,Блокнот A5 96 листов клетка,314,present,Блокнот A5 96 листов клетка,314.0,1,1,1.0,0,1.0,0.0,0.0,0.0,0.0,,matched_gt; deterministic,1,0,0,1,0,0,1,0,0,True,True,True,True,True,1,0,0,1,0,0,1,0,0,1
20261004T181609Z-2ba1b2f7,hybrid_original-a871dff755942a,hybrid_original-a871dff755942a,synthetic,hybrid_original,syn-0013,gt-da1354dc1ae4805aae00,syn-0013-e11,html/syn-0013.html,syn-0013.html,run-none13,synthetic-shop.local,,https://synthetic-shop.local/product/notebook-a5-13-11,matched_gt,Блокнот A5 96 листов клетка — серия 2,320,present,Блокнот A5 96 листов клетка — серия 2,320.0,1,1,1.0,0,1.0,0.0,0.0,0.0,0.0,,matched_gt; deterministic,1,0,0,1,0,0,1,0,0,True,True,True,True,True,1,0,0,1,0,0,1,0,0,1
20261004T181609Z-2ba1b2f7,hybrid_original-d4dec700a724a6,hybrid_original-d4dec700a724a6,synthetic,hybrid_original,syn-0013,gt-58475106c36fd13be28c,syn-0013-e21,html/syn-0013.html,syn-0013.html,run-none13,synthetic-shop.local,,https://synthetic-shop.local/product/notebook-a5-13-21,matched_gt,Блокнот A5 96 листов клетка — серия 3,332,present,Блокнот A5 96 листов клетка — серия 3,332.0,1,1,1.0,0,1.0,0.0,0.0,0.0,0.0,,matched_gt; deterministic,1,0,0,1,0,0,1,0,0,True,True,True,True,True,1,0,0,1,0,0,1,0,0,1
20261004T181609Z-2ba1b2f7,hybrid_original-8cf07644001540,hybrid_original-8cf07644001540,synthetic,hybrid_original,syn-0013,gt-19557d3a3580c4856a58,syn-0013-e07,html/syn-0013.html,syn-0013.html,run-none13,synthetic-shop.local,,https://synthetic-shop.local/product/permanent-marker-13-07,matched_gt,Маркер перманентный чёрный 2 мм,96,present,Маркер перманентный чёрный 2 мм,96.0,1,1,1.0,0,1.0,0.0,0.0,0.0,0.0,,matched_gt; deterministic,1,0,0,1,0,0,1,0,0,True,True,True,True,True,1,0,0,1,0,0,1,0,0,1
20261004T181609Z-2ba1b2f7,hybrid_original-3fd2df525f80ee,hybrid_original-3fd2df525f80ee,synthetic,hybrid_original,syn-0013,gt-3874b99d984ac1ef1ecc,syn-0013-e15,html/syn-0013.html,syn-0013.html,run-none13,synthetic-shop.local,,https://synthetic-shop.local/product/permanent-marker-13-15,matched_gt,Маркер перманентный чёрный 2 мм — серия 2,94,present,Маркер перманентный чёрный 2 мм — серия 2,94.0,1,1,1.0,0,1.0,0.0,0.0,0.0,0.0,,matched_gt; deterministic,1,0,0,1,0,0,1,0,0,True,True,True,True,True,1,0,0,1,0,0,1,0,0,1
20261004T181609Z-2ba1b2f7,hybrid_original-b230880ecca974,hybrid_original-b230880ecca974,synthetic,hybrid_original,syn-0013,gt-1f4938f079a1835f1cf0,syn-0013-e25,html/syn-0013.html,syn-0013.html,run-none13,synthetic-shop.local,,https://synthetic-shop.local/product/permanent-marker-13-25,matched_gt,Маркер перманентный чёрный 2 мм — серия 3,98,present,Маркер перманентный чёрный 2 мм — серия 3,98.0,1,1,1.0,0,1.0,0.0,0.0,0.0,0.0,,matched_gt; deterministic,1,0,0,1,0,0,1,0,0,True,True,True,True,True,1,0,0,1,0,0,1,0,0,1
20261004T181609Z-2ba1b2f7,hybrid_original-7acd9056f194f2,hybrid_original-7acd9056f194f2,synthetic,hybrid_original,syn-0013,gt-9a3dd944784d91c1a4e5,syn-0013-e03,html/syn-0013.html,syn-0013.html,run-none13,synthetic-shop.local,,https://synthetic-shop.local/product/sheet-protectors-13-03,matched_gt,Файл-вкладыш A4 100 шт,519,present,Файл-вкладыш A4 100 шт,519.0,1,1,1.0,0,1.0,0.0,0.0,0.0,0.0,,matched_gt; deterministic,1,0,0,1,0,0,1,0,0,True,True,True,True,True,1,0,0,1,0,0,1,0,0,1
20261004T181609Z-2ba1b2f7,hybrid_original-b650b5f40747f8,hybrid_original-b650b5f40747f8,synthetic,hybrid_original,syn-0013,gt-1a680184bddb501329c6,syn-0013-e19,html/syn-0013.html,syn-0013.html,run-none13,synthetic-shop.local,,https://synthetic-shop.local/product/sheet-protectors-13-19,matched_gt,Файл-вкладыш A4 100 шт — серия 2,545,present,Файл-вкладыш A4 100 шт — серия 2,545.0,1,1,1.0,0,1.0,0.0,0.0,0.0,0.0,,matched_gt; deterministic,1,0,0,1,0,0,1,0,0,True,True,True,True,True,1,0,0,1,0,0,1,0,0,1
20261004T181609Z-2ba1b2f7,hybrid_original-25a7ba7114ca6f,hybrid_original-25a7ba7114ca6f,synthetic,hybrid_original,syn-0013,gt-ef0506b57309472e3173,syn-0013-e10,html/syn-0013.html,syn-0013.html,run-none13,synthetic-shop.local,,https://synthetic-shop.local/product/staples-13-10,matched_gt,Скобы для степлера №24/6 1000 шт,145,present,Скобы для степлера №24/6 1000 шт,145.0,1,1,1.0,0,1.0,0.0,0.0,0.0,0.0,,matched_gt; deterministic,1,0,0,1,0,0,1,0,0,True,True,True,True,True,1,0,0,1,0,0,1,0,0,1
20261004T181609Z-2ba1b2f7,hybrid_original-5224fdf4e8d2df,hybrid_original-5224fdf4e8d2df,synthetic,hybrid_original,syn-0013,gt-91b8d8d48e2d4425179f,syn-0013-e18,html/syn-0013.html,syn-0013.html,run-none13,synthetic-shop.local,,https://synthetic-shop.local/product/staples-13-18,matched_gt,Скобы для степлера №24/6 1000 шт — серия 2,142,present,Скобы для степлера №24/6 1000 шт — серия 2,142.0,1,1,1.0,0,1.0,0.0,0.0,0.0,0.0,,matched_gt; deterministic,1,0,0,1,0,0,1,0,0,True,True,True,True,True,1,0,0,1,0,0,1,0,0,1
20261004T181609Z-2ba1b2f7,hybrid_original-22aa081e8c3266,hybrid_original-22aa081e8c3266,synthetic,hybrid_original,syn-0014,gt-c6f764188f8fb5782673,syn-0014-e02,html/syn-0014.html,syn-0014.html,run-none14,synthetic-shop.local,,https://synthetic-shop.local/product/a4-paper-14-02,matched_gt,Бумага офисная A4 80 г/м² 500 листов,599,present,Бумага офисная A4 80 г/м² 500 листов,599.0,1,1,1.0,0,1.0,0.0,0.0,0.0,0.0,,matched_gt; deterministic,1,0,0,1,0,0,1,0,0,True,True,True,True,True,1,0,0,1,0,0,1,0,0,1
20261004T181609Z-2ba1b2f7,hybrid_original-1cf9d7578eaf74,hybrid_original-1cf9d7578eaf74,synthetic,hybrid_original,syn-0014,gt-79a0a2d0e4e70476247c,syn-0014-e12,html/syn-0014.html,syn-0014.html,run-none14,synthetic-shop.local,,https://synthetic-shop.local/product/a4-paper-14-12,matched_gt,Бумага офисная A4 80 г/м² 500 листов — серия 2,623,present,Бумага офисная A4 80 г/м² 500 листов — серия 2,623.0,1,1,1.0,0,1.0,0.0,0.0,0.0,0.0,,matched_gt; deterministic,1,0,0,1,0,0,1,0,0,True,True,True,True,True,1,0,0,1,0,0,1,0,0,1
20261004T181609Z-2ba1b2f7,hybrid_original-8bcf6c3b3883cf,hybrid_original-8bcf6c3b3883cf,synthetic,hybrid_original,syn-0014,gt-eba07503a08f9268279c,syn-0014-e01,html/syn-0014.html,syn-0014.html,run-none14,synthetic-shop.local,,https://synthetic-shop.local/product/correction-tape-14-01,matched_gt,Корректирующая лента 5 мм × 8 м,189,present,Корректирующая лента 5 мм × 8 м,189.0,1,1,1.0,0,1.0,0.0,0.0,0.0,0.0,,matched_gt; deterministic,1,0,0,1,0,0,1,0,0,True,True,True,True,True,1,0,0,1,0,0,1,0,0,1
20261004T181609Z-2ba1b2f7,hybrid_original-8f82cc3d2be43e,hybrid_original-8f82cc3d2be43e,synthetic,hybrid_original,syn-0014,gt-353cdf52a47b60392a3a,syn-0014-e14,html/syn-0014.html,syn-0014.html,run-none14,synthetic-shop.local,,https://synthetic-shop.local/product/correction-tape-14-14,matched_gt,Корректирующая лента 5 мм × 8 м — серия 2,230,present,Корректирующая лента 5 мм × 8 м — серия 2,230.0,1,1,1.0,0,1.0,0.0,0.0,0.0,0.0,,matched_gt; deterministic,1,0,0,1,0,0,1,0,0,True,True,True,True,True,1,0,0,1,0,0,1,0,0,1
20261004T181609Z-2ba1b2f7,hybrid_original-6a918f227edbc0,hybrid_original-6a918f227edbc0,synthetic,hybrid_original,syn-0014,gt-23540a1347fc3ce347cb,syn-0014-e05,html/syn-0014.html,syn-0014.html,run-none14,synthetic-shop.local,,https://synthetic-shop.local/product/gel-pen-14-05,matched_gt,Ручка гелевая синяя 0.5 мм,89,present,Ручка гелевая синяя 0.5 мм,89.0,1,1,1.0,0,1.0,0.0,0.0,0.0,0.0,,matched_gt; deterministic,1,0,0,1,0,0,1,0,0,True,True,True,True,True,1,0,0,1,0,0,1,0,0,1
20261004T181609Z-2ba1b2f7,hybrid_original-7fb88434177902,hybrid_original-7fb88434177902,synthetic,hybrid_original,syn-0014,gt-3c6c7b856cca0249fc96,syn-0014-e07,html/syn-0014.html,syn-0014.html,run-none14,synthetic-shop.local,,https://synthetic-shop.local/product/glue-stick-14-07,matched_gt,Клей-карандаш 21 г,172,present,Клей-карандаш 21 г,172.0,1,1,1.0,0,1.0,0.0,0.0,0.0,0.0,,matched_gt; deterministic,1,0,0,1,0,0,1,0,0,True,True,True,True,True,1,0,0,1,0,0,1,0,0,1
20261004T181609Z-2ba1b2f7,hybrid_original-1a07b4506593bf,hybrid_original-1a07b4506593bf,synthetic,hybrid_original,syn-0014,gt-6f1a061105b3e027bcaf,syn-0014-e13,html/syn-0014.html,syn-0014.html,run-none14,synthetic-shop.local,,https://synthetic-shop.local/product/glue-stick-14-13,matched_gt,Клей-карандаш 21 г — серия 2,181,present,Клей-карандаш 21 г — серия 2,181.0,1,1,1.0,0,1.0,0.0,0.0,0.0,0.0,,matched_gt; deterministic,1,0,0,1,0,0,1,0,0,True,True,True,True,True,1,0,0,1,0,0,1,0,0,1
20261004T181609Z-2ba1b2f7,hybrid_original-d61f76d1914d6f,hybrid_original-d61f76d1914d6f,synthetic,hybrid_original,syn-0014,gt-57baa55fddd8c814b814,syn-0014-e10,html/syn-0014.html,syn-0014.html,run-none14,synthetic-shop.local,,https://synthetic-shop.local/product/labels-14-10,matched_gt,Этикетки самоклеящиеся 70×37 мм,743,present,Этикетки самоклеящиеся 70×37 мм,743.0,1,1,1.0,0,1.0,0.0,0.0,0.0,0.0,,matched_gt; deterministic,1,0,0,1,0,0,1,0,0,True,True,True,True,True,1,0,0,1,0,0,1,0,0,1
20261004T181609Z-2ba1b2f7,hybrid_original-af945555f5a0b4,hybrid_original-af945555f5a0b4,synthetic,hybrid_original,syn-0014,gt-64cfd063db53827aadab,syn-0014-e03,html/syn-0014.html,syn-0014.html,run-none14,synthetic-shop.local,,https://synthetic-shop.local/product/lever-arch-14-03,matched_gt,Папка-регистратор 75 мм синяя,379,present,Папка-регистратор 75 мм синяя,379.0,1,1,1.0,0,1.0,0.0,0.0,0.0,0.0,,matched_gt; deterministic,1,0,0,1,0,0,1,0,0,True,True,True,True,True,1,0,0,1,0,0,1,0,0,1
20261004T181609Z-2ba1b2f7,hybrid_original-fcf0b90f3f03cb,hybrid_original-fcf0b90f3f03cb,synthetic,hybrid_original,syn-0014,gt-5bf4129f828719241865,syn-0014-e16,html/syn-0014.html,syn-0014.html,run-none14,synthetic-shop.local,,https://synthetic-shop.local/product/lever-arch-14-16,matched_gt,Папка-регистратор 75 мм синяя — серия 2,390,present,Папка-регистратор 75 мм синяя — серия 2,390.0,1,1,1.0,0,1.0,0.0,0.0,0.0,0.0,,matched_gt; deterministic,1,0,0,1,0,0,1,0,0,True,True,True,True,True,1,0,0,1,0,0,1,0,0,1
20261004T181609Z-2ba1b2f7,hybrid_original-8e7be060f6d70d,hybrid_original-8e7be060f6d70d,synthetic,hybrid_original,syn-0014,gt-fe7feb13468f978035f3,syn-0014-e06,html/syn-0014.html,syn-0014.html,run-none14,synthetic-shop.local,,https://synthetic-shop.local/product/notebook-a5-14-06,matched_gt,Блокнот A5 96 листов клетка,335,present,Блокнот A5 96 листов клетка,335.0,1,1,1.0,0,1.0,0.0,0.0,0.0,0.0,,matched_gt; deterministic,1,0,0,1,0,0,1,0,0,True,True,True,True,True,1,0,0,1,0,0,1,0,0,1
20261004T181609Z-2ba1b2f7,hybrid_original-3962bbdcbc96b1,hybrid_original-3962bbdcbc96b1,synthetic,hybrid_original,syn-0014,gt-f1d2bb4377932bd6002f,syn-0014-e11,html/syn-0014.html,syn-0014.html,run-none14,synthetic-shop.local,,https://synthetic-shop.local/product/notebook-a5-14-11,matched_gt,Блокнот A5 96 листов клетка — серия 2,302,present,Блокнот A5 96 листов клетка — серия 2,302.0,1,1,1.0,0,1.0,0.0,0.0,0.0,0.0,,matched_gt; deterministic,1,0,0,1,0,0,1,0,0,True,True,True,True,True,1,0,0,1,0,0,1,0,0,1
20261004T181609Z-2ba1b2f7,hybrid_original-06bf48cc155159,hybrid_original-06bf48cc155159,synthetic,hybrid_original,syn-0014,gt-c7f33955fe201fa6166f,syn-0014-e04,html/syn-0014.html,syn-0014.html,run-none14,synthetic-shop.local,,https://synthetic-shop.local/product/permanent-marker-14-04,matched_gt,Маркер перманентный чёрный 2 мм,89,present,Маркер перманентный чёрный 2 мм,89.0,1,1,1.0,0,1.0,0.0,0.0,0.0,0.0,,matched_gt; deterministic,1,0,0,1,0,0,1,0,0,True,True,True,True,True,1,0,0,1,0,0,1,0,0,1
20261004T181609Z-2ba1b2f7,hybrid_original-91fdd2560b3f73,hybrid_original-91fdd2560b3f73,synthetic,hybrid_original,syn-0014,gt-6bc34fed2bc420c0dc4b,syn-0014-e15,html/syn-0014.html,syn-0014.html,run-none14,synthetic-shop.local,,https://synthetic-shop.local/product/permanent-marker-14-15,matched_gt,Маркер перманентный чёрный 2 мм — серия 2,89,present,Маркер перманентный чёрный 2 мм — серия 2,89.0,1,1,1.0,0,1.0,0.0,0.0,0.0,0.0,,matched_gt; deterministic,1,0,0,1,0,0,1,0,0,True,True,True,True,True,1,0,0,1,0,0,1,0,0,1
20261004T181609Z-2ba1b2f7,hybrid_original-350072e12057c5,hybrid_original-350072e12057c5,synthetic,hybrid_original,syn-0014,gt-1193566ae36d8c4e349e,syn-0014-e09,html/syn-0014.html,syn-0014.html,run-none14,synthetic-shop.local,,https://synthetic-shop.local/product/sheet-protectors-14-09,matched_gt,Файл-вкладыш A4 100 шт,561,present,Файл-вкладыш A4 100 шт,561.0,1,1,1.0,0,1.0,0.0,0.0,0.0,0.0,,matched_gt; deterministic,1,0,0,1,0,0,1,0,0,True,True,True,True,True,1,0,0,1,0,0,1,0,0,1
20261004T181609Z-2ba1b2f7,hybrid_original-f6e950c005ce29,hybrid_original-f6e950c005ce29,synthetic,hybrid_original,syn-0014,gt-e742878e3e4a649428e3,syn-0014-e08,html/syn-0014.html,syn-0014.html,run-none14,synthetic-shop.local,,https://synthetic-shop.local/product/staples-14-08,matched_gt,Скобы для степлера №24/6 1000 шт,146,present,Скобы для степлера №24/6 1000 шт,146.0,1,1,1.0,0,1.0,0.0,0.0,0.0,0.0,,matched_gt; deterministic,1,0,0,1,0,0,1,0,0,True,True,True,True,True,1,0,0,1,0,0,1,0,0,1
20261004T181609Z-2ba1b2f7,hybrid_original-526554bea07910,hybrid_original-526554bea07910,synthetic,hybrid_original,syn-0015,gt-968b3438474cf2db9339,syn-0015-e03,html/syn-0015.html,syn-0015.html,run-none15,synthetic-shop.local,,https://synthetic-shop.local/product/mechanical-keyboard-15-03,matched_gt,Клавиатура механическая USB,6490,present,Клавиатура механическая USB,6490.0,1,1,1.0,0,1.0,0.0,0.0,0.0,0.0,,matched_gt; candidate_only,1,0,0,1,0,0,1,0,0,True,True,True,True,True,1,0,0,1,0,0,1,0,0,1
20261004T181609Z-2ba1b2f7,hybrid_original-88d2bdbbb23424,,synthetic,hybrid_original,syn-0015,gt-0f318d8ae7663a6e8801,syn-0015-e15,html/syn-0015.html,syn-0015.html,run-none15,synthetic-shop.local,,https://synthetic-shop.local/product/mechanical-keyboard-15-15,missing_prediction,Клавиатура механическая USB — серия 2,6944,present,,,0,0,,0,,,,,,missing_entity,missing_prediction,0,0,1,0,0,1,0,0,1,True,True,True,False,False,0,0,1,0,0,1,0,0,1,0
20261004T181609Z-2ba1b2f7,hybrid_original-92f8135ee90671,,synthetic,hybrid_original,syn-0015,gt-aad2745dd7151d7d8c32,syn-0015-e25,html/syn-0015.html,syn-0015.html,run-none15,synthetic-shop.local,,https://synthetic-shop.local/product/mechanical-keyboard-15-25,missing_prediction,Клавиатура механическая USB — серия 3,7204,present,,,0,0,,0,,,,,,missing_entity,missing_prediction,0,0,1,0,0,1,0,0,1,True,True,True,False,False,0,0,1,0,0,1,0,0,1,0
20261004T181609Z-2ba1b2f7,hybrid_original-b68bd701c6e4bc,,synthetic,hybrid_original,syn-0015,gt-e7aaa1617028d7803960,syn-0015-e09,html/syn-0015.html,syn-0015.html,run-none15,synthetic-shop.local,,https://synthetic-shop.local/product/mini-pc-15-09,missing_prediction,Мини-ПК 16 ГБ / 512 ГБ,37224,present,,,0,0,,0,,,,,,missing_entity,missing_prediction,0,0,1,0,0,1,0,0,1,True,True,True,False,False,0,0,1,0,0,1,0,0,1,0
20261004T181609Z-2ba1b2f7,hybrid_original-133e1ebacf906b,,synthetic,hybrid_original,syn-0015,gt-4ba85691b8db00193eb3,syn-0015-e18,html/syn-0015.html,syn-0015.html,run-none15,synthetic-shop.local,,https://synthetic-shop.local/product/mini-pc-15-18,missing_prediction,Мини-ПК 16 ГБ / 512 ГБ — серия 2,37589,present,,,0,0,,0,,,,,,missing_entity,missing_prediction,0,0,1,0,0,1,0,0,1,True,True,True,False,False,0,0,1,0,0,1,0,0,1,0
20261004T181609Z-2ba1b2f7,hybrid_original-46f3ec192f607e,,synthetic,hybrid_original,syn-0015,gt-bb470eb8277eef020521,syn-0015-e28,html/syn-0015.html,syn-0015.html,run-none15,synthetic-shop.local,,https://synthetic-shop.local/product/mini-pc-15-28,missing_prediction,Мини-ПК 16 ГБ / 512 ГБ — серия 3,39049,present,,,0,0,,0,,,,,,missing_entity,missing_prediction,0,0,1,0,0,1,0,0,1,True,True,True,False,False,0,0,1,0,0,1,0,0,1,0
20261004T181609Z-2ba1b2f7,hybrid_original-cadfdaa9e7a8e0,hybrid_original-cadfdaa9e7a8e0,synthetic,hybrid_original,syn-0015,gt-e595bf0813c72252afe7,syn-0015-e01,html/syn-0015.html,syn-0015.html,run-none15,synthetic-shop.local,,https://synthetic-shop.local/product/monitor-27-15-01,matched_gt,Монитор 27″ IPS QHD 165 Гц,29396,present,Монитор 27″ IPS QHD 165 Гц,29396.0,1,1,1.0,0,1.0,0.0,0.0,0.0,0.0,,matched_gt; candidate_only,1,0,0,1,0,0,1,0,0,True,True,True,True,True,1,0,0,1,0,0,1,0,0,1
20261004T181609Z-2ba1b2f7,hybrid_original-708eb005c74d92,,synthetic,hybrid_original,syn-0015,gt-791c94a8c5859b47e1b4,syn-0015-e19,html/syn-0015.html,syn-0015.html,run-none15,synthetic-shop.local,,https://synthetic-shop.local/product/monitor-27-15-19,missing_prediction,Монитор 27″ IPS QHD 165 Гц — серия 2,31160,present,,,0,0,,0,,,,,,missing_entity,missing_prediction,0,0,1,0,0,1,0,0,1,True,True,True,False,False,0,0,1,0,0,1,0,0,1,0
20261004T181609Z-2ba1b2f7,hybrid_original-65f18d13f6cf4b,hybrid_original-65f18d13f6cf4b,synthetic,hybrid_original,syn-0015,gt-7bd82e9570a7f1c5e573,syn-0015-e04,html/syn-0015.html,syn-0015.html,run-none15,synthetic-shop.local,,https://synthetic-shop.local/product/portable-ssd-15-04,matched_gt,Внешний SSD 2 ТБ USB-C,17109,present,Внешний SSD 2 ТБ USB-C,17109.0,1,1,1.0,0,1.0,0.0,0.0,0.0,0.0,,matched_gt; candidate_only,1,0,0,1,0,0,1,0,0,True,True,True,True,True,1,0,0,1,0,0,1,0,0,1
20261004T181609Z-2ba1b2f7,hybrid_original-3a83aa561cd3cd,,synthetic,hybrid_original,syn-0015,gt-a8656fade887f8d7891e,syn-0015-e13,html/syn-0015.html,syn-0015.html,run-none15,synthetic-shop.local,,https://synthetic-shop.local/product/portable-ssd-15-13,missing_prediction,Внешний SSD 2 ТБ USB-C — серия 2,17280,present,,,0,0,,0,,,,,,missing_entity,missing_prediction,0,0,1,0,0,1,0,0,1,True,True,True,False,False,0,0,1,0,0,1,0,0,1,0
20261004T181609Z-2ba1b2f7,hybrid_original-160072f9f75850,,synthetic,hybrid_original,syn-0015,gt-ae32eb04f7811547b135,syn-0015-e23,html/syn-0015.html,syn-0015.html,run-none15,synthetic-shop.local,,https://synthetic-shop.local/product/portable-ssd-15-23,missing_prediction,Внешний SSD 2 ТБ USB-C — серия 3,17964,present,,,0,0,,0,,,,,,missing_entity,missing_prediction,0,0,1,0,0,1,0,0,1,True,True,True,False,False,0,0,1,0,0,1,0,0,1,0
20261004T181609Z-2ba1b2f7,hybrid_original-c29d35a463775c,hybrid_original-c29d35a463775c,synthetic,hybrid_original,syn-0015,gt-524a55b4661897802c94,syn-0015-e06,html/syn-0015.html,syn-0015.html,run-none15,synthetic-shop.local,,https://synthetic-shop.local/product/ssd-1tb-15-06,matched_gt,SSD накопитель 1 ТБ NVMe PCIe 4.0,9124,present,SSD накопитель 1 ТБ NVMe PCIe 4.0,9124.0,1,1,1.0,0,1.0,0.0,0.0,0.0,0.0,,matched_gt; candidate_only,1,0,0,1,0,0,1,0,0,True,True,True,True,True,1,0,0,1,0,0,1,0,0,1
20261004T181609Z-2ba1b2f7,hybrid_original-2c8d7a4147a234,,synthetic,hybrid_original,syn-0015,gt-f6ec2b53b18c1b670590,syn-0015-e11,html/syn-0015.html,syn-0015.html,run-none15,synthetic-shop.local,,https://synthetic-shop.local/product/ssd-1tb-15-11,missing_prediction,SSD накопитель 1 ТБ NVMe PCIe 4.0 — серия 2,9297,present,,,0,0,,0,,,,,,missing_entity,missing_prediction,0,0,1,0,0,1,0,0,1,True,True,True,False,False,0,0,1,0,0,1,0,0,1,0
20261004T181609Z-2ba1b2f7,hybrid_original-cf74791d76cd1f,,synthetic,hybrid_original,syn-0015,gt-ef96e0cf612f7e669d75,syn-0015-e21,html/syn-0015.html,syn-0015.html,run-none15,synthetic-shop.local,,https://synthetic-shop.local/product/ssd-1tb-15-21,missing_prediction,SSD накопитель 1 ТБ NVMe PCIe 4.0 — серия 3,9641,present,,,0,0,,0,,,,,,missing_entity,missing_prediction,0,0,1,0,0,1,0,0,1,True,True,True,False,False,0,0,1,0,0,1,0,0,1,0
20261004T181609Z-2ba1b2f7,hybrid_original-20ca41034389a6,hybrid_original-20ca41034389a6,synthetic,hybrid_original,syn-0015,gt-c5c3d4c65eb0ebf2039d,syn-0015-e07,html/syn-0015.html,syn-0015.html,run-none15,synthetic-shop.local,,https://synthetic-shop.local/product/switch-8p-15-07,matched_gt,Коммутатор 8-портовый Gigabit,5038,present,Коммутатор 8-портовый Gigabit,5038.0,1,1,1.0,0,1.0,0.0,0.0,0.0,0.0,,matched_gt; candidate_only,1,0,0,1,0,0,1,0,0,True,True,True,True,True,1,0,0,1,0,0,1,0,0,1
20261004T181609Z-2ba1b2f7,hybrid_original-ee1f8638c0265a,,synthetic,hybrid_original,syn-0015,gt-d749aeb134cf88a27a47,syn-0015-e16,html/syn-0015.html,syn-0015.html,run-none15,synthetic-shop.local,,https://synthetic-shop.local/product/switch-8p-15-16,missing_prediction,Коммутатор 8-портовый Gigabit — серия 2,5084,present,,,0,0,,0,,,,,,missing_entity,missing_prediction,0,0,1,0,0,1,0,0,1,True,True,True,False,False,0,0,1,0,0,1,0,0,1,0
20261004T181609Z-2ba1b2f7,hybrid_original-85c8a87ab8d529,,synthetic,hybrid_original,syn-0015,gt-a4ed040c1844b54912a0,syn-0015-e26,html/syn-0015.html,syn-0015.html,run-none15,synthetic-shop.local,,https://synthetic-shop.local/product/switch-8p-15-26,missing_prediction,Коммутатор 8-портовый Gigabit — серия 3,4668,present,,,0,0,,0,,,,,,missing_entity,missing_prediction,0,0,1,0,0,1,0,0,1,True,True,True,False,False,0,0,1,0,0,1,0,0,1,0
20261004T181609Z-2ba1b2f7,hybrid_original-21fbf51a163d4b,hybrid_original-21fbf51a163d4b,synthetic,hybrid_original,syn-0015,gt-264114a9db4ab4f7910f,syn-0015-e02,html/syn-0015.html,syn-0015.html,run-none15,synthetic-shop.local,,https://synthetic-shop.local/product/ups-1000-15-02,matched_gt,Источник бесперебойного питания 1000 ВА,12242,present,Источник бесперебойного питания 1000 ВА,12242.0,1,1,1.0,0,1.0,0.0,0.0,0.0,0.0,,matched_gt; candidate_only,1,0,0,1,0,0,1,0,0,True,True,True,True,True,1,0,0,1,0,0,1,0,0,1
20261004T181609Z-2ba1b2f7,hybrid_original-95a09e30af6a3b,,synthetic,hybrid_original,syn-0015,gt-05689cce7d9ea18ebea9,syn-0015-e14,html/syn-0015.html,syn-0015.html,run-none15,synthetic-shop.local,,https://synthetic-shop.local/product/ups-1000-15-14,missing_prediction,Источник бесперебойного питания 1000 ВА — серия 2,12732,present,,,0,0,,0,,,,,,missing_entity,missing_prediction,0,0,1,0,0,1,0,0,1,True,True,True,False,False,0,0,1,0,0,1,0,0,1,0
20261004T181609Z-2ba1b2f7,hybrid_original-47d7651835267d,,synthetic,hybrid_original,syn-0015,gt-62447c13f743c4b5c785,syn-0015-e24,html/syn-0015.html,syn-0015.html,run-none15,synthetic-shop.local,,https://synthetic-shop.local/product/ups-1000-15-24,missing_prediction,Источник бесперебойного питания 1000 ВА — серия 3,13221,present,,,0,0,,0,,,,,,missing_entity,missing_prediction,0,0,1,0,0,1,0,0,1,True,True,True,False,False,0,0,1,0,0,1,0,0,1,0
20261004T181609Z-2ba1b2f7,hybrid_original-560fbafbc2d436,,synthetic,hybrid_original,syn-0015,gt-781d467817a3fa5c9af1,syn-0015-e10,html/syn-0015.html,syn-0015.html,run-none15,synthetic-shop.local,,https://synthetic-shop.local/product/usb-headset-15-10,missing_prediction,Наушники USB с микрофоном,3206,present,,,0,0,,0,,,,,,missing_entity,missing_prediction,0,0,1,0,0,1,0,0,1,True,True,True,False,False,0,0,1,0,0,1,0,0,1,0
20261004T181609Z-2ba1b2f7,hybrid_original-ddec4cc9a41e72,,synthetic,hybrid_original,syn-0015,gt-c738fe87d5a99c079482,syn-0015-e20,html/syn-0015.html,syn-0015.html,run-none15,synthetic-shop.local,,https://synthetic-shop.local/product/usb-headset-15-20,missing_prediction,Наушники USB с микрофоном — серия 2,3328,present,,,0,0,,0,,,,,,missing_entity,missing_prediction,0,0,1,0,0,1,0,0,1,True,True,True,False,False,0,0,1,0,0,1,0,0,1,0
20261004T181609Z-2ba1b2f7,hybrid_original-db7c4095d7b4d9,hybrid_original-db7c4095d7b4d9,synthetic,hybrid_original,syn-0015,gt-1c66cc4a92eec54d0432,syn-0015-e05,html/syn-0015.html,syn-0015.html,run-none15,synthetic-shop.local,,https://synthetic-shop.local/product/webcam-15-05,matched_gt,Веб-камера Full HD 1080p,4046,present,Веб-камера Full HD 1080p,4046.0,1,1,1.0,0,1.0,0.0,0.0,0.0,0.0,,matched_gt; candidate_only,1,0,0,1,0,0,1,0,0,True,True,True,True,True,1,0,0,1,0,0,1,0,0,1
20261004T181609Z-2ba1b2f7,hybrid_original-0d45124dc80f2f,,synthetic,hybrid_original,syn-0015,gt-db92c83a2a84760aebba,syn-0015-e12,html/syn-0015.html,syn-0015.html,run-none15,synthetic-shop.local,,https://synthetic-shop.local/product/webcam-15-12,missing_prediction,Веб-камера Full HD 1080p — серия 2,4491,present,,,0,0,,0,,,,,,missing_entity,missing_prediction,0,0,1,0,0,1,0,0,1,True,True,True,False,False,0,0,1,0,0,1,0,0,1,0
20261004T181609Z-2ba1b2f7,hybrid_original-cdc95e841fe522,,synthetic,hybrid_original,syn-0015,gt-e1077231963fb6cb4fd8,syn-0015-e22,html/syn-0015.html,syn-0015.html,run-none15,synthetic-shop.local,,https://synthetic-shop.local/product/webcam-15-22,missing_prediction,Веб-камера Full HD 1080p — серия 3,4127,present,,,0,0,,0,,,,,,missing_entity,missing_prediction,0,0,1,0,0,1,0,0,1,True,True,True,False,False,0,0,1,0,0,1,0,0,1,0
20261004T181609Z-2ba1b2f7,hybrid_original-9aece3caf0a878,hybrid_original-9aece3caf0a878,synthetic,hybrid_original,syn-0015,gt-f928170cef7fdaf4e8ad,syn-0015-e08,html/syn-0015.html,syn-0015.html,run-none15,synthetic-shop.local,,https://synthetic-shop.local/product/wifi-router-15-08,matched_gt,Маршрутизатор Wi‑Fi 6 AX3000,7993,present,Маршрутизатор Wi‑Fi 6 AX3000,7993.0,1,1,1.0,0,1.0,0.0,0.0,0.0,0.0,,matched_gt; candidate_only,1,0,0,1,0,0,1,0,0,True,True,True,True,True,1,0,0,1,0,0,1,0,0,1
20261004T181609Z-2ba1b2f7,hybrid_original-73209092d1ff93,,synthetic,hybrid_original,syn-0015,gt-bb5541d29a6d511353a3,syn-0015-e17,html/syn-0015.html,syn-0015.html,run-none15,synthetic-shop.local,,https://synthetic-shop.local/product/wifi-router-15-17,missing_prediction,Маршрутизатор Wi‑Fi 6 AX3000 — серия 2,7137,present,,,0,0,,0,,,,,,missing_entity,missing_prediction,0,0,1,0,0,1,0,0,1,True,True,True,False,False,0,0,1,0,0,1,0,0,1,0
20261004T181609Z-2ba1b2f7,hybrid_original-7ed9d205e0eb5e,,synthetic,hybrid_original,syn-0015,gt-df7ab2a635a36092542b,syn-0015-e27,html/syn-0015.html,syn-0015.html,run-none15,synthetic-shop.local,,https://synthetic-shop.local/product/wifi-router-15-27,missing_prediction,Маршрутизатор Wi‑Fi 6 AX3000 — серия 3,7422,present,,,0,0,,0,,,,,,missing_entity,missing_prediction,0,0,1,0,0,1,0,0,1,True,True,True,False,False,0,0,1,0,0,1,0,0,1,0
20261004T181609Z-2ba1b2f7,hybrid_original-5a7412a3cc60dd,hybrid_original-5a7412a3cc60dd,synthetic,hybrid_original,syn-0016,gt-92ab2145ac974cb8b49d,syn-0016-e08,html/syn-0016.html,syn-0016.html,run-none16,synthetic-shop.local,,https://synthetic-shop.local/product/mechanical-keyboard-16-08,matched_gt,Клавиатура механическая USB,6879,present,Клавиатура механическая USB,6879.0,1,1,1.0,0,1.0,0.0,0.0,0.0,0.0,,matched_gt; candidate_only,1,0,0,1,0,0,1,0,0,True,True,True,True,True,1,0,0,1,0,0,1,0,0,1
20261004T181609Z-2ba1b2f7,hybrid_original-e1179ae7f48a33,hybrid_original-e1179ae7f48a33,synthetic,hybrid_original,syn-0016,gt-abd51d2eb3d90985f977,syn-0016-e04,html/syn-0016.html,syn-0016.html,run-none16,synthetic-shop.local,,https://synthetic-shop.local/product/mini-pc-16-04,matched_gt,Мини-ПК 16 ГБ / 512 ГБ,36494,present,Мини-ПК 16 ГБ / 512 ГБ,36494.0,1,1,1.0,0,1.0,0.0,0.0,0.0,0.0,,matched_gt; candidate_only,1,0,0,1,0,0,1,0,0,True,True,True,True,True,1,0,0,1,0,0,1,0,0,1
20261004T181609Z-2ba1b2f7,hybrid_original-65bc29431bc495,,synthetic,hybrid_original,syn-0016,gt-a3d5866c24fbd7a67299,syn-0016-e10,html/syn-0016.html,syn-0016.html,run-none16,synthetic-shop.local,,https://synthetic-shop.local/product/monitor-27-16-10,missing_prediction,Монитор 27″ IPS QHD 165 Гц,32924,present,,,0,0,,0,,,,,,missing_entity,missing_prediction,0,0,1,0,0,1,0,0,1,True,True,True,False,False,0,0,1,0,0,1,0,0,1,0
20261004T181609Z-2ba1b2f7,hybrid_original-77d2d276679832,hybrid_original-77d2d276679832,synthetic,hybrid_original,syn-0016,gt-1e798148de91d99b05f6,syn-0016-e01,html/syn-0016.html,syn-0016.html,run-none16,synthetic-shop.local,,https://synthetic-shop.local/product/portable-ssd-16-01,matched_gt,Внешний SSD 2 ТБ USB-C,17347,present,Внешний SSD 2 ТБ USB-C,17347.0,1,1,1.0,0,1.0,0.0,0.0,0.0,0.0,,matched_gt; candidate_only,1,0,0,1,0,0,1,0,0,True,True,True,True,True,1,0,0,1,0,0,1,0,0,1
20261004T181609Z-2ba1b2f7,hybrid_original-c4bdcac07c2431,,synthetic,hybrid_original,syn-0016,gt-10feec3533280f1c779d,syn-0016-e13,html/syn-0016.html,syn-0016.html,run-none16,synthetic-shop.local,,https://synthetic-shop.local/product/portable-ssd-16-13,missing_prediction,Внешний SSD 2 ТБ USB-C — серия 2,18478,present,,,0,0,,0,,,,,,missing_entity,missing_prediction,0,0,1,0,0,1,0,0,1,True,True,True,False,False,0,0,1,0,0,1,0,0,1,0
20261004T181609Z-2ba1b2f7,hybrid_original-3233bc116ff901,hybrid_original-3233bc116ff901,synthetic,hybrid_original,syn-0016,gt-08499857b3e9fb874256,syn-0016-e06,html/syn-0016.html,syn-0016.html,run-none16,synthetic-shop.local,,https://synthetic-shop.local/product/ssd-1tb-16-06,matched_gt,SSD накопитель 1 ТБ NVMe PCIe 4.0,8608,present,SSD накопитель 1 ТБ NVMe PCIe 4.0,8608.0,1,1,1.0,0,1.0,0.0,0.0,0.0,0.0,,matched_gt; candidate_only,1,0,0,1,0,0,1,0,0,True,True,True,True,True,1,0,0,1,0,0,1,0,0,1
20261004T181609Z-2ba1b2f7,hybrid_original-0e1a237ade33e0,,synthetic,hybrid_original,syn-0016,gt-a22016070cb805a29174,syn-0016-e11,html/syn-0016.html,syn-0016.html,run-none16,synthetic-shop.local,,https://synthetic-shop.local/product/ssd-1tb-16-11,missing_prediction,SSD накопитель 1 ТБ NVMe PCIe 4.0 — серия 2,8780,present,,,0,0,,0,,,,,,missing_entity,missing_prediction,0,0,1,0,0,1,0,0,1,True,True,True,False,False,0,0,1,0,0,1,0,0,1,0
20261004T181609Z-2ba1b2f7,hybrid_original-065c5975bef856,hybrid_original-065c5975bef856,synthetic,hybrid_original,syn-0016,gt-dfce91bdaa8e25f91f95,syn-0016-e03,html/syn-0016.html,syn-0016.html,run-none16,synthetic-shop.local,,https://synthetic-shop.local/product/switch-8p-16-03,matched_gt,Коммутатор 8-портовый Gigabit,4622,present,Коммутатор 8-портовый Gigabit,4622.0,1,1,1.0,0,1.0,0.0,0.0,0.0,0.0,,matched_gt; candidate_only,1,0,0,1,0,0,1,0,0,True,True,True,True,True,1,0,0,1,0,0,1,0,0,1
20261004T181609Z-2ba1b2f7,hybrid_original-8883feb8ccda6f,hybrid_original-8883feb8ccda6f,synthetic,hybrid_original,syn-0016,gt-2acfa2112507e8f27b97,syn-0016-e07,html/syn-0016.html,syn-0016.html,run-none16,synthetic-shop.local,,https://synthetic-shop.local/product/ups-1000-16-07,matched_gt,Источник бесперебойного питания 1000 ВА,12609,present,Источник бесперебойного питания 1000 ВА,12609.0,1,1,1.0,0,1.0,0.0,0.0,0.0,0.0,,matched_gt; candidate_only,1,0,0,1,0,0,1,0,0,True,True,True,True,True,1,0,0,1,0,0,1,0,0,1
20261004T181609Z-2ba1b2f7,hybrid_original-fef07ef8dd5ffd,,synthetic,hybrid_original,syn-0016,gt-751af424a09949633f28,syn-0016-e14,html/syn-0016.html,syn-0016.html,run-none16,synthetic-shop.local,,https://synthetic-shop.local/product/ups-1000-16-14,missing_prediction,Источник бесперебойного питания 1000 ВА — серия 2,13589,present,,,0,0,,0,,,,,,missing_entity,missing_prediction,0,0,1,0,0,1,0,0,1,True,True,True,False,False,0,0,1,0,0,1,0,0,1,0
20261004T181609Z-2ba1b2f7,hybrid_original-36d44d6ade8a83,hybrid_original-36d44d6ade8a83,synthetic,hybrid_original,syn-0016,gt-46720e0e89db8ecd8375,syn-0016-e05,html/syn-0016.html,syn-0016.html,run-none16,synthetic-shop.local,,https://synthetic-shop.local/product/usb-headset-16-05,matched_gt,Наушники USB с микрофоном,3053,present,Наушники USB с микрофоном,3053.0,1,1,1.0,0,1.0,0.0,0.0,0.0,0.0,,matched_gt; candidate_only,1,0,0,1,0,0,1,0,0,True,True,True,True,True,1,0,0,1,0,0,1,0,0,1
20261004T181609Z-2ba1b2f7,hybrid_original-c6a7b28c7d3667,hybrid_original-c6a7b28c7d3667,synthetic,hybrid_original,syn-0016,gt-0a325ebab72634370037,syn-0016-e02,html/syn-0016.html,syn-0016.html,run-none16,synthetic-shop.local,,https://synthetic-shop.local/product/webcam-16-02,matched_gt,Веб-камера Full HD 1080p,3990,present,Веб-камера Full HD 1080p,3990.0,1,1,1.0,0,1.0,0.0,0.0,0.0,0.0,,matched_gt; candidate_only,1,0,0,1,0,0,1,0,0,True,True,True,True,True,1,0,0,1,0,0,1,0,0,1
20261004T181609Z-2ba1b2f7,hybrid_original-79a14689ffef6b,,synthetic,hybrid_original,syn-0016,gt-51e86d55df89936ac5e8,syn-0016-e12,html/syn-0016.html,syn-0016.html,run-none16,synthetic-shop.local,,https://synthetic-shop.local/product/webcam-16-12,missing_prediction,Веб-камера Full HD 1080p — серия 2,4248,present,,,0,0,,0,,,,,,missing_entity,missing_prediction,0,0,1,0,0,1,0,0,1,True,True,True,False,False,0,0,1,0,0,1,0,0,1,0
20261004T181609Z-2ba1b2f7,hybrid_original-0599c57fc54a04,,synthetic,hybrid_original,syn-0016,gt-4775462642c6e57d9dae,syn-0016-e09,html/syn-0016.html,syn-0016.html,run-none16,synthetic-shop.local,,https://synthetic-shop.local/product/wifi-router-16-09,missing_prediction,Маршрутизатор Wi‑Fi 6 AX3000,7779,present,,,0,0,,0,,,,,,missing_entity,missing_prediction,0,0,1,0,0,1,0,0,1,True,True,True,False,False,0,0,1,0,0,1,0,0,1,0
20261004T181609Z-2ba1b2f7,hybrid_original-24efdfd9fc62c8,hybrid_original-24efdfd9fc62c8,synthetic,hybrid_original,syn-0017,gt-fdb37c297b8bae17ab7d,syn-0017-e09,html/syn-0017.html,syn-0017.html,run-none17,synthetic-shop.local,,https://synthetic-shop.local/product/mechanical-keyboard-17-09,matched_gt,Клавиатура механическая USB,6685,present,Клавиатура механическая USB,6685.0,1,1,1.0,0,1.0,0.0,0.0,0.0,0.0,,matched_gt; deterministic,1,0,0,1,0,0,1,0,0,True,True,True,True,True,1,0,0,1,0,0,1,0,0,1
20261004T181609Z-2ba1b2f7,hybrid_original-6c170eb2bc3208,hybrid_original-6c170eb2bc3208,synthetic,hybrid_original,syn-0017,gt-d05dd7f3fc367c53d302,syn-0017-e15,html/syn-0017.html,syn-0017.html,run-none17,synthetic-shop.local,,https://synthetic-shop.local/product/mechanical-keyboard-17-15,matched_gt,Клавиатура механическая USB — серия 2,7009,present,Клавиатура механическая USB — серия 2,7009.0,1,1,1.0,0,1.0,0.0,0.0,0.0,0.0,,matched_gt; deterministic,1,0,0,1,0,0,1,0,0,True,True,True,True,True,1,0,0,1,0,0,1,0,0,1
20261004T181609Z-2ba1b2f7,hybrid_original-05e15b11a1317b,hybrid_original-05e15b11a1317b,synthetic,hybrid_original,syn-0017,gt-f3be33576c6e408e4e97,syn-0017-e01,html/syn-0017.html,syn-0017.html,run-none17,synthetic-shop.local,,https://synthetic-shop.local/product/mini-pc-17-01,matched_gt,Мини-ПК 16 ГБ / 512 ГБ,35990,present,Мини-ПК 16 ГБ / 512 ГБ,35990.0,1,1,1.0,0,1.0,0.0,0.0,0.0,0.0,,matched_gt; deterministic,1,0,0,1,0,0,1,0,0,True,True,True,True,True,1,0,0,1,0,0,1,0,0,1
20261004T181609Z-2ba1b2f7,hybrid_original-059b12a36572c3,hybrid_original-059b12a36572c3,synthetic,hybrid_original,syn-0017,gt-57888b726100b398446d,syn-0017-e18,html/syn-0017.html,syn-0017.html,run-none17,synthetic-shop.local,,https://synthetic-shop.local/product/mini-pc-17-18,matched_gt,Мини-ПК 16 ГБ / 512 ГБ — серия 2,37954,present,Мини-ПК 16 ГБ / 512 ГБ — серия 2,37954.0,1,1,1.0,0,1.0,0.0,0.0,0.0,0.0,,matched_gt; deterministic,1,0,0,1,0,0,1,0,0,True,True,True,True,True,1,0,0,1,0,0,1,0,0,1
20261004T181609Z-2ba1b2f7,hybrid_original-308af21b3f47a4,hybrid_original-308af21b3f47a4,synthetic,hybrid_original,syn-0017,gt-ab638406c3f8c431a2e9,syn-0017-e05,html/syn-0017.html,syn-0017.html,run-none17,synthetic-shop.local,,https://synthetic-shop.local/product/monitor-27-17-05,matched_gt,Монитор 27″ IPS QHD 165 Гц,28990,present,Монитор 27″ IPS QHD 165 Гц,28990.0,1,1,1.0,0,1.0,0.0,0.0,0.0,0.0,,matched_gt; deterministic,1,0,0,1,0,0,1,0,0,True,True,True,True,True,1,0,0,1,0,0,1,0,0,1
20261004T181609Z-2ba1b2f7,hybrid_original-f1bb27a581b206,hybrid_original-f1bb27a581b206,synthetic,hybrid_original,syn-0017,gt-120916bd4e3734067650,syn-0017-e19,html/syn-0017.html,syn-0017.html,run-none17,synthetic-shop.local,,https://synthetic-shop.local/product/monitor-27-17-19,matched_gt,Монитор 27″ IPS QHD 165 Гц — серия 2,31454,present,Монитор 27″ IPS QHD 165 Гц — серия 2,31454.0,1,1,1.0,0,1.0,0.0,0.0,0.0,0.0,,matched_gt; deterministic,1,0,0,1,0,0,1,0,0,True,True,True,True,True,1,0,0,1,0,0,1,0,0,1
20261004T181609Z-2ba1b2f7,hybrid_original-1d8967aa7671ff,hybrid_original-1d8967aa7671ff,synthetic,hybrid_original,syn-0017,gt-cd3b258da0ef85726c14,syn-0017-e07,html/syn-0017.html,syn-0017.html,run-none17,synthetic-shop.local,,https://synthetic-shop.local/product/portable-ssd-17-07,matched_gt,Внешний SSD 2 ТБ USB-C,18820,present,Внешний SSD 2 ТБ USB-C,18820.0,1,1,1.0,0,1.0,0.0,0.0,0.0,0.0,,matched_gt; deterministic,1,0,0,1,0,0,1,0,0,True,True,True,True,True,1,0,0,1,0,0,1,0,0,1
20261004T181609Z-2ba1b2f7,hybrid_original-2c60610ebe5d74,hybrid_original-2c60610ebe5d74,synthetic,hybrid_original,syn-0017,gt-3b14fe5d8ad58f401043,syn-0017-e13,html/syn-0017.html,syn-0017.html,run-none17,synthetic-shop.local,,https://synthetic-shop.local/product/portable-ssd-17-13,matched_gt,Внешний SSD 2 ТБ USB-C — серия 2,17451,present,Внешний SSD 2 ТБ USB-C — серия 2,17451.0,1,1,1.0,0,1.0,0.0,0.0,0.0,0.0,,matched_gt; deterministic,1,0,0,1,0,0,1,0,0,True,True,True,True,True,1,0,0,1,0,0,1,0,0,1
20261004T181609Z-2ba1b2f7,hybrid_original-669ecacae5f3f8,hybrid_original-669ecacae5f3f8,synthetic,hybrid_original,syn-0017,gt-c8a88ba4ffd15ae583bd,syn-0017-e23,html/syn-0017.html,syn-0017.html,run-none17,synthetic-shop.local,,https://synthetic-shop.local/product/portable-ssd-17-23,matched_gt,Внешний SSD 2 ТБ USB-C — серия 3,18136,present,Внешний SSD 2 ТБ USB-C — серия 3,18136.0,1,1,1.0,0,1.0,0.0,0.0,0.0,0.0,,matched_gt; deterministic,1,0,0,1,0,0,1,0,0,True,True,True,True,True,1,0,0,1,0,0,1,0,0,1
20261004T181609Z-2ba1b2f7,hybrid_original-ab7f8eb5d77dc9,hybrid_original-ab7f8eb5d77dc9,synthetic,hybrid_original,syn-0017,gt-e7880bb84de635de223e,syn-0017-e03,html/syn-0017.html,syn-0017.html,run-none17,synthetic-shop.local,,https://synthetic-shop.local/product/ssd-1tb-17-03,matched_gt,SSD накопитель 1 ТБ NVMe PCIe 4.0,8608,present,SSD накопитель 1 ТБ NVMe PCIe 4.0,8608.0,1,1,1.0,0,1.0,0.0,0.0,0.0,0.0,,matched_gt; deterministic,1,0,0,1,0,0,1,0,0,True,True,True,True,True,1,0,0,1,0,0,1,0,0,1
20261004T181609Z-2ba1b2f7,hybrid_original-7a029e3450f535,hybrid_original-7a029e3450f535,synthetic,hybrid_original,syn-0017,gt-c0a17866f835a9d6b3d5,syn-0017-e11,html/syn-0017.html,syn-0017.html,run-none17,synthetic-shop.local,,https://synthetic-shop.local/product/ssd-1tb-17-11,matched_gt,SSD накопитель 1 ТБ NVMe PCIe 4.0 — серия 2,9383,present,SSD накопитель 1 ТБ NVMe PCIe 4.0 — серия 2,9383.0,1,1,1.0,0,1.0,0.0,0.0,0.0,0.0,,matched_gt; deterministic,1,0,0,1,0,0,1,0,0,True,True,True,True,True,1,0,0,1,0,0,1,0,0,1
20261004T181609Z-2ba1b2f7,hybrid_original-824c1487209ed2,hybrid_original-824c1487209ed2,synthetic,hybrid_original,syn-0017,gt-556876f59706cd317b8e,syn-0017-e21,html/syn-0017.html,syn-0017.html,run-none17,synthetic-shop.local,,https://synthetic-shop.local/product/ssd-1tb-17-21,matched_gt,SSD накопитель 1 ТБ NVMe PCIe 4.0 — серия 3,8608,present,SSD накопитель 1 ТБ NVMe PCIe 4.0 — серия 3,8608.0,1,1,1.0,0,1.0,0.0,0.0,0.0,0.0,,matched_gt; deterministic,1,0,0,1,0,0,1,0,0,True,True,True,True,True,1,0,0,1,0,0,1,0,0,1
20261004T181609Z-2ba1b2f7,hybrid_original-12f2176ff7637e,hybrid_original-12f2176ff7637e,synthetic,hybrid_original,syn-0017,gt-e4be8c831066afff9fb7,syn-0017-e10,html/syn-0017.html,syn-0017.html,run-none17,synthetic-shop.local,,https://synthetic-shop.local/product/switch-8p-17-10,matched_gt,Коммутатор 8-портовый Gigabit,4899,present,Коммутатор 8-портовый Gigabit,4899.0,1,1,1.0,0,1.0,0.0,0.0,0.0,0.0,,matched_gt; deterministic,1,0,0,1,0,0,1,0,0,True,True,True,True,True,1,0,0,1,0,0,1,0,0,1
20261004T181609Z-2ba1b2f7,hybrid_original-bc1b5364859f63,hybrid_original-bc1b5364859f63,synthetic,hybrid_original,syn-0017,gt-e75976b43d401f6d2fef,syn-0017-e16,html/syn-0017.html,syn-0017.html,run-none17,synthetic-shop.local,,https://synthetic-shop.local/product/switch-8p-17-16,matched_gt,Коммутатор 8-портовый Gigabit — серия 2,5130,present,Коммутатор 8-портовый Gigabit — серия 2,5130.0,1,1,1.0,0,1.0,0.0,0.0,0.0,0.0,,matched_gt; deterministic,1,0,0,1,0,0,1,0,0,True,True,True,True,True,1,0,0,1,0,0,1,0,0,1
20261004T181609Z-2ba1b2f7,hybrid_original-7dec49a7d6aa0a,hybrid_original-7dec49a7d6aa0a,synthetic,hybrid_original,syn-0017,gt-6737337cb8b14297d0d1,syn-0017-e08,html/syn-0017.html,syn-0017.html,run-none17,synthetic-shop.local,,https://synthetic-shop.local/product/ups-1000-17-08,matched_gt,Источник бесперебойного питания 1000 ВА,12242,present,Источник бесперебойного питания 1000 ВА,12242.0,1,1,1.0,0,1.0,0.0,0.0,0.0,0.0,,matched_gt; deterministic,1,0,0,1,0,0,1,0,0,True,True,True,True,True,1,0,0,1,0,0,1,0,0,1
20261004T181609Z-2ba1b2f7,hybrid_original-eb83ef7f6d3f3f,hybrid_original-eb83ef7f6d3f3f,synthetic,hybrid_original,syn-0017,gt-6c8deced4aeb854fb7c9,syn-0017-e14,html/syn-0017.html,syn-0017.html,run-none17,synthetic-shop.local,,https://synthetic-shop.local/product/ups-1000-17-14,matched_gt,Источник бесперебойного питания 1000 ВА — серия 2,12854,present,Источник бесперебойного питания 1000 ВА — серия 2,12854.0,1,1,1.0,0,1.0,0.0,0.0,0.0,0.0,,matched_gt; deterministic,1,0,0,1,0,0,1,0,0,True,True,True,True,True,1,0,0,1,0,0,1,0,0,1
20261004T181609Z-2ba1b2f7,hybrid_original-7b47397883f6e7,hybrid_original-7b47397883f6e7,synthetic,hybrid_original,syn-0017,gt-9cb754ef49ed09d00bfd,syn-0017-e24,html/syn-0017.html,syn-0017.html,run-none17,synthetic-shop.local,,https://synthetic-shop.local/product/ups-1000-17-24,matched_gt,Источник бесперебойного питания 1000 ВА — серия 3,13344,present,Источник бесперебойного питания 1000 ВА — серия 3,13344.0,1,1,1.0,0,1.0,0.0,0.0,0.0,0.0,,matched_gt; deterministic,1,0,0,1,0,0,1,0,0,True,True,True,True,True,1,0,0,1,0,0,1,0,0,1
20261004T181609Z-2ba1b2f7,hybrid_original-dca74124843d77,hybrid_original-dca74124843d77,synthetic,hybrid_original,syn-0017,gt-c6a5f8a46e888e693f31,syn-0017-e02,html/syn-0017.html,syn-0017.html,run-none17,synthetic-shop.local,,https://synthetic-shop.local/product/usb-headset-17-02,matched_gt,Наушники USB с микрофоном,3011,present,Наушники USB с микрофоном,3011.0,1,1,1.0,0,1.0,0.0,0.0,0.0,0.0,,matched_gt; deterministic,1,0,0,1,0,0,1,0,0,True,True,True,True,True,1,0,0,1,0,0,1,0,0,1
20261004T181609Z-2ba1b2f7,hybrid_original-b35957f655dcf3,hybrid_original-b35957f655dcf3,synthetic,hybrid_original,syn-0017,gt-f535018d1f1c7d6b4058,syn-0017-e20,html/syn-0017.html,syn-0017.html,run-none17,synthetic-shop.local,,https://synthetic-shop.local/product/usb-headset-17-20,matched_gt,Наушники USB с микрофоном — серия 2,3358,present,Наушники USB с микрофоном — серия 2,3358.0,1,1,1.0,0,1.0,0.0,0.0,0.0,0.0,,matched_gt; deterministic,1,0,0,1,0,0,1,0,0,True,True,True,True,True,1,0,0,1,0,0,1,0,0,1
20261004T181609Z-2ba1b2f7,hybrid_original-3138eef4d44eca,hybrid_original-3138eef4d44eca,synthetic,hybrid_original,syn-0017,gt-2dd32ba6a647a687618d,syn-0017-e06,html/syn-0017.html,syn-0017.html,run-none17,synthetic-shop.local,,https://synthetic-shop.local/product/webcam-17-06,matched_gt,Веб-камера Full HD 1080p,4329,present,Веб-камера Full HD 1080p,4329.0,1,1,1.0,0,1.0,0.0,0.0,0.0,0.0,,matched_gt; deterministic,1,0,0,1,0,0,1,0,0,True,True,True,True,True,1,0,0,1,0,0,1,0,0,1
20261004T181609Z-2ba1b2f7,hybrid_original-189108b23f1a3f,hybrid_original-189108b23f1a3f,synthetic,hybrid_original,syn-0017,gt-199d34d5bf751f1462bd,syn-0017-e12,html/syn-0017.html,syn-0017.html,run-none17,synthetic-shop.local,,https://synthetic-shop.local/product/webcam-17-12,matched_gt,Веб-камера Full HD 1080p — серия 2,4532,present,Веб-камера Full HD 1080p — серия 2,4532.0,1,1,1.0,0,1.0,0.0,0.0,0.0,0.0,,matched_gt; deterministic,1,0,0,1,0,0,1,0,0,True,True,True,True,True,1,0,0,1,0,0,1,0,0,1
20261004T181609Z-2ba1b2f7,hybrid_original-9ecfe8742ee025,hybrid_original-9ecfe8742ee025,synthetic,hybrid_original,syn-0017,gt-d9f7c005e326f5141263,syn-0017-e22,html/syn-0017.html,syn-0017.html,run-none17,synthetic-shop.local,,https://synthetic-shop.local/product/webcam-17-22,matched_gt,Веб-камера Full HD 1080p — серия 3,4167,present,Веб-камера Full HD 1080p — серия 3,4167.0,1,1,1.0,0,1.0,0.0,0.0,0.0,0.0,,matched_gt; deterministic,1,0,0,1,0,0,1,0,0,True,True,True,True,True,1,0,0,1,0,0,1,0,0,1
20261004T181609Z-2ba1b2f7,hybrid_original-386d91a8f4ceaa,hybrid_original-386d91a8f4ceaa,synthetic,hybrid_original,syn-0017,gt-21db3aed400a7ab86933,syn-0017-e04,html/syn-0017.html,syn-0017.html,run-none17,synthetic-shop.local,,https://synthetic-shop.local/product/wifi-router-17-04,matched_gt,Маршрутизатор Wi‑Fi 6 AX3000,7137,present,Маршрутизатор Wi‑Fi 6 AX3000,7137.0,1,1,1.0,0,1.0,0.0,0.0,0.0,0.0,,matched_gt; deterministic,1,0,0,1,0,0,1,0,0,True,True,True,True,True,1,0,0,1,0,0,1,0,0,1
20261004T181609Z-2ba1b2f7,hybrid_original-812f625efde36a,hybrid_original-812f625efde36a,synthetic,hybrid_original,syn-0017,gt-8d52693c549a6fd48a85,syn-0017-e17,html/syn-0017.html,syn-0017.html,run-none17,synthetic-shop.local,,https://synthetic-shop.local/product/wifi-router-17-17,matched_gt,Маршрутизатор Wi‑Fi 6 AX3000 — серия 2,7208,present,Маршрутизатор Wi‑Fi 6 AX3000 — серия 2,7208.0,1,1,1.0,0,1.0,0.0,0.0,0.0,0.0,,matched_gt; deterministic,1,0,0,1,0,0,1,0,0,True,True,True,True,True,1,0,0,1,0,0,1,0,0,1
20261004T181609Z-2ba1b2f7,hybrid_original-d9a3f808fe2ccb,hybrid_original-d9a3f808fe2ccb,synthetic,hybrid_original,syn-0018,gt-0b4d9b1f955d8aef3d01,syn-0018-e04,html/syn-0018.html,syn-0018.html,run-none18,synthetic-shop.local,,https://synthetic-shop.local/product/mechanical-keyboard-18-04,matched_gt,Клавиатура механическая USB,6490,present,Клавиатура механическая USB,6490.0,1,1,1.0,0,1.0,0.0,0.0,0.0,0.0,,matched_gt; candidate_only,1,0,0,1,0,0,1,0,0,True,True,True,True,True,1,0,0,1,0,0,1,0,0,1
20261004T181609Z-2ba1b2f7,hybrid_original-69aef242c492c0,,synthetic,hybrid_original,syn-0018,gt-6bbf7774435f635b983e,syn-0018-e15,html/syn-0018.html,syn-0018.html,run-none18,synthetic-shop.local,,https://synthetic-shop.local/product/mechanical-keyboard-18-15,missing_prediction,Клавиатура механическая USB — серия 2,6620,present,,,0,0,,0,,,,,,missing_entity,missing_prediction,0,0,1,0,0,1,0,0,1,True,True,True,False,False,0,0,1,0,0,1,0,0,1,0
20261004T181609Z-2ba1b2f7,hybrid_original-1ea1283b9ed8bc,,synthetic,hybrid_original,syn-0018,gt-115724b640cbd5a47aa9,syn-0018-e09,html/syn-0018.html,syn-0018.html,run-none18,synthetic-shop.local,,https://synthetic-shop.local/product/mini-pc-18-09,missing_prediction,Мини-ПК 16 ГБ / 512 ГБ,40143,present,,,0,0,,0,,,,,,missing_entity,missing_prediction,0,0,1,0,0,1,0,0,1,True,True,True,False,False,0,0,1,0,0,1,0,0,1,0
20261004T181609Z-2ba1b2f7,hybrid_original-b8ddab1618ef93,,synthetic,hybrid_original,syn-0018,gt-d259116626a9ff4234bd,syn-0018-e18,html/syn-0018.html,syn-0018.html,run-none18,synthetic-shop.local,,https://synthetic-shop.local/product/mini-pc-18-18,missing_prediction,Мини-ПК 16 ГБ / 512 ГБ — серия 2,40508,present,,,0,0,,0,,,,,,missing_entity,missing_prediction,0,0,1,0,0,1,0,0,1,True,True,True,False,False,0,0,1,0,0,1,0,0,1,0
20261004T181609Z-2ba1b2f7,hybrid_original-b9187695125305,hybrid_original-b9187695125305,synthetic,hybrid_original,syn-0018,gt-c393f8bf13d924c65224,syn-0018-e02,html/syn-0018.html,syn-0018.html,run-none18,synthetic-shop.local,,https://synthetic-shop.local/product/monitor-27-18-02,matched_gt,Монитор 27″ IPS QHD 165 Гц,29396,present,Монитор 27″ IPS QHD 165 Гц,29396.0,1,1,1.0,0,1.0,0.0,0.0,0.0,0.0,,matched_gt; candidate_only,1,0,0,1,0,0,1,0,0,True,True,True,True,True,1,0,0,1,0,0,1,0,0,1
20261004T181609Z-2ba1b2f7,hybrid_original-4aa0d6ec3fc2be,hybrid_original-4aa0d6ec3fc2be,synthetic,hybrid_original,syn-0018,gt-a1b1497ac0f82dfc32b4,syn-0018-e05,html/syn-0018.html,syn-0018.html,run-none18,synthetic-shop.local,,https://synthetic-shop.local/product/portable-ssd-18-05,matched_gt,Внешний SSD 2 ТБ USB-C,17109,present,Внешний SSD 2 ТБ USB-C,17109.0,1,1,1.0,0,1.0,0.0,0.0,0.0,0.0,,matched_gt; candidate_only,1,0,0,1,0,0,1,0,0,True,True,True,True,True,1,0,0,1,0,0,1,0,0,1
20261004T181609Z-2ba1b2f7,hybrid_original-3e67568357c06b,,synthetic,hybrid_original,syn-0018,gt-a29359fe77e4deadd35b,syn-0018-e13,html/syn-0018.html,syn-0018.html,run-none18,synthetic-shop.local,,https://synthetic-shop.local/product/portable-ssd-18-13,missing_prediction,Внешний SSD 2 ТБ USB-C — серия 2,18649,present,,,0,0,,0,,,,,,missing_entity,missing_prediction,0,0,1,0,0,1,0,0,1,True,True,True,False,False,0,0,1,0,0,1,0,0,1,0
20261004T181609Z-2ba1b2f7,hybrid_original-f4ca9237112e65,hybrid_original-f4ca9237112e65,synthetic,hybrid_original,syn-0018,gt-6decd776b0c050e126c1,syn-0018-e06,html/syn-0018.html,syn-0018.html,run-none18,synthetic-shop.local,,https://synthetic-shop.local/product/ssd-1tb-18-06,matched_gt,SSD накопитель 1 ТБ NVMe PCIe 4.0,8694,present,SSD накопитель 1 ТБ NVMe PCIe 4.0,8694.0,1,1,1.0,0,1.0,0.0,0.0,0.0,0.0,,matched_gt; candidate_only,1,0,0,1,0,0,1,0,0,True,True,True,True,True,1,0,0,1,0,0,1,0,0,1
20261004T181609Z-2ba1b2f7,hybrid_original-6a0782de4a8b30,hybrid_original-6a0782de4a8b30,synthetic,hybrid_original,syn-0018,gt-588ff14c59bf9bbf156b,syn-0018-e11,html/syn-0018.html,syn-0018.html,run-none18,synthetic-shop.local,,https://synthetic-shop.local/product/ssd-1tb-18-11,matched_gt,SSD накопитель 1 ТБ NVMe PCIe 4.0 — серия 2,8866,present,SSD накопитель 1 ТБ NVMe PCIe 4.0 — серия 2,8866.0,1,1,1.0,0,1.0,0.0,0.0,0.0,0.0,,matched_gt; candidate_only,1,0,0,1,0,0,1,0,0,True,True,True,True,True,1,0,0,1,0,0,1,0,0,1
20261004T181609Z-2ba1b2f7,hybrid_original-20d99a54fe5ac1,hybrid_original-20d99a54fe5ac1,synthetic,hybrid_original,syn-0018,gt-0d2dd6948b1af2bf27a8,syn-0018-e08,html/syn-0018.html,syn-0018.html,run-none18,synthetic-shop.local,,https://synthetic-shop.local/product/switch-8p-18-08,matched_gt,Коммутатор 8-портовый Gigabit,4946,present,Коммутатор 8-портовый Gigabit,4946.0,1,1,1.0,0,1.0,0.0,0.0,0.0,0.0,,matched_gt; candidate_only,1,0,0,1,0,0,1,0,0,True,True,True,True,True,1,0,0,1,0,0,1,0,0,1
20261004T181609Z-2ba1b2f7,hybrid_original-6a1a193d09b6d3,,synthetic,hybrid_original,syn-0018,gt-1f0e4a12508c52c4865a,syn-0018-e16,html/syn-0018.html,syn-0018.html,run-none18,synthetic-shop.local,,https://synthetic-shop.local/product/switch-8p-18-16,missing_prediction,Коммутатор 8-портовый Gigabit — серия 2,4853,present,,,0,0,,0,,,,,,missing_entity,missing_prediction,0,0,1,0,0,1,0,0,1,True,True,True,False,False,0,0,1,0,0,1,0,0,1,0
20261004T181609Z-2ba1b2f7,hybrid_original-cb6ec9320023f9,hybrid_original-cb6ec9320023f9,synthetic,hybrid_original,syn-0018,gt-60cf4da4d69a3bd5c06c,syn-0018-e03,html/syn-0018.html,syn-0018.html,run-none18,synthetic-shop.local,,https://synthetic-shop.local/product/ups-1000-18-03,matched_gt,Источник бесперебойного питания 1000 ВА,12242,present,Источник бесперебойного питания 1000 ВА,12242.0,1,1,1.0,0,1.0,0.0,0.0,0.0,0.0,,matched_gt; candidate_only,1,0,0,1,0,0,1,0,0,True,True,True,True,True,1,0,0,1,0,0,1,0,0,1
20261004T181609Z-2ba1b2f7,hybrid_original-dca1112ad6fed2,,synthetic,hybrid_original,syn-0018,gt-1fc870205c714dab2ef5,syn-0018-e14,html/syn-0018.html,syn-0018.html,run-none18,synthetic-shop.local,,https://synthetic-shop.local/product/ups-1000-18-14,missing_prediction,Источник бесперебойного питания 1000 ВА — серия 2,13711,present,,,0,0,,0,,,,,,missing_entity,missing_prediction,0,0,1,0,0,1,0,0,1,True,True,True,False,False,0,0,1,0,0,1,0,0,1,0
20261004T181609Z-2ba1b2f7,hybrid_original-54ab76e88baca4,,synthetic,hybrid_original,syn-0018,gt-20fc70d3869f595f8c15,syn-0018-e10,html/syn-0018.html,syn-0018.html,run-none18,synthetic-shop.local,,https://synthetic-shop.local/product/usb-headset-18-10,missing_prediction,Наушники USB с микрофоном,3053,present,,,0,0,,0,,,,,,missing_entity,missing_prediction,0,0,1,0,0,1,0,0,1,True,True,True,False,False,0,0,1,0,0,1,0,0,1,0
20261004T181609Z-2ba1b2f7,hybrid_original-e875696f713b72,,synthetic,hybrid_original,syn-0018,gt-3b8f6572b53a4cc6d86f,syn-0018-e07,html/syn-0018.html,syn-0018.html,run-none18,synthetic-shop.local,,https://synthetic-shop.local/product/webcam-18-07,missing_prediction,Веб-камера Full HD 1080p,4208,present,,,0,0,,0,,,,,,missing_entity,missing_prediction,0,0,1,0,0,1,0,0,1,True,True,True,False,False,0,0,1,0,0,1,0,0,1,0
20261004T181609Z-2ba1b2f7,hybrid_original-9cef868cf2a932,,synthetic,hybrid_original,syn-0018,gt-01c4f42e4dc7a7cbaee5,syn-0018-e12,html/syn-0018.html,syn-0018.html,run-none18,synthetic-shop.local,,https://synthetic-shop.local/product/webcam-18-12,missing_prediction,Веб-камера Full HD 1080p — серия 2,4289,present,,,0,0,,0,,,,,,missing_entity,missing_prediction,0,0,1,0,0,1,0,0,1,True,True,True,False,False,0,0,1,0,0,1,0,0,1,0
20261004T181609Z-2ba1b2f7,hybrid_original-ee1bfeffda92a3,hybrid_original-ee1bfeffda92a3,synthetic,hybrid_original,syn-0018,gt-09eb47d73ee8022d5a09,syn-0018-e01,html/syn-0018.html,syn-0018.html,run-none18,synthetic-shop.local,,https://synthetic-shop.local/product/wifi-router-18-01,matched_gt,Маршрутизатор Wi‑Fi 6 AX3000,7039,present,Маршрутизатор Wi‑Fi 6 AX3000,7039.0,1,1,1.0,0,1.0,0.0,0.0,0.0,0.0,,matched_gt; candidate_only,1,0,0,1,0,0,1,0,0,True,True,True,True,True,1,0,0,1,0,0,1,0,0,1
20261004T181609Z-2ba1b2f7,hybrid_original-e9721592704ae5,,synthetic,hybrid_original,syn-0018,gt-150831052d39273f97f3,syn-0018-e17,html/syn-0018.html,syn-0018.html,run-none18,synthetic-shop.local,,https://synthetic-shop.local/product/wifi-router-18-17,missing_prediction,Маршрутизатор Wi‑Fi 6 AX3000 — серия 2,7708,present,,,0,0,,0,,,,,,missing_entity,missing_prediction,0,0,1,0,0,1,0,0,1,True,True,True,False,False,0,0,1,0,0,1,0,0,1,0
20261004T181609Z-2ba1b2f7,hybrid_original-b541decc56fa17,hybrid_original-b541decc56fa17,synthetic,hybrid_original,syn-0019,gt-b695b36a312ba15e5095,syn-0019-e06,html/syn-0019.html,syn-0019.html,run-none19,synthetic-shop.local,,https://synthetic-shop.local/product/bucket-12l-19-06,matched_gt,Ведро пластиковое 12 л с крышкой,562,present,Ведро пластиковое 12 л с крышкой,562.0,1,1,1.0,0,1.0,0.0,0.0,0.0,0.0,,matched_gt; candidate_only,1,0,0,1,0,0,1,0,0,True,True,True,True,True,1,0,0,1,0,0,1,0,0,1
20261004T181609Z-2ba1b2f7,hybrid_original-7f9bf9f2c0850a,,synthetic,hybrid_original,syn-0019,gt-38500b15855283b51a33,syn-0019-e11,html/syn-0019.html,syn-0019.html,run-none19,synthetic-shop.local,,https://synthetic-shop.local/product/bucket-12l-19-11,missing_prediction,Ведро пластиковое 12 л с крышкой — серия 2,572,present,,,0,0,,0,,,,,,missing_entity,missing_prediction,0,0,1,0,0,1,0,0,1,True,True,True,False,False,0,0,1,0,0,1,0,0,1,0
20261004T181609Z-2ba1b2f7,hybrid_original-6ce7187796c045,,synthetic,hybrid_original,syn-0019,gt-617cc5c075671bf45b58,syn-0019-e21,html/syn-0019.html,syn-0019.html,run-none19,synthetic-shop.local,,https://synthetic-shop.local/product/bucket-12l-19-21,missing_prediction,Ведро пластиковое 12 л с крышкой — серия 3,525,present,,,0,0,,0,,,,,,missing_entity,missing_prediction,0,0,1,0,0,1,0,0,1,True,True,True,False,False,0,0,1,0,0,1,0,0,1,0
20261004T181609Z-2ba1b2f7,hybrid_original-3489a00fd087e2,hybrid_original-3489a00fd087e2,synthetic,hybrid_original,syn-0019,gt-a7b431e9d1b4b744c4b7,syn-0019-e07,html/syn-0019.html,syn-0019.html,run-none19,synthetic-shop.local,,https://synthetic-shop.local/product/canister-20l-19-07,matched_gt,Канистра 20 л пищевая,1232,present,Канистра 20 л пищевая,1232.0,1,1,1.0,0,1.0,0.0,0.0,0.0,0.0,,matched_gt; candidate_only,1,0,0,1,0,0,1,0,0,True,True,True,True,True,1,0,0,1,0,0,1,0,0,1
20261004T181609Z-2ba1b2f7,hybrid_original-9964934cc59bb8,,synthetic,hybrid_original,syn-0019,gt-cce40e03007039a3ad6e,syn-0019-e12,html/syn-0019.html,syn-0019.html,run-none19,synthetic-shop.local,,https://synthetic-shop.local/product/canister-20l-19-12,missing_prediction,Канистра 20 л пищевая — серия 2,1110,present,,,0,0,,0,,,,,,missing_entity,missing_prediction,0,0,1,0,0,1,0,0,1,True,True,True,False,False,0,0,1,0,0,1,0,0,1,0
20261004T181609Z-2ba1b2f7,hybrid_original-ad8717697ae8cc,,synthetic,hybrid_original,syn-0019,gt-ba4f29e3cfb5d0e64234,syn-0019-e22,html/syn-0019.html,syn-0019.html,run-none19,synthetic-shop.local,,https://synthetic-shop.local/product/canister-20l-19-22,missing_prediction,Канистра 20 л пищевая — серия 3,1154,present,,,0,0,,0,,,,,,missing_entity,missing_prediction,0,0,1,0,0,1,0,0,1,True,True,True,False,False,0,0,1,0,0,1,0,0,1,0
20261004T181609Z-2ba1b2f7,hybrid_original-a8b5cf028868c9,hybrid_original-a8b5cf028868c9,synthetic,hybrid_original,syn-0019,gt-aff2fa15a510477be03c,syn-0019-e08,html/syn-0019.html,syn-0019.html,run-none19,synthetic-shop.local,,https://synthetic-shop.local/product/container-45l-19-08,matched_gt,Контейнер пластиковый 45 л с крышкой,1909,present,Контейнер пластиковый 45 л с крышкой,1909.0,1,1,1.0,0,1.0,0.0,0.0,0.0,0.0,,matched_gt; candidate_only,1,0,0,1,0,0,1,0,0,True,True,True,True,True,1,0,0,1,0,0,1,0,0,1
20261004T181609Z-2ba1b2f7,hybrid_original-11c82b4f142556,,synthetic,hybrid_original,syn-0019,gt-44f8fa8defd8d89e4e32,syn-0019-e13,html/syn-0019.html,syn-0019.html,run-none19,synthetic-shop.local,,https://synthetic-shop.local/product/container-45l-19-13,missing_prediction,Контейнер пластиковый 45 л с крышкой — серия 2,1947,present,,,0,0,,0,,,,,,missing_entity,missing_prediction,0,0,1,0,0,1,0,0,1,True,True,True,False,False,0,0,1,0,0,1,0,0,1,0
20261004T181609Z-2ba1b2f7,hybrid_original-734cd0f43e3ae5,hybrid_original-734cd0f43e3ae5,synthetic,hybrid_original,syn-0019,gt-588bd80de857e718cc1d,syn-0019-e03,html/syn-0019.html,syn-0019.html,run-none19,synthetic-shop.local,,https://synthetic-shop.local/product/glass-cleaner-19-03,matched_gt,Очиститель стекол концентрат 1 л,690,present,Очиститель стекол концентрат 1 л,690.0,1,1,1.0,0,1.0,0.0,0.0,0.0,0.0,,matched_gt; candidate_only,1,0,0,1,0,0,1,0,0,True,True,True,True,True,1,0,0,1,0,0,1,0,0,1
20261004T181609Z-2ba1b2f7,hybrid_original-9f90d7890fc2d2,,synthetic,hybrid_original,syn-0019,gt-8b148e1a39906896f336,syn-0019-e15,html/syn-0019.html,syn-0019.html,run-none19,synthetic-shop.local,,https://synthetic-shop.local/product/glass-cleaner-19-15,missing_prediction,Очиститель стекол концентрат 1 л — серия 2,752,present,,,0,0,,0,,,,,,missing_entity,missing_prediction,0,0,1,0,0,1,0,0,1,True,True,True,False,False,0,0,1,0,0,1,0,0,1,0
20261004T181609Z-2ba1b2f7,hybrid_original-145048fe6e3829,hybrid_original-145048fe6e3829,synthetic,hybrid_original,syn-0019,gt-dee453101c30dd892148,syn-0019-e02,html/syn-0019.html,syn-0019.html,run-none19,synthetic-shop.local,,https://synthetic-shop.local/product/liquid-soap-19-02,matched_gt,Мыло жидкое профессиональное 5 л,1020,present,Мыло жидкое профессиональное 5 л,1020.0,1,1,1.0,0,1.0,0.0,0.0,0.0,0.0,,matched_gt; candidate_only,1,0,0,1,0,0,1,0,0,True,True,True,True,True,1,0,0,1,0,0,1,0,0,1
20261004T181609Z-2ba1b2f7,hybrid_original-2d6f1b09ba05b7,,synthetic,hybrid_original,syn-0019,gt-3e473254f09b6bddd9c5,syn-0019-e14,html/syn-0019.html,syn-0019.html,run-none19,synthetic-shop.local,,https://synthetic-shop.local/product/liquid-soap-19-14,missing_prediction,Мыло жидкое профессиональное 5 л — серия 2,1081,present,,,0,0,,0,,,,,,missing_entity,missing_prediction,0,0,1,0,0,1,0,0,1,True,True,True,False,False,0,0,1,0,0,1,0,0,1,0
20261004T181609Z-2ba1b2f7,hybrid_original-f22f294ee4ffb6,hybrid_original-f22f294ee4ffb6,synthetic,hybrid_original,syn-0019,gt-949aa198292ad678ae15,syn-0019-e04,html/syn-0019.html,syn-0019.html,run-none19,synthetic-shop.local,,https://synthetic-shop.local/product/nitrile-gloves-19-04,matched_gt,Перчатки защитные нитриловые 100 шт,1500,present,Перчатки защитные нитриловые 100 шт,1500.0,1,1,1.0,0,1.0,0.0,0.0,0.0,0.0,,matched_gt; candidate_only,1,0,0,1,0,0,1,0,0,True,True,True,True,True,1,0,0,1,0,0,1,0,0,1
20261004T181609Z-2ba1b2f7,hybrid_original-f6bfcbc9fd60ea,,synthetic,hybrid_original,syn-0019,gt-165dd303f9c47e8a585f,syn-0019-e17,html/syn-0019.html,syn-0019.html,run-none19,synthetic-shop.local,,https://synthetic-shop.local/product/nitrile-gloves-19-17,missing_prediction,Перчатки защитные нитриловые 100 шт — серия 2,1530,present,,,0,0,,0,,,,,,missing_entity,missing_prediction,0,0,1,0,0,1,0,0,1,True,True,True,False,False,0,0,1,0,0,1,0,0,1,0
20261004T181609Z-2ba1b2f7,hybrid_original-0490e43ecaecd7,hybrid_original-0490e43ecaecd7,synthetic,hybrid_original,syn-0019,gt-b9ae08ca94f1782ae32a,syn-0019-e05,html/syn-0019.html,syn-0019.html,run-none19,synthetic-shop.local,,https://synthetic-shop.local/product/respirator-ffp2-19-05,matched_gt,Респиратор складной FFP2 10 шт,1210,present,Респиратор складной FFP2 10 шт,1210.0,1,1,1.0,0,1.0,0.0,0.0,0.0,0.0,,matched_gt; candidate_only,1,0,0,1,0,0,1,0,0,True,True,True,True,True,1,0,0,1,0,0,1,0,0,1
20261004T181609Z-2ba1b2f7,hybrid_original-76aee772372481,,synthetic,hybrid_original,syn-0019,gt-ee31ab3b794258883eab,syn-0019-e18,html/syn-0019.html,syn-0019.html,run-none19,synthetic-shop.local,,https://synthetic-shop.local/product/respirator-ffp2-19-18,missing_prediction,Респиратор складной FFP2 10 шт — серия 2,1270,present,,,0,0,,0,,,,,,missing_entity,missing_prediction,0,0,1,0,0,1,0,0,1,True,True,True,False,False,0,0,1,0,0,1,0,0,1,0
20261004T181609Z-2ba1b2f7,hybrid_original-99edda5711a130,,synthetic,hybrid_original,syn-0019,gt-fe319353bbc9ea33dda8,syn-0019-e09,html/syn-0019.html,syn-0019.html,run-none19,synthetic-shop.local,,https://synthetic-shop.local/product/safety-glasses-19-09,missing_prediction,Очки защитные прозрачные,645,present,,,0,0,,0,,,,,,missing_entity,missing_prediction,0,0,1,0,0,1,0,0,1,True,True,True,False,False,0,0,1,0,0,1,0,0,1,0
20261004T181609Z-2ba1b2f7,hybrid_original-e879df45dc30aa,,synthetic,hybrid_original,syn-0019,gt-2f6e6c7f427b14dc400f,syn-0019-e16,html/syn-0019.html,syn-0019.html,run-none19,synthetic-shop.local,,https://synthetic-shop.local/product/safety-glasses-19-16,missing_prediction,Очки защитные прозрачные — серия 2,694,present,,,0,0,,0,,,,,,missing_entity,missing_prediction,0,0,1,0,0,1,0,0,1,True,True,True,False,False,0,0,1,0,0,1,0,0,1,0
20261004T181609Z-2ba1b2f7,hybrid_original-269c862d0b5b2a,hybrid_original-269c862d0b5b2a,synthetic,hybrid_original,syn-0019,gt-7d1b04a21059091332db,syn-0019-e01,html/syn-0019.html,syn-0019.html,run-none19,synthetic-shop.local,,https://synthetic-shop.local/product/surface-cleaner-19-01,matched_gt,Средство для очистки поверхностей 5 л,1310,present,Средство для очистки поверхностей 5 л,1310.0,1,1,1.0,0,1.0,0.0,0.0,0.0,0.0,,matched_gt; candidate_only,1,0,0,1,0,0,1,0,0,True,True,True,True,True,1,0,0,1,0,0,1,0,0,1
20261004T181609Z-2ba1b2f7,hybrid_original-88e5abadfe92b9,,synthetic,hybrid_original,syn-0019,gt-6d16df3f66843342b212,syn-0019-e19,html/syn-0019.html,syn-0019.html,run-none19,synthetic-shop.local,,https://synthetic-shop.local/product/surface-cleaner-19-19,missing_prediction,Средство для очистки поверхностей 5 л — серия 2,1415,present,,,0,0,,0,,,,,,missing_entity,missing_prediction,0,0,1,0,0,1,0,0,1,True,True,True,False,False,0,0,1,0,0,1,0,0,1,0
20261004T181609Z-2ba1b2f7,hybrid_original-37ac3f7f3318aa,,synthetic,hybrid_original,syn-0019,gt-5a05eb54be6abb09a678,syn-0019-e10,html/syn-0019.html,syn-0019.html,run-none19,synthetic-shop.local,,https://synthetic-shop.local/product/warehouse-box-19-10,missing_prediction,Ящик складской 600×400×220 мм,2682,present,,,0,0,,0,,,,,,missing_entity,missing_prediction,0,0,1,0,0,1,0,0,1,True,True,True,False,False,0,0,1,0,0,1,0,0,1,0
20261004T181609Z-2ba1b2f7,hybrid_original-4c245e84867ff6,,synthetic,hybrid_original,syn-0019,gt-fff409da57a749e63ee4,syn-0019-e20,html/syn-0019.html,syn-0019.html,run-none19,synthetic-shop.local,,https://synthetic-shop.local/product/warehouse-box-19-20,missing_prediction,Ящик складской 600×400×220 мм — серия 2,2783,present,,,0,0,,0,,,,,,missing_entity,missing_prediction,0,0,1,0,0,1,0,0,1,True,True,True,False,False,0,0,1,0,0,1,0,0,1,0
20261004T181609Z-2ba1b2f7,hybrid_original-6c6205b0354b0a,hybrid_original-6c6205b0354b0a,synthetic,hybrid_original,syn-0020,gt-e1fe1f0af9a2917ca37d,syn-0020-e05,html/syn-0020.html,syn-0020.html,run-none20,synthetic-shop.local,,https://synthetic-shop.local/product/bucket-12l-20-05,matched_gt,Ведро пластиковое 12 л с крышкой,520,present,Ведро пластиковое 12 л с крышкой,520.0,1,1,1.0,0,1.0,0.0,0.0,0.0,0.0,,matched_gt; deterministic,1,0,0,1,0,0,1,0,0,True,True,True,True,True,1,0,0,1,0,0,1,0,0,1
20261004T181609Z-2ba1b2f7,hybrid_original-8038f6a00680be,hybrid_original-8038f6a00680be,synthetic,hybrid_original,syn-0020,gt-b8b5f2e55c001532c108,syn-0020-e11,html/syn-0020.html,syn-0020.html,run-none20,synthetic-shop.local,,https://synthetic-shop.local/product/bucket-12l-20-11,matched_gt,Ведро пластиковое 12 л с крышкой — серия 2,541,present,Ведро пластиковое 12 л с крышкой — серия 2,541.0,1,1,1.0,0,1.0,0.0,0.0,0.0,0.0,,matched_gt; deterministic,1,0,0,1,0,0,1,0,0,True,True,True,True,True,1,0,0,1,0,0,1,0,0,1
20261004T181609Z-2ba1b2f7,hybrid_original-234f7701945938,hybrid_original-234f7701945938,synthetic,hybrid_original,syn-0020,gt-9941848427d96341af34,syn-0020-e04,html/syn-0020.html,syn-0020.html,run-none20,synthetic-shop.local,,https://synthetic-shop.local/product/canister-20l-20-04,matched_gt,Канистра 20 л пищевая,1110,present,Канистра 20 л пищевая,1110.0,1,1,1.0,0,1.0,0.0,0.0,0.0,0.0,,matched_gt; deterministic,1,0,0,1,0,0,1,0,0,True,True,True,True,True,1,0,0,1,0,0,1,0,0,1
20261004T181609Z-2ba1b2f7,hybrid_original-964d851e80a649,hybrid_original-964d851e80a649,synthetic,hybrid_original,syn-0020,gt-df4f81f8235a114435fd,syn-0020-e12,html/syn-0020.html,syn-0020.html,run-none20,synthetic-shop.local,,https://synthetic-shop.local/product/canister-20l-20-12,matched_gt,Канистра 20 л пищевая — серия 2,1188,present,Канистра 20 л пищевая — серия 2,1188.0,1,1,1.0,0,1.0,0.0,0.0,0.0,0.0,,matched_gt; deterministic,1,0,0,1,0,0,1,0,0,True,True,True,True,True,1,0,0,1,0,0,1,0,0,1
20261004T181609Z-2ba1b2f7,hybrid_original-8f5dec648473ea,hybrid_original-8f5dec648473ea,synthetic,hybrid_original,syn-0020,gt-77d0c3a61fd0b5623ba3,syn-0020-e02,html/syn-0020.html,syn-0020.html,run-none20,synthetic-shop.local,,https://synthetic-shop.local/product/container-45l-20-02,matched_gt,Контейнер пластиковый 45 л с крышкой,1890,present,Контейнер пластиковый 45 л с крышкой,1890.0,1,1,1.0,0,1.0,0.0,0.0,0.0,0.0,,matched_gt; deterministic,1,0,0,1,0,0,1,0,0,True,True,True,True,True,1,0,0,1,0,0,1,0,0,1
20261004T181609Z-2ba1b2f7,hybrid_original-f0e78af907d49c,hybrid_original-f0e78af907d49c,synthetic,hybrid_original,syn-0020,gt-54d59f552e633fd63489,syn-0020-e13,html/syn-0020.html,syn-0020.html,run-none20,synthetic-shop.local,,https://synthetic-shop.local/product/container-45l-20-13,matched_gt,Контейнер пластиковый 45 л с крышкой — серия 2,2079,present,Контейнер пластиковый 45 л с крышкой — серия 2,2079.0,1,1,1.0,0,1.0,0.0,0.0,0.0,0.0,,matched_gt; deterministic,1,0,0,1,0,0,1,0,0,True,True,True,True,True,1,0,0,1,0,0,1,0,0,1
20261004T181609Z-2ba1b2f7,hybrid_original-031642b7fed055,hybrid_original-031642b7fed055,synthetic,hybrid_original,syn-0020,gt-2ca0eec64a65870fb440,syn-0020-e07,html/syn-0020.html,syn-0020.html,run-none20,synthetic-shop.local,,https://synthetic-shop.local/product/glass-cleaner-20-07,matched_gt,Очиститель стекол концентрат 1 л,724,present,Очиститель стекол концентрат 1 л,724.0,1,1,1.0,0,1.0,0.0,0.0,0.0,0.0,,matched_gt; deterministic,1,0,0,1,0,0,1,0,0,True,True,True,True,True,1,0,0,1,0,0,1,0,0,1
20261004T181609Z-2ba1b2f7,hybrid_original-85363f4eaa31b5,hybrid_original-85363f4eaa31b5,synthetic,hybrid_original,syn-0020,gt-71455f2ac910312d6fc1,syn-0020-e15,html/syn-0020.html,syn-0020.html,run-none20,synthetic-shop.local,,https://synthetic-shop.local/product/glass-cleaner-20-15,matched_gt,Очиститель стекол концентрат 1 л — серия 2,711,present,Очиститель стекол концентрат 1 л — серия 2,711.0,1,1,1.0,0,1.0,0.0,0.0,0.0,0.0,,matched_gt; deterministic,1,0,0,1,0,0,1,0,0,True,True,True,True,True,1,0,0,1,0,0,1,0,0,1
20261004T181609Z-2ba1b2f7,hybrid_original-1dc9fc169588f6,hybrid_original-1dc9fc169588f6,synthetic,hybrid_original,syn-0020,gt-9d94ee4173bf43cbc7a6,syn-0020-e06,html/syn-0020.html,syn-0020.html,run-none20,synthetic-shop.local,,https://synthetic-shop.local/product/liquid-soap-20-06,matched_gt,Мыло жидкое профессиональное 5 л,1040,present,Мыло жидкое профессиональное 5 л,1040.0,1,1,1.0,0,1.0,0.0,0.0,0.0,0.0,,matched_gt; deterministic,1,0,0,1,0,0,1,0,0,True,True,True,True,True,1,0,0,1,0,0,1,0,0,1
20261004T181609Z-2ba1b2f7,hybrid_original-e5f48fddbfad99,hybrid_original-e5f48fddbfad99,synthetic,hybrid_original,syn-0020,gt-5332aef001d76e87c234,syn-0020-e14,html/syn-0020.html,syn-0020.html,run-none20,synthetic-shop.local,,https://synthetic-shop.local/product/liquid-soap-20-14,matched_gt,Мыло жидкое профессиональное 5 л — серия 2,1020,present,Мыло жидкое профессиональное 5 л — серия 2,1020.0,1,1,1.0,0,1.0,0.0,0.0,0.0,0.0,,matched_gt; deterministic,1,0,0,1,0,0,1,0,0,True,True,True,True,True,1,0,0,1,0,0,1,0,0,1
20261004T181609Z-2ba1b2f7,hybrid_original-53eae7d6605d5d,hybrid_original-53eae7d6605d5d,synthetic,hybrid_original,syn-0020,gt-d71c8bb3fe29867903c2,syn-0020-e08,html/syn-0020.html,syn-0020.html,run-none20,synthetic-shop.local,,https://synthetic-shop.local/product/nitrile-gloves-20-08,matched_gt,Перчатки защитные нитриловые 100 шт,1620,present,Перчатки защитные нитриловые 100 шт,1620.0,1,1,1.0,0,1.0,0.0,0.0,0.0,0.0,,matched_gt; deterministic,1,0,0,1,0,0,1,0,0,True,True,True,True,True,1,0,0,1,0,0,1,0,0,1
20261004T181609Z-2ba1b2f7,hybrid_original-0311bb18c235a1,hybrid_original-0311bb18c235a1,synthetic,hybrid_original,syn-0020,gt-2571cff605eaf55d7da2,syn-0020-e17,html/syn-0020.html,syn-0020.html,run-none20,synthetic-shop.local,,https://synthetic-shop.local/product/nitrile-gloves-20-17,matched_gt,Перчатки защитные нитриловые 100 шт — серия 2,1635,present,Перчатки защитные нитриловые 100 шт — серия 2,1635.0,1,1,1.0,0,1.0,0.0,0.0,0.0,0.0,,matched_gt; deterministic,1,0,0,1,0,0,1,0,0,True,True,True,True,True,1,0,0,1,0,0,1,0,0,1
20261004T181609Z-2ba1b2f7,hybrid_original-fe7ee95f42c2b2,hybrid_original-fe7ee95f42c2b2,synthetic,hybrid_original,syn-0020,gt-e7648ba62a1d1707dd5d,syn-0020-e09,html/syn-0020.html,syn-0020.html,run-none20,synthetic-shop.local,,https://synthetic-shop.local/product/respirator-ffp2-20-09,matched_gt,Респиратор складной FFP2 10 шт,1343,present,Респиратор складной FFP2 10 шт,1343.0,1,1,1.0,0,1.0,0.0,0.0,0.0,0.0,,matched_gt; deterministic,1,0,0,1,0,0,1,0,0,True,True,True,True,True,1,0,0,1,0,0,1,0,0,1
20261004T181609Z-2ba1b2f7,hybrid_original-b771aadee75ee4,hybrid_original-b771aadee75ee4,synthetic,hybrid_original,syn-0020,gt-dce7a901c1cbab1b2b47,syn-0020-e18,html/syn-0020.html,syn-0020.html,run-none20,synthetic-shop.local,,https://synthetic-shop.local/product/respirator-ffp2-20-18,matched_gt,Респиратор складной FFP2 10 шт — серия 2,1355,present,Респиратор складной FFP2 10 шт — серия 2,1355.0,1,1,1.0,0,1.0,0.0,0.0,0.0,0.0,,matched_gt; deterministic,1,0,0,1,0,0,1,0,0,True,True,True,True,True,1,0,0,1,0,0,1,0,0,1
20261004T181609Z-2ba1b2f7,hybrid_original-7ceb52923c4b15,hybrid_original-7ceb52923c4b15,synthetic,hybrid_original,syn-0020,gt-1b3c346282ac3986409e,syn-0020-e01,html/syn-0020.html,syn-0020.html,run-none20,synthetic-shop.local,,https://synthetic-shop.local/product/safety-glasses-20-01,matched_gt,Очки защитные прозрачные,620,present,Очки защитные прозрачные,620.0,1,1,1.0,0,1.0,0.0,0.0,0.0,0.0,,matched_gt; deterministic,1,0,0,1,0,0,1,0,0,True,True,True,True,True,1,0,0,1,0,0,1,0,0,1
20261004T181609Z-2ba1b2f7,hybrid_original-a1fef592832d23,hybrid_original-a1fef592832d23,synthetic,hybrid_original,syn-0020,gt-898f32357320b945dd76,syn-0020-e16,html/syn-0020.html,syn-0020.html,run-none20,synthetic-shop.local,,https://synthetic-shop.local/product/safety-glasses-20-16,matched_gt,Очки защитные прозрачные — серия 2,657,present,Очки защитные прозрачные — серия 2,657.0,1,1,1.0,0,1.0,0.0,0.0,0.0,0.0,,matched_gt; deterministic,1,0,0,1,0,0,1,0,0,True,True,True,True,True,1,0,0,1,0,0,1,0,0,1
20261004T181609Z-2ba1b2f7,hybrid_original-59fcc6e40079e6,hybrid_original-59fcc6e40079e6,synthetic,hybrid_original,syn-0020,gt-1ba647261d976e8bd5d9,syn-0020-e10,html/syn-0020.html,syn-0020.html,run-none20,synthetic-shop.local,,https://synthetic-shop.local/product/surface-cleaner-20-10,matched_gt,Средство для очистки поверхностей 5 л,1323,present,Средство для очистки поверхностей 5 л,1323.0,1,1,1.0,0,1.0,0.0,0.0,0.0,0.0,,matched_gt; deterministic,1,0,0,1,0,0,1,0,0,True,True,True,True,True,1,0,0,1,0,0,1,0,0,1
20261004T181609Z-2ba1b2f7,hybrid_original-7e26be27e56179,hybrid_original-7e26be27e56179,synthetic,hybrid_original,syn-0020,gt-4a6f4183c0ed5f432dfb,syn-0020-e19,html/syn-0020.html,syn-0020.html,run-none20,synthetic-shop.local,,https://synthetic-shop.local/product/surface-cleaner-20-19,matched_gt,Средство для очистки поверхностей 5 л — серия 2,1336,present,Средство для очистки поверхностей 5 л — серия 2,1336.0,1,1,1.0,0,1.0,0.0,0.0,0.0,0.0,,matched_gt; deterministic,1,0,0,1,0,0,1,0,0,True,True,True,True,True,1,0,0,1,0,0,1,0,0,1
20261004T181609Z-2ba1b2f7,hybrid_original-64b05f5956d6cc,hybrid_original-64b05f5956d6cc,synthetic,hybrid_original,syn-0020,gt-c6d3520d7d9339ae0549,syn-0020-e03,html/syn-0020.html,syn-0020.html,run-none20,synthetic-shop.local,,https://synthetic-shop.local/product/warehouse-box-20-03,matched_gt,Ящик складской 600×400×220 мм,2507,present,Ящик складской 600×400×220 мм,2507.0,1,1,1.0,0,1.0,0.0,0.0,0.0,0.0,,matched_gt; deterministic,1,0,0,1,0,0,1,0,0,True,True,True,True,True,1,0,0,1,0,0,1,0,0,1
20261004T181609Z-2ba1b2f7,hybrid_original-2fe8cba5088075,hybrid_original-2fe8cba5088075,synthetic,hybrid_original,syn-0020,gt-01c377dfc2942c4081a0,syn-0020-e20,html/syn-0020.html,syn-0020.html,run-none20,synthetic-shop.local,,https://synthetic-shop.local/product/warehouse-box-20-20,matched_gt,Ящик складской 600×400×220 мм — серия 2,2632,present,Ящик складской 600×400×220 мм — серия 2,2632.0,1,1,1.0,0,1.0,0.0,0.0,0.0,0.0,,matched_gt; deterministic,1,0,0,1,0,0,1,0,0,True,True,True,True,True,1,0,0,1,0,0,1,0,0,1
